t_start,t_end,phase,n_running,n_waiting,kv_tokens_resident,kv_cache_pct,prefill_tokens,decode_tokens,dram_bytes
1784664456.998399,1784664456.998399,mixed,1,0,16,0.0000,11,1,
1784664456.998399,1784664457.010907,mixed,2,0,48,0.0001,22,2,
1784664457.010907,1784664457.024199,decode,2,0,48,0.0001,0,2,
1784664457.024199,1784664457.036420,decode,2,0,48,0.0001,0,2,
1784664457.036420,1784664457.048621,decode,2,0,48,0.0001,0,2,
1784664457.048621,1784664457.060916,decode,2,0,48,0.0001,0,2,
1784664457.060916,1784664457.073299,decode,2,0,64,0.0001,0,2,
1784664457.073299,1784664457.085557,decode,2,0,64,0.0001,0,2,
1784664457.085557,1784664457.097761,decode,2,0,64,0.0001,0,2,
1784664457.097761,1784664457.109998,decode,2,0,64,0.0001,0,2,
1784664457.109998,1784664457.122249,decode,2,0,64,0.0001,0,2,
1784664457.122249,1784664457.134637,decode,2,0,64,0.0001,0,2,
1784664457.134637,1784664457.146879,decode,2,0,80,0.0002,0,2,
1784664457.146879,1784664457.159093,decode,2,0,80,0.0002,0,2,
1784664457.159093,1784664457.171441,decode,2,0,80,0.0002,0,2,
1784664457.171441,1784664457.183745,decode,2,0,80,0.0002,0,2,
1784664457.183745,1784664457.196035,decode,2,0,80,0.0002,0,2,
1784664457.196035,1784664457.208278,decode,2,0,80,0.0002,0,2,
1784664457.208278,1784664457.220492,decode,2,0,80,0.0002,0,2,
1784664457.220492,1784664457.232730,decode,2,0,80,0.0002,0,2,
1784664457.232730,1784664457.245137,decode,2,0,80,0.0002,0,2,
1784664457.245137,1784664457.257363,decode,2,0,80,0.0002,0,2,
1784664457.257363,1784664457.269598,decode,2,0,96,0.0002,0,2,
1784664457.269598,1784664457.281862,decode,2,0,96,0.0002,0,2,
1784664457.281862,1784664457.294241,decode,2,0,96,0.0002,0,2,
1784664457.294241,1784664457.306458,decode,2,0,96,0.0002,0,2,
1784664457.306458,1784664457.318784,decode,2,0,96,0.0002,0,2,
1784664457.318784,1784664457.331047,decode,2,0,96,0.0002,0,2,
1784664457.331047,1784664457.343258,decode,2,0,112,0.0002,0,2,
1784664457.343258,1784664457.355494,decode,2,0,112,0.0002,0,2,
1784664457.355494,1784664457.367896,decode,1,0,48,0.0001,0,2,
1784664457.367896,1784664457.379941,decode,1,0,48,0.0001,0,1,
1784664457.379941,1784664457.391867,decode,1,0,48,0.0001,0,1,
1784664457.391867,1784664457.403797,decode,1,0,48,0.0001,0,1,
1784664457.403797,1784664457.415806,decode,1,0,48,0.0001,0,1,
1784664457.415806,1784664457.427738,decode,1,0,48,0.0001,0,1,
1784664457.427738,1784664457.439611,decode,1,0,48,0.0001,0,1,
1784664457.439611,1784664457.451521,decode,1,0,48,0.0001,0,1,
1784664457.451521,1784664457.463452,decode,1,0,64,0.0001,0,1,
1784664457.463452,1784664457.475474,decode,1,0,64,0.0001,0,1,
1784664457.475474,1784664457.487416,decode,1,0,64,0.0001,0,1,
1784664457.487416,1784664457.499289,decode,1,0,64,0.0001,0,1,
1784664457.499289,1784664457.511173,decode,1,0,64,0.0001,0,1,
1784664457.511173,1784664457.523074,decode,1,0,64,0.0001,0,1,
1784664457.523074,1784664457.534974,decode,1,0,64,0.0001,0,1,
1784664457.534974,1784664457.546962,decode,1,0,64,0.0001,0,1,
1784664457.546962,1784664457.558876,decode,1,0,64,0.0001,0,1,
1784664457.558876,1784664457.570750,decode,1,0,64,0.0001,0,1,
1784664457.570750,1784664457.582644,decode,1,0,64,0.0001,0,1,
1784664457.582644,1784664457.594535,decode,1,0,64,0.0001,0,1,
1784664457.594535,1784664457.606534,decode,1,0,64,0.0001,0,1,
1784664457.606534,1784664457.618459,decode,1,0,64,0.0001,0,1,
1784664457.618459,1784664457.630399,decode,1,0,64,0.0001,0,1,
1784664457.630399,1784664457.642285,decode,1,0,64,0.0001,0,1,
1784664457.642285,1784664457.654215,decode,1,0,80,0.0002,0,1,
1784664457.654215,1784664457.666129,decode,1,0,80,0.0002,0,1,
1784664457.666129,1784664457.678105,decode,1,0,80,0.0002,0,1,
1784664457.678105,1784664457.690057,decode,1,0,80,0.0002,0,1,
1784664457.690057,1784664457.701864,decode,1,0,80,0.0002,0,1,
1784664457.701864,1784664457.713814,decode,1,0,80,0.0002,0,1,
1784664457.713814,1784664457.725749,decode,1,0,80,0.0002,0,1,
1784664457.725749,1784664457.737727,decode,1,0,80,0.0002,0,1,
1784664457.737727,1784664457.749620,decode,1,0,80,0.0002,0,1,
1784664457.749620,1784664457.761577,decode,1,0,80,0.0002,0,1,
1784664457.761577,1784664457.773423,decode,1,0,80,0.0002,0,1,
1784664457.773423,1784664457.785348,decode,1,0,80,0.0002,0,1,
1784664457.785348,1784664457.797287,decode,1,0,80,0.0002,0,1,
1784664457.797287,1784664457.809192,decode,1,0,80,0.0002,0,1,
1784664457.809192,1784664457.821142,decode,1,0,80,0.0002,0,1,
1784664457.821142,1784664457.833007,decode,1,0,80,0.0002,0,1,
1784664457.833007,1784664457.844913,decode,1,0,96,0.0002,0,1,
1784664457.844913,1784664457.856818,decode,1,0,96,0.0002,0,1,
1784664457.856818,1784664457.868698,decode,1,0,96,0.0002,0,1,
1784664457.868698,1784664457.880675,decode,1,0,96,0.0002,0,1,
1784664457.880675,1784664457.892572,decode,1,0,96,0.0002,0,1,
1784664457.892572,1784664457.904447,decode,1,0,96,0.0002,0,1,
1784664457.904447,1784664457.916357,decode,1,0,96,0.0002,0,1,
1784664457.916357,1784664457.928344,decode,1,0,96,0.0002,0,1,
1784664457.928344,1784664457.940254,decode,1,0,96,0.0002,0,1,
1784664457.940254,1784664457.952147,decode,1,0,96,0.0002,0,1,
1784664457.952147,1784664457.964009,decode,1,0,96,0.0002,0,1,
1784664457.964009,1784664457.975939,decode,1,0,96,0.0002,0,1,
1784664457.975939,1784664457.987839,decode,1,0,96,0.0002,0,1,
1784664457.987839,1784664457.999830,decode,1,0,96,0.0002,0,1,
1784664457.999830,1784664458.011803,decode,1,0,96,0.0002,0,1,
1784664458.011803,1784664458.023656,decode,1,0,96,0.0002,0,1,
1784664458.023656,1784664458.035559,decode,1,0,112,0.0002,0,1,
1784664458.035559,1784664458.047473,decode,1,0,112,0.0002,0,1,
1784664458.047473,1784664458.059402,decode,1,0,112,0.0002,0,1,
1784664458.059402,1784664458.071310,decode,1,0,112,0.0002,0,1,
1784664458.071310,1784664458.083298,decode,1,0,112,0.0002,0,1,
1784664458.083298,1784664458.095162,decode,1,0,112,0.0002,0,1,
1784664458.095162,1784664458.107068,decode,1,0,112,0.0002,0,1,
1784664458.107068,1784664458.119036,decode,1,0,112,0.0002,0,1,
1784664458.119036,1784664458.130939,decode,1,0,112,0.0002,0,1,
1784664458.130939,1784664458.142881,decode,1,0,112,0.0002,0,1,
1784664458.142881,1784664458.154733,decode,1,0,112,0.0002,0,1,
1784664458.154733,1784664458.166669,decode,1,0,112,0.0002,0,1,
1784664458.166669,1784664458.178575,decode,1,0,112,0.0002,0,1,
1784664458.178575,1784664458.190581,decode,1,0,112,0.0002,0,1,
1784664458.190581,1784664458.202542,decode,1,0,112,0.0002,0,1,
1784664458.202542,1784664458.214392,decode,1,0,112,0.0002,0,1,
1784664458.214392,1784664458.226335,decode,1,0,128,0.0003,0,1,
1784664458.226335,1784664458.238287,decode,1,0,128,0.0003,0,1,
1784664458.238287,1784664458.250238,decode,1,0,128,0.0003,0,1,
1784664458.250238,1784664458.262177,decode,1,0,128,0.0003,0,1,
1784664458.262177,1784664458.274060,decode,1,0,128,0.0003,0,1,
1784664458.274060,1784664458.285942,decode,1,0,128,0.0003,0,1,
1784664458.285942,1784664458.297885,decode,1,0,128,0.0003,0,1,
1784664458.297885,1784664458.309789,decode,1,0,128,0.0003,0,1,
1784664458.309789,1784664458.321815,decode,1,0,128,0.0003,0,1,
1784664458.321815,1784664458.333720,decode,1,0,128,0.0003,0,1,
1784664458.333720,1784664458.345570,decode,1,0,128,0.0003,0,1,
1784664458.345570,1784664458.357493,decode,1,0,128,0.0003,0,1,
1784664458.357493,1784664458.369406,decode,1,0,128,0.0003,0,1,
1784664458.369406,1784664458.381386,decode,1,0,128,0.0003,0,1,
1784664458.381386,1784664458.393360,decode,1,0,128,0.0003,0,1,
1784664458.393360,1784664458.405193,decode,1,0,128,0.0003,0,1,
1784664458.405193,1784664458.417411,decode,1,0,144,0.0003,0,1,
1784664458.417411,1784664458.429556,decode,1,0,144,0.0003,0,1,
1784664458.429556,1784664458.441816,decode,1,0,144,0.0003,0,1,
1784664458.441816,1784664458.453925,decode,1,0,144,0.0003,0,1,
1784664458.453925,1784664458.466089,decode,1,0,144,0.0003,0,1,
1784664458.466089,1784664458.478191,decode,1,0,144,0.0003,0,1,
1784664458.478191,1784664458.490324,decode,1,0,144,0.0003,0,1,
1784664458.490324,1784664458.502522,decode,1,0,144,0.0003,0,1,
1784664458.502522,1784664458.514721,decode,1,0,144,0.0003,0,1,
1784664458.514721,1784664458.526905,decode,1,0,144,0.0003,0,1,
1784664458.526905,1784664458.538978,decode,1,0,144,0.0003,0,1,
1784664458.538978,1784664458.551103,decode,1,0,144,0.0003,0,1,
1784664458.551103,1784664458.563281,decode,1,0,144,0.0003,0,1,
1784664458.563281,1784664458.575521,decode,1,0,144,0.0003,0,1,
1784664458.575521,1784664458.587636,decode,1,0,144,0.0003,0,1,
1784664458.587636,1784664458.599808,decode,1,0,144,0.0003,0,1,
1784664458.599808,1784664458.612047,decode,1,0,160,0.0004,0,1,
1784664458.612047,1784664458.624159,decode,1,0,160,0.0004,0,1,
1784664458.624159,1784664458.636283,decode,1,0,160,0.0004,0,1,
1784664458.636283,1784664458.648454,decode,1,0,160,0.0004,0,1,
1784664458.648454,1784664458.660598,decode,1,0,160,0.0004,0,1,
1784664458.660598,1784664458.672817,decode,1,0,160,0.0004,0,1,
1784664458.672817,1784664458.684954,decode,1,0,160,0.0004,0,1,
1784664458.684954,1784664458.697047,decode,1,0,160,0.0004,0,1,
1784664458.697047,1784664458.709207,decode,1,0,160,0.0004,0,1,
1784664458.709207,1784664458.721376,decode,1,0,160,0.0004,0,1,
1784664458.721376,1784664458.733512,decode,1,0,160,0.0004,0,1,
1784664458.733512,1784664458.745649,decode,1,0,160,0.0004,0,1,
1784664458.745649,1784664458.757822,decode,1,0,160,0.0004,0,1,
1784664458.757822,1784664458.769951,decode,1,0,160,0.0004,0,1,
1784664458.769951,1784664458.782130,decode,1,0,160,0.0004,0,1,
1784664458.782130,1784664458.794311,decode,1,0,160,0.0004,0,1,
1784664458.794311,1784664458.806470,decode,1,0,176,0.0004,0,1,
1784664458.806470,1784664458.818685,decode,1,0,176,0.0004,0,1,
1784664458.818685,1784664458.830806,decode,1,0,176,0.0004,0,1,
1784664458.830806,1784664458.842975,decode,1,0,176,0.0004,0,1,
1784664458.842975,1784664458.855138,decode,1,0,176,0.0004,0,1,
1784664458.855138,1784664458.867279,decode,1,0,176,0.0004,0,1,
1784664458.867279,1784664458.879417,decode,1,0,176,0.0004,0,1,
1784664458.879417,1784664458.891562,decode,1,0,176,0.0004,0,1,
1784664458.891562,1784664458.903807,decode,1,0,176,0.0004,0,1,
1784664458.903807,1784664458.915951,decode,1,0,176,0.0004,0,1,
1784664458.915951,1784664458.928112,decode,1,0,176,0.0004,0,1,
1784664458.928112,1784664458.940198,decode,1,0,176,0.0004,0,1,
1784664458.940198,1784664458.952341,decode,1,0,176,0.0004,0,1,
1784664458.952341,1784664458.964560,decode,1,0,176,0.0004,0,1,
1784664458.964560,1784664458.976747,decode,1,0,176,0.0004,0,1,
1784664458.976747,1784664458.988874,decode,1,0,176,0.0004,0,1,
1784664458.988874,1784664459.001018,decode,1,0,192,0.0004,0,1,
1784664459.001018,1784664459.013165,decode,1,0,192,0.0004,0,1,
1784664459.013165,1784664459.025427,decode,1,0,192,0.0004,0,1,
1784664459.025427,1784664459.037570,decode,1,0,192,0.0004,0,1,
1784664459.037570,1784664459.049673,decode,1,0,192,0.0004,0,1,
1784664459.049673,1784664459.061831,decode,1,0,192,0.0004,0,1,
1784664459.061831,1784664459.073987,decode,1,0,192,0.0004,0,1,
1784664459.073987,1784664459.088231,decode,1,0,192,0.0004,0,1,
1784664459.088231,1784664459.100384,decode,1,0,192,0.0004,0,1,
1784664459.100384,1784664459.112545,decode,1,0,192,0.0004,0,1,
1784664459.112545,1784664459.124695,decode,1,0,192,0.0004,0,1,
1784664459.124695,1784664459.136961,decode,1,0,192,0.0004,0,1,
1784664459.136961,1784664459.149118,decode,1,0,192,0.0004,0,1,
1784664459.149118,1784664459.161207,decode,1,0,192,0.0004,0,1,
1784664459.161207,1784664459.173413,decode,1,0,192,0.0004,0,1,
1784664459.173413,1784664459.185648,decode,1,0,192,0.0004,0,1,
1784664459.185648,1784664459.197844,decode,1,0,208,0.0005,0,1,
1784664459.197844,1784664459.209991,decode,1,0,208,0.0005,0,1,
1784664459.209991,1784664459.222090,decode,1,0,208,0.0005,0,1,
1784664459.222090,1784664459.234247,decode,1,0,208,0.0005,0,1,
1784664459.234247,1784664459.246453,decode,1,0,208,0.0005,0,1,
1784664459.246453,1784664459.258559,decode,1,0,208,0.0005,0,1,
1784664459.258559,1784664459.270736,decode,1,0,208,0.0005,0,1,
1784664459.270736,1784664459.282875,decode,1,0,208,0.0005,0,1,
1784664459.282875,1784664459.295034,decode,1,0,208,0.0005,0,1,
1784664459.295034,1784664459.307280,decode,1,0,208,0.0005,0,1,
1784664459.307280,1784664459.319468,decode,1,0,208,0.0005,0,1,
1784664459.319468,1784664459.331532,decode,1,0,208,0.0005,0,1,
1784664459.331532,1784664459.343676,decode,1,0,208,0.0005,0,1,
1784664459.343676,1784664459.355842,decode,1,0,208,0.0005,0,1,
1784664459.355842,1784664459.368038,decode,1,0,208,0.0005,0,1,
1784664459.368038,1784664459.380248,decode,1,0,208,0.0005,0,1,
1784664459.380248,1784664459.392351,decode,1,0,224,0.0005,0,1,
1784664459.392351,1784664459.404509,decode,1,0,224,0.0005,0,1,
1784664459.404509,1784664459.416661,decode,1,0,224,0.0005,0,1,
1784664459.416661,1784664459.428899,decode,1,0,224,0.0005,0,1,
1784664459.428899,1784664459.441061,decode,1,0,224,0.0005,0,1,
1784664459.441061,1784664459.453146,decode,1,0,224,0.0005,0,1,
1784664459.453146,1784664459.465286,decode,1,0,224,0.0005,0,1,
1784664459.465286,1784664459.477499,decode,1,0,224,0.0005,0,1,
1784664459.477499,1784664459.489705,decode,1,0,224,0.0005,0,1,
1784664459.489705,1784664459.501829,decode,1,0,224,0.0005,0,1,
1784664459.501829,1784664459.513942,decode,1,0,224,0.0005,0,1,
1784664459.513942,1784664459.526107,decode,1,0,224,0.0005,0,1,
1784664459.526107,1784664459.538345,decode,1,0,224,0.0005,0,1,
1784664459.538345,1784664459.550469,decode,1,0,224,0.0005,0,1,
1784664459.550469,1784664459.562664,decode,1,0,224,0.0005,0,1,
1784664459.562664,1784664459.574879,decode,1,0,224,0.0005,0,1,
1784664459.574879,1784664459.586984,decode,1,0,240,0.0005,0,1,
1784664459.586984,1784664459.599135,decode,1,0,240,0.0005,0,1,
1784664459.599135,1784664459.611296,decode,1,0,240,0.0005,0,1,
1784664459.611296,1784664459.623477,decode,1,0,240,0.0005,0,1,
1784664459.623477,1784664459.635619,decode,1,0,240,0.0005,0,1,
1784664459.635619,1784664459.647788,decode,1,0,240,0.0005,0,1,
1784664459.647788,1784664459.659954,decode,1,0,240,0.0005,0,1,
1784664459.659954,1784664459.672168,decode,1,0,240,0.0005,0,1,
1784664459.672168,1784664459.684306,decode,1,0,240,0.0005,0,1,
1784664459.684306,1784664459.696530,decode,1,0,240,0.0005,0,1,
1784664459.696530,1784664459.708650,decode,1,0,240,0.0005,0,1,
1784664459.708650,1784664459.720814,decode,1,0,240,0.0005,0,1,
1784664459.720814,1784664459.732998,decode,1,0,240,0.0005,0,1,
1784664459.732998,1784664459.745138,decode,1,0,240,0.0005,0,1,
1784664459.745138,1784664459.757292,decode,1,0,240,0.0005,0,1,
1784664459.757292,1784664459.769471,decode,1,0,240,0.0005,0,1,
1784664459.769471,1784664459.781711,decode,1,0,256,0.0006,0,1,
1784664459.781711,1784664459.793871,decode,1,0,256,0.0006,0,1,
1784664459.793871,1784664459.805979,decode,1,0,256,0.0006,0,1,
1784664459.805979,1784664459.818187,decode,1,0,256,0.0006,0,1,
1784664459.818187,1784664459.830384,decode,1,0,256,0.0006,0,1,
1784664459.830384,1784664459.842554,decode,1,0,256,0.0006,0,1,
1784664459.842554,1784664459.854638,decode,1,0,256,0.0006,0,1,
1784664459.854638,1784664459.866815,decode,1,0,256,0.0006,0,1,
1784664459.866815,1784664459.878933,decode,1,0,256,0.0006,0,1,
1784664459.878933,1784664459.891159,decode,1,0,256,0.0006,0,1,
1784664459.891159,1784664459.903312,decode,1,0,256,0.0006,0,1,
1784664459.903312,1784664459.915491,decode,1,0,256,0.0006,0,1,
1784664459.915491,1784664459.927575,decode,1,0,256,0.0006,0,1,
1784664459.927575,1784664459.939752,decode,1,0,256,0.0006,0,1,
1784664459.939752,1784664459.952022,decode,1,0,256,0.0006,0,1,
1784664459.952022,1784664459.964178,decode,1,0,256,0.0006,0,1,
1784664459.964178,1784664459.976456,decode,1,0,272,0.0006,0,1,
1784664459.976456,1784664459.988572,decode,1,0,272,0.0006,0,1,
1784664459.988572,1784664460.000828,decode,1,0,272,0.0006,0,1,
1784664460.000828,1784664460.013022,decode,1,0,272,0.0006,0,1,
1784664460.013022,1784664460.025178,decode,1,0,272,0.0006,0,1,
1784664460.025178,1784664460.037292,decode,1,0,272,0.0006,0,1,
1784664460.037292,1784664460.049445,decode,1,0,272,0.0006,0,1,
1784664460.049445,1784664460.061688,decode,1,0,272,0.0006,0,1,
1784664460.061688,1784664460.073936,decode,1,0,272,0.0006,0,1,
1784664460.073936,1784664460.086242,decode,0,0,0,0.0000,0,1,
1784664460.086242,1784664460.086322,idle,0,0,0,0.0000,,,
1784664460.086322,1784664460.102721,mixed,1,0,112,0.0002,104,1,
1784664460.102721,1784664460.114950,decode,0,0,0,0.0000,0,1,
1784664460.114950,1784664460.115011,idle,0,0,0,0.0000,,,
1784664460.115011,1784664460.333633,mixed,1,0,32,0.0001,23,1,
1784664460.333633,1784664460.345523,decode,1,0,32,0.0001,0,1,
1784664460.345523,1784664460.357412,decode,1,0,32,0.0001,0,1,
1784664460.357412,1784664460.369333,decode,1,0,32,0.0001,0,1,
1784664460.369333,1784664460.381292,decode,1,0,32,0.0001,0,1,
1784664460.381292,1784664460.393093,decode,1,0,32,0.0001,0,1,
1784664460.393093,1784664460.405003,decode,1,0,32,0.0001,0,1,
1784664460.405003,1784664460.416996,decode,1,0,32,0.0001,0,1,
1784664460.416996,1784664460.428947,decode,1,0,32,0.0001,0,1,
1784664460.428947,1784664460.440876,decode,1,0,32,0.0001,0,1,
1784664460.440876,1784664460.452827,decode,1,0,48,0.0001,0,1,
1784664460.452827,1784664460.464684,decode,1,0,48,0.0001,0,1,
1784664460.464684,1784664460.476588,decode,1,0,48,0.0001,0,1,
1784664460.476588,1784664460.488585,decode,1,0,48,0.0001,0,1,
1784664460.488585,1784664460.500553,decode,1,0,48,0.0001,0,1,
1784664460.500553,1784664460.515693,mixed,1,0,48,0.0001,88,2,
1784664460.515693,1784664460.527699,decode,1,0,48,0.0001,0,1,
1784664460.527699,1784664460.539754,decode,1,0,48,0.0001,0,1,
1784664460.539754,1784664460.551755,decode,1,0,48,0.0001,0,1,
1784664460.551755,1784664460.563685,decode,1,0,48,0.0001,0,1,
1784664460.563685,1784664460.575828,decode,1,0,48,0.0001,0,1,
1784664460.575828,1784664460.613202,mixed,1,0,48,0.0001,460,2,
1784664460.613202,1784664460.630224,mixed,2,0,112,0.0002,49,2,
1784664460.630224,1784664460.643132,decode,2,0,112,0.0002,0,2,
1784664460.643132,1784664460.655871,decode,2,0,112,0.0002,0,2,
1784664460.655871,1784664460.668495,decode,2,0,112,0.0002,0,2,
1784664460.668495,1784664460.681001,decode,2,0,128,0.0003,0,2,
1784664460.681001,1784664460.693347,decode,2,0,128,0.0003,0,2,
1784664460.693347,1784664460.705865,decode,2,0,128,0.0003,0,2,
1784664460.705865,1784664460.720782,mixed,3,0,224,0.0005,91,3,
1784664460.720782,1784664460.733191,decode,3,0,224,0.0005,0,3,
1784664460.733191,1784664460.745635,decode,3,0,224,0.0005,0,3,
1784664460.745635,1784664460.758080,decode,3,0,224,0.0005,0,3,
1784664460.758080,1784664460.770545,decode,3,0,224,0.0005,0,3,
1784664460.770545,1784664460.783377,mixed,4,0,256,0.0006,19,4,
1784664460.783377,1784664460.795686,decode,4,0,272,0.0006,0,4,
1784664460.795686,1784664460.808131,decode,4,0,272,0.0006,0,4,
1784664460.808131,1784664460.820596,decode,4,0,272,0.0006,0,4,
1784664460.820596,1784664460.833018,decode,4,0,288,0.0006,0,4,
1784664460.833018,1784664460.845430,decode,4,0,288,0.0006,0,4,
1784664460.845430,1784664460.857811,decode,4,0,288,0.0006,0,4,
1784664460.857811,1784664460.870253,decode,4,0,288,0.0006,0,4,
1784664460.870253,1784664460.882680,decode,4,0,304,0.0007,0,4,
1784664460.882680,1784664460.895022,decode,4,0,304,0.0007,0,4,
1784664460.895022,1784664460.907390,decode,4,0,304,0.0007,0,4,
1784664460.907390,1784664460.919719,decode,4,0,304,0.0007,0,4,
1784664460.919719,1784664460.932245,decode,4,0,304,0.0007,0,4,
1784664460.932245,1784664460.944565,decode,4,0,304,0.0007,0,4,
1784664460.944565,1784664460.956944,decode,4,0,320,0.0007,0,4,
1784664460.956944,1784664460.970515,mixed,5,0,352,0.0008,32,5,
1784664460.970515,1784664460.983021,decode,5,0,368,0.0008,0,5,
1784664460.983021,1784664460.995456,decode,5,0,384,0.0008,0,5,
1784664460.995456,1784664461.007949,decode,5,0,384,0.0008,0,5,
1784664461.007949,1784664461.020759,mixed,6,0,400,0.0009,16,6,
1784664461.020759,1784664461.033281,decode,6,0,432,0.0009,0,6,
1784664461.033281,1784664461.045640,decode,6,0,432,0.0009,0,6,
1784664461.045640,1784664461.058121,decode,6,0,432,0.0009,0,6,
1784664461.058121,1784664461.070607,decode,6,0,432,0.0009,0,6,
1784664461.070607,1784664461.083161,decode,6,0,448,0.0010,0,6,
1784664461.083161,1784664461.096972,mixed,6,0,448,0.0010,36,7,
1784664461.096972,1784664461.109401,decode,6,0,448,0.0010,0,6,
1784664461.109401,1784664461.121949,decode,5,0,400,0.0009,0,6,
1784664461.121949,1784664461.134481,decode,5,0,400,0.0009,0,5,
1784664461.134481,1784664461.146877,decode,5,0,400,0.0009,0,5,
1784664461.146877,1784664461.159307,decode,5,0,416,0.0009,0,5,
1784664461.159307,1784664461.171826,decode,5,0,416,0.0009,0,5,
1784664461.171826,1784664461.184258,decode,5,0,416,0.0009,0,5,
1784664461.184258,1784664461.197047,decode,5,0,432,0.0009,0,5,
1784664461.197047,1784664461.210321,mixed,6,0,480,0.0011,48,6,
1784664461.210321,1784664461.223073,decode,6,0,496,0.0011,0,6,
1784664461.223073,1784664461.235815,decode,6,0,528,0.0012,0,6,
1784664461.235815,1784664461.248527,decode,6,0,528,0.0012,0,6,
1784664461.248527,1784664461.261305,decode,6,0,528,0.0012,0,6,
1784664461.261305,1784664461.274151,decode,6,0,528,0.0012,0,6,
1784664461.274151,1784664461.286788,decode,6,0,544,0.0012,0,6,
1784664461.286788,1784664461.299510,decode,6,0,544,0.0012,0,6,
1784664461.299510,1784664461.312223,decode,6,0,544,0.0012,0,6,
1784664461.312223,1784664461.324962,decode,6,0,544,0.0012,0,6,
1784664461.324962,1784664461.337701,decode,6,0,544,0.0012,0,6,
1784664461.337701,1784664461.350388,decode,6,0,544,0.0012,0,6,
1784664461.350388,1784664461.363147,decode,6,0,560,0.0012,0,6,
1784664461.363147,1784664461.375906,decode,6,0,560,0.0012,0,6,
1784664461.375906,1784664461.388527,decode,6,0,560,0.0012,0,6,
1784664461.388527,1784664461.401252,decode,6,0,576,0.0013,0,6,
1784664461.401252,1784664461.414077,decode,6,0,576,0.0013,0,6,
1784664461.414077,1784664461.426782,decode,6,0,592,0.0013,0,6,
1784664461.426782,1784664461.439482,decode,6,0,624,0.0014,0,6,
1784664461.439482,1784664461.452167,decode,6,0,624,0.0014,0,6,
1784664461.452167,1784664461.464899,decode,6,0,624,0.0014,0,6,
1784664461.464899,1784664461.477661,decode,6,0,624,0.0014,0,6,
1784664461.477661,1784664461.490355,decode,6,0,640,0.0014,0,6,
1784664461.490355,1784664461.503136,decode,6,0,640,0.0014,0,6,
1784664461.503136,1784664461.515895,mixed,7,0,656,0.0014,11,7,
1784664461.515895,1784664461.528775,decode,7,0,656,0.0014,0,7,
1784664461.528775,1784664461.541658,decode,7,0,656,0.0014,0,7,
1784664461.541658,1784664461.554558,decode,7,0,656,0.0014,0,7,
1784664461.554558,1784664461.567338,decode,7,0,672,0.0015,0,7,
1784664461.567338,1784664461.580259,decode,7,0,672,0.0015,0,7,
1784664461.580259,1784664461.601985,mixed,8,0,912,0.0020,218,8,
1784664461.601985,1784664461.615452,decode,8,0,928,0.0020,0,8,
1784664461.615452,1784664461.628824,decode,8,0,928,0.0020,0,8,
1784664461.628824,1784664461.642466,mixed,9,0,992,0.0022,41,9,
1784664461.642466,1784664461.655685,decode,9,0,1024,0.0022,0,9,
1784664461.655685,1784664461.668916,decode,9,0,1024,0.0022,0,9,
1784664461.668916,1784664461.681981,decode,9,0,1024,0.0022,0,9,
1784664461.681981,1784664461.695024,decode,9,0,1040,0.0023,0,9,
1784664461.695024,1784664461.708069,decode,9,0,1056,0.0023,0,9,
1784664461.708069,1784664461.720954,decode,9,0,1056,0.0023,0,9,
1784664461.720954,1784664461.733929,decode,9,0,1056,0.0023,0,9,
1784664461.733929,1784664461.746888,decode,9,0,1072,0.0023,0,9,
1784664461.746888,1784664461.759914,decode,9,0,1072,0.0023,0,9,
1784664461.759914,1784664461.772866,decode,9,0,1072,0.0023,0,9,
1784664461.772866,1784664461.785863,decode,9,0,1088,0.0024,0,9,
1784664461.785863,1784664461.798820,decode,9,0,1088,0.0024,0,9,
1784664461.798820,1784664461.812660,mixed,10,0,1136,0.0025,24,10,
1784664461.812660,1784664461.825679,decode,10,0,1152,0.0025,0,10,
1784664461.825679,1784664461.838661,decode,10,0,1152,0.0025,0,10,
1784664461.838661,1784664461.851676,decode,10,0,1168,0.0026,0,10,
1784664461.851676,1784664461.864664,decode,10,0,1200,0.0026,0,10,
1784664461.864664,1784664461.877676,decode,10,0,1200,0.0026,0,10,
1784664461.877676,1784664461.890628,decode,10,0,1200,0.0026,0,10,
1784664461.890628,1784664461.903563,decode,10,0,1216,0.0027,0,10,
1784664461.903563,1784664461.916516,decode,10,0,1232,0.0027,0,10,
1784664461.916516,1784664461.929627,decode,10,0,1248,0.0027,0,10,
1784664461.929627,1784664461.942831,mixed,11,0,1264,0.0028,10,11,
1784664461.942831,1784664461.955829,decode,11,0,1280,0.0028,0,11,
1784664461.955829,1784664461.969831,mixed,12,0,1312,0.0029,21,12,
1784664461.969831,1784664461.982875,decode,12,0,1312,0.0029,0,12,
1784664461.982875,1784664461.995932,decode,12,0,1328,0.0029,0,12,
1784664461.995932,1784664462.008987,decode,12,0,1328,0.0029,0,12,
1784664462.008987,1784664462.022035,decode,12,0,1344,0.0029,0,12,
1784664462.022035,1784664462.035110,decode,12,0,1376,0.0030,0,12,
1784664462.035110,1784664462.048185,decode,12,0,1376,0.0030,0,12,
1784664462.048185,1784664462.061211,decode,12,0,1392,0.0030,0,12,
1784664462.061211,1784664462.074194,decode,12,0,1424,0.0031,0,12,
1784664462.074194,1784664462.087264,decode,12,0,1424,0.0031,0,12,
1784664462.087264,1784664462.100307,decode,12,0,1424,0.0031,0,12,
1784664462.100307,1784664462.113464,decode,12,0,1440,0.0032,0,12,
1784664462.113464,1784664462.126474,decode,12,0,1472,0.0032,0,12,
1784664462.126474,1784664462.139622,decode,12,0,1488,0.0033,0,12,
1784664462.139622,1784664462.152707,decode,12,0,1488,0.0033,0,12,
1784664462.152707,1784664462.165785,decode,12,0,1504,0.0033,0,12,
1784664462.165785,1784664462.178943,decode,12,0,1504,0.0033,0,12,
1784664462.178943,1784664462.192051,decode,12,0,1504,0.0033,0,12,
1784664462.192051,1784664462.205200,decode,12,0,1520,0.0033,0,12,
1784664462.205200,1784664462.218357,decode,12,0,1520,0.0033,0,12,
1784664462.218357,1784664462.231513,decode,12,0,1536,0.0034,0,12,
1784664462.231513,1784664462.245115,decode,12,0,1568,0.0034,0,12,
1784664462.245115,1784664462.258677,decode,12,0,1568,0.0034,0,12,
1784664462.258677,1784664462.288459,mixed,12,0,1584,0.0035,341,13,
1784664462.288459,1784664462.302446,decode,12,0,1616,0.0035,0,12,
1784664462.302446,1784664462.316214,decode,12,0,1616,0.0035,0,12,
1784664462.316214,1784664462.329981,decode,12,0,1616,0.0035,0,12,
1784664462.329981,1784664462.343515,decode,12,0,1632,0.0036,0,12,
1784664462.343515,1784664462.356882,decode,12,0,1664,0.0036,0,12,
1784664462.356882,1784664462.370286,decode,12,0,1680,0.0037,0,12,
1784664462.370286,1784664462.383485,decode,12,0,1680,0.0037,0,12,
1784664462.383485,1784664462.396655,decode,12,0,1696,0.0037,0,12,
1784664462.396655,1784664462.409866,decode,12,0,1696,0.0037,0,12,
1784664462.409866,1784664462.423058,decode,12,0,1696,0.0037,0,12,
1784664462.423058,1784664462.436247,decode,12,0,1712,0.0037,0,12,
1784664462.436247,1784664462.449466,decode,12,0,1712,0.0037,0,12,
1784664462.449466,1784664462.462711,decode,12,0,1728,0.0038,0,12,
1784664462.462711,1784664462.475940,decode,12,0,1760,0.0039,0,12,
1784664462.475940,1784664462.489118,decode,12,0,1760,0.0039,0,12,
1784664462.489118,1784664462.502306,decode,12,0,1776,0.0039,0,12,
1784664462.502306,1784664462.515465,decode,12,0,1808,0.0040,0,12,
1784664462.515465,1784664462.528581,decode,12,0,1808,0.0040,0,12,
1784664462.528581,1784664462.541792,decode,12,0,1808,0.0040,0,12,
1784664462.541792,1784664462.554993,decode,12,0,1824,0.0040,0,12,
1784664462.554993,1784664462.568174,decode,12,0,1856,0.0041,0,12,
1784664462.568174,1784664462.581278,decode,12,0,1872,0.0041,0,12,
1784664462.581278,1784664462.594422,decode,12,0,1872,0.0041,0,12,
1784664462.594422,1784664462.607552,decode,12,0,1888,0.0041,0,12,
1784664462.607552,1784664462.620737,decode,12,0,1888,0.0041,0,12,
1784664462.620737,1784664462.633889,decode,12,0,1888,0.0041,0,12,
1784664462.633889,1784664462.647101,decode,12,0,1904,0.0042,0,12,
1784664462.647101,1784664462.660243,decode,12,0,1904,0.0042,0,12,
1784664462.660243,1784664462.673468,decode,12,0,1920,0.0042,0,12,
1784664462.673468,1784664462.686558,decode,12,0,1952,0.0043,0,12,
1784664462.686558,1784664462.699674,decode,12,0,1952,0.0043,0,12,
1784664462.699674,1784664462.712886,decode,12,0,1968,0.0043,0,12,
1784664462.712886,1784664462.726078,decode,12,0,2000,0.0044,0,12,
1784664462.726078,1784664462.739181,decode,12,0,2000,0.0044,0,12,
1784664462.739181,1784664462.752312,decode,12,0,2000,0.0044,0,12,
1784664462.752312,1784664462.765608,decode,12,0,2016,0.0044,0,12,
1784664462.765608,1784664462.779908,mixed,13,0,2080,0.0046,29,13,
1784664462.779908,1784664462.793174,decode,13,0,2096,0.0046,0,13,
1784664462.793174,1784664462.806419,decode,13,0,2096,0.0046,0,13,
1784664462.806419,1784664462.819586,decode,13,0,2112,0.0046,0,13,
1784664462.819586,1784664462.832824,decode,13,0,2128,0.0047,0,13,
1784664462.832824,1784664462.846043,decode,13,0,2128,0.0047,0,13,
1784664462.846043,1784664462.859259,decode,13,0,2144,0.0047,0,13,
1784664462.859259,1784664462.872518,decode,13,0,2144,0.0047,0,13,
1784664462.872518,1784664462.885677,decode,13,0,2160,0.0047,0,13,
1784664462.885677,1784664462.898782,decode,13,0,2192,0.0048,0,13,
1784664462.898782,1784664462.911975,decode,13,0,2192,0.0048,0,13,
1784664462.911975,1784664462.925256,decode,13,0,2208,0.0048,0,13,
1784664462.925256,1784664462.938338,decode,13,0,2240,0.0049,0,13,
1784664462.938338,1784664462.951540,decode,13,0,2240,0.0049,0,13,
1784664462.951540,1784664462.964757,decode,13,0,2240,0.0049,0,13,
1784664462.964757,1784664462.978109,decode,13,0,2256,0.0049,0,13,
1784664462.978109,1784664463.009046,mixed,14,0,2592,0.0057,299,14,
1784664463.009046,1784664463.022992,decode,14,0,2608,0.0057,0,14,
1784664463.022992,1784664463.036803,decode,14,0,2608,0.0057,0,14,
1784664463.036803,1784664463.050472,decode,14,0,2624,0.0057,0,14,
1784664463.050472,1784664463.063992,decode,14,0,2640,0.0058,0,14,
1784664463.063992,1784664463.077395,decode,14,0,2640,0.0058,0,14,
1784664463.077395,1784664463.090796,decode,14,0,2672,0.0059,0,14,
1784664463.090796,1784664463.104108,decode,14,0,2672,0.0059,0,14,
1784664463.104108,1784664463.117393,decode,14,0,2688,0.0059,0,14,
1784664463.117393,1784664463.130546,decode,14,0,2720,0.0060,0,14,
1784664463.130546,1784664463.143802,decode,14,0,2720,0.0060,0,14,
1784664463.143802,1784664463.157086,decode,14,0,2736,0.0060,0,14,
1784664463.157086,1784664463.170225,decode,14,0,2768,0.0061,0,14,
1784664463.170225,1784664463.183447,decode,14,0,2768,0.0061,0,14,
1784664463.183447,1784664463.196748,decode,14,0,2768,0.0061,0,14,
1784664463.196748,1784664463.209948,decode,14,0,2784,0.0061,0,14,
1784664463.209948,1784664463.223162,decode,14,0,2816,0.0062,0,14,
1784664463.223162,1784664463.236414,decode,14,0,2832,0.0062,0,14,
1784664463.236414,1784664463.249660,decode,14,0,2832,0.0062,0,14,
1784664463.249660,1784664463.262946,decode,14,0,2848,0.0062,0,14,
1784664463.262946,1784664463.276271,decode,14,0,2864,0.0063,0,14,
1784664463.276271,1784664463.290765,mixed,15,0,2880,0.0063,13,15,
1784664463.290765,1784664463.304102,decode,15,0,2912,0.0064,0,15,
1784664463.304102,1784664463.317524,decode,15,0,2912,0.0064,0,15,
1784664463.317524,1784664463.402911,mixed,16,0,4000,0.0088,1063,16,
1784664463.402911,1784664463.417765,decode,16,0,4048,0.0089,0,16,
1784664463.417765,1784664463.432456,decode,16,0,4048,0.0089,0,16,
1784664463.432456,1784664463.447143,decode,16,0,4064,0.0089,0,16,
1784664463.447143,1784664463.461814,decode,16,0,4096,0.0090,0,16,
1784664463.461814,1784664463.476460,decode,16,0,4096,0.0090,0,16,
1784664463.476460,1784664463.492413,mixed,17,0,4128,0.0090,21,17,
1784664463.492413,1784664463.506677,decode,17,0,4144,0.0091,0,17,
1784664463.506677,1784664463.520826,decode,17,0,4176,0.0091,0,17,
1784664463.520826,1784664463.534841,decode,17,0,4192,0.0092,0,17,
1784664463.534841,1784664463.548919,decode,17,0,4208,0.0092,0,17,
1784664463.548919,1784664463.562817,decode,17,0,4224,0.0093,0,17,
1784664463.562817,1784664463.576747,decode,17,0,4240,0.0093,0,17,
1784664463.576747,1784664463.590688,decode,17,0,4240,0.0093,0,17,
1784664463.590688,1784664463.604655,decode,17,0,4272,0.0094,0,17,
1784664463.604655,1784664463.618583,decode,17,0,4272,0.0094,0,17,
1784664463.618583,1784664463.632547,decode,17,0,4288,0.0094,0,17,
1784664463.632547,1784664463.646487,decode,17,0,4336,0.0095,0,17,
1784664463.646487,1784664463.660417,decode,17,0,4352,0.0095,0,17,
1784664463.660417,1784664463.674325,decode,17,0,4368,0.0096,0,17,
1784664463.674325,1784664463.688187,decode,17,0,4400,0.0096,0,17,
1784664463.688187,1784664463.702087,decode,17,0,4400,0.0096,0,17,
1784664463.702087,1784664463.716005,decode,17,0,4400,0.0096,0,17,
1784664463.716005,1784664463.729934,decode,17,0,4416,0.0097,0,17,
1784664463.729934,1784664463.743841,decode,17,0,4448,0.0097,0,17,
1784664463.743841,1784664463.757751,decode,17,0,4464,0.0098,0,17,
1784664463.757751,1784664463.771835,decode,17,0,4480,0.0098,0,17,
1784664463.771835,1784664463.841858,mixed,17,0,4496,0.0098,810,18,
1784664463.841858,1784664463.856972,decode,17,0,4512,0.0099,0,17,
1784664463.856972,1784664463.871872,decode,16,0,4224,0.0093,0,17,
1784664463.871872,1784664463.886247,decode,16,0,4256,0.0093,0,16,
1784664463.886247,1784664463.900420,decode,16,0,4256,0.0093,0,16,
1784664463.900420,1784664463.914407,decode,16,0,4272,0.0094,0,16,
1784664463.914407,1784664463.984154,mixed,16,0,4320,0.0095,783,17,
1784664463.984154,1784664463.998913,decode,16,0,4336,0.0095,0,16,
1784664463.998913,1784664464.032838,mixed,17,0,4672,0.0102,313,17,
1784664464.032838,1784664464.049160,mixed,18,0,4736,0.0104,23,18,
1784664464.049160,1784664464.063716,decode,18,0,4736,0.0104,0,18,
1784664464.063716,1784664464.078069,decode,18,0,4736,0.0104,0,18,
1784664464.078069,1784664464.093908,mixed,19,0,4784,0.0105,22,19,
1784664464.093908,1784664464.108333,decode,19,0,4800,0.0105,0,19,
1784664464.108333,1784664464.122568,decode,19,0,4816,0.0105,0,19,
1784664464.122568,1784664464.136786,decode,19,0,4832,0.0106,0,19,
1784664464.136786,1784664464.150889,decode,19,0,4864,0.0107,0,19,
1784664464.150889,1784664464.165055,decode,19,0,4880,0.0107,0,19,
1784664464.165055,1784664464.179184,decode,19,0,4880,0.0107,0,19,
1784664464.179184,1784664464.193376,decode,19,0,4928,0.0108,0,19,
1784664464.193376,1784664464.216711,mixed,19,0,4928,0.0108,123,20,
1784664464.216711,1784664464.231118,decode,19,0,4944,0.0108,0,19,
1784664464.231118,1784664464.245661,decode,19,0,4992,0.0109,0,19,
1784664464.245661,1784664464.260103,decode,19,0,5024,0.0110,0,19,
1784664464.260103,1784664464.274516,decode,18,0,4736,0.0104,0,19,
1784664464.274516,1784664464.288483,decode,18,0,4752,0.0104,0,18,
1784664464.288483,1784664464.302427,decode,18,0,4752,0.0104,0,18,
1784664464.302427,1784664464.316365,decode,18,0,4752,0.0104,0,18,
1784664464.316365,1784664464.330259,decode,18,0,4768,0.0104,0,18,
1784664464.330259,1784664464.344218,decode,18,0,4784,0.0105,0,18,
1784664464.344218,1784664464.358148,decode,18,0,4800,0.0105,0,18,
1784664464.358148,1784664464.372149,decode,17,0,4464,0.0098,0,18,
1784664464.372149,1784664464.386068,decode,17,0,4496,0.0098,0,17,
1784664464.386068,1784664464.399882,decode,17,0,4512,0.0099,0,17,
1784664464.399882,1784664464.413720,decode,17,0,4512,0.0099,0,17,
1784664464.413720,1784664464.427609,decode,17,0,4560,0.0100,0,17,
1784664464.427609,1784664464.441571,decode,16,0,4272,0.0094,0,17,
1784664464.441571,1784664464.455250,decode,16,0,4288,0.0094,0,16,
1784664464.455250,1784664464.468930,decode,16,0,4320,0.0095,0,16,
1784664464.468930,1784664464.482604,decode,16,0,4352,0.0095,0,16,
1784664464.482604,1784664464.496284,decode,16,0,4368,0.0096,0,16,
1784664464.496284,1784664464.510040,decode,16,0,4384,0.0096,0,16,
1784664464.510040,1784664464.525482,mixed,17,0,4400,0.0096,15,17,
1784664464.525482,1784664464.539455,decode,16,0,4384,0.0096,0,17,
1784664464.539455,1784664464.553162,decode,16,0,4400,0.0096,0,16,
1784664464.553162,1784664464.566944,decode,16,0,4416,0.0097,0,16,
1784664464.566944,1784664464.580683,decode,16,0,4432,0.0097,0,16,
1784664464.580683,1784664464.594497,decode,16,0,4448,0.0097,0,16,
1784664464.594497,1784664464.608237,decode,16,0,4480,0.0098,0,16,
1784664464.608237,1784664464.621970,decode,16,0,4496,0.0098,0,16,
1784664464.621970,1784664464.635759,decode,16,0,4496,0.0098,0,16,
1784664464.635759,1784664464.649462,decode,16,0,4528,0.0099,0,16,
1784664464.649462,1784664464.663189,decode,16,0,4528,0.0099,0,16,
1784664464.663189,1784664464.676975,decode,16,0,4544,0.0100,0,16,
1784664464.676975,1784664464.690794,decode,16,0,4576,0.0100,0,16,
1784664464.690794,1784664464.704649,decode,15,0,4336,0.0095,0,16,
1784664464.704649,1784664464.718193,decode,15,0,4352,0.0095,0,15,
1784664464.718193,1784664464.731519,decode,15,0,4352,0.0095,0,15,
1784664464.731519,1784664464.744998,decode,15,0,4352,0.0095,0,15,
1784664464.744998,1784664464.758541,decode,15,0,4352,0.0095,0,15,
1784664464.758541,1784664464.772072,decode,15,0,4368,0.0096,0,15,
1784664464.772072,1784664464.785533,decode,15,0,4384,0.0096,0,15,
1784664464.785533,1784664464.799160,decode,15,0,4400,0.0096,0,15,
1784664464.799160,1784664464.812805,decode,15,0,4416,0.0097,0,15,
1784664464.812805,1784664464.826478,decode,15,0,4448,0.0097,0,15,
1784664464.826478,1784664464.840206,decode,15,0,4464,0.0098,0,15,
1784664464.840206,1784664464.853941,decode,15,0,4464,0.0098,0,15,
1784664464.853941,1784664464.867640,decode,15,0,4496,0.0098,0,15,
1784664464.867640,1784664464.881328,decode,15,0,4496,0.0098,0,15,
1784664464.881328,1784664464.895041,decode,15,0,4512,0.0099,0,15,
1784664464.895041,1784664464.908806,decode,14,0,4240,0.0093,0,15,
1784664464.908806,1784664464.922445,decode,14,0,4272,0.0094,0,14,
1784664464.922445,1784664464.936137,decode,14,0,4272,0.0094,0,14,
1784664464.936137,1784664464.951372,mixed,15,0,4320,0.0095,45,15,
1784664464.951372,1784664464.965121,decode,15,0,4320,0.0095,0,15,
1784664464.965121,1784664464.978958,decode,15,0,4320,0.0095,0,15,
1784664464.978958,1784664464.992664,decode,15,0,4336,0.0095,0,15,
1784664464.992664,1784664465.006461,decode,15,0,4368,0.0096,0,15,
1784664465.006461,1784664465.023152,mixed,16,0,4480,0.0098,82,16,
1784664465.023152,1784664465.037056,decode,16,0,4496,0.0098,0,16,
1784664465.037056,1784664465.051168,decode,16,0,4528,0.0099,0,16,
1784664465.051168,1784664465.065026,decode,16,0,4544,0.0100,0,16,
1784664465.065026,1784664465.078962,decode,16,0,4544,0.0100,0,16,
1784664465.078962,1784664465.092676,decode,16,0,4576,0.0100,0,16,
1784664465.092676,1784664465.106491,decode,16,0,4576,0.0100,0,16,
1784664465.106491,1784664465.120371,decode,16,0,4592,0.0101,0,16,
1784664465.120371,1784664465.134057,decode,16,0,4624,0.0101,0,16,
1784664465.134057,1784664465.147852,decode,16,0,4656,0.0102,0,16,
1784664465.147852,1784664465.161602,decode,16,0,4656,0.0102,0,16,
1784664465.161602,1784664465.175594,decode,16,0,4656,0.0102,0,16,
1784664465.175594,1784664465.189405,decode,16,0,4656,0.0102,0,16,
1784664465.189405,1784664465.203140,decode,16,0,4656,0.0102,0,16,
1784664465.203140,1784664465.216875,decode,16,0,4672,0.0102,0,16,
1784664465.216875,1784664465.230625,decode,16,0,4720,0.0103,0,16,
1784664465.230625,1784664465.244474,decode,15,0,4464,0.0098,0,16,
1784664465.244474,1784664465.258175,decode,15,0,4480,0.0098,0,15,
1784664465.258175,1784664465.274854,mixed,16,0,4592,0.0101,80,16,
1784664465.274854,1784664465.288818,decode,16,0,4624,0.0101,0,16,
1784664465.288818,1784664465.302840,decode,16,0,4624,0.0101,0,16,
1784664465.302840,1784664465.325973,mixed,17,0,4800,0.0105,132,17,
1784664465.325973,1784664465.340279,decode,16,0,4320,0.0095,0,17,
1784664465.340279,1784664465.354360,decode,16,0,4320,0.0095,0,16,
1784664465.354360,1784664465.368363,decode,16,0,4352,0.0095,0,16,
1784664465.368363,1784664465.382319,decode,15,0,4080,0.0089,0,16,
1784664465.382319,1784664465.396093,decode,15,0,4080,0.0089,0,15,
1784664465.396093,1784664465.409868,decode,15,0,4080,0.0089,0,15,
1784664465.409868,1784664465.423487,decode,15,0,4080,0.0089,0,15,
1784664465.423487,1784664465.437297,decode,15,0,4080,0.0089,0,15,
1784664465.437297,1784664465.451002,decode,15,0,4080,0.0089,0,15,
1784664465.451002,1784664465.464737,decode,15,0,4128,0.0090,0,15,
1784664465.464737,1784664465.478463,decode,15,0,4144,0.0091,0,15,
1784664465.478463,1784664465.492260,decode,15,0,4160,0.0091,0,15,
1784664465.492260,1784664465.506044,decode,15,0,4192,0.0092,0,15,
1784664465.506044,1784664465.520958,mixed,16,0,4272,0.0094,38,16,
1784664465.520958,1784664465.534697,decode,16,0,4272,0.0094,0,16,
1784664465.534697,1784664465.548415,decode,16,0,4304,0.0094,0,16,
1784664465.548415,1784664465.562294,decode,15,0,4016,0.0088,0,16,
1784664465.562294,1784664465.576000,decode,15,0,4016,0.0088,0,15,
1784664465.576000,1784664465.589708,decode,15,0,4048,0.0089,0,15,
1784664465.589708,1784664465.603453,decode,15,0,4080,0.0089,0,15,
1784664465.603453,1784664465.618967,mixed,17,0,4112,0.0090,15,17,
1784664465.618967,1784664465.632921,decode,17,0,4112,0.0090,0,17,
1784664465.632921,1784664465.646734,decode,17,0,4112,0.0090,0,17,
1784664465.646734,1784664465.660619,decode,17,0,4112,0.0090,0,17,
1784664465.660619,1784664465.674501,decode,17,0,4128,0.0090,0,17,
1784664465.674501,1784664465.688522,decode,17,0,4176,0.0091,0,17,
1784664465.688522,1784664465.702514,decode,16,0,3904,0.0085,0,17,
1784664465.702514,1784664465.716210,decode,16,0,3920,0.0086,0,16,
1784664465.716210,1784664465.729993,decode,15,0,3680,0.0081,0,16,
1784664465.729993,1784664465.743655,decode,15,0,3712,0.0081,0,15,
1784664465.743655,1784664465.757347,decode,15,0,3712,0.0081,0,15,
1784664465.757347,1784664465.771071,decode,15,0,3760,0.0082,0,15,
1784664465.771071,1784664465.785555,mixed,16,0,3776,0.0083,10,16,
1784664465.785555,1784664465.799273,decode,16,0,3776,0.0083,0,16,
1784664465.799273,1784664465.812981,decode,16,0,3792,0.0083,0,16,
1784664465.812981,1784664465.826691,decode,16,0,3824,0.0084,0,16,
1784664465.826691,1784664465.840402,decode,16,0,3824,0.0084,0,16,
1784664465.840402,1784664465.854962,mixed,17,0,3840,0.0084,9,17,
1784664465.854962,1784664465.868918,decode,17,0,3840,0.0084,0,17,
1784664465.868918,1784664465.882870,decode,17,0,3856,0.0084,0,17,
1784664465.882870,1784664465.896858,decode,17,0,3872,0.0085,0,17,
1784664465.896858,1784664465.910736,decode,17,0,3904,0.0085,0,17,
1784664465.910736,1784664465.924689,decode,17,0,3904,0.0085,0,17,
1784664465.924689,1784664465.938630,decode,17,0,3920,0.0086,0,17,
1784664465.938630,1784664465.952544,decode,17,0,3968,0.0087,0,17,
1784664465.952544,1784664465.966424,decode,17,0,4016,0.0088,0,17,
1784664465.966424,1784664465.980286,decode,17,0,4016,0.0088,0,17,
1784664465.980286,1784664465.994147,decode,17,0,4064,0.0089,0,17,
1784664465.994147,1784664466.008006,decode,17,0,4064,0.0089,0,17,
1784664466.008006,1784664466.021934,decode,17,0,4064,0.0089,0,17,
1784664466.021934,1784664466.035837,decode,17,0,4080,0.0089,0,17,
1784664466.035837,1784664466.049750,decode,17,0,4112,0.0090,0,17,
1784664466.049750,1784664466.065154,mixed,18,0,4128,0.0090,14,18,
1784664466.065154,1784664466.079045,decode,18,0,4128,0.0090,0,18,
1784664466.079045,1784664466.092976,decode,18,0,4128,0.0090,0,18,
1784664466.092976,1784664466.106918,decode,18,0,4160,0.0091,0,18,
1784664466.106918,1784664466.120831,decode,18,0,4176,0.0091,0,18,
1784664466.120831,1784664466.134742,decode,18,0,4208,0.0092,0,18,
1784664466.134742,1784664466.148653,decode,18,0,4208,0.0092,0,18,
1784664466.148653,1784664466.162578,decode,18,0,4224,0.0093,0,18,
1784664466.162578,1784664466.176489,decode,18,0,4272,0.0094,0,18,
1784664466.176489,1784664466.190508,decode,18,0,4320,0.0095,0,18,
1784664466.190508,1784664466.213048,mixed,20,0,4464,0.0098,117,20,
1784664466.213048,1784664466.227437,decode,20,0,4512,0.0099,0,20,
1784664466.227437,1784664466.241751,decode,20,0,4512,0.0099,0,20,
1784664466.241751,1784664466.256091,decode,20,0,4512,0.0099,0,20,
1784664466.256091,1784664466.270322,decode,20,0,4528,0.0099,0,20,
1784664466.270322,1784664466.284586,decode,20,0,4560,0.0100,0,20,
1784664466.284586,1784664466.307622,mixed,21,0,4688,0.0103,123,21,
1784664466.307622,1784664466.322006,decode,21,0,4688,0.0103,0,21,
1784664466.322006,1784664466.336369,decode,21,0,4688,0.0103,0,21,
1784664466.336369,1784664466.350613,decode,21,0,4720,0.0103,0,21,
1784664466.350613,1784664466.364862,decode,21,0,4736,0.0104,0,21,
1784664466.364862,1784664466.379012,decode,21,0,4768,0.0104,0,21,
1784664466.379012,1784664466.393124,decode,21,0,4784,0.0105,0,21,
1784664466.393124,1784664466.407276,decode,21,0,4816,0.0105,0,21,
1784664466.407276,1784664466.421352,decode,21,0,4864,0.0107,0,21,
1784664466.421352,1784664466.435449,decode,21,0,4912,0.0108,0,21,
1784664466.435449,1784664466.449557,decode,21,0,4928,0.0108,0,21,
1784664466.449557,1784664466.463618,decode,21,0,4976,0.0109,0,21,
1784664466.463618,1784664466.477858,decode,21,0,4976,0.0109,0,21,
1784664466.477858,1784664466.492135,decode,21,0,4976,0.0109,0,21,
1784664466.492135,1784664466.506162,decode,21,0,4992,0.0109,0,21,
1784664466.506162,1784664466.520197,decode,21,0,5024,0.0110,0,21,
1784664466.520197,1784664466.534537,decode,21,0,5024,0.0110,0,21,
1784664466.534537,1784664466.694403,mixed,21,0,5024,0.0110,1990,22,
1784664466.694403,1784664466.720258,mixed,23,0,5152,0.0113,110,23,
1784664466.720258,1784664466.735540,decode,22,0,5152,0.0113,0,23,
1784664466.735540,1784664466.750521,decode,21,0,4880,0.0107,0,22,
1784664466.750521,1784664466.764999,decode,21,0,4912,0.0108,0,21,
1784664466.764999,1784664466.779312,decode,21,0,4944,0.0108,0,21,
1784664466.779312,1784664466.793580,decode,21,0,4976,0.0109,0,21,
1784664466.793580,1784664466.807833,decode,21,0,5024,0.0110,0,21,
1784664466.807833,1784664466.822096,decode,21,0,5056,0.0111,0,21,
1784664466.822096,1784664466.836201,decode,21,0,5072,0.0111,0,21,
1784664466.836201,1784664466.850277,decode,21,0,5120,0.0112,0,21,
1784664466.850277,1784664466.864453,decode,21,0,5120,0.0112,0,21,
1784664466.864453,1784664466.878673,decode,21,0,5120,0.0112,0,21,
1784664466.878673,1784664466.894516,mixed,22,0,5168,0.0113,19,22,
1784664466.894516,1784664466.910305,mixed,23,0,5216,0.0114,13,23,
1784664466.910305,1784664466.924731,decode,23,0,5216,0.0114,0,23,
1784664466.924731,1784664466.939178,decode,23,0,5216,0.0114,0,23,
1784664466.939178,1784664466.953663,decode,23,0,5216,0.0114,0,23,
1784664466.953663,1784664466.968124,decode,23,0,5264,0.0115,0,23,
1784664466.968124,1784664466.982679,decode,22,0,4720,0.0103,0,23,
1784664466.982679,1784664466.997101,decode,22,0,4752,0.0104,0,22,
1784664466.997101,1784664467.011572,decode,22,0,4784,0.0105,0,22,
1784664467.011572,1784664467.027480,mixed,22,0,4752,0.0104,16,23,
1784664467.027480,1784664467.041921,decode,22,0,4816,0.0105,0,22,
1784664467.041921,1784664467.057753,mixed,23,0,4864,0.0107,17,23,
1784664467.057753,1784664467.072232,decode,23,0,4880,0.0107,0,23,
1784664467.072232,1784664467.086655,decode,23,0,4912,0.0108,0,23,
1784664467.086655,1784664467.101106,decode,23,0,4928,0.0108,0,23,
1784664467.101106,1784664467.115551,decode,23,0,4928,0.0108,0,23,
1784664467.115551,1784664467.130004,decode,23,0,4944,0.0108,0,23,
1784664467.130004,1784664467.144358,decode,23,0,4976,0.0109,0,23,
1784664467.144358,1784664467.158713,decode,23,0,4976,0.0109,0,23,
1784664467.158713,1784664467.173109,decode,23,0,4976,0.0109,0,23,
1784664467.173109,1784664467.187515,decode,23,0,4976,0.0109,0,23,
1784664467.187515,1784664467.201929,decode,23,0,5024,0.0110,0,23,
1784664467.201929,1784664467.216339,decode,23,0,5040,0.0110,0,23,
1784664467.216339,1784664467.230819,decode,23,0,5072,0.0111,0,23,
1784664467.230819,1784664467.245304,decode,23,0,5104,0.0112,0,23,
1784664467.245304,1784664467.259706,decode,23,0,5136,0.0112,0,23,
1784664467.259706,1784664467.274119,decode,23,0,5200,0.0114,0,23,
1784664467.274119,1784664467.288597,decode,22,0,4960,0.0109,0,23,
1784664467.288597,1784664467.303123,decode,22,0,4976,0.0109,0,22,
1784664467.303123,1784664467.317462,decode,22,0,5008,0.0110,0,22,
1784664467.317462,1784664467.331912,decode,21,0,3696,0.0081,0,22,
1784664467.331912,1784664467.345871,decode,21,0,3696,0.0081,0,21,
1784664467.345871,1784664467.359824,decode,21,0,3696,0.0081,0,21,
1784664467.359824,1784664467.373755,decode,21,0,3728,0.0082,0,21,
1784664467.373755,1784664467.387766,decode,21,0,3728,0.0082,0,21,
1784664467.387766,1784664467.401663,decode,21,0,3728,0.0082,0,21,
1784664467.401663,1784664467.415756,decode,20,0,3440,0.0075,0,21,
1784664467.415756,1784664467.429660,decode,20,0,3488,0.0076,0,20,
1784664467.429660,1784664467.443606,decode,20,0,3504,0.0077,0,20,
1784664467.443606,1784664467.457534,decode,20,0,3536,0.0077,0,20,
1784664467.457534,1784664467.471571,decode,20,0,3568,0.0078,0,20,
1784664467.471571,1784664467.492388,mixed,21,0,3760,0.0082,162,21,
1784664467.492388,1784664467.506816,decode,21,0,3824,0.0084,0,21,
1784664467.506816,1784664467.521201,decode,21,0,3856,0.0084,0,21,
1784664467.521201,1784664467.535504,decode,21,0,3872,0.0085,0,21,
1784664467.535504,1784664467.549698,decode,21,0,3904,0.0085,0,21,
1784664467.549698,1784664467.563804,decode,21,0,3920,0.0086,0,21,
1784664467.563804,1784664467.577910,decode,21,0,3920,0.0086,0,21,
1784664467.577910,1784664467.591937,decode,21,0,3920,0.0086,0,21,
1784664467.591937,1784664467.605933,decode,21,0,3936,0.0086,0,21,
1784664467.605933,1784664467.619949,decode,21,0,3936,0.0086,0,21,
1784664467.619949,1784664467.633974,decode,21,0,3936,0.0086,0,21,
1784664467.633974,1784664467.648002,decode,21,0,3936,0.0086,0,21,
1784664467.648002,1784664467.662029,decode,21,0,3984,0.0087,0,21,
1784664467.662029,1784664467.676133,decode,21,0,4000,0.0088,0,21,
1784664467.676133,1784664467.690784,mixed,22,0,4064,0.0089,31,22,
1784664467.690784,1784664467.704769,decode,22,0,4112,0.0090,0,22,
1784664467.704769,1784664467.718690,decode,22,0,4144,0.0091,0,22,
1784664467.718690,1784664467.732629,decode,22,0,4208,0.0092,0,22,
1784664467.732629,1784664467.746636,decode,22,0,4240,0.0093,0,22,
1784664467.746636,1784664467.762969,mixed,22,0,4256,0.0093,53,23,
1784664467.762969,1784664467.778339,mixed,23,0,4320,0.0095,24,23,
1784664467.778339,1784664467.792482,decode,23,0,4336,0.0095,0,23,
1784664467.792482,1784664467.806608,decode,23,0,4336,0.0095,0,23,
1784664467.806608,1784664467.821832,mixed,24,0,4352,0.0095,13,24,
1784664467.821832,1784664467.835927,decode,23,0,3792,0.0083,0,24,
1784664467.835927,1784664467.849709,decode,22,0,3504,0.0077,0,23,
1784664467.849709,1784664467.863459,decode,21,0,3312,0.0073,0,22,
1784664467.863459,1784664467.877123,decode,21,0,3328,0.0073,0,21,
1784664467.877123,1784664467.890843,decode,20,0,3088,0.0068,0,21,
1784664467.890843,1784664467.905751,mixed,21,0,3136,0.0069,11,21,
1784664467.905751,1784664467.919393,decode,21,0,3168,0.0069,0,21,
1784664467.919393,1784664467.933044,decode,21,0,3200,0.0070,0,21,
1784664467.933044,1784664467.946635,decode,21,0,3232,0.0071,0,21,
1784664467.946635,1784664467.960294,decode,21,0,3280,0.0072,0,21,
1784664467.960294,1784664467.973920,decode,21,0,3312,0.0073,0,21,
1784664467.973920,1784664467.987620,decode,21,0,3344,0.0073,0,21,
1784664467.987620,1784664468.001149,decode,21,0,3360,0.0074,0,21,
1784664468.001149,1784664468.014706,decode,21,0,3376,0.0074,0,21,
1784664468.014706,1784664468.028290,decode,21,0,3376,0.0074,0,21,
1784664468.028290,1784664468.041886,decode,21,0,3376,0.0074,0,21,
1784664468.041886,1784664468.055456,decode,21,0,3376,0.0074,0,21,
1784664468.055456,1784664468.069030,decode,21,0,3376,0.0074,0,21,
1784664468.069030,1784664468.082641,decode,21,0,3376,0.0074,0,21,
1784664468.082641,1784664468.096235,decode,21,0,3392,0.0074,0,21,
1784664468.096235,1784664468.109831,decode,21,0,3440,0.0075,0,21,
1784664468.109831,1784664468.123437,decode,21,0,3472,0.0076,0,21,
1784664468.123437,1784664468.137038,decode,21,0,3504,0.0077,0,21,
1784664468.137038,1784664468.150623,decode,21,0,3536,0.0077,0,21,
1784664468.150623,1784664468.164264,decode,21,0,3568,0.0078,0,21,
1784664468.164264,1784664468.177877,decode,21,0,3616,0.0079,0,21,
1784664468.177877,1784664468.191539,decode,21,0,3648,0.0080,0,21,
1784664468.191539,1784664468.205166,decode,21,0,3680,0.0081,0,21,
1784664468.205166,1784664468.218757,decode,21,0,3696,0.0081,0,21,
1784664468.218757,1784664468.232466,decode,21,0,3712,0.0081,0,21,
1784664468.232466,1784664468.247339,mixed,22,0,3744,0.0082,17,22,
1784664468.247339,1784664468.262278,mixed,23,0,3760,0.0082,8,23,
1784664468.262278,1784664468.276003,decode,23,0,3760,0.0082,0,23,
1784664468.276003,1784664468.289758,decode,23,0,3760,0.0082,0,23,
1784664468.289758,1784664468.303520,decode,23,0,3760,0.0082,0,23,
1784664468.303520,1784664468.317291,decode,23,0,3776,0.0083,0,23,
1784664468.317291,1784664468.331070,decode,23,0,3824,0.0084,0,23,
1784664468.331070,1784664468.344841,decode,23,0,3856,0.0084,0,23,
1784664468.344841,1784664468.358703,decode,22,0,3808,0.0083,0,23,
1784664468.358703,1784664468.373191,mixed,23,0,3872,0.0085,29,23,
1784664468.373191,1784664468.387067,decode,23,0,3904,0.0085,0,23,
1784664468.387067,1784664468.400984,decode,23,0,3952,0.0087,0,23,
1784664468.400984,1784664468.414846,decode,23,0,3984,0.0087,0,23,
1784664468.414846,1784664468.428670,decode,23,0,4032,0.0088,0,23,
1784664468.428670,1784664468.442525,decode,23,0,4048,0.0089,0,23,
1784664468.442525,1784664468.456326,decode,23,0,4064,0.0089,0,23,
1784664468.456326,1784664468.470100,decode,23,0,4080,0.0089,0,23,
1784664468.470100,1784664468.483873,decode,23,0,4080,0.0089,0,23,
1784664468.483873,1784664468.497673,decode,23,0,4080,0.0089,0,23,
1784664468.497673,1784664468.511497,decode,23,0,4080,0.0089,0,23,
1784664468.511497,1784664468.533180,mixed,24,0,4240,0.0093,146,24,
1784664468.533180,1784664468.547189,decode,24,0,4256,0.0093,0,24,
1784664468.547189,1784664468.561239,decode,24,0,4304,0.0094,0,24,
1784664468.561239,1784664468.575205,decode,24,0,4336,0.0095,0,24,
1784664468.575205,1784664468.589138,decode,24,0,4368,0.0096,0,24,
1784664468.589138,1784664468.603138,decode,24,0,4400,0.0096,0,24,
1784664468.603138,1784664468.617933,mixed,25,0,4464,0.0098,29,25,
1784664468.617933,1784664468.631829,decode,25,0,4512,0.0099,0,25,
1784664468.631829,1784664468.645667,decode,25,0,4544,0.0100,0,25,
1784664468.645667,1784664468.659517,decode,25,0,4592,0.0101,0,25,
1784664468.659517,1784664468.673280,decode,25,0,4624,0.0101,0,25,
1784664468.673280,1784664468.686996,decode,25,0,4640,0.0102,0,25,
1784664468.686996,1784664468.700677,decode,25,0,4656,0.0102,0,25,
1784664468.700677,1784664468.714432,decode,25,0,4656,0.0102,0,25,
1784664468.714432,1784664468.728159,decode,25,0,4656,0.0102,0,25,
1784664468.728159,1784664468.742029,decode,24,0,4368,0.0096,0,25,
1784664468.742029,1784664468.755836,decode,24,0,4368,0.0096,0,24,
1784664468.755836,1784664468.769698,decode,24,0,4384,0.0096,0,24,
1784664468.769698,1784664468.783476,decode,24,0,4432,0.0097,0,24,
1784664468.783476,1784664468.797340,decode,24,0,4464,0.0098,0,24,
1784664468.797340,1784664468.811230,decode,23,0,4128,0.0090,0,24,
1784664468.811230,1784664468.825076,decode,23,0,4160,0.0091,0,23,
1784664468.825076,1784664468.840248,mixed,24,0,4208,0.0092,5,24,
1784664468.840248,1784664468.854040,decode,23,0,4208,0.0092,0,24,
1784664468.854040,1784664468.867803,decode,23,0,4240,0.0093,0,23,
1784664468.867803,1784664468.881607,decode,23,0,4288,0.0094,0,23,
1784664468.881607,1784664468.895390,decode,23,0,4304,0.0094,0,23,
1784664468.895390,1784664468.909164,decode,23,0,4320,0.0095,0,23,
1784664468.909164,1784664468.923029,decode,23,0,4336,0.0095,0,23,
1784664468.923029,1784664468.970766,mixed,23,0,4336,0.0095,547,24,
1784664468.970766,1784664468.985732,decode,23,0,4336,0.0095,0,23,
1784664468.985732,1784664469.000542,decode,23,0,4352,0.0095,0,23,
1784664469.000542,1784664469.014973,decode,23,0,4352,0.0095,0,23,
1784664469.014973,1784664469.029275,decode,23,0,4368,0.0096,0,23,
1784664469.029275,1784664469.043376,decode,23,0,4432,0.0097,0,23,
1784664469.043376,1784664469.057362,decode,23,0,4464,0.0098,0,23,
1784664469.057362,1784664469.071270,decode,23,0,4464,0.0098,0,23,
1784664469.071270,1784664469.085259,decode,22,0,4336,0.0095,0,23,
1784664469.085259,1784664469.099086,decode,21,0,4032,0.0088,0,22,
1784664469.099086,1784664469.112844,decode,21,0,4064,0.0089,0,21,
1784664469.112844,1784664469.126570,decode,21,0,4080,0.0089,0,21,
1784664469.126570,1784664469.140405,decode,20,0,3728,0.0082,0,21,
1784664469.140405,1784664469.154031,decode,20,0,3744,0.0082,0,20,
1784664469.154031,1784664469.167686,decode,20,0,3760,0.0082,0,20,
1784664469.167686,1784664469.181396,decode,20,0,3776,0.0083,0,20,
1784664469.181396,1784664469.194977,decode,20,0,3776,0.0083,0,20,
1784664469.194977,1784664469.208576,decode,20,0,3776,0.0083,0,20,
1784664469.208576,1784664469.222188,decode,20,0,3792,0.0083,0,20,
1784664469.222188,1784664469.235840,decode,20,0,3792,0.0083,0,20,
1784664469.235840,1784664469.249488,decode,20,0,3808,0.0083,0,20,
1784664469.249488,1784664469.263106,decode,20,0,3872,0.0085,0,20,
1784664469.263106,1784664469.276719,decode,20,0,3904,0.0085,0,20,
1784664469.276719,1784664469.290373,decode,20,0,3904,0.0085,0,20,
1784664469.290373,1784664469.304015,decode,20,0,3936,0.0086,0,20,
1784664469.304015,1784664469.317669,decode,20,0,3968,0.0087,0,20,
1784664469.317669,1784664469.331440,decode,19,0,3680,0.0081,0,20,
1784664469.331440,1784664469.346088,mixed,20,0,3712,0.0081,13,20,
1784664469.346088,1784664469.359768,decode,20,0,3760,0.0082,0,20,
1784664469.359768,1784664469.373461,decode,20,0,3776,0.0083,0,20,
1784664469.373461,1784664469.387124,decode,20,0,3792,0.0083,0,20,
1784664469.387124,1784664469.400841,decode,20,0,3824,0.0084,0,20,
1784664469.400841,1784664469.414442,decode,20,0,3824,0.0084,0,20,
1784664469.414442,1784664469.428203,decode,18,0,3280,0.0072,0,20,
1784664469.428203,1784664469.441826,decode,18,0,3296,0.0072,0,18,
1784664469.441826,1784664469.455992,decode,18,0,3296,0.0072,0,18,
1784664469.455992,1784664469.478966,mixed,18,0,3312,0.0073,211,19,
1784664469.478966,1784664469.492882,decode,18,0,3376,0.0074,0,18,
1784664469.492882,1784664469.506952,decode,18,0,3392,0.0074,0,18,
1784664469.506952,1784664469.520912,decode,18,0,3392,0.0074,0,18,
1784664469.520912,1784664469.534978,decode,18,0,3424,0.0075,0,18,
1784664469.534978,1784664469.548790,decode,18,0,3456,0.0076,0,18,
1784664469.548790,1784664469.562587,decode,18,0,3456,0.0076,0,18,
1784664469.562587,1784664469.577329,mixed,19,0,3504,0.0077,21,19,
1784664469.577329,1784664469.590928,decode,19,0,3552,0.0078,0,19,
1784664469.590928,1784664469.604606,decode,18,0,3280,0.0072,0,19,
1784664469.604606,1784664469.618269,decode,18,0,3296,0.0072,0,18,
1784664469.618269,1784664469.631962,decode,18,0,3328,0.0073,0,18,
1784664469.631962,1784664469.646831,mixed,19,0,3344,0.0073,13,19,
1784664469.646831,1784664469.660394,decode,19,0,3344,0.0073,0,19,
1784664469.660394,1784664469.673972,decode,19,0,3360,0.0074,0,19,
1784664469.673972,1784664469.687576,decode,19,0,3360,0.0074,0,19,
1784664469.687576,1784664469.701236,decode,19,0,3392,0.0074,0,19,
1784664469.701236,1784664469.714872,decode,19,0,3440,0.0075,0,19,
1784664469.714872,1784664469.728520,decode,19,0,3456,0.0076,0,19,
1784664469.728520,1784664469.742169,decode,19,0,3472,0.0076,0,19,
1784664469.742169,1784664469.755835,decode,19,0,3504,0.0077,0,19,
1784664469.755835,1784664469.769753,mixed,20,0,3552,0.0078,6,20,
1784664469.769753,1784664469.783453,decode,20,0,3552,0.0078,0,20,
1784664469.783453,1784664469.797114,decode,20,0,3568,0.0078,0,20,
1784664469.797114,1784664469.810865,decode,20,0,3616,0.0079,0,20,
1784664469.810865,1784664469.826963,mixed,21,0,3696,0.0081,66,21,
1784664469.826963,1784664469.840817,decode,21,0,3712,0.0081,0,21,
1784664469.840817,1784664469.854729,decode,21,0,3744,0.0082,0,21,
1784664469.854729,1784664469.868553,decode,21,0,3744,0.0082,0,21,
1784664469.868553,1784664469.882434,decode,20,0,3472,0.0076,0,21,
1784664469.882434,1784664469.896203,decode,20,0,3488,0.0076,0,20,
1784664469.896203,1784664469.909915,decode,20,0,3488,0.0076,0,20,
1784664469.909915,1784664469.923796,decode,20,0,3536,0.0077,0,20,
1784664469.923796,1784664469.995443,mixed,21,0,4352,0.0095,774,21,
1784664469.995443,1784664470.059920,mixed,21,0,3600,0.0079,707,23,
1784664470.059920,1784664470.075743,mixed,22,0,3632,0.0080,12,22,
1784664470.075743,1784664470.090212,decode,22,0,3664,0.0080,0,22,
1784664470.090212,1784664470.104481,decode,22,0,3696,0.0081,0,22,
1784664470.104481,1784664470.118540,decode,22,0,3696,0.0081,0,22,
1784664470.118540,1784664470.132600,decode,20,0,3072,0.0067,0,22,
1784664470.132600,1784664470.147586,mixed,21,0,3152,0.0069,11,21,
1784664470.147586,1784664470.161309,decode,21,0,3152,0.0069,0,21,
1784664470.161309,1784664470.174958,decode,21,0,3168,0.0069,0,21,
1784664470.174958,1784664470.188571,decode,21,0,3200,0.0070,0,21,
1784664470.188571,1784664470.202314,decode,21,0,3200,0.0070,0,21,
1784664470.202314,1784664470.216125,decode,20,0,2832,0.0062,0,21,
1784664470.216125,1784664470.229671,decode,20,0,2864,0.0063,0,20,
1784664470.229671,1784664470.243274,decode,20,0,2864,0.0063,0,20,
1784664470.243274,1784664470.256898,decode,20,0,2912,0.0064,0,20,
1784664470.256898,1784664470.270534,decode,20,0,2944,0.0064,0,20,
1784664470.270534,1784664470.285247,mixed,21,0,2976,0.0065,11,21,
1784664470.285247,1784664470.298826,decode,21,0,2992,0.0066,0,21,
1784664470.298826,1784664470.312385,decode,21,0,3008,0.0066,0,21,
1784664470.312385,1784664470.325996,decode,21,0,3024,0.0066,0,21,
1784664470.325996,1784664470.339649,decode,21,0,3024,0.0066,0,21,
1784664470.339649,1784664470.353393,decode,21,0,3040,0.0067,0,21,
1784664470.353393,1784664470.369079,mixed,21,0,3120,0.0068,46,22,
1784664470.369079,1784664470.383133,mixed,22,0,3136,0.0069,4,22,
1784664470.383133,1784664470.397010,decode,22,0,3152,0.0069,0,22,
1784664470.397010,1784664470.410836,decode,22,0,3184,0.0070,0,22,
1784664470.410836,1784664470.424669,decode,22,0,3184,0.0070,0,22,
1784664470.424669,1784664470.438439,decode,22,0,3200,0.0070,0,22,
1784664470.438439,1784664470.452168,decode,22,0,3232,0.0071,0,22,
1784664470.452168,1784664470.466015,decode,21,0,2880,0.0063,0,22,
1784664470.466015,1784664470.479649,decode,21,0,2928,0.0064,0,21,
1784664470.479649,1784664470.493336,decode,20,0,2672,0.0059,0,21,
1784664470.493336,1784664470.506879,decode,20,0,2688,0.0059,0,20,
1784664470.506879,1784664470.520468,decode,20,0,2704,0.0059,0,20,
1784664470.520468,1784664470.534035,decode,20,0,2704,0.0059,0,20,
1784664470.534035,1784664470.547694,decode,20,0,2720,0.0060,0,20,
1784664470.547694,1784664470.563833,mixed,21,0,2816,0.0062,72,21,
1784664470.563833,1784664470.577562,decode,21,0,2832,0.0062,0,21,
1784664470.577562,1784664470.591371,decode,21,0,2912,0.0064,0,21,
1784664470.591371,1784664470.605152,decode,21,0,2912,0.0064,0,21,
1784664470.605152,1784664470.618889,decode,21,0,2928,0.0064,0,21,
1784664470.618889,1784664470.632685,decode,20,0,2672,0.0059,0,21,
1784664470.632685,1784664470.646429,decode,19,0,2400,0.0053,0,20,
1784664470.646429,1784664470.659993,decode,19,0,2416,0.0053,0,19,
1784664470.659993,1784664470.673580,decode,19,0,2432,0.0053,0,19,
1784664470.673580,1784664470.687118,decode,19,0,2448,0.0054,0,19,
1784664470.687118,1784664470.700545,decode,19,0,2496,0.0055,0,19,
1784664470.700545,1784664470.714062,decode,19,0,2512,0.0055,0,19,
1784664470.714062,1784664470.727566,decode,19,0,2528,0.0055,0,19,
1784664470.727566,1784664470.741109,decode,19,0,2544,0.0056,0,19,
1784664470.741109,1784664470.754588,decode,19,0,2544,0.0056,0,19,
1784664470.754588,1784664470.768053,decode,19,0,2560,0.0056,0,19,
1784664470.768053,1784664470.781594,decode,18,0,2304,0.0050,0,19,
1784664470.781594,1784664470.794806,decode,18,0,2304,0.0050,0,18,
1784664470.794806,1784664470.808095,decode,18,0,2384,0.0052,0,18,
1784664470.808095,1784664470.821690,mixed,19,0,2400,0.0053,4,19,
1784664470.821690,1784664470.835167,decode,19,0,2400,0.0053,0,19,
1784664470.835167,1784664470.848647,decode,19,0,2432,0.0053,0,19,
1784664470.848647,1784664470.862134,decode,19,0,2432,0.0053,0,19,
1784664470.862134,1784664470.875605,decode,19,0,2448,0.0054,0,19,
1784664470.875605,1784664470.889122,decode,19,0,2464,0.0054,0,19,
1784664470.889122,1784664470.902612,decode,19,0,2480,0.0054,0,19,
1784664470.902612,1784664470.916058,decode,19,0,2528,0.0055,0,19,
1784664470.916058,1784664470.929502,decode,19,0,2544,0.0056,0,19,
1784664470.929502,1784664470.943103,decode,19,0,2560,0.0056,0,19,
1784664470.943103,1784664470.956856,decode,19,0,2576,0.0056,0,19,
1784664470.956856,1784664470.970321,decode,19,0,2576,0.0056,0,19,
1784664470.970321,1784664470.983763,decode,19,0,2592,0.0057,0,19,
1784664470.983763,1784664470.997233,decode,19,0,2624,0.0057,0,19,
1784664470.997233,1784664471.010680,decode,19,0,2624,0.0057,0,19,
1784664471.010680,1784664471.024113,decode,19,0,2704,0.0059,0,19,
1784664471.024113,1784664471.037544,decode,19,0,2704,0.0059,0,19,
1784664471.037544,1784664471.051013,decode,19,0,2704,0.0059,0,19,
1784664471.051013,1784664471.064452,decode,19,0,2736,0.0060,0,19,
1784664471.064452,1784664471.077903,decode,19,0,2736,0.0060,0,19,
1784664471.077903,1784664471.091375,decode,19,0,2752,0.0060,0,19,
1784664471.091375,1784664471.104841,decode,19,0,2768,0.0061,0,19,
1784664471.104841,1784664471.118291,decode,19,0,2784,0.0061,0,19,
1784664471.118291,1784664471.131877,decode,19,0,2832,0.0062,0,19,
1784664471.131877,1784664471.153427,mixed,20,0,2976,0.0065,116,20,
1784664471.153427,1784664471.167217,decode,20,0,2992,0.0066,0,20,
1784664471.167217,1784664471.181165,decode,20,0,3008,0.0066,0,20,
1784664471.181165,1784664471.195032,decode,20,0,3008,0.0066,0,20,
1784664471.195032,1784664471.208773,decode,20,0,3024,0.0066,0,20,
1784664471.208773,1784664471.222528,decode,20,0,3056,0.0067,0,20,
1784664471.222528,1784664471.236336,decode,19,0,2800,0.0061,0,20,
1784664471.236336,1784664471.250044,decode,19,0,2880,0.0063,0,19,
1784664471.250044,1784664471.263625,decode,19,0,2880,0.0063,0,19,
1784664471.263625,1784664471.277261,decode,19,0,2880,0.0063,0,19,
1784664471.277261,1784664471.290791,decode,19,0,2912,0.0064,0,19,
1784664471.290791,1784664471.304393,decode,19,0,2912,0.0064,0,19,
1784664471.304393,1784664471.317966,decode,19,0,2928,0.0064,0,19,
1784664471.317966,1784664471.331549,decode,19,0,2960,0.0065,0,19,
1784664471.331549,1784664471.345112,decode,19,0,2976,0.0065,0,19,
1784664471.345112,1784664471.358748,decode,19,0,3008,0.0066,0,19,
1784664471.358748,1784664471.375340,mixed,19,0,3024,0.0066,102,20,
1784664471.375340,1784664471.388931,decode,19,0,3040,0.0067,0,19,
1784664471.388931,1784664471.402808,decode,19,0,3056,0.0067,0,19,
1784664471.402808,1784664471.416582,decode,19,0,3056,0.0067,0,19,
1784664471.416582,1784664471.430341,decode,19,0,3072,0.0067,0,19,
1784664471.430341,1784664471.444021,decode,19,0,3104,0.0068,0,19,
1784664471.444021,1784664471.457618,decode,19,0,3104,0.0068,0,19,
1784664471.457618,1784664471.471334,decode,18,0,2896,0.0063,0,19,
1784664471.471334,1784664471.484906,decode,18,0,2896,0.0063,0,18,
1784664471.484906,1784664471.498476,decode,18,0,2896,0.0063,0,18,
1784664471.498476,1784664471.512089,decode,18,0,2928,0.0064,0,18,
1784664471.512089,1784664471.525676,decode,18,0,2928,0.0064,0,18,
1784664471.525676,1784664471.539263,decode,18,0,2944,0.0064,0,18,
1784664471.539263,1784664471.552852,decode,18,0,2976,0.0065,0,18,
1784664471.552852,1784664471.566425,decode,18,0,2992,0.0066,0,18,
1784664471.566425,1784664471.579933,decode,18,0,3024,0.0066,0,18,
1784664471.579933,1784664471.593576,decode,17,0,2768,0.0061,0,18,
1784664471.593576,1784664471.606775,decode,17,0,2768,0.0061,0,17,
1784664471.606775,1784664471.619963,decode,17,0,2784,0.0061,0,17,
1784664471.619963,1784664471.633186,decode,17,0,2784,0.0061,0,17,
1784664471.633186,1784664471.646458,decode,17,0,2800,0.0061,0,17,
1784664471.646458,1784664471.661014,mixed,18,0,2848,0.0062,11,18,
1784664471.661014,1784664471.674318,decode,18,0,2848,0.0062,0,18,
1784664471.674318,1784664471.687895,decode,18,0,2912,0.0064,0,18,
1784664471.687895,1784664471.701516,decode,18,0,2912,0.0064,0,18,
1784664471.701516,1784664471.715171,decode,18,0,2912,0.0064,0,18,
1784664471.715171,1784664471.728786,decode,18,0,2944,0.0064,0,18,
1784664471.728786,1784664471.742387,decode,18,0,2960,0.0065,0,18,
1784664471.742387,1784664471.756019,decode,18,0,2976,0.0065,0,18,
1784664471.756019,1784664471.769637,decode,18,0,3008,0.0066,0,18,
1784664471.769637,1784664471.783251,decode,18,0,3024,0.0066,0,18,
1784664471.783251,1784664471.796839,decode,18,0,3056,0.0067,0,18,
1784664471.796839,1784664471.810460,decode,18,0,3072,0.0067,0,18,
1784664471.810460,1784664471.824055,decode,18,0,3072,0.0067,0,18,
1784664471.824055,1784664471.837661,decode,18,0,3088,0.0068,0,18,
1784664471.837661,1784664471.851277,decode,18,0,3088,0.0068,0,18,
1784664471.851277,1784664471.864877,decode,18,0,3104,0.0068,0,18,
1784664471.864877,1784664471.878469,decode,18,0,3136,0.0069,0,18,
1784664471.878469,1784664471.892091,decode,18,0,3136,0.0069,0,18,
1784664471.892091,1784664471.905688,decode,18,0,3200,0.0070,0,18,
1784664471.905688,1784664471.919461,decode,18,0,3200,0.0070,0,18,
1784664471.919461,1784664471.933303,decode,17,0,2928,0.0064,0,18,
1784664471.933303,1784664471.946964,decode,16,0,2672,0.0059,0,17,
1784664471.946964,1784664471.960400,decode,16,0,2688,0.0059,0,16,
1784664471.960400,1784664471.982073,mixed,16,0,2704,0.0059,113,17,
1784664471.982073,1784664471.995642,decode,16,0,2736,0.0060,0,16,
1784664471.995642,1784664472.009262,decode,16,0,2752,0.0060,0,16,
1784664472.009262,1784664472.022782,decode,16,0,2784,0.0061,0,16,
1784664472.022782,1784664472.036267,decode,16,0,2800,0.0061,0,16,
1784664472.036267,1784664472.049696,decode,16,0,2800,0.0061,0,16,
1784664472.049696,1784664472.063245,decode,15,0,2528,0.0055,0,16,
1784664472.063245,1784664472.077743,mixed,16,0,2544,0.0056,16,16,
1784664472.077743,1784664472.090833,decode,16,0,2560,0.0056,0,16,
1784664472.090833,1784664472.103911,decode,16,0,2592,0.0057,0,16,
1784664472.103911,1784664472.116975,decode,16,0,2592,0.0057,0,16,
1784664472.116975,1784664472.130138,decode,16,0,2640,0.0058,0,16,
1784664472.130138,1784664472.144509,mixed,17,0,2656,0.0058,16,17,
1784664472.144509,1784664472.157754,decode,17,0,2672,0.0059,0,17,
1784664472.157754,1784664472.170973,decode,17,0,2688,0.0059,0,17,
1784664472.170973,1784664472.184245,decode,17,0,2704,0.0059,0,17,
1784664472.184245,1784664472.197404,decode,17,0,2720,0.0060,0,17,
1784664472.197404,1784664472.210617,decode,17,0,2752,0.0060,0,17,
1784664472.210617,1784664472.223861,decode,17,0,2768,0.0061,0,17,
1784664472.223861,1784664472.237080,decode,17,0,2800,0.0061,0,17,
1784664472.237080,1784664472.250282,decode,17,0,2816,0.0062,0,17,
1784664472.250282,1784664472.263515,decode,17,0,2816,0.0062,0,17,
1784664472.263515,1784664472.276843,decode,17,0,2832,0.0062,0,17,
1784664472.276843,1784664472.291239,mixed,18,0,2864,0.0063,19,18,
1784664472.291239,1784664472.304547,decode,18,0,2880,0.0063,0,18,
1784664472.304547,1784664472.317950,decode,18,0,2912,0.0064,0,18,
1784664472.317950,1784664472.331708,mixed,19,0,2928,0.0064,7,19,
1784664472.331708,1784664472.345283,decode,19,0,2976,0.0065,0,19,
1784664472.345283,1784664472.358859,decode,19,0,2976,0.0065,0,19,
1784664472.358859,1784664472.372376,decode,19,0,2992,0.0066,0,19,
1784664472.372376,1784664472.385910,decode,19,0,3008,0.0066,0,19,
1784664472.385910,1784664472.399438,decode,19,0,3024,0.0066,0,19,
1784664472.399438,1784664472.412931,decode,19,0,3040,0.0067,0,19,
1784664472.412931,1784664472.426413,decode,19,0,3072,0.0067,0,19,
1784664472.426413,1784664472.439924,decode,19,0,3088,0.0068,0,19,
1784664472.439924,1784664472.453421,decode,19,0,3120,0.0068,0,19,
1784664472.453421,1784664472.466985,decode,19,0,3152,0.0069,0,19,
1784664472.466985,1784664472.480543,decode,19,0,3168,0.0069,0,19,
1784664472.480543,1784664472.494143,decode,19,0,3184,0.0070,0,19,
1784664472.494143,1784664472.507832,decode,18,0,2912,0.0064,0,19,
1784664472.507832,1784664472.521094,decode,18,0,2928,0.0064,0,18,
1784664472.521094,1784664472.534434,decode,18,0,2960,0.0065,0,18,
1784664472.534434,1784664472.548938,mixed,19,0,2976,0.0065,9,19,
1784664472.548938,1784664472.562446,decode,19,0,3024,0.0066,0,19,
1784664472.562446,1784664472.575942,decode,19,0,3024,0.0066,0,19,
1784664472.575942,1784664472.589456,decode,19,0,3040,0.0067,0,19,
1784664472.589456,1784664472.602993,decode,19,0,3056,0.0067,0,19,
1784664472.602993,1784664472.616509,decode,19,0,3072,0.0067,0,19,
1784664472.616509,1784664472.629992,decode,19,0,3088,0.0068,0,19,
1784664472.629992,1784664472.643515,decode,19,0,3120,0.0068,0,19,
1784664472.643515,1784664472.656998,decode,19,0,3152,0.0069,0,19,
1784664472.656998,1784664472.670461,decode,19,0,3184,0.0070,0,19,
1784664472.670461,1784664472.683942,decode,19,0,3200,0.0070,0,19,
1784664472.683942,1784664472.697472,decode,19,0,3216,0.0070,0,19,
1784664472.697472,1784664472.710888,decode,19,0,3232,0.0071,0,19,
1784664472.710888,1784664472.724376,decode,19,0,3232,0.0071,0,19,
1784664472.724376,1784664472.737833,decode,19,0,3248,0.0071,0,19,
1784664472.737833,1784664472.751317,decode,19,0,3280,0.0072,0,19,
1784664472.751317,1784664472.764887,decode,19,0,3280,0.0072,0,19,
1784664472.764887,1784664472.779473,mixed,20,0,3344,0.0073,15,20,
1784664472.779473,1784664472.793045,decode,20,0,3344,0.0073,0,20,
1784664472.793045,1784664472.806666,decode,20,0,3376,0.0074,0,20,
1784664472.806666,1784664472.820373,decode,20,0,3392,0.0074,0,20,
1784664472.820373,1784664472.834081,decode,20,0,3408,0.0075,0,20,
1784664472.834081,1784664472.847792,decode,20,0,3424,0.0075,0,20,
1784664472.847792,1784664472.861516,decode,20,0,3456,0.0076,0,20,
1784664472.861516,1784664472.875190,decode,20,0,3488,0.0076,0,20,
1784664472.875190,1784664472.889021,decode,20,0,3520,0.0077,0,20,
1784664472.889021,1784664472.902776,decode,20,0,3536,0.0077,0,20,
1784664472.902776,1784664472.916422,decode,20,0,3552,0.0078,0,20,
1784664472.916422,1784664472.930043,decode,20,0,3568,0.0078,0,20,
1784664472.930043,1784664472.943753,decode,20,0,3568,0.0078,0,20,
1784664472.943753,1784664472.957425,decode,20,0,3584,0.0078,0,20,
1784664472.957425,1784664472.971174,decode,19,0,3344,0.0073,0,20,
1784664472.971174,1784664472.984742,decode,19,0,3344,0.0073,0,19,
1784664472.984742,1784664472.998352,decode,19,0,3392,0.0074,0,19,
1784664472.998352,1784664473.011923,decode,19,0,3392,0.0074,0,19,
1784664473.011923,1784664473.025508,decode,19,0,3424,0.0075,0,19,
1784664473.025508,1784664473.039110,decode,19,0,3424,0.0075,0,19,
1784664473.039110,1784664473.052782,decode,19,0,3440,0.0075,0,19,
1784664473.052782,1784664473.066703,mixed,20,0,3472,0.0076,6,20,
1784664473.066703,1784664473.080404,decode,20,0,3504,0.0077,0,20,
1784664473.080404,1784664473.094087,decode,20,0,3536,0.0077,0,20,
1784664473.094087,1784664473.107745,decode,20,0,3568,0.0078,0,20,
1784664473.107745,1784664473.121410,decode,20,0,3584,0.0078,0,20,
1784664473.121410,1784664473.135036,decode,20,0,3600,0.0079,0,20,
1784664473.135036,1784664473.148681,decode,20,0,3616,0.0079,0,20,
1784664473.148681,1784664473.162471,decode,20,0,3616,0.0079,0,20,
1784664473.162471,1784664473.177235,mixed,21,0,3648,0.0080,11,21,
1784664473.177235,1784664473.190991,decode,20,0,3392,0.0074,0,21,
1784664473.190991,1784664473.204578,decode,20,0,3392,0.0074,0,20,
1784664473.204578,1784664473.218168,decode,20,0,3456,0.0076,0,20,
1784664473.218168,1784664473.231765,decode,20,0,3456,0.0076,0,20,
1784664473.231765,1784664473.245373,decode,20,0,3488,0.0076,0,20,
1784664473.245373,1784664473.259067,decode,19,0,3232,0.0071,0,20,
1784664473.259067,1784664473.272631,decode,19,0,3248,0.0071,0,19,
1784664473.272631,1784664473.286249,decode,19,0,3264,0.0071,0,19,
1784664473.286249,1784664473.299820,decode,19,0,3296,0.0072,0,19,
1784664473.299820,1784664473.313406,decode,19,0,3328,0.0073,0,19,
1784664473.313406,1784664473.327013,decode,19,0,3344,0.0073,0,19,
1784664473.327013,1784664473.340568,decode,19,0,3360,0.0074,0,19,
1784664473.340568,1784664473.354083,decode,19,0,3376,0.0074,0,19,
1784664473.354083,1784664473.367628,decode,19,0,3376,0.0074,0,19,
1784664473.367628,1784664473.381273,decode,18,0,3104,0.0068,0,19,
1784664473.381273,1784664473.394916,decode,18,0,3120,0.0068,0,18,
1784664473.394916,1784664473.408589,decode,18,0,3152,0.0069,0,18,
1784664473.408589,1784664473.422251,decode,18,0,3152,0.0069,0,18,
1784664473.422251,1784664473.436024,decode,17,0,2880,0.0063,0,18,
1784664473.436024,1784664473.449596,decode,17,0,2880,0.0063,0,17,
1784664473.449596,1784664473.463186,decode,17,0,2912,0.0064,0,17,
1784664473.463186,1784664473.476762,decode,17,0,2928,0.0064,0,17,
1784664473.476762,1784664473.490342,decode,17,0,2944,0.0064,0,17,
1784664473.490342,1784664473.504001,decode,17,0,2960,0.0065,0,17,
1784664473.504001,1784664473.517655,decode,17,0,2992,0.0066,0,17,
1784664473.517655,1784664473.531413,decode,17,0,3024,0.0066,0,17,
1784664473.531413,1784664473.547513,mixed,18,0,3104,0.0068,76,18,
1784664473.547513,1784664473.561486,decode,17,0,2848,0.0062,0,18,
1784664473.561486,1784664473.575336,decode,16,0,2592,0.0057,0,17,
1784664473.575336,1784664473.588809,decode,16,0,2592,0.0057,0,16,
1784664473.588809,1784664473.602381,decode,16,0,2592,0.0057,0,16,
1784664473.602381,1784664473.615837,decode,16,0,2624,0.0057,0,16,
1784664473.615837,1784664473.629199,decode,16,0,2656,0.0058,0,16,
1784664473.629199,1784664473.642747,decode,15,0,2384,0.0052,0,16,
1784664473.642747,1784664473.724769,mixed,15,0,2416,0.0053,970,16,
1784664473.724769,1784664473.739532,mixed,16,0,2432,0.0053,10,16,
1784664473.739532,1784664473.753639,decode,16,0,2464,0.0054,0,16,
1784664473.753639,1784664473.767569,decode,16,0,2480,0.0054,0,16,
1784664473.767569,1784664473.781134,decode,16,0,2496,0.0055,0,16,
1784664473.781134,1784664473.794710,decode,16,0,2496,0.0055,0,16,
1784664473.794710,1784664473.808180,decode,16,0,2512,0.0055,0,16,
1784664473.808180,1784664473.821534,decode,16,0,2544,0.0056,0,16,
1784664473.821534,1784664473.834881,decode,16,0,2560,0.0056,0,16,
1784664473.834881,1784664473.848382,decode,15,0,2304,0.0050,0,16,
1784664473.848382,1784664473.861689,decode,15,0,2320,0.0051,0,15,
1784664473.861689,1784664473.877069,mixed,16,0,2384,0.0052,58,16,
1784664473.877069,1784664473.890497,decode,16,0,2384,0.0052,0,16,
1784664473.890497,1784664473.903898,decode,16,0,2416,0.0053,0,16,
1784664473.903898,1784664473.917268,decode,16,0,2448,0.0054,0,16,
1784664473.917268,1784664473.930622,decode,16,0,2448,0.0054,0,16,
1784664473.930622,1784664473.944075,decode,15,0,2192,0.0048,0,16,
1784664473.944075,1784664473.957275,decode,15,0,2192,0.0048,0,15,
1784664473.957275,1784664473.970510,decode,15,0,2240,0.0049,0,15,
1784664473.970510,1784664473.983757,decode,15,0,2256,0.0049,0,15,
1784664473.983757,1784664473.997027,decode,15,0,2272,0.0050,0,15,
1784664473.997027,1784664474.010313,decode,15,0,2272,0.0050,0,15,
1784664474.010313,1784664474.023559,decode,15,0,2288,0.0050,0,15,
1784664474.023559,1784664474.036819,decode,15,0,2320,0.0051,0,15,
1784664474.036819,1784664474.050081,decode,15,0,2336,0.0051,0,15,
1784664474.050081,1784664474.063314,decode,15,0,2352,0.0052,0,15,
1784664474.063314,1784664474.076440,decode,15,0,2368,0.0052,0,15,
1784664474.076440,1784664474.089676,decode,15,0,2368,0.0052,0,15,
1784664474.089676,1784664474.102915,decode,15,0,2368,0.0052,0,15,
1784664474.102915,1784664474.116250,decode,14,0,2064,0.0045,0,15,
1784664474.116250,1784664474.129347,decode,14,0,2080,0.0046,0,14,
1784664474.129347,1784664474.142488,decode,14,0,2080,0.0046,0,14,
1784664474.142488,1784664474.155704,decode,14,0,2096,0.0046,0,14,
1784664474.155704,1784664474.168894,decode,14,0,2096,0.0046,0,14,
1784664474.168894,1784664474.182067,decode,14,0,2144,0.0047,0,14,
1784664474.182067,1784664474.195224,decode,14,0,2160,0.0047,0,14,
1784664474.195224,1784664474.208401,decode,14,0,2176,0.0048,0,14,
1784664474.208401,1784664474.221537,decode,14,0,2176,0.0048,0,14,
1784664474.221537,1784664474.234707,decode,14,0,2192,0.0048,0,14,
1784664474.234707,1784664474.247866,decode,14,0,2208,0.0048,0,14,
1784664474.247866,1784664474.261088,decode,14,0,2224,0.0049,0,14,
1784664474.261088,1784664474.274300,decode,14,0,2240,0.0049,0,14,
1784664474.274300,1784664474.287479,decode,14,0,2256,0.0049,0,14,
1784664474.287479,1784664474.300680,decode,14,0,2256,0.0049,0,14,
1784664474.300680,1784664474.313818,decode,14,0,2256,0.0049,0,14,
1784664474.313818,1784664474.326943,decode,14,0,2288,0.0050,0,14,
1784664474.326943,1784664474.340154,decode,14,0,2304,0.0050,0,14,
1784664474.340154,1784664474.353319,decode,14,0,2304,0.0050,0,14,
1784664474.353319,1784664474.366604,decode,13,0,2048,0.0045,0,14,
1784664474.366604,1784664474.379803,decode,13,0,2048,0.0045,0,13,
1784664474.379803,1784664474.392953,decode,13,0,2096,0.0046,0,13,
1784664474.392953,1784664474.406139,decode,13,0,2112,0.0046,0,13,
1784664474.406139,1784664474.419314,decode,13,0,2128,0.0047,0,13,
1784664474.419314,1784664474.432511,decode,13,0,2128,0.0047,0,13,
1784664474.432511,1784664474.445707,decode,13,0,2144,0.0047,0,13,
1784664474.445707,1784664474.458839,decode,13,0,2160,0.0047,0,13,
1784664474.458839,1784664474.472016,decode,13,0,2176,0.0048,0,13,
1784664474.472016,1784664474.485181,decode,13,0,2192,0.0048,0,13,
1784664474.485181,1784664474.498339,decode,13,0,2208,0.0048,0,13,
1784664474.498339,1784664474.511574,decode,13,0,2208,0.0048,0,13,
1784664474.511574,1784664474.524763,decode,13,0,2208,0.0048,0,13,
1784664474.524763,1784664474.537923,decode,13,0,2240,0.0049,0,13,
1784664474.537923,1784664474.551172,decode,13,0,2240,0.0049,0,13,
1784664474.551172,1784664474.564707,mixed,14,0,2256,0.0049,11,14,
1784664474.564707,1784664474.577888,decode,14,0,2272,0.0050,0,14,
1784664474.577888,1784664474.591085,decode,14,0,2272,0.0050,0,14,
1784664474.591085,1784664474.604261,decode,14,0,2320,0.0051,0,14,
1784664474.604261,1784664474.617378,decode,14,0,2336,0.0051,0,14,
1784664474.617378,1784664474.630566,decode,14,0,2352,0.0052,0,14,
1784664474.630566,1784664474.643765,decode,14,0,2368,0.0052,0,14,
1784664474.643765,1784664474.656920,decode,14,0,2384,0.0052,0,14,
1784664474.656920,1784664474.670114,decode,14,0,2400,0.0053,0,14,
1784664474.670114,1784664474.683412,decode,13,0,2032,0.0045,0,14,
1784664474.683412,1784664474.696453,decode,13,0,2048,0.0045,0,13,
1784664474.696453,1784664474.709478,decode,13,0,2064,0.0045,0,13,
1784664474.709478,1784664474.722601,decode,13,0,2064,0.0045,0,13,
1784664474.722601,1784664474.735703,decode,13,0,2064,0.0045,0,13,
1784664474.735703,1784664474.748806,decode,13,0,2096,0.0046,0,13,
1784664474.748806,1784664474.761944,decode,13,0,2096,0.0046,0,13,
1784664474.761944,1784664474.775115,decode,13,0,2096,0.0046,0,13,
1784664474.775115,1784664474.788268,decode,13,0,2112,0.0046,0,13,
1784664474.788268,1784664474.801335,decode,13,0,2112,0.0046,0,13,
1784664474.801335,1784664474.814540,decode,13,0,2160,0.0047,0,13,
1784664474.814540,1784664474.827754,decode,13,0,2176,0.0048,0,13,
1784664474.827754,1784664474.840862,decode,13,0,2192,0.0048,0,13,
1784664474.840862,1784664474.853987,decode,13,0,2208,0.0048,0,13,
1784664474.853987,1784664474.867295,decode,13,0,2208,0.0048,0,13,
1784664474.867295,1784664474.889247,mixed,13,0,2224,0.0049,181,14,
1784664474.889247,1784664474.902746,decode,13,0,2240,0.0049,0,13,
1784664474.902746,1784664474.916537,decode,13,0,2256,0.0049,0,13,
1784664474.916537,1784664474.930097,decode,13,0,2272,0.0050,0,13,
1784664474.930097,1784664474.943516,decode,13,0,2272,0.0050,0,13,
1784664474.943516,1784664474.956895,decode,13,0,2272,0.0050,0,13,
1784664474.956895,1784664474.970154,decode,13,0,2304,0.0050,0,13,
1784664474.970154,1784664474.983351,decode,13,0,2304,0.0050,0,13,
1784664474.983351,1784664474.996524,decode,13,0,2304,0.0050,0,13,
1784664474.996524,1784664475.009762,decode,13,0,2320,0.0051,0,13,
1784664475.009762,1784664475.022906,decode,13,0,2320,0.0051,0,13,
1784664475.022906,1784664475.036096,decode,13,0,2368,0.0052,0,13,
1784664475.036096,1784664475.049309,decode,13,0,2384,0.0052,0,13,
1784664475.049309,1784664475.062611,decode,13,0,2400,0.0053,0,13,
1784664475.062611,1784664475.076341,mixed,14,0,2432,0.0053,11,14,
1784664475.076341,1784664475.089951,mixed,15,0,2448,0.0054,11,15,
1784664475.089951,1784664475.103306,decode,15,0,2464,0.0054,0,15,
1784664475.103306,1784664475.116589,decode,15,0,2480,0.0054,0,15,
1784664475.116589,1784664475.129929,decode,15,0,2496,0.0055,0,15,
1784664475.129929,1784664475.143189,decode,15,0,2512,0.0055,0,15,
1784664475.143189,1784664475.156500,decode,15,0,2528,0.0055,0,15,
1784664475.156500,1784664475.169834,decode,15,0,2544,0.0056,0,15,
1784664475.169834,1784664475.183191,decode,14,0,2304,0.0050,0,15,
1784664475.183191,1784664475.196267,decode,14,0,2304,0.0050,0,14,
1784664475.196267,1784664475.235417,mixed,14,0,2304,0.0050,480,15,
1784664475.235417,1784664475.249410,decode,14,0,2320,0.0051,0,14,
1784664475.249410,1784664475.263332,decode,14,0,2320,0.0051,0,14,
1784664475.263332,1784664475.277060,decode,14,0,2368,0.0052,0,14,
1784664475.277060,1784664475.291835,mixed,15,0,2400,0.0053,13,15,
1784664475.291835,1784664475.305086,decode,15,0,2400,0.0053,0,15,
1784664475.305086,1784664475.318265,decode,15,0,2416,0.0053,0,15,
1784664475.318265,1784664475.331372,decode,15,0,2416,0.0053,0,15,
1784664475.331372,1784664475.344508,decode,15,0,2448,0.0054,0,15,
1784664475.344508,1784664475.357676,decode,14,0,2288,0.0050,0,15,
1784664475.357676,1784664475.370707,decode,14,0,2304,0.0050,0,14,
1784664475.370707,1784664475.383684,decode,14,0,2320,0.0051,0,14,
1784664475.383684,1784664475.396668,decode,14,0,2336,0.0051,0,14,
1784664475.396668,1784664475.409824,decode,14,0,2352,0.0052,0,14,
1784664475.409824,1784664475.430300,mixed,15,0,2560,0.0056,174,15,
1784664475.430300,1784664475.443742,decode,15,0,2560,0.0056,0,15,
1784664475.443742,1784664475.457310,decode,15,0,2560,0.0056,0,15,
1784664475.457310,1784664475.470749,decode,15,0,2592,0.0057,0,15,
1784664475.470749,1784664475.484171,decode,15,0,2592,0.0057,0,15,
1784664475.484171,1784664475.497617,decode,15,0,2640,0.0058,0,15,
1784664475.497617,1784664475.511024,decode,15,0,2640,0.0058,0,15,
1784664475.511024,1784664475.524339,decode,15,0,2640,0.0058,0,15,
1784664475.524339,1784664475.537636,decode,15,0,2656,0.0058,0,15,
1784664475.537636,1784664475.551016,decode,15,0,2656,0.0058,0,15,
1784664475.551016,1784664475.564290,decode,15,0,2688,0.0059,0,15,
1784664475.564290,1784664475.577599,decode,15,0,2704,0.0059,0,15,
1784664475.577599,1784664475.590950,decode,15,0,2720,0.0060,0,15,
1784664475.590950,1784664475.604288,decode,15,0,2736,0.0060,0,15,
1784664475.604288,1784664475.617718,decode,14,0,2480,0.0054,0,15,
1784664475.617718,1784664475.630884,decode,14,0,2496,0.0055,0,14,
1784664475.630884,1784664475.644150,decode,14,0,2512,0.0055,0,14,
1784664475.644150,1784664475.658403,mixed,15,0,2544,0.0056,20,15,
1784664475.658403,1784664475.671768,decode,15,0,2544,0.0056,0,15,
1784664475.671768,1784664475.686362,mixed,14,0,2288,0.0050,13,16,
1784664475.686362,1784664475.699595,decode,14,0,2288,0.0050,0,14,
1784664475.699595,1784664475.712691,decode,14,0,2320,0.0051,0,14,
1784664475.712691,1784664475.725899,decode,14,0,2320,0.0051,0,14,
1784664475.725899,1784664475.739112,decode,14,0,2336,0.0051,0,14,
1784664475.739112,1784664475.752295,decode,14,0,2352,0.0052,0,14,
1784664475.752295,1784664475.765451,decode,14,0,2352,0.0052,0,14,
1784664475.765451,1784664475.779215,decode,14,0,2384,0.0052,0,14,
1784664475.779215,1784664475.792505,decode,14,0,2400,0.0053,0,14,
1784664475.792505,1784664475.805712,decode,14,0,2416,0.0053,0,14,
1784664475.805712,1784664475.818912,decode,14,0,2432,0.0053,0,14,
1784664475.818912,1784664475.832298,decode,12,0,1984,0.0043,0,14,
1784664475.832298,1784664475.845610,decode,12,0,2000,0.0044,0,12,
1784664475.845610,1784664475.859184,mixed,13,0,2032,0.0045,12,13,
1784664475.859184,1784664475.910308,mixed,13,0,2352,0.0052,588,14,
1784664475.910308,1784664475.927929,mixed,13,0,1856,0.0041,92,14,
1784664475.927929,1784664475.941832,decode,12,0,1792,0.0039,0,13,
1784664475.941832,1784664475.955562,decode,12,0,1792,0.0039,0,12,
1784664475.955562,1784664475.969357,decode,12,0,1840,0.0040,0,12,
1784664475.969357,1784664475.983153,decode,12,0,1840,0.0040,0,12,
1784664475.983153,1784664475.996631,decode,12,0,1856,0.0041,0,12,
1784664475.996631,1784664476.009937,decode,12,0,1872,0.0041,0,12,
1784664476.009937,1784664476.023176,decode,12,0,1872,0.0041,0,12,
1784664476.023176,1784664476.036407,decode,12,0,1904,0.0042,0,12,
1784664476.036407,1784664476.049637,decode,12,0,1904,0.0042,0,12,
1784664476.049637,1784664476.062826,decode,12,0,1904,0.0042,0,12,
1784664476.062826,1784664476.076020,decode,12,0,1904,0.0042,0,12,
1784664476.076020,1784664476.089336,decode,12,0,1920,0.0042,0,12,
1784664476.089336,1784664476.111969,mixed,13,0,2176,0.0048,233,13,
1784664476.111969,1784664476.125717,decode,13,0,2192,0.0048,0,13,
1784664476.125717,1784664476.139492,decode,12,0,1920,0.0042,0,13,
1784664476.139492,1784664476.153042,mixed,13,0,1936,0.0042,6,13,
1784664476.153042,1784664476.166516,decode,13,0,1968,0.0043,0,13,
1784664476.166516,1784664476.179837,decode,13,0,1968,0.0043,0,13,
1784664476.179837,1784664476.193162,decode,13,0,2016,0.0044,0,13,
1784664476.193162,1784664476.206445,decode,13,0,2016,0.0044,0,13,
1784664476.206445,1784664476.219681,decode,13,0,2048,0.0045,0,13,
1784664476.219681,1784664476.232883,decode,13,0,2064,0.0045,0,13,
1784664476.232883,1784664476.246075,decode,13,0,2064,0.0045,0,13,
1784664476.246075,1784664476.259233,decode,13,0,2080,0.0046,0,13,
1784664476.259233,1784664476.272464,decode,13,0,2080,0.0046,0,13,
1784664476.272464,1784664476.285645,decode,13,0,2080,0.0046,0,13,
1784664476.285645,1784664476.298903,decode,13,0,2096,0.0046,0,13,
1784664476.298903,1784664476.312084,decode,13,0,2112,0.0046,0,13,
1784664476.312084,1784664476.325246,decode,13,0,2128,0.0047,0,13,
1784664476.325246,1784664476.338467,decode,13,0,2144,0.0047,0,13,
1784664476.338467,1784664476.351824,decode,13,0,2144,0.0047,0,13,
1784664476.351824,1784664476.408381,mixed,12,0,1872,0.0041,719,14,
1784664476.408381,1784664476.431891,mixed,14,0,2080,0.0046,166,14,
1784664476.431891,1784664476.445946,decode,14,0,2080,0.0046,0,14,
1784664476.445946,1784664476.459714,decode,14,0,2128,0.0047,0,14,
1784664476.459714,1784664476.473336,decode,14,0,2128,0.0047,0,14,
1784664476.473336,1784664476.486829,decode,14,0,2160,0.0047,0,14,
1784664476.486829,1784664476.500152,decode,14,0,2176,0.0048,0,14,
1784664476.500152,1784664476.513556,decode,14,0,2176,0.0048,0,14,
1784664476.513556,1784664476.526762,decode,14,0,2192,0.0048,0,14,
1784664476.526762,1784664476.540217,decode,14,0,2192,0.0048,0,14,
1784664476.540217,1784664476.554483,mixed,15,0,2224,0.0049,739,16,
1784664476.554483,1784664476.567713,decode,15,0,2256,0.0049,0,15,
1784664476.567713,1784664476.580965,decode,15,0,2272,0.0050,0,15,
1784664476.580965,1784664476.594231,decode,15,0,2288,0.0050,0,15,
1784664476.594231,1784664476.607487,decode,15,0,2304,0.0050,0,15,
1784664476.607487,1784664476.620772,decode,15,0,2304,0.0050,0,15,
1784664476.620772,1784664476.634058,decode,15,0,2304,0.0050,0,15,
1784664476.634058,1784664476.647424,decode,15,0,2336,0.0051,0,15,
1784664476.647424,1784664476.661079,mixed,16,0,2352,0.0052,4,16,
1784664476.661079,1784664476.674449,decode,16,0,2400,0.0053,0,16,
1784664476.674449,1784664476.687842,decode,16,0,2400,0.0053,0,16,
1784664476.687842,1784664476.701324,decode,15,0,2160,0.0047,0,16,
1784664476.701324,1784664476.714544,decode,15,0,2176,0.0048,0,15,
1784664476.714544,1784664476.727736,decode,15,0,2192,0.0048,0,15,
1784664476.727736,1784664476.740901,decode,15,0,2208,0.0048,0,15,
1784664476.740901,1784664476.754209,decode,15,0,2208,0.0048,0,15,
1784664476.754209,1784664476.767513,decode,15,0,2208,0.0048,0,15,
1784664476.767513,1784664476.780756,decode,15,0,2240,0.0049,0,15,
1784664476.780756,1784664476.794054,decode,15,0,2256,0.0049,0,15,
1784664476.794054,1784664476.807258,decode,15,0,2272,0.0050,0,15,
1784664476.807258,1784664476.820476,decode,15,0,2288,0.0050,0,15,
1784664476.820476,1784664476.833701,decode,15,0,2304,0.0050,0,15,
1784664476.833701,1784664476.846936,decode,15,0,2304,0.0050,0,15,
1784664476.846936,1784664476.860248,decode,15,0,2320,0.0051,0,15,
1784664476.860248,1784664476.873490,decode,15,0,2320,0.0051,0,15,
1784664476.873490,1784664476.886821,decode,15,0,2368,0.0052,0,15,
1784664476.886821,1784664476.900019,decode,15,0,2368,0.0052,0,15,
1784664476.900019,1784664476.913266,decode,15,0,2400,0.0053,0,15,
1784664476.913266,1784664476.926585,decode,15,0,2416,0.0053,0,15,
1784664476.926585,1784664476.939917,decode,14,0,2224,0.0049,0,15,
1784664476.939917,1784664476.953175,decode,14,0,2240,0.0049,0,14,
1784664476.953175,1784664476.967231,mixed,15,0,2288,0.0050,42,15,
1784664476.967231,1784664476.980510,decode,15,0,2288,0.0050,0,15,
1784664476.980510,1784664476.993834,decode,15,0,2320,0.0051,0,15,
1784664476.993834,1784664477.007165,decode,15,0,2336,0.0051,0,15,
1784664477.007165,1784664477.020427,decode,15,0,2352,0.0052,0,15,
1784664477.020427,1784664477.033686,decode,15,0,2368,0.0052,0,15,
1784664477.033686,1784664477.047210,decode,15,0,2384,0.0052,0,15,
1784664477.047210,1784664477.061167,mixed,16,0,2448,0.0054,41,16,
1784664477.061167,1784664477.074507,decode,16,0,2464,0.0054,0,16,
1784664477.074507,1784664477.087902,decode,16,0,2464,0.0054,0,16,
1784664477.087902,1784664477.101303,decode,16,0,2496,0.0055,0,16,
1784664477.101303,1784664477.114697,decode,16,0,2496,0.0055,0,16,
1784664477.114697,1784664477.128034,decode,16,0,2528,0.0055,0,16,
1784664477.128034,1784664477.141472,decode,16,0,2544,0.0056,0,16,
1784664477.141472,1784664477.154781,decode,16,0,2560,0.0056,0,16,
1784664477.154781,1784664477.168171,decode,15,0,2256,0.0049,0,16,
1784664477.168171,1784664477.181378,decode,15,0,2256,0.0049,0,15,
1784664477.181378,1784664477.196482,decode,15,0,2256,0.0049,0,15,
1784664477.196482,1784664477.209212,mixed,17,0,2320,0.0051,20,17,
1784664477.209212,1784664477.222628,decode,17,0,2336,0.0051,0,17,
1784664477.222628,1784664477.236068,decode,17,0,2352,0.0052,0,17,
1784664477.236068,1784664477.249531,decode,17,0,2352,0.0052,0,17,
1784664477.249531,1784664477.263014,decode,17,0,2368,0.0052,0,17,
1784664477.263014,1784664477.276552,decode,17,0,2384,0.0052,0,17,
1784664477.276552,1784664477.290009,decode,17,0,2400,0.0053,0,17,
1784664477.290009,1784664477.303482,decode,17,0,2432,0.0053,0,17,
1784664477.303482,1784664477.317044,decode,17,0,2464,0.0054,0,17,
1784664477.317044,1784664477.331424,mixed,18,0,2496,0.0055,19,18,
1784664477.331424,1784664477.344985,decode,18,0,2528,0.0055,0,18,
1784664477.344985,1784664477.358547,decode,18,0,2544,0.0056,0,18,
1784664477.358547,1784664477.372093,decode,18,0,2560,0.0056,0,18,
1784664477.372093,1784664477.385612,decode,18,0,2592,0.0057,0,18,
1784664477.385612,1784664477.399185,decode,18,0,2592,0.0057,0,18,
1784664477.399185,1784664477.412829,decode,18,0,2592,0.0057,0,18,
1784664477.412829,1784664477.426496,decode,17,0,2304,0.0050,0,18,
1784664477.426496,1784664477.440017,decode,17,0,2320,0.0051,0,17,
1784664477.440017,1784664477.454548,mixed,18,0,2368,0.0052,25,18,
1784664477.454548,1784664477.468184,decode,18,0,2368,0.0052,0,18,
1784664477.468184,1784664477.481840,decode,18,0,2384,0.0052,0,18,
1784664477.481840,1784664477.495518,decode,18,0,2400,0.0053,0,18,
1784664477.495518,1784664477.509109,decode,18,0,2416,0.0053,0,18,
1784664477.509109,1784664477.522719,decode,18,0,2464,0.0054,0,18,
1784664477.522719,1784664477.536331,decode,18,0,2480,0.0054,0,18,
1784664477.536331,1784664477.550309,decode,18,0,2480,0.0054,0,18,
1784664477.550309,1784664477.713691,decode,19,0,4560,0.0100,0,18,
1784664477.713691,1784664477.807617,mixed,21,0,5568,0.0122,3004,21,
1784664477.807617,1784664477.823579,decode,20,0,5568,0.0122,0,21,
1784664477.823579,1784664477.838972,decode,19,0,5440,0.0119,0,20,
1784664477.838972,1784664477.854071,decode,19,0,5440,0.0119,0,19,
1784664477.854071,1784664477.869010,decode,19,0,5440,0.0119,0,19,
1784664477.869010,1784664477.883834,decode,19,0,5472,0.0120,0,19,
1784664477.883834,1784664477.898525,decode,19,0,5488,0.0120,0,19,
1784664477.898525,1784664477.913193,decode,19,0,5504,0.0121,0,19,
1784664477.913193,1784664477.927825,decode,19,0,5520,0.0121,0,19,
1784664477.927825,1784664477.942475,decode,19,0,5552,0.0122,0,19,
1784664477.942475,1784664477.958431,decode,19,0,5568,0.0122,0,19,
1784664477.958431,1784664477.973060,decode,19,0,5584,0.0122,0,19,
1784664477.973060,1784664477.987694,decode,19,0,5632,0.0123,0,19,
1784664477.987694,1784664478.002313,decode,19,0,5648,0.0124,0,19,
1784664478.002313,1784664478.016951,decode,19,0,5648,0.0124,0,19,
1784664478.016951,1784664478.031470,decode,19,0,5680,0.0124,0,19,
1784664478.031470,1784664478.046096,decode,19,0,5696,0.0125,0,19,
1784664478.046096,1784664478.060660,decode,19,0,5712,0.0125,0,19,
1784664478.060660,1784664478.075248,decode,19,0,5744,0.0126,0,19,
1784664478.075248,1784664478.089917,decode,19,0,5744,0.0126,0,19,
1784664478.089917,1784664478.104512,decode,19,0,5744,0.0126,0,19,
1784664478.104512,1784664478.119169,decode,19,0,5776,0.0126,0,19,
1784664478.119169,1784664478.133772,decode,19,0,5792,0.0127,0,19,
1784664478.133772,1784664478.148440,decode,19,0,5808,0.0127,0,19,
1784664478.148440,1784664478.163177,decode,19,0,5824,0.0128,0,19,
1784664478.163177,1784664478.182260,mixed,22,0,5952,0.0130,89,22,
1784664478.182260,1784664478.198152,decode,22,0,5968,0.0131,0,22,
1784664478.198152,1784664478.214063,decode,22,0,6000,0.0131,0,22,
1784664478.214063,1784664478.229809,decode,22,0,6064,0.0133,0,22,
1784664478.229809,1784664478.245470,decode,22,0,6080,0.0133,0,22,
1784664478.245470,1784664478.261104,decode,22,0,6096,0.0134,0,22,
1784664478.261104,1784664478.276742,decode,22,0,6128,0.0134,0,22,
1784664478.276742,1784664478.292375,decode,22,0,6144,0.0135,0,22,
1784664478.292375,1784664478.308012,decode,22,0,6160,0.0135,0,22,
1784664478.308012,1784664478.323600,decode,22,0,6192,0.0136,0,22,
1784664478.323600,1784664478.339180,decode,22,0,6192,0.0136,0,22,
1784664478.339180,1784664478.354766,decode,22,0,6192,0.0136,0,22,
1784664478.354766,1784664478.370340,decode,22,0,6224,0.0136,0,22,
1784664478.370340,1784664478.385910,decode,22,0,6240,0.0137,0,22,
1784664478.385910,1784664478.401487,decode,22,0,6256,0.0137,0,22,
1784664478.401487,1784664478.417049,decode,22,0,6272,0.0137,0,22,
1784664478.417049,1784664478.432661,decode,21,0,6032,0.0132,0,22,
1784664478.432661,1784664478.447265,decode,21,0,6048,0.0132,0,21,
1784664478.447265,1784664478.461825,decode,21,0,6080,0.0133,0,21,
1784664478.461825,1784664478.476452,decode,21,0,6144,0.0135,0,21,
1784664478.476452,1784664478.490993,decode,21,0,6160,0.0135,0,21,
1784664478.490993,1784664478.505542,decode,21,0,6176,0.0135,0,21,
1784664478.505542,1784664478.520151,decode,21,0,6208,0.0136,0,21,
1784664478.520151,1784664478.534743,decode,21,0,6208,0.0136,0,21,
1784664478.534743,1784664478.549313,decode,21,0,6224,0.0136,0,21,
1784664478.549313,1784664478.563909,decode,21,0,6256,0.0137,0,21,
1784664478.563909,1784664478.578582,decode,21,0,6256,0.0137,0,21,
1784664478.578582,1784664478.596205,mixed,22,0,6272,0.0137,12,22,
1784664478.596205,1784664478.613866,mixed,23,0,6336,0.0139,21,23,
1784664478.613866,1784664478.632674,mixed,24,0,6416,0.0141,52,24,
1784664478.632674,1784664478.648665,decode,24,0,6432,0.0141,0,24,
1784664478.648665,1784664478.666667,mixed,25,0,6496,0.0142,40,25,
1784664478.666667,1784664478.682401,decode,25,0,6544,0.0143,0,25,
1784664478.682401,1784664478.698149,decode,25,0,6560,0.0144,0,25,
1784664478.698149,1784664478.713839,decode,25,0,6592,0.0144,0,25,
1784664478.713839,1784664478.729478,decode,25,0,6656,0.0146,0,25,
1784664478.729478,1784664478.745140,decode,25,0,6672,0.0146,0,25,
1784664478.745140,1784664478.760788,decode,25,0,6688,0.0146,0,25,
1784664478.760788,1784664478.776416,decode,25,0,6720,0.0147,0,25,
1784664478.776416,1784664478.792078,decode,25,0,6720,0.0147,0,25,
1784664478.792078,1784664478.807679,decode,25,0,6768,0.0148,0,25,
1784664478.807679,1784664478.823285,decode,25,0,6800,0.0149,0,25,
1784664478.823285,1784664478.838776,decode,25,0,6816,0.0149,0,25,
1784664478.838776,1784664478.854506,decode,25,0,6816,0.0149,0,25,
1784664478.854506,1784664478.871993,mixed,26,0,6864,0.0150,8,26,
1784664478.871993,1784664478.887614,decode,26,0,6880,0.0151,0,26,
1784664478.887614,1784664478.903287,decode,26,0,6896,0.0151,0,26,
1784664478.903287,1784664478.918891,decode,26,0,6912,0.0151,0,26,
1784664478.918891,1784664478.934532,decode,26,0,6960,0.0152,0,26,
1784664478.934532,1784664478.950204,decode,26,0,6976,0.0153,0,26,
1784664478.950204,1784664478.965833,decode,26,0,7008,0.0153,0,26,
1784664478.965833,1784664478.981603,decode,26,0,7072,0.0155,0,26,
1784664478.981603,1784664478.997338,decode,26,0,7088,0.0155,0,26,
1784664478.997338,1784664479.012960,decode,26,0,7120,0.0156,0,26,
1784664479.012960,1784664479.028690,decode,25,0,6880,0.0151,0,26,
1784664479.028690,1784664479.044326,decode,24,0,6608,0.0145,0,25,
1784664479.044326,1784664479.060000,decode,24,0,6656,0.0146,0,24,
1784664479.060000,1784664479.075740,decode,24,0,6688,0.0146,0,24,
1784664479.075740,1784664479.091548,decode,23,0,6624,0.0145,0,24,
1784664479.091548,1784664479.107209,decode,23,0,6624,0.0145,0,23,
1784664479.107209,1784664479.122870,decode,23,0,6656,0.0146,0,23,
1784664479.122870,1784664479.138534,decode,23,0,6656,0.0146,0,23,
1784664479.138534,1784664479.154243,decode,23,0,6656,0.0146,0,23,
1784664479.154243,1784664479.169935,decode,23,0,6672,0.0146,0,23,
1784664479.169935,1784664479.185737,decode,23,0,6720,0.0147,0,23,
1784664479.185737,1784664479.201685,decode,23,0,6736,0.0148,0,23,
1784664479.201685,1784664479.220601,mixed,24,0,6784,0.0149,52,25,
1784664479.220601,1784664479.236515,decode,24,0,6848,0.0150,0,24,
1784664479.236515,1784664479.252474,decode,23,0,6592,0.0144,0,24,
1784664479.252474,1784664479.268342,decode,23,0,6624,0.0145,0,23,
1784664479.268342,1784664479.287308,mixed,24,0,6704,0.0147,43,24,
1784664479.287308,1784664479.312616,mixed,25,0,6832,0.0150,117,25,
1784664479.312616,1784664479.329098,decode,25,0,6880,0.0151,0,25,
1784664479.329098,1784664479.349017,mixed,26,0,6992,0.0153,81,26,
1784664479.349017,1784664479.365443,decode,25,0,6960,0.0152,0,26,
1784664479.365443,1784664479.383618,mixed,26,0,6976,0.0153,14,26,
1784664479.383618,1784664479.399523,decode,26,0,7008,0.0153,0,26,
1784664479.399523,1784664479.415366,decode,26,0,7008,0.0153,0,26,
1784664479.415366,1784664479.431206,decode,25,0,6592,0.0144,0,26,
1784664479.431206,1784664479.446961,decode,25,0,6624,0.0145,0,25,
1784664479.446961,1784664479.462750,decode,25,0,6672,0.0146,0,25,
1784664479.462750,1784664479.478543,decode,25,0,6688,0.0146,0,25,
1784664479.478543,1784664479.494443,decode,25,0,6688,0.0146,0,25,
1784664479.494443,1784664479.512110,mixed,26,0,6784,0.0149,7,26,
1784664479.512110,1784664479.527822,decode,26,0,6800,0.0149,0,26,
1784664479.527822,1784664479.543656,decode,26,0,6832,0.0150,0,26,
1784664479.543656,1784664479.561617,mixed,27,0,6880,0.0151,15,27,
1784664479.561617,1784664479.581059,mixed,27,0,6880,0.0151,53,28,
1784664479.581059,1784664479.599213,decode,27,0,6944,0.0152,0,27,
1784664479.599213,1784664479.617353,decode,27,0,6976,0.0153,0,27,
1784664479.617353,1784664479.635279,decode,27,0,6992,0.0153,0,27,
1784664479.635279,1784664479.653256,decode,27,0,6992,0.0153,0,27,
1784664479.653256,1784664479.671264,mixed,28,0,7040,0.0154,7,28,
1784664479.671264,1784664479.696216,mixed,29,0,7088,0.0155,108,30,
1784664479.696216,1784664479.713489,decode,29,0,7104,0.0156,0,29,
1784664479.713489,1784664479.730703,decode,29,0,7136,0.0156,0,29,
1784664479.730703,1784664479.747772,decode,29,0,7184,0.0157,0,29,
1784664479.747772,1784664479.764730,decode,29,0,7200,0.0158,0,29,
1784664479.764730,1784664479.781622,decode,29,0,7200,0.0158,0,29,
1784664479.781622,1784664479.798378,decode,29,0,7280,0.0159,0,29,
1784664479.798378,1784664479.815244,decode,29,0,7296,0.0160,0,29,
1784664479.815244,1784664479.832073,decode,29,0,7328,0.0160,0,29,
1784664479.832073,1784664479.848795,decode,29,0,7376,0.0162,0,29,
1784664479.848795,1784664479.865638,decode,29,0,7376,0.0162,0,29,
1784664479.865638,1784664479.882358,decode,29,0,7440,0.0163,0,29,
1784664479.882358,1784664479.899157,decode,27,0,7360,0.0161,0,29,
1784664479.899157,1784664479.916863,decode,27,0,7376,0.0162,0,27,
1784664479.916863,1784664479.934686,decode,27,0,7376,0.0162,0,27,
1784664479.934686,1784664479.952473,decode,27,0,7424,0.0163,0,27,
1784664479.952473,1784664479.970339,decode,27,0,7440,0.0163,0,27,
1784664479.970339,1784664479.988234,decode,26,0,7168,0.0157,0,27,
1784664479.988234,1784664480.003999,decode,26,0,7184,0.0157,0,26,
1784664480.003999,1784664480.019697,decode,26,0,7232,0.0158,0,26,
1784664480.019697,1784664480.035457,decode,26,0,7248,0.0159,0,26,
1784664480.035457,1784664480.051231,decode,26,0,7248,0.0159,0,26,
1784664480.051231,1784664480.066999,decode,26,0,7328,0.0160,0,26,
1784664480.066999,1784664480.082788,decode,26,0,7328,0.0160,0,26,
1784664480.082788,1784664480.098470,decode,26,0,7360,0.0161,0,26,
1784664480.098470,1784664480.114232,decode,26,0,7408,0.0162,0,26,
1784664480.114232,1784664480.130036,decode,26,0,7408,0.0162,0,26,
1784664480.130036,1784664480.145833,decode,26,0,7472,0.0164,0,26,
1784664480.145833,1784664480.161574,decode,26,0,7504,0.0164,0,26,
1784664480.161574,1784664480.177331,decode,26,0,7520,0.0165,0,26,
1784664480.177331,1784664480.193156,decode,26,0,7520,0.0165,0,26,
1784664480.193156,1784664480.208899,decode,26,0,7568,0.0166,0,26,
1784664480.208899,1784664480.224825,decode,25,0,7088,0.0155,0,26,
1784664480.224825,1784664480.240812,decode,25,0,7088,0.0155,0,25,
1784664480.240812,1784664480.259022,mixed,26,0,7120,0.0156,11,26,
1784664480.259022,1784664480.275456,decode,25,0,6896,0.0151,0,26,
1784664480.275456,1784664480.435227,decode,26,0,8944,0.0196,0,25,
1784664480.435227,1784664480.575402,mixed,27,0,10496,0.0230,3573,27,
1784664480.575402,1784664480.598187,mixed,27,0,10576,0.0232,80,28,
1784664480.598187,1784664480.617871,decode,27,0,10576,0.0232,0,27,
1784664480.617871,1784664480.636936,decode,27,0,10640,0.0233,0,27,
1784664480.636936,1784664480.655632,decode,27,0,10672,0.0234,0,27,
1784664480.655632,1784664480.674307,decode,27,0,10672,0.0234,0,27,
1784664480.674307,1784664480.692822,decode,27,0,10736,0.0235,0,27,
1784664480.692822,1784664480.711324,decode,27,0,10768,0.0236,0,27,
1784664480.711324,1784664480.730168,mixed,28,0,10816,0.0237,20,28,
1784664480.730168,1784664480.747271,decode,28,0,10816,0.0237,0,28,
1784664480.747271,1784664480.764361,decode,27,0,10832,0.0237,0,28,
1784664480.764361,1784664480.782596,decode,27,0,10848,0.0238,0,27,
1784664480.782596,1784664480.801012,decode,27,0,10848,0.0238,0,27,
1784664480.801012,1784664480.819393,decode,27,0,10864,0.0238,0,27,
1784664480.819393,1784664480.837760,decode,27,0,10912,0.0239,0,27,
1784664480.837760,1784664480.856253,decode,26,0,10656,0.0233,0,27,
1784664480.856253,1784664480.872250,decode,26,0,10656,0.0233,0,26,
1784664480.872250,1784664480.888283,decode,26,0,10736,0.0235,0,26,
1784664480.888283,1784664480.904341,decode,26,0,10736,0.0235,0,26,
1784664480.904341,1784664480.920482,decode,26,0,10800,0.0237,0,26,
1784664480.920482,1784664480.936640,decode,26,0,10832,0.0237,0,26,
1784664480.936640,1784664480.952796,decode,26,0,10832,0.0237,0,26,
1784664480.952796,1784664480.968953,decode,26,0,10896,0.0239,0,26,
1784664480.968953,1784664480.985062,decode,26,0,10928,0.0239,0,26,
1784664480.985062,1784664481.001332,decode,24,0,10480,0.0230,0,26,
1784664481.001332,1784664481.017637,decode,24,0,10480,0.0230,0,24,
1784664481.017637,1784664481.036216,mixed,25,0,10544,0.0231,23,25,
1784664481.036216,1784664481.052508,decode,25,0,10560,0.0231,0,25,
1784664481.052508,1784664481.072079,mixed,26,0,10608,0.0232,46,26,
1784664481.072079,1784664481.088544,decode,26,0,10624,0.0233,0,26,
1784664481.088544,1784664481.104768,decode,26,0,10672,0.0234,0,26,
1784664481.104768,1784664481.121147,decode,25,0,10672,0.0234,0,26,
1784664481.121147,1784664481.137521,decode,24,0,10400,0.0228,0,25,
1784664481.137521,1784664481.153859,decode,24,0,10480,0.0230,0,24,
1784664481.153859,1784664481.170239,decode,24,0,10480,0.0230,0,24,
1784664481.170239,1784664481.186634,decode,24,0,10544,0.0231,0,24,
1784664481.186634,1784664481.205285,mixed,25,0,10608,0.0232,17,25,
1784664481.205285,1784664481.221515,decode,25,0,10608,0.0232,0,25,
1784664481.221515,1784664481.237699,decode,25,0,10656,0.0233,0,25,
1784664481.237699,1784664481.253895,decode,25,0,10672,0.0234,0,25,
1784664481.253895,1784664481.270063,decode,25,0,10688,0.0234,0,25,
1784664481.270063,1784664481.286254,decode,25,0,10688,0.0234,0,25,
1784664481.286254,1784664481.302413,decode,25,0,10720,0.0235,0,25,
1784664481.302413,1784664481.318576,decode,25,0,10736,0.0235,0,25,
1784664481.318576,1784664481.334807,decode,25,0,10736,0.0235,0,25,
1784664481.334807,1784664481.351146,decode,25,0,10752,0.0235,0,25,
1784664481.351146,1784664481.367334,decode,25,0,10784,0.0236,0,25,
1784664481.367334,1784664481.383526,decode,25,0,10816,0.0237,0,25,
1784664481.383526,1784664481.399704,decode,25,0,10816,0.0237,0,25,
1784664481.399704,1784664481.416011,decode,25,0,10896,0.0239,0,25,
1784664481.416011,1784664481.432193,decode,25,0,10896,0.0239,0,25,
1784664481.432193,1784664481.448356,decode,25,0,10960,0.0240,0,25,
1784664481.448356,1784664481.464606,decode,25,0,11008,0.0241,0,25,
1784664481.464606,1784664481.480784,decode,25,0,11008,0.0241,0,25,
1784664481.480784,1784664481.497055,decode,25,0,11056,0.0242,0,25,
1784664481.497055,1784664481.513363,decode,24,0,10768,0.0236,0,25,
1784664481.513363,1784664481.529465,decode,24,0,10784,0.0236,0,24,
1784664481.529465,1784664481.545608,decode,24,0,10784,0.0236,0,24,
1784664481.545608,1784664481.561777,decode,24,0,10816,0.0237,0,24,
1784664481.561777,1784664481.577886,decode,24,0,10832,0.0237,0,24,
1784664481.577886,1784664481.594070,decode,24,0,10832,0.0237,0,24,
1784664481.594070,1784664481.610326,decode,24,0,10848,0.0238,0,24,
1784664481.610326,1784664481.629072,mixed,24,0,10608,0.0232,19,25,
1784664481.629072,1784664481.647753,mixed,25,0,10640,0.0233,6,25,
1784664481.647753,1784664481.663975,decode,25,0,10640,0.0233,0,25,
1784664481.663975,1784664481.680199,decode,25,0,10720,0.0235,0,25,
1784664481.680199,1784664481.696438,decode,25,0,10720,0.0235,0,25,
1784664481.696438,1784664481.712698,decode,25,0,10784,0.0236,0,25,
1784664481.712698,1784664481.728951,decode,25,0,10832,0.0237,0,25,
1784664481.728951,1784664481.745199,decode,25,0,10832,0.0237,0,25,
1784664481.745199,1784664481.761539,decode,25,0,10880,0.0238,0,25,
1784664481.761539,1784664481.780271,mixed,26,0,10912,0.0239,19,26,
1784664481.780271,1784664481.796375,decode,26,0,10928,0.0239,0,26,
1784664481.796375,1784664481.812618,decode,24,0,10384,0.0227,0,26,
1784664481.812618,1784664481.828709,decode,24,0,10432,0.0228,0,24,
1784664481.828709,1784664481.844850,decode,24,0,10448,0.0229,0,24,
1784664481.844850,1784664481.860968,decode,24,0,10464,0.0229,0,24,
1784664481.860968,1784664481.877131,decode,24,0,10480,0.0230,0,24,
1784664481.877131,1784664481.893269,decode,24,0,10512,0.0230,0,24,
1784664481.893269,1784664481.909435,decode,24,0,10528,0.0231,0,24,
1784664481.909435,1784664481.925578,decode,24,0,10528,0.0231,0,24,
1784664481.925578,1784664481.941676,decode,24,0,10576,0.0232,0,24,
1784664481.941676,1784664481.957938,decode,23,0,10288,0.0225,0,24,
1784664481.957938,1784664481.975300,decode,23,0,10352,0.0227,0,23,
1784664481.975300,1784664481.992820,decode,23,0,10400,0.0228,0,23,
1784664481.992820,1784664482.041675,mixed,23,0,10416,0.0228,544,24,
1784664482.041675,1784664482.060716,decode,23,0,10464,0.0229,0,23,
1784664482.060716,1784664482.080590,mixed,24,0,10480,0.0230,9,24,
1784664482.080590,1784664482.097205,decode,24,0,10496,0.0230,0,24,
1784664482.097205,1784664482.116270,mixed,25,0,10528,0.0231,20,25,
1784664482.116270,1784664482.132705,decode,25,0,10576,0.0232,0,25,
1784664482.132705,1784664482.149044,decode,24,0,10304,0.0226,0,25,
1784664482.149044,1784664482.165242,decode,24,0,10320,0.0226,0,24,
1784664482.165242,1784664482.181465,decode,24,0,10336,0.0226,0,24,
1784664482.181465,1784664482.197690,decode,24,0,10368,0.0227,0,24,
1784664482.197690,1784664482.216438,mixed,25,0,10416,0.0228,7,25,
1784664482.216438,1784664482.232615,decode,25,0,10416,0.0228,0,25,
1784664482.232615,1784664482.248823,decode,25,0,10448,0.0229,0,25,
1784664482.248823,1784664482.265066,decode,25,0,10448,0.0229,0,25,
1784664482.265066,1784664482.281375,decode,25,0,10512,0.0230,0,25,
1784664482.281375,1784664482.299787,mixed,24,0,7056,0.0155,30,26,
1784664482.299787,1784664482.317959,mixed,25,0,7088,0.0155,60,25,
1784664482.317959,1784664482.334190,decode,25,0,7152,0.0157,0,25,
1784664482.334190,1784664482.350398,decode,25,0,7168,0.0157,0,25,
1784664482.350398,1784664482.366646,decode,25,0,7184,0.0157,0,25,
1784664482.366646,1784664482.383021,decode,25,0,7200,0.0158,0,25,
1784664482.383021,1784664482.400663,mixed,26,0,7296,0.0160,23,26,
1784664482.400663,1784664482.416773,decode,26,0,7312,0.0160,0,26,
1784664482.416773,1784664482.432920,decode,26,0,7328,0.0160,0,26,
1784664482.432920,1784664482.449133,decode,26,0,7328,0.0160,0,26,
1784664482.449133,1784664482.468546,mixed,27,0,7408,0.0162,56,27,
1784664482.468546,1784664482.487109,decode,27,0,7440,0.0163,0,27,
1784664482.487109,1784664482.505708,decode,27,0,7440,0.0163,0,27,
1784664482.505708,1784664482.524312,decode,27,0,7472,0.0164,0,27,
1784664482.524312,1784664482.542917,decode,27,0,7472,0.0164,0,27,
1784664482.542917,1784664482.561574,decode,27,0,7536,0.0165,0,27,
1784664482.561574,1784664482.579794,mixed,28,0,7600,0.0166,7,28,
1784664482.579794,1784664482.596834,decode,28,0,7616,0.0167,0,28,
1784664482.596834,1784664482.613840,decode,28,0,7680,0.0168,0,28,
1784664482.613840,1784664482.630803,decode,28,0,7712,0.0169,0,28,
1784664482.630803,1784664482.648116,decode,28,0,7728,0.0169,0,28,
1784664482.648116,1784664482.808656,decode,29,0,9776,0.0214,0,28,
1784664482.808656,1784664482.871219,mixed,31,0,10400,0.0228,2579,31,
1784664482.871219,1784664482.891237,decode,31,0,10432,0.0228,0,31,
1784664482.891237,1784664482.910753,decode,31,0,10448,0.0229,0,31,
1784664482.910753,1784664482.929944,decode,29,0,9904,0.0217,0,31,
1784664482.929944,1784664482.947246,decode,29,0,9936,0.0218,0,29,
1784664482.947246,1784664482.964509,decode,29,0,9968,0.0218,0,29,
1784664482.964509,1784664482.981790,decode,29,0,9984,0.0219,0,29,
1784664482.981790,1784664483.000386,mixed,30,0,10048,0.0220,34,30,
1784664483.000386,1784664483.017694,decode,30,0,10048,0.0220,0,30,
1784664483.017694,1784664483.036459,mixed,31,0,10144,0.0222,29,31,
1784664483.036459,1784664483.055181,decode,31,0,10192,0.0223,0,31,
1784664483.055181,1784664483.073902,decode,31,0,10208,0.0224,0,31,
1784664483.073902,1784664483.092563,decode,31,0,10272,0.0225,0,31,
1784664483.092563,1784664483.111270,decode,31,0,10320,0.0226,0,31,
1784664483.111270,1784664483.156000,mixed,33,0,10816,0.0237,473,33,
1784664483.156000,1784664483.174753,decode,33,0,10848,0.0238,0,33,
1784664483.174753,1784664483.193391,decode,33,0,10912,0.0239,0,33,
1784664483.193391,1784664483.211144,decode,33,0,10944,0.0240,0,33,
1784664483.211144,1784664483.228631,decode,33,0,10960,0.0240,0,33,
1784664483.228631,1784664483.246207,decode,33,0,10960,0.0240,0,33,
1784664483.246207,1784664483.263481,decode,33,0,10992,0.0241,0,33,
1784664483.263481,1784664483.280913,decode,33,0,11024,0.0241,0,33,
1784664483.280913,1784664483.299399,mixed,34,0,11104,0.0243,21,34,
1784664483.299399,1784664483.316712,decode,34,0,11120,0.0244,0,34,
1784664483.316712,1784664483.334198,decode,34,0,11120,0.0244,0,34,
1784664483.334198,1784664483.352599,mixed,35,0,11200,0.0245,14,35,
1784664483.352599,1784664483.371771,mixed,36,0,11264,0.0247,9,36,
1784664483.371771,1784664483.389357,decode,36,0,11280,0.0247,0,36,
1784664483.389357,1784664483.408634,mixed,37,0,11376,0.0249,9,37,
1784664483.408634,1784664483.426253,decode,37,0,11424,0.0250,0,37,
1784664483.426253,1784664483.446439,mixed,37,0,11216,0.0246,33,38,
1784664483.446439,1784664483.464304,decode,36,0,10960,0.0240,0,37,
1784664483.464304,1784664483.482065,decode,35,0,10704,0.0234,0,36,
1784664483.482065,1784664483.499442,decode,35,0,10736,0.0235,0,35,
1784664483.499442,1784664483.516972,decode,34,0,10480,0.0230,0,35,
1784664483.516972,1784664483.534403,decode,34,0,10480,0.0230,0,34,
1784664483.534403,1784664483.551717,decode,34,0,10512,0.0230,0,34,
1784664483.551717,1784664483.569078,decode,34,0,10544,0.0231,0,34,
1784664483.569078,1784664483.586495,decode,34,0,10592,0.0232,0,34,
1784664483.586495,1784664483.603980,decode,34,0,10608,0.0232,0,34,
1784664483.603980,1784664483.621303,decode,34,0,10608,0.0232,0,34,
1784664483.621303,1784664483.638630,decode,34,0,10672,0.0234,0,34,
1784664483.638630,1784664483.656132,decode,34,0,10720,0.0235,0,34,
1784664483.656132,1784664483.673587,decode,34,0,10736,0.0235,0,34,
1784664483.673587,1784664483.691059,decode,34,0,10784,0.0236,0,34,
1784664483.691059,1784664483.708414,decode,34,0,10832,0.0237,0,34,
1784664483.708414,1784664483.725775,decode,34,0,10848,0.0238,0,34,
1784664483.725775,1784664483.743133,decode,33,0,10608,0.0232,0,34,
1784664483.743133,1784664483.760497,decode,33,0,10672,0.0234,0,33,
1784664483.760497,1784664483.778098,decode,33,0,10704,0.0234,0,33,
1784664483.778098,1784664483.795326,decode,33,0,10752,0.0235,0,33,
1784664483.795326,1784664483.812636,decode,33,0,10752,0.0235,0,33,
1784664483.812636,1784664483.833524,mixed,34,0,10880,0.0238,85,34,
1784664483.833524,1784664483.851482,decode,33,0,10816,0.0237,0,34,
1784664483.851482,1784664483.873095,mixed,34,0,10960,0.0240,93,34,
1784664483.873095,1784664483.891330,decode,34,0,10976,0.0240,0,34,
1784664483.891330,1784664483.909386,decode,34,0,10976,0.0240,0,34,
1784664483.909386,1784664483.927784,mixed,35,0,11040,0.0242,16,35,
1784664483.927784,1784664483.945455,decode,35,0,11120,0.0244,0,35,
1784664483.945455,1784664483.963077,decode,35,0,11136,0.0244,0,35,
1784664483.963077,1784664483.982209,mixed,36,0,11200,0.0245,9,36,
1784664483.982209,1784664484.000190,decode,36,0,11248,0.0246,0,36,
1784664484.000190,1784664484.017955,decode,36,0,11264,0.0247,0,36,
1784664484.017955,1784664484.035623,decode,36,0,11296,0.0247,0,36,
1784664484.035623,1784664484.053208,decode,36,0,11360,0.0249,0,36,
1784664484.053208,1784664484.070788,decode,36,0,11392,0.0249,0,36,
1784664484.070788,1784664484.088229,decode,36,0,11440,0.0251,0,36,
1784664484.088229,1784664484.105773,decode,36,0,11440,0.0251,0,36,
1784664484.105773,1784664484.123343,decode,36,0,11488,0.0252,0,36,
1784664484.123343,1784664484.140982,decode,36,0,11520,0.0252,0,36,
1784664484.140982,1784664484.158526,decode,36,0,11568,0.0253,0,36,
1784664484.158526,1784664484.176054,decode,36,0,11584,0.0254,0,36,
1784664484.176054,1784664484.193490,decode,36,0,11584,0.0254,0,36,
1784664484.193490,1784664484.210908,decode,36,0,11632,0.0255,0,36,
1784664484.210908,1784664484.228472,decode,35,0,11328,0.0248,0,36,
1784664484.228472,1784664484.245922,decode,35,0,11344,0.0248,0,35,
1784664484.245922,1784664484.263257,decode,35,0,11392,0.0249,0,35,
1784664484.263257,1784664484.280705,decode,35,0,11440,0.0251,0,35,
1784664484.280705,1784664484.298318,decode,35,0,11456,0.0251,0,35,
1784664484.298318,1784664484.315894,decode,35,0,11488,0.0252,0,35,
1784664484.315894,1784664484.333457,decode,35,0,11552,0.0253,0,35,
1784664484.333457,1784664484.352573,mixed,36,0,11616,0.0254,25,36,
1784664484.352573,1784664484.370210,decode,36,0,11664,0.0255,0,36,
1784664484.370210,1784664484.387947,decode,36,0,11664,0.0255,0,36,
1784664484.387947,1784664484.405508,decode,36,0,11712,0.0256,0,36,
1784664484.405508,1784664484.422824,decode,36,0,11744,0.0257,0,36,
1784664484.422824,1784664484.440676,decode,35,0,11520,0.0252,0,36,
1784664484.440676,1784664484.458309,decode,35,0,11520,0.0252,0,35,
1784664484.458309,1784664484.478716,mixed,36,0,11568,0.0253,33,36,
1784664484.478716,1784664484.496572,decode,35,0,11360,0.0249,0,36,
1784664484.496572,1784664484.514157,decode,35,0,11440,0.0251,0,35,
1784664484.514157,1784664484.531948,decode,35,0,11456,0.0251,0,35,
1784664484.531948,1784664484.549596,decode,35,0,11488,0.0252,0,35,
1784664484.549596,1784664484.567332,decode,35,0,11536,0.0253,0,35,
1784664484.567332,1784664484.587448,mixed,36,0,11584,0.0254,32,36,
1784664484.587448,1784664484.605261,decode,35,0,11360,0.0249,0,36,
1784664484.605261,1784664484.622953,decode,34,0,11136,0.0244,0,35,
1784664484.622953,1784664484.640268,decode,34,0,11152,0.0244,0,34,
1784664484.640268,1784664484.657586,decode,34,0,11200,0.0245,0,34,
1784664484.657586,1784664484.674844,decode,34,0,11200,0.0245,0,34,
1784664484.674844,1784664484.692114,decode,34,0,11248,0.0246,0,34,
1784664484.692114,1784664484.709343,decode,34,0,11280,0.0247,0,34,
1784664484.709343,1784664484.726887,decode,34,0,11328,0.0248,0,34,
1784664484.726887,1784664484.883049,mixed,34,0,11328,0.0248,1947,35,
1784664484.883049,1784664485.048068,mixed,36,0,13344,0.0292,1988,36,
1784664485.048068,1784664485.078864,mixed,39,0,13520,0.0296,93,39,
1784664485.078864,1784664485.101709,mixed,39,0,13600,0.0298,53,40,
1784664485.101709,1784664485.122378,mixed,40,0,13648,0.0299,24,40,
1784664485.122378,1784664485.140608,decode,40,0,13680,0.0300,0,40,
1784664485.140608,1784664485.158466,decode,40,0,13728,0.0301,0,40,
1784664485.158466,1784664485.176013,decode,40,0,13776,0.0302,0,40,
1784664485.176013,1784664485.193633,decode,40,0,13824,0.0303,0,40,
1784664485.193633,1784664485.211140,decode,40,0,13872,0.0304,0,40,
1784664485.211140,1784664485.228892,decode,40,0,13888,0.0304,0,40,
1784664485.228892,1784664485.249986,mixed,40,0,13936,0.0305,48,41,
1784664485.249986,1784664485.267759,decode,40,0,13936,0.0305,0,40,
1784664485.267759,1784664485.285865,decode,40,0,14016,0.0307,0,40,
1784664485.285865,1784664485.303989,decode,40,0,14064,0.0308,0,40,
1784664485.303989,1784664485.324773,mixed,41,0,14160,0.0310,40,41,
1784664485.324773,1784664485.343003,decode,41,0,14160,0.0310,0,41,
1784664485.343003,1784664485.361097,decode,41,0,14176,0.0310,0,41,
1784664485.361097,1784664485.378962,decode,41,0,14240,0.0312,0,41,
1784664485.378962,1784664485.396773,decode,41,0,14320,0.0314,0,41,
1784664485.396773,1784664485.414635,decode,41,0,14336,0.0314,0,41,
1784664485.414635,1784664485.432494,decode,41,0,14368,0.0315,0,41,
1784664485.432494,1784664485.450339,decode,41,0,14416,0.0316,0,41,
1784664485.450339,1784664485.467927,decode,41,0,14464,0.0317,0,41,
1784664485.467927,1784664485.485822,decode,41,0,14528,0.0318,0,41,
1784664485.485822,1784664485.503593,decode,41,0,14576,0.0319,0,41,
1784664485.503593,1784664485.521283,decode,41,0,14592,0.0320,0,41,
1784664485.521283,1784664485.539257,decode,40,0,14368,0.0315,0,41,
1784664485.539257,1784664485.556865,decode,40,0,14368,0.0315,0,40,
1784664485.556865,1784664485.575936,mixed,40,0,14416,0.0316,10,41,
1784664485.575936,1784664485.593740,decode,38,0,10368,0.0227,0,40,
1784664485.593740,1784664485.610467,decode,38,0,10416,0.0228,0,38,
1784664485.610467,1784664485.627058,decode,38,0,10416,0.0228,0,38,
1784664485.627058,1784664485.643590,decode,38,0,10432,0.0228,0,38,
1784664485.643590,1784664485.660301,decode,38,0,10464,0.0229,0,38,
1784664485.660301,1784664485.678519,mixed,39,0,10544,0.0231,7,39,
1784664485.678519,1784664485.695227,decode,39,0,10576,0.0232,0,39,
1784664485.695227,1784664485.711900,decode,39,0,10608,0.0232,0,39,
1784664485.711900,1784664485.728796,decode,39,0,10656,0.0233,0,39,
1784664485.728796,1784664485.746913,mixed,40,0,10736,0.0235,24,40,
1784664485.746913,1784664485.763618,decode,40,0,10800,0.0237,0,40,
1784664485.763618,1784664485.780490,decode,40,0,10832,0.0237,0,40,
1784664485.780490,1784664485.797192,decode,40,0,10848,0.0238,0,40,
1784664485.797192,1784664485.816791,mixed,41,0,10944,0.0240,40,41,
1784664485.816791,1784664485.833764,decode,41,0,10944,0.0240,0,41,
1784664485.833764,1784664485.850772,decode,41,0,11040,0.0242,0,41,
1784664485.850772,1784664485.867798,decode,41,0,11088,0.0243,0,41,
1784664485.867798,1784664485.884610,decode,41,0,11136,0.0244,0,41,
1784664485.884610,1784664485.901540,decode,41,0,11152,0.0244,0,41,
1784664485.901540,1784664485.918403,decode,41,0,11168,0.0245,0,41,
1784664485.918403,1784664485.935741,decode,41,0,11200,0.0245,0,41,
1784664485.935741,1784664485.952321,decode,41,0,11264,0.0247,0,41,
1784664485.952321,1784664485.977557,mixed,42,0,11440,0.0251,119,42,
1784664485.977557,1784664485.995046,decode,42,0,11472,0.0251,0,42,
1784664485.995046,1784664486.012466,decode,42,0,11520,0.0252,0,42,
1784664486.012466,1784664486.030770,mixed,43,0,11584,0.0254,10,43,
1784664486.030770,1784664486.048041,decode,42,0,11520,0.0252,0,43,
1784664486.048041,1784664486.065067,decode,42,0,11552,0.0253,0,42,
1784664486.065067,1784664486.082227,decode,41,0,11264,0.0247,0,42,
1784664486.082227,1784664486.099110,decode,41,0,11312,0.0248,0,41,
1784664486.099110,1784664486.116244,decode,41,0,11312,0.0248,0,41,
1784664486.116244,1784664486.133263,decode,41,0,11408,0.0250,0,41,
1784664486.133263,1784664486.150484,decode,41,0,11456,0.0251,0,41,
1784664486.150484,1784664486.169061,mixed,43,0,11568,0.0253,51,43,
1784664486.169061,1784664486.186053,decode,43,0,11584,0.0254,0,43,
1784664486.186053,1784664486.203117,decode,43,0,11600,0.0254,0,43,
1784664486.203117,1784664486.220289,decode,42,0,11360,0.0249,0,43,
1784664486.220289,1784664486.237393,decode,42,0,11408,0.0250,0,42,
1784664486.237393,1784664486.256063,mixed,43,0,11472,0.0251,19,43,
1784664486.256063,1784664486.273168,decode,43,0,11520,0.0252,0,43,
1784664486.273168,1784664486.292989,mixed,44,0,11600,0.0254,28,44,
1784664486.292989,1784664486.320398,mixed,45,0,11808,0.0259,155,45,
1784664486.320398,1784664486.338207,decode,45,0,11888,0.0260,0,45,
1784664486.338207,1784664486.355721,decode,45,0,11920,0.0261,0,45,
1784664486.355721,1784664486.373052,decode,45,0,11936,0.0261,0,45,
1784664486.373052,1784664486.390394,decode,45,0,12000,0.0263,0,45,
1784664486.390394,1784664486.409734,mixed,45,0,12000,0.0263,480,46,
1784664486.409734,1784664486.426785,decode,45,0,12112,0.0265,0,45,
1784664486.426785,1784664486.443912,decode,45,0,12160,0.0266,0,45,
1784664486.443912,1784664486.461077,decode,45,0,12208,0.0267,0,45,
1784664486.461077,1784664486.481074,mixed,46,0,12256,0.0268,32,46,
1784664486.481074,1784664486.498453,decode,46,0,12288,0.0269,0,46,
1784664486.498453,1784664486.515921,decode,46,0,12336,0.0270,0,46,
1784664486.515921,1784664486.533586,decode,46,0,12384,0.0271,0,46,
1784664486.533586,1784664486.550802,decode,46,0,12432,0.0272,0,46,
1784664486.550802,1784664486.568081,decode,46,0,12480,0.0273,0,46,
1784664486.568081,1784664486.588376,mixed,46,0,12528,0.0274,37,47,
1784664486.588376,1784664486.605705,decode,46,0,12576,0.0275,0,46,
1784664486.605705,1784664486.623149,decode,46,0,12656,0.0277,0,46,
1784664486.623149,1784664486.640544,decode,46,0,12688,0.0278,0,46,
1784664486.640544,1784664486.657959,decode,46,0,12704,0.0278,0,46,
1784664486.657959,1784664486.675179,decode,46,0,12768,0.0280,0,46,
1784664486.675179,1784664486.692675,decode,45,0,12496,0.0274,0,46,
1784664486.692675,1784664486.709775,decode,44,0,12336,0.0270,0,45,
1784664486.709775,1784664486.726712,decode,44,0,12384,0.0271,0,44,
1784664486.726712,1784664486.743844,decode,44,0,12432,0.0272,0,44,
1784664486.743844,1784664486.762903,mixed,45,0,12480,0.0273,18,45,
1784664486.762903,1784664486.779962,decode,45,0,12512,0.0274,0,45,
1784664486.779962,1784664486.797109,decode,45,0,12560,0.0275,0,45,
1784664486.797109,1784664486.814217,decode,45,0,12608,0.0276,0,45,
1784664486.814217,1784664486.831468,decode,45,0,12656,0.0277,0,45,
1784664486.831468,1784664486.848578,decode,44,0,12416,0.0272,0,45,
1784664486.848578,1784664486.865580,decode,44,0,12464,0.0273,0,44,
1784664486.865580,1784664486.882665,decode,44,0,12512,0.0274,0,44,
1784664486.882665,1784664486.899659,decode,44,0,12592,0.0276,0,44,
1784664486.899659,1784664486.916638,decode,44,0,12608,0.0276,0,44,
1784664486.916638,1784664486.933582,decode,44,0,12624,0.0276,0,44,
1784664486.933582,1784664486.950667,decode,44,0,12672,0.0278,0,44,
1784664486.950667,1784664486.967760,decode,43,0,12528,0.0274,0,44,
1784664486.967760,1784664486.984664,decode,43,0,12640,0.0277,0,43,
1784664486.984664,1784664487.001688,decode,43,0,12688,0.0278,0,43,
1784664487.001688,1784664487.018917,decode,43,0,12752,0.0279,0,43,
1784664487.018917,1784664487.122356,mixed,44,0,13904,0.0304,1131,44,
1784664487.122356,1784664487.147257,mixed,43,0,12800,0.0280,72,45,
1784664487.147257,1784664487.167070,mixed,44,0,12864,0.0282,7,44,
1784664487.167070,1784664487.184999,decode,44,0,12912,0.0283,0,44,
1784664487.184999,1784664487.202625,decode,44,0,12944,0.0283,0,44,
1784664487.202625,1784664487.219975,decode,43,0,12720,0.0279,0,44,
1784664487.219975,1784664487.237347,decode,43,0,12768,0.0280,0,43,
1784664487.237347,1784664487.257874,mixed,42,0,12528,0.0274,49,44,
1784664487.257874,1784664487.275240,decode,42,0,12592,0.0276,0,42,
1784664487.275240,1784664487.292811,decode,42,0,12608,0.0276,0,42,
1784664487.292811,1784664487.310025,decode,42,0,12624,0.0276,0,42,
1784664487.310025,1784664487.327224,decode,42,0,12672,0.0278,0,42,
1784664487.327224,1784664487.344348,decode,42,0,12688,0.0278,0,42,
1784664487.344348,1784664487.361462,decode,41,0,12528,0.0274,0,42,
1784664487.361462,1784664487.378626,decode,41,0,12560,0.0275,0,41,
1784664487.378626,1784664487.395793,decode,41,0,12624,0.0276,0,41,
1784664487.395793,1784664487.413054,decode,41,0,12640,0.0277,0,41,
1784664487.413054,1784664487.430308,decode,41,0,12672,0.0278,0,41,
1784664487.430308,1784664487.447615,decode,40,0,12432,0.0272,0,41,
1784664487.447615,1784664487.468274,mixed,39,0,12160,0.0266,76,41,
1784664487.468274,1784664487.485562,decode,39,0,12192,0.0267,0,39,
1784664487.485562,1784664487.502876,decode,39,0,12224,0.0268,0,39,
1784664487.502876,1784664487.520178,decode,39,0,12256,0.0268,0,39,
1784664487.520178,1784664487.537399,decode,39,0,12304,0.0269,0,39,
1784664487.537399,1784664487.554435,decode,38,0,12064,0.0264,0,39,
1784664487.554435,1784664487.571368,decode,38,0,12064,0.0264,0,38,
1784664487.571368,1784664487.588377,decode,38,0,12080,0.0265,0,38,
1784664487.588377,1784664487.605213,decode,38,0,12128,0.0266,0,38,
1784664487.605213,1784664487.622225,decode,37,0,11824,0.0259,0,38,
1784664487.622225,1784664487.639126,decode,37,0,11936,0.0261,0,37,
1784664487.639126,1784664487.655976,decode,36,0,9840,0.0215,0,37,
1784664487.655976,1784664487.672633,decode,36,0,9904,0.0217,0,36,
1784664487.672633,1784664487.689283,decode,36,0,9920,0.0217,0,36,
1784664487.689283,1784664487.706081,decode,36,0,9952,0.0218,0,36,
1784664487.706081,1784664487.724271,mixed,36,0,9744,0.0213,6,37,
1784664487.724271,1784664487.740935,decode,36,0,9776,0.0214,0,36,
1784664487.740935,1784664487.757577,decode,36,0,9808,0.0215,0,36,
1784664487.757577,1784664487.774316,decode,36,0,9840,0.0215,0,36,
1784664487.774316,1784664487.791003,decode,36,0,9856,0.0216,0,36,
1784664487.791003,1784664487.807842,decode,36,0,9904,0.0217,0,36,
1784664487.807842,1784664487.824598,decode,33,0,6592,0.0144,0,36,
1784664487.824598,1784664487.839550,decode,33,0,6592,0.0144,0,33,
1784664487.839550,1784664487.854520,decode,33,0,6592,0.0144,0,33,
1784664487.854520,1784664487.869447,decode,33,0,6640,0.0145,0,33,
1784664487.869447,1784664487.884498,decode,33,0,6656,0.0146,0,33,
1784664487.884498,1784664487.899523,decode,33,0,6752,0.0148,0,33,
1784664487.899523,1784664487.914681,decode,33,0,6784,0.0149,0,33,
1784664487.914681,1784664487.930984,mixed,33,0,6560,0.0144,31,34,
1784664487.930984,1784664487.947083,mixed,34,0,6592,0.0144,4,34,
1784664487.947083,1784664487.962247,decode,33,0,6352,0.0139,0,34,
1784664487.962247,1784664487.977237,decode,33,0,6384,0.0140,0,33,
1784664487.977237,1784664487.992346,decode,33,0,6416,0.0141,0,33,
1784664487.992346,1784664488.007367,decode,33,0,6448,0.0141,0,33,
1784664488.007367,1784664488.022344,decode,33,0,6480,0.0142,0,33,
1784664488.022344,1784664488.037518,decode,31,0,5488,0.0120,0,33,
1784664488.037518,1784664488.052263,decode,31,0,5536,0.0121,0,31,
1784664488.052263,1784664488.067016,decode,31,0,5568,0.0122,0,31,
1784664488.067016,1784664488.081830,decode,31,0,5568,0.0122,0,31,
1784664488.081830,1784664488.096708,decode,31,0,5568,0.0122,0,31,
1784664488.096708,1784664488.111562,decode,31,0,5616,0.0123,0,31,
1784664488.111562,1784664488.126386,decode,31,0,5632,0.0123,0,31,
1784664488.126386,1784664488.141139,decode,31,0,5744,0.0126,0,31,
1784664488.141139,1784664488.156148,decode,30,0,5488,0.0120,0,31,
1784664488.156148,1784664488.170939,decode,30,0,5504,0.0121,0,30,
1784664488.170939,1784664488.185720,decode,30,0,5520,0.0121,0,30,
1784664488.185720,1784664488.200616,decode,29,0,5296,0.0116,0,30,
1784664488.200616,1784664488.215353,decode,28,0,5056,0.0111,0,29,
1784664488.215353,1784664488.229878,decode,28,0,5088,0.0111,0,28,
1784664488.229878,1784664488.244549,decode,27,0,4848,0.0106,0,28,
1784664488.244549,1784664488.259132,decode,27,0,4864,0.0107,0,27,
1784664488.259132,1784664488.273774,decode,26,0,4576,0.0100,0,27,
1784664488.273774,1784664488.287442,decode,26,0,4608,0.0101,0,26,
1784664488.287442,1784664488.301182,decode,25,0,4432,0.0097,0,26,
1784664488.301182,1784664488.314926,decode,25,0,4432,0.0097,0,25,
1784664488.314926,1784664488.328648,decode,25,0,4432,0.0097,0,25,
1784664488.328648,1784664488.342530,decode,25,0,4448,0.0097,0,25,
1784664488.342530,1784664488.356323,decode,25,0,4464,0.0098,0,25,
1784664488.356323,1784664488.370140,decode,25,0,4544,0.0100,0,25,
1784664488.370140,1784664488.383879,decode,25,0,4576,0.0100,0,25,
1784664488.383879,1784664488.397749,decode,25,0,4592,0.0101,0,25,
1784664488.397749,1784664488.411531,decode,25,0,4608,0.0101,0,25,
1784664488.411531,1784664488.425385,decode,25,0,4656,0.0102,0,25,
1784664488.425385,1784664488.439142,decode,25,0,4688,0.0103,0,25,
1784664488.439142,1784664488.452940,decode,25,0,4720,0.0103,0,25,
1784664488.452940,1784664488.466789,decode,25,0,4752,0.0104,0,25,
1784664488.466789,1784664488.480508,decode,25,0,4768,0.0104,0,25,
1784664488.480508,1784664488.494299,decode,25,0,4768,0.0104,0,25,
1784664488.494299,1784664488.508095,decode,25,0,4800,0.0105,0,25,
1784664488.508095,1784664488.521907,decode,24,0,4752,0.0104,0,25,
1784664488.521907,1784664488.535745,decode,24,0,4752,0.0104,0,24,
1784664488.535745,1784664488.549499,decode,24,0,4752,0.0104,0,24,
1784664488.549499,1784664488.563339,decode,24,0,4768,0.0104,0,24,
1784664488.563339,1784664488.577183,decode,24,0,4784,0.0105,0,24,
1784664488.577183,1784664488.591004,decode,24,0,4864,0.0107,0,24,
1784664488.591004,1784664488.604922,decode,23,0,4544,0.0100,0,24,
1784664488.604922,1784664488.618776,decode,23,0,4560,0.0100,0,23,
1784664488.618776,1784664488.632654,decode,23,0,4576,0.0100,0,23,
1784664488.632654,1784664488.646560,decode,22,0,4336,0.0095,0,23,
1784664488.646560,1784664488.660308,decode,22,0,4368,0.0096,0,22,
1784664488.660308,1784664488.674036,decode,22,0,4368,0.0096,0,22,
1784664488.674036,1784664488.687840,decode,21,0,4128,0.0090,0,22,
1784664488.687840,1784664488.701501,decode,21,0,4144,0.0091,0,21,
1784664488.701501,1784664488.715224,decode,21,0,4144,0.0091,0,21,
1784664488.715224,1784664488.728889,decode,21,0,4176,0.0091,0,21,
1784664488.728889,1784664488.742554,decode,21,0,4208,0.0092,0,21,
1784664488.742554,1784664488.756242,decode,21,0,4208,0.0092,0,21,
1784664488.756242,1784664488.769971,decode,21,0,4208,0.0092,0,21,
1784664488.769971,1784664488.783668,decode,21,0,4224,0.0093,0,21,
1784664488.783668,1784664488.797500,decode,21,0,4240,0.0093,0,21,
1784664488.797500,1784664488.811162,decode,21,0,4304,0.0094,0,21,
1784664488.811162,1784664488.824934,decode,20,0,4208,0.0092,0,21,
1784664488.824934,1784664488.838615,decode,20,0,4224,0.0093,0,20,
1784664488.838615,1784664488.852340,decode,20,0,4240,0.0093,0,20,
1784664488.852340,1784664488.866134,decode,20,0,4272,0.0094,0,20,
1784664488.866134,1784664488.880747,mixed,21,0,4352,0.0095,36,21,
1784664488.880747,1784664488.894526,decode,21,0,4352,0.0095,0,21,
1784664488.894526,1784664488.908304,decode,21,0,4384,0.0096,0,21,
1784664488.908304,1784664488.922134,decode,21,0,4400,0.0096,0,21,
1784664488.922134,1784664488.935977,decode,21,0,4400,0.0096,0,21,
1784664488.935977,1784664488.949802,decode,21,0,4432,0.0097,0,21,
1784664488.949802,1784664488.963551,decode,21,0,4464,0.0098,0,21,
1784664488.963551,1784664488.977406,decode,20,0,4176,0.0091,0,21,
1784664488.977406,1784664488.991142,decode,20,0,4176,0.0091,0,20,
1784664488.991142,1784664489.006091,mixed,21,0,4208,0.0092,12,21,
1784664489.006091,1784664489.021199,mixed,22,0,4224,0.0093,6,22,
1784664489.021199,1784664489.034945,decode,22,0,4288,0.0094,0,22,
1784664489.034945,1784664489.048767,decode,22,0,4320,0.0095,0,22,
1784664489.048767,1784664489.062464,decode,22,0,4352,0.0095,0,22,
1784664489.062464,1784664489.076278,decode,21,0,4096,0.0090,0,22,
1784664489.076278,1784664489.089979,decode,21,0,4112,0.0090,0,21,
1784664489.089979,1784664489.103777,decode,21,0,4128,0.0090,0,21,
1784664489.103777,1784664489.117526,decode,21,0,4128,0.0090,0,21,
1784664489.117526,1784664489.131335,decode,21,0,4160,0.0091,0,21,
1784664489.131335,1784664489.145034,decode,21,0,4176,0.0091,0,21,
1784664489.145034,1784664489.158876,decode,20,0,3888,0.0085,0,21,
1784664489.158876,1784664489.172666,decode,20,0,3936,0.0086,0,20,
1784664489.172666,1784664489.211124,mixed,21,0,4368,0.0096,406,21,
1784664489.211124,1784664489.225854,decode,21,0,4368,0.0096,0,21,
1784664489.225854,1784664489.240503,decode,21,0,4368,0.0096,0,21,
1784664489.240503,1784664489.254896,decode,21,0,4384,0.0096,0,21,
1784664489.254896,1784664489.269203,decode,21,0,4384,0.0096,0,21,
1784664489.269203,1784664489.283401,decode,21,0,4448,0.0097,0,21,
1784664489.283401,1784664489.297324,decode,21,0,4480,0.0098,0,21,
1784664489.297324,1784664489.311238,decode,21,0,4512,0.0099,0,21,
1784664489.311238,1784664489.325061,decode,21,0,4544,0.0100,0,21,
1784664489.325061,1784664489.338948,decode,18,0,3680,0.0081,0,21,
1784664489.338948,1784664489.352769,decode,18,0,3696,0.0081,0,18,
1784664489.352769,1784664489.366552,decode,18,0,3712,0.0081,0,18,
1784664489.366552,1784664489.380261,decode,18,0,3744,0.0082,0,18,
1784664489.380261,1784664489.394007,decode,18,0,3760,0.0082,0,18,
1784664489.394007,1784664489.407718,decode,18,0,3760,0.0082,0,18,
1784664489.407718,1784664489.421481,decode,18,0,3776,0.0083,0,18,
1784664489.421481,1784664489.435209,decode,18,0,3792,0.0083,0,18,
1784664489.435209,1784664489.448940,decode,18,0,3792,0.0083,0,18,
1784664489.448940,1784664489.462747,decode,18,0,3792,0.0083,0,18,
1784664489.462747,1784664489.476438,decode,18,0,3808,0.0083,0,18,
1784664489.476438,1784664489.490198,decode,18,0,3808,0.0083,0,18,
1784664489.490198,1784664489.503941,decode,18,0,3872,0.0085,0,18,
1784664489.503941,1784664489.517720,decode,18,0,3888,0.0085,0,18,
1784664489.517720,1784664489.531502,decode,18,0,3920,0.0086,0,18,
1784664489.531502,1784664489.545243,decode,18,0,3952,0.0087,0,18,
1784664489.545243,1784664489.558971,decode,18,0,3968,0.0087,0,18,
1784664489.558971,1784664489.572728,decode,18,0,3984,0.0087,0,18,
1784664489.572728,1784664489.586488,decode,18,0,4000,0.0088,0,18,
1784664489.586488,1784664489.600242,decode,18,0,4032,0.0088,0,18,
1784664489.600242,1784664489.613998,decode,18,0,4048,0.0089,0,18,
1784664489.613998,1784664489.627756,decode,18,0,4048,0.0089,0,18,
1784664489.627756,1784664489.641601,decode,18,0,4064,0.0089,0,18,
1784664489.641601,1784664489.655258,decode,18,0,4080,0.0089,0,18,
1784664489.655258,1784664489.668999,decode,18,0,4080,0.0089,0,18,
1784664489.668999,1784664489.682769,decode,18,0,4080,0.0089,0,18,
1784664489.682769,1784664489.696553,decode,18,0,4096,0.0090,0,18,
1784664489.696553,1784664489.710492,decode,17,0,3824,0.0084,0,18,
1784664489.710492,1784664489.732278,mixed,17,0,3888,0.0085,154,18,
1784664489.732278,1784664489.746273,decode,17,0,3904,0.0085,0,17,
1784664489.746273,1784664489.760285,decode,17,0,3936,0.0086,0,17,
1784664489.760285,1784664489.774346,decode,17,0,3968,0.0087,0,17,
1784664489.774346,1784664489.789498,mixed,18,0,4016,0.0088,27,18,
1784664489.789498,1784664489.803540,decode,17,0,3760,0.0082,0,18,
1784664489.803540,1784664489.817296,decode,17,0,3776,0.0083,0,17,
1784664489.817296,1784664489.831157,decode,17,0,3792,0.0083,0,17,
1784664489.831157,1784664489.844877,decode,17,0,3808,0.0083,0,17,
1784664489.844877,1784664489.858717,decode,16,0,3520,0.0077,0,17,
1784664489.858717,1784664489.872278,decode,16,0,3552,0.0078,0,16,
1784664489.872278,1784664489.885786,decode,16,0,3568,0.0078,0,16,
1784664489.885786,1784664489.899242,decode,16,0,3568,0.0078,0,16,
1784664489.899242,1784664489.912842,decode,15,0,3264,0.0071,0,16,
1784664489.912842,1784664489.926688,mixed,16,0,3296,0.0072,8,16,
1784664489.926688,1784664489.940182,decode,16,0,3296,0.0072,0,16,
1784664489.940182,1784664489.953646,decode,16,0,3344,0.0073,0,16,
1784664489.953646,1784664489.967313,decode,16,0,3360,0.0074,0,16,
1784664489.967313,1784664489.988683,mixed,17,0,3552,0.0078,152,17,
1784664489.988683,1784664490.002939,decode,17,0,3568,0.0078,0,17,
1784664490.002939,1784664490.085176,mixed,18,0,4592,0.0101,995,18,
1784664490.085176,1784664490.100145,decode,18,0,4608,0.0101,0,18,
1784664490.100145,1784664490.114849,decode,18,0,4624,0.0101,0,18,
1784664490.114849,1784664490.129328,decode,18,0,4640,0.0102,0,18,
1784664490.129328,1784664490.143499,decode,18,0,4656,0.0102,0,18,
1784664490.143499,1784664490.157802,decode,17,0,4384,0.0096,0,18,
1784664490.157802,1784664490.179865,mixed,19,0,4576,0.0100,136,19,
1784664490.179865,1784664490.194160,decode,19,0,4608,0.0101,0,19,
1784664490.194160,1784664490.208442,decode,19,0,4608,0.0101,0,19,
1784664490.208442,1784664490.222690,decode,19,0,4608,0.0101,0,19,
1784664490.222690,1784664490.236916,decode,19,0,4624,0.0101,0,19,
1784664490.236916,1784664490.251049,decode,19,0,4624,0.0101,0,19,
1784664490.251049,1784664490.265174,decode,19,0,4672,0.0102,0,19,
1784664490.265174,1784664490.279432,decode,17,0,4096,0.0090,0,19,
1784664490.279432,1784664490.293181,decode,17,0,4144,0.0091,0,17,
1784664490.293181,1784664490.307074,decode,17,0,4160,0.0091,0,17,
1784664490.307074,1784664490.320839,decode,17,0,4176,0.0091,0,17,
1784664490.320839,1784664490.334606,decode,17,0,4192,0.0092,0,17,
1784664490.334606,1784664490.348516,decode,16,0,3936,0.0086,0,17,
1784664490.348516,1784664490.362162,decode,16,0,3952,0.0087,0,16,
1784664490.362162,1784664490.375885,decode,15,0,3680,0.0081,0,16,
1784664490.375885,1784664490.391110,mixed,15,0,3280,0.0072,12,16,
1784664490.391110,1784664490.404517,decode,15,0,3312,0.0073,0,15,
1784664490.404517,1784664490.417920,decode,15,0,3328,0.0073,0,15,
1784664490.417920,1784664490.431361,decode,15,0,3328,0.0073,0,15,
1784664490.431361,1784664490.444826,decode,15,0,3328,0.0073,0,15,
1784664490.444826,1784664490.458305,decode,15,0,3344,0.0073,0,15,
1784664490.458305,1784664490.471835,decode,15,0,3344,0.0073,0,15,
1784664490.471835,1784664490.486994,mixed,16,0,3440,0.0075,49,16,
1784664490.486994,1784664490.501510,mixed,17,0,3456,0.0076,8,17,
1784664490.501510,1784664490.524923,mixed,17,0,3408,0.0075,179,18,
1784664490.524923,1784664490.539017,decode,17,0,3424,0.0075,0,17,
1784664490.539017,1784664490.553365,decode,16,0,3296,0.0072,0,17,
1784664490.553365,1784664490.567295,decode,16,0,3296,0.0072,0,16,
1784664490.567295,1784664490.581048,decode,16,0,3328,0.0073,0,16,
1784664490.581048,1784664490.594799,decode,15,0,3152,0.0069,0,16,
1784664490.594799,1784664490.608431,decode,15,0,3168,0.0069,0,15,
1784664490.608431,1784664490.622115,decode,15,0,3168,0.0069,0,15,
1784664490.622115,1784664490.637404,mixed,16,0,3232,0.0071,16,16,
1784664490.637404,1784664490.651018,decode,16,0,3264,0.0071,0,16,
1784664490.651018,1784664490.664470,decode,16,0,3264,0.0071,0,16,
1784664490.664470,1784664490.677970,decode,16,0,3264,0.0071,0,16,
1784664490.677970,1784664490.691594,decode,16,0,3280,0.0072,0,16,
1784664490.691594,1784664490.705068,decode,16,0,3280,0.0072,0,16,
1784664490.705068,1784664490.718672,decode,16,0,3328,0.0073,0,16,
1784664490.718672,1784664490.732193,decode,16,0,3328,0.0073,0,16,
1784664490.732193,1784664490.745703,decode,15,0,3088,0.0068,0,16,
1784664490.745703,1784664490.759105,decode,15,0,3088,0.0068,0,15,
1784664490.759105,1784664490.772607,decode,15,0,3088,0.0068,0,15,
1784664490.772607,1784664490.786071,decode,15,0,3088,0.0068,0,15,
1784664490.786071,1784664490.799488,decode,15,0,3120,0.0068,0,15,
1784664490.799488,1784664490.813007,decode,15,0,3136,0.0069,0,15,
1784664490.813007,1784664490.826390,decode,15,0,3152,0.0069,0,15,
1784664490.826390,1784664490.839888,decode,15,0,3152,0.0069,0,15,
1784664490.839888,1784664490.853351,decode,15,0,3200,0.0070,0,15,
1784664490.853351,1784664490.866798,decode,15,0,3232,0.0071,0,15,
1784664490.866798,1784664490.880320,decode,15,0,3232,0.0071,0,15,
1784664490.880320,1784664490.895523,mixed,16,0,3248,0.0071,12,16,
1784664490.895523,1784664490.909015,decode,16,0,3264,0.0071,0,16,
1784664490.909015,1784664490.922553,decode,16,0,3264,0.0071,0,16,
1784664490.922553,1784664490.937319,mixed,17,0,3360,0.0074,35,17,
1784664490.937319,1784664490.951075,decode,17,0,3360,0.0074,0,17,
1784664490.951075,1784664490.964744,decode,17,0,3408,0.0075,0,17,
1784664490.964744,1784664490.978485,decode,17,0,3408,0.0075,0,17,
1784664490.978485,1784664490.992234,decode,17,0,3408,0.0075,0,17,
1784664490.992234,1784664491.005989,decode,17,0,3408,0.0075,0,17,
1784664491.005989,1784664491.019695,decode,17,0,3440,0.0075,0,17,
1784664491.019695,1784664491.033411,decode,17,0,3456,0.0076,0,17,
1784664491.033411,1784664491.047081,decode,17,0,3472,0.0076,0,17,
1784664491.047081,1784664491.060791,decode,17,0,3472,0.0076,0,17,
1784664491.060791,1784664491.074487,decode,17,0,3520,0.0077,0,17,
1784664491.074487,1784664491.088137,decode,17,0,3552,0.0078,0,17,
1784664491.088137,1784664491.101858,decode,17,0,3552,0.0078,0,17,
1784664491.101858,1784664491.115536,decode,17,0,3552,0.0078,0,17,
1784664491.115536,1784664491.129178,decode,17,0,3584,0.0078,0,17,
1784664491.129178,1784664491.142871,decode,17,0,3584,0.0078,0,17,
1784664491.142871,1784664491.156538,decode,17,0,3632,0.0080,0,17,
1784664491.156538,1784664491.170199,decode,17,0,3632,0.0080,0,17,
1784664491.170199,1784664491.183864,decode,17,0,3680,0.0081,0,17,
1784664491.183864,1784664491.197516,decode,17,0,3680,0.0081,0,17,
1784664491.197516,1784664491.211185,decode,17,0,3680,0.0081,0,17,
1784664491.211185,1784664491.224855,decode,17,0,3680,0.0081,0,17,
1784664491.224855,1784664491.238511,decode,17,0,3712,0.0081,0,17,
1784664491.238511,1784664491.252167,decode,17,0,3728,0.0082,0,17,
1784664491.252167,1784664491.265821,decode,17,0,3744,0.0082,0,17,
1784664491.265821,1784664491.279516,decode,17,0,3744,0.0082,0,17,
1784664491.279516,1784664491.293217,decode,17,0,3792,0.0083,0,17,
1784664491.293217,1784664491.306884,decode,17,0,3824,0.0084,0,17,
1784664491.306884,1784664491.320616,decode,17,0,3824,0.0084,0,17,
1784664491.320616,1784664491.334337,decode,17,0,3824,0.0084,0,17,
1784664491.334337,1784664491.348070,decode,17,0,3856,0.0084,0,17,
1784664491.348070,1784664491.361822,decode,17,0,3856,0.0084,0,17,
1784664491.361822,1784664491.375595,decode,17,0,3904,0.0085,0,17,
1784664491.375595,1784664491.389456,decode,17,0,3904,0.0085,0,17,
1784664491.389456,1784664491.403229,decode,17,0,3952,0.0087,0,17,
1784664491.403229,1784664491.418635,mixed,18,0,3968,0.0087,13,18,
1784664491.418635,1784664491.433988,mixed,18,0,3712,0.0081,16,19,
1784664491.433988,1784664491.447743,decode,18,0,3728,0.0082,0,18,
1784664491.447743,1784664491.461516,decode,18,0,3760,0.0082,0,18,
1784664491.461516,1784664491.475372,decode,18,0,3792,0.0083,0,18,
1784664491.475372,1784664491.489054,decode,18,0,3808,0.0083,0,18,
1784664491.489054,1784664491.502839,decode,18,0,3808,0.0083,0,18,
1784664491.502839,1784664491.516594,decode,18,0,3856,0.0084,0,18,
1784664491.516594,1784664491.530370,decode,18,0,3888,0.0085,0,18,
1784664491.530370,1784664491.544177,decode,18,0,3888,0.0085,0,18,
1784664491.544177,1784664491.557940,decode,18,0,3888,0.0085,0,18,
1784664491.557940,1784664491.571739,decode,18,0,3920,0.0086,0,18,
1784664491.571739,1784664491.585585,decode,18,0,3920,0.0086,0,18,
1784664491.585585,1784664491.599317,decode,18,0,3952,0.0087,0,18,
1784664491.599317,1784664491.613231,decode,18,0,3952,0.0087,0,18,
1784664491.613231,1784664491.626965,decode,18,0,4000,0.0088,0,18,
1784664491.626965,1784664491.640782,decode,18,0,4000,0.0088,0,18,
1784664491.640782,1784664491.654643,decode,18,0,4000,0.0088,0,18,
1784664491.654643,1784664491.668636,decode,18,0,4016,0.0088,0,18,
1784664491.668636,1784664491.700988,mixed,18,0,4048,0.0089,279,19,
1784664491.700988,1784664491.715578,decode,18,0,4080,0.0089,0,18,
1784664491.715578,1784664491.730233,decode,18,0,4096,0.0090,0,18,
1784664491.730233,1784664491.746396,mixed,19,0,4112,0.0090,14,19,
1784664491.746396,1784664491.762413,mixed,20,0,4192,0.0092,26,20,
1784664491.762413,1784664491.776786,decode,20,0,4224,0.0093,0,20,
1784664491.776786,1784664491.792517,mixed,21,0,4272,0.0094,23,21,
1784664491.792517,1784664491.806684,decode,21,0,4272,0.0094,0,21,
1784664491.806684,1784664491.820797,decode,21,0,4304,0.0094,0,21,
1784664491.820797,1784664491.834913,decode,21,0,4304,0.0094,0,21,
1784664491.834913,1784664491.849052,decode,21,0,4336,0.0095,0,21,
1784664491.849052,1784664491.863231,decode,21,0,4352,0.0095,0,21,
1784664491.863231,1784664491.880693,mixed,21,0,4400,0.0096,98,22,
1784664491.880693,1784664491.895193,decode,21,0,4400,0.0096,0,21,
1784664491.895193,1784664491.909627,decode,21,0,4400,0.0096,0,21,
1784664491.909627,1784664491.924042,decode,21,0,4416,0.0097,0,21,
1784664491.924042,1784664491.938348,decode,21,0,4464,0.0098,0,21,
1784664491.938348,1784664491.952597,decode,21,0,4496,0.0098,0,21,
1784664491.952597,1784664491.966798,decode,21,0,4512,0.0099,0,21,
1784664491.966798,1784664491.980938,decode,21,0,4512,0.0099,0,21,
1784664491.980938,1784664491.995060,decode,21,0,4560,0.0100,0,21,
1784664491.995060,1784664492.009099,decode,21,0,4592,0.0101,0,21,
1784664492.009099,1784664492.023157,decode,21,0,4608,0.0101,0,21,
1784664492.023157,1784664492.037286,decode,21,0,4608,0.0101,0,21,
1784664492.037286,1784664492.051527,decode,21,0,4640,0.0102,0,21,
1784664492.051527,1784664492.084082,mixed,21,0,4640,0.0102,257,22,
1784664492.084082,1784664492.098858,decode,21,0,4672,0.0102,0,21,
1784664492.098858,1784664492.113564,decode,21,0,4688,0.0103,0,21,
1784664492.113564,1784664492.128154,decode,21,0,4736,0.0104,0,21,
1784664492.128154,1784664492.142561,decode,21,0,4736,0.0104,0,21,
1784664492.142561,1784664492.156911,decode,21,0,4736,0.0104,0,21,
1784664492.156911,1784664492.171156,decode,21,0,4752,0.0104,0,21,
1784664492.171156,1784664492.185313,decode,21,0,4800,0.0105,0,21,
1784664492.185313,1784664492.199502,decode,21,0,4832,0.0106,0,21,
1784664492.199502,1784664492.213644,decode,21,0,4848,0.0106,0,21,
1784664492.213644,1784664492.227808,decode,21,0,4848,0.0106,0,21,
1784664492.227808,1784664492.241966,decode,21,0,4896,0.0107,0,21,
1784664492.241966,1784664492.256089,decode,21,0,4928,0.0108,0,21,
1784664492.256089,1784664492.270238,decode,21,0,4944,0.0108,0,21,
1784664492.270238,1784664492.284400,decode,21,0,4944,0.0108,0,21,
1784664492.284400,1784664492.298627,decode,21,0,4976,0.0109,0,21,
1784664492.298627,1784664492.314375,mixed,22,0,4992,0.0109,16,22,
1784664492.314375,1784664492.336500,mixed,22,0,5040,0.0110,169,23,
1784664492.336500,1784664492.351096,decode,22,0,5056,0.0111,0,22,
1784664492.351096,1784664492.365801,decode,22,0,5104,0.0112,0,22,
1784664492.365801,1784664492.380440,decode,22,0,5104,0.0112,0,22,
1784664492.380440,1784664492.395008,decode,22,0,5104,0.0112,0,22,
1784664492.395008,1784664492.409587,decode,22,0,5120,0.0112,0,22,
1784664492.409587,1784664492.425629,mixed,23,0,5200,0.0114,20,23,
1784664492.425629,1784664492.440014,decode,23,0,5232,0.0115,0,23,
1784664492.440014,1784664492.454418,decode,23,0,5248,0.0115,0,23,
1784664492.454418,1784664492.468799,decode,23,0,5248,0.0115,0,23,
1784664492.468799,1784664492.483202,decode,23,0,5296,0.0116,0,23,
1784664492.483202,1784664492.497441,decode,23,0,5328,0.0117,0,23,
1784664492.497441,1784664492.511793,decode,23,0,5344,0.0117,0,23,
1784664492.511793,1784664492.526142,decode,23,0,5344,0.0117,0,23,
1784664492.526142,1784664492.540638,decode,23,0,5376,0.0118,0,23,
1784664492.540638,1784664492.558365,mixed,23,0,5376,0.0118,93,24,
1784664492.558365,1784664492.572970,decode,23,0,5424,0.0119,0,23,
1784664492.572970,1784664492.587594,decode,23,0,5440,0.0119,0,23,
1784664492.587594,1784664492.602240,decode,23,0,5488,0.0120,0,23,
1784664492.602240,1784664492.619691,mixed,23,0,5504,0.0121,62,24,
1784664492.619691,1784664492.634384,decode,22,0,5200,0.0114,0,23,
1784664492.634384,1784664492.648929,decode,22,0,5216,0.0114,0,22,
1784664492.648929,1784664492.663474,decode,22,0,5264,0.0115,0,22,
1784664492.663474,1784664492.677871,decode,22,0,5296,0.0116,0,22,
1784664492.677871,1784664492.692305,decode,22,0,5312,0.0116,0,22,
1784664492.692305,1784664492.706823,decode,21,0,5152,0.0113,0,22,
1784664492.706823,1784664492.720974,decode,21,0,5200,0.0114,0,21,
1784664492.720974,1784664492.735102,decode,21,0,5216,0.0114,0,21,
1784664492.735102,1784664492.749255,decode,21,0,5232,0.0115,0,21,
1784664492.749255,1784664492.763351,decode,21,0,5232,0.0115,0,21,
1784664492.763351,1784664492.777580,decode,20,0,4992,0.0109,0,21,
1784664492.777580,1784664492.791778,decode,20,0,4992,0.0109,0,20,
1784664492.791778,1784664492.805941,decode,20,0,5040,0.0110,0,20,
1784664492.805941,1784664492.820059,decode,20,0,5056,0.0111,0,20,
1784664492.820059,1784664492.834269,decode,20,0,5088,0.0111,0,20,
1784664492.834269,1784664492.848338,decode,20,0,5104,0.0112,0,20,
1784664492.848338,1784664492.862582,decode,20,0,5104,0.0112,0,20,
1784664492.862582,1784664492.878297,mixed,21,0,5136,0.0112,16,21,
1784664492.878297,1784664492.892521,decode,21,0,5200,0.0114,0,21,
1784664492.892521,1784664492.908478,mixed,22,0,5248,0.0115,9,22,
1784664492.908478,1784664492.923658,mixed,24,0,5296,0.0116,27,24,
1784664492.923658,1784664492.938052,decode,24,0,5312,0.0116,0,24,
1784664492.938052,1784664492.952585,decode,23,0,4672,0.0102,0,24,
1784664492.952585,1784664492.966968,decode,23,0,4688,0.0103,0,23,
1784664492.966968,1784664492.981327,decode,23,0,4704,0.0103,0,23,
1784664492.981327,1784664492.995768,decode,23,0,4704,0.0103,0,23,
1784664492.995768,1784664493.010099,decode,23,0,4752,0.0104,0,23,
1784664493.010099,1784664493.024453,decode,23,0,4768,0.0104,0,23,
1784664493.024453,1784664493.038840,decode,23,0,4816,0.0105,0,23,
1784664493.038840,1784664493.053355,decode,23,0,4832,0.0106,0,23,
1784664493.053355,1784664493.069102,mixed,24,0,4880,0.0107,11,24,
1784664493.069102,1784664493.083496,decode,24,0,4896,0.0107,0,24,
1784664493.083496,1784664493.097959,decode,23,0,4688,0.0103,0,24,
1784664493.097959,1784664493.112275,decode,23,0,4704,0.0103,0,23,
1784664493.112275,1784664493.126613,decode,23,0,4752,0.0104,0,23,
1784664493.126613,1784664493.140933,decode,23,0,4784,0.0105,0,23,
1784664493.140933,1784664493.155357,decode,23,0,4816,0.0105,0,23,
1784664493.155357,1784664493.170953,mixed,24,0,4848,0.0106,12,24,
1784664493.170953,1784664493.185351,decode,24,0,4880,0.0107,0,24,
1784664493.185351,1784664493.199775,decode,24,0,4896,0.0107,0,24,
1784664493.199775,1784664493.214190,decode,24,0,4912,0.0108,0,24,
1784664493.214190,1784664493.228539,decode,24,0,4912,0.0108,0,24,
1784664493.228539,1784664493.242958,decode,24,0,4960,0.0109,0,24,
1784664493.242958,1784664493.257366,decode,24,0,4976,0.0109,0,24,
1784664493.257366,1784664493.271749,decode,24,0,5024,0.0110,0,24,
1784664493.271749,1784664493.286165,decode,24,0,5040,0.0110,0,24,
1784664493.286165,1784664493.300552,decode,24,0,5072,0.0111,0,24,
1784664493.300552,1784664493.314930,decode,24,0,5088,0.0111,0,24,
1784664493.314930,1784664493.329328,decode,24,0,5088,0.0111,0,24,
1784664493.329328,1784664493.343742,decode,24,0,5104,0.0112,0,24,
1784664493.343742,1784664493.358194,decode,24,0,5152,0.0113,0,24,
1784664493.358194,1784664493.372526,decode,24,0,5184,0.0114,0,24,
1784664493.372526,1784664493.386981,decode,24,0,5216,0.0114,0,24,
1784664493.386981,1784664493.401376,decode,24,0,5232,0.0115,0,24,
1784664493.401376,1784664493.415827,decode,24,0,5264,0.0115,0,24,
1784664493.415827,1784664493.430130,decode,24,0,5280,0.0116,0,24,
1784664493.430130,1784664493.444514,decode,24,0,5296,0.0116,0,24,
1784664493.444514,1784664493.458939,decode,24,0,5296,0.0116,0,24,
1784664493.458939,1784664493.473396,decode,24,0,5344,0.0117,0,24,
1784664493.473396,1784664493.487914,decode,24,0,5360,0.0117,0,24,
1784664493.487914,1784664493.502306,decode,24,0,5408,0.0118,0,24,
1784664493.502306,1784664493.516840,decode,24,0,5424,0.0119,0,24,
1784664493.516840,1784664493.532217,mixed,25,0,5488,0.0120,24,25,
1784664493.532217,1784664493.546615,decode,24,0,5216,0.0114,0,25,
1784664493.546615,1784664493.560948,decode,24,0,5216,0.0114,0,24,
1784664493.560948,1784664493.575368,decode,24,0,5232,0.0115,0,24,
1784664493.575368,1784664493.589748,decode,24,0,5280,0.0116,0,24,
1784664493.589748,1784664493.604144,decode,24,0,5312,0.0116,0,24,
1784664493.604144,1784664493.618545,decode,24,0,5344,0.0117,0,24,
1784664493.618545,1784664493.633010,decode,24,0,5360,0.0117,0,24,
1784664493.633010,1784664493.647443,decode,24,0,5376,0.0118,0,24,
1784664493.647443,1784664493.661768,decode,24,0,5408,0.0118,0,24,
1784664493.661768,1784664493.676083,decode,24,0,5424,0.0119,0,24,
1784664493.676083,1784664493.690540,decode,23,0,5152,0.0113,0,24,
1784664493.690540,1784664493.704829,decode,23,0,5200,0.0114,0,23,
1784664493.704829,1784664493.719187,decode,23,0,5216,0.0114,0,23,
1784664493.719187,1784664493.733475,decode,23,0,5264,0.0115,0,23,
1784664493.733475,1784664493.747883,decode,22,0,4864,0.0107,0,23,
1784664493.747883,1784664493.762197,decode,22,0,4896,0.0107,0,22,
1784664493.762197,1784664493.776558,decode,21,0,3648,0.0080,0,22,
1784664493.776558,1784664493.790310,decode,21,0,3648,0.0080,0,21,
1784664493.790310,1784664493.804086,decode,21,0,3664,0.0080,0,21,
1784664493.804086,1784664493.817756,decode,21,0,3712,0.0081,0,21,
1784664493.817756,1784664493.831487,decode,21,0,3728,0.0082,0,21,
1784664493.831487,1784664493.845206,decode,21,0,3760,0.0082,0,21,
1784664493.845206,1784664493.859031,decode,19,0,3104,0.0068,0,21,
1784664493.859031,1784664493.873036,decode,19,0,3120,0.0068,0,19,
1784664493.873036,1784664493.887891,mixed,20,0,3152,0.0069,9,20,
1784664493.887891,1784664493.901784,decode,20,0,3168,0.0069,0,20,
1784664493.901784,1784664493.915705,decode,20,0,3168,0.0069,0,20,
1784664493.915705,1784664493.929625,decode,20,0,3216,0.0070,0,20,
1784664493.929625,1784664493.943532,decode,20,0,3232,0.0071,0,20,
1784664493.943532,1784664493.957451,decode,20,0,3280,0.0072,0,20,
1784664493.957451,1784664493.971398,decode,20,0,3296,0.0072,0,20,
1784664493.971398,1784664493.985260,decode,20,0,3312,0.0073,0,20,
1784664493.985260,1784664493.999178,decode,20,0,3344,0.0073,0,20,
1784664493.999178,1784664494.013120,decode,20,0,3344,0.0073,0,20,
1784664494.013120,1784664494.027051,decode,20,0,3360,0.0074,0,20,
1784664494.027051,1784664494.040986,decode,20,0,3392,0.0074,0,20,
1784664494.040986,1784664494.054952,decode,20,0,3408,0.0075,0,20,
1784664494.054952,1784664494.068813,decode,20,0,3424,0.0075,0,20,
1784664494.068813,1784664494.082761,decode,20,0,3440,0.0075,0,20,
1784664494.082761,1784664494.096733,decode,20,0,3456,0.0076,0,20,
1784664494.096733,1784664494.110632,decode,20,0,3472,0.0076,0,20,
1784664494.110632,1784664494.124587,decode,20,0,3488,0.0076,0,20,
1784664494.124587,1784664494.138563,decode,20,0,3488,0.0076,0,20,
1784664494.138563,1784664494.152571,decode,20,0,3536,0.0077,0,20,
1784664494.152571,1784664494.166639,decode,19,0,3248,0.0071,0,20,
1784664494.166639,1784664494.205569,mixed,19,0,3424,0.0075,406,20,
1784664494.205569,1784664494.221572,mixed,19,0,3040,0.0067,36,20,
1784664494.221572,1784664494.236536,decode,18,0,2640,0.0058,0,19,
1784664494.236536,1784664494.250924,decode,18,0,2672,0.0059,0,18,
1784664494.250924,1784664494.265012,decode,18,0,2672,0.0059,0,18,
1784664494.265012,1784664494.278909,decode,18,0,2688,0.0059,0,18,
1784664494.278909,1784664494.292715,decode,18,0,2720,0.0060,0,18,
1784664494.292715,1784664494.306480,decode,18,0,2736,0.0060,0,18,
1784664494.306480,1784664494.320064,decode,18,0,2752,0.0060,0,18,
1784664494.320064,1784664494.333792,decode,18,0,2768,0.0061,0,18,
1784664494.333792,1784664494.347414,decode,18,0,2768,0.0061,0,18,
1784664494.347414,1784664494.363224,mixed,18,0,2784,0.0061,63,19,
1784664494.363224,1784664494.376960,decode,18,0,2800,0.0061,0,18,
1784664494.376960,1784664494.390812,decode,18,0,2800,0.0061,0,18,
1784664494.390812,1784664494.404628,decode,18,0,2864,0.0063,0,18,
1784664494.404628,1784664494.418268,decode,18,0,2880,0.0063,0,18,
1784664494.418268,1784664494.431962,decode,18,0,2896,0.0063,0,18,
1784664494.431962,1784664494.445585,decode,18,0,2912,0.0064,0,18,
1784664494.445585,1784664494.459201,decode,18,0,2928,0.0064,0,18,
1784664494.459201,1784664494.472846,decode,18,0,2960,0.0065,0,18,
1784664494.472846,1784664494.486459,decode,18,0,2960,0.0065,0,18,
1784664494.486459,1784664494.500122,decode,18,0,2976,0.0065,0,18,
1784664494.500122,1784664494.514851,mixed,19,0,3024,0.0066,12,19,
1784664494.514851,1784664494.528389,decode,19,0,3040,0.0067,0,19,
1784664494.528389,1784664494.541966,decode,19,0,3056,0.0067,0,19,
1784664494.541966,1784664494.555507,decode,19,0,3072,0.0067,0,19,
1784664494.555507,1784664494.569045,decode,19,0,3072,0.0067,0,19,
1784664494.569045,1784664494.582592,decode,19,0,3104,0.0068,0,19,
1784664494.582592,1784664494.596261,decode,18,0,2848,0.0062,0,19,
1784664494.596261,1784664494.609805,decode,18,0,2848,0.0062,0,18,
1784664494.609805,1784664494.623408,decode,18,0,2912,0.0064,0,18,
1784664494.623408,1784664494.637178,decode,17,0,2624,0.0057,0,18,
1784664494.637178,1784664494.652968,mixed,17,0,2640,0.0058,68,18,
1784664494.652968,1784664494.666508,decode,17,0,2656,0.0058,0,17,
1784664494.666508,1784664494.679876,decode,17,0,2656,0.0058,0,17,
1784664494.679876,1784664494.693693,decode,16,0,2576,0.0056,0,17,
1784664494.693693,1784664494.706931,decode,16,0,2576,0.0056,0,16,
1784664494.706931,1784664494.720062,decode,16,0,2592,0.0057,0,16,
1784664494.720062,1784664494.733231,decode,16,0,2624,0.0057,0,16,
1784664494.733231,1784664494.746368,decode,16,0,2640,0.0058,0,16,
1784664494.746368,1784664494.759454,decode,16,0,2656,0.0058,0,16,
1784664494.759454,1784664494.772501,decode,16,0,2672,0.0059,0,16,
1784664494.772501,1784664494.785710,decode,16,0,2672,0.0059,0,16,
1784664494.785710,1784664494.800228,mixed,17,0,2704,0.0059,12,17,
1784664494.800228,1784664494.813513,decode,17,0,2720,0.0060,0,17,
1784664494.813513,1784664494.826822,decode,17,0,2720,0.0060,0,17,
1784664494.826822,1784664494.840080,decode,17,0,2768,0.0061,0,17,
1784664494.840080,1784664494.853327,decode,17,0,2784,0.0061,0,17,
1784664494.853327,1784664494.866578,decode,17,0,2816,0.0062,0,17,
1784664494.866578,1784664494.879826,decode,17,0,2832,0.0062,0,17,
1784664494.879826,1784664494.893082,decode,17,0,2832,0.0062,0,17,
1784664494.893082,1784664494.906346,decode,17,0,2864,0.0063,0,17,
1784664494.906346,1784664494.919650,decode,17,0,2864,0.0063,0,17,
1784664494.919650,1784664494.933299,decode,17,0,2880,0.0063,0,17,
1784664494.933299,1784664494.946927,decode,17,0,2912,0.0064,0,17,
1784664494.946927,1784664494.960595,decode,17,0,2928,0.0064,0,17,
1784664494.960595,1784664494.974233,decode,17,0,2944,0.0064,0,17,
1784664494.974233,1784664494.987942,decode,17,0,2960,0.0065,0,17,
1784664494.987942,1784664495.001509,decode,17,0,2960,0.0065,0,17,
1784664495.001509,1784664495.015184,decode,17,0,2976,0.0065,0,17,
1784664495.015184,1784664495.028813,decode,17,0,2992,0.0066,0,17,
1784664495.028813,1784664495.042423,decode,17,0,2992,0.0066,0,17,
1784664495.042423,1784664495.056072,decode,17,0,3040,0.0067,0,17,
1784664495.056072,1784664495.069689,decode,17,0,3056,0.0067,0,17,
1784664495.069689,1784664495.083357,decode,17,0,3088,0.0068,0,17,
1784664495.083357,1784664495.097957,mixed,18,0,3136,0.0069,18,18,
1784664495.097957,1784664495.111699,decode,17,0,2864,0.0063,0,18,
1784664495.111699,1784664495.125344,decode,16,0,2624,0.0057,0,17,
1784664495.125344,1784664495.138714,decode,16,0,2624,0.0057,0,16,
1784664495.138714,1784664495.152066,decode,16,0,2624,0.0057,0,16,
1784664495.152066,1784664495.165505,decode,16,0,2656,0.0058,0,16,
1784664495.165505,1784664495.178852,decode,16,0,2656,0.0058,0,16,
1784664495.178852,1784664495.192186,decode,16,0,2672,0.0059,0,16,
1784664495.192186,1784664495.205609,decode,16,0,2688,0.0059,0,16,
1784664495.205609,1784664495.220230,mixed,17,0,2736,0.0060,45,17,
1784664495.220230,1784664495.233769,decode,17,0,2752,0.0060,0,17,
1784664495.233769,1784664495.247351,decode,17,0,2768,0.0061,0,17,
1784664495.247351,1784664495.261006,decode,17,0,2768,0.0061,0,17,
1784664495.261006,1784664495.274638,decode,17,0,2832,0.0062,0,17,
1784664495.274638,1784664495.297753,mixed,18,0,3072,0.0067,224,18,
1784664495.297753,1784664495.312136,decode,18,0,3136,0.0069,0,18,
1784664495.312136,1784664495.326422,decode,18,0,3152,0.0069,0,18,
1784664495.326422,1784664495.340704,decode,18,0,3152,0.0069,0,18,
1784664495.340704,1784664495.354676,decode,18,0,3184,0.0070,0,18,
1784664495.354676,1784664495.368710,decode,18,0,3184,0.0070,0,18,
1784664495.368710,1784664495.383519,mixed,19,0,3216,0.0070,22,19,
1784664495.383519,1784664495.397387,decode,19,0,3248,0.0071,0,19,
1784664495.397387,1784664495.418730,mixed,20,0,3392,0.0074,136,20,
1784664495.418730,1784664495.432790,decode,19,0,3136,0.0069,0,20,
1784664495.432790,1784664495.446697,decode,18,0,2864,0.0063,0,19,
1784664495.446697,1784664495.460600,decode,17,0,2784,0.0061,0,18,
1784664495.460600,1784664495.474378,decode,16,0,2496,0.0055,0,17,
1784664495.474378,1784664495.487487,decode,16,0,2496,0.0055,0,16,
1784664495.487487,1784664495.500643,decode,16,0,2496,0.0055,0,16,
1784664495.500643,1784664495.514199,decode,16,0,2560,0.0056,0,16,
1784664495.514199,1784664495.529735,mixed,18,0,2656,0.0058,53,18,
1784664495.529735,1784664495.561320,mixed,18,0,2752,0.0060,343,19,
1784664495.561320,1784664495.575525,decode,17,0,2592,0.0057,0,18,
1784664495.575525,1784664495.590816,mixed,18,0,2624,0.0057,27,18,
1784664495.590816,1784664495.604635,decode,18,0,2656,0.0058,0,18,
1784664495.604635,1784664495.618319,decode,18,0,2656,0.0058,0,18,
1784664495.618319,1784664495.631868,decode,18,0,2656,0.0058,0,18,
1784664495.631868,1784664495.645382,decode,18,0,2672,0.0059,0,18,
1784664495.645382,1784664495.658770,decode,18,0,2672,0.0059,0,18,
1784664495.658770,1784664495.672202,decode,18,0,2704,0.0059,0,18,
1784664495.672202,1784664495.685430,decode,18,0,2720,0.0060,0,18,
1784664495.685430,1784664495.698670,decode,18,0,2720,0.0060,0,18,
1784664495.698670,1784664495.711996,decode,18,0,2720,0.0060,0,18,
1784664495.711996,1784664495.725336,decode,18,0,2720,0.0060,0,18,
1784664495.725336,1784664495.738736,decode,17,0,2688,0.0059,0,18,
1784664495.738736,1784664495.752108,decode,17,0,2768,0.0061,0,17,
1784664495.752108,1784664495.765352,decode,17,0,2784,0.0061,0,17,
1784664495.765352,1784664495.778968,decode,17,0,2864,0.0063,0,17,
1784664495.778968,1784664495.793597,mixed,18,0,2880,0.0063,10,18,
1784664495.793597,1784664495.807254,decode,18,0,2880,0.0063,0,18,
1784664495.807254,1784664495.820845,decode,18,0,2912,0.0064,0,18,
1784664495.820845,1784664495.834507,decode,18,0,2912,0.0064,0,18,
1784664495.834507,1784664495.848128,decode,18,0,2912,0.0064,0,18,
1784664495.848128,1784664495.861773,decode,18,0,2928,0.0064,0,18,
1784664495.861773,1784664495.875420,decode,18,0,2928,0.0064,0,18,
1784664495.875420,1784664495.889053,decode,18,0,2960,0.0065,0,18,
1784664495.889053,1784664495.902704,decode,18,0,2976,0.0065,0,18,
1784664495.902704,1784664495.916337,decode,18,0,2976,0.0065,0,18,
1784664495.916337,1784664495.930026,decode,18,0,2976,0.0065,0,18,
1784664495.930026,1784664495.946163,mixed,19,0,3056,0.0067,77,19,
1784664495.946163,1784664495.960023,decode,19,0,3072,0.0067,0,19,
1784664495.960023,1784664495.973992,decode,18,0,2880,0.0063,0,19,
1784664495.973992,1784664495.987930,decode,18,0,2896,0.0063,0,18,
1784664495.987930,1784664496.002958,mixed,19,0,2992,0.0066,12,19,
1784664496.002958,1784664496.016559,decode,19,0,2992,0.0066,0,19,
1784664496.016559,1784664496.030183,decode,19,0,2992,0.0066,0,19,
1784664496.030183,1784664496.043907,decode,19,0,3024,0.0066,0,19,
1784664496.043907,1784664496.057413,decode,19,0,3024,0.0066,0,19,
1784664496.057413,1784664496.071038,decode,18,0,2752,0.0060,0,19,
1784664496.071038,1784664496.084602,decode,18,0,2768,0.0061,0,18,
1784664496.084602,1784664496.098216,decode,18,0,2768,0.0061,0,18,
1784664496.098216,1784664496.111866,decode,18,0,2800,0.0061,0,18,
1784664496.111866,1784664496.127418,mixed,20,0,2880,0.0063,53,20,
1784664496.127418,1784664496.141294,decode,20,0,2880,0.0063,0,20,
1784664496.141294,1784664496.156175,mixed,21,0,2928,0.0064,25,21,
1784664496.156175,1784664496.169951,decode,21,0,2928,0.0064,0,21,
1784664496.169951,1784664496.183765,decode,20,0,2864,0.0063,0,21,
1784664496.183765,1784664496.197473,decode,20,0,2944,0.0064,0,20,
1784664496.197473,1784664496.211172,decode,20,0,2960,0.0065,0,20,
1784664496.211172,1784664496.224818,decode,20,0,3040,0.0067,0,20,
1784664496.224818,1784664496.238482,decode,20,0,3040,0.0067,0,20,
1784664496.238482,1784664496.252099,decode,20,0,3040,0.0067,0,20,
1784664496.252099,1784664496.265746,decode,20,0,3072,0.0067,0,20,
1784664496.265746,1784664496.279340,decode,20,0,3088,0.0068,0,20,
1784664496.279340,1784664496.292923,decode,20,0,3104,0.0068,0,20,
1784664496.292923,1784664496.306532,decode,20,0,3120,0.0068,0,20,
1784664496.306532,1784664496.321078,decode,19,0,3072,0.0067,0,20,
1784664496.321078,1784664496.334897,decode,19,0,3104,0.0068,0,19,
1784664496.334897,1784664496.348467,decode,19,0,3120,0.0068,0,19,
1784664496.348467,1784664496.362025,decode,19,0,3120,0.0068,0,19,
1784664496.362025,1784664496.375650,decode,19,0,3120,0.0068,0,19,
1784664496.375650,1784664496.389237,decode,19,0,3120,0.0068,0,19,
1784664496.389237,1784664496.402907,decode,19,0,3120,0.0068,0,19,
1784664496.402907,1784664496.416565,decode,19,0,3200,0.0070,0,19,
1784664496.416565,1784664496.430219,decode,19,0,3216,0.0070,0,19,
1784664496.430219,1784664496.443886,decode,19,0,3296,0.0072,0,19,
1784664496.443886,1784664496.457568,decode,19,0,3296,0.0072,0,19,
1784664496.457568,1784664496.471147,decode,19,0,3296,0.0072,0,19,
1784664496.471147,1784664496.484814,decode,19,0,3328,0.0073,0,19,
1784664496.484814,1784664496.498552,decode,18,0,3072,0.0067,0,19,
1784664496.498552,1784664496.512167,decode,18,0,3088,0.0068,0,18,
1784664496.512167,1784664496.525863,decode,17,0,2816,0.0062,0,18,
1784664496.525863,1784664496.539420,decode,15,0,2272,0.0050,0,17,
1784664496.539420,1784664496.552650,decode,15,0,2304,0.0050,0,15,
1784664496.552650,1784664496.565825,decode,15,0,2304,0.0050,0,15,
1784664496.565825,1784664496.579069,decode,14,0,2192,0.0048,0,15,
1784664496.579069,1784664496.592235,decode,14,0,2192,0.0048,0,14,
1784664496.592235,1784664496.605410,decode,14,0,2192,0.0048,0,14,
1784664496.605410,1784664496.618569,decode,14,0,2192,0.0048,0,14,
1784664496.618569,1784664496.631776,decode,14,0,2256,0.0049,0,14,
1784664496.631776,1784664496.645086,decode,14,0,2256,0.0049,0,14,
1784664496.645086,1784664496.659498,mixed,15,0,2496,0.0055,174,15,
1784664496.659498,1784664496.672898,decode,14,0,2224,0.0049,0,15,
1784664496.672898,1784664496.686159,decode,14,0,2224,0.0049,0,14,
1784664496.686159,1784664496.700545,mixed,15,0,2304,0.0050,25,15,
1784664496.700545,1784664496.713793,decode,14,0,2288,0.0050,0,15,
1784664496.713793,1784664496.726976,decode,14,0,2304,0.0050,0,14,
1784664496.726976,1784664496.740143,decode,14,0,2304,0.0050,0,14,
1784664496.740143,1784664496.753653,decode,14,0,2304,0.0050,0,14,
1784664496.753653,1784664496.769785,mixed,14,0,2160,0.0047,100,15,
1784664496.769785,1784664496.783226,decode,14,0,2160,0.0047,0,14,
1784664496.783226,1784664496.796730,decode,14,0,2160,0.0047,0,14,
1784664496.796730,1784664496.810194,decode,14,0,2160,0.0047,0,14,
1784664496.810194,1784664496.823606,decode,14,0,2160,0.0047,0,14,
1784664496.823606,1784664496.836932,decode,14,0,2160,0.0047,0,14,
1784664496.836932,1784664496.850329,decode,14,0,2208,0.0048,0,14,
1784664496.850329,1784664496.863979,mixed,15,0,2224,0.0049,8,15,
1784664496.863979,1784664496.877292,decode,15,0,2288,0.0050,0,15,
1784664496.877292,1784664496.890575,decode,15,0,2288,0.0050,0,15,
1784664496.890575,1784664496.905042,mixed,16,0,2320,0.0051,19,16,
1784664496.905042,1784664496.918374,decode,16,0,2368,0.0052,0,16,
1784664496.918374,1784664496.931652,decode,16,0,2384,0.0052,0,16,
1784664496.931652,1784664496.944934,decode,16,0,2416,0.0053,0,16,
1784664496.944934,1784664496.958201,decode,16,0,2416,0.0053,0,16,
1784664496.958201,1784664496.971570,decode,16,0,2416,0.0053,0,16,
1784664496.971570,1784664496.987445,mixed,17,0,2544,0.0056,91,17,
1784664496.987445,1784664497.001132,decode,17,0,2544,0.0056,0,17,
1784664497.001132,1784664497.015095,decode,17,0,2544,0.0056,0,17,
1784664497.015095,1784664497.029948,mixed,19,0,2672,0.0059,102,19,
1784664497.029948,1784664497.043817,decode,18,0,2576,0.0056,0,19,
1784664497.043817,1784664497.057692,mixed,19,0,2608,0.0057,19,19,
1784664497.057692,1784664497.071376,decode,19,0,2672,0.0059,0,19,
1784664497.071376,1784664497.084983,decode,19,0,2672,0.0059,0,19,
1784664497.084983,1784664497.098526,decode,19,0,2752,0.0060,0,19,
1784664497.098526,1784664497.112178,decode,19,0,2752,0.0060,0,19,
1784664497.112178,1784664497.125780,decode,19,0,2752,0.0060,0,19,
1784664497.125780,1784664497.139453,decode,19,0,2800,0.0061,0,19,
1784664497.139453,1784664497.154319,mixed,21,0,2880,0.0063,45,21,
1784664497.154319,1784664497.167969,decode,21,0,2912,0.0064,0,21,
1784664497.167969,1784664497.181673,decode,21,0,2912,0.0064,0,21,
1784664497.181673,1784664497.195328,decode,21,0,2912,0.0064,0,21,
1784664497.195328,1784664497.209014,decode,21,0,2944,0.0064,0,21,
1784664497.209014,1784664497.223775,mixed,22,0,2960,0.0065,6,22,
1784664497.223775,1784664497.237407,decode,22,0,2960,0.0065,0,22,
1784664497.237407,1784664497.251036,decode,22,0,2992,0.0066,0,22,
1784664497.251036,1784664497.264786,decode,22,0,2992,0.0066,0,22,
1784664497.264786,1784664497.279566,mixed,23,0,3040,0.0067,22,23,
1784664497.279566,1784664497.293265,decode,23,0,3104,0.0068,0,23,
1784664497.293265,1784664497.306928,decode,23,0,3104,0.0068,0,23,
1784664497.306928,1784664497.320621,decode,23,0,3200,0.0070,0,23,
1784664497.320621,1784664497.334411,decode,23,0,3200,0.0070,0,23,
1784664497.334411,1784664497.349303,mixed,24,0,3216,0.0070,15,24,
1784664497.349303,1784664497.364209,mixed,25,0,3280,0.0072,8,25,
1784664497.364209,1784664497.377820,decode,25,0,3328,0.0073,0,25,
1784664497.377820,1784664497.391471,decode,25,0,3360,0.0074,0,25,
1784664497.391471,1784664497.405215,decode,25,0,3360,0.0074,0,25,
1784664497.405215,1784664497.418880,decode,25,0,3360,0.0074,0,25,
1784664497.418880,1784664497.432594,decode,25,0,3408,0.0075,0,25,
1784664497.432594,1784664497.446219,decode,25,0,3408,0.0075,0,25,
1784664497.446219,1784664497.459957,decode,24,0,3136,0.0069,0,25,
1784664497.459957,1784664497.473577,decode,24,0,3168,0.0069,0,24,
1784664497.473577,1784664497.487255,decode,24,0,3184,0.0070,0,24,
1784664497.487255,1784664497.500876,decode,24,0,3200,0.0070,0,24,
1784664497.500876,1784664497.514591,decode,24,0,3264,0.0071,0,24,
1784664497.514591,1784664497.528161,decode,24,0,3264,0.0071,0,24,
1784664497.528161,1784664497.541984,decode,24,0,3360,0.0074,0,24,
1784664497.541984,1784664497.555628,decode,24,0,3360,0.0074,0,24,
1784664497.555628,1784664497.569375,decode,24,0,3360,0.0074,0,24,
1784664497.569375,1784664497.583117,decode,24,0,3392,0.0074,0,24,
1784664497.583117,1784664497.596897,decode,24,0,3440,0.0075,0,24,
1784664497.596897,1784664497.610562,decode,24,0,3472,0.0076,0,24,
1784664497.610562,1784664497.624340,decode,24,0,3472,0.0076,0,24,
1784664497.624340,1784664497.638173,decode,24,0,3472,0.0076,0,24,
1784664497.638173,1784664497.653215,mixed,25,0,3536,0.0077,10,25,
1784664497.653215,1784664497.666960,decode,25,0,3536,0.0077,0,25,
1784664497.666960,1784664497.680698,decode,25,0,3536,0.0077,0,25,
1784664497.680698,1784664497.694552,decode,24,0,3488,0.0076,0,25,
1784664497.694552,1784664497.708315,decode,24,0,3504,0.0077,0,24,
1784664497.708315,1784664497.722259,decode,24,0,3520,0.0077,0,24,
1784664497.722259,1784664497.797432,mixed,24,0,3584,0.0078,885,25,
1784664497.797432,1784664497.812315,decode,24,0,3600,0.0079,0,24,
1784664497.812315,1784664497.827058,decode,23,0,3392,0.0074,0,24,
1784664497.827058,1784664497.841473,decode,23,0,3392,0.0074,0,23,
1784664497.841473,1784664497.855800,decode,23,0,3392,0.0074,0,23,
1784664497.855800,1784664497.870050,decode,22,0,3344,0.0073,0,23,
1784664497.870050,1784664497.884028,decode,22,0,3392,0.0074,0,22,
1784664497.884028,1784664497.897922,decode,22,0,3424,0.0075,0,22,
1784664497.897922,1784664497.911834,decode,22,0,3424,0.0075,0,22,
1784664497.911834,1784664497.925689,decode,22,0,3424,0.0075,0,22,
1784664497.925689,1784664497.939449,decode,22,0,3472,0.0076,0,22,
1784664497.939449,1784664497.953328,decode,22,0,3472,0.0076,0,22,
1784664497.953328,1784664497.968387,mixed,23,0,3488,0.0076,7,23,
1784664497.968387,1784664497.982325,decode,23,0,3504,0.0077,0,23,
1784664497.982325,1784664497.996174,decode,23,0,3520,0.0077,0,23,
1784664497.996174,1784664498.009953,decode,23,0,3536,0.0077,0,23,
1784664498.009953,1784664498.023813,decode,23,0,3584,0.0078,0,23,
1784664498.023813,1784664498.037537,decode,23,0,3600,0.0079,0,23,
1784664498.037537,1784664498.051290,decode,23,0,3680,0.0081,0,23,
1784664498.051290,1784664498.065072,decode,23,0,3680,0.0081,0,23,
1784664498.065072,1784664498.078923,decode,23,0,3680,0.0081,0,23,
1784664498.078923,1784664498.092718,decode,23,0,3712,0.0081,0,23,
1784664498.092718,1784664498.106491,decode,23,0,3776,0.0083,0,23,
1784664498.106491,1784664498.120251,decode,23,0,3808,0.0083,0,23,
1784664498.120251,1784664498.134025,decode,23,0,3808,0.0083,0,23,
1784664498.134025,1784664498.147850,decode,23,0,3808,0.0083,0,23,
1784664498.147850,1784664498.161591,decode,23,0,3856,0.0084,0,23,
1784664498.161591,1784664498.175396,decode,23,0,3856,0.0084,0,23,
1784664498.175396,1784664498.189196,decode,23,0,3856,0.0084,0,23,
1784664498.189196,1784664498.202992,decode,23,0,3872,0.0085,0,23,
1784664498.202992,1784664498.216826,decode,23,0,3888,0.0085,0,23,
1784664498.216826,1784664498.230613,decode,23,0,3904,0.0085,0,23,
1784664498.230613,1784664498.244451,decode,23,0,3952,0.0087,0,23,
1784664498.244451,1784664498.258301,decode,23,0,3968,0.0087,0,23,
1784664498.258301,1784664498.272105,decode,23,0,4048,0.0089,0,23,
1784664498.272105,1784664498.285933,decode,23,0,4048,0.0089,0,23,
1784664498.285933,1784664498.299815,decode,23,0,4048,0.0089,0,23,
1784664498.299815,1784664498.313654,decode,23,0,4080,0.0089,0,23,
1784664498.313654,1784664498.327514,decode,23,0,4144,0.0091,0,23,
1784664498.327514,1784664498.341328,decode,23,0,4176,0.0091,0,23,
1784664498.341328,1784664498.355162,decode,23,0,4176,0.0091,0,23,
1784664498.355162,1784664498.369055,decode,23,0,4176,0.0091,0,23,
1784664498.369055,1784664498.382756,decode,23,0,4224,0.0093,0,23,
1784664498.382756,1784664498.396547,decode,23,0,4224,0.0093,0,23,
1784664498.396547,1784664498.410482,decode,22,0,3952,0.0087,0,23,
1784664498.410482,1784664498.424367,decode,22,0,3968,0.0087,0,22,
1784664498.424367,1784664498.439377,mixed,23,0,4000,0.0088,6,23,
1784664498.439377,1784664498.453190,decode,23,0,4016,0.0088,0,23,
1784664498.453190,1784664498.467018,decode,23,0,4064,0.0089,0,23,
1784664498.467018,1784664498.480894,decode,23,0,4080,0.0089,0,23,
1784664498.480894,1784664498.496121,mixed,24,0,4192,0.0092,39,24,
1784664498.496121,1784664498.509919,decode,24,0,4192,0.0092,0,24,
1784664498.509919,1784664498.523774,decode,24,0,4192,0.0092,0,24,
1784664498.523774,1784664498.537609,decode,24,0,4224,0.0093,0,24,
1784664498.537609,1784664498.551460,decode,24,0,4288,0.0094,0,24,
1784664498.551460,1784664498.566670,mixed,25,0,4352,0.0095,21,25,
1784664498.566670,1784664498.580494,decode,25,0,4352,0.0095,0,25,
1784664498.580494,1784664498.594232,decode,25,0,4368,0.0096,0,25,
1784664498.594232,1784664498.608085,decode,24,0,4368,0.0096,0,25,
1784664498.608085,1784664498.621938,decode,24,0,4368,0.0096,0,24,
1784664498.621938,1784664498.635631,decode,24,0,4368,0.0096,0,24,
1784664498.635631,1784664498.649431,decode,24,0,4384,0.0096,0,24,
1784664498.649431,1784664498.663263,decode,24,0,4400,0.0096,0,24,
1784664498.663263,1784664498.677064,decode,24,0,4416,0.0097,0,24,
1784664498.677064,1784664498.690927,decode,24,0,4464,0.0098,0,24,
1784664498.690927,1784664498.706316,decode,24,0,4480,0.0098,0,24,
1784664498.706316,1784664498.718862,decode,23,0,4256,0.0093,0,24,
1784664498.718862,1784664498.883533,decode,23,0,6256,0.0137,0,23,
1784664498.883533,1784664498.945751,mixed,25,0,6832,0.0150,2584,25,
1784664498.945751,1784664498.962265,decode,25,0,6864,0.0150,0,25,
1784664498.962265,1784664498.978519,decode,25,0,6928,0.0152,0,25,
1784664498.978519,1784664498.994626,decode,25,0,6960,0.0152,0,25,
1784664498.994626,1784664499.012270,mixed,26,0,7008,0.0153,19,26,
1784664499.012270,1784664499.027654,decode,26,0,7024,0.0154,0,26,
1784664499.027654,1784664499.043086,decode,26,0,7072,0.0155,0,26,
1784664499.043086,1784664499.058475,decode,25,0,6768,0.0148,0,26,
1784664499.058475,1784664499.073823,decode,25,0,6784,0.0149,0,25,
1784664499.073823,1784664499.089163,decode,25,0,6800,0.0149,0,25,
1784664499.089163,1784664499.104517,decode,25,0,6816,0.0149,0,25,
1784664499.104517,1784664499.119951,decode,24,0,6672,0.0146,0,25,
1784664499.119951,1784664499.135372,decode,23,0,6224,0.0136,0,24,
1784664499.135372,1784664499.150627,decode,23,0,6240,0.0137,0,23,
1784664499.150627,1784664499.165944,decode,23,0,6272,0.0137,0,23,
1784664499.165944,1784664499.181280,decode,23,0,6288,0.0138,0,23,
1784664499.181280,1784664499.196619,decode,23,0,6288,0.0138,0,23,
1784664499.196619,1784664499.211958,decode,23,0,6320,0.0138,0,23,
1784664499.211958,1784664499.227264,decode,23,0,6400,0.0140,0,23,
1784664499.227264,1784664499.242562,decode,23,0,6432,0.0141,0,23,
1784664499.242562,1784664499.258008,decode,23,0,6448,0.0141,0,23,
1784664499.258008,1784664499.273460,decode,23,0,6464,0.0142,0,23,
1784664499.273460,1784664499.291633,mixed,24,0,6560,0.0144,42,24,
1784664499.291633,1784664499.307118,decode,24,0,6560,0.0144,0,24,
1784664499.307118,1784664499.322701,decode,24,0,6576,0.0144,0,24,
1784664499.322701,1784664499.338257,decode,24,0,6592,0.0144,0,24,
1784664499.338257,1784664499.353719,decode,24,0,6608,0.0145,0,24,
1784664499.353719,1784664499.369246,decode,24,0,6608,0.0145,0,24,
1784664499.369246,1784664499.386937,decode,23,0,6336,0.0139,0,24,
1784664499.386937,1784664499.402369,decode,23,0,6368,0.0139,0,23,
1784664499.402369,1784664499.417831,decode,23,0,6400,0.0140,0,23,
1784664499.417831,1784664499.433245,decode,23,0,6416,0.0141,0,23,
1784664499.433245,1784664499.448672,decode,23,0,6416,0.0141,0,23,
1784664499.448672,1784664499.464108,decode,23,0,6448,0.0141,0,23,
1784664499.464108,1784664499.479497,decode,23,0,6528,0.0143,0,23,
1784664499.479497,1784664499.494904,decode,23,0,6560,0.0144,0,23,
1784664499.494904,1784664499.510321,decode,23,0,6576,0.0144,0,23,
1784664499.510321,1784664499.525713,decode,23,0,6592,0.0144,0,23,
1784664499.525713,1784664499.541111,decode,23,0,6640,0.0145,0,23,
1784664499.541111,1784664499.556503,decode,23,0,6640,0.0145,0,23,
1784664499.556503,1784664499.571885,decode,23,0,6656,0.0146,0,23,
1784664499.571885,1784664499.587404,decode,23,0,6672,0.0146,0,23,
1784664499.587404,1784664499.605690,mixed,24,0,6736,0.0148,48,24,
1784664499.605690,1784664499.621391,decode,24,0,6752,0.0148,0,24,
1784664499.621391,1784664499.637025,decode,24,0,6768,0.0148,0,24,
1784664499.637025,1784664499.652561,decode,24,0,6800,0.0149,0,24,
1784664499.652561,1784664499.668190,decode,23,0,6560,0.0144,0,24,
1784664499.668190,1784664499.683575,decode,23,0,6576,0.0144,0,23,
1784664499.683575,1784664499.699085,decode,23,0,6576,0.0144,0,23,
1784664499.699085,1784664499.714649,decode,23,0,6608,0.0145,0,23,
1784664499.714649,1784664499.747875,mixed,24,0,7008,0.0153,320,24,
1784664499.747875,1784664499.764488,decode,23,0,6720,0.0147,0,24,
1784664499.764488,1784664499.780833,decode,23,0,6736,0.0148,0,23,
1784664499.780833,1784664499.798752,mixed,24,0,6784,0.0149,25,24,
1784664499.798752,1784664499.814490,decode,24,0,6816,0.0149,0,24,
1784664499.814490,1784664499.830088,decode,24,0,6816,0.0149,0,24,
1784664499.830088,1784664499.845760,decode,22,0,6688,0.0146,0,24,
1784664499.845760,1784664499.861187,decode,21,0,6368,0.0139,0,22,
1784664499.861187,1784664499.875611,decode,21,0,6384,0.0140,0,21,
1784664499.875611,1784664499.890076,decode,21,0,6384,0.0140,0,21,
1784664499.890076,1784664499.904565,decode,21,0,6400,0.0140,0,21,
1784664499.904565,1784664499.919128,decode,20,0,6176,0.0135,0,21,
1784664499.919128,1784664499.933637,decode,20,0,6192,0.0136,0,20,
1784664499.933637,1784664499.948213,decode,20,0,6208,0.0136,0,20,
1784664499.948213,1784664499.962682,decode,20,0,6208,0.0136,0,20,
1784664499.962682,1784664499.977213,decode,20,0,6240,0.0137,0,20,
1784664499.977213,1784664499.991692,decode,20,0,6304,0.0138,0,20,
1784664499.991692,1784664500.006233,decode,20,0,6320,0.0138,0,20,
1784664500.006233,1784664500.020783,decode,20,0,6336,0.0139,0,20,
1784664500.020783,1784664500.035351,decode,20,0,6352,0.0139,0,20,
1784664500.035351,1784664500.049886,decode,19,0,6096,0.0134,0,20,
1784664500.049886,1784664500.064342,decode,19,0,6096,0.0134,0,19,
1784664500.064342,1784664500.078903,decode,18,0,5824,0.0128,0,19,
1784664500.078903,1784664500.093398,decode,18,0,5840,0.0128,0,18,
1784664500.093398,1784664500.107821,decode,18,0,5856,0.0128,0,18,
1784664500.107821,1784664500.122255,decode,18,0,5856,0.0128,0,18,
1784664500.122255,1784664500.136669,decode,18,0,5872,0.0129,0,18,
1784664500.136669,1784664500.151057,decode,18,0,5920,0.0130,0,18,
1784664500.151057,1784664500.165431,decode,18,0,5936,0.0130,0,18,
1784664500.165431,1784664500.179874,decode,18,0,5952,0.0130,0,18,
1784664500.179874,1784664500.194290,decode,18,0,5952,0.0130,0,18,
1784664500.194290,1784664500.208770,decode,18,0,5968,0.0131,0,18,
1784664500.208770,1784664500.223138,decode,18,0,6016,0.0132,0,18,
1784664500.223138,1784664500.237686,decode,18,0,6032,0.0132,0,18,
1784664500.237686,1784664500.256117,mixed,19,0,6128,0.0134,79,19,
1784664500.256117,1784664500.270798,decode,19,0,6144,0.0135,0,19,
1784664500.270798,1784664500.285559,decode,19,0,6192,0.0136,0,19,
1784664500.285559,1784664500.300368,decode,19,0,6192,0.0136,0,19,
1784664500.300368,1784664500.314978,decode,19,0,6208,0.0136,0,19,
1784664500.314978,1784664500.329579,decode,19,0,6224,0.0136,0,19,
1784664500.329579,1784664500.344243,decode,19,0,6240,0.0137,0,19,
1784664500.344243,1784664500.358919,decode,19,0,6240,0.0137,0,19,
1784664500.358919,1784664500.376059,mixed,20,0,6288,0.0138,28,20,
1784664500.376059,1784664500.400082,mixed,21,0,6352,0.0139,133,22,
1784664500.400082,1784664500.414764,decode,21,0,6368,0.0139,0,21,
1784664500.414764,1784664500.429544,decode,21,0,6384,0.0140,0,21,
1784664500.429544,1784664500.444213,decode,21,0,6384,0.0140,0,21,
1784664500.444213,1784664500.458860,decode,21,0,6416,0.0141,0,21,
1784664500.458860,1784664500.473451,decode,21,0,6464,0.0142,0,21,
1784664500.473451,1784664500.487978,decode,21,0,6480,0.0142,0,21,
1784664500.487978,1784664500.502517,decode,21,0,6496,0.0142,0,21,
1784664500.502517,1784664500.517042,decode,21,0,6512,0.0143,0,21,
1784664500.517042,1784664500.531514,decode,21,0,6576,0.0144,0,21,
1784664500.531514,1784664500.546005,decode,21,0,6576,0.0144,0,21,
1784664500.546005,1784664500.561041,decode,21,0,6592,0.0144,0,21,
1784664500.561041,1784664500.722061,decode,22,0,8640,0.0189,0,21,
1784664500.722061,1784664500.887933,mixed,23,3,10688,0.0234,2665,22,
1784664500.887933,1784664501.051986,mixed,26,2,12736,0.0279,2432,25,
1784664501.051986,1784664501.146954,mixed,28,0,12144,0.0266,2064,29,
1784664501.146954,1784664501.166917,mixed,27,0,11776,0.0258,53,29,
1784664501.166917,1784664501.185551,decode,27,0,11824,0.0259,0,27,
1784664501.185551,1784664501.203720,decode,27,0,11856,0.0260,0,27,
1784664501.203720,1784664501.223551,mixed,28,0,11920,0.0261,50,28,
1784664501.223551,1784664501.240300,decode,28,0,11936,0.0261,0,28,
1784664501.240300,1784664501.256966,decode,28,0,12000,0.0263,0,28,
1784664501.256966,1784664501.273671,decode,28,0,12016,0.0263,0,28,
1784664501.273671,1784664501.291868,mixed,29,0,12048,0.0264,13,29,
1784664501.291868,1784664501.308648,decode,28,0,11696,0.0256,0,29,
1784664501.308648,1784664501.325084,decode,28,0,11760,0.0258,0,28,
1784664501.325084,1784664501.341579,decode,28,0,11760,0.0258,0,28,
1784664501.341579,1784664501.358079,decode,28,0,11808,0.0259,0,28,
1784664501.358079,1784664501.374484,decode,28,0,11840,0.0259,0,28,
1784664501.374484,1784664501.391009,decode,28,0,11856,0.0260,0,28,
1784664501.391009,1784664501.407273,decode,28,0,11856,0.0260,0,28,
1784664501.407273,1784664501.423825,decode,27,0,11600,0.0254,0,28,
1784664501.423825,1784664501.441225,decode,27,0,11664,0.0255,0,27,
1784664501.441225,1784664501.458543,decode,27,0,11712,0.0256,0,27,
1784664501.458543,1784664501.475994,decode,26,0,11472,0.0251,0,27,
1784664501.475994,1784664501.491413,decode,26,0,11472,0.0251,0,26,
1784664501.491413,1784664501.506854,decode,26,0,11488,0.0252,0,26,
1784664501.506854,1784664501.522389,decode,26,0,11552,0.0253,0,26,
1784664501.522389,1784664501.537914,decode,26,0,11552,0.0253,0,26,
1784664501.537914,1784664501.553458,decode,26,0,11568,0.0253,0,26,
1784664501.553458,1784664501.569072,decode,25,0,11232,0.0246,0,26,
1784664501.569072,1784664501.584525,decode,25,0,11280,0.0247,0,25,
1784664501.584525,1784664501.600088,decode,25,0,11280,0.0247,0,25,
1784664501.600088,1784664501.615608,decode,24,0,11056,0.0242,0,25,
1784664501.615608,1784664501.631107,decode,24,0,11072,0.0242,0,24,
1784664501.631107,1784664501.646567,decode,24,0,11088,0.0243,0,24,
1784664501.646567,1784664501.662066,decode,24,0,11088,0.0243,0,24,
1784664501.662066,1784664501.677611,decode,24,0,11088,0.0243,0,24,
1784664501.677611,1784664501.693204,decode,24,0,11152,0.0244,0,24,
1784664501.693204,1784664501.708807,decode,23,0,10816,0.0237,0,24,
1784664501.708807,1784664501.724345,decode,23,0,10864,0.0238,0,23,
1784664501.724345,1784664501.739856,decode,23,0,10864,0.0238,0,23,
1784664501.739856,1784664501.755372,decode,23,0,10880,0.0238,0,23,
1784664501.755372,1784664501.770897,decode,23,0,10944,0.0240,0,23,
1784664501.770897,1784664501.786398,decode,23,0,10944,0.0240,0,23,
1784664501.786398,1784664501.801973,decode,23,0,10960,0.0240,0,23,
1784664501.801973,1784664501.818473,decode,23,0,10976,0.0240,0,23,
1784664501.818473,1784664501.833249,decode,22,0,10752,0.0235,0,23,
1784664501.833249,1784664501.907522,mixed,22,0,11408,0.0250,826,23,
1784664501.907522,1784664501.927168,mixed,23,0,11456,0.0251,16,23,
1784664501.927168,1784664501.943781,decode,23,0,11488,0.0252,0,23,
1784664501.943781,1784664501.960071,decode,22,0,11216,0.0246,0,23,
1784664501.960071,1784664501.975917,decode,22,0,11216,0.0246,0,22,
1784664501.975917,1784664501.991591,decode,22,0,11216,0.0246,0,22,
1784664501.991591,1784664502.007189,decode,22,0,11280,0.0247,0,22,
1784664502.007189,1784664502.022767,decode,22,0,11312,0.0248,0,22,
1784664502.022767,1784664502.038285,decode,21,0,11088,0.0243,0,22,
1784664502.038285,1784664502.053133,decode,20,0,10816,0.0237,0,21,
1784664502.053133,1784664502.070763,mixed,21,0,10848,0.0238,12,21,
1784664502.070763,1784664502.085396,decode,21,0,10880,0.0238,0,21,
1784664502.085396,1784664502.100069,decode,21,0,10880,0.0238,0,21,
1784664502.100069,1784664502.115517,decode,21,0,10896,0.0239,0,21,
1784664502.115517,1784664502.129615,decode,21,0,10912,0.0239,0,21,
1784664502.129615,1784664502.164404,mixed,21,0,10960,0.0240,246,22,
1784664502.164404,1784664502.181164,decode,21,0,10960,0.0240,0,21,
1784664502.181164,1784664502.199252,mixed,22,0,13984,0.0306,2984,22,
1784664502.199252,1784664502.287176,mixed,23,0,15008,0.0329,977,23,
1784664502.287176,1784664502.304649,decode,23,0,15008,0.0329,0,23,
1784664502.304649,1784664502.321519,decode,23,0,15008,0.0329,0,23,
1784664502.321519,1784664502.337977,decode,23,0,15008,0.0329,0,23,
1784664502.337977,1784664502.354176,decode,23,0,15072,0.0330,0,23,
1784664502.354176,1784664502.370072,decode,23,0,15104,0.0331,0,23,
1784664502.370072,1784664502.385961,decode,23,0,15152,0.0332,0,23,
1784664502.385961,1784664502.401825,decode,23,0,15152,0.0332,0,23,
1784664502.401825,1784664502.417591,decode,23,0,15184,0.0333,0,23,
1784664502.417591,1784664502.433529,decode,23,0,15216,0.0333,0,23,
1784664502.433529,1784664502.460598,mixed,24,0,15424,0.0338,201,24,
1784664502.460598,1784664502.477458,decode,24,0,15440,0.0338,0,24,
1784664502.477458,1784664502.494058,decode,23,0,15184,0.0333,0,24,
1784664502.494058,1784664502.510261,decode,23,0,15232,0.0334,0,23,
1784664502.510261,1784664502.526397,decode,23,0,15232,0.0334,0,23,
1784664502.526397,1784664502.542307,decode,23,0,15264,0.0334,0,23,
1784664502.542307,1784664502.558250,decode,23,0,15312,0.0335,0,23,
1784664502.558250,1784664502.573987,decode,23,0,15312,0.0335,0,23,
1784664502.573987,1784664502.589915,decode,23,0,15328,0.0336,0,23,
1784664502.589915,1784664502.608499,mixed,24,0,15440,0.0338,104,24,
1784664502.608499,1784664502.624517,decode,23,0,15376,0.0337,0,24,
1784664502.624517,1784664502.640310,decode,23,0,15408,0.0337,0,23,
1784664502.640310,1784664502.656121,decode,23,0,15456,0.0338,0,23,
1784664502.656121,1784664502.671979,decode,23,0,15456,0.0338,0,23,
1784664502.671979,1784664502.687812,decode,23,0,15488,0.0339,0,23,
1784664502.687812,1784664502.703625,decode,23,0,15520,0.0340,0,23,
1784664502.703625,1784664502.719482,decode,23,0,15520,0.0340,0,23,
1784664502.719482,1784664502.735386,decode,23,0,15536,0.0340,0,23,
1784664502.735386,1784664502.751147,decode,23,0,15552,0.0341,0,23,
1784664502.751147,1784664502.766991,decode,23,0,15600,0.0342,0,23,
1784664502.766991,1784664502.782905,decode,22,0,15328,0.0336,0,23,
1784664502.782905,1784664502.799526,decode,22,0,15360,0.0336,0,22,
1784664502.799526,1784664502.816103,decode,22,0,15408,0.0337,0,22,
1784664502.816103,1784664502.832543,decode,22,0,15408,0.0337,0,22,
1784664502.832543,1784664502.849071,decode,22,0,15424,0.0338,0,22,
1784664502.849071,1784664502.865660,decode,22,0,15424,0.0338,0,22,
1784664502.865660,1784664502.882289,decode,22,0,15472,0.0339,0,22,
1784664502.882289,1784664502.900735,mixed,23,0,15520,0.0340,15,23,
1784664502.900735,1784664502.916579,decode,23,0,15568,0.0341,0,23,
1784664502.916579,1784664502.932417,decode,23,0,15584,0.0341,0,23,
1784664502.932417,1784664502.948255,decode,23,0,15616,0.0342,0,23,
1784664502.948255,1784664502.964176,decode,23,0,15632,0.0342,0,23,
1784664502.964176,1784664502.982739,mixed,24,0,15664,0.0343,20,24,
1784664502.982739,1784664502.998516,decode,24,0,15680,0.0343,0,24,
1784664502.998516,1784664503.014363,decode,24,0,15696,0.0344,0,24,
1784664503.014363,1784664503.030196,decode,24,0,15744,0.0345,0,24,
1784664503.030196,1784664503.045996,decode,24,0,15744,0.0345,0,24,
1784664503.045996,1784664503.061795,decode,24,0,15776,0.0345,0,24,
1784664503.061795,1784664503.077511,decode,24,0,15824,0.0347,0,24,
1784664503.077511,1784664503.093333,decode,24,0,15824,0.0347,0,24,
1784664503.093333,1784664503.111321,mixed,25,0,15872,0.0348,24,25,
1784664503.111321,1784664503.130225,mixed,26,0,15920,0.0349,36,26,
1784664503.130225,1784664503.146384,decode,26,0,15968,0.0350,0,26,
1784664503.146384,1784664503.162512,decode,26,0,16000,0.0350,0,26,
1784664503.162512,1784664503.178753,decode,26,0,16048,0.0351,0,26,
1784664503.178753,1784664503.229857,mixed,27,0,16624,0.0364,539,27,
1784664503.229857,1784664503.259832,mixed,28,0,16272,0.0356,145,29,
1784664503.259832,1784664503.277737,decode,28,0,16288,0.0357,0,28,
1784664503.277737,1784664503.295321,decode,28,0,16288,0.0357,0,28,
1784664503.295321,1784664503.312580,decode,28,0,16320,0.0357,0,28,
1784664503.312580,1784664503.329780,decode,28,0,16336,0.0358,0,28,
1784664503.329780,1784664503.346772,decode,28,0,16384,0.0359,0,28,
1784664503.346772,1784664503.363808,decode,28,0,16384,0.0359,0,28,
1784664503.363808,1784664503.380691,decode,28,0,16432,0.0360,0,28,
1784664503.380691,1784664503.397672,decode,27,0,16224,0.0355,0,28,
1784664503.397672,1784664503.415467,decode,27,0,16224,0.0355,0,27,
1784664503.415467,1784664503.433307,decode,27,0,16256,0.0356,0,27,
1784664503.433307,1784664503.451138,decode,27,0,16256,0.0356,0,27,
1784664503.451138,1784664503.468934,decode,27,0,16304,0.0357,0,27,
1784664503.468934,1784664503.486710,decode,27,0,16336,0.0358,0,27,
1784664503.486710,1784664503.504472,decode,27,0,16384,0.0359,0,27,
1784664503.504472,1784664503.522229,decode,27,0,16416,0.0360,0,27,
1784664503.522229,1784664503.540018,decode,27,0,16448,0.0360,0,27,
1784664503.540018,1784664503.557804,decode,26,0,16304,0.0357,0,27,
1784664503.557804,1784664503.573801,decode,26,0,16304,0.0357,0,26,
1784664503.573801,1784664503.589886,decode,26,0,16336,0.0358,0,26,
1784664503.589886,1784664503.609976,mixed,27,0,16400,0.0359,49,27,
1784664503.609976,1784664503.628362,decode,27,0,16448,0.0360,0,27,
1784664503.628362,1784664503.650090,mixed,28,0,16560,0.0363,100,28,
1784664503.650090,1784664503.678404,mixed,28,0,16608,0.0364,124,29,
1784664503.678404,1784664503.698261,mixed,29,0,16704,0.0366,25,29,
1784664503.698261,1784664503.716213,decode,29,0,16704,0.0366,0,29,
1784664503.716213,1784664503.734069,decode,29,0,16736,0.0367,0,29,
1784664503.734069,1784664503.755748,mixed,30,0,16832,0.0369,95,30,
1784664503.755748,1784664503.773058,decode,30,0,16880,0.0370,0,30,
1784664503.773058,1784664503.790428,decode,30,0,16928,0.0371,0,30,
1784664503.790428,1784664503.807663,decode,28,0,13872,0.0304,0,30,
1784664503.807663,1784664503.824626,decode,28,0,13904,0.0304,0,28,
1784664503.824626,1784664503.850668,mixed,28,0,13952,0.0306,120,29,
1784664503.850668,1784664503.877921,mixed,28,0,13968,0.0306,136,29,
1784664503.877921,1784664503.895446,decode,28,0,13968,0.0306,0,28,
1784664503.895446,1784664503.912730,decode,28,0,14000,0.0307,0,28,
1784664503.912730,1784664503.929761,decode,28,0,14016,0.0307,0,28,
1784664503.929761,1784664503.946897,decode,28,0,14064,0.0308,0,28,
1784664503.946897,1784664503.963897,decode,28,0,14064,0.0308,0,28,
1784664503.963897,1784664503.980792,decode,28,0,14112,0.0309,0,28,
1784664503.980792,1784664503.997576,decode,28,0,14176,0.0310,0,28,
1784664503.997576,1784664504.014494,decode,28,0,14176,0.0310,0,28,
1784664504.014494,1784664504.031470,decode,28,0,14208,0.0311,0,28,
1784664504.031470,1784664504.048363,decode,28,0,14208,0.0311,0,28,
1784664504.048363,1784664504.065203,decode,28,0,14256,0.0312,0,28,
1784664504.065203,1784664504.081997,decode,28,0,14304,0.0313,0,28,
1784664504.081997,1784664504.098846,decode,28,0,14320,0.0314,0,28,
1784664504.098846,1784664504.115691,decode,28,0,14352,0.0314,0,28,
1784664504.115691,1784664504.132496,decode,28,0,14400,0.0315,0,28,
1784664504.132496,1784664504.149322,decode,28,0,14416,0.0316,0,28,
1784664504.149322,1784664504.166226,decode,28,0,14416,0.0316,0,28,
1784664504.166226,1784664504.183049,decode,28,0,14448,0.0316,0,28,
1784664504.183049,1784664504.200009,decode,27,0,14160,0.0310,0,28,
1784664504.200009,1784664504.217878,decode,27,0,14208,0.0311,0,27,
1784664504.217878,1784664504.235834,decode,27,0,14208,0.0311,0,27,
1784664504.235834,1784664504.253783,decode,27,0,14256,0.0312,0,27,
1784664504.253783,1784664504.271748,decode,27,0,14320,0.0314,0,27,
1784664504.271748,1784664504.289657,decode,27,0,14320,0.0314,0,27,
1784664504.289657,1784664504.307594,decode,27,0,14352,0.0314,0,27,
1784664504.307594,1784664504.325566,decode,27,0,14352,0.0314,0,27,
1784664504.325566,1784664504.343452,decode,27,0,14384,0.0315,0,27,
1784664504.343452,1784664504.361407,decode,27,0,14432,0.0316,0,27,
1784664504.361407,1784664504.379360,decode,27,0,14448,0.0316,0,27,
1784664504.379360,1784664504.397298,decode,27,0,14480,0.0317,0,27,
1784664504.397298,1784664504.415324,decode,27,0,14528,0.0318,0,27,
1784664504.415324,1784664504.441608,mixed,27,0,14544,0.0319,113,28,
1784664504.441608,1784664504.460012,decode,27,0,14544,0.0319,0,27,
1784664504.460012,1784664504.478352,decode,27,0,14576,0.0319,0,27,
1784664504.478352,1784664504.496550,decode,27,0,14592,0.0320,0,27,
1784664504.496550,1784664504.514654,decode,27,0,14640,0.0321,0,27,
1784664504.514654,1784664504.532672,decode,27,0,14640,0.0321,0,27,
1784664504.532672,1784664504.550635,decode,27,0,14688,0.0322,0,27,
1784664504.550635,1784664504.568616,decode,27,0,14752,0.0323,0,27,
1784664504.568616,1784664504.586550,decode,27,0,14752,0.0323,0,27,
1784664504.586550,1784664504.604483,decode,27,0,14784,0.0324,0,27,
1784664504.604483,1784664504.622442,decode,27,0,14784,0.0324,0,27,
1784664504.622442,1784664504.640357,decode,27,0,14816,0.0324,0,27,
1784664504.640357,1784664504.658295,decode,27,0,14864,0.0326,0,27,
1784664504.658295,1784664504.676162,decode,27,0,14880,0.0326,0,27,
1784664504.676162,1784664504.694161,decode,27,0,14912,0.0327,0,27,
1784664504.694161,1784664504.712052,decode,27,0,14960,0.0328,0,27,
1784664504.712052,1784664504.730054,decode,26,0,14848,0.0325,0,27,
1784664504.730054,1784664504.746131,decode,26,0,14848,0.0325,0,26,
1784664504.746131,1784664504.762239,decode,25,0,14592,0.0320,0,26,
1784664504.762239,1784664504.778012,decode,25,0,14608,0.0320,0,25,
1784664504.778012,1784664504.793852,decode,25,0,14656,0.0321,0,25,
1784664504.793852,1784664504.809703,decode,25,0,14656,0.0321,0,25,
1784664504.809703,1784664504.825572,decode,25,0,14704,0.0322,0,25,
1784664504.825572,1784664504.841383,decode,25,0,14768,0.0323,0,25,
1784664504.841383,1784664504.857176,decode,25,0,14768,0.0323,0,25,
1784664504.857176,1784664504.873030,decode,25,0,14800,0.0324,0,25,
1784664504.873030,1784664504.888851,decode,25,0,14800,0.0324,0,25,
1784664504.888851,1784664504.904734,decode,25,0,14816,0.0324,0,25,
1784664504.904734,1784664504.920640,decode,25,0,14864,0.0326,0,25,
1784664504.920640,1784664504.939521,mixed,26,0,14896,0.0326,16,26,
1784664504.939521,1784664504.958585,mixed,26,0,14928,0.0327,80,27,
1784664504.958585,1784664504.974807,decode,26,0,14976,0.0328,0,26,
1784664504.974807,1784664504.991102,decode,26,0,14992,0.0328,0,26,
1784664504.991102,1784664505.007448,decode,26,0,14992,0.0328,0,26,
1784664505.007448,1784664505.033254,mixed,27,0,15168,0.0332,138,27,
1784664505.033254,1784664505.051961,decode,27,0,15184,0.0333,0,27,
1784664505.051961,1784664505.070500,decode,27,0,15232,0.0334,0,27,
1784664505.070500,1784664505.088831,decode,27,0,15232,0.0334,0,27,
1784664505.088831,1784664505.107012,decode,27,0,15280,0.0335,0,27,
1784664505.107012,1784664505.125018,decode,27,0,15344,0.0336,0,27,
1784664505.125018,1784664505.143064,decode,27,0,15344,0.0336,0,27,
1784664505.143064,1784664505.161087,decode,27,0,15392,0.0337,0,27,
1784664505.161087,1784664505.179043,decode,27,0,15392,0.0337,0,27,
1784664505.179043,1784664505.197092,decode,27,0,15408,0.0337,0,27,
1784664505.197092,1784664505.215060,decode,27,0,15456,0.0338,0,27,
1784664505.215060,1784664505.233019,decode,27,0,15472,0.0339,0,27,
1784664505.233019,1784664505.251075,decode,27,0,15504,0.0340,0,27,
1784664505.251075,1784664505.268943,decode,27,0,15552,0.0341,0,27,
1784664505.268943,1784664505.286915,decode,27,0,15568,0.0341,0,27,
1784664505.286915,1784664505.305034,decode,26,0,15232,0.0334,0,27,
1784664505.305034,1784664505.321086,decode,26,0,15264,0.0334,0,26,
1784664505.321086,1784664505.337154,decode,26,0,15280,0.0335,0,26,
1784664505.337154,1784664505.353231,decode,26,0,15312,0.0335,0,26,
1784664505.353231,1784664505.369347,decode,26,0,15312,0.0335,0,26,
1784664505.369347,1784664505.385444,decode,26,0,15360,0.0336,0,26,
1784664505.385444,1784664505.401559,decode,26,0,15424,0.0338,0,26,
1784664505.401559,1784664505.417704,decode,26,0,15424,0.0338,0,26,
1784664505.417704,1784664505.433891,decode,25,0,15184,0.0333,0,26,
1784664505.433891,1784664505.449833,decode,24,0,14912,0.0327,0,25,
1784664505.449833,1784664505.465712,decode,24,0,14928,0.0327,0,24,
1784664505.465712,1784664505.481615,decode,24,0,14976,0.0328,0,24,
1784664505.481615,1784664505.497496,decode,24,0,14992,0.0328,0,24,
1784664505.497496,1784664505.513384,decode,24,0,15024,0.0329,0,24,
1784664505.513384,1784664505.529249,decode,24,0,15056,0.0330,0,24,
1784664505.529249,1784664505.545152,decode,24,0,15072,0.0330,0,24,
1784664505.545152,1784664505.561019,decode,24,0,15072,0.0330,0,24,
1784664505.561019,1784664505.576929,decode,24,0,15104,0.0331,0,24,
1784664505.576929,1784664505.592825,decode,24,0,15120,0.0331,0,24,
1784664505.592825,1784664505.608769,decode,24,0,15136,0.0331,0,24,
1784664505.608769,1784664505.624790,decode,24,0,15136,0.0331,0,24,
1784664505.624790,1784664505.640710,decode,24,0,15184,0.0333,0,24,
1784664505.640710,1784664505.656815,decode,23,0,12320,0.0270,0,24,
1784664505.656815,1784664505.672821,decode,21,0,9376,0.0205,0,23,
1784664505.672821,1784664505.687508,decode,19,0,8848,0.0194,0,21,
1784664505.687508,1784664505.702292,decode,19,0,8848,0.0194,0,19,
1784664505.702292,1784664505.717148,decode,19,0,8848,0.0194,0,19,
1784664505.717148,1784664505.731975,decode,19,0,8880,0.0194,0,19,
1784664505.731975,1784664505.746902,decode,18,0,8576,0.0188,0,19,
1784664505.746902,1784664505.761372,decode,18,0,8608,0.0189,0,18,
1784664505.761372,1784664505.775842,decode,18,0,8640,0.0189,0,18,
1784664505.775842,1784664505.790373,decode,18,0,8640,0.0189,0,18,
1784664505.790373,1784664505.805008,decode,17,0,8368,0.0183,0,18,
1784664505.805008,1784664505.819556,decode,17,0,8400,0.0184,0,17,
1784664505.819556,1784664505.834000,decode,17,0,8416,0.0184,0,17,
1784664505.834000,1784664505.848511,decode,17,0,8432,0.0185,0,17,
1784664505.848511,1784664505.863051,decode,17,0,8432,0.0185,0,17,
1784664505.863051,1784664505.877595,decode,17,0,8448,0.0185,0,17,
1784664505.877595,1784664505.892149,decode,17,0,8496,0.0186,0,17,
1784664505.892149,1784664505.906713,decode,17,0,8496,0.0186,0,17,
1784664505.906713,1784664505.921186,decode,17,0,8544,0.0187,0,17,
1784664505.921186,1784664505.935756,decode,17,0,8544,0.0187,0,17,
1784664505.935756,1784664505.950355,decode,17,0,8544,0.0187,0,17,
1784664505.950355,1784664505.964926,decode,17,0,8576,0.0188,0,17,
1784664505.964926,1784664505.979508,decode,17,0,8576,0.0188,0,17,
1784664505.979508,1784664505.994113,decode,17,0,8608,0.0189,0,17,
1784664505.994113,1784664506.008671,decode,17,0,8640,0.0189,0,17,
1784664506.008671,1784664506.023286,decode,17,0,8640,0.0189,0,17,
1784664506.023286,1784664506.037883,decode,17,0,8640,0.0189,0,17,
1784664506.037883,1784664506.052504,decode,17,0,8672,0.0190,0,17,
1784664506.052504,1784664506.067039,decode,17,0,8688,0.0190,0,17,
1784664506.067039,1784664506.081597,decode,17,0,8704,0.0191,0,17,
1784664506.081597,1784664506.096195,decode,17,0,8704,0.0191,0,17,
1784664506.096195,1784664506.110786,decode,17,0,8720,0.0191,0,17,
1784664506.110786,1784664506.125451,decode,17,0,8768,0.0192,0,17,
1784664506.125451,1784664506.140132,decode,17,0,8768,0.0192,0,17,
1784664506.140132,1784664506.154787,decode,17,0,8816,0.0193,0,17,
1784664506.154787,1784664506.169461,decode,17,0,8816,0.0193,0,17,
1784664506.169461,1784664506.184131,decode,17,0,8816,0.0193,0,17,
1784664506.184131,1784664506.198792,decode,17,0,8848,0.0194,0,17,
1784664506.198792,1784664506.213501,decode,17,0,8848,0.0194,0,17,
1784664506.213501,1784664506.228155,decode,17,0,8880,0.0194,0,17,
1784664506.228155,1784664506.242824,decode,17,0,8912,0.0195,0,17,
1784664506.242824,1784664506.257571,decode,17,0,8912,0.0195,0,17,
1784664506.257571,1784664506.272323,decode,17,0,8912,0.0195,0,17,
1784664506.272323,1784664506.287022,decode,17,0,8944,0.0196,0,17,
1784664506.287022,1784664506.301694,decode,17,0,8960,0.0196,0,17,
1784664506.301694,1784664506.316460,decode,16,0,7888,0.0173,0,17,
1784664506.316460,1784664506.331030,decode,15,0,7616,0.0167,0,16,
1784664506.331030,1784664506.345258,decode,15,0,7632,0.0167,0,15,
1784664506.345258,1784664506.359564,decode,15,0,7664,0.0168,0,15,
1784664506.359564,1784664506.373918,decode,15,0,7664,0.0168,0,15,
1784664506.373918,1784664506.388234,decode,15,0,7712,0.0169,0,15,
1784664506.388234,1784664506.402551,decode,15,0,7712,0.0169,0,15,
1784664506.402551,1784664506.416847,decode,15,0,7712,0.0169,0,15,
1784664506.416847,1784664506.431087,decode,15,0,7728,0.0169,0,15,
1784664506.431087,1784664506.445410,decode,15,0,7728,0.0169,0,15,
1784664506.445410,1784664506.459869,decode,14,0,7488,0.0164,0,15,
1784664506.459869,1784664506.474173,decode,14,0,7520,0.0165,0,14,
1784664506.474173,1784664506.488456,decode,14,0,7520,0.0165,0,14,
1784664506.488456,1784664506.502745,decode,14,0,7520,0.0165,0,14,
1784664506.502745,1784664506.516951,decode,14,0,7552,0.0165,0,14,
1784664506.516951,1784664506.531187,decode,14,0,7568,0.0166,0,14,
1784664506.531187,1784664506.545489,decode,14,0,7568,0.0166,0,14,
1784664506.545489,1784664506.559925,decode,13,0,4320,0.0095,0,14,
1784664506.559925,1784664506.573580,decode,12,0,3104,0.0068,0,13,
1784664506.573580,1784664506.586893,decode,12,0,3120,0.0068,0,12,
1784664506.586893,1784664506.600081,decode,12,0,3120,0.0068,0,12,
1784664506.600081,1784664506.613319,decode,12,0,3168,0.0069,0,12,
1784664506.613319,1784664506.626604,decode,12,0,3168,0.0069,0,12,
1784664506.626604,1784664506.639949,decode,12,0,3168,0.0069,0,12,
1784664506.639949,1784664506.653189,decode,12,0,3184,0.0070,0,12,
1784664506.653189,1784664506.666453,decode,12,0,3184,0.0070,0,12,
1784664506.666453,1784664506.679662,decode,12,0,3216,0.0070,0,12,
1784664506.679662,1784664506.692934,decode,12,0,3232,0.0071,0,12,
1784664506.692934,1784664506.706295,decode,11,0,2768,0.0061,0,12,
1784664506.706295,1784664506.719497,decode,11,0,2768,0.0061,0,11,
1784664506.719497,1784664506.732768,decode,11,0,2800,0.0061,0,11,
1784664506.732768,1784664506.745926,decode,11,0,2816,0.0062,0,11,
1784664506.745926,1784664506.759182,decode,11,0,2816,0.0062,0,11,
1784664506.759182,1784664506.772407,decode,11,0,2816,0.0062,0,11,
1784664506.772407,1784664506.785602,decode,11,0,2832,0.0062,0,11,
1784664506.785602,1784664506.798833,decode,11,0,2848,0.0062,0,11,
1784664506.798833,1784664506.812008,decode,11,0,2848,0.0062,0,11,
1784664506.812008,1784664506.825273,decode,11,0,2880,0.0063,0,11,
1784664506.825273,1784664506.838403,decode,11,0,2880,0.0063,0,11,
1784664506.838403,1784664506.851577,decode,11,0,2880,0.0063,0,11,
1784664506.851577,1784664506.864802,decode,11,0,2896,0.0063,0,11,
1784664506.864802,1784664506.878017,decode,11,0,2896,0.0063,0,11,
1784664506.878017,1784664506.891227,decode,11,0,2928,0.0064,0,11,
1784664506.891227,1784664506.904444,decode,11,0,2944,0.0064,0,11,
1784664506.904444,1784664506.917655,decode,11,0,2944,0.0064,0,11,
1784664506.917655,1784664506.930869,decode,11,0,2944,0.0064,0,11,
1784664506.930869,1784664506.944072,decode,11,0,2976,0.0065,0,11,
1784664506.944072,1784664506.957279,decode,11,0,2992,0.0066,0,11,
1784664506.957279,1784664506.970538,decode,11,0,2992,0.0066,0,11,
1784664506.970538,1784664506.983847,decode,11,0,2992,0.0066,0,11,
1784664506.983847,1784664506.996979,decode,11,0,3008,0.0066,0,11,
1784664506.996979,1784664507.010193,decode,11,0,3024,0.0066,0,11,
1784664507.010193,1784664507.023452,decode,11,0,3024,0.0066,0,11,
1784664507.023452,1784664507.036608,decode,11,0,3056,0.0067,0,11,
1784664507.036608,1784664507.049857,decode,11,0,3056,0.0067,0,11,
1784664507.049857,1784664507.063134,decode,10,0,2784,0.0061,0,11,
1784664507.063134,1784664507.076424,decode,10,0,2800,0.0061,0,10,
1784664507.076424,1784664507.089605,decode,10,0,2800,0.0061,0,10,
1784664507.089605,1784664507.102814,decode,10,0,2816,0.0062,0,10,
1784664507.102814,1784664507.115959,decode,10,0,2832,0.0062,0,10,
1784664507.115959,1784664507.129153,decode,10,0,2832,0.0062,0,10,
1784664507.129153,1784664507.142353,decode,10,0,2832,0.0062,0,10,
1784664507.142353,1784664507.155529,decode,10,0,2864,0.0063,0,10,
1784664507.155529,1784664507.168772,decode,10,0,2880,0.0063,0,10,
1784664507.168772,1784664507.181995,decode,10,0,2880,0.0063,0,10,
1784664507.181995,1784664507.195220,decode,10,0,2880,0.0063,0,10,
1784664507.195220,1784664507.208418,decode,10,0,2896,0.0063,0,10,
1784664507.208418,1784664507.221664,decode,10,0,2912,0.0064,0,10,
1784664507.221664,1784664507.235030,decode,9,0,2624,0.0057,0,10,
1784664507.235030,1784664507.248219,decode,8,0,2352,0.0052,0,9,
1784664507.248219,1784664507.261361,decode,8,0,2352,0.0052,0,8,
1784664507.261361,1784664507.274538,decode,8,0,2352,0.0052,0,8,
1784664507.274538,1784664507.287603,decode,8,0,2368,0.0052,0,8,
1784664507.287603,1784664507.300757,decode,8,0,2368,0.0052,0,8,
1784664507.300757,1784664507.313941,decode,6,0,1712,0.0037,0,8,
1784664507.313941,1784664507.326884,decode,6,0,1728,0.0038,0,6,
1784664507.326884,1784664507.339757,decode,6,0,1728,0.0038,0,6,
1784664507.339757,1784664507.352753,decode,6,0,1728,0.0038,0,6,
1784664507.352753,1784664507.365652,decode,6,0,1744,0.0038,0,6,
1784664507.365652,1784664507.378564,decode,6,0,1760,0.0039,0,6,
1784664507.378564,1784664507.391455,decode,6,0,1760,0.0039,0,6,
1784664507.391455,1784664507.404335,decode,6,0,1760,0.0039,0,6,
1784664507.404335,1784664507.417325,decode,6,0,1760,0.0039,0,6,
1784664507.417325,1784664507.430161,decode,6,0,1760,0.0039,0,6,
1784664507.430161,1784664507.443031,decode,6,0,1760,0.0039,0,6,
1784664507.443031,1784664507.455974,decode,6,0,1776,0.0039,0,6,
1784664507.455974,1784664507.468950,decode,6,0,1776,0.0039,0,6,
1784664507.468950,1784664507.481828,decode,6,0,1776,0.0039,0,6,
1784664507.481828,1784664507.494758,decode,6,0,1792,0.0039,0,6,
1784664507.494758,1784664507.507688,decode,6,0,1792,0.0039,0,6,
1784664507.507688,1784664507.520620,decode,6,0,1808,0.0040,0,6,
1784664507.520620,1784664507.533547,decode,6,0,1824,0.0040,0,6,
1784664507.533547,1784664507.546564,decode,6,0,1824,0.0040,0,6,
1784664507.546564,1784664507.559425,decode,6,0,1824,0.0040,0,6,
1784664507.559425,1784664507.572368,decode,5,0,1536,0.0034,0,6,
1784664507.572368,1784664507.585156,decode,5,0,1536,0.0034,0,5,
1784664507.585156,1784664507.598046,decode,4,0,1168,0.0026,0,5,
1784664507.598046,1784664507.610811,decode,4,0,1168,0.0026,0,4,
1784664507.610811,1784664507.623502,decode,3,0,880,0.0019,0,4,
1784664507.623502,1784664507.636264,decode,3,0,880,0.0019,0,3,
1784664507.636264,1784664507.648914,decode,3,0,880,0.0019,0,3,
1784664507.648914,1784664507.661559,decode,2,0,544,0.0012,0,3,
1784664507.661559,1784664507.674064,decode,2,0,544,0.0012,0,2,
1784664507.674064,1784664507.686631,decode,2,0,544,0.0012,0,2,
1784664507.686631,1784664507.699131,decode,2,0,544,0.0012,0,2,
1784664507.699131,1784664507.711752,decode,2,0,544,0.0012,0,2,
1784664507.711752,1784664507.724240,decode,2,0,560,0.0012,0,2,
1784664507.724240,1784664507.736789,decode,2,0,560,0.0012,0,2,
1784664507.736789,1784664507.749321,decode,2,0,560,0.0012,0,2,
1784664507.749321,1784664507.761763,decode,2,0,560,0.0012,0,2,
1784664507.761763,1784664507.774267,decode,2,0,560,0.0012,0,2,
1784664507.774267,1784664507.786894,decode,2,0,560,0.0012,0,2,
1784664507.786894,1784664507.799298,decode,2,0,560,0.0012,0,2,
1784664507.799298,1784664507.811830,decode,2,0,560,0.0012,0,2,
1784664507.811830,1784664507.824348,decode,2,0,560,0.0012,0,2,
1784664507.824348,1784664507.836889,decode,2,0,560,0.0012,0,2,
1784664507.836889,1784664507.849499,decode,2,0,560,0.0012,0,2,
1784664507.849499,1784664507.862035,decode,2,0,576,0.0013,0,2,
1784664507.862035,1784664507.874557,decode,2,0,576,0.0013,0,2,
1784664507.874557,1784664507.887055,decode,2,0,576,0.0013,0,2,
1784664507.887055,1784664507.899584,decode,2,0,576,0.0013,0,2,
1784664507.899584,1784664507.912194,decode,2,0,576,0.0013,0,2,
1784664507.912194,1784664507.924717,decode,2,0,592,0.0013,0,2,
1784664507.924717,1784664507.937256,decode,2,0,592,0.0013,0,2,
1784664507.937256,1784664507.949886,decode,2,0,592,0.0013,0,2,
1784664507.949886,1784664507.962409,decode,2,0,592,0.0013,0,2,
1784664507.962409,1784664507.974889,decode,2,0,592,0.0013,0,2,
1784664507.974889,1784664507.987379,decode,2,0,592,0.0013,0,2,
1784664507.987379,1784664507.999949,decode,2,0,592,0.0013,0,2,
1784664507.999949,1784664508.012585,decode,2,0,592,0.0013,0,2,
1784664508.012585,1784664508.025035,decode,2,0,592,0.0013,0,2,
1784664508.025035,1784664508.037578,decode,2,0,592,0.0013,0,2,
1784664508.037578,1784664508.050150,decode,2,0,592,0.0013,0,2,
1784664508.050150,1784664508.062744,decode,2,0,608,0.0013,0,2,
1784664508.062744,1784664508.075267,decode,2,0,608,0.0013,0,2,
1784664508.075267,1784664508.087793,decode,2,0,608,0.0013,0,2,
1784664508.087793,1784664508.100341,decode,2,0,608,0.0013,0,2,
1784664508.100341,1784664508.112972,decode,2,0,608,0.0013,0,2,
1784664508.112972,1784664508.125388,decode,2,0,624,0.0014,0,2,
1784664508.125388,1784664508.137897,decode,2,0,624,0.0014,0,2,
1784664508.137897,1784664508.150496,decode,2,0,624,0.0014,0,2,
1784664508.150496,1784664508.163025,decode,2,0,624,0.0014,0,2,
1784664508.163025,1784664508.175507,decode,2,0,624,0.0014,0,2,
1784664508.175507,1784664508.188071,decode,2,0,624,0.0014,0,2,
1784664508.188071,1784664508.200618,decode,2,0,624,0.0014,0,2,
1784664508.200618,1784664508.213266,decode,2,0,624,0.0014,0,2,
1784664508.213266,1784664508.225808,decode,2,0,624,0.0014,0,2,
1784664508.225808,1784664508.238290,decode,2,0,624,0.0014,0,2,
1784664508.238290,1784664508.250854,decode,2,0,624,0.0014,0,2,
1784664508.250854,1784664508.263407,decode,2,0,640,0.0014,0,2,
1784664508.263407,1784664508.275935,decode,2,0,640,0.0014,0,2,
1784664508.275935,1784664508.288439,decode,2,0,640,0.0014,0,2,
1784664508.288439,1784664508.301078,decode,2,0,640,0.0014,0,2,
1784664508.301078,1784664508.313599,decode,2,0,640,0.0014,0,2,
1784664508.313599,1784664508.326168,decode,2,0,656,0.0014,0,2,
1784664508.326168,1784664508.338697,decode,2,0,656,0.0014,0,2,
1784664508.338697,1784664508.351235,decode,2,0,656,0.0014,0,2,
1784664508.351235,1784664508.363773,decode,2,0,656,0.0014,0,2,
1784664508.363773,1784664508.376315,decode,2,0,656,0.0014,0,2,
1784664508.376315,1784664508.388817,decode,2,0,656,0.0014,0,2,
1784664508.388817,1784664508.401407,decode,2,0,656,0.0014,0,2,
1784664508.401407,1784664508.413851,decode,2,0,656,0.0014,0,2,
1784664508.413851,1784664508.426381,decode,2,0,656,0.0014,0,2,
1784664508.426381,1784664508.439010,decode,2,0,656,0.0014,0,2,
1784664508.439010,1784664508.451527,decode,2,0,656,0.0014,0,2,
1784664508.451527,1784664508.464057,decode,2,0,672,0.0015,0,2,
1784664508.464057,1784664508.476646,decode,2,0,672,0.0015,0,2,
1784664508.476646,1784664508.489208,decode,2,0,672,0.0015,0,2,
1784664508.489208,1784664508.501812,decode,1,0,400,0.0009,0,2,
1784664508.501812,1784664508.514079,decode,1,0,400,0.0009,0,1,
1784664508.514079,1784664508.526258,decode,1,0,400,0.0009,0,1,
1784664508.526258,1784664508.538440,decode,1,0,400,0.0009,0,1,
1784664508.538440,1784664508.550643,decode,1,0,400,0.0009,0,1,
1784664508.550643,1784664508.563110,decode,0,0,0,0.0000,0,1,
1784664508.563110,1784664508.563176,idle,0,0,0,0.0000,,,
