t_wall,power_w,sm_mhz,mem_mhz,gpu_util,mem_util,temp_c
1784041522.955797,160.706,1965,3201,0.0,0.0,35.0
1784041522.965880,160.706,1965,3201,0.0,0.0,35.0
1784041522.975873,160.706,1965,3201,0.0,0.0,35.0
1784041522.985869,160.706,1965,3201,0.0,0.0,35.0
1784041522.995870,160.632,1965,3201,0.0,0.0,35.0
1784041523.005869,160.632,1965,3201,0.0,0.0,35.0
1784041523.015879,160.632,1965,3201,0.0,0.0,35.0
1784041523.025869,160.632,1965,3201,0.0,0.0,35.0
1784041523.035869,160.632,1965,3201,0.0,0.0,35.0
1784041523.045880,160.632,1965,3201,0.0,0.0,35.0
1784041523.055870,160.632,1965,3201,0.0,0.0,35.0
1784041523.065868,160.632,1965,3201,0.0,0.0,35.0
1784041523.075866,160.632,1965,3201,0.0,0.0,35.0
1784041523.085869,160.632,1965,3201,0.0,0.0,35.0
1784041523.095869,181.562,1980,3201,14.0,6.0,38.0
1784041523.105870,181.562,1980,3201,14.0,6.0,38.0
1784041523.115870,181.562,1980,3201,14.0,6.0,38.0
1784041523.126263,181.562,1980,3201,14.0,6.0,38.0
1784041523.135871,181.562,1980,3201,14.0,6.0,38.0
1784041523.145871,181.562,1980,3201,14.0,6.0,38.0
1784041523.155866,181.562,1980,3201,14.0,6.0,38.0
1784041523.165872,181.562,1980,3201,14.0,6.0,38.0
1784041523.175871,181.562,1980,3201,14.0,6.0,38.0
1784041523.185942,181.562,1980,3201,14.0,6.0,38.0
1784041523.195935,200.699,1980,3201,14.0,6.0,39.0
1784041523.206041,200.699,1980,3201,14.0,6.0,39.0
1784041523.215872,200.699,1980,3201,14.0,6.0,39.0
1784041523.225927,200.699,1980,3201,14.0,6.0,39.0
1784041523.235871,200.699,1980,3201,14.0,6.0,39.0
1784041523.245871,200.699,1980,3201,14.0,6.0,39.0
1784041523.256493,200.699,1980,3201,14.0,6.0,39.0
1784041523.265871,200.699,1980,3201,14.0,6.0,39.0
1784041523.275872,200.699,1980,3201,14.0,6.0,39.0
1784041523.285867,200.699,1980,3201,14.0,6.0,39.0
1784041523.295872,227.198,1980,3201,81.0,54.0,39.0
1784041523.305953,227.198,1980,3201,81.0,54.0,39.0
1784041523.315871,227.198,1980,3201,81.0,54.0,39.0
1784041523.325866,227.198,1980,3201,81.0,54.0,39.0
1784041523.335870,227.198,1980,3201,81.0,54.0,39.0
1784041523.345870,227.198,1980,3201,81.0,54.0,39.0
1784041523.355870,227.198,1980,3201,81.0,54.0,39.0
1784041523.365870,227.198,1980,3201,81.0,54.0,39.0
1784041523.376010,227.198,1980,3201,81.0,54.0,39.0
1784041523.385872,227.198,1980,3201,81.0,54.0,39.0
1784041523.395870,257.967,1980,3201,81.0,54.0,39.0
1784041523.405871,257.967,1980,3201,81.0,54.0,39.0
1784041523.415869,257.967,1980,3201,81.0,54.0,39.0
1784041523.425870,257.967,1980,3201,81.0,54.0,39.0
1784041523.435868,257.967,1980,3201,81.0,54.0,39.0
1784041523.445871,257.967,1980,3201,81.0,54.0,39.0
1784041523.455870,257.967,1980,3201,81.0,54.0,39.0
1784041523.465870,257.967,1980,3201,81.0,54.0,39.0
1784041523.475871,257.967,1980,3201,81.0,54.0,39.0
1784041523.485869,257.967,1980,3201,81.0,54.0,39.0
1784041523.495872,285.938,1980,3201,85.0,57.0,39.0
1784041523.505868,285.938,1980,3201,85.0,57.0,39.0
1784041523.515971,285.938,1980,3201,85.0,57.0,39.0
1784041523.525871,285.938,1980,3201,85.0,57.0,39.0
1784041523.535870,285.938,1980,3201,85.0,57.0,39.0
1784041523.545870,285.938,1980,3201,85.0,57.0,39.0
1784041523.555868,285.938,1980,3201,85.0,57.0,39.0
1784041523.565870,285.938,1980,3201,85.0,57.0,39.0
1784041523.575867,285.938,1980,3201,85.0,57.0,39.0
1784041523.585914,285.938,1980,3201,85.0,57.0,39.0
1784041523.595866,306.838,1980,3201,85.0,57.0,40.0
1784041523.605869,306.838,1980,3201,85.0,57.0,40.0
1784041523.615868,306.838,1980,3201,85.0,57.0,40.0
1784041523.625868,306.838,1980,3201,85.0,57.0,40.0
1784041523.635869,306.838,1980,3201,85.0,57.0,40.0
1784041523.645868,306.838,1980,3201,85.0,57.0,40.0
1784041523.655869,306.838,1980,3201,85.0,57.0,40.0
1784041523.665868,306.838,1980,3201,85.0,57.0,40.0
1784041523.675871,306.838,1980,3201,85.0,57.0,40.0
1784041523.685869,306.838,1980,3201,85.0,57.0,40.0
1784041523.695869,311.750,1980,3201,83.0,56.0,40.0
1784041523.705872,311.750,1980,3201,83.0,56.0,40.0
1784041523.715868,311.750,1980,3201,83.0,56.0,40.0
1784041523.726079,311.750,1980,3201,83.0,56.0,40.0
1784041523.735867,311.750,1980,3201,83.0,56.0,40.0
1784041523.745866,311.750,1980,3201,83.0,56.0,40.0
1784041523.755870,311.750,1980,3201,83.0,56.0,40.0
1784041523.765866,311.750,1980,3201,83.0,56.0,40.0
1784041523.775868,311.750,1980,3201,83.0,56.0,40.0
1784041523.785866,311.750,1980,3201,83.0,56.0,40.0
1784041523.795865,339.572,1980,3201,83.0,56.0,40.0
1784041523.805866,339.572,1980,3201,83.0,56.0,40.0
1784041523.815866,339.572,1980,3201,83.0,56.0,40.0
1784041523.825867,339.572,1980,3201,83.0,56.0,40.0
1784041523.989080,367.144,1980,3201,84.0,57.0,40.0
1784041523.993292,382.647,1980,3201,84.0,57.0,40.0
1784041524.003369,382.647,1980,3201,84.0,57.0,39.0
1784041524.013412,382.647,1980,3201,84.0,57.0,39.0
1784041524.023365,382.647,1980,3201,84.0,57.0,39.0
1784041524.033367,382.647,1980,3201,84.0,57.0,39.0
1784041524.043368,382.647,1980,3201,84.0,57.0,39.0
1784041524.053364,382.647,1980,3201,84.0,57.0,39.0
1784041524.063369,382.647,1980,3201,84.0,57.0,39.0
1784041524.073367,382.647,1980,3201,84.0,57.0,39.0
1784041524.083367,382.647,1980,3201,84.0,57.0,39.0
1784041524.093366,382.647,1980,3201,84.0,57.0,39.0
1784041524.103367,379.287,1980,3201,16.0,11.0,40.0
1784041524.113364,379.287,1980,3201,16.0,11.0,40.0
1784041524.123368,379.287,1980,3201,16.0,11.0,40.0
1784041524.133366,379.287,1980,3201,16.0,11.0,40.0
1784041524.143644,379.287,1980,3201,16.0,11.0,40.0
1784041524.153367,379.287,1980,3201,16.0,11.0,40.0
1784041524.163365,379.287,1980,3201,16.0,11.0,40.0
1784041524.173365,379.287,1980,3201,16.0,11.0,40.0
1784041524.183366,379.287,1980,3201,16.0,11.0,40.0
1784041524.193367,379.287,1980,3201,16.0,11.0,40.0
1784041524.203368,380.703,1980,3201,16.0,11.0,40.0
1784041524.213366,380.703,1980,3201,16.0,11.0,40.0
1784041524.223366,380.703,1980,3201,16.0,11.0,40.0
1784041524.233367,380.703,1980,3201,16.0,11.0,40.0
1784041524.243367,380.703,1980,3201,16.0,11.0,40.0
1784041524.253700,380.703,1980,3201,16.0,11.0,40.0
1784041524.263367,380.703,1980,3201,16.0,11.0,40.0
1784041524.273366,380.703,1980,3201,16.0,11.0,40.0
1784041524.283365,380.703,1980,3201,16.0,11.0,40.0
1784041524.293365,380.703,1980,3201,16.0,11.0,40.0
1784041524.303367,382.506,1980,3201,84.0,56.0,40.0
1784041524.313365,382.506,1980,3201,84.0,56.0,40.0
1784041524.323367,382.506,1980,3201,84.0,56.0,40.0
1784041524.333365,382.506,1980,3201,84.0,56.0,40.0
1784041524.343366,382.506,1980,3201,84.0,56.0,40.0
1784041524.353367,382.506,1980,3201,84.0,56.0,40.0
1784041524.363364,382.506,1980,3201,84.0,56.0,40.0
1784041524.373366,382.506,1980,3201,84.0,56.0,40.0
1784041524.383364,382.506,1980,3201,84.0,56.0,40.0
1784041524.393366,382.506,1980,3201,84.0,56.0,40.0
1784041524.403365,381.894,1980,3201,84.0,56.0,40.0
1784041524.413366,381.894,1980,3201,84.0,56.0,40.0
1784041524.423367,381.894,1980,3201,84.0,56.0,40.0
1784041524.433366,381.894,1980,3201,84.0,56.0,40.0
1784041524.443368,381.894,1980,3201,84.0,56.0,40.0
1784041524.453704,381.894,1980,3201,84.0,56.0,40.0
1784041524.463367,381.894,1980,3201,84.0,56.0,40.0
1784041524.473366,381.894,1980,3201,84.0,56.0,40.0
1784041524.483367,381.894,1980,3201,84.0,56.0,40.0
1784041524.493366,381.894,1980,3201,84.0,56.0,40.0
1784041524.503367,383.152,1980,3201,85.0,57.0,40.0
1784041524.513366,383.152,1980,3201,85.0,57.0,40.0
1784041524.523367,383.152,1980,3201,85.0,57.0,40.0
1784041524.533368,383.152,1980,3201,85.0,57.0,40.0
1784041524.543365,383.152,1980,3201,85.0,57.0,40.0
1784041524.553369,383.152,1980,3201,85.0,57.0,40.0
1784041524.563367,383.152,1980,3201,85.0,57.0,40.0
1784041524.573369,383.152,1980,3201,85.0,57.0,40.0
1784041524.583366,383.152,1980,3201,85.0,57.0,40.0
1784041524.593369,383.152,1980,3201,85.0,57.0,40.0
1784041524.603369,383.970,1980,3201,85.0,57.0,40.0
1784041524.613706,383.970,1980,3201,85.0,57.0,40.0
1784041524.623370,383.970,1980,3201,85.0,57.0,40.0
1784041524.633368,383.970,1980,3201,85.0,57.0,40.0
1784041524.643370,383.970,1980,3201,85.0,57.0,40.0
1784041524.653369,383.970,1980,3201,85.0,57.0,40.0
1784041524.663372,383.970,1980,3201,85.0,57.0,40.0
1784041524.673372,383.970,1980,3201,85.0,57.0,40.0
1784041524.683370,383.970,1980,3201,85.0,57.0,40.0
1784041524.693369,383.970,1980,3201,85.0,57.0,40.0
1784041524.703368,382.943,1980,3201,84.0,57.0,40.0
1784041524.713369,382.943,1980,3201,84.0,57.0,40.0
1784041524.723366,382.943,1980,3201,84.0,57.0,40.0
1784041524.733451,382.943,1980,3201,84.0,57.0,40.0
1784041524.743367,382.943,1980,3201,84.0,57.0,40.0
1784041524.753367,382.943,1980,3201,84.0,57.0,40.0
1784041524.763368,382.943,1980,3201,84.0,57.0,40.0
1784041524.773365,382.943,1980,3201,84.0,57.0,40.0
1784041524.783366,382.943,1980,3201,84.0,57.0,40.0
1784041524.793363,382.943,1980,3201,84.0,57.0,40.0
1784041524.803366,383.780,1980,3201,84.0,57.0,41.0
1784041524.813364,383.780,1980,3201,84.0,57.0,41.0
1784041524.823632,383.780,1980,3201,84.0,57.0,41.0
1784041524.833374,383.780,1980,3201,84.0,57.0,41.0
1784041524.843365,383.780,1980,3201,84.0,57.0,41.0
1784041524.853368,383.780,1980,3201,84.0,57.0,41.0
1784041524.863365,383.780,1980,3201,84.0,57.0,41.0
1784041524.873367,383.780,1980,3201,84.0,57.0,41.0
1784041524.883366,383.780,1980,3201,84.0,57.0,41.0
1784041524.893377,383.780,1980,3201,84.0,57.0,41.0
1784041524.903366,384.643,1980,3201,85.0,58.0,41.0
1784041524.913363,384.643,1980,3201,85.0,58.0,41.0
1784041524.923364,384.643,1980,3201,85.0,58.0,41.0
1784041524.933367,384.643,1980,3201,85.0,58.0,41.0
1784041524.943364,384.643,1980,3201,85.0,58.0,41.0
1784041524.953367,384.643,1980,3201,85.0,58.0,41.0
1784041524.963363,384.643,1980,3201,85.0,58.0,41.0
1784041524.973366,384.643,1980,3201,85.0,58.0,41.0
1784041524.983365,384.643,1980,3201,85.0,58.0,41.0
1784041524.993365,384.643,1980,3201,85.0,58.0,41.0
1784041525.003365,407.051,1980,3201,85.0,58.0,42.0
1784041525.013365,407.051,1980,3201,85.0,58.0,42.0
1784041525.023367,407.051,1980,3201,85.0,58.0,42.0
1784041525.033363,407.051,1980,3201,85.0,58.0,42.0
1784041525.043449,407.051,1980,3201,85.0,58.0,42.0
1784041525.053362,407.051,1980,3201,85.0,58.0,42.0
1784041525.063361,407.051,1980,3201,85.0,58.0,42.0
1784041525.073361,407.051,1980,3201,85.0,58.0,42.0
1784041525.083363,407.051,1980,3201,85.0,58.0,42.0
1784041525.093362,407.051,1980,3201,85.0,58.0,42.0
1784041525.103362,408.481,1980,3201,81.0,52.0,41.0
1784041525.113363,408.481,1980,3201,81.0,52.0,41.0
1784041525.123360,408.481,1980,3201,81.0,52.0,41.0
1784041525.133363,408.481,1980,3201,81.0,52.0,41.0
1784041525.143361,408.481,1980,3201,81.0,52.0,41.0
1784041525.153361,408.481,1980,3201,81.0,52.0,41.0
1784041525.163362,408.481,1980,3201,81.0,52.0,41.0
1784041525.173361,408.481,1980,3201,81.0,52.0,41.0
1784041525.183362,408.481,1980,3201,81.0,52.0,41.0
1784041525.193362,408.481,1980,3201,81.0,52.0,41.0
1784041525.203361,408.572,1980,3201,81.0,52.0,41.0
1784041525.213360,408.572,1980,3201,81.0,52.0,41.0
1784041525.223361,408.572,1980,3201,81.0,52.0,41.0
1784041525.233360,408.572,1980,3201,81.0,52.0,41.0
1784041525.243359,408.572,1980,3201,81.0,52.0,41.0
1784041525.253360,408.572,1980,3201,81.0,52.0,41.0
1784041525.263360,408.572,1980,3201,81.0,52.0,41.0
1784041525.273361,408.572,1980,3201,81.0,52.0,41.0
1784041525.283361,408.572,1980,3201,81.0,52.0,41.0
1784041525.293364,408.572,1980,3201,81.0,52.0,41.0
1784041525.303362,407.948,1980,3201,85.0,57.0,41.0
1784041525.313618,407.948,1980,3201,85.0,57.0,41.0
1784041525.323362,407.948,1980,3201,85.0,57.0,41.0
1784041525.333360,407.948,1980,3201,85.0,57.0,41.0
1784041525.343362,407.948,1980,3201,85.0,57.0,41.0
1784041525.353360,407.948,1980,3201,85.0,57.0,41.0
1784041525.363360,407.948,1980,3201,85.0,57.0,41.0
1784041525.373437,407.948,1980,3201,85.0,57.0,41.0
1784041525.383420,407.948,1980,3201,85.0,57.0,41.0
1784041525.393369,407.948,1980,3201,85.0,57.0,41.0
1784041525.403371,408.467,1980,3201,85.0,57.0,41.0
1784041525.413375,408.467,1980,3201,85.0,57.0,41.0
1784041525.423371,408.467,1980,3201,85.0,57.0,41.0
1784041525.433359,408.467,1980,3201,85.0,57.0,41.0
1784041525.443371,408.467,1980,3201,85.0,57.0,41.0
1784041525.453412,408.467,1980,3201,85.0,57.0,41.0
1784041525.463371,408.467,1980,3201,85.0,57.0,41.0
1784041525.473372,408.467,1980,3201,85.0,57.0,41.0
1784041525.483417,408.467,1980,3201,85.0,57.0,41.0
1784041525.493373,408.467,1980,3201,85.0,57.0,41.0
1784041525.503360,408.230,1980,3201,84.0,57.0,41.0
1784041525.513372,408.230,1980,3201,84.0,57.0,41.0
1784041525.523373,408.230,1980,3201,84.0,57.0,41.0
1784041525.533373,408.230,1980,3201,84.0,57.0,41.0
1784041525.543371,408.230,1980,3201,84.0,57.0,41.0
1784041525.553373,408.230,1980,3201,84.0,57.0,41.0
1784041525.563374,408.230,1980,3201,84.0,57.0,41.0
1784041525.573421,408.230,1980,3201,84.0,57.0,41.0
1784041525.583373,408.230,1980,3201,84.0,57.0,41.0
1784041525.593412,408.230,1980,3201,84.0,57.0,41.0
1784041525.603373,408.236,1980,3201,84.0,57.0,41.0
1784041525.613372,408.236,1980,3201,84.0,57.0,41.0
1784041525.623359,408.236,1980,3201,84.0,57.0,41.0
1784041525.633358,408.236,1980,3201,84.0,57.0,41.0
1784041525.643372,408.236,1980,3201,84.0,57.0,41.0
1784041525.653386,408.236,1980,3201,84.0,57.0,41.0
1784041525.663373,408.236,1980,3201,84.0,57.0,41.0
1784041525.673367,408.236,1980,3201,84.0,57.0,41.0
1784041525.683366,408.236,1980,3201,84.0,57.0,41.0
1784041525.693366,408.236,1980,3201,84.0,57.0,41.0
1784041525.703367,407.036,1980,3201,84.0,57.0,41.0
1784041525.713366,407.036,1980,3201,84.0,57.0,41.0
1784041525.723448,407.036,1980,3201,84.0,57.0,41.0
1784041525.733367,407.036,1980,3201,84.0,57.0,41.0
1784041525.743365,407.036,1980,3201,84.0,57.0,41.0
1784041525.753366,407.036,1980,3201,84.0,57.0,41.0
1784041525.763365,407.036,1980,3201,84.0,57.0,41.0
1784041525.773365,407.036,1980,3201,84.0,57.0,41.0
1784041525.783366,407.036,1980,3201,84.0,57.0,41.0
1784041525.793365,407.036,1980,3201,84.0,57.0,41.0
1784041525.803366,406.794,1980,3201,84.0,57.0,41.0
1784041525.813359,406.794,1980,3201,84.0,57.0,41.0
1784041525.823385,406.794,1980,3201,84.0,57.0,41.0
1784041525.833366,406.794,1980,3201,84.0,57.0,41.0
1784041525.843388,406.794,1980,3201,84.0,57.0,41.0
1784041525.853365,406.794,1980,3201,84.0,57.0,41.0
1784041525.863366,406.794,1980,3201,84.0,57.0,41.0
1784041525.873356,406.794,1980,3201,84.0,57.0,41.0
1784041525.883366,406.794,1980,3201,84.0,57.0,41.0
1784041525.893386,406.794,1980,3201,84.0,57.0,41.0
1784041525.903366,407.993,1980,3201,85.0,58.0,43.0
1784041525.913370,407.993,1980,3201,85.0,58.0,43.0
1784041525.923366,407.993,1980,3201,85.0,58.0,43.0
1784041525.933364,407.993,1980,3201,85.0,58.0,43.0
1784041525.943366,407.993,1980,3201,85.0,58.0,43.0
1784041525.953366,407.993,1980,3201,85.0,58.0,43.0
1784041525.963367,407.993,1980,3201,85.0,58.0,43.0
1784041525.973365,407.993,1980,3201,85.0,58.0,43.0
1784041525.983365,407.993,1980,3201,85.0,58.0,43.0
1784041525.993368,407.993,1980,3201,85.0,58.0,43.0
1784041526.003611,403.938,1980,3201,85.0,58.0,41.0
1784041526.013365,403.938,1980,3201,85.0,58.0,41.0
1784041526.023365,403.938,1980,3201,85.0,58.0,41.0
1784041526.033367,403.938,1980,3201,85.0,58.0,41.0
1784041526.043366,403.938,1980,3201,85.0,58.0,41.0
1784041526.053368,403.938,1980,3201,85.0,58.0,41.0
1784041526.063367,403.938,1980,3201,85.0,58.0,41.0
1784041526.073368,403.938,1980,3201,85.0,58.0,41.0
1784041526.083366,403.938,1980,3201,85.0,58.0,41.0
1784041526.093628,403.938,1980,3201,85.0,58.0,41.0
1784041526.103367,403.271,1980,3201,86.0,57.0,41.0
1784041526.113364,403.271,1980,3201,86.0,57.0,41.0
1784041526.123367,403.271,1980,3201,86.0,57.0,41.0
1784041526.133366,403.271,1980,3201,86.0,57.0,41.0
1784041526.143365,403.271,1980,3201,86.0,57.0,41.0
1784041526.153366,403.271,1980,3201,86.0,57.0,41.0
1784041526.163367,403.271,1980,3201,86.0,57.0,41.0
1784041526.173365,403.271,1980,3201,86.0,57.0,41.0
1784041526.183476,403.271,1980,3201,86.0,57.0,41.0
1784041526.193365,403.271,1980,3201,86.0,57.0,41.0
1784041526.203362,403.540,1980,3201,86.0,57.0,41.0
1784041526.213364,403.540,1980,3201,86.0,57.0,41.0
1784041526.223364,403.540,1980,3201,86.0,57.0,41.0
1784041526.233366,403.540,1980,3201,86.0,57.0,41.0
1784041526.243365,403.540,1980,3201,86.0,57.0,41.0
1784041526.253366,403.540,1980,3201,86.0,57.0,41.0
1784041526.263366,403.540,1980,3201,86.0,57.0,41.0
1784041526.273368,403.540,1980,3201,86.0,57.0,41.0
1784041526.283365,403.540,1980,3201,86.0,57.0,41.0
1784041526.293364,403.540,1980,3201,86.0,57.0,41.0
1784041526.303365,404.067,1980,3201,85.0,57.0,41.0
1784041526.313363,404.067,1980,3201,85.0,57.0,41.0
1784041526.323366,404.067,1980,3201,85.0,57.0,41.0
1784041526.333363,404.067,1980,3201,85.0,57.0,41.0
1784041526.343367,404.067,1980,3201,85.0,57.0,41.0
1784041526.353364,404.067,1980,3201,85.0,57.0,41.0
1784041526.363369,404.067,1980,3201,85.0,57.0,41.0
1784041526.373365,404.067,1980,3201,85.0,57.0,41.0
1784041526.383365,404.067,1980,3201,85.0,57.0,41.0
1784041526.393365,404.067,1980,3201,85.0,57.0,41.0
1784041526.403364,403.747,1980,3201,85.0,57.0,41.0
1784041526.413365,403.747,1980,3201,85.0,57.0,41.0
1784041526.423362,403.747,1980,3201,85.0,57.0,41.0
1784041526.433366,403.747,1980,3201,85.0,57.0,41.0
1784041526.443364,403.747,1980,3201,85.0,57.0,41.0
1784041526.453584,403.747,1980,3201,85.0,57.0,41.0
1784041526.463367,403.747,1980,3201,85.0,57.0,41.0
1784041526.473367,403.747,1980,3201,85.0,57.0,41.0
1784041526.483365,403.747,1980,3201,85.0,57.0,41.0
1784041526.493363,403.747,1980,3201,85.0,57.0,41.0
1784041526.503365,404.175,1980,3201,85.0,58.0,41.0
1784041526.513362,404.175,1980,3201,85.0,58.0,41.0
1784041526.523365,404.175,1980,3201,85.0,58.0,41.0
1784041526.533361,404.175,1980,3201,85.0,58.0,41.0
1784041526.543366,404.175,1980,3201,85.0,58.0,41.0
1784041526.553364,404.175,1980,3201,85.0,58.0,41.0
1784041526.563363,404.175,1980,3201,85.0,58.0,41.0
1784041526.573363,404.175,1980,3201,85.0,58.0,41.0
1784041526.583362,404.175,1980,3201,85.0,58.0,41.0
1784041526.593364,404.175,1980,3201,85.0,58.0,41.0
1784041526.603361,404.355,1980,3201,85.0,58.0,41.0
1784041526.613363,404.355,1980,3201,85.0,58.0,41.0
1784041526.623361,404.355,1980,3201,85.0,58.0,41.0
1784041526.633362,404.355,1980,3201,85.0,58.0,41.0
1784041526.643360,404.355,1980,3201,85.0,58.0,41.0
1784041526.653359,404.355,1980,3201,85.0,58.0,41.0
1784041526.663362,404.355,1980,3201,85.0,58.0,41.0
1784041526.673360,404.355,1980,3201,85.0,58.0,41.0
1784041526.683361,404.355,1980,3201,85.0,58.0,41.0
1784041526.693360,404.355,1980,3201,85.0,58.0,41.0
1784041526.703361,405.943,1980,3201,85.0,58.0,41.0
1784041526.713360,405.943,1980,3201,85.0,58.0,41.0
1784041526.723360,405.943,1980,3201,85.0,58.0,41.0
1784041526.733359,405.943,1980,3201,85.0,58.0,41.0
1784041526.743358,405.943,1980,3201,85.0,58.0,41.0
1784041526.753361,405.943,1980,3201,85.0,58.0,41.0
1784041526.763360,405.943,1980,3201,85.0,58.0,41.0
1784041526.773360,405.943,1980,3201,85.0,58.0,41.0
1784041526.783388,405.943,1980,3201,85.0,58.0,41.0
1784041526.793360,405.943,1980,3201,85.0,58.0,41.0
1784041526.803359,409.781,1980,3201,85.0,58.0,42.0
1784041526.813420,409.781,1980,3201,85.0,58.0,42.0
1784041526.823367,409.781,1980,3201,85.0,58.0,42.0
1784041526.833368,409.781,1980,3201,85.0,58.0,42.0
1784041526.843367,409.781,1980,3201,85.0,58.0,42.0
1784041526.853368,409.781,1980,3201,85.0,58.0,42.0
1784041526.863371,409.781,1980,3201,85.0,58.0,42.0
1784041526.873358,409.781,1980,3201,85.0,58.0,42.0
1784041526.883373,409.781,1980,3201,85.0,58.0,42.0
1784041526.893536,409.781,1980,3201,85.0,58.0,42.0
1784041526.903366,408.427,1980,3201,81.0,52.0,42.0
1784041526.913391,408.427,1980,3201,81.0,52.0,42.0
1784041526.923366,408.427,1980,3201,81.0,52.0,42.0
1784041526.933380,408.427,1980,3201,81.0,52.0,42.0
1784041526.943367,408.427,1980,3201,81.0,52.0,42.0
1784041526.953368,408.427,1980,3201,81.0,52.0,42.0
1784041526.963362,408.427,1980,3201,81.0,52.0,42.0
1784041526.973367,408.427,1980,3201,81.0,52.0,42.0
1784041526.983357,408.427,1980,3201,81.0,52.0,42.0
1784041526.993366,408.427,1980,3201,81.0,52.0,42.0
1784041527.003389,408.667,1980,3201,81.0,52.0,42.0
1784041527.013368,408.667,1980,3201,81.0,52.0,42.0
1784041527.023367,408.667,1980,3201,81.0,52.0,42.0
1784041527.033371,408.667,1980,3201,81.0,52.0,42.0
1784041527.043368,408.667,1980,3201,81.0,52.0,42.0
1784041527.053401,408.667,1980,3201,81.0,52.0,42.0
1784041527.063395,408.667,1980,3201,81.0,52.0,42.0
1784041527.073368,408.667,1980,3201,81.0,52.0,42.0
1784041527.083414,408.667,1980,3201,81.0,52.0,42.0
1784041527.093369,408.667,1980,3201,81.0,52.0,42.0
1784041527.103368,408.500,1980,3201,85.0,57.0,41.0
1784041527.113368,408.500,1980,3201,85.0,57.0,41.0
1784041527.123764,408.500,1980,3201,85.0,57.0,41.0
1784041527.133368,408.500,1980,3201,85.0,57.0,41.0
1784041527.143369,408.500,1980,3201,85.0,57.0,41.0
1784041527.153369,408.500,1980,3201,85.0,57.0,41.0
1784041527.163369,408.500,1980,3201,85.0,57.0,41.0
1784041527.173370,408.500,1980,3201,85.0,57.0,41.0
1784041527.183368,408.500,1980,3201,85.0,57.0,41.0
1784041527.193368,408.500,1980,3201,85.0,57.0,41.0
1784041527.203373,407.479,1980,3201,85.0,57.0,41.0
1784041527.213370,407.479,1980,3201,85.0,57.0,41.0
1784041527.223372,407.479,1980,3201,85.0,57.0,41.0
1784041527.233374,407.479,1980,3201,85.0,57.0,41.0
1784041527.243371,407.479,1980,3201,85.0,57.0,41.0
1784041527.253370,407.479,1980,3201,85.0,57.0,41.0
1784041527.263760,407.479,1980,3201,85.0,57.0,41.0
1784041527.273372,407.479,1980,3201,85.0,57.0,41.0
1784041527.283367,407.479,1980,3201,85.0,57.0,41.0
1784041527.293369,407.479,1980,3201,85.0,57.0,41.0
1784041527.303368,407.770,1980,3201,84.0,57.0,41.0
1784041527.313357,407.770,1980,3201,84.0,57.0,41.0
1784041527.323367,407.770,1980,3201,84.0,57.0,41.0
1784041527.333479,407.770,1980,3201,84.0,57.0,41.0
1784041527.343369,407.770,1980,3201,84.0,57.0,41.0
1784041527.353368,407.770,1980,3201,84.0,57.0,41.0
1784041527.363368,407.770,1980,3201,84.0,57.0,41.0
1784041527.373369,407.770,1980,3201,84.0,57.0,41.0
1784041527.383360,407.770,1980,3201,84.0,57.0,41.0
1784041527.393370,407.770,1980,3201,84.0,57.0,41.0
1784041527.403455,407.851,1980,3201,84.0,57.0,42.0
1784041527.413368,407.851,1980,3201,84.0,57.0,42.0
1784041527.423370,407.851,1980,3201,84.0,57.0,42.0
1784041527.433371,407.851,1980,3201,84.0,57.0,42.0
1784041527.443371,407.851,1980,3201,84.0,57.0,42.0
1784041527.453358,407.851,1980,3201,84.0,57.0,42.0
1784041527.463371,407.851,1980,3201,84.0,57.0,42.0
1784041527.473369,407.851,1980,3201,84.0,57.0,42.0
1784041527.483371,407.851,1980,3201,84.0,57.0,42.0
1784041527.493370,407.851,1980,3201,84.0,57.0,42.0
1784041527.503362,407.915,1980,3201,85.0,57.0,42.0
1784041527.513368,407.915,1980,3201,85.0,57.0,42.0
1784041527.523446,407.915,1980,3201,85.0,57.0,42.0
1784041527.533370,407.915,1980,3201,85.0,57.0,42.0
1784041527.543370,407.915,1980,3201,85.0,57.0,42.0
1784041527.553384,407.915,1980,3201,85.0,57.0,42.0
1784041527.563374,407.915,1980,3201,85.0,57.0,42.0
1784041527.573359,407.915,1980,3201,85.0,57.0,42.0
1784041527.583372,407.915,1980,3201,85.0,57.0,42.0
1784041527.593372,407.915,1980,3201,85.0,57.0,42.0
1784041527.603373,407.263,1980,3201,85.0,57.0,42.0
1784041527.613367,407.263,1980,3201,85.0,57.0,42.0
1784041527.623358,407.263,1980,3201,85.0,57.0,42.0
1784041527.633373,407.263,1980,3201,85.0,57.0,42.0
1784041527.643373,407.263,1980,3201,85.0,57.0,42.0
1784041527.653373,407.263,1980,3201,85.0,57.0,42.0
1784041527.663359,407.263,1980,3201,85.0,57.0,42.0
1784041527.673371,407.263,1980,3201,85.0,57.0,42.0
1784041527.683368,407.263,1980,3201,85.0,57.0,42.0
1784041527.693368,407.263,1980,3201,85.0,57.0,42.0
1784041527.703368,409.797,1980,3201,83.0,57.0,41.0
1784041527.713360,409.797,1980,3201,83.0,57.0,41.0
1784041527.723368,409.797,1980,3201,83.0,57.0,41.0
1784041527.733369,409.797,1980,3201,83.0,57.0,41.0
1784041527.743367,409.797,1980,3201,83.0,57.0,41.0
1784041527.753357,409.797,1980,3201,83.0,57.0,41.0
1784041527.763366,409.797,1980,3201,83.0,57.0,41.0
1784041527.773610,409.797,1980,3201,83.0,57.0,41.0
1784041527.783367,409.797,1980,3201,83.0,57.0,41.0
1784041527.793405,409.797,1980,3201,83.0,57.0,41.0
1784041527.803368,405.905,1980,3201,83.0,57.0,42.0
1784041527.813361,405.905,1980,3201,83.0,57.0,42.0
1784041527.823417,405.905,1980,3201,83.0,57.0,42.0
1784041527.833366,405.905,1980,3201,83.0,57.0,42.0
1784041527.843361,405.905,1980,3201,83.0,57.0,42.0
1784041527.853365,405.905,1980,3201,83.0,57.0,42.0
1784041527.863358,405.905,1980,3201,83.0,57.0,42.0
1784041527.873368,405.905,1980,3201,83.0,57.0,42.0
1784041527.883371,405.905,1980,3201,83.0,57.0,42.0
1784041527.893367,405.905,1980,3201,83.0,57.0,42.0
1784041527.903366,406.667,1980,3201,85.0,57.0,42.0
1784041527.913361,406.667,1980,3201,85.0,57.0,42.0
1784041527.923367,406.667,1980,3201,85.0,57.0,42.0
1784041527.933367,406.667,1980,3201,85.0,57.0,42.0
1784041527.943367,406.667,1980,3201,85.0,57.0,42.0
1784041527.953360,406.667,1980,3201,85.0,57.0,42.0
1784041527.963405,406.667,1980,3201,85.0,57.0,42.0
1784041527.973804,406.667,1980,3201,85.0,57.0,42.0
1784041527.983366,406.667,1980,3201,85.0,57.0,42.0
1784041527.993418,406.667,1980,3201,85.0,57.0,42.0
1784041528.003367,406.352,1980,3201,85.0,57.0,42.0
1784041528.013363,406.352,1980,3201,85.0,57.0,42.0
1784041528.023367,406.352,1980,3201,85.0,57.0,42.0
1784041528.033366,406.352,1980,3201,85.0,57.0,42.0
1784041528.043367,406.352,1980,3201,85.0,57.0,42.0
1784041528.053402,406.352,1980,3201,85.0,57.0,42.0
1784041528.063567,406.352,1980,3201,85.0,57.0,42.0
1784041528.073369,406.352,1980,3201,85.0,57.0,42.0
1784041528.083366,406.352,1980,3201,85.0,57.0,42.0
1784041528.093368,406.352,1980,3201,85.0,57.0,42.0
1784041528.103366,407.420,1980,3201,85.0,57.0,42.0
1784041528.113358,407.420,1980,3201,85.0,57.0,42.0
1784041528.123367,407.420,1980,3201,85.0,57.0,42.0
1784041528.133367,407.420,1980,3201,85.0,57.0,42.0
1784041528.143369,407.420,1980,3201,85.0,57.0,42.0
1784041528.153560,407.420,1980,3201,85.0,57.0,42.0
1784041528.163368,407.420,1980,3201,85.0,57.0,42.0
1784041528.173367,407.420,1980,3201,85.0,57.0,42.0
1784041528.183367,407.420,1980,3201,85.0,57.0,42.0
1784041528.193367,407.420,1980,3201,85.0,57.0,42.0
1784041528.203395,408.150,1980,3201,85.0,57.0,42.0
1784041528.213363,408.150,1980,3201,85.0,57.0,42.0
1784041528.223360,408.150,1980,3201,85.0,57.0,42.0
1784041528.233367,408.150,1980,3201,85.0,57.0,42.0
1784041528.243371,408.150,1980,3201,85.0,57.0,42.0
1784041528.253368,408.150,1980,3201,85.0,57.0,42.0
1784041528.263370,408.150,1980,3201,85.0,57.0,42.0
1784041528.273368,408.150,1980,3201,85.0,57.0,42.0
1784041528.283368,408.150,1980,3201,85.0,57.0,42.0
1784041528.293368,408.150,1980,3201,85.0,57.0,42.0
1784041528.303369,407.587,1980,3201,85.0,58.0,42.0
1784041528.313363,407.587,1980,3201,85.0,58.0,42.0
1784041528.323370,407.587,1980,3201,85.0,58.0,42.0
1784041528.333370,407.587,1980,3201,85.0,58.0,42.0
1784041528.343370,407.587,1980,3201,85.0,58.0,42.0
1784041528.353369,407.587,1980,3201,85.0,58.0,42.0
1784041528.363371,407.587,1980,3201,85.0,58.0,42.0
1784041528.373371,407.587,1980,3201,85.0,58.0,42.0
1784041528.383372,407.587,1980,3201,85.0,58.0,42.0
1784041528.393372,407.587,1980,3201,85.0,58.0,42.0
1784041528.403373,407.765,1980,3201,85.0,58.0,42.0
1784041528.413361,407.765,1980,3201,85.0,58.0,42.0
1784041528.423369,407.765,1980,3201,85.0,58.0,42.0
1784041528.433488,407.765,1980,3201,85.0,58.0,42.0
1784041528.443369,407.765,1980,3201,85.0,58.0,42.0
1784041528.453389,407.765,1980,3201,85.0,58.0,42.0
1784041528.463382,407.765,1980,3201,85.0,58.0,42.0
1784041528.473368,407.765,1980,3201,85.0,58.0,42.0
1784041528.483361,407.765,1980,3201,85.0,58.0,42.0
1784041528.493362,407.765,1980,3201,85.0,58.0,42.0
1784041528.503356,408.372,1980,3201,84.0,57.0,42.0
1784041528.513362,408.372,1980,3201,84.0,57.0,42.0
1784041528.523641,408.372,1980,3201,84.0,57.0,42.0
1784041528.533362,408.372,1980,3201,84.0,57.0,42.0
1784041528.543363,408.372,1980,3201,84.0,57.0,42.0
1784041528.553364,408.372,1980,3201,84.0,57.0,42.0
1784041528.563365,408.372,1980,3201,84.0,57.0,42.0
1784041528.573365,408.372,1980,3201,84.0,57.0,42.0
1784041528.583718,408.372,1980,3201,84.0,57.0,42.0
1784041528.593364,408.372,1980,3201,84.0,57.0,42.0
1784041528.603364,411.604,1980,3201,84.0,57.0,42.0
1784041528.613364,411.604,1980,3201,84.0,57.0,42.0
1784041528.623363,411.604,1980,3201,84.0,57.0,42.0
1784041528.633364,411.604,1980,3201,84.0,57.0,42.0
1784041528.643366,411.604,1980,3201,84.0,57.0,42.0
1784041528.653345,411.604,1980,3201,84.0,57.0,42.0
1784041528.663363,411.604,1980,3201,84.0,57.0,42.0
1784041528.673362,411.604,1980,3201,84.0,57.0,42.0
1784041528.683362,411.604,1980,3201,84.0,57.0,42.0
1784041528.693471,411.604,1980,3201,84.0,57.0,42.0
1784041528.703374,408.300,1980,3201,81.0,52.0,42.0
1784041528.713365,408.300,1980,3201,81.0,52.0,42.0
1784041528.723650,408.300,1980,3201,81.0,52.0,42.0
1784041528.733372,408.300,1980,3201,81.0,52.0,42.0
1784041528.743372,408.300,1980,3201,81.0,52.0,42.0
1784041528.753386,408.300,1980,3201,81.0,52.0,42.0
1784041528.763373,408.300,1980,3201,81.0,52.0,42.0
1784041528.773372,408.300,1980,3201,81.0,52.0,42.0
1784041528.783370,408.300,1980,3201,81.0,52.0,42.0
1784041528.793797,408.300,1980,3201,81.0,52.0,42.0
1784041528.803369,407.034,1980,3201,81.0,52.0,42.0
1784041528.813362,407.034,1980,3201,81.0,52.0,42.0
1784041528.823369,407.034,1980,3201,81.0,52.0,42.0
1784041528.833368,407.034,1980,3201,81.0,52.0,42.0
1784041528.843369,407.034,1980,3201,81.0,52.0,42.0
1784041528.853369,407.034,1980,3201,81.0,52.0,42.0
1784041528.863703,407.034,1980,3201,81.0,52.0,42.0
1784041528.873370,407.034,1980,3201,81.0,52.0,42.0
1784041528.883371,407.034,1980,3201,81.0,52.0,42.0
1784041528.893371,407.034,1980,3201,81.0,52.0,42.0
1784041528.903372,405.626,1980,3201,83.0,56.0,42.0
1784041528.913357,405.626,1980,3201,83.0,56.0,42.0
1784041528.923371,405.626,1980,3201,83.0,56.0,42.0
1784041528.933440,405.626,1980,3201,83.0,56.0,42.0
1784041528.943371,405.626,1980,3201,83.0,56.0,42.0
1784041528.953371,405.626,1980,3201,83.0,56.0,42.0
1784041528.963372,405.626,1980,3201,83.0,56.0,42.0
1784041528.973372,405.626,1980,3201,83.0,56.0,42.0
1784041528.983371,405.626,1980,3201,83.0,56.0,42.0
1784041528.993372,405.626,1980,3201,83.0,56.0,42.0
1784041529.003419,405.656,1980,3201,83.0,56.0,42.0
1784041529.013365,405.656,1980,3201,83.0,56.0,42.0
1784041529.023371,405.656,1980,3201,83.0,56.0,42.0
1784041529.033371,405.656,1980,3201,83.0,56.0,42.0
1784041529.043371,405.656,1980,3201,83.0,56.0,42.0
1784041529.053584,405.656,1980,3201,83.0,56.0,42.0
1784041529.063371,405.656,1980,3201,83.0,56.0,42.0
1784041529.073372,405.656,1980,3201,83.0,56.0,42.0
1784041529.083372,405.656,1980,3201,83.0,56.0,42.0
1784041529.093372,405.656,1980,3201,83.0,56.0,42.0
1784041529.103363,404.671,1980,3201,84.0,57.0,42.0
1784041529.113365,404.671,1980,3201,84.0,57.0,42.0
1784041529.123373,404.671,1980,3201,84.0,57.0,42.0
1784041529.133373,404.671,1980,3201,84.0,57.0,42.0
1784041529.143377,404.671,1980,3201,84.0,57.0,42.0
1784041529.153372,404.671,1980,3201,84.0,57.0,42.0
1784041529.163373,404.671,1980,3201,84.0,57.0,42.0
1784041529.173828,404.671,1980,3201,84.0,57.0,42.0
1784041529.183372,404.671,1980,3201,84.0,57.0,42.0
1784041529.193373,404.671,1980,3201,84.0,57.0,42.0
1784041529.203413,404.561,1980,3201,84.0,57.0,42.0
1784041529.213366,404.561,1980,3201,84.0,57.0,42.0
1784041529.223362,404.561,1980,3201,84.0,57.0,42.0
1784041529.233371,404.561,1980,3201,84.0,57.0,42.0
1784041529.243372,404.561,1980,3201,84.0,57.0,42.0
1784041529.253374,404.561,1980,3201,84.0,57.0,42.0
1784041529.263373,404.561,1980,3201,84.0,57.0,42.0
1784041529.273372,404.561,1980,3201,84.0,57.0,42.0
1784041529.283373,404.561,1980,3201,84.0,57.0,42.0
1784041529.293420,404.561,1980,3201,84.0,57.0,42.0
1784041529.303373,404.446,1980,3201,83.0,57.0,42.0
1784041529.313365,404.446,1980,3201,83.0,57.0,42.0
1784041529.323402,404.446,1980,3201,83.0,57.0,42.0
1784041529.333373,404.446,1980,3201,83.0,57.0,42.0
1784041529.343571,404.446,1980,3201,83.0,57.0,42.0
1784041529.353372,404.446,1980,3201,83.0,57.0,42.0
1784041529.363367,404.446,1980,3201,83.0,57.0,42.0
1784041529.373367,404.446,1980,3201,83.0,57.0,42.0
1784041529.383368,404.446,1980,3201,83.0,57.0,42.0
1784041529.393366,404.446,1980,3201,83.0,57.0,42.0
1784041529.403366,403.330,1980,3201,83.0,57.0,42.0
1784041529.413357,403.330,1980,3201,83.0,57.0,42.0
1784041529.423367,403.330,1980,3201,83.0,57.0,42.0
1784041529.433787,403.330,1980,3201,83.0,57.0,42.0
1784041529.443367,403.330,1980,3201,83.0,57.0,42.0
1784041529.453366,403.330,1980,3201,83.0,57.0,42.0
1784041529.463390,403.330,1980,3201,83.0,57.0,42.0
1784041529.473367,403.330,1980,3201,83.0,57.0,42.0
1784041529.483367,403.330,1980,3201,83.0,57.0,42.0
1784041529.493366,403.330,1980,3201,83.0,57.0,42.0
1784041529.503656,405.081,1980,3201,85.0,58.0,42.0
1784041529.513318,405.081,1980,3201,85.0,58.0,42.0
1784041529.523366,405.081,1980,3201,85.0,58.0,42.0
1784041529.533366,405.081,1980,3201,85.0,58.0,42.0
1784041529.543387,405.081,1980,3201,85.0,58.0,42.0
1784041529.553366,405.081,1980,3201,85.0,58.0,42.0
1784041529.563366,405.081,1980,3201,85.0,58.0,42.0
1784041529.573366,405.081,1980,3201,85.0,58.0,42.0
1784041529.583373,405.081,1980,3201,85.0,58.0,42.0
1784041529.593367,405.081,1980,3201,85.0,58.0,42.0
1784041529.603366,402.939,1980,3201,85.0,58.0,42.0
1784041529.613608,402.939,1980,3201,85.0,58.0,42.0
1784041529.623365,402.939,1980,3201,85.0,58.0,42.0
1784041529.633363,402.939,1980,3201,85.0,58.0,42.0
1784041529.643368,402.939,1980,3201,85.0,58.0,42.0
1784041529.653413,402.939,1980,3201,85.0,58.0,42.0
1784041529.663366,402.939,1980,3201,85.0,58.0,42.0
1784041529.673412,402.939,1980,3201,85.0,58.0,42.0
1784041529.683363,402.939,1980,3201,85.0,58.0,42.0
1784041529.693367,402.939,1980,3201,85.0,58.0,42.0
1784041529.703368,403.209,1980,3201,85.0,57.0,42.0
1784041529.713369,403.209,1980,3201,85.0,57.0,42.0
1784041529.723801,403.209,1980,3201,85.0,57.0,42.0
1784041529.733369,403.209,1980,3201,85.0,57.0,42.0
1784041529.743368,403.209,1980,3201,85.0,57.0,42.0
1784041529.753397,403.209,1980,3201,85.0,57.0,42.0
1784041529.763373,403.209,1980,3201,85.0,57.0,42.0
1784041529.773403,403.209,1980,3201,85.0,57.0,42.0
1784041529.783437,403.209,1980,3201,85.0,57.0,42.0
1784041529.793587,403.209,1980,3201,85.0,57.0,42.0
1784041529.803366,403.504,1980,3201,85.0,57.0,42.0
1784041529.813409,403.504,1980,3201,85.0,57.0,42.0
1784041529.823366,403.504,1980,3201,85.0,57.0,42.0
1784041529.833397,403.504,1980,3201,85.0,57.0,42.0
1784041529.843371,403.504,1980,3201,85.0,57.0,42.0
1784041529.853366,403.504,1980,3201,85.0,57.0,42.0
1784041529.863367,403.504,1980,3201,85.0,57.0,42.0
1784041529.873367,403.504,1980,3201,85.0,57.0,42.0
1784041529.883480,403.504,1980,3201,85.0,57.0,42.0
1784041529.893372,403.504,1980,3201,85.0,57.0,42.0
1784041529.903366,403.802,1980,3201,84.0,56.0,42.0
1784041529.913366,403.802,1980,3201,84.0,56.0,42.0
1784041529.923366,403.802,1980,3201,84.0,56.0,42.0
1784041529.933367,403.802,1980,3201,84.0,56.0,42.0
1784041529.943383,403.802,1980,3201,84.0,56.0,42.0
1784041529.953367,403.802,1980,3201,84.0,56.0,42.0
1784041529.963367,403.802,1980,3201,84.0,56.0,42.0
1784041529.973521,403.802,1980,3201,84.0,56.0,42.0
1784041529.983367,403.802,1980,3201,84.0,56.0,42.0
1784041529.993414,403.802,1980,3201,84.0,56.0,42.0
1784041530.003367,403.562,1980,3201,84.0,56.0,42.0
1784041530.013366,403.562,1980,3201,84.0,56.0,42.0
1784041530.023387,403.562,1980,3201,84.0,56.0,42.0
1784041530.033368,403.562,1980,3201,84.0,56.0,42.0
1784041530.043367,403.562,1980,3201,84.0,56.0,42.0
1784041530.053369,403.562,1980,3201,84.0,56.0,42.0
1784041530.063720,403.562,1980,3201,84.0,56.0,42.0
1784041530.073368,403.562,1980,3201,84.0,56.0,42.0
1784041530.083412,403.562,1980,3201,84.0,56.0,42.0
1784041530.093369,403.562,1980,3201,84.0,56.0,42.0
1784041530.103370,403.760,1980,3201,85.0,58.0,42.0
1784041530.113394,403.760,1980,3201,85.0,58.0,42.0
1784041530.123369,403.760,1980,3201,85.0,58.0,42.0
1784041530.133359,403.760,1980,3201,85.0,58.0,42.0
1784041530.143408,403.760,1980,3201,85.0,58.0,42.0
1784041530.153370,403.760,1980,3201,85.0,58.0,42.0
1784041530.163369,403.760,1980,3201,85.0,58.0,42.0
1784041530.173370,403.760,1980,3201,85.0,58.0,42.0
1784041530.183369,403.760,1980,3201,85.0,58.0,42.0
1784041530.193366,403.760,1980,3201,85.0,58.0,42.0
1784041530.203367,404.404,1980,3201,85.0,58.0,42.0
1784041530.213367,404.404,1980,3201,85.0,58.0,42.0
1784041530.223664,404.404,1980,3201,85.0,58.0,42.0
1784041530.233366,404.404,1980,3201,85.0,58.0,42.0
1784041530.243365,404.404,1980,3201,85.0,58.0,42.0
1784041530.253365,404.404,1980,3201,85.0,58.0,42.0
1784041530.263365,404.404,1980,3201,85.0,58.0,42.0
1784041530.273365,404.404,1980,3201,85.0,58.0,42.0
1784041530.283366,404.404,1980,3201,85.0,58.0,42.0
1784041530.293366,404.404,1980,3201,85.0,58.0,42.0
1784041530.303370,405.017,1980,3201,85.0,58.0,42.0
1784041530.313690,405.017,1980,3201,85.0,58.0,42.0
1784041530.323365,405.017,1980,3201,85.0,58.0,42.0
1784041530.333424,405.017,1980,3201,85.0,58.0,42.0
1784041530.343367,405.017,1980,3201,85.0,58.0,42.0
1784041530.353365,405.017,1980,3201,85.0,58.0,42.0
1784041530.363436,405.017,1980,3201,85.0,58.0,42.0
1784041530.373379,405.017,1980,3201,85.0,58.0,42.0
1784041530.383366,405.017,1980,3201,85.0,58.0,42.0
1784041530.393367,405.017,1980,3201,85.0,58.0,42.0
1784041530.403365,409.889,1980,3201,85.0,58.0,42.0
1784041530.413366,409.889,1980,3201,85.0,58.0,42.0
1784041530.423365,409.889,1980,3201,85.0,58.0,42.0
1784041530.433366,409.889,1980,3201,85.0,58.0,42.0
1784041530.443369,409.889,1980,3201,85.0,58.0,42.0
1784041530.453372,409.889,1980,3201,85.0,58.0,42.0
1784041530.463368,409.889,1980,3201,85.0,58.0,42.0
1784041530.473372,409.889,1980,3201,85.0,58.0,42.0
1784041530.483560,409.889,1980,3201,85.0,58.0,42.0
1784041530.493370,409.889,1980,3201,85.0,58.0,42.0
1784041530.503368,409.015,1980,3201,82.0,53.0,43.0
1784041530.513420,409.015,1980,3201,82.0,53.0,43.0
1784041530.523368,409.015,1980,3201,82.0,53.0,43.0
1784041530.533378,409.015,1980,3201,82.0,53.0,43.0
1784041530.543369,409.015,1980,3201,82.0,53.0,43.0
1784041530.553368,409.015,1980,3201,82.0,53.0,43.0
1784041530.563370,409.015,1980,3201,82.0,53.0,43.0
1784041530.573808,409.015,1980,3201,82.0,53.0,43.0
1784041530.583367,409.015,1980,3201,82.0,53.0,43.0
1784041530.593366,409.015,1980,3201,82.0,53.0,43.0
1784041530.603395,408.832,1980,3201,82.0,53.0,42.0
1784041530.613366,408.832,1980,3201,82.0,53.0,42.0
1784041530.623367,408.832,1980,3201,82.0,53.0,42.0
1784041530.633368,408.832,1980,3201,82.0,53.0,42.0
1784041530.643368,408.832,1980,3201,82.0,53.0,42.0
1784041530.653368,408.832,1980,3201,82.0,53.0,42.0
1784041530.663754,408.832,1980,3201,82.0,53.0,42.0
1784041530.673370,408.832,1980,3201,82.0,53.0,42.0
1784041530.683370,408.832,1980,3201,82.0,53.0,42.0
1784041530.693371,408.832,1980,3201,82.0,53.0,42.0
1784041530.703371,407.742,1980,3201,85.0,57.0,42.0
1784041530.713373,407.742,1980,3201,85.0,57.0,42.0
1784041530.723371,407.742,1980,3201,85.0,57.0,42.0
1784041530.733807,407.742,1980,3201,85.0,57.0,42.0
1784041530.743370,407.742,1980,3201,85.0,57.0,42.0
1784041530.753371,407.742,1980,3201,85.0,57.0,42.0
1784041530.763371,407.742,1980,3201,85.0,57.0,42.0
1784041530.773370,407.742,1980,3201,85.0,57.0,42.0
1784041530.783373,407.742,1980,3201,85.0,57.0,42.0
1784041530.793370,407.742,1980,3201,85.0,57.0,42.0
1784041530.803590,408.203,1980,3201,85.0,57.0,42.0
1784041530.813370,408.203,1980,3201,85.0,57.0,42.0
1784041530.823370,408.203,1980,3201,85.0,57.0,42.0
1784041530.833369,408.203,1980,3201,85.0,57.0,42.0
1784041530.843371,408.203,1980,3201,85.0,57.0,42.0
1784041530.853370,408.203,1980,3201,85.0,57.0,42.0
1784041530.863370,408.203,1980,3201,85.0,57.0,42.0
1784041530.873735,408.203,1980,3201,85.0,57.0,42.0
1784041530.883370,408.203,1980,3201,85.0,57.0,42.0
1784041530.893370,408.203,1980,3201,85.0,57.0,42.0
1784041530.903403,408.342,1980,3201,84.0,57.0,42.0
1784041530.913399,408.342,1980,3201,84.0,57.0,42.0
1784041530.923376,408.342,1980,3201,84.0,57.0,42.0
1784041530.933374,408.342,1980,3201,84.0,57.0,42.0
1784041530.943892,408.342,1980,3201,84.0,57.0,42.0
1784041530.953385,408.342,1980,3201,84.0,57.0,42.0
1784041530.963376,408.342,1980,3201,84.0,57.0,42.0
1784041530.973371,408.342,1980,3201,84.0,57.0,42.0
1784041530.983371,408.342,1980,3201,84.0,57.0,42.0
1784041530.993364,408.342,1980,3201,84.0,57.0,42.0
1784041531.003371,408.610,1980,3201,84.0,57.0,42.0
1784041531.013373,408.610,1980,3201,84.0,57.0,42.0
1784041531.023363,408.610,1980,3201,84.0,57.0,42.0
1784041531.033373,408.610,1980,3201,84.0,57.0,42.0
1784041531.043383,408.610,1980,3201,84.0,57.0,42.0
1784041531.053373,408.610,1980,3201,84.0,57.0,42.0
1784041531.063845,408.610,1980,3201,84.0,57.0,42.0
1784041531.073375,408.610,1980,3201,84.0,57.0,42.0
1784041531.083373,408.610,1980,3201,84.0,57.0,42.0
1784041531.093370,408.610,1980,3201,84.0,57.0,42.0
1784041531.103359,408.271,1980,3201,83.0,56.0,42.0
1784041531.113372,408.271,1980,3201,83.0,56.0,42.0
1784041531.123417,408.271,1980,3201,83.0,56.0,42.0
1784041531.133373,408.271,1980,3201,83.0,56.0,42.0
1784041531.143802,408.271,1980,3201,83.0,56.0,42.0
1784041531.153388,408.271,1980,3201,83.0,56.0,42.0
1784041531.163373,408.271,1980,3201,83.0,56.0,42.0
1784041531.173373,408.271,1980,3201,83.0,56.0,42.0
1784041531.183373,408.271,1980,3201,83.0,56.0,42.0
1784041531.193374,408.271,1980,3201,83.0,56.0,42.0
1784041531.203373,406.955,1980,3201,83.0,56.0,42.0
1784041531.213373,406.955,1980,3201,83.0,56.0,42.0
1784041531.223372,406.955,1980,3201,83.0,56.0,42.0
1784041531.233373,406.955,1980,3201,83.0,56.0,42.0
1784041531.243373,406.955,1980,3201,83.0,56.0,42.0
1784041531.253430,406.955,1980,3201,83.0,56.0,42.0
1784041531.263374,406.955,1980,3201,83.0,56.0,42.0
1784041531.273373,406.955,1980,3201,83.0,56.0,42.0
1784041531.283402,406.955,1980,3201,83.0,56.0,42.0
1784041531.293917,406.955,1980,3201,83.0,56.0,42.0
1784041531.303376,404.915,1980,3201,81.0,55.0,42.0
1784041531.313373,404.915,1980,3201,81.0,55.0,42.0
1784041531.323373,404.915,1980,3201,81.0,55.0,42.0
1784041531.333374,404.915,1980,3201,81.0,55.0,42.0
1784041531.343570,404.915,1980,3201,81.0,55.0,42.0
1784041531.353373,404.915,1980,3201,81.0,55.0,42.0
1784041531.363374,404.915,1980,3201,81.0,55.0,42.0
1784041531.373372,404.915,1980,3201,81.0,55.0,42.0
1784041531.383369,404.915,1980,3201,81.0,55.0,42.0
1784041531.393369,404.915,1980,3201,81.0,55.0,42.0
1784041531.403368,402.840,1980,3201,81.0,55.0,43.0
1784041531.413370,402.840,1980,3201,81.0,55.0,43.0
1784041531.423365,402.840,1980,3201,81.0,55.0,43.0
1784041531.433368,402.840,1980,3201,81.0,55.0,43.0
1784041531.443517,402.840,1980,3201,81.0,55.0,43.0
1784041531.453367,402.840,1980,3201,81.0,55.0,43.0
1784041531.463801,402.840,1980,3201,81.0,55.0,43.0
1784041531.473365,402.840,1980,3201,81.0,55.0,43.0
1784041531.483368,402.840,1980,3201,81.0,55.0,43.0
1784041531.493368,402.840,1980,3201,81.0,55.0,43.0
1784041531.503397,401.659,1980,3201,83.0,53.0,42.0
1784041531.513366,401.659,1980,3201,83.0,53.0,42.0
1784041531.523366,401.659,1980,3201,83.0,53.0,42.0
1784041531.533369,401.659,1980,3201,83.0,53.0,42.0
1784041531.543367,401.659,1980,3201,83.0,53.0,42.0
1784041531.553427,401.659,1980,3201,83.0,53.0,42.0
1784041531.563363,401.659,1980,3201,83.0,53.0,42.0
1784041531.573364,401.659,1980,3201,83.0,53.0,42.0
1784041531.583363,401.659,1980,3201,83.0,53.0,42.0
1784041531.593363,401.659,1980,3201,83.0,53.0,42.0
1784041531.603363,401.596,1980,3201,83.0,53.0,42.0
1784041531.613363,401.596,1980,3201,83.0,53.0,42.0
1784041531.623362,401.596,1980,3201,83.0,53.0,42.0
1784041531.633363,401.596,1980,3201,83.0,53.0,42.0
1784041531.643359,401.596,1980,3201,83.0,53.0,42.0
1784041531.653362,401.596,1980,3201,83.0,53.0,42.0
1784041531.663401,401.596,1980,3201,83.0,53.0,42.0
1784041531.673362,401.596,1980,3201,83.0,53.0,42.0
1784041531.683362,401.596,1980,3201,83.0,53.0,42.0
1784041531.693363,401.596,1980,3201,83.0,53.0,42.0
1784041531.703362,401.742,1980,3201,85.0,57.0,42.0
1784041531.713363,401.742,1980,3201,85.0,57.0,42.0
1784041531.723362,401.742,1980,3201,85.0,57.0,42.0
1784041531.733363,401.742,1980,3201,85.0,57.0,42.0
1784041531.743330,401.742,1980,3201,85.0,57.0,42.0
1784041531.753361,401.742,1980,3201,85.0,57.0,42.0
1784041531.763361,401.742,1980,3201,85.0,57.0,42.0
1784041531.773630,401.742,1980,3201,85.0,57.0,42.0
1784041531.783360,401.742,1980,3201,85.0,57.0,42.0
1784041531.793360,401.742,1980,3201,85.0,57.0,42.0
1784041531.803360,401.786,1980,3201,85.0,57.0,42.0
1784041531.813359,401.786,1980,3201,85.0,57.0,42.0
1784041531.823359,401.786,1980,3201,85.0,57.0,42.0
1784041531.833455,401.786,1980,3201,85.0,57.0,42.0
1784041531.843368,401.786,1980,3201,85.0,57.0,42.0
1784041531.853373,401.786,1980,3201,85.0,57.0,42.0
1784041531.863737,401.786,1980,3201,85.0,57.0,42.0
1784041531.873401,401.786,1980,3201,85.0,57.0,42.0
1784041531.883415,401.786,1980,3201,85.0,57.0,42.0
1784041531.893409,401.786,1980,3201,85.0,57.0,42.0
1784041531.903368,401.999,1980,3201,85.0,57.0,42.0
1784041531.913369,401.999,1980,3201,85.0,57.0,42.0
1784041531.923372,401.999,1980,3201,85.0,57.0,42.0
1784041531.933451,401.999,1980,3201,85.0,57.0,42.0
1784041531.943368,401.999,1980,3201,85.0,57.0,42.0
1784041531.953369,401.999,1980,3201,85.0,57.0,42.0
1784041531.963368,401.999,1980,3201,85.0,57.0,42.0
1784041531.973369,401.999,1980,3201,85.0,57.0,42.0
1784041531.983368,401.999,1980,3201,85.0,57.0,42.0
1784041531.993391,401.999,1980,3201,85.0,57.0,42.0
1784041532.003479,402.158,1980,3201,85.0,57.0,43.0
1784041532.013401,402.158,1980,3201,85.0,57.0,43.0
1784041532.023741,402.158,1980,3201,85.0,57.0,43.0
1784041532.033368,402.158,1980,3201,85.0,57.0,43.0
1784041532.043369,402.158,1980,3201,85.0,57.0,43.0
1784041532.053368,402.158,1980,3201,85.0,57.0,43.0
1784041532.063368,402.158,1980,3201,85.0,57.0,43.0
1784041532.074583,402.158,1980,3201,85.0,57.0,43.0
1784041532.083371,402.158,1980,3201,85.0,57.0,43.0
1784041532.093633,402.158,1980,3201,85.0,57.0,43.0
1784041532.103369,402.132,1980,3201,85.0,58.0,42.0
1784041532.113369,402.132,1980,3201,85.0,58.0,42.0
1784041532.123369,402.132,1980,3201,85.0,58.0,42.0
1784041532.133368,402.132,1980,3201,85.0,58.0,42.0
1784041532.143367,402.132,1980,3201,85.0,58.0,42.0
1784041532.153366,402.132,1980,3201,85.0,58.0,42.0
1784041532.163369,402.132,1980,3201,85.0,58.0,42.0
1784041532.173366,402.132,1980,3201,85.0,58.0,42.0
1784041532.183739,402.132,1980,3201,85.0,58.0,42.0
1784041532.193367,402.132,1980,3201,85.0,58.0,42.0
1784041532.203366,404.393,1980,3201,85.0,58.0,43.0
1784041532.213367,404.393,1980,3201,85.0,58.0,43.0
1784041532.223368,404.393,1980,3201,85.0,58.0,43.0
1784041532.233369,404.393,1980,3201,85.0,58.0,43.0
1784041532.243397,404.393,1980,3201,85.0,58.0,43.0
1784041532.253369,404.393,1980,3201,85.0,58.0,43.0
1784041532.263370,404.393,1980,3201,85.0,58.0,43.0
1784041532.273369,404.393,1980,3201,85.0,58.0,43.0
1784041532.283372,404.393,1980,3201,85.0,58.0,43.0
1784041532.293369,404.393,1980,3201,85.0,58.0,43.0
1784041532.303369,408.864,1980,3201,85.0,58.0,44.0
1784041532.313368,408.864,1980,3201,85.0,58.0,44.0
1784041532.323369,408.864,1980,3201,85.0,58.0,44.0
1784041532.333479,408.864,1980,3201,85.0,58.0,44.0
1784041532.343369,408.864,1980,3201,85.0,58.0,44.0
1784041532.353370,408.864,1980,3201,85.0,58.0,44.0
1784041532.363368,408.864,1980,3201,85.0,58.0,44.0
1784041532.373368,408.864,1980,3201,85.0,58.0,44.0
1784041532.383368,408.864,1980,3201,85.0,58.0,44.0
1784041532.393427,408.864,1980,3201,85.0,58.0,44.0
1784041532.403369,406.374,1980,3201,85.0,58.0,43.0
1784041532.413369,406.374,1980,3201,85.0,58.0,43.0
1784041532.423778,406.374,1980,3201,85.0,58.0,43.0
1784041532.433369,406.374,1980,3201,85.0,58.0,43.0
1784041532.443369,406.374,1980,3201,85.0,58.0,43.0
1784041532.453369,406.374,1980,3201,85.0,58.0,43.0
1784041532.463371,406.374,1980,3201,85.0,58.0,43.0
1784041532.473370,406.374,1980,3201,85.0,58.0,43.0
1784041532.483373,406.374,1980,3201,85.0,58.0,43.0
1784041532.493363,406.374,1980,3201,85.0,58.0,43.0
1784041532.503371,405.812,1980,3201,85.0,57.0,43.0
1784041532.513369,405.812,1980,3201,85.0,57.0,43.0
1784041532.523368,405.812,1980,3201,85.0,57.0,43.0
1784041532.533368,405.812,1980,3201,85.0,57.0,43.0
1784041532.543368,405.812,1980,3201,85.0,57.0,43.0
1784041532.553369,405.812,1980,3201,85.0,57.0,43.0
1784041532.563406,405.812,1980,3201,85.0,57.0,43.0
1784041532.573371,405.812,1980,3201,85.0,57.0,43.0
1784041532.583370,405.812,1980,3201,85.0,57.0,43.0
1784041532.593361,405.812,1980,3201,85.0,57.0,43.0
1784041532.603370,405.825,1980,3201,85.0,57.0,42.0
1784041532.613371,405.825,1980,3201,85.0,57.0,42.0
1784041532.623385,405.825,1980,3201,85.0,57.0,42.0
1784041532.633373,405.825,1980,3201,85.0,57.0,42.0
1784041532.643383,405.825,1980,3201,85.0,57.0,42.0
1784041532.653418,405.825,1980,3201,85.0,57.0,42.0
1784041532.663467,405.825,1980,3201,85.0,57.0,42.0
1784041532.673375,405.825,1980,3201,85.0,57.0,42.0
1784041532.683380,405.825,1980,3201,85.0,57.0,42.0
1784041532.693373,405.825,1980,3201,85.0,57.0,42.0
1784041532.703373,405.609,1980,3201,82.0,55.0,42.0
1784041532.713496,405.609,1980,3201,82.0,55.0,42.0
1784041532.723371,405.609,1980,3201,82.0,55.0,42.0
1784041532.733372,405.609,1980,3201,82.0,55.0,42.0
1784041532.743374,405.609,1980,3201,82.0,55.0,42.0
1784041532.753372,405.609,1980,3201,82.0,55.0,42.0
1784041532.763373,405.609,1980,3201,82.0,55.0,42.0
1784041532.773376,405.609,1980,3201,82.0,55.0,42.0
1784041532.783809,405.609,1980,3201,82.0,55.0,42.0
1784041532.793375,405.609,1980,3201,82.0,55.0,42.0
1784041532.803373,405.945,1980,3201,82.0,55.0,43.0
1784041532.813373,405.945,1980,3201,82.0,55.0,43.0
1784041532.823377,405.945,1980,3201,82.0,55.0,43.0
1784041532.833470,405.945,1980,3201,82.0,55.0,43.0
1784041532.843371,405.945,1980,3201,82.0,55.0,43.0
1784041532.853372,405.945,1980,3201,82.0,55.0,43.0
1784041532.863374,405.945,1980,3201,82.0,55.0,43.0
1784041532.873373,405.945,1980,3201,82.0,55.0,43.0
1784041532.883373,405.945,1980,3201,82.0,55.0,43.0
1784041532.893372,405.945,1980,3201,82.0,55.0,43.0
1784041532.903373,405.609,1980,3201,83.0,56.0,43.0
1784041532.913374,405.609,1980,3201,83.0,56.0,43.0
1784041532.923373,405.609,1980,3201,83.0,56.0,43.0
1784041532.933373,405.609,1980,3201,83.0,56.0,43.0
1784041532.943371,405.609,1980,3201,83.0,56.0,43.0
1784041532.953423,405.609,1980,3201,83.0,56.0,43.0
1784041532.963365,405.609,1980,3201,83.0,56.0,43.0
1784041532.973365,405.609,1980,3201,83.0,56.0,43.0
1784041532.983360,405.609,1980,3201,83.0,56.0,43.0
1784041532.993365,405.609,1980,3201,83.0,56.0,43.0
1784041533.003359,405.144,1980,3201,83.0,56.0,43.0
1784041533.013365,405.144,1980,3201,83.0,56.0,43.0
1784041533.023367,405.144,1980,3201,83.0,56.0,43.0
1784041533.033368,405.144,1980,3201,83.0,56.0,43.0
1784041533.043367,405.144,1980,3201,83.0,56.0,43.0
1784041533.053359,405.144,1980,3201,83.0,56.0,43.0
1784041533.063367,405.144,1980,3201,83.0,56.0,43.0
1784041533.073590,405.144,1980,3201,83.0,56.0,43.0
1784041533.083363,405.144,1980,3201,83.0,56.0,43.0
1784041533.093363,405.144,1980,3201,83.0,56.0,43.0
1784041533.103363,405.678,1980,3201,84.0,57.0,43.0
1784041533.113362,405.678,1980,3201,84.0,57.0,43.0
1784041533.123456,405.678,1980,3201,84.0,57.0,43.0
1784041533.133363,405.678,1980,3201,84.0,57.0,43.0
1784041533.143362,405.678,1980,3201,84.0,57.0,43.0
1784041533.153672,405.678,1980,3201,84.0,57.0,43.0
1784041533.163362,405.678,1980,3201,84.0,57.0,43.0
1784041533.173361,405.678,1980,3201,84.0,57.0,43.0
1784041533.183361,405.678,1980,3201,84.0,57.0,43.0
1784041533.193361,405.678,1980,3201,84.0,57.0,43.0
1784041533.203361,407.145,1980,3201,84.0,57.0,45.0
1784041533.213362,407.145,1980,3201,84.0,57.0,45.0
1784041533.223361,407.145,1980,3201,84.0,57.0,45.0
1784041533.233361,407.145,1980,3201,84.0,57.0,45.0
1784041533.243362,407.145,1980,3201,84.0,57.0,45.0
1784041533.253361,407.145,1980,3201,84.0,57.0,45.0
1784041533.263361,407.145,1980,3201,84.0,57.0,45.0
1784041533.273361,407.145,1980,3201,84.0,57.0,45.0
1784041533.283360,407.145,1980,3201,84.0,57.0,45.0
1784041533.293360,407.145,1980,3201,84.0,57.0,45.0
1784041533.303359,405.152,1980,3201,82.0,52.0,43.0
1784041533.313359,405.152,1980,3201,82.0,52.0,43.0
1784041533.323360,405.152,1980,3201,82.0,52.0,43.0
1784041533.333360,405.152,1980,3201,82.0,52.0,43.0
1784041533.343360,405.152,1980,3201,82.0,52.0,43.0
1784041533.353451,405.152,1980,3201,82.0,52.0,43.0
1784041533.363360,405.152,1980,3201,82.0,52.0,43.0
1784041533.373440,405.152,1980,3201,82.0,52.0,43.0
1784041533.383404,405.152,1980,3201,82.0,52.0,43.0
1784041533.393368,405.152,1980,3201,82.0,52.0,43.0
1784041533.403368,404.566,1980,3201,82.0,52.0,43.0
1784041533.413368,404.566,1980,3201,82.0,52.0,43.0
1784041533.423368,404.566,1980,3201,82.0,52.0,43.0
1784041533.433367,404.566,1980,3201,82.0,52.0,43.0
1784041533.443456,404.566,1980,3201,82.0,52.0,43.0
1784041533.453368,404.566,1980,3201,82.0,52.0,43.0
1784041533.463367,404.566,1980,3201,82.0,52.0,43.0
1784041533.473401,404.566,1980,3201,82.0,52.0,43.0
1784041533.483368,404.566,1980,3201,82.0,52.0,43.0
1784041533.493369,404.566,1980,3201,82.0,52.0,43.0
1784041533.503371,405.134,1980,3201,85.0,57.0,43.0
1784041533.513370,405.134,1980,3201,85.0,57.0,43.0
1784041533.523368,405.134,1980,3201,85.0,57.0,43.0
1784041533.533391,405.134,1980,3201,85.0,57.0,43.0
1784041533.543372,405.134,1980,3201,85.0,57.0,43.0
1784041533.553806,405.134,1980,3201,85.0,57.0,43.0
1784041533.563369,405.134,1980,3201,85.0,57.0,43.0
1784041533.573370,405.134,1980,3201,85.0,57.0,43.0
1784041533.583368,405.134,1980,3201,85.0,57.0,43.0
1784041533.593367,405.134,1980,3201,85.0,57.0,43.0
1784041533.603367,405.740,1980,3201,85.0,57.0,43.0
1784041533.613369,405.740,1980,3201,85.0,57.0,43.0
1784041533.623383,405.740,1980,3201,85.0,57.0,43.0
1784041533.633368,405.740,1980,3201,85.0,57.0,43.0
1784041533.643368,405.740,1980,3201,85.0,57.0,43.0
1784041533.653368,405.740,1980,3201,85.0,57.0,43.0
1784041533.663369,405.740,1980,3201,85.0,57.0,43.0
1784041533.673369,405.740,1980,3201,85.0,57.0,43.0
1784041533.683369,405.740,1980,3201,85.0,57.0,43.0
1784041533.693404,405.740,1980,3201,85.0,57.0,43.0
1784041533.703368,405.310,1980,3201,85.0,58.0,43.0
1784041533.713768,405.310,1980,3201,85.0,58.0,43.0
1784041533.723369,405.310,1980,3201,85.0,58.0,43.0
1784041533.733370,405.310,1980,3201,85.0,58.0,43.0
1784041533.743369,405.310,1980,3201,85.0,58.0,43.0
1784041533.753369,405.310,1980,3201,85.0,58.0,43.0
1784041533.763369,405.310,1980,3201,85.0,58.0,43.0
1784041533.773369,405.310,1980,3201,85.0,58.0,43.0
1784041533.783367,405.310,1980,3201,85.0,58.0,43.0
1784041533.793369,405.310,1980,3201,85.0,58.0,43.0
1784041533.803369,406.039,1980,3201,85.0,58.0,43.0
1784041533.813369,406.039,1980,3201,85.0,58.0,43.0
1784041533.823370,406.039,1980,3201,85.0,58.0,43.0
1784041533.833369,406.039,1980,3201,85.0,58.0,43.0
1784041533.843369,406.039,1980,3201,85.0,58.0,43.0
1784041533.853466,406.039,1980,3201,85.0,58.0,43.0
1784041533.863369,406.039,1980,3201,85.0,58.0,43.0
1784041533.873370,406.039,1980,3201,85.0,58.0,43.0
1784041533.883369,406.039,1980,3201,85.0,58.0,43.0
1784041533.893366,406.039,1980,3201,85.0,58.0,43.0
1784041533.903369,406.145,1980,3201,85.0,58.0,43.0
1784041533.913412,406.145,1980,3201,85.0,58.0,43.0
1784041533.923361,406.145,1980,3201,85.0,58.0,43.0
1784041533.933366,406.145,1980,3201,85.0,58.0,43.0
1784041533.943367,406.145,1980,3201,85.0,58.0,43.0
1784041533.953369,406.145,1980,3201,85.0,58.0,43.0
1784041533.963365,406.145,1980,3201,85.0,58.0,43.0
1784041533.973366,406.145,1980,3201,85.0,58.0,43.0
1784041533.983401,406.145,1980,3201,85.0,58.0,43.0
1784041533.993378,406.145,1980,3201,85.0,58.0,43.0
1784041534.003366,406.033,1980,3201,85.0,58.0,43.0
1784041534.013366,406.033,1980,3201,85.0,58.0,43.0
1784041534.023367,406.033,1980,3201,85.0,58.0,43.0
1784041534.033401,406.033,1980,3201,85.0,58.0,43.0
1784041534.043366,406.033,1980,3201,85.0,58.0,43.0
1784041534.053360,406.033,1980,3201,85.0,58.0,43.0
1784041534.063366,406.033,1980,3201,85.0,58.0,43.0
1784041534.073419,406.033,1980,3201,85.0,58.0,43.0
1784041534.083366,406.033,1980,3201,85.0,58.0,43.0
1784041534.093366,406.033,1980,3201,85.0,58.0,43.0
1784041534.103370,410.931,1980,3201,84.0,57.0,42.0
1784041534.113366,410.931,1980,3201,84.0,57.0,42.0
1784041534.123379,410.931,1980,3201,84.0,57.0,42.0
1784041534.133366,410.931,1980,3201,84.0,57.0,42.0
1784041534.143367,410.931,1980,3201,84.0,57.0,42.0
1784041534.153371,410.931,1980,3201,84.0,57.0,42.0
1784041534.163801,410.931,1980,3201,84.0,57.0,42.0
1784041534.173366,410.931,1980,3201,84.0,57.0,42.0
1784041534.183394,410.931,1980,3201,84.0,57.0,42.0
1784041534.193368,410.931,1980,3201,84.0,57.0,42.0
1784041534.203367,408.359,1980,3201,84.0,57.0,43.0
1784041534.213367,408.359,1980,3201,84.0,57.0,43.0
1784041534.223368,408.359,1980,3201,84.0,57.0,43.0
1784041534.233367,408.359,1980,3201,84.0,57.0,43.0
1784041534.243369,408.359,1980,3201,84.0,57.0,43.0
1784041534.253384,408.359,1980,3201,84.0,57.0,43.0
1784041534.263367,408.359,1980,3201,84.0,57.0,43.0
1784041534.273382,408.359,1980,3201,84.0,57.0,43.0
1784041534.283368,408.359,1980,3201,84.0,57.0,43.0
1784041534.293370,408.359,1980,3201,84.0,57.0,43.0
1784041534.303386,408.109,1980,3201,84.0,56.0,43.0
1784041534.313368,408.109,1980,3201,84.0,56.0,43.0
1784041534.323381,408.109,1980,3201,84.0,56.0,43.0
1784041534.333366,408.109,1980,3201,84.0,56.0,43.0
1784041534.343462,408.109,1980,3201,84.0,56.0,43.0
1784041534.353366,408.109,1980,3201,84.0,56.0,43.0
1784041534.363368,408.109,1980,3201,84.0,56.0,43.0
1784041534.373367,408.109,1980,3201,84.0,56.0,43.0
1784041534.383367,408.109,1980,3201,84.0,56.0,43.0
1784041534.393368,408.109,1980,3201,84.0,56.0,43.0
1784041534.403367,407.870,1980,3201,84.0,56.0,43.0
1784041534.413369,407.870,1980,3201,84.0,56.0,43.0
1784041534.423367,407.870,1980,3201,84.0,56.0,43.0
1784041534.433429,407.870,1980,3201,84.0,56.0,43.0
1784041534.443366,407.870,1980,3201,84.0,56.0,43.0
1784041534.453363,407.870,1980,3201,84.0,56.0,43.0
1784041534.463363,407.870,1980,3201,84.0,56.0,43.0
1784041534.473362,407.870,1980,3201,84.0,56.0,43.0
1784041534.483363,407.870,1980,3201,84.0,56.0,43.0
1784041534.493363,407.870,1980,3201,84.0,56.0,43.0
1784041534.503356,408.203,1980,3201,85.0,57.0,43.0
1784041534.513363,408.203,1980,3201,85.0,57.0,43.0
1784041534.523566,408.203,1980,3201,85.0,57.0,43.0
1784041534.533363,408.203,1980,3201,85.0,57.0,43.0
1784041534.543364,408.203,1980,3201,85.0,57.0,43.0
1784041534.553364,408.203,1980,3201,85.0,57.0,43.0
1784041534.563364,408.203,1980,3201,85.0,57.0,43.0
1784041534.573364,408.203,1980,3201,85.0,57.0,43.0
1784041534.583365,408.203,1980,3201,85.0,57.0,43.0
1784041534.593357,408.203,1980,3201,85.0,57.0,43.0
1784041534.603364,407.689,1980,3201,85.0,57.0,43.0
1784041534.613365,407.689,1980,3201,85.0,57.0,43.0
1784041534.623366,407.689,1980,3201,85.0,57.0,43.0
1784041534.633391,407.689,1980,3201,85.0,57.0,43.0
1784041534.643371,407.689,1980,3201,85.0,57.0,43.0
1784041534.653368,407.689,1980,3201,85.0,57.0,43.0
1784041534.663366,407.689,1980,3201,85.0,57.0,43.0
1784041534.673366,407.689,1980,3201,85.0,57.0,43.0
1784041534.683365,407.689,1980,3201,85.0,57.0,43.0
1784041534.693366,407.689,1980,3201,85.0,57.0,43.0
1784041534.703367,407.747,1980,3201,84.0,57.0,43.0
1784041534.713367,407.747,1980,3201,84.0,57.0,43.0
1784041534.723365,407.747,1980,3201,84.0,57.0,43.0
1784041534.733869,407.747,1980,3201,84.0,57.0,43.0
1784041534.743362,407.747,1980,3201,84.0,57.0,43.0
1784041534.753363,407.747,1980,3201,84.0,57.0,43.0
1784041534.763363,407.747,1980,3201,84.0,57.0,43.0
1784041534.773365,407.747,1980,3201,84.0,57.0,43.0
1784041534.783364,407.747,1980,3201,84.0,57.0,43.0
1784041534.793362,407.747,1980,3201,84.0,57.0,43.0
1784041534.803583,407.228,1980,3201,84.0,57.0,43.0
1784041534.813365,407.228,1980,3201,84.0,57.0,43.0
1784041534.823362,407.228,1980,3201,84.0,57.0,43.0
1784041534.833363,407.228,1980,3201,84.0,57.0,43.0
1784041534.843363,407.228,1980,3201,84.0,57.0,43.0
1784041534.853364,407.228,1980,3201,84.0,57.0,43.0
1784041534.863362,407.228,1980,3201,84.0,57.0,43.0
1784041534.873362,407.228,1980,3201,84.0,57.0,43.0
1784041534.883363,407.228,1980,3201,84.0,57.0,43.0
1784041534.893361,407.228,1980,3201,84.0,57.0,43.0
1784041534.903363,407.842,1980,3201,84.0,57.0,43.0
1784041534.913362,407.842,1980,3201,84.0,57.0,43.0
1784041534.923474,407.842,1980,3201,84.0,57.0,43.0
1784041534.933363,407.842,1980,3201,84.0,57.0,43.0
1784041534.943361,407.842,1980,3201,84.0,57.0,43.0
1784041534.953363,407.842,1980,3201,84.0,57.0,43.0
1784041534.963372,407.842,1980,3201,84.0,57.0,43.0
1784041534.973366,407.842,1980,3201,84.0,57.0,43.0
1784041534.983412,407.842,1980,3201,84.0,57.0,43.0
1784041534.993370,407.842,1980,3201,84.0,57.0,43.0
1784041535.003368,410.654,1980,3201,84.0,57.0,43.0
1784041535.013370,410.654,1980,3201,84.0,57.0,43.0
1784041535.023366,410.654,1980,3201,84.0,57.0,43.0
1784041535.033370,410.654,1980,3201,84.0,57.0,43.0
1784041535.043366,410.654,1980,3201,84.0,57.0,43.0
1784041535.053699,410.654,1980,3201,84.0,57.0,43.0
1784041535.063367,410.654,1980,3201,84.0,57.0,43.0
1784041535.073368,410.654,1980,3201,84.0,57.0,43.0
1784041535.083366,410.654,1980,3201,84.0,57.0,43.0
1784041535.093363,410.654,1980,3201,84.0,57.0,43.0
1784041535.103366,405.604,1980,3201,80.0,51.0,43.0
1784041535.113362,405.604,1980,3201,80.0,51.0,43.0
1784041535.123463,405.604,1980,3201,80.0,51.0,43.0
1784041535.133363,405.604,1980,3201,80.0,51.0,43.0
1784041535.143360,405.604,1980,3201,80.0,51.0,43.0
1784041535.153364,405.604,1980,3201,80.0,51.0,43.0
1784041535.163362,405.604,1980,3201,80.0,51.0,43.0
1784041535.173362,405.604,1980,3201,80.0,51.0,43.0
1784041535.183365,405.604,1980,3201,80.0,51.0,43.0
1784041535.193363,405.604,1980,3201,80.0,51.0,43.0
1784041535.203363,405.582,1980,3201,80.0,51.0,43.0
1784041535.213363,405.582,1980,3201,80.0,51.0,43.0
1784041535.223361,405.582,1980,3201,80.0,51.0,43.0
1784041535.233610,405.582,1980,3201,80.0,51.0,43.0
1784041535.243362,405.582,1980,3201,80.0,51.0,43.0
1784041535.253361,405.582,1980,3201,80.0,51.0,43.0
1784041535.263360,405.582,1980,3201,80.0,51.0,43.0
1784041535.273359,405.582,1980,3201,80.0,51.0,43.0
1784041535.283361,405.582,1980,3201,80.0,51.0,43.0
1784041535.293361,405.582,1980,3201,80.0,51.0,43.0
1784041535.303360,405.925,1980,3201,85.0,57.0,43.0
1784041535.313361,405.925,1980,3201,85.0,57.0,43.0
1784041535.323430,405.925,1980,3201,85.0,57.0,43.0
1784041535.333360,405.925,1980,3201,85.0,57.0,43.0
1784041535.343359,405.925,1980,3201,85.0,57.0,43.0
1784041535.353359,405.925,1980,3201,85.0,57.0,43.0
1784041535.363360,405.925,1980,3201,85.0,57.0,43.0
1784041535.373359,405.925,1980,3201,85.0,57.0,43.0
1784041535.383358,405.925,1980,3201,85.0,57.0,43.0
1784041535.393433,405.925,1980,3201,85.0,57.0,43.0
1784041535.403368,406.206,1980,3201,85.0,57.0,43.0
1784041535.413367,406.206,1980,3201,85.0,57.0,43.0
1784041535.423367,406.206,1980,3201,85.0,57.0,43.0
1784041535.433621,406.206,1980,3201,85.0,57.0,43.0
1784041535.443366,406.206,1980,3201,85.0,57.0,43.0
1784041535.453399,406.206,1980,3201,85.0,57.0,43.0
1784041535.463366,406.206,1980,3201,85.0,57.0,43.0
1784041535.473366,406.206,1980,3201,85.0,57.0,43.0
1784041535.483368,406.206,1980,3201,85.0,57.0,43.0
1784041535.493367,406.206,1980,3201,85.0,57.0,43.0
1784041535.503369,406.958,1980,3201,85.0,57.0,43.0
1784041535.513366,406.958,1980,3201,85.0,57.0,43.0
1784041535.523475,406.958,1980,3201,85.0,57.0,43.0
1784041535.533413,406.958,1980,3201,85.0,57.0,43.0
1784041535.543427,406.958,1980,3201,85.0,57.0,43.0
1784041535.553368,406.958,1980,3201,85.0,57.0,43.0
1784041535.563367,406.958,1980,3201,85.0,57.0,43.0
1784041535.573368,406.958,1980,3201,85.0,57.0,43.0
1784041535.583368,406.958,1980,3201,85.0,57.0,43.0
1784041535.593368,406.958,1980,3201,85.0,57.0,43.0
1784041535.603368,407.082,1980,3201,85.0,57.0,43.0
1784041535.613382,407.082,1980,3201,85.0,57.0,43.0
1784041535.623370,407.082,1980,3201,85.0,57.0,43.0
1784041535.633375,407.082,1980,3201,85.0,57.0,43.0
1784041535.643370,407.082,1980,3201,85.0,57.0,43.0
1784041535.653370,407.082,1980,3201,85.0,57.0,43.0
1784041535.663370,407.082,1980,3201,85.0,57.0,43.0
1784041535.673373,407.082,1980,3201,85.0,57.0,43.0
1784041535.683393,407.082,1980,3201,85.0,57.0,43.0
1784041535.693372,407.082,1980,3201,85.0,57.0,43.0
1784041535.703372,407.992,1980,3201,84.0,57.0,43.0
1784041535.713373,407.992,1980,3201,84.0,57.0,43.0
1784041535.723373,407.992,1980,3201,84.0,57.0,43.0
1784041535.733372,407.992,1980,3201,84.0,57.0,43.0
1784041535.743374,407.992,1980,3201,84.0,57.0,43.0
1784041535.753372,407.992,1980,3201,84.0,57.0,43.0
1784041535.763373,407.992,1980,3201,84.0,57.0,43.0
1784041535.773386,407.992,1980,3201,84.0,57.0,43.0
1784041535.783374,407.992,1980,3201,84.0,57.0,43.0
1784041535.793375,407.992,1980,3201,84.0,57.0,43.0
1784041535.803689,408.191,1980,3201,84.0,57.0,43.0
1784041535.813372,408.191,1980,3201,84.0,57.0,43.0
1784041535.823374,408.191,1980,3201,84.0,57.0,43.0
1784041535.833372,408.191,1980,3201,84.0,57.0,43.0
1784041535.843374,408.191,1980,3201,84.0,57.0,43.0
1784041535.853361,408.191,1980,3201,84.0,57.0,43.0
1784041535.863367,408.191,1980,3201,84.0,57.0,43.0
1784041535.873361,408.191,1980,3201,84.0,57.0,43.0
1784041535.883364,408.191,1980,3201,84.0,57.0,43.0
1784041535.893357,408.191,1980,3201,84.0,57.0,43.0
1784041535.903363,411.126,1980,3201,84.0,57.0,43.0
1784041535.913738,411.126,1980,3201,84.0,57.0,43.0
1784041535.923363,411.126,1980,3201,84.0,57.0,43.0
1784041535.933363,411.126,1980,3201,84.0,57.0,43.0
1784041535.943364,411.126,1980,3201,84.0,57.0,43.0
1784041535.953364,411.126,1980,3201,84.0,57.0,43.0
1784041535.963363,411.126,1980,3201,84.0,57.0,43.0
1784041535.973364,411.126,1980,3201,84.0,57.0,43.0
1784041535.983357,411.126,1980,3201,84.0,57.0,43.0
1784041535.993363,411.126,1980,3201,84.0,57.0,43.0
1784041536.003597,409.379,1980,3201,84.0,57.0,43.0
1784041536.013363,409.379,1980,3201,84.0,57.0,43.0
1784041536.023363,409.379,1980,3201,84.0,57.0,43.0
1784041536.033363,409.379,1980,3201,84.0,57.0,43.0
1784041536.043363,409.379,1980,3201,84.0,57.0,43.0
1784041536.053364,409.379,1980,3201,84.0,57.0,43.0
1784041536.063363,409.379,1980,3201,84.0,57.0,43.0
1784041536.073363,409.379,1980,3201,84.0,57.0,43.0
1784041536.083334,409.379,1980,3201,84.0,57.0,43.0
1784041536.093365,409.379,1980,3201,84.0,57.0,43.0
1784041536.103367,408.779,1980,3201,85.0,57.0,43.0
1784041536.113366,408.779,1980,3201,85.0,57.0,43.0
1784041536.123368,408.779,1980,3201,85.0,57.0,43.0
1784041536.133367,408.779,1980,3201,85.0,57.0,43.0
1784041536.143368,408.779,1980,3201,85.0,57.0,43.0
1784041536.153365,408.779,1980,3201,85.0,57.0,43.0
1784041536.163425,408.779,1980,3201,85.0,57.0,43.0
1784041536.173368,408.779,1980,3201,85.0,57.0,43.0
1784041536.183366,408.779,1980,3201,85.0,57.0,43.0
1784041536.193365,408.779,1980,3201,85.0,57.0,43.0
1784041536.203364,408.342,1980,3201,85.0,57.0,43.0
1784041536.213367,408.342,1980,3201,85.0,57.0,43.0
1784041536.223364,408.342,1980,3201,85.0,57.0,43.0
1784041536.233368,408.342,1980,3201,85.0,57.0,43.0
1784041536.243365,408.342,1980,3201,85.0,57.0,43.0
1784041536.253741,408.342,1980,3201,85.0,57.0,43.0
1784041536.263367,408.342,1980,3201,85.0,57.0,43.0
1784041536.273365,408.342,1980,3201,85.0,57.0,43.0
1784041536.283366,408.342,1980,3201,85.0,57.0,43.0
1784041536.293365,408.342,1980,3201,85.0,57.0,43.0
1784041536.303368,408.255,1980,3201,84.0,57.0,43.0
1784041536.313364,408.255,1980,3201,84.0,57.0,43.0
1784041536.323717,408.255,1980,3201,84.0,57.0,43.0
1784041536.333366,408.255,1980,3201,84.0,57.0,43.0
1784041536.343367,408.255,1980,3201,84.0,57.0,43.0
1784041536.353364,408.255,1980,3201,84.0,57.0,43.0
1784041536.363365,408.255,1980,3201,84.0,57.0,43.0
1784041536.373368,408.255,1980,3201,84.0,57.0,43.0
1784041536.383366,408.255,1980,3201,84.0,57.0,43.0
1784041536.393437,408.255,1980,3201,84.0,57.0,43.0
1784041536.403366,407.899,1980,3201,84.0,57.0,43.0
1784041536.413364,407.899,1980,3201,84.0,57.0,43.0
1784041536.423365,407.899,1980,3201,84.0,57.0,43.0
1784041536.433364,407.899,1980,3201,84.0,57.0,43.0
1784041536.443363,407.899,1980,3201,84.0,57.0,43.0
1784041536.453363,407.899,1980,3201,84.0,57.0,43.0
1784041536.463720,407.899,1980,3201,84.0,57.0,43.0
1784041536.473362,407.899,1980,3201,84.0,57.0,43.0
1784041536.483363,407.899,1980,3201,84.0,57.0,43.0
1784041536.493363,407.899,1980,3201,84.0,57.0,43.0
1784041536.503363,407.079,1980,3201,84.0,57.0,43.0
1784041536.513362,407.079,1980,3201,84.0,57.0,43.0
1784041536.523363,407.079,1980,3201,84.0,57.0,43.0
1784041536.533432,407.079,1980,3201,84.0,57.0,43.0
1784041536.543363,407.079,1980,3201,84.0,57.0,43.0
1784041536.553361,407.079,1980,3201,84.0,57.0,43.0
1784041536.563362,407.079,1980,3201,84.0,57.0,43.0
1784041536.573361,407.079,1980,3201,84.0,57.0,43.0
1784041536.583362,407.079,1980,3201,84.0,57.0,43.0
1784041536.593362,407.079,1980,3201,84.0,57.0,43.0
1784041536.603647,407.229,1980,3201,84.0,57.0,43.0
1784041536.613451,407.229,1980,3201,84.0,57.0,43.0
1784041536.623372,407.229,1980,3201,84.0,57.0,43.0
1784041536.633371,407.229,1980,3201,84.0,57.0,43.0
1784041536.643407,407.229,1980,3201,84.0,57.0,43.0
1784041536.653610,407.229,1980,3201,84.0,57.0,43.0
1784041536.663372,407.229,1980,3201,84.0,57.0,43.0
1784041536.673372,407.229,1980,3201,84.0,57.0,43.0
1784041536.683372,407.229,1980,3201,84.0,57.0,43.0
1784041536.693372,407.229,1980,3201,84.0,57.0,43.0
1784041536.703363,406.158,1980,3201,84.0,57.0,43.0
1784041536.713371,406.158,1980,3201,84.0,57.0,43.0
1784041536.723373,406.158,1980,3201,84.0,57.0,43.0
1784041536.733373,406.158,1980,3201,84.0,57.0,43.0
1784041536.743371,406.158,1980,3201,84.0,57.0,43.0
1784041536.753362,406.158,1980,3201,84.0,57.0,43.0
1784041536.763360,406.158,1980,3201,84.0,57.0,43.0
1784041536.773366,406.158,1980,3201,84.0,57.0,43.0
1784041536.783367,406.158,1980,3201,84.0,57.0,43.0
1784041536.793367,406.158,1980,3201,84.0,57.0,43.0
1784041536.803367,407.273,1980,3201,84.0,57.0,43.0
1784041536.813367,407.273,1980,3201,84.0,57.0,43.0
1784041536.823366,407.273,1980,3201,84.0,57.0,43.0
1784041536.833366,407.273,1980,3201,84.0,57.0,43.0
1784041536.843367,407.273,1980,3201,84.0,57.0,43.0
1784041536.853376,407.273,1980,3201,84.0,57.0,43.0
1784041536.863370,407.273,1980,3201,84.0,57.0,43.0
1784041536.873455,407.273,1980,3201,84.0,57.0,43.0
1784041536.883431,407.273,1980,3201,84.0,57.0,43.0
1784041536.893396,407.273,1980,3201,84.0,57.0,43.0
1784041536.903388,404.799,1980,3201,81.0,52.0,44.0
1784041536.913412,404.799,1980,3201,81.0,52.0,44.0
1784041536.923366,404.799,1980,3201,81.0,52.0,44.0
1784041536.933366,404.799,1980,3201,81.0,52.0,44.0
1784041536.943357,404.799,1980,3201,81.0,52.0,44.0
1784041536.953368,404.799,1980,3201,81.0,52.0,44.0
1784041536.963389,404.799,1980,3201,81.0,52.0,44.0
1784041536.973366,404.799,1980,3201,81.0,52.0,44.0
1784041536.983363,404.799,1980,3201,81.0,52.0,44.0
1784041536.993360,404.799,1980,3201,81.0,52.0,44.0
1784041537.003366,404.605,1980,3201,81.0,52.0,43.0
1784041537.013365,404.605,1980,3201,81.0,52.0,43.0
1784041537.023365,404.605,1980,3201,81.0,52.0,43.0
1784041537.033366,404.605,1980,3201,81.0,52.0,43.0
1784041537.043364,404.605,1980,3201,81.0,52.0,43.0
1784041537.053366,404.605,1980,3201,81.0,52.0,43.0
1784041537.063365,404.605,1980,3201,81.0,52.0,43.0
1784041537.073364,404.605,1980,3201,81.0,52.0,43.0
1784041537.083366,404.605,1980,3201,81.0,52.0,43.0
1784041537.093366,404.605,1980,3201,81.0,52.0,43.0
1784041537.103368,405.290,1980,3201,85.0,57.0,43.0
1784041537.113366,405.290,1980,3201,85.0,57.0,43.0
1784041537.123368,405.290,1980,3201,85.0,57.0,43.0
1784041537.133366,405.290,1980,3201,85.0,57.0,43.0
1784041537.143482,405.290,1980,3201,85.0,57.0,43.0
1784041537.153366,405.290,1980,3201,85.0,57.0,43.0
1784041537.163362,405.290,1980,3201,85.0,57.0,43.0
1784041537.173364,405.290,1980,3201,85.0,57.0,43.0
1784041537.183364,405.290,1980,3201,85.0,57.0,43.0
1784041537.193366,405.290,1980,3201,85.0,57.0,43.0
1784041537.203364,405.345,1980,3201,85.0,57.0,43.0
1784041537.213367,405.345,1980,3201,85.0,57.0,43.0
1784041537.223364,405.345,1980,3201,85.0,57.0,43.0
1784041537.233368,405.345,1980,3201,85.0,57.0,43.0
1784041537.243364,405.345,1980,3201,85.0,57.0,43.0
1784041537.253362,405.345,1980,3201,85.0,57.0,43.0
1784041537.263365,405.345,1980,3201,85.0,57.0,43.0
1784041537.273369,405.345,1980,3201,85.0,57.0,43.0
1784041537.283365,405.345,1980,3201,85.0,57.0,43.0
1784041537.293366,405.345,1980,3201,85.0,57.0,43.0
1784041537.303367,405.537,1980,3201,84.0,57.0,43.0
1784041537.313364,405.537,1980,3201,84.0,57.0,43.0
1784041537.323367,405.537,1980,3201,84.0,57.0,43.0
1784041537.333365,405.537,1980,3201,84.0,57.0,43.0
1784041537.343365,405.537,1980,3201,84.0,57.0,43.0
1784041537.353369,405.537,1980,3201,84.0,57.0,43.0
1784041537.363369,405.537,1980,3201,84.0,57.0,43.0
1784041537.373370,405.537,1980,3201,84.0,57.0,43.0
1784041537.383366,405.537,1980,3201,84.0,57.0,43.0
1784041537.393368,405.537,1980,3201,84.0,57.0,43.0
1784041537.403368,405.430,1980,3201,84.0,57.0,43.0
1784041537.413366,405.430,1980,3201,84.0,57.0,43.0
1784041537.423370,405.430,1980,3201,84.0,57.0,43.0
1784041537.433368,405.430,1980,3201,84.0,57.0,43.0
1784041537.443372,405.430,1980,3201,84.0,57.0,43.0
1784041537.453370,405.430,1980,3201,84.0,57.0,43.0
1784041537.463371,405.430,1980,3201,84.0,57.0,43.0
1784041537.473369,405.430,1980,3201,84.0,57.0,43.0
1784041537.483370,405.430,1980,3201,84.0,57.0,43.0
1784041537.493370,405.430,1980,3201,84.0,57.0,43.0
1784041537.503368,405.475,1980,3201,84.0,57.0,43.0
1784041537.513371,405.475,1980,3201,84.0,57.0,43.0
1784041537.523369,405.475,1980,3201,84.0,57.0,43.0
1784041537.533369,405.475,1980,3201,84.0,57.0,43.0
1784041537.543370,405.475,1980,3201,84.0,57.0,43.0
1784041537.553370,405.475,1980,3201,84.0,57.0,43.0
1784041537.563371,405.475,1980,3201,84.0,57.0,43.0
1784041537.573365,405.475,1980,3201,84.0,57.0,43.0
1784041537.583419,405.475,1980,3201,84.0,57.0,43.0
1784041537.593364,405.475,1980,3201,84.0,57.0,43.0
1784041537.603366,405.870,1980,3201,84.0,57.0,43.0
1784041537.613365,405.870,1980,3201,84.0,57.0,43.0
1784041537.623363,405.870,1980,3201,84.0,57.0,43.0
1784041537.633366,405.870,1980,3201,84.0,57.0,43.0
1784041537.643363,405.870,1980,3201,84.0,57.0,43.0
1784041537.653367,405.870,1980,3201,84.0,57.0,43.0
1784041537.663363,405.870,1980,3201,84.0,57.0,43.0
1784041537.673362,405.870,1980,3201,84.0,57.0,43.0
1784041537.683363,405.870,1980,3201,84.0,57.0,43.0
1784041537.693365,405.870,1980,3201,84.0,57.0,43.0
1784041537.703363,408.649,1980,3201,84.0,57.0,43.0
1784041537.713364,408.649,1980,3201,84.0,57.0,43.0
1784041537.723363,408.649,1980,3201,84.0,57.0,43.0
1784041537.733366,408.649,1980,3201,84.0,57.0,43.0
1784041537.743362,408.649,1980,3201,84.0,57.0,43.0
1784041537.753418,408.649,1980,3201,84.0,57.0,43.0
1784041537.763364,408.649,1980,3201,84.0,57.0,43.0
1784041537.773362,408.649,1980,3201,84.0,57.0,43.0
1784041537.783361,408.649,1980,3201,84.0,57.0,43.0
1784041537.793360,408.649,1980,3201,84.0,57.0,43.0
1784041537.803360,410.748,1980,3201,84.0,57.0,44.0
1784041537.813363,410.748,1980,3201,84.0,57.0,44.0
1784041537.823363,410.748,1980,3201,84.0,57.0,44.0
1784041537.833361,410.748,1980,3201,84.0,57.0,44.0
1784041537.843363,410.748,1980,3201,84.0,57.0,44.0
1784041537.853362,410.748,1980,3201,84.0,57.0,44.0
1784041537.863361,410.748,1980,3201,84.0,57.0,44.0
1784041537.873363,410.748,1980,3201,84.0,57.0,44.0
1784041537.883361,410.748,1980,3201,84.0,57.0,44.0
1784041537.893361,410.748,1980,3201,84.0,57.0,44.0
1784041537.903360,408.149,1980,3201,85.0,57.0,43.0
1784041537.913360,408.149,1980,3201,85.0,57.0,43.0
1784041537.923359,408.149,1980,3201,85.0,57.0,43.0
1784041537.933361,408.149,1980,3201,85.0,57.0,43.0
1784041537.943361,408.149,1980,3201,85.0,57.0,43.0
1784041537.953359,408.149,1980,3201,85.0,57.0,43.0
1784041537.963359,408.149,1980,3201,85.0,57.0,43.0
1784041537.973359,408.149,1980,3201,85.0,57.0,43.0
1784041537.983453,408.149,1980,3201,85.0,57.0,43.0
1784041537.993367,408.149,1980,3201,85.0,57.0,43.0
1784041538.003367,407.527,1980,3201,85.0,57.0,43.0
1784041538.013367,407.527,1980,3201,85.0,57.0,43.0
1784041538.023356,407.527,1980,3201,85.0,57.0,43.0
1784041538.033367,407.527,1980,3201,85.0,57.0,43.0
1784041538.043361,407.527,1980,3201,85.0,57.0,43.0
1784041538.053424,407.527,1980,3201,85.0,57.0,43.0
1784041538.063367,407.527,1980,3201,85.0,57.0,43.0
1784041538.073368,407.527,1980,3201,85.0,57.0,43.0
1784041538.083369,407.527,1980,3201,85.0,57.0,43.0
1784041538.093369,407.527,1980,3201,85.0,57.0,43.0
1784041538.103369,406.874,1980,3201,86.0,57.0,43.0
1784041538.113358,406.874,1980,3201,86.0,57.0,43.0
1784041538.123368,406.874,1980,3201,86.0,57.0,43.0
1784041538.133368,406.874,1980,3201,86.0,57.0,43.0
1784041538.143369,406.874,1980,3201,86.0,57.0,43.0
1784041538.153368,406.874,1980,3201,86.0,57.0,43.0
1784041538.163369,406.874,1980,3201,86.0,57.0,43.0
1784041538.173369,406.874,1980,3201,86.0,57.0,43.0
1784041538.183369,406.874,1980,3201,86.0,57.0,43.0
1784041538.193372,406.874,1980,3201,86.0,57.0,43.0
1784041538.203438,407.068,1980,3201,86.0,57.0,43.0
1784041538.213370,407.068,1980,3201,86.0,57.0,43.0
1784041538.223395,407.068,1980,3201,86.0,57.0,43.0
1784041538.233369,407.068,1980,3201,86.0,57.0,43.0
1784041538.243369,407.068,1980,3201,86.0,57.0,43.0
1784041538.253361,407.068,1980,3201,86.0,57.0,43.0
1784041538.263368,407.068,1980,3201,86.0,57.0,43.0
1784041538.273376,407.068,1980,3201,86.0,57.0,43.0
1784041538.283369,407.068,1980,3201,86.0,57.0,43.0
1784041538.293370,407.068,1980,3201,86.0,57.0,43.0
1784041538.303368,407.114,1980,3201,85.0,57.0,43.0
1784041538.313369,407.114,1980,3201,85.0,57.0,43.0
1784041538.323367,407.114,1980,3201,85.0,57.0,43.0
1784041538.333367,407.114,1980,3201,85.0,57.0,43.0
1784041538.343359,407.114,1980,3201,85.0,57.0,43.0
1784041538.353367,407.114,1980,3201,85.0,57.0,43.0
1784041538.363473,407.114,1980,3201,85.0,57.0,43.0
1784041538.373374,407.114,1980,3201,85.0,57.0,43.0
1784041538.383368,407.114,1980,3201,85.0,57.0,43.0
1784041538.393367,407.114,1980,3201,85.0,57.0,43.0
1784041538.403367,407.722,1980,3201,85.0,57.0,43.0
1784041538.413367,407.722,1980,3201,85.0,57.0,43.0
1784041538.423368,407.722,1980,3201,85.0,57.0,43.0
1784041538.433361,407.722,1980,3201,85.0,57.0,43.0
1784041538.443367,407.722,1980,3201,85.0,57.0,43.0
1784041538.453368,407.722,1980,3201,85.0,57.0,43.0
1784041538.463367,407.722,1980,3201,85.0,57.0,43.0
1784041538.473369,407.722,1980,3201,85.0,57.0,43.0
1784041538.483368,407.722,1980,3201,85.0,57.0,43.0
1784041538.493368,407.722,1980,3201,85.0,57.0,43.0
1784041538.503370,408.130,1980,3201,85.0,58.0,43.0
1784041538.513368,408.130,1980,3201,85.0,58.0,43.0
1784041538.523440,408.130,1980,3201,85.0,58.0,43.0
1784041538.533369,408.130,1980,3201,85.0,58.0,43.0
1784041538.543369,408.130,1980,3201,85.0,58.0,43.0
1784041538.553371,408.130,1980,3201,85.0,58.0,43.0
1784041538.563375,408.130,1980,3201,85.0,58.0,43.0
1784041538.573745,408.130,1980,3201,85.0,58.0,43.0
1784041538.583371,408.130,1980,3201,85.0,58.0,43.0
1784041538.593371,408.130,1980,3201,85.0,58.0,43.0
1784041538.603371,410.978,1980,3201,85.0,58.0,43.0
1784041538.613372,410.978,1980,3201,85.0,58.0,43.0
1784041538.623372,410.978,1980,3201,85.0,58.0,43.0
1784041538.633393,410.978,1980,3201,85.0,58.0,43.0
1784041538.643372,410.978,1980,3201,85.0,58.0,43.0
1784041538.653371,410.978,1980,3201,85.0,58.0,43.0
1784041538.663372,410.978,1980,3201,85.0,58.0,43.0
1784041538.673373,410.978,1980,3201,85.0,58.0,43.0
1784041538.683372,410.978,1980,3201,85.0,58.0,43.0
1784041538.693371,410.978,1980,3201,85.0,58.0,43.0
1784041538.703791,413.757,1980,3201,80.0,52.0,44.0
1784041538.713362,413.757,1980,3201,80.0,52.0,44.0
1784041538.723364,413.757,1980,3201,80.0,52.0,44.0
1784041538.733418,413.757,1980,3201,80.0,52.0,44.0
1784041538.743367,413.757,1980,3201,80.0,52.0,44.0
1784041538.753358,413.757,1980,3201,80.0,52.0,44.0
1784041538.763364,413.757,1980,3201,80.0,52.0,44.0
1784041538.773538,413.757,1980,3201,80.0,52.0,44.0
1784041538.783364,413.757,1980,3201,80.0,52.0,44.0
1784041538.793364,413.757,1980,3201,80.0,52.0,44.0
1784041538.803359,408.650,1980,3201,80.0,52.0,44.0
1784041538.813364,408.650,1980,3201,80.0,52.0,44.0
1784041538.823361,408.650,1980,3201,80.0,52.0,44.0
1784041538.833362,408.650,1980,3201,80.0,52.0,44.0
1784041538.843355,408.650,1980,3201,80.0,52.0,44.0
1784041538.853363,408.650,1980,3201,80.0,52.0,44.0
1784041538.863397,408.650,1980,3201,80.0,52.0,44.0
1784041538.873362,408.650,1980,3201,80.0,52.0,44.0
1784041538.883363,408.650,1980,3201,80.0,52.0,44.0
1784041538.893363,408.650,1980,3201,80.0,52.0,44.0
1784041538.903363,408.888,1980,3201,85.0,57.0,43.0
1784041538.913362,408.888,1980,3201,85.0,57.0,43.0
1784041538.923362,408.888,1980,3201,85.0,57.0,43.0
1784041538.933359,408.888,1980,3201,85.0,57.0,43.0
1784041538.943363,408.888,1980,3201,85.0,57.0,43.0
1784041538.953368,408.888,1980,3201,85.0,57.0,43.0
1784041538.963365,408.888,1980,3201,85.0,57.0,43.0
1784041538.973688,408.888,1980,3201,85.0,57.0,43.0
1784041538.983363,408.888,1980,3201,85.0,57.0,43.0
1784041538.993362,408.888,1980,3201,85.0,57.0,43.0
1784041539.003361,408.850,1980,3201,85.0,57.0,43.0
1784041539.013361,408.850,1980,3201,85.0,57.0,43.0
1784041539.023360,408.850,1980,3201,85.0,57.0,43.0
1784041539.033361,408.850,1980,3201,85.0,57.0,43.0
1784041539.043361,408.850,1980,3201,85.0,57.0,43.0
1784041539.053360,408.850,1980,3201,85.0,57.0,43.0
1784041539.063656,408.850,1980,3201,85.0,57.0,43.0
1784041539.073363,408.850,1980,3201,85.0,57.0,43.0
1784041539.083361,408.850,1980,3201,85.0,57.0,43.0
1784041539.093361,408.850,1980,3201,85.0,57.0,43.0
1784041539.103359,408.798,1980,3201,85.0,57.0,43.0
1784041539.113360,408.798,1980,3201,85.0,57.0,43.0
1784041539.123359,408.798,1980,3201,85.0,57.0,43.0
1784041539.133360,408.798,1980,3201,85.0,57.0,43.0
1784041539.143360,408.798,1980,3201,85.0,57.0,43.0
1784041539.153619,408.798,1980,3201,85.0,57.0,43.0
1784041539.163430,408.798,1980,3201,85.0,57.0,43.0
1784041539.173375,408.798,1980,3201,85.0,57.0,43.0
1784041539.183369,408.798,1980,3201,85.0,57.0,43.0
1784041539.193367,408.798,1980,3201,85.0,57.0,43.0
1784041539.203368,408.975,1980,3201,85.0,57.0,44.0
1784041539.213367,408.975,1980,3201,85.0,57.0,44.0
1784041539.223368,408.975,1980,3201,85.0,57.0,44.0
1784041539.233368,408.975,1980,3201,85.0,57.0,44.0
1784041539.243736,408.975,1980,3201,85.0,57.0,44.0
1784041539.253369,408.975,1980,3201,85.0,57.0,44.0
1784041539.263367,408.975,1980,3201,85.0,57.0,44.0
1784041539.273387,408.975,1980,3201,85.0,57.0,44.0
1784041539.283367,408.975,1980,3201,85.0,57.0,44.0
1784041539.293367,408.975,1980,3201,85.0,57.0,44.0
1784041539.303366,409.272,1980,3201,85.0,58.0,44.0
1784041539.313364,409.272,1980,3201,85.0,58.0,44.0
1784041539.323367,409.272,1980,3201,85.0,58.0,44.0
1784041539.333367,409.272,1980,3201,85.0,58.0,44.0
1784041539.343367,409.272,1980,3201,85.0,58.0,44.0
1784041539.353366,409.272,1980,3201,85.0,58.0,44.0
1784041539.363424,409.272,1980,3201,85.0,58.0,44.0
1784041539.373410,409.272,1980,3201,85.0,58.0,44.0
1784041539.383367,409.272,1980,3201,85.0,58.0,44.0
1784041539.393368,409.272,1980,3201,85.0,58.0,44.0
1784041539.403368,408.589,1980,3201,85.0,58.0,44.0
1784041539.413437,408.589,1980,3201,85.0,58.0,44.0
1784041539.423371,408.589,1980,3201,85.0,58.0,44.0
1784041539.433362,408.589,1980,3201,85.0,58.0,44.0
1784041539.443368,408.589,1980,3201,85.0,58.0,44.0
1784041539.453372,408.589,1980,3201,85.0,58.0,44.0
1784041539.463367,408.589,1980,3201,85.0,58.0,44.0
1784041539.473366,408.589,1980,3201,85.0,58.0,44.0
1784041539.483362,408.589,1980,3201,85.0,58.0,44.0
1784041539.493377,408.589,1980,3201,85.0,58.0,44.0
1784041539.503412,407.099,1980,3201,84.0,57.0,44.0
1784041539.513366,407.099,1980,3201,84.0,57.0,44.0
1784041539.523366,407.099,1980,3201,84.0,57.0,44.0
1784041539.533404,407.099,1980,3201,84.0,57.0,44.0
1784041539.543367,407.099,1980,3201,84.0,57.0,44.0
1784041539.553367,407.099,1980,3201,84.0,57.0,44.0
1784041539.563408,407.099,1980,3201,84.0,57.0,44.0
1784041539.573369,407.099,1980,3201,84.0,57.0,44.0
1784041539.583386,407.099,1980,3201,84.0,57.0,44.0
1784041539.593370,407.099,1980,3201,84.0,57.0,44.0
1784041539.603757,407.957,1980,3201,84.0,57.0,44.0
1784041539.613369,407.957,1980,3201,84.0,57.0,44.0
1784041539.623370,407.957,1980,3201,84.0,57.0,44.0
1784041539.633369,407.957,1980,3201,84.0,57.0,44.0
1784041539.643369,407.957,1980,3201,84.0,57.0,44.0
1784041539.653370,407.957,1980,3201,84.0,57.0,44.0
1784041539.663421,407.957,1980,3201,84.0,57.0,44.0
1784041539.673810,407.957,1980,3201,84.0,57.0,44.0
1784041539.683368,407.957,1980,3201,84.0,57.0,44.0
1784041539.693369,407.957,1980,3201,84.0,57.0,44.0
1784041539.703371,406.143,1980,3201,85.0,57.0,44.0
1784041539.713371,406.143,1980,3201,85.0,57.0,44.0
1784041539.723371,406.143,1980,3201,85.0,57.0,44.0
1784041539.733370,406.143,1980,3201,85.0,57.0,44.0
1784041539.743425,406.143,1980,3201,85.0,57.0,44.0
1784041539.753371,406.143,1980,3201,85.0,57.0,44.0
1784041539.763372,406.143,1980,3201,85.0,57.0,44.0
1784041539.773370,406.143,1980,3201,85.0,57.0,44.0
1784041539.783371,406.143,1980,3201,85.0,57.0,44.0
1784041539.793363,406.143,1980,3201,85.0,57.0,44.0
1784041539.803371,406.386,1980,3201,85.0,57.0,44.0
1784041539.813375,406.386,1980,3201,85.0,57.0,44.0
1784041539.823372,406.386,1980,3201,85.0,57.0,44.0
1784041539.833371,406.386,1980,3201,85.0,57.0,44.0
1784041539.843370,406.386,1980,3201,85.0,57.0,44.0
1784041539.853370,406.386,1980,3201,85.0,57.0,44.0
1784041539.863361,406.386,1980,3201,85.0,57.0,44.0
1784041539.873369,406.386,1980,3201,85.0,57.0,44.0
1784041539.883372,406.386,1980,3201,85.0,57.0,44.0
1784041539.893370,406.386,1980,3201,85.0,57.0,44.0
1784041539.903369,405.573,1980,3201,83.0,56.0,44.0
1784041539.913369,405.573,1980,3201,83.0,56.0,44.0
1784041539.923369,405.573,1980,3201,83.0,56.0,44.0
1784041539.933362,405.573,1980,3201,83.0,56.0,44.0
1784041539.943371,405.573,1980,3201,83.0,56.0,44.0
1784041539.953371,405.573,1980,3201,83.0,56.0,44.0
1784041539.963372,405.573,1980,3201,83.0,56.0,44.0
1784041539.973372,405.573,1980,3201,83.0,56.0,44.0
1784041539.983360,405.573,1980,3201,83.0,56.0,44.0
1784041539.993371,405.573,1980,3201,83.0,56.0,44.0
1784041540.003618,405.992,1980,3201,83.0,56.0,44.0
1784041540.013371,405.992,1980,3201,83.0,56.0,44.0
1784041540.023372,405.992,1980,3201,83.0,56.0,44.0
1784041540.033375,405.992,1980,3201,83.0,56.0,44.0
1784041540.043372,405.992,1980,3201,83.0,56.0,44.0
1784041540.053360,405.992,1980,3201,83.0,56.0,44.0
1784041540.063373,405.992,1980,3201,83.0,56.0,44.0
1784041540.073372,405.992,1980,3201,83.0,56.0,44.0
1784041540.083373,405.992,1980,3201,83.0,56.0,44.0
1784041540.093372,405.992,1980,3201,83.0,56.0,44.0
1784041540.103359,405.685,1980,3201,84.0,56.0,43.0
1784041540.113379,405.685,1980,3201,84.0,56.0,43.0
1784041540.123368,405.685,1980,3201,84.0,56.0,43.0
1784041540.133372,405.685,1980,3201,84.0,56.0,43.0
1784041540.143422,405.685,1980,3201,84.0,56.0,43.0
1784041540.153373,405.685,1980,3201,84.0,56.0,43.0
1784041540.163399,405.685,1980,3201,84.0,56.0,43.0
1784041540.173465,405.685,1980,3201,84.0,56.0,43.0
1784041540.183371,405.685,1980,3201,84.0,56.0,43.0
1784041540.193371,405.685,1980,3201,84.0,56.0,43.0
1784041540.203376,405.494,1980,3201,84.0,56.0,44.0
1784041540.213372,405.494,1980,3201,84.0,56.0,44.0
1784041540.223360,405.494,1980,3201,84.0,56.0,44.0
1784041540.233371,405.494,1980,3201,84.0,56.0,44.0
1784041540.243373,405.494,1980,3201,84.0,56.0,44.0
1784041540.253417,405.494,1980,3201,84.0,56.0,44.0
1784041540.263372,405.494,1980,3201,84.0,56.0,44.0
1784041540.273363,405.494,1980,3201,84.0,56.0,44.0
1784041540.283370,405.494,1980,3201,84.0,56.0,44.0
1784041540.293365,405.494,1980,3201,84.0,56.0,44.0
1784041540.303371,405.222,1980,3201,83.0,57.0,44.0
1784041540.313372,405.222,1980,3201,83.0,57.0,44.0
1784041540.323372,405.222,1980,3201,83.0,57.0,44.0
1784041540.333420,405.222,1980,3201,83.0,57.0,44.0
1784041540.343360,405.222,1980,3201,83.0,57.0,44.0
1784041540.353372,405.222,1980,3201,83.0,57.0,44.0
1784041540.363366,405.222,1980,3201,83.0,57.0,44.0
1784041540.373360,405.222,1980,3201,83.0,57.0,44.0
1784041540.383367,405.222,1980,3201,83.0,57.0,44.0
1784041540.393374,405.222,1980,3201,83.0,57.0,44.0
1784041540.403360,405.054,1980,3201,83.0,57.0,44.0
1784041540.413363,405.054,1980,3201,83.0,57.0,44.0
1784041540.423363,405.054,1980,3201,83.0,57.0,44.0
1784041540.433363,405.054,1980,3201,83.0,57.0,44.0
1784041540.443362,405.054,1980,3201,83.0,57.0,44.0
1784041540.453359,405.054,1980,3201,83.0,57.0,44.0
1784041540.463362,405.054,1980,3201,83.0,57.0,44.0
1784041540.473359,405.054,1980,3201,83.0,57.0,44.0
1784041540.483362,405.054,1980,3201,83.0,57.0,44.0
1784041540.493358,405.054,1980,3201,83.0,57.0,44.0
1784041540.503362,407.678,1980,3201,79.0,54.0,45.0
1784041540.513444,407.678,1980,3201,79.0,54.0,45.0
1784041540.523331,407.678,1980,3201,79.0,54.0,45.0
1784041540.533362,407.678,1980,3201,79.0,54.0,45.0
1784041540.543362,407.678,1980,3201,79.0,54.0,45.0
1784041540.553360,407.678,1980,3201,79.0,54.0,45.0
1784041540.563364,407.678,1980,3201,79.0,54.0,45.0
1784041540.573364,407.678,1980,3201,79.0,54.0,45.0
1784041540.583362,407.678,1980,3201,79.0,54.0,45.0
1784041540.593362,407.678,1980,3201,79.0,54.0,45.0
1784041540.603363,404.928,1980,3201,79.0,54.0,44.0
1784041540.613361,404.928,1980,3201,79.0,54.0,44.0
1784041540.623638,404.928,1980,3201,79.0,54.0,44.0
1784041540.633362,404.928,1980,3201,79.0,54.0,44.0
1784041540.643362,404.928,1980,3201,79.0,54.0,44.0
1784041540.653361,404.928,1980,3201,79.0,54.0,44.0
1784041540.663359,404.928,1980,3201,79.0,54.0,44.0
1784041540.673361,404.928,1980,3201,79.0,54.0,44.0
1784041540.683361,404.928,1980,3201,79.0,54.0,44.0
1784041540.693360,404.928,1980,3201,79.0,54.0,44.0
1784041540.703360,404.574,1980,3201,86.0,57.0,44.0
1784041540.713406,404.574,1980,3201,86.0,57.0,44.0
1784041540.723360,404.574,1980,3201,86.0,57.0,44.0
1784041540.733360,404.574,1980,3201,86.0,57.0,44.0
1784041540.743360,404.574,1980,3201,86.0,57.0,44.0
1784041540.753361,404.574,1980,3201,86.0,57.0,44.0
1784041540.763360,404.574,1980,3201,86.0,57.0,44.0
1784041540.773368,404.574,1980,3201,86.0,57.0,44.0
1784041540.783367,404.574,1980,3201,86.0,57.0,44.0
1784041540.793368,404.574,1980,3201,86.0,57.0,44.0
1784041540.803452,404.853,1980,3201,86.0,57.0,44.0
1784041540.813367,404.853,1980,3201,86.0,57.0,44.0
1784041540.823365,404.853,1980,3201,86.0,57.0,44.0
1784041540.833365,404.853,1980,3201,86.0,57.0,44.0
1784041540.843364,404.853,1980,3201,86.0,57.0,44.0
1784041540.853365,404.853,1980,3201,86.0,57.0,44.0
1784041540.863364,404.853,1980,3201,86.0,57.0,44.0
1784041540.873365,404.853,1980,3201,86.0,57.0,44.0
1784041540.883364,404.853,1980,3201,86.0,57.0,44.0
1784041540.893369,404.853,1980,3201,86.0,57.0,44.0
1784041540.903365,404.648,1980,3201,85.0,57.0,44.0
1784041540.913366,404.648,1980,3201,85.0,57.0,44.0
1784041540.923365,404.648,1980,3201,85.0,57.0,44.0
1784041540.933364,404.648,1980,3201,85.0,57.0,44.0
1784041540.943366,404.648,1980,3201,85.0,57.0,44.0
1784041540.953365,404.648,1980,3201,85.0,57.0,44.0
1784041540.963367,404.648,1980,3201,85.0,57.0,44.0
1784041540.973365,404.648,1980,3201,85.0,57.0,44.0
1784041540.983476,404.648,1980,3201,85.0,57.0,44.0
1784041540.993365,404.648,1980,3201,85.0,57.0,44.0
1784041541.003367,405.775,1980,3201,85.0,57.0,44.0
1784041541.013365,405.775,1980,3201,85.0,57.0,44.0
1784041541.023365,405.775,1980,3201,85.0,57.0,44.0
1784041541.033367,405.775,1980,3201,85.0,57.0,44.0
1784041541.043363,405.775,1980,3201,85.0,57.0,44.0
1784041541.053366,405.775,1980,3201,85.0,57.0,44.0
1784041541.063366,405.775,1980,3201,85.0,57.0,44.0
1784041541.073366,405.775,1980,3201,85.0,57.0,44.0
1784041541.083366,405.775,1980,3201,85.0,57.0,44.0
1784041541.093365,405.775,1980,3201,85.0,57.0,44.0
1784041541.103365,406.617,1980,3201,85.0,58.0,44.0
1784041541.113365,406.617,1980,3201,85.0,58.0,44.0
1784041541.123368,406.617,1980,3201,85.0,58.0,44.0
1784041541.133364,406.617,1980,3201,85.0,58.0,44.0
1784041541.143365,406.617,1980,3201,85.0,58.0,44.0
1784041541.153363,406.617,1980,3201,85.0,58.0,44.0
1784041541.163362,406.617,1980,3201,85.0,58.0,44.0
1784041541.173364,406.617,1980,3201,85.0,58.0,44.0
1784041541.183363,406.617,1980,3201,85.0,58.0,44.0
1784041541.193364,406.617,1980,3201,85.0,58.0,44.0
1784041541.203364,406.217,1980,3201,85.0,58.0,44.0
1784041541.213362,406.217,1980,3201,85.0,58.0,44.0
1784041541.223362,406.217,1980,3201,85.0,58.0,44.0
1784041541.233365,406.217,1980,3201,85.0,58.0,44.0
1784041541.243361,406.217,1980,3201,85.0,58.0,44.0
1784041541.253361,406.217,1980,3201,85.0,58.0,44.0
1784041541.263360,406.217,1980,3201,85.0,58.0,44.0
1784041541.273359,406.217,1980,3201,85.0,58.0,44.0
1784041541.283359,406.217,1980,3201,85.0,58.0,44.0
1784041541.293360,406.217,1980,3201,85.0,58.0,44.0
1784041541.303359,407.241,1980,3201,83.0,57.0,44.0
1784041541.313473,407.241,1980,3201,83.0,57.0,44.0
1784041541.323358,407.241,1980,3201,83.0,57.0,44.0
1784041541.333358,407.241,1980,3201,83.0,57.0,44.0
1784041541.343441,407.241,1980,3201,83.0,57.0,44.0
1784041541.353367,407.241,1980,3201,83.0,57.0,44.0
1784041541.363589,407.241,1980,3201,83.0,57.0,44.0
1784041541.373365,407.241,1980,3201,83.0,57.0,44.0
1784041541.383367,407.241,1980,3201,83.0,57.0,44.0
1784041541.393366,407.241,1980,3201,83.0,57.0,44.0
1784041541.403366,412.820,1980,3201,83.0,57.0,46.0
1784041541.413369,412.820,1980,3201,83.0,57.0,46.0
1784041541.423394,412.820,1980,3201,83.0,57.0,46.0
1784041541.433360,412.820,1980,3201,83.0,57.0,46.0
1784041541.443393,412.820,1980,3201,83.0,57.0,46.0
1784041541.453357,412.820,1980,3201,83.0,57.0,46.0
1784041541.463365,412.820,1980,3201,83.0,57.0,46.0
1784041541.473615,412.820,1980,3201,83.0,57.0,46.0
1784041541.483369,412.820,1980,3201,83.0,57.0,46.0
1784041541.493366,412.820,1980,3201,83.0,57.0,46.0
1784041541.503367,411.416,1980,3201,82.0,52.0,44.0
1784041541.513366,411.416,1980,3201,82.0,52.0,44.0
1784041541.523366,411.416,1980,3201,82.0,52.0,44.0
1784041541.533365,411.416,1980,3201,82.0,52.0,44.0
1784041541.543359,411.416,1980,3201,82.0,52.0,44.0
1784041541.553367,411.416,1980,3201,82.0,52.0,44.0
1784041541.563430,411.416,1980,3201,82.0,52.0,44.0
1784041541.573367,411.416,1980,3201,82.0,52.0,44.0
1784041541.583367,411.416,1980,3201,82.0,52.0,44.0
1784041541.593367,411.416,1980,3201,82.0,52.0,44.0
1784041541.603400,410.421,1980,3201,82.0,52.0,44.0
1784041541.613368,410.421,1980,3201,82.0,52.0,44.0
1784041541.623367,410.421,1980,3201,82.0,52.0,44.0
1784041541.633360,410.421,1980,3201,82.0,52.0,44.0
1784041541.643366,410.421,1980,3201,82.0,52.0,44.0
1784041541.653357,410.421,1980,3201,82.0,52.0,44.0
1784041541.663366,410.421,1980,3201,82.0,52.0,44.0
1784041541.673362,410.421,1980,3201,82.0,52.0,44.0
1784041541.683360,410.421,1980,3201,82.0,52.0,44.0
1784041541.693360,410.421,1980,3201,82.0,52.0,44.0
1784041541.703460,410.346,1980,3201,85.0,57.0,44.0
1784041541.713367,410.346,1980,3201,85.0,57.0,44.0
1784041541.723368,410.346,1980,3201,85.0,57.0,44.0
1784041541.733368,410.346,1980,3201,85.0,57.0,44.0
1784041541.743357,410.346,1980,3201,85.0,57.0,44.0
1784041541.753367,410.346,1980,3201,85.0,57.0,44.0
1784041541.763586,410.346,1980,3201,85.0,57.0,44.0
1784041541.773410,410.346,1980,3201,85.0,57.0,44.0
1784041541.783367,410.346,1980,3201,85.0,57.0,44.0
1784041541.793368,410.346,1980,3201,85.0,57.0,44.0
1784041541.803368,410.719,1980,3201,85.0,57.0,44.0
1784041541.813361,410.719,1980,3201,85.0,57.0,44.0
1784041541.823367,410.719,1980,3201,85.0,57.0,44.0
1784041541.833358,410.719,1980,3201,85.0,57.0,44.0
1784041541.843369,410.719,1980,3201,85.0,57.0,44.0
1784041541.853361,410.719,1980,3201,85.0,57.0,44.0
1784041541.863369,410.719,1980,3201,85.0,57.0,44.0
1784041541.873369,410.719,1980,3201,85.0,57.0,44.0
1784041541.883368,410.719,1980,3201,85.0,57.0,44.0
1784041541.893370,410.719,1980,3201,85.0,57.0,44.0
1784041541.903356,411.063,1980,3201,84.0,57.0,44.0
1784041541.913409,411.063,1980,3201,84.0,57.0,44.0
1784041541.923495,411.063,1980,3201,84.0,57.0,44.0
1784041541.933419,411.063,1980,3201,84.0,57.0,44.0
1784041541.943372,411.063,1980,3201,84.0,57.0,44.0
1784041541.953370,411.063,1980,3201,84.0,57.0,44.0
1784041541.963370,411.063,1980,3201,84.0,57.0,44.0
1784041541.973358,411.063,1980,3201,84.0,57.0,44.0
1784041541.983369,411.063,1980,3201,84.0,57.0,44.0
1784041541.993487,411.063,1980,3201,84.0,57.0,44.0
1784041542.003369,410.062,1980,3201,84.0,57.0,44.0
1784041542.013410,410.062,1980,3201,84.0,57.0,44.0
1784041542.023367,410.062,1980,3201,84.0,57.0,44.0
1784041542.033368,410.062,1980,3201,84.0,57.0,44.0
1784041542.043372,410.062,1980,3201,84.0,57.0,44.0
1784041542.053368,410.062,1980,3201,84.0,57.0,44.0
1784041542.063358,410.062,1980,3201,84.0,57.0,44.0
1784041542.073368,410.062,1980,3201,84.0,57.0,44.0
1784041542.083474,410.062,1980,3201,84.0,57.0,44.0
1784041542.093369,410.062,1980,3201,84.0,57.0,44.0
1784041542.103369,410.641,1980,3201,84.0,57.0,44.0
1784041542.113370,410.641,1980,3201,84.0,57.0,44.0
1784041542.123370,410.641,1980,3201,84.0,57.0,44.0
1784041542.133357,410.641,1980,3201,84.0,57.0,44.0
1784041542.143370,410.641,1980,3201,84.0,57.0,44.0
1784041542.153739,410.641,1980,3201,84.0,57.0,44.0
1784041542.163383,410.641,1980,3201,84.0,57.0,44.0
1784041542.173370,410.641,1980,3201,84.0,57.0,44.0
1784041542.183371,410.641,1980,3201,84.0,57.0,44.0
1784041542.193370,410.641,1980,3201,84.0,57.0,44.0
1784041542.203358,411.225,1980,3201,84.0,57.0,44.0
1784041542.213371,411.225,1980,3201,84.0,57.0,44.0
1784041542.223372,411.225,1980,3201,84.0,57.0,44.0
1784041542.233373,411.225,1980,3201,84.0,57.0,44.0
1784041542.243361,411.225,1980,3201,84.0,57.0,44.0
1784041542.253370,411.225,1980,3201,84.0,57.0,44.0
1784041542.263626,411.225,1980,3201,84.0,57.0,44.0
1784041542.273371,411.225,1980,3201,84.0,57.0,44.0
1784041542.283425,411.225,1980,3201,84.0,57.0,44.0
1784041542.293372,411.225,1980,3201,84.0,57.0,44.0
1784041542.303372,412.775,1980,3201,84.0,58.0,44.0
1784041542.313358,412.775,1980,3201,84.0,58.0,47.0
1784041542.323370,412.775,1980,3201,84.0,58.0,47.0
1784041542.333764,412.775,1980,3201,84.0,58.0,47.0
1784041542.343371,412.775,1980,3201,84.0,58.0,47.0
1784041542.353373,412.775,1980,3201,84.0,58.0,47.0
1784041542.363370,412.775,1980,3201,84.0,58.0,47.0
1784041542.373373,412.775,1980,3201,84.0,58.0,47.0
1784041542.383361,412.775,1980,3201,84.0,58.0,47.0
1784041542.393372,412.775,1980,3201,84.0,58.0,47.0
1784041542.403375,407.550,1980,3201,84.0,58.0,44.0
1784041542.413373,407.550,1980,3201,84.0,58.0,44.0
1784041542.423372,407.550,1980,3201,84.0,58.0,44.0
1784041542.433369,407.550,1980,3201,84.0,58.0,44.0
1784041542.443369,407.550,1980,3201,84.0,58.0,44.0
1784041542.453357,407.550,1980,3201,84.0,58.0,44.0
1784041542.463367,407.550,1980,3201,84.0,58.0,44.0
1784041542.473622,407.550,1980,3201,84.0,58.0,44.0
1784041542.483372,407.550,1980,3201,84.0,58.0,44.0
1784041542.493459,407.550,1980,3201,84.0,58.0,44.0
1784041542.503381,407.100,1980,3201,84.0,58.0,44.0
1784041542.513366,407.100,1980,3201,83.0,56.0,44.0
1784041542.523367,407.100,1980,3201,83.0,56.0,44.0
1784041542.533367,407.100,1980,3201,83.0,56.0,44.0
1784041542.543362,407.100,1980,3201,83.0,56.0,44.0
1784041542.553366,407.100,1980,3201,83.0,56.0,44.0
1784041542.563359,407.100,1980,3201,83.0,56.0,44.0
1784041542.573371,407.100,1980,3201,83.0,56.0,44.0
1784041542.583365,407.100,1980,3201,83.0,56.0,44.0
1784041542.593364,407.100,1980,3201,83.0,56.0,44.0
1784041542.603362,407.464,1980,3201,83.0,56.0,44.0
1784041542.613366,407.464,1980,3201,83.0,56.0,44.0
1784041542.623362,407.464,1980,3201,83.0,56.0,44.0
1784041542.633365,407.464,1980,3201,83.0,56.0,44.0
1784041542.643361,407.464,1980,3201,83.0,56.0,44.0
1784041542.653366,407.464,1980,3201,83.0,56.0,44.0
1784041542.663363,407.464,1980,3201,83.0,56.0,44.0
1784041542.673384,407.464,1980,3201,83.0,56.0,44.0
1784041542.683365,407.464,1980,3201,83.0,56.0,44.0
1784041542.693364,407.464,1980,3201,83.0,56.0,44.0
1784041542.703362,408.247,1980,3201,83.0,56.0,44.0
1784041542.713363,408.247,1980,3201,85.0,57.0,44.0
1784041542.723363,408.247,1980,3201,85.0,57.0,44.0
1784041542.733363,408.247,1980,3201,85.0,57.0,44.0
1784041542.743362,408.247,1980,3201,85.0,57.0,44.0
1784041542.753363,408.247,1980,3201,85.0,57.0,44.0
1784041542.763365,408.247,1980,3201,85.0,57.0,44.0
1784041542.773361,408.247,1980,3201,85.0,57.0,44.0
1784041542.783363,408.247,1980,3201,85.0,57.0,44.0
1784041542.793362,408.247,1980,3201,85.0,57.0,44.0
1784041542.803362,408.353,1980,3201,85.0,57.0,44.0
1784041542.813362,408.353,1980,3201,85.0,57.0,44.0
1784041542.823360,408.353,1980,3201,85.0,57.0,44.0
1784041542.833361,408.353,1980,3201,85.0,57.0,44.0
1784041542.843361,408.353,1980,3201,85.0,57.0,44.0
1784041542.853361,408.353,1980,3201,85.0,57.0,44.0
1784041542.863362,408.353,1980,3201,85.0,57.0,44.0
1784041542.873674,408.353,1980,3201,85.0,57.0,44.0
1784041542.883363,408.353,1980,3201,85.0,57.0,44.0
1784041542.893360,408.353,1980,3201,85.0,57.0,44.0
1784041542.903361,408.567,1980,3201,85.0,57.0,44.0
1784041542.913362,408.567,1980,3201,85.0,57.0,44.0
1784041542.923361,408.567,1980,3201,85.0,57.0,44.0
1784041542.933362,408.567,1980,3201,85.0,57.0,44.0
1784041542.943407,408.567,1980,3201,85.0,57.0,44.0
1784041542.953361,408.567,1980,3201,85.0,57.0,44.0
1784041542.963361,408.567,1980,3201,85.0,57.0,44.0
1784041542.973360,408.567,1980,3201,85.0,57.0,44.0
1784041542.983359,408.567,1980,3201,85.0,57.0,44.0
1784041542.993361,408.567,1980,3201,85.0,57.0,44.0
1784041543.003439,408.486,1980,3201,85.0,57.0,44.0
1784041543.013359,408.486,1980,3201,85.0,57.0,44.0
1784041543.023368,408.486,1980,3201,85.0,57.0,44.0
1784041543.033368,408.486,1980,3201,85.0,57.0,44.0
1784041543.043368,408.486,1980,3201,85.0,57.0,44.0
1784041543.053369,408.486,1980,3201,85.0,57.0,44.0
1784041543.063369,408.486,1980,3201,85.0,57.0,44.0
1784041543.073368,408.486,1980,3201,85.0,57.0,44.0
1784041543.083372,408.486,1980,3201,85.0,57.0,44.0
1784041543.093369,408.486,1980,3201,85.0,57.0,44.0
1784041543.103759,408.462,1980,3201,84.0,57.0,44.0
1784041543.113368,408.462,1980,3201,84.0,57.0,44.0
1784041543.123368,408.462,1980,3201,84.0,57.0,44.0
1784041543.133367,408.462,1980,3201,84.0,57.0,44.0
1784041543.143366,408.462,1980,3201,84.0,57.0,44.0
1784041543.153368,408.462,1980,3201,84.0,57.0,44.0
1784041543.163359,408.462,1980,3201,84.0,57.0,44.0
1784041543.173367,408.462,1980,3201,84.0,57.0,44.0
1784041543.183723,408.462,1980,3201,84.0,57.0,44.0
1784041543.193366,408.462,1980,3201,84.0,57.0,44.0
1784041543.203367,411.711,1980,3201,84.0,57.0,44.0
1784041543.213366,411.711,1980,3201,84.0,57.0,45.0
1784041543.223439,411.711,1980,3201,84.0,57.0,45.0
1784041543.233412,411.711,1980,3201,84.0,57.0,45.0
1784041543.243366,411.711,1980,3201,84.0,57.0,45.0
1784041543.253366,411.711,1980,3201,84.0,57.0,45.0
1784041543.263367,411.711,1980,3201,84.0,57.0,45.0
1784041543.273358,411.711,1980,3201,84.0,57.0,45.0
1784041543.283368,411.711,1980,3201,84.0,57.0,45.0
1784041543.293365,411.711,1980,3201,84.0,57.0,45.0
1784041543.303368,411.711,1980,3201,84.0,57.0,45.0
1784041543.313367,409.089,1980,3201,82.0,52.0,44.0
1784041543.323368,409.089,1980,3201,82.0,52.0,44.0
1784041543.333368,409.089,1980,3201,82.0,52.0,44.0
1784041543.343362,409.089,1980,3201,82.0,52.0,44.0
1784041543.353368,409.089,1980,3201,82.0,52.0,44.0
1784041543.363382,409.089,1980,3201,82.0,52.0,44.0
1784041543.373369,409.089,1980,3201,82.0,52.0,44.0
1784041543.383418,409.089,1980,3201,82.0,52.0,44.0
1784041543.393422,409.089,1980,3201,82.0,52.0,44.0
1784041543.403396,409.089,1980,3201,82.0,52.0,44.0
1784041543.413368,409.321,1980,3201,82.0,52.0,44.0
1784041543.423370,409.321,1980,3201,82.0,52.0,44.0
1784041543.433358,409.321,1980,3201,82.0,52.0,44.0
1784041543.443370,409.321,1980,3201,82.0,52.0,44.0
1784041543.453370,409.321,1980,3201,82.0,52.0,44.0
1784041543.463365,409.321,1980,3201,82.0,52.0,44.0
1784041543.473367,409.321,1980,3201,82.0,52.0,44.0
1784041543.483369,409.321,1980,3201,82.0,52.0,44.0
1784041543.493366,409.321,1980,3201,82.0,52.0,44.0
1784041543.503404,409.321,1980,3201,82.0,52.0,44.0
1784041543.513365,409.455,1980,3201,85.0,57.0,44.0
1784041543.523362,409.455,1980,3201,85.0,57.0,44.0
1784041543.533364,409.455,1980,3201,85.0,57.0,44.0
1784041543.543362,409.455,1980,3201,85.0,57.0,44.0
1784041543.553365,409.455,1980,3201,85.0,57.0,44.0
1784041543.563363,409.455,1980,3201,85.0,57.0,44.0
1784041543.573367,409.455,1980,3201,85.0,57.0,44.0
1784041543.583364,409.455,1980,3201,85.0,57.0,44.0
1784041543.593361,409.455,1980,3201,85.0,57.0,44.0
1784041543.603362,409.455,1980,3201,85.0,57.0,44.0
1784041543.613364,408.896,1980,3201,85.0,57.0,44.0
1784041543.623363,408.896,1980,3201,85.0,57.0,44.0
1784041543.633363,408.896,1980,3201,85.0,57.0,44.0
1784041543.643725,408.896,1980,3201,85.0,57.0,44.0
1784041543.653364,408.896,1980,3201,85.0,57.0,44.0
1784041543.663363,408.896,1980,3201,85.0,57.0,44.0
1784041543.673364,408.896,1980,3201,85.0,57.0,44.0
1784041543.683363,408.896,1980,3201,85.0,57.0,44.0
1784041543.693363,408.896,1980,3201,85.0,57.0,44.0
1784041543.703364,408.896,1980,3201,85.0,57.0,44.0
1784041543.713364,407.409,1980,3201,84.0,57.0,44.0
1784041543.723363,407.409,1980,3201,84.0,57.0,44.0
1784041543.733363,407.409,1980,3201,84.0,57.0,44.0
1784041543.743363,407.409,1980,3201,84.0,57.0,44.0
1784041543.753363,407.409,1980,3201,84.0,57.0,44.0
1784041543.763448,407.409,1980,3201,84.0,57.0,44.0
1784041543.773372,407.409,1980,3201,84.0,57.0,44.0
1784041543.783374,407.409,1980,3201,84.0,57.0,44.0
1784041543.793373,407.409,1980,3201,84.0,57.0,44.0
1784041543.803373,407.409,1980,3201,84.0,57.0,44.0
1784041543.813360,407.073,1980,3201,84.0,57.0,44.0
1784041543.823372,407.073,1980,3201,84.0,57.0,44.0
1784041543.833372,407.073,1980,3201,84.0,57.0,44.0
1784041543.843373,407.073,1980,3201,84.0,57.0,44.0
1784041543.853373,407.073,1980,3201,84.0,57.0,44.0
1784041543.863360,407.073,1980,3201,84.0,57.0,44.0
1784041543.873372,407.073,1980,3201,84.0,57.0,44.0
1784041543.883757,407.073,1980,3201,84.0,57.0,44.0
1784041543.893372,407.073,1980,3201,84.0,57.0,44.0
1784041543.903373,407.073,1980,3201,84.0,57.0,44.0
1784041543.913369,407.048,1980,3201,84.0,57.0,44.0
1784041543.923372,407.048,1980,3201,84.0,57.0,44.0
1784041543.933426,407.048,1980,3201,84.0,57.0,44.0
1784041543.943452,407.048,1980,3201,84.0,57.0,44.0
1784041543.953426,407.048,1980,3201,84.0,57.0,44.0
1784041543.963373,407.048,1980,3201,84.0,57.0,44.0
1784041543.973383,407.048,1980,3201,84.0,57.0,44.0
1784041543.983358,407.048,1980,3201,84.0,57.0,44.0
1784041543.993390,407.048,1980,3201,84.0,57.0,44.0
1784041544.003372,407.048,1980,3201,84.0,57.0,44.0
1784041544.013373,407.038,1980,3201,84.0,57.0,44.0
1784041544.023374,407.038,1980,3201,84.0,57.0,44.0
1784041544.033373,407.038,1980,3201,84.0,57.0,44.0
1784041544.043381,407.038,1980,3201,84.0,57.0,44.0
1784041544.053373,407.038,1980,3201,84.0,57.0,44.0
1784041544.063372,407.038,1980,3201,84.0,57.0,44.0
1784041544.073375,407.038,1980,3201,84.0,57.0,44.0
1784041544.083373,407.038,1980,3201,84.0,57.0,44.0
1784041544.093358,407.038,1980,3201,84.0,57.0,44.0
1784041544.103372,407.038,1980,3201,84.0,57.0,44.0
1784041544.113366,406.871,1980,3201,84.0,57.0,44.0
1784041544.123362,406.871,1980,3201,84.0,57.0,44.0
1784041544.133365,406.871,1980,3201,84.0,57.0,44.0
1784041544.143367,406.871,1980,3201,84.0,57.0,44.0
1784041544.153364,406.871,1980,3201,84.0,57.0,44.0
1784041544.163367,406.871,1980,3201,84.0,57.0,44.0
1784041544.173364,406.871,1980,3201,84.0,57.0,44.0
1784041544.183366,406.871,1980,3201,84.0,57.0,44.0
1784041544.193364,406.871,1980,3201,84.0,57.0,44.0
1784041544.203649,406.871,1980,3201,84.0,57.0,44.0
1784041544.213364,403.815,1980,3201,84.0,57.0,44.0
1784041544.223361,403.815,1980,3201,84.0,57.0,44.0
1784041544.233364,403.815,1980,3201,84.0,57.0,44.0
1784041544.243364,403.815,1980,3201,84.0,57.0,44.0
1784041544.253366,403.815,1980,3201,84.0,57.0,44.0
1784041544.263364,403.815,1980,3201,84.0,57.0,44.0
1784041544.273366,403.815,1980,3201,84.0,57.0,44.0
1784041544.283363,403.815,1980,3201,84.0,57.0,44.0
1784041544.293709,403.815,1980,3201,84.0,57.0,44.0
1784041544.303364,403.815,1980,3201,84.0,57.0,44.0
1784041544.313362,404.019,1980,3201,85.0,57.0,44.0
1784041544.323359,404.019,1980,3201,85.0,57.0,44.0
1784041544.333364,404.019,1980,3201,85.0,57.0,44.0
1784041544.343364,404.019,1980,3201,85.0,57.0,44.0
1784041544.353364,404.019,1980,3201,85.0,57.0,44.0
1784041544.363365,404.019,1980,3201,85.0,57.0,44.0
1784041544.373362,404.019,1980,3201,85.0,57.0,44.0
1784041544.383366,404.019,1980,3201,85.0,57.0,44.0
1784041544.393362,404.019,1980,3201,85.0,57.0,44.0
1784041544.403607,404.019,1980,3201,85.0,57.0,44.0
1784041544.413362,404.629,1980,3201,85.0,57.0,44.0
1784041544.423361,404.629,1980,3201,85.0,57.0,44.0
1784041544.433362,404.629,1980,3201,85.0,57.0,44.0
1784041544.443364,404.629,1980,3201,85.0,57.0,44.0
1784041544.453362,404.629,1980,3201,85.0,57.0,44.0
1784041544.463362,404.629,1980,3201,85.0,57.0,44.0
1784041544.473364,404.629,1980,3201,85.0,57.0,44.0
1784041544.483362,404.629,1980,3201,85.0,57.0,44.0
1784041544.493742,404.629,1980,3201,85.0,57.0,44.0
1784041544.503364,404.629,1980,3201,85.0,57.0,44.0
1784041544.513365,404.468,1980,3201,85.0,57.0,44.0
1784041544.523359,404.468,1980,3201,85.0,57.0,44.0
1784041544.533362,404.468,1980,3201,85.0,57.0,44.0
1784041544.543360,404.468,1980,3201,85.0,57.0,44.0
1784041544.553361,404.468,1980,3201,85.0,57.0,44.0
1784041544.563383,404.468,1980,3201,85.0,57.0,44.0
1784041544.573360,404.468,1980,3201,85.0,57.0,44.0
1784041544.583359,404.468,1980,3201,85.0,57.0,44.0
1784041544.593360,404.468,1980,3201,85.0,57.0,44.0
1784041544.603359,404.468,1980,3201,85.0,57.0,44.0
1784041544.613443,404.949,1980,3201,85.0,57.0,44.0
1784041544.623363,404.949,1980,3201,85.0,57.0,44.0
1784041544.633359,404.949,1980,3201,85.0,57.0,44.0
1784041544.643363,404.949,1980,3201,85.0,57.0,44.0
1784041544.653358,404.949,1980,3201,85.0,57.0,44.0
1784041544.663363,404.949,1980,3201,85.0,57.0,44.0
1784041544.673364,404.949,1980,3201,85.0,57.0,44.0
1784041544.683364,404.949,1980,3201,85.0,57.0,44.0
1784041544.693364,404.949,1980,3201,85.0,57.0,44.0
1784041544.703365,404.949,1980,3201,85.0,57.0,44.0
1784041544.713365,406.095,1980,3201,85.0,57.0,44.0
1784041544.723357,406.095,1980,3201,85.0,57.0,44.0
1784041544.733364,406.095,1980,3201,85.0,57.0,44.0
1784041544.743364,406.095,1980,3201,85.0,57.0,44.0
1784041544.753364,406.095,1980,3201,85.0,57.0,44.0
1784041544.763365,406.095,1980,3201,85.0,57.0,44.0
1784041544.773323,406.095,1980,3201,85.0,57.0,44.0
1784041544.783366,406.095,1980,3201,85.0,57.0,44.0
1784041544.793366,406.095,1980,3201,85.0,57.0,44.0
1784041544.803363,406.095,1980,3201,85.0,57.0,44.0
1784041544.813364,405.786,1980,3201,85.0,57.0,44.0
1784041544.823361,405.786,1980,3201,85.0,57.0,44.0
1784041544.833364,405.786,1980,3201,85.0,57.0,44.0
1784041544.843363,405.786,1980,3201,85.0,57.0,44.0
1784041544.853364,405.786,1980,3201,85.0,57.0,44.0
1784041544.863363,405.786,1980,3201,85.0,57.0,44.0
1784041544.873365,405.786,1980,3201,85.0,57.0,44.0
1784041544.883360,405.786,1980,3201,85.0,57.0,44.0
1784041544.893363,405.786,1980,3201,85.0,57.0,44.0
1784041544.903363,405.786,1980,3201,85.0,57.0,44.0
1784041544.913363,405.653,1980,3201,83.0,57.0,44.0
1784041544.923361,405.653,1980,3201,83.0,57.0,44.0
1784041544.933361,405.653,1980,3201,83.0,57.0,44.0
1784041544.943360,405.653,1980,3201,83.0,57.0,44.0
1784041544.953357,405.653,1980,3201,83.0,57.0,44.0
1784041544.963360,405.653,1980,3201,83.0,57.0,44.0
1784041544.973359,405.653,1980,3201,83.0,57.0,44.0
1784041544.983365,405.653,1980,3201,83.0,57.0,44.0
1784041544.993366,405.653,1980,3201,83.0,57.0,44.0
1784041545.003363,405.653,1980,3201,83.0,57.0,44.0
1784041545.013523,409.833,1980,3201,83.0,57.0,44.0
1784041545.023360,409.833,1980,3201,83.0,57.0,44.0
1784041545.033365,409.833,1980,3201,83.0,57.0,44.0
1784041545.043363,409.833,1980,3201,83.0,57.0,44.0
1784041545.053364,409.833,1980,3201,83.0,57.0,44.0
1784041545.063365,409.833,1980,3201,83.0,57.0,44.0
1784041545.073362,409.833,1980,3201,83.0,57.0,44.0
1784041545.083368,409.833,1980,3201,83.0,57.0,44.0
1784041545.093362,409.833,1980,3201,83.0,57.0,44.0
1784041545.103476,409.833,1980,3201,83.0,57.0,44.0
1784041545.113363,410.234,1980,3201,81.0,52.0,44.0
1784041545.123361,410.234,1980,3201,81.0,52.0,44.0
1784041545.133362,410.234,1980,3201,81.0,52.0,44.0
1784041545.143362,410.234,1980,3201,81.0,52.0,44.0
1784041545.153363,410.234,1980,3201,81.0,52.0,44.0
1784041545.163364,410.234,1980,3201,81.0,52.0,44.0
1784041545.173361,410.234,1980,3201,81.0,52.0,44.0
1784041545.183361,410.234,1980,3201,81.0,52.0,44.0
1784041545.193363,410.234,1980,3201,81.0,52.0,44.0
1784041545.203360,410.234,1980,3201,81.0,52.0,44.0
1784041545.213361,409.287,1980,3201,81.0,52.0,44.0
1784041545.223332,409.287,1980,3201,81.0,52.0,44.0
1784041545.233360,409.287,1980,3201,81.0,52.0,44.0
1784041545.243361,409.287,1980,3201,81.0,52.0,44.0
1784041545.253360,409.287,1980,3201,81.0,52.0,44.0
1784041545.263361,409.287,1980,3201,81.0,52.0,44.0
1784041545.273361,409.287,1980,3201,81.0,52.0,44.0
1784041545.283360,409.287,1980,3201,81.0,52.0,44.0
1784041545.293360,409.287,1980,3201,81.0,52.0,44.0
1784041545.303679,409.287,1980,3201,81.0,52.0,44.0
1784041545.313362,409.949,1980,3201,85.0,57.0,44.0
1784041545.323362,409.949,1980,3201,85.0,57.0,44.0
1784041545.333360,409.949,1980,3201,85.0,57.0,44.0
1784041545.343359,409.949,1980,3201,85.0,57.0,44.0
1784041545.353367,409.949,1980,3201,85.0,57.0,44.0
1784041545.363367,409.949,1980,3201,85.0,57.0,44.0
1784041545.373365,409.949,1980,3201,85.0,57.0,44.0
1784041545.383366,409.949,1980,3201,85.0,57.0,44.0
1784041545.393505,409.949,1980,3201,85.0,57.0,44.0
1784041545.403366,409.949,1980,3201,85.0,57.0,44.0
1784041545.413366,408.514,1980,3201,85.0,57.0,44.0
1784041545.423366,408.514,1980,3201,85.0,57.0,44.0
1784041545.433367,408.514,1980,3201,85.0,57.0,44.0
1784041545.443366,408.514,1980,3201,85.0,57.0,44.0
1784041545.453367,408.514,1980,3201,85.0,57.0,44.0
1784041545.463367,408.514,1980,3201,85.0,57.0,44.0
1784041545.473368,408.514,1980,3201,85.0,57.0,44.0
1784041545.483474,408.514,1980,3201,85.0,57.0,44.0
1784041545.493367,408.514,1980,3201,85.0,57.0,44.0
1784041545.503366,408.514,1980,3201,85.0,57.0,44.0
1784041545.513368,409.637,1980,3201,85.0,57.0,44.0
1784041545.523367,409.637,1980,3201,85.0,57.0,44.0
1784041545.533368,409.637,1980,3201,85.0,57.0,44.0
1784041545.543367,409.637,1980,3201,85.0,57.0,44.0
1784041545.553367,409.637,1980,3201,85.0,57.0,44.0
1784041545.563368,409.637,1980,3201,85.0,57.0,44.0
1784041545.573364,409.637,1980,3201,85.0,57.0,44.0
1784041545.583368,409.637,1980,3201,85.0,57.0,44.0
1784041545.593366,409.637,1980,3201,85.0,57.0,44.0
1784041545.603369,409.637,1980,3201,85.0,57.0,44.0
1784041545.613368,409.319,1980,3201,85.0,57.0,44.0
1784041545.623368,409.319,1980,3201,85.0,57.0,44.0
1784041545.633369,409.319,1980,3201,85.0,57.0,44.0
1784041545.643366,409.319,1980,3201,85.0,57.0,44.0
1784041545.653370,409.319,1980,3201,85.0,57.0,44.0
1784041545.663368,409.319,1980,3201,85.0,57.0,44.0
1784041545.673369,409.319,1980,3201,85.0,57.0,44.0
1784041545.683367,409.319,1980,3201,85.0,57.0,44.0
1784041545.693369,409.319,1980,3201,85.0,57.0,44.0
1784041545.703367,409.319,1980,3201,85.0,57.0,44.0
1784041545.713365,408.957,1980,3201,85.0,58.0,44.0
1784041545.723367,408.957,1980,3201,85.0,58.0,44.0
1784041545.733366,408.957,1980,3201,85.0,58.0,44.0
1784041545.743367,408.957,1980,3201,85.0,58.0,44.0
1784041545.753365,408.957,1980,3201,85.0,58.0,44.0
1784041545.763367,408.957,1980,3201,85.0,58.0,44.0
1784041545.773366,408.957,1980,3201,85.0,58.0,44.0
1784041545.783363,408.957,1980,3201,85.0,58.0,44.0
1784041545.793367,408.957,1980,3201,85.0,58.0,44.0
1784041545.803366,408.957,1980,3201,85.0,58.0,44.0
1784041545.813369,409.499,1980,3201,85.0,58.0,44.0
1784041545.823365,409.499,1980,3201,85.0,58.0,44.0
1784041545.833369,409.499,1980,3201,85.0,58.0,44.0
1784041545.843365,409.499,1980,3201,85.0,58.0,44.0
1784041545.853369,409.499,1980,3201,85.0,58.0,44.0
1784041545.863366,409.499,1980,3201,85.0,58.0,44.0
1784041545.873366,409.499,1980,3201,85.0,58.0,44.0
1784041545.883367,409.499,1980,3201,85.0,58.0,44.0
1784041545.893367,409.499,1980,3201,85.0,58.0,44.0
1784041545.903366,409.499,1980,3201,85.0,58.0,44.0
1784041545.913367,413.194,1980,3201,85.0,58.0,44.0
1784041545.923370,413.194,1980,3201,85.0,58.0,44.0
1784041545.933367,413.194,1980,3201,85.0,58.0,44.0
1784041545.943369,413.194,1980,3201,85.0,58.0,44.0
1784041545.953366,413.194,1980,3201,85.0,58.0,44.0
1784041545.963366,413.194,1980,3201,85.0,58.0,44.0
1784041545.973369,413.194,1980,3201,85.0,58.0,44.0
1784041545.983366,413.194,1980,3201,85.0,58.0,44.0
1784041545.993368,413.194,1980,3201,85.0,58.0,44.0
1784041546.003365,413.194,1980,3201,85.0,58.0,44.0
1784041546.013370,409.848,1980,3201,85.0,58.0,44.0
1784041546.023365,409.848,1980,3201,85.0,58.0,44.0
1784041546.033364,409.848,1980,3201,85.0,58.0,44.0
1784041546.043365,409.848,1980,3201,85.0,58.0,44.0
1784041546.053366,409.848,1980,3201,85.0,58.0,44.0
1784041546.063364,409.848,1980,3201,85.0,58.0,44.0
1784041546.073364,409.848,1980,3201,85.0,58.0,44.0
1784041546.083366,409.848,1980,3201,85.0,58.0,44.0
1784041546.093363,409.848,1980,3201,85.0,58.0,44.0
1784041546.103363,409.848,1980,3201,85.0,58.0,44.0
1784041546.113364,407.992,1980,3201,83.0,55.0,44.0
1784041546.123364,407.992,1980,3201,83.0,55.0,44.0
1784041546.133361,407.992,1980,3201,83.0,55.0,44.0
1784041546.143359,407.992,1980,3201,83.0,55.0,44.0
1784041546.153361,407.992,1980,3201,83.0,55.0,44.0
1784041546.163361,407.992,1980,3201,83.0,55.0,44.0
1784041546.173387,407.992,1980,3201,83.0,55.0,44.0
1784041546.183360,407.992,1980,3201,83.0,55.0,44.0
1784041546.193359,407.992,1980,3201,83.0,55.0,44.0
1784041546.203360,407.992,1980,3201,83.0,55.0,44.0
1784041546.213358,407.661,1980,3201,83.0,55.0,44.0
1784041546.223360,407.661,1980,3201,83.0,55.0,44.0
1784041546.233358,407.661,1980,3201,83.0,55.0,44.0
1784041546.243359,407.661,1980,3201,83.0,55.0,44.0
1784041546.253363,407.661,1980,3201,83.0,55.0,44.0
1784041546.263365,407.661,1980,3201,83.0,55.0,44.0
1784041546.273362,407.661,1980,3201,83.0,55.0,44.0
1784041546.283707,407.661,1980,3201,83.0,55.0,44.0
1784041546.293361,407.661,1980,3201,83.0,55.0,44.0
1784041546.303363,407.661,1980,3201,83.0,55.0,44.0
1784041546.313361,407.019,1980,3201,86.0,58.0,44.0
1784041546.323362,407.019,1980,3201,86.0,58.0,44.0
1784041546.333362,407.019,1980,3201,86.0,58.0,44.0
1784041546.343362,407.019,1980,3201,86.0,58.0,44.0
1784041546.353361,407.019,1980,3201,86.0,58.0,44.0
1784041546.363361,407.019,1980,3201,86.0,58.0,44.0
1784041546.373362,407.019,1980,3201,86.0,58.0,44.0
1784041546.383361,407.019,1980,3201,86.0,58.0,44.0
1784041546.393361,407.019,1980,3201,86.0,58.0,44.0
1784041546.403360,407.019,1980,3201,86.0,58.0,44.0
1784041546.413359,407.237,1980,3201,86.0,58.0,44.0
1784041546.423362,407.237,1980,3201,86.0,58.0,44.0
1784041546.433361,407.237,1980,3201,86.0,58.0,44.0
1784041546.443359,407.237,1980,3201,86.0,58.0,44.0
1784041546.453360,407.237,1980,3201,86.0,58.0,44.0
1784041546.463360,407.237,1980,3201,86.0,58.0,44.0
1784041546.473361,407.237,1980,3201,86.0,58.0,44.0
1784041546.483555,407.237,1980,3201,86.0,58.0,44.0
1784041546.493360,407.237,1980,3201,86.0,58.0,44.0
1784041546.503359,407.237,1980,3201,86.0,58.0,44.0
1784041546.513359,407.492,1980,3201,85.0,58.0,44.0
1784041546.523358,407.492,1980,3201,85.0,58.0,44.0
1784041546.533465,407.492,1980,3201,85.0,58.0,44.0
1784041546.543362,407.492,1980,3201,85.0,58.0,44.0
1784041546.553355,407.492,1980,3201,85.0,58.0,44.0
1784041546.563363,407.492,1980,3201,85.0,58.0,44.0
1784041546.573432,407.492,1980,3201,85.0,58.0,44.0
1784041546.583364,407.492,1980,3201,85.0,58.0,44.0
1784041546.593364,407.492,1980,3201,85.0,58.0,44.0
1784041546.603363,407.492,1980,3201,85.0,58.0,44.0
1784041546.613364,407.874,1980,3201,85.0,58.0,44.0
1784041546.623364,407.874,1980,3201,85.0,58.0,44.0
1784041546.633364,407.874,1980,3201,85.0,58.0,44.0
1784041546.643357,407.874,1980,3201,85.0,58.0,44.0
1784041546.653364,407.874,1980,3201,85.0,58.0,44.0
1784041546.663338,407.874,1980,3201,85.0,58.0,44.0
1784041546.673370,407.874,1980,3201,85.0,58.0,44.0
1784041546.683371,407.874,1980,3201,85.0,58.0,44.0
1784041546.693371,407.874,1980,3201,85.0,58.0,44.0
1784041546.703372,407.874,1980,3201,85.0,58.0,44.0
1784041546.713657,408.219,1980,3201,85.0,58.0,44.0
1784041546.723371,408.219,1980,3201,85.0,58.0,44.0
1784041546.733367,408.219,1980,3201,85.0,58.0,44.0
1784041546.743371,408.219,1980,3201,85.0,58.0,44.0
1784041546.753370,408.219,1980,3201,85.0,58.0,44.0
1784041546.763818,408.219,1980,3201,85.0,58.0,44.0
1784041546.773372,408.219,1980,3201,85.0,58.0,44.0
1784041546.783370,408.219,1980,3201,85.0,58.0,44.0
1784041546.793371,408.219,1980,3201,85.0,58.0,44.0
1784041546.803370,408.219,1980,3201,85.0,58.0,44.0
1784041546.813372,410.096,1980,3201,85.0,58.0,44.0
1784041546.823643,410.096,1980,3201,85.0,58.0,44.0
1784041546.833374,410.096,1980,3201,85.0,58.0,44.0
1784041546.843369,410.096,1980,3201,85.0,58.0,44.0
1784041546.853369,410.096,1980,3201,85.0,58.0,44.0
1784041546.863371,410.096,1980,3201,85.0,58.0,44.0
1784041546.873368,410.096,1980,3201,85.0,58.0,44.0
1784041546.883368,410.096,1980,3201,85.0,58.0,44.0
1784041546.893366,410.096,1980,3201,85.0,58.0,44.0
1784041546.903368,410.096,1980,3201,85.0,58.0,44.0
1784041546.913367,408.594,1980,3201,81.0,52.0,45.0
1784041546.923367,408.594,1980,3201,81.0,52.0,45.0
1784041546.933366,408.594,1980,3201,81.0,52.0,45.0
1784041546.943366,408.594,1980,3201,81.0,52.0,45.0
1784041546.953367,408.594,1980,3201,81.0,52.0,45.0
1784041546.963365,408.594,1980,3201,81.0,52.0,45.0
1784041546.973366,408.594,1980,3201,81.0,52.0,45.0
1784041546.983367,408.594,1980,3201,81.0,52.0,45.0
1784041546.993366,408.594,1980,3201,81.0,52.0,45.0
1784041547.003365,408.594,1980,3201,81.0,52.0,45.0
1784041547.013368,408.192,1980,3201,81.0,52.0,44.0
1784041547.023365,408.192,1980,3201,81.0,52.0,44.0
1784041547.033367,408.192,1980,3201,81.0,52.0,44.0
1784041547.043366,408.192,1980,3201,81.0,52.0,44.0
1784041547.053366,408.192,1980,3201,81.0,52.0,44.0
1784041547.063368,408.192,1980,3201,81.0,52.0,44.0
1784041547.073366,408.192,1980,3201,81.0,52.0,44.0
1784041547.083368,408.192,1980,3201,81.0,52.0,44.0
1784041547.093363,408.192,1980,3201,81.0,52.0,44.0
1784041547.103368,408.192,1980,3201,81.0,52.0,44.0
1784041547.113364,407.984,1980,3201,85.0,57.0,44.0
1784041547.123367,407.984,1980,3201,85.0,57.0,44.0
1784041547.133367,407.984,1980,3201,85.0,57.0,44.0
1784041547.143367,407.984,1980,3201,85.0,57.0,44.0
1784041547.153366,407.984,1980,3201,85.0,57.0,44.0
1784041547.163467,407.984,1980,3201,85.0,57.0,44.0
1784041547.173370,407.984,1980,3201,85.0,57.0,44.0
1784041547.183367,407.984,1980,3201,85.0,57.0,44.0
1784041547.193368,407.984,1980,3201,85.0,57.0,44.0
1784041547.203368,407.984,1980,3201,85.0,57.0,44.0
1784041547.213369,408.383,1980,3201,85.0,57.0,44.0
1784041547.223366,408.383,1980,3201,85.0,57.0,44.0
1784041547.233426,408.383,1980,3201,85.0,57.0,44.0
1784041547.243368,408.383,1980,3201,85.0,57.0,44.0
1784041547.253367,408.383,1980,3201,85.0,57.0,44.0
1784041547.263367,408.383,1980,3201,85.0,57.0,44.0
1784041547.273366,408.383,1980,3201,85.0,57.0,44.0
1784041547.283367,408.383,1980,3201,85.0,57.0,44.0
1784041547.293366,408.383,1980,3201,85.0,57.0,44.0
1784041547.303367,408.383,1980,3201,85.0,57.0,44.0
1784041547.313366,408.849,1980,3201,84.0,57.0,44.0
1784041547.323851,408.849,1980,3201,84.0,57.0,44.0
1784041547.333368,408.849,1980,3201,84.0,57.0,44.0
1784041547.343370,408.849,1980,3201,84.0,57.0,44.0
1784041547.353369,408.849,1980,3201,84.0,57.0,44.0
1784041547.363381,408.849,1980,3201,84.0,57.0,44.0
1784041547.373369,408.849,1980,3201,84.0,57.0,44.0
1784041547.383369,408.849,1980,3201,84.0,57.0,44.0
1784041547.393751,408.849,1980,3201,84.0,57.0,44.0
1784041547.403368,408.849,1980,3201,84.0,57.0,44.0
1784041547.413364,408.669,1980,3201,84.0,57.0,44.0
1784041547.423366,408.669,1980,3201,84.0,57.0,44.0
1784041547.433366,408.669,1980,3201,84.0,57.0,44.0
1784041547.443359,408.669,1980,3201,84.0,57.0,44.0
1784041547.453365,408.669,1980,3201,84.0,57.0,44.0
1784041547.463366,408.669,1980,3201,84.0,57.0,44.0
1784041547.473368,408.669,1980,3201,84.0,57.0,44.0
1784041547.483366,408.669,1980,3201,84.0,57.0,44.0
1784041547.493358,408.669,1980,3201,84.0,57.0,44.0
1784041547.503365,408.669,1980,3201,84.0,57.0,44.0
1784041547.513640,407.671,1980,3201,84.0,57.0,44.0
1784041547.523365,407.671,1980,3201,84.0,57.0,44.0
1784041547.533366,407.671,1980,3201,84.0,57.0,44.0
1784041547.543360,407.671,1980,3201,84.0,57.0,44.0
1784041547.553365,407.671,1980,3201,84.0,57.0,44.0
1784041547.563366,407.671,1980,3201,84.0,57.0,44.0
1784041547.573365,407.671,1980,3201,84.0,57.0,44.0
1784041547.583366,407.671,1980,3201,84.0,57.0,44.0
1784041547.593366,407.671,1980,3201,84.0,57.0,44.0
1784041547.603357,407.671,1980,3201,84.0,57.0,44.0
1784041547.613364,407.004,1980,3201,84.0,57.0,44.0
1784041547.623364,407.004,1980,3201,84.0,57.0,44.0
1784041547.633365,407.004,1980,3201,84.0,57.0,44.0
1784041547.643365,407.004,1980,3201,84.0,57.0,44.0
1784041547.653365,407.004,1980,3201,84.0,57.0,44.0
1784041547.663427,407.004,1980,3201,84.0,57.0,44.0
1784041547.673364,407.004,1980,3201,84.0,57.0,44.0
1784041547.683364,407.004,1980,3201,84.0,57.0,44.0
1784041547.693362,407.004,1980,3201,84.0,57.0,44.0
1784041547.703598,407.004,1980,3201,84.0,57.0,44.0
1784041547.713365,406.892,1980,3201,83.0,56.0,44.0
1784041547.723362,406.892,1980,3201,83.0,56.0,44.0
1784041547.733364,406.892,1980,3201,83.0,56.0,44.0
1784041547.743365,406.892,1980,3201,83.0,56.0,44.0
1784041547.753363,406.892,1980,3201,83.0,56.0,44.0
1784041547.763364,406.892,1980,3201,83.0,56.0,44.0
1784041547.773363,406.892,1980,3201,83.0,56.0,44.0
1784041547.783363,406.892,1980,3201,83.0,56.0,44.0
1784041547.793441,406.892,1980,3201,83.0,56.0,44.0
1784041547.803451,406.892,1980,3201,83.0,56.0,44.0
1784041547.813367,406.690,1980,3201,83.0,56.0,45.0
1784041547.823361,406.690,1980,3201,83.0,56.0,45.0
1784041547.833366,406.690,1980,3201,83.0,56.0,45.0
1784041547.843749,406.690,1980,3201,83.0,56.0,45.0
1784041547.853365,406.690,1980,3201,83.0,56.0,45.0
1784041547.863366,406.690,1980,3201,83.0,56.0,45.0
1784041547.873369,406.690,1980,3201,83.0,56.0,45.0
1784041547.883368,406.690,1980,3201,83.0,56.0,45.0
1784041547.893360,406.690,1980,3201,83.0,56.0,45.0
1784041547.903363,406.690,1980,3201,83.0,56.0,45.0
1784041547.913356,406.235,1980,3201,83.0,56.0,44.0
1784041547.923363,406.235,1980,3201,83.0,56.0,44.0
1784041547.933635,406.235,1980,3201,83.0,56.0,44.0
1784041547.943364,406.235,1980,3201,83.0,56.0,44.0
1784041547.953363,406.235,1980,3201,83.0,56.0,44.0
1784041547.963363,406.235,1980,3201,83.0,56.0,44.0
1784041547.973363,406.235,1980,3201,83.0,56.0,44.0
1784041547.983363,406.235,1980,3201,83.0,56.0,44.0
1784041547.993363,406.235,1980,3201,83.0,56.0,44.0
1784041548.003357,406.235,1980,3201,83.0,56.0,44.0
1784041548.013362,406.021,1980,3201,83.0,56.0,44.0
1784041548.023519,406.021,1980,3201,83.0,56.0,44.0
1784041548.033363,406.021,1980,3201,83.0,56.0,44.0
1784041548.043363,406.021,1980,3201,83.0,56.0,44.0
1784041548.053363,406.021,1980,3201,83.0,56.0,44.0
1784041548.063363,406.021,1980,3201,83.0,56.0,44.0
1784041548.073364,406.021,1980,3201,83.0,56.0,44.0
1784041548.083363,406.021,1980,3201,83.0,56.0,44.0
1784041548.093317,406.021,1980,3201,83.0,56.0,44.0
1784041548.103361,406.021,1980,3201,83.0,56.0,44.0
1784041548.113360,405.935,1980,3201,85.0,57.0,44.0
1784041548.123361,405.935,1980,3201,85.0,57.0,44.0
1784041548.133361,405.935,1980,3201,85.0,57.0,44.0
1784041548.143362,405.935,1980,3201,85.0,57.0,44.0
1784041548.153362,405.935,1980,3201,85.0,57.0,44.0
1784041548.163362,405.935,1980,3201,85.0,57.0,44.0
1784041548.173362,405.935,1980,3201,85.0,57.0,44.0
1784041548.183848,405.935,1980,3201,85.0,57.0,44.0
1784041548.193373,405.935,1980,3201,85.0,57.0,44.0
1784041548.203371,405.935,1980,3201,85.0,57.0,44.0
1784041548.213369,406.241,1980,3201,85.0,57.0,44.0
1784041548.223367,406.241,1980,3201,85.0,57.0,44.0
1784041548.233373,406.241,1980,3201,85.0,57.0,44.0
1784041548.243368,406.241,1980,3201,85.0,57.0,44.0
1784041548.253591,406.241,1980,3201,85.0,57.0,44.0
1784041548.263369,406.241,1980,3201,85.0,57.0,44.0
1784041548.273415,406.241,1980,3201,85.0,57.0,44.0
1784041548.283368,406.241,1980,3201,85.0,57.0,44.0
1784041548.293377,406.241,1980,3201,85.0,57.0,44.0
1784041548.303367,406.241,1980,3201,85.0,57.0,44.0
1784041548.313367,406.340,1980,3201,84.0,57.0,44.0
1784041548.323367,406.340,1980,3201,84.0,57.0,44.0
1784041548.333367,406.340,1980,3201,84.0,57.0,44.0
1784041548.343450,406.340,1980,3201,84.0,57.0,44.0
1784041548.353367,406.340,1980,3201,84.0,57.0,44.0
1784041548.363367,406.340,1980,3201,84.0,57.0,44.0
1784041548.373367,406.340,1980,3201,84.0,57.0,44.0
1784041548.383370,406.340,1980,3201,84.0,57.0,44.0
1784041548.393368,406.340,1980,3201,84.0,57.0,44.0
1784041548.403369,406.340,1980,3201,84.0,57.0,44.0
1784041548.413600,406.562,1980,3201,84.0,57.0,44.0
1784041548.423449,406.562,1980,3201,84.0,57.0,44.0
1784041548.433369,406.562,1980,3201,84.0,57.0,44.0
1784041548.443369,406.562,1980,3201,84.0,57.0,44.0
1784041548.453370,406.562,1980,3201,84.0,57.0,44.0
1784041548.463367,406.562,1980,3201,84.0,57.0,44.0
1784041548.473369,406.562,1980,3201,84.0,57.0,44.0
1784041548.483616,406.562,1980,3201,84.0,57.0,44.0
1784041548.493369,406.562,1980,3201,84.0,57.0,44.0
1784041548.503370,406.562,1980,3201,84.0,57.0,44.0
1784041548.513369,407.054,1980,3201,84.0,57.0,44.0
1784041548.523369,407.054,1980,3201,84.0,57.0,44.0
1784041548.533369,407.054,1980,3201,84.0,57.0,44.0
1784041548.543370,407.054,1980,3201,84.0,57.0,44.0
1784041548.553659,407.054,1980,3201,84.0,57.0,44.0
1784041548.563371,407.054,1980,3201,84.0,57.0,44.0
1784041548.573372,407.054,1980,3201,84.0,57.0,44.0
1784041548.583371,407.054,1980,3201,84.0,57.0,44.0
1784041548.593427,407.054,1980,3201,84.0,57.0,44.0
1784041548.603374,407.054,1980,3201,84.0,57.0,44.0
1784041548.613373,406.448,1980,3201,84.0,57.0,44.0
1784041548.623374,406.448,1980,3201,84.0,57.0,44.0
1784041548.633368,406.448,1980,3201,84.0,57.0,44.0
1784041548.643407,406.448,1980,3201,84.0,57.0,44.0
1784041548.653366,406.448,1980,3201,84.0,57.0,44.0
1784041548.663364,406.448,1980,3201,84.0,57.0,44.0
1784041548.673366,406.448,1980,3201,84.0,57.0,44.0
1784041548.683772,406.448,1980,3201,84.0,57.0,44.0
1784041548.693367,406.448,1980,3201,84.0,57.0,44.0
1784041548.703367,406.448,1980,3201,84.0,57.0,44.0
1784041548.713366,412.618,1980,3201,80.0,53.0,45.0
1784041548.723366,412.618,1980,3201,80.0,53.0,45.0
1784041548.733367,412.618,1980,3201,80.0,53.0,45.0
1784041548.743367,412.618,1980,3201,80.0,53.0,45.0
1784041548.753366,412.618,1980,3201,80.0,53.0,45.0
1784041548.763366,412.618,1980,3201,80.0,53.0,45.0
1784041548.773475,412.618,1980,3201,80.0,53.0,45.0
1784041548.783366,412.618,1980,3201,80.0,53.0,45.0
1784041548.793366,412.618,1980,3201,80.0,53.0,45.0
1784041548.803368,412.618,1980,3201,80.0,53.0,45.0
1784041548.813367,410.662,1980,3201,80.0,53.0,45.0
1784041548.823366,410.662,1980,3201,80.0,53.0,45.0
1784041548.833362,410.662,1980,3201,80.0,53.0,45.0
1784041548.843359,410.662,1980,3201,80.0,53.0,45.0
1784041548.853364,410.662,1980,3201,80.0,53.0,45.0
1784041548.863357,410.662,1980,3201,80.0,53.0,45.0
1784041548.873362,410.662,1980,3201,80.0,53.0,45.0
1784041548.883492,410.662,1980,3201,80.0,53.0,45.0
1784041548.893363,410.662,1980,3201,80.0,53.0,45.0
1784041548.903362,410.662,1980,3201,80.0,53.0,45.0
1784041548.913362,411.483,1980,3201,85.0,57.0,44.0
1784041548.923362,411.483,1980,3201,85.0,57.0,44.0
1784041548.933363,411.483,1980,3201,85.0,57.0,44.0
1784041548.943363,411.483,1980,3201,85.0,57.0,44.0
1784041548.953363,411.483,1980,3201,85.0,57.0,44.0
1784041548.963363,411.483,1980,3201,85.0,57.0,44.0
1784041548.973434,411.483,1980,3201,85.0,57.0,44.0
1784041548.983363,411.483,1980,3201,85.0,57.0,44.0
1784041548.993358,411.483,1980,3201,85.0,57.0,44.0
1784041549.003366,411.483,1980,3201,85.0,57.0,44.0
1784041549.013366,410.394,1980,3201,85.0,57.0,44.0
1784041549.023368,410.394,1980,3201,85.0,57.0,44.0
1784041549.033366,410.394,1980,3201,85.0,57.0,44.0
1784041549.043367,410.394,1980,3201,85.0,57.0,44.0
1784041549.053365,410.394,1980,3201,85.0,57.0,44.0
1784041549.063688,410.394,1980,3201,85.0,57.0,44.0
1784041549.073364,410.394,1980,3201,85.0,57.0,44.0
1784041549.083365,410.394,1980,3201,85.0,57.0,44.0
1784041549.093367,410.394,1980,3201,85.0,57.0,44.0
1784041549.103366,410.394,1980,3201,85.0,57.0,44.0
1784041549.113364,411.065,1980,3201,85.0,57.0,44.0
1784041549.123365,411.065,1980,3201,85.0,57.0,44.0
1784041549.133395,411.065,1980,3201,85.0,57.0,44.0
1784041549.143366,411.065,1980,3201,85.0,57.0,44.0
1784041549.153368,411.065,1980,3201,85.0,57.0,44.0
1784041549.163366,411.065,1980,3201,85.0,57.0,44.0
1784041549.173365,411.065,1980,3201,85.0,57.0,44.0
1784041549.183370,411.065,1980,3201,85.0,57.0,44.0
1784041549.193365,411.065,1980,3201,85.0,57.0,44.0
1784041549.203601,411.065,1980,3201,85.0,57.0,44.0
1784041549.213363,411.235,1980,3201,85.0,57.0,44.0
1784041549.223367,411.235,1980,3201,85.0,57.0,44.0
1784041549.233366,411.235,1980,3201,85.0,57.0,44.0
1784041549.243365,411.235,1980,3201,85.0,57.0,44.0
1784041549.253366,411.235,1980,3201,85.0,57.0,44.0
1784041549.263363,411.235,1980,3201,85.0,57.0,44.0
1784041549.273770,411.235,1980,3201,85.0,57.0,44.0
1784041549.283365,411.235,1980,3201,85.0,57.0,44.0
1784041549.293363,411.235,1980,3201,85.0,57.0,44.0
1784041549.303363,411.235,1980,3201,85.0,57.0,44.0
1784041549.313363,411.143,1980,3201,84.0,57.0,44.0
1784041549.323365,411.143,1980,3201,84.0,57.0,44.0
1784041549.333364,411.143,1980,3201,84.0,57.0,44.0
1784041549.343365,411.143,1980,3201,84.0,57.0,44.0
1784041549.353363,411.143,1980,3201,84.0,57.0,44.0
1784041549.363364,411.143,1980,3201,84.0,57.0,44.0
1784041549.373363,411.143,1980,3201,84.0,57.0,44.0
1784041549.383364,411.143,1980,3201,84.0,57.0,44.0
1784041549.393361,411.143,1980,3201,84.0,57.0,44.0
1784041549.403361,411.143,1980,3201,84.0,57.0,44.0
1784041549.413360,411.095,1980,3201,84.0,57.0,44.0
1784041549.423361,411.095,1980,3201,84.0,57.0,44.0
1784041549.433424,411.095,1980,3201,84.0,57.0,44.0
1784041549.443357,411.095,1980,3201,84.0,57.0,44.0
1784041549.453364,411.095,1980,3201,84.0,57.0,44.0
1784041549.463365,411.095,1980,3201,84.0,57.0,44.0
1784041549.473364,411.095,1980,3201,84.0,57.0,44.0
1784041549.483363,411.095,1980,3201,84.0,57.0,44.0
1784041549.493364,411.095,1980,3201,84.0,57.0,44.0
1784041549.503358,411.095,1980,3201,84.0,57.0,44.0
1784041549.513370,410.792,1980,3201,84.0,57.0,44.0
1784041549.523365,410.792,1980,3201,84.0,57.0,44.0
1784041549.533369,410.792,1980,3201,84.0,57.0,44.0
1784041549.543367,410.792,1980,3201,84.0,57.0,44.0
1784041549.553370,410.792,1980,3201,84.0,57.0,44.0
1784041549.563367,410.792,1980,3201,84.0,57.0,44.0
1784041549.573739,410.792,1980,3201,84.0,57.0,44.0
1784041549.583366,410.792,1980,3201,84.0,57.0,44.0
1784041549.593368,410.792,1980,3201,84.0,57.0,44.0
1784041549.603369,410.792,1980,3201,84.0,57.0,44.0
1784041549.613368,412.169,1980,3201,84.0,57.0,45.0
1784041549.623371,412.169,1980,3201,84.0,57.0,45.0
1784041549.633366,412.169,1980,3201,84.0,57.0,45.0
1784041549.643369,412.169,1980,3201,84.0,57.0,45.0
1784041549.653366,412.169,1980,3201,84.0,57.0,45.0
1784041549.663367,412.169,1980,3201,84.0,57.0,45.0
1784041549.673371,412.169,1980,3201,84.0,57.0,45.0
1784041549.683367,412.169,1980,3201,84.0,57.0,45.0
1784041549.693405,412.169,1980,3201,84.0,57.0,45.0
1784041549.703367,412.169,1980,3201,84.0,57.0,45.0
1784041549.713370,406.410,1980,3201,83.0,53.0,44.0
1784041549.723366,406.410,1980,3201,83.0,53.0,44.0
1784041549.733366,406.410,1980,3201,83.0,53.0,44.0
1784041549.743371,406.410,1980,3201,83.0,53.0,44.0
1784041549.753366,406.410,1980,3201,83.0,53.0,44.0
1784041549.763367,406.410,1980,3201,83.0,53.0,44.0
1784041549.773364,406.410,1980,3201,83.0,53.0,44.0
1784041549.783365,406.410,1980,3201,83.0,53.0,44.0
1784041549.793366,406.410,1980,3201,83.0,53.0,44.0
1784041549.803365,406.410,1980,3201,83.0,53.0,44.0
1784041549.813367,405.285,1980,3201,83.0,53.0,44.0
1784041549.823364,405.285,1980,3201,83.0,53.0,44.0
1784041549.833362,405.285,1980,3201,83.0,53.0,44.0
1784041549.843360,405.285,1980,3201,83.0,53.0,44.0
1784041549.853358,405.285,1980,3201,83.0,53.0,44.0
1784041549.863360,405.285,1980,3201,83.0,53.0,44.0
1784041549.873361,405.285,1980,3201,83.0,53.0,44.0
1784041549.883360,405.285,1980,3201,83.0,53.0,44.0
1784041549.893360,405.285,1980,3201,83.0,53.0,44.0
1784041549.903360,405.285,1980,3201,83.0,53.0,44.0
1784041549.913360,404.869,1980,3201,83.0,56.0,44.0
1784041549.923603,404.869,1980,3201,83.0,56.0,44.0
1784041549.933361,404.869,1980,3201,83.0,56.0,44.0
1784041549.943465,404.869,1980,3201,83.0,56.0,44.0
1784041549.953369,404.869,1980,3201,83.0,56.0,44.0
1784041549.963368,404.869,1980,3201,83.0,56.0,44.0
1784041549.973367,404.869,1980,3201,83.0,56.0,44.0
1784041549.983366,404.869,1980,3201,83.0,56.0,44.0
1784041549.993366,404.869,1980,3201,83.0,56.0,44.0
1784041550.003367,404.869,1980,3201,83.0,56.0,44.0
1784041550.013745,404.852,1980,3201,83.0,56.0,44.0
1784041550.023368,404.852,1980,3201,83.0,56.0,44.0
1784041550.033366,404.852,1980,3201,83.0,56.0,44.0
1784041550.043369,404.852,1980,3201,83.0,56.0,44.0
1784041550.053369,404.852,1980,3201,83.0,56.0,44.0
1784041550.063367,404.852,1980,3201,83.0,56.0,44.0
1784041550.073367,404.852,1980,3201,83.0,56.0,44.0
1784041550.083368,404.852,1980,3201,83.0,56.0,44.0
1784041550.093367,404.852,1980,3201,83.0,56.0,44.0
1784041550.103360,404.852,1980,3201,83.0,56.0,44.0
1784041550.113366,405.588,1980,3201,85.0,57.0,44.0
1784041550.123816,405.588,1980,3201,85.0,57.0,44.0
1784041550.133366,405.588,1980,3201,85.0,57.0,44.0
1784041550.143366,405.588,1980,3201,85.0,57.0,44.0
1784041550.153367,405.588,1980,3201,85.0,57.0,44.0
1784041550.163367,405.588,1980,3201,85.0,57.0,44.0
1784041550.173368,405.588,1980,3201,85.0,57.0,44.0
1784041550.183367,405.588,1980,3201,85.0,57.0,44.0
1784041550.193360,405.588,1980,3201,85.0,57.0,44.0
1784041550.203362,405.588,1980,3201,85.0,57.0,44.0
1784041550.213662,405.402,1980,3201,85.0,57.0,44.0
1784041550.223362,405.402,1980,3201,85.0,57.0,44.0
1784041550.233362,405.402,1980,3201,85.0,57.0,44.0
1784041550.243359,405.402,1980,3201,85.0,57.0,44.0
1784041550.253361,405.402,1980,3201,85.0,57.0,44.0
1784041550.263356,405.402,1980,3201,85.0,57.0,44.0
1784041550.273362,405.402,1980,3201,85.0,57.0,44.0
1784041550.283606,405.402,1980,3201,85.0,57.0,44.0
1784041550.293362,405.402,1980,3201,85.0,57.0,44.0
1784041550.303362,405.402,1980,3201,85.0,57.0,44.0
1784041550.313364,405.785,1980,3201,85.0,57.0,44.0
1784041550.323362,405.785,1980,3201,85.0,57.0,44.0
1784041550.333355,405.785,1980,3201,85.0,57.0,44.0
1784041550.343362,405.785,1980,3201,85.0,57.0,44.0
1784041550.353521,405.785,1980,3201,85.0,57.0,44.0
1784041550.363363,405.785,1980,3201,85.0,57.0,44.0
1784041550.373363,405.785,1980,3201,85.0,57.0,44.0
1784041550.383364,405.785,1980,3201,85.0,57.0,44.0
1784041550.393364,405.785,1980,3201,85.0,57.0,44.0
1784041550.403327,405.785,1980,3201,85.0,57.0,44.0
1784041550.413413,406.401,1980,3201,85.0,57.0,44.0
1784041550.423369,406.401,1980,3201,85.0,57.0,44.0
1784041550.433360,406.401,1980,3201,85.0,57.0,44.0
1784041550.443368,406.401,1980,3201,85.0,57.0,44.0
1784041550.453367,406.401,1980,3201,85.0,57.0,44.0
1784041550.463368,406.401,1980,3201,85.0,57.0,44.0
1784041550.473368,406.401,1980,3201,85.0,57.0,44.0
1784041550.483366,406.401,1980,3201,85.0,57.0,44.0
1784041550.493367,406.401,1980,3201,85.0,57.0,44.0
1784041550.503366,406.401,1980,3201,85.0,57.0,44.0
1784041550.513367,411.046,1980,3201,85.0,58.0,46.0
1784041550.523366,411.046,1980,3201,85.0,58.0,46.0
1784041550.533366,411.046,1980,3201,85.0,58.0,46.0
1784041550.543364,411.046,1980,3201,85.0,58.0,46.0
1784041550.553366,411.046,1980,3201,85.0,58.0,46.0
1784041550.563364,411.046,1980,3201,85.0,58.0,46.0
1784041550.573364,411.046,1980,3201,85.0,58.0,46.0
1784041550.583366,411.046,1980,3201,85.0,58.0,46.0
1784041550.593366,411.046,1980,3201,85.0,58.0,46.0
1784041550.603365,411.046,1980,3201,85.0,58.0,46.0
1784041550.613364,410.111,1980,3201,85.0,58.0,45.0
1784041550.623366,410.111,1980,3201,85.0,58.0,45.0
1784041550.633365,410.111,1980,3201,85.0,58.0,45.0
1784041550.643367,410.111,1980,3201,85.0,58.0,45.0
1784041550.653364,410.111,1980,3201,85.0,58.0,45.0
1784041550.663365,410.111,1980,3201,85.0,58.0,45.0
1784041550.673369,410.111,1980,3201,85.0,58.0,45.0
1784041550.683364,410.111,1980,3201,85.0,58.0,45.0
1784041550.693367,410.111,1980,3201,85.0,58.0,45.0
1784041550.703367,410.111,1980,3201,85.0,58.0,45.0
1784041550.713368,410.186,1980,3201,85.0,57.0,45.0
1784041550.723366,410.186,1980,3201,85.0,57.0,45.0
1784041550.733457,410.186,1980,3201,85.0,57.0,45.0
1784041550.743368,410.186,1980,3201,85.0,57.0,45.0
1784041550.753369,410.186,1980,3201,85.0,57.0,45.0
1784041550.763368,410.186,1980,3201,85.0,57.0,45.0
1784041550.773365,410.186,1980,3201,85.0,57.0,45.0
1784041550.783370,410.186,1980,3201,85.0,57.0,45.0
1784041550.793366,410.186,1980,3201,85.0,57.0,45.0
1784041550.803367,410.186,1980,3201,85.0,57.0,45.0
1784041550.813367,410.795,1980,3201,85.0,57.0,45.0
1784041550.823368,410.795,1980,3201,85.0,57.0,45.0
1784041550.833368,410.795,1980,3201,85.0,57.0,45.0
1784041550.843366,410.795,1980,3201,85.0,57.0,45.0
1784041550.853371,410.795,1980,3201,85.0,57.0,45.0
1784041550.863367,410.795,1980,3201,85.0,57.0,45.0
1784041550.873370,410.795,1980,3201,85.0,57.0,45.0
1784041550.883368,410.795,1980,3201,85.0,57.0,45.0
1784041550.893365,410.795,1980,3201,85.0,57.0,45.0
1784041550.903366,410.795,1980,3201,85.0,57.0,45.0
1784041550.913363,410.082,1980,3201,83.0,56.0,44.0
1784041550.923367,410.082,1980,3201,83.0,56.0,44.0
1784041550.933362,410.082,1980,3201,83.0,56.0,44.0
1784041550.943362,410.082,1980,3201,83.0,56.0,44.0
1784041550.953362,410.082,1980,3201,83.0,56.0,44.0
1784041550.963362,410.082,1980,3201,83.0,56.0,44.0
1784041550.973363,410.082,1980,3201,83.0,56.0,44.0
1784041550.983363,410.082,1980,3201,83.0,56.0,44.0
1784041550.993361,410.082,1980,3201,83.0,56.0,44.0
1784041551.003363,410.082,1980,3201,83.0,56.0,44.0
1784041551.013362,410.329,1980,3201,83.0,56.0,44.0
1784041551.023363,410.329,1980,3201,83.0,56.0,44.0
1784041551.033363,410.329,1980,3201,83.0,56.0,44.0
1784041551.043364,410.329,1980,3201,83.0,56.0,44.0
1784041551.053363,410.329,1980,3201,83.0,56.0,44.0
1784041551.063363,410.329,1980,3201,83.0,56.0,44.0
1784041551.073446,410.329,1980,3201,83.0,56.0,44.0
1784041551.083372,410.329,1980,3201,83.0,56.0,44.0
1784041551.093384,410.329,1980,3201,83.0,56.0,44.0
1784041551.103419,410.329,1980,3201,83.0,56.0,44.0
1784041551.113373,408.364,1980,3201,84.0,57.0,44.0
1784041551.123372,408.364,1980,3201,84.0,57.0,44.0
1784041551.133373,408.364,1980,3201,84.0,57.0,44.0
1784041551.143375,408.364,1980,3201,84.0,57.0,44.0
1784041551.153409,408.364,1980,3201,84.0,57.0,44.0
1784041551.163627,408.364,1980,3201,84.0,57.0,44.0
1784041551.173372,408.364,1980,3201,84.0,57.0,44.0
1784041551.183373,408.364,1980,3201,84.0,57.0,44.0
1784041551.193372,408.364,1980,3201,84.0,57.0,44.0
1784041551.203372,408.364,1980,3201,84.0,57.0,44.0
1784041551.213364,408.120,1980,3201,84.0,57.0,44.0
1784041551.223372,408.120,1980,3201,84.0,57.0,44.0
1784041551.233373,408.120,1980,3201,84.0,57.0,44.0
1784041551.243372,408.120,1980,3201,84.0,57.0,44.0
1784041551.253372,408.120,1980,3201,84.0,57.0,44.0
1784041551.263374,408.120,1980,3201,84.0,57.0,44.0
1784041551.273372,408.120,1980,3201,84.0,57.0,44.0
1784041551.283373,408.120,1980,3201,84.0,57.0,44.0
1784041551.293373,408.120,1980,3201,84.0,57.0,44.0
1784041551.303373,408.120,1980,3201,84.0,57.0,44.0
1784041551.313372,407.433,1980,3201,84.0,57.0,44.0
1784041551.323374,407.433,1980,3201,84.0,57.0,44.0
1784041551.333373,407.433,1980,3201,84.0,57.0,44.0
1784041551.343373,407.433,1980,3201,84.0,57.0,44.0
1784041551.353373,407.433,1980,3201,84.0,57.0,44.0
1784041551.363373,407.433,1980,3201,84.0,57.0,44.0
1784041551.373372,407.433,1980,3201,84.0,57.0,44.0
1784041551.383374,407.433,1980,3201,84.0,57.0,44.0
1784041551.393372,407.433,1980,3201,84.0,57.0,44.0
1784041551.403373,407.433,1980,3201,84.0,57.0,44.0
1784041551.413373,408.434,1980,3201,84.0,57.0,43.0
1784041551.423363,408.434,1980,3201,84.0,57.0,43.0
1784041551.433372,408.434,1980,3201,84.0,57.0,43.0
1784041551.443420,408.434,1980,3201,84.0,57.0,43.0
1784041551.453373,408.434,1980,3201,84.0,57.0,43.0
1784041551.463372,408.434,1980,3201,84.0,57.0,43.0
1784041551.473373,408.434,1980,3201,84.0,57.0,43.0
1784041551.483427,408.434,1980,3201,84.0,57.0,43.0
1784041551.493692,408.434,1980,3201,84.0,57.0,43.0
1784041551.503420,408.434,1980,3201,84.0,57.0,43.0
1784041551.513367,402.684,1980,3201,83.0,55.0,45.0
1784041551.523367,402.684,1980,3201,83.0,55.0,45.0
1784041551.533366,402.684,1980,3201,83.0,55.0,45.0
1784041551.543366,402.684,1980,3201,83.0,55.0,45.0
1784041551.553365,402.684,1980,3201,83.0,55.0,45.0
1784041551.563366,402.684,1980,3201,83.0,55.0,45.0
1784041551.573367,402.684,1980,3201,83.0,55.0,45.0
1784041551.583356,402.684,1980,3201,83.0,55.0,45.0
1784041551.593366,402.684,1980,3201,83.0,55.0,45.0
1784041551.603446,402.684,1980,3201,83.0,55.0,45.0
1784041551.613366,403.616,1980,3201,83.0,55.0,45.0
1784041551.623388,403.616,1980,3201,83.0,55.0,45.0
1784041551.633366,403.616,1980,3201,83.0,55.0,45.0
1784041551.643366,403.616,1980,3201,83.0,55.0,45.0
1784041551.653366,403.616,1980,3201,83.0,55.0,45.0
1784041551.663367,403.616,1980,3201,83.0,55.0,45.0
1784041551.673365,403.616,1980,3201,83.0,55.0,45.0
1784041551.683367,403.616,1980,3201,83.0,55.0,45.0
1784041551.693357,403.616,1980,3201,83.0,55.0,45.0
1784041551.703365,403.616,1980,3201,83.0,55.0,45.0
1784041551.713538,403.447,1980,3201,85.0,57.0,45.0
1784041551.723368,403.447,1980,3201,85.0,57.0,45.0
1784041551.733366,403.447,1980,3201,85.0,57.0,45.0
1784041551.743367,403.447,1980,3201,85.0,57.0,45.0
1784041551.753474,403.447,1980,3201,85.0,57.0,45.0
1784041551.763367,403.447,1980,3201,85.0,57.0,45.0
1784041551.773420,403.447,1980,3201,85.0,57.0,45.0
1784041551.783360,403.447,1980,3201,85.0,57.0,45.0
1784041551.793389,403.447,1980,3201,85.0,57.0,45.0
1784041551.803662,403.447,1980,3201,85.0,57.0,45.0
1784041551.813387,405.063,1980,3201,85.0,57.0,45.0
1784041551.823367,405.063,1980,3201,85.0,57.0,45.0
1784041551.833368,405.063,1980,3201,85.0,57.0,45.0
1784041551.843370,405.063,1980,3201,85.0,57.0,45.0
1784041551.853368,405.063,1980,3201,85.0,57.0,45.0
1784041551.863369,405.063,1980,3201,85.0,57.0,45.0
1784041551.873357,405.063,1980,3201,85.0,57.0,45.0
1784041551.883419,405.063,1980,3201,85.0,57.0,45.0
1784041551.893402,405.063,1980,3201,85.0,57.0,45.0
1784041551.903372,405.063,1980,3201,85.0,57.0,45.0
1784041551.913367,405.177,1980,3201,84.0,57.0,44.0
1784041551.923369,405.177,1980,3201,84.0,57.0,44.0
1784041551.933365,405.177,1980,3201,84.0,57.0,44.0
1784041551.943364,405.177,1980,3201,84.0,57.0,44.0
1784041551.953365,405.177,1980,3201,84.0,57.0,44.0
1784041551.963366,405.177,1980,3201,84.0,57.0,44.0
1784041551.973366,405.177,1980,3201,84.0,57.0,44.0
1784041551.983365,405.177,1980,3201,84.0,57.0,44.0
1784041551.993367,405.177,1980,3201,84.0,57.0,44.0
1784041552.003364,405.177,1980,3201,84.0,57.0,44.0
1784041552.013368,405.229,1980,3201,84.0,57.0,45.0
1784041552.023366,405.229,1980,3201,84.0,57.0,45.0
1784041552.033650,405.229,1980,3201,84.0,57.0,45.0
1784041552.043368,405.229,1980,3201,84.0,57.0,45.0
1784041552.053365,405.229,1980,3201,84.0,57.0,45.0
1784041552.063367,405.229,1980,3201,84.0,57.0,45.0
1784041552.073360,405.229,1980,3201,84.0,57.0,45.0
1784041552.083367,405.229,1980,3201,84.0,57.0,45.0
1784041552.093364,405.229,1980,3201,84.0,57.0,45.0
1784041552.103474,405.229,1980,3201,84.0,57.0,45.0
1784041552.113375,406.172,1980,3201,84.0,57.0,45.0
1784041552.123367,406.172,1980,3201,84.0,57.0,45.0
1784041552.133369,406.172,1980,3201,84.0,57.0,45.0
1784041552.143365,406.172,1980,3201,84.0,57.0,45.0
1784041552.153369,406.172,1980,3201,84.0,57.0,45.0
1784041552.163365,406.172,1980,3201,84.0,57.0,45.0
1784041552.173368,406.172,1980,3201,84.0,57.0,45.0
1784041552.183368,406.172,1980,3201,84.0,57.0,45.0
1784041552.193368,406.172,1980,3201,84.0,57.0,45.0
1784041552.203369,406.172,1980,3201,84.0,57.0,45.0
1784041552.213366,406.929,1980,3201,84.0,57.0,45.0
1784041552.223741,406.929,1980,3201,84.0,57.0,45.0
1784041552.233369,406.929,1980,3201,84.0,57.0,45.0
1784041552.243367,406.929,1980,3201,84.0,57.0,45.0
1784041552.253363,406.929,1980,3201,84.0,57.0,45.0
1784041552.263365,406.929,1980,3201,84.0,57.0,45.0
1784041552.273365,406.929,1980,3201,84.0,57.0,45.0
1784041552.283364,406.929,1980,3201,84.0,57.0,45.0
1784041552.293364,406.929,1980,3201,84.0,57.0,45.0
1784041552.303365,406.929,1980,3201,84.0,57.0,45.0
1784041552.313366,409.124,1980,3201,84.0,57.0,44.0
1784041552.323360,409.124,1980,3201,84.0,57.0,44.0
1784041552.333364,409.124,1980,3201,84.0,57.0,44.0
1784041552.343362,409.124,1980,3201,84.0,57.0,44.0
1784041552.353361,409.124,1980,3201,84.0,57.0,44.0
1784041552.363359,409.124,1980,3201,84.0,57.0,44.0
1784041552.373358,409.124,1980,3201,84.0,57.0,44.0
1784041552.383360,409.124,1980,3201,84.0,57.0,44.0
1784041552.393361,409.124,1980,3201,84.0,57.0,44.0
1784041552.403361,409.124,1980,3201,84.0,57.0,44.0
1784041552.413360,408.748,1980,3201,84.0,57.0,45.0
1784041552.423360,408.748,1980,3201,84.0,57.0,45.0
1784041552.433360,408.748,1980,3201,84.0,57.0,45.0
1784041552.443490,408.748,1980,3201,84.0,57.0,45.0
1784041552.453359,408.748,1980,3201,84.0,57.0,45.0
1784041552.463359,408.748,1980,3201,84.0,57.0,45.0
1784041552.473479,408.748,1980,3201,84.0,57.0,45.0
1784041552.483366,408.748,1980,3201,84.0,57.0,45.0
1784041552.493366,408.748,1980,3201,84.0,57.0,45.0
1784041552.503367,408.748,1980,3201,84.0,57.0,45.0
1784041552.513360,409.324,1980,3201,85.0,57.0,45.0
1784041552.523369,409.324,1980,3201,85.0,57.0,45.0
1784041552.533357,409.324,1980,3201,85.0,57.0,45.0
1784041552.543421,409.324,1980,3201,85.0,57.0,45.0
1784041552.553364,409.324,1980,3201,85.0,57.0,45.0
1784041552.563363,409.324,1980,3201,85.0,57.0,45.0
1784041552.573359,409.324,1980,3201,85.0,57.0,45.0
1784041552.583360,409.324,1980,3201,85.0,57.0,45.0
1784041552.593361,409.324,1980,3201,85.0,57.0,45.0
1784041552.603361,409.324,1980,3201,85.0,57.0,45.0
1784041552.613360,408.721,1980,3201,85.0,57.0,45.0
1784041552.623362,408.721,1980,3201,85.0,57.0,45.0
1784041552.633361,408.721,1980,3201,85.0,57.0,45.0
1784041552.643363,408.721,1980,3201,85.0,57.0,45.0
1784041552.653361,408.721,1980,3201,85.0,57.0,45.0
1784041552.663361,408.721,1980,3201,85.0,57.0,45.0
1784041552.673361,408.721,1980,3201,85.0,57.0,45.0
1784041552.683361,408.721,1980,3201,85.0,57.0,45.0
1784041552.693361,408.721,1980,3201,85.0,57.0,45.0
1784041552.703444,408.721,1980,3201,85.0,57.0,45.0
1784041552.713504,408.611,1980,3201,84.0,57.0,45.0
1784041552.723367,408.611,1980,3201,84.0,57.0,45.0
1784041552.733367,408.611,1980,3201,84.0,57.0,45.0
1784041552.743411,408.611,1980,3201,84.0,57.0,45.0
1784041552.753366,408.611,1980,3201,84.0,57.0,45.0
1784041552.763368,408.611,1980,3201,84.0,57.0,45.0
1784041552.773367,408.611,1980,3201,84.0,57.0,45.0
1784041552.783360,408.611,1980,3201,84.0,57.0,45.0
1784041552.793367,408.611,1980,3201,84.0,57.0,45.0
1784041552.803506,408.611,1980,3201,84.0,57.0,45.0
1784041552.813367,408.274,1980,3201,84.0,57.0,45.0
1784041552.823368,408.274,1980,3201,84.0,57.0,45.0
1784041552.833368,408.274,1980,3201,84.0,57.0,45.0
1784041552.843368,408.274,1980,3201,84.0,57.0,45.0
1784041552.853407,408.274,1980,3201,84.0,57.0,45.0
1784041552.863368,408.274,1980,3201,84.0,57.0,45.0
1784041552.873357,408.274,1980,3201,84.0,57.0,45.0
1784041552.883368,408.274,1980,3201,84.0,57.0,45.0
1784041552.893559,408.274,1980,3201,84.0,57.0,45.0
1784041552.903368,408.274,1980,3201,84.0,57.0,45.0
1784041552.913367,408.407,1980,3201,85.0,57.0,45.0
1784041552.923368,408.407,1980,3201,85.0,57.0,45.0
1784041552.933370,408.407,1980,3201,85.0,57.0,45.0
1784041552.943360,408.407,1980,3201,85.0,57.0,45.0
1784041552.953409,408.407,1980,3201,85.0,57.0,45.0
1784041552.963358,408.407,1980,3201,85.0,57.0,45.0
1784041552.973366,408.407,1980,3201,85.0,57.0,45.0
1784041552.983368,408.407,1980,3201,85.0,57.0,45.0
1784041552.993363,408.407,1980,3201,85.0,57.0,45.0
1784041553.003360,408.407,1980,3201,85.0,57.0,45.0
1784041553.013361,409.276,1980,3201,85.0,57.0,45.0
1784041553.023428,409.276,1980,3201,85.0,57.0,45.0
1784041553.033357,409.276,1980,3201,85.0,57.0,45.0
1784041553.043368,409.276,1980,3201,85.0,57.0,45.0
1784041553.053372,409.276,1980,3201,85.0,57.0,45.0
1784041553.063371,409.276,1980,3201,85.0,57.0,45.0
1784041553.073370,409.276,1980,3201,85.0,57.0,45.0
1784041553.083372,409.276,1980,3201,85.0,57.0,45.0
1784041553.093372,409.276,1980,3201,85.0,57.0,45.0
1784041553.103370,409.276,1980,3201,85.0,57.0,45.0
1784041553.113369,409.463,1980,3201,85.0,58.0,45.0
1784041553.123370,409.463,1980,3201,85.0,58.0,45.0
1784041553.133395,409.463,1980,3201,85.0,58.0,45.0
1784041553.143379,409.463,1980,3201,85.0,58.0,45.0
1784041553.153392,409.463,1980,3201,85.0,58.0,45.0
1784041553.163418,409.463,1980,3201,85.0,58.0,45.0
1784041553.173422,409.463,1980,3201,85.0,58.0,45.0
1784041553.183386,409.463,1980,3201,85.0,58.0,45.0
1784041553.193371,409.463,1980,3201,85.0,58.0,45.0
1784041553.203374,409.463,1980,3201,85.0,58.0,45.0
1784041553.213371,413.607,1980,3201,85.0,58.0,45.0
1784041553.223371,413.607,1980,3201,85.0,58.0,45.0
1784041553.233560,413.607,1980,3201,85.0,58.0,45.0
1784041553.243371,413.607,1980,3201,85.0,58.0,45.0
1784041553.253371,413.607,1980,3201,85.0,58.0,45.0
1784041553.263371,413.607,1980,3201,85.0,58.0,45.0
1784041553.273371,413.607,1980,3201,85.0,58.0,45.0
1784041553.283398,413.607,1980,3201,85.0,58.0,45.0
1784041553.293371,413.607,1980,3201,85.0,58.0,45.0
1784041553.303857,413.607,1980,3201,85.0,58.0,45.0
1784041553.313371,412.477,1980,3201,80.0,51.0,45.0
1784041553.323405,412.477,1980,3201,80.0,51.0,45.0
1784041553.333371,412.477,1980,3201,80.0,51.0,45.0
1784041553.343372,412.477,1980,3201,80.0,51.0,45.0
1784041553.353372,412.477,1980,3201,80.0,51.0,45.0
1784041553.363371,412.477,1980,3201,80.0,51.0,45.0
1784041553.373865,412.477,1980,3201,80.0,51.0,45.0
1784041553.383371,412.477,1980,3201,80.0,51.0,45.0
1784041553.393373,412.477,1980,3201,80.0,51.0,45.0
1784041553.403371,412.477,1980,3201,80.0,51.0,45.0
1784041553.413372,410.732,1980,3201,80.0,51.0,45.0
1784041553.423361,410.732,1980,3201,80.0,51.0,45.0
1784041553.433371,410.732,1980,3201,80.0,51.0,45.0
1784041553.443424,410.732,1980,3201,80.0,51.0,45.0
1784041553.453371,410.732,1980,3201,80.0,51.0,45.0
1784041553.463403,410.732,1980,3201,80.0,51.0,45.0
1784041553.473376,410.732,1980,3201,80.0,51.0,45.0
1784041553.483391,410.732,1980,3201,80.0,51.0,45.0
1784041553.493362,410.732,1980,3201,80.0,51.0,45.0
1784041553.503371,410.732,1980,3201,80.0,51.0,45.0
1784041553.513380,409.958,1980,3201,83.0,56.0,45.0
1784041553.523368,409.958,1980,3201,83.0,56.0,45.0
1784041553.533367,409.958,1980,3201,83.0,56.0,45.0
1784041553.543367,409.958,1980,3201,83.0,56.0,45.0
1784041553.553366,409.958,1980,3201,83.0,56.0,45.0
1784041553.563369,409.958,1980,3201,83.0,56.0,45.0
1784041553.573366,409.958,1980,3201,83.0,56.0,45.0
1784041553.583366,409.958,1980,3201,83.0,56.0,45.0
1784041553.593412,409.958,1980,3201,83.0,56.0,45.0
1784041553.603584,409.958,1980,3201,83.0,56.0,45.0
1784041553.613367,410.338,1980,3201,83.0,56.0,45.0
1784041553.623366,410.338,1980,3201,83.0,56.0,45.0
1784041553.633367,410.338,1980,3201,83.0,56.0,45.0
1784041553.643366,410.338,1980,3201,83.0,56.0,45.0
1784041553.653366,410.338,1980,3201,83.0,56.0,45.0
1784041553.663367,410.338,1980,3201,83.0,56.0,45.0
1784041553.673384,410.338,1980,3201,83.0,56.0,45.0
1784041553.683419,410.338,1980,3201,83.0,56.0,45.0
1784041553.693400,410.338,1980,3201,83.0,56.0,45.0
1784041553.703367,410.338,1980,3201,83.0,56.0,45.0
1784041553.713371,410.636,1980,3201,85.0,57.0,45.0
1784041553.723367,410.636,1980,3201,85.0,57.0,45.0
1784041553.733366,410.636,1980,3201,85.0,57.0,45.0
1784041553.743366,410.636,1980,3201,85.0,57.0,45.0
1784041553.753367,410.636,1980,3201,85.0,57.0,45.0
1784041553.763366,410.636,1980,3201,85.0,57.0,45.0
1784041553.773366,410.636,1980,3201,85.0,57.0,45.0
1784041553.783366,410.636,1980,3201,85.0,57.0,45.0
1784041553.793366,410.636,1980,3201,85.0,57.0,45.0
1784041553.803666,410.636,1980,3201,85.0,57.0,45.0
1784041553.813366,410.515,1980,3201,85.0,57.0,45.0
1784041553.823386,410.515,1980,3201,85.0,57.0,45.0
1784041553.833366,410.515,1980,3201,85.0,57.0,45.0
1784041553.843366,410.515,1980,3201,85.0,57.0,45.0
1784041553.853366,410.515,1980,3201,85.0,57.0,45.0
1784041553.863366,410.515,1980,3201,85.0,57.0,45.0
1784041553.873367,410.515,1980,3201,85.0,57.0,45.0
1784041553.883366,410.515,1980,3201,85.0,57.0,45.0
1784041553.893516,410.515,1980,3201,85.0,57.0,45.0
1784041553.903370,410.515,1980,3201,85.0,57.0,45.0
1784041553.913456,411.297,1980,3201,85.0,58.0,45.0
1784041553.923366,411.297,1980,3201,85.0,58.0,45.0
1784041553.933367,411.297,1980,3201,85.0,58.0,45.0
1784041553.943368,411.297,1980,3201,85.0,58.0,45.0
1784041553.953422,411.297,1980,3201,85.0,58.0,45.0
1784041553.963366,411.297,1980,3201,85.0,58.0,45.0
1784041553.973366,411.297,1980,3201,85.0,58.0,45.0
1784041553.983749,411.297,1980,3201,85.0,58.0,45.0
1784041553.993367,411.297,1980,3201,85.0,58.0,45.0
1784041554.003368,411.297,1980,3201,85.0,58.0,45.0
1784041554.013368,410.897,1980,3201,85.0,58.0,45.0
1784041554.023366,410.897,1980,3201,85.0,58.0,45.0
1784041554.033373,410.897,1980,3201,85.0,58.0,45.0
1784041554.043367,410.897,1980,3201,85.0,58.0,45.0
1784041554.053364,410.897,1980,3201,85.0,58.0,45.0
1784041554.063388,410.897,1980,3201,85.0,58.0,45.0
1784041554.073370,410.897,1980,3201,85.0,58.0,45.0
1784041554.083368,410.897,1980,3201,85.0,58.0,45.0
1784041554.093369,410.897,1980,3201,85.0,58.0,45.0
1784041554.103368,410.897,1980,3201,85.0,58.0,45.0
1784041554.113368,410.947,1980,3201,81.0,52.0,45.0
1784041554.123372,410.947,1980,3201,81.0,52.0,45.0
1784041554.133750,410.947,1980,3201,81.0,52.0,45.0
1784041554.143370,410.947,1980,3201,81.0,52.0,45.0
1784041554.153368,410.947,1980,3201,81.0,52.0,45.0
1784041554.163368,410.947,1980,3201,81.0,52.0,45.0
1784041554.173367,410.947,1980,3201,81.0,52.0,45.0
1784041554.183368,410.947,1980,3201,81.0,52.0,45.0
1784041554.193370,410.947,1980,3201,81.0,52.0,45.0
1784041554.203366,410.947,1980,3201,81.0,52.0,45.0
1784041554.213367,408.726,1980,3201,81.0,52.0,45.0
1784041554.223542,408.726,1980,3201,81.0,52.0,45.0
1784041554.233366,408.726,1980,3201,81.0,52.0,45.0
1784041554.243410,408.726,1980,3201,81.0,52.0,45.0
1784041554.253367,408.726,1980,3201,81.0,52.0,45.0
1784041554.263368,408.726,1980,3201,81.0,52.0,45.0
1784041554.273382,408.726,1980,3201,81.0,52.0,45.0
1784041554.283367,408.726,1980,3201,81.0,52.0,45.0
1784041554.293370,408.726,1980,3201,81.0,52.0,45.0
1784041554.303367,408.726,1980,3201,81.0,52.0,45.0
1784041554.313360,406.890,1980,3201,85.0,57.0,45.0
1784041554.323394,406.890,1980,3201,85.0,57.0,45.0
1784041554.333820,406.890,1980,3201,85.0,57.0,45.0
1784041554.343371,406.890,1980,3201,85.0,57.0,45.0
1784041554.353367,406.890,1980,3201,85.0,57.0,45.0
1784041554.363367,406.890,1980,3201,85.0,57.0,45.0
1784041554.373365,406.890,1980,3201,85.0,57.0,45.0
1784041554.383377,406.890,1980,3201,85.0,57.0,45.0
1784041554.393367,406.890,1980,3201,85.0,57.0,45.0
1784041554.403366,406.890,1980,3201,85.0,57.0,45.0
1784041554.413367,408.328,1980,3201,85.0,57.0,45.0
1784041554.423649,408.328,1980,3201,85.0,57.0,45.0
1784041554.433368,408.328,1980,3201,85.0,57.0,45.0
1784041554.443368,408.328,1980,3201,85.0,57.0,45.0
1784041554.453369,408.328,1980,3201,85.0,57.0,45.0
1784041554.463413,408.328,1980,3201,85.0,57.0,45.0
1784041554.473368,408.328,1980,3201,85.0,57.0,45.0
1784041554.483371,408.328,1980,3201,85.0,57.0,45.0
1784041554.493368,408.328,1980,3201,85.0,57.0,45.0
1784041554.503369,408.328,1980,3201,85.0,57.0,45.0
1784041554.513766,408.222,1980,3201,84.0,57.0,45.0
1784041554.523367,408.222,1980,3201,84.0,57.0,45.0
1784041554.533369,408.222,1980,3201,84.0,57.0,45.0
1784041554.543368,408.222,1980,3201,84.0,57.0,45.0
1784041554.553411,408.222,1980,3201,84.0,57.0,45.0
1784041554.563370,408.222,1980,3201,84.0,57.0,45.0
1784041554.573370,408.222,1980,3201,84.0,57.0,45.0
1784041554.583808,408.222,1980,3201,84.0,57.0,45.0
1784041554.593368,408.222,1980,3201,84.0,57.0,45.0
1784041554.603369,408.222,1980,3201,84.0,57.0,45.0
1784041554.613368,407.918,1980,3201,84.0,57.0,45.0
1784041554.623389,407.918,1980,3201,84.0,57.0,45.0
1784041554.633368,407.918,1980,3201,84.0,57.0,45.0
1784041554.643398,407.918,1980,3201,84.0,57.0,45.0
1784041554.653570,407.918,1980,3201,84.0,57.0,45.0
1784041554.663368,407.918,1980,3201,84.0,57.0,45.0
1784041554.673370,407.918,1980,3201,84.0,57.0,45.0
1784041554.683385,407.918,1980,3201,84.0,57.0,45.0
1784041554.693370,407.918,1980,3201,84.0,57.0,45.0
1784041554.703374,407.918,1980,3201,84.0,57.0,45.0
1784041554.713380,408.118,1980,3201,85.0,57.0,45.0
1784041554.723772,408.118,1980,3201,85.0,57.0,45.0
1784041554.733372,408.118,1980,3201,85.0,57.0,45.0
1784041554.743373,408.118,1980,3201,85.0,57.0,45.0
1784041554.753376,408.118,1980,3201,85.0,57.0,45.0
1784041554.763372,408.118,1980,3201,85.0,57.0,45.0
1784041554.773391,408.118,1980,3201,85.0,57.0,45.0
1784041554.783372,408.118,1980,3201,85.0,57.0,45.0
1784041554.793372,408.118,1980,3201,85.0,57.0,45.0
1784041554.803373,408.118,1980,3201,85.0,57.0,45.0
1784041554.813372,407.080,1980,3201,85.0,57.0,45.0
1784041554.823375,407.080,1980,3201,85.0,57.0,45.0
1784041554.833372,407.080,1980,3201,85.0,57.0,45.0
1784041554.843373,407.080,1980,3201,85.0,57.0,45.0
1784041554.853373,407.080,1980,3201,85.0,57.0,45.0
1784041554.863373,407.080,1980,3201,85.0,57.0,45.0
1784041554.873372,407.080,1980,3201,85.0,57.0,45.0
1784041554.883372,407.080,1980,3201,85.0,57.0,45.0
1784041554.893777,407.080,1980,3201,85.0,57.0,45.0
1784041554.903372,407.080,1980,3201,85.0,57.0,45.0
1784041554.913373,406.961,1980,3201,83.0,57.0,45.0
1784041554.923373,406.961,1980,3201,83.0,57.0,45.0
1784041554.933372,406.961,1980,3201,83.0,57.0,45.0
1784041554.943506,406.961,1980,3201,83.0,57.0,45.0
1784041554.953372,406.961,1980,3201,83.0,57.0,45.0
1784041554.963372,406.961,1980,3201,83.0,57.0,45.0
1784041554.973416,406.961,1980,3201,83.0,57.0,45.0
1784041554.983380,406.961,1980,3201,83.0,57.0,45.0
1784041554.993375,406.961,1980,3201,83.0,57.0,45.0
1784041555.003373,406.961,1980,3201,83.0,57.0,45.0
1784041555.013383,409.477,1980,3201,83.0,57.0,45.0
1784041555.023372,409.477,1980,3201,83.0,57.0,45.0
1784041555.033371,409.477,1980,3201,83.0,57.0,45.0
1784041555.043374,409.477,1980,3201,83.0,57.0,45.0
1784041555.053596,409.477,1980,3201,83.0,57.0,45.0
1784041555.063372,409.477,1980,3201,83.0,57.0,45.0
1784041555.073373,409.477,1980,3201,83.0,57.0,45.0
1784041555.083372,409.477,1980,3201,83.0,57.0,45.0
1784041555.093376,409.477,1980,3201,83.0,57.0,45.0
1784041555.103359,409.477,1980,3201,83.0,57.0,45.0
1784041555.113375,410.835,1980,3201,84.0,56.0,45.0
1784041555.123373,410.835,1980,3201,84.0,56.0,45.0
1784041555.133373,410.835,1980,3201,84.0,56.0,45.0
1784041555.143373,410.835,1980,3201,84.0,56.0,45.0
1784041555.153369,410.835,1980,3201,84.0,56.0,45.0
1784041555.163366,410.835,1980,3201,84.0,56.0,45.0
1784041555.173358,410.835,1980,3201,84.0,56.0,45.0
1784041555.183368,410.835,1980,3201,84.0,56.0,45.0
1784041555.193540,410.835,1980,3201,84.0,56.0,45.0
1784041555.203366,410.835,1980,3201,84.0,56.0,45.0
1784041555.213367,409.485,1980,3201,84.0,56.0,45.0
1784041555.223366,409.485,1980,3201,84.0,56.0,45.0
1784041555.233366,409.485,1980,3201,84.0,56.0,45.0
1784041555.243366,409.485,1980,3201,84.0,56.0,45.0
1784041555.253366,409.485,1980,3201,84.0,56.0,45.0
1784041555.263360,409.485,1980,3201,84.0,56.0,45.0
1784041555.273375,409.485,1980,3201,84.0,56.0,45.0
1784041555.283357,409.485,1980,3201,84.0,56.0,45.0
1784041555.293366,409.485,1980,3201,84.0,56.0,45.0
1784041555.303600,409.485,1980,3201,84.0,56.0,45.0
1784041555.313365,410.226,1980,3201,86.0,57.0,45.0
1784041555.323375,410.226,1980,3201,86.0,57.0,45.0
1784041555.333365,410.226,1980,3201,86.0,57.0,45.0
1784041555.343366,410.226,1980,3201,86.0,57.0,45.0
1784041555.353365,410.226,1980,3201,86.0,57.0,45.0
1784041555.363414,410.226,1980,3201,86.0,57.0,45.0
1784041555.373357,410.226,1980,3201,86.0,57.0,45.0
1784041555.383366,410.226,1980,3201,86.0,57.0,45.0
1784041555.393482,410.226,1980,3201,86.0,57.0,45.0
1784041555.403366,410.226,1980,3201,86.0,57.0,45.0
1784041555.413366,409.473,1980,3201,86.0,57.0,45.0
1784041555.423367,409.473,1980,3201,86.0,57.0,45.0
1784041555.433402,409.473,1980,3201,86.0,57.0,45.0
1784041555.443366,409.473,1980,3201,86.0,57.0,45.0
1784041555.453367,409.473,1980,3201,86.0,57.0,45.0
1784041555.463356,409.473,1980,3201,86.0,57.0,45.0
1784041555.473368,409.473,1980,3201,86.0,57.0,45.0
1784041555.483403,409.473,1980,3201,86.0,57.0,45.0
1784041555.493367,409.473,1980,3201,86.0,57.0,45.0
1784041555.503412,409.473,1980,3201,86.0,57.0,45.0
1784041555.513368,410.163,1980,3201,85.0,57.0,45.0
1784041555.523370,410.163,1980,3201,85.0,57.0,45.0
1784041555.533368,410.163,1980,3201,85.0,57.0,45.0
1784041555.543368,410.163,1980,3201,85.0,57.0,45.0
1784041555.553358,410.163,1980,3201,85.0,57.0,45.0
1784041555.563369,410.163,1980,3201,85.0,57.0,45.0
1784041555.573709,410.163,1980,3201,85.0,57.0,45.0
1784041555.583374,410.163,1980,3201,85.0,57.0,45.0
1784041555.593367,410.163,1980,3201,85.0,57.0,45.0
1784041555.603391,410.163,1980,3201,85.0,57.0,45.0
1784041555.613366,409.978,1980,3201,85.0,57.0,45.0
1784041555.623366,409.978,1980,3201,85.0,57.0,45.0
1784041555.633366,409.978,1980,3201,85.0,57.0,45.0
1784041555.643357,409.978,1980,3201,85.0,57.0,45.0
1784041555.653368,409.978,1980,3201,85.0,57.0,45.0
1784041555.663397,409.978,1980,3201,85.0,57.0,45.0
1784041555.673367,409.978,1980,3201,85.0,57.0,45.0
1784041555.683367,409.978,1980,3201,85.0,57.0,45.0
1784041555.693357,409.978,1980,3201,85.0,57.0,45.0
1784041555.703367,409.978,1980,3201,85.0,57.0,45.0
1784041555.713583,410.219,1980,3201,83.0,56.0,45.0
1784041555.723367,410.219,1980,3201,83.0,56.0,45.0
1784041555.733368,410.219,1980,3201,83.0,56.0,45.0
1784041555.743367,410.219,1980,3201,83.0,56.0,45.0
1784041555.753379,410.219,1980,3201,83.0,56.0,45.0
1784041555.763361,410.219,1980,3201,83.0,56.0,45.0
1784041555.773368,410.219,1980,3201,83.0,56.0,45.0
1784041555.783588,410.219,1980,3201,83.0,56.0,45.0
1784041555.793368,410.219,1980,3201,83.0,56.0,45.0
1784041555.803368,410.219,1980,3201,83.0,56.0,45.0
1784041555.813369,411.088,1980,3201,83.0,56.0,45.0
1784041555.823368,411.088,1980,3201,83.0,56.0,45.0
1784041555.833368,411.088,1980,3201,83.0,56.0,45.0
1784041555.843369,411.088,1980,3201,83.0,56.0,45.0
1784041555.853359,411.088,1980,3201,83.0,56.0,45.0
1784041555.863369,411.088,1980,3201,83.0,56.0,45.0
1784041555.873369,411.088,1980,3201,83.0,56.0,45.0
1784041555.883445,411.088,1980,3201,83.0,56.0,45.0
1784041555.893359,411.088,1980,3201,83.0,56.0,45.0
1784041555.903369,411.088,1980,3201,83.0,56.0,45.0
1784041555.913665,409.209,1980,3201,80.0,52.0,45.0
1784041555.923370,409.209,1980,3201,80.0,52.0,45.0
1784041555.933371,409.209,1980,3201,80.0,52.0,45.0
1784041555.943368,409.209,1980,3201,80.0,52.0,45.0
1784041555.953369,409.209,1980,3201,80.0,52.0,45.0
1784041555.963358,409.209,1980,3201,80.0,52.0,45.0
1784041555.973419,409.209,1980,3201,80.0,52.0,45.0
1784041555.983604,409.209,1980,3201,80.0,52.0,45.0
1784041555.993366,409.209,1980,3201,80.0,52.0,45.0
1784041556.003367,409.209,1980,3201,80.0,52.0,45.0
1784041556.013367,409.756,1980,3201,80.0,52.0,45.0
1784041556.023368,409.756,1980,3201,80.0,52.0,45.0
1784041556.033368,409.756,1980,3201,80.0,52.0,45.0
1784041556.043395,409.756,1980,3201,80.0,52.0,45.0
1784041556.053357,409.756,1980,3201,80.0,52.0,45.0
1784041556.063402,409.756,1980,3201,80.0,52.0,45.0
1784041556.073403,409.756,1980,3201,80.0,52.0,45.0
1784041556.083410,409.756,1980,3201,80.0,52.0,45.0
1784041556.093406,409.756,1980,3201,80.0,52.0,45.0
1784041556.103365,409.756,1980,3201,80.0,52.0,45.0
1784041556.113364,408.277,1980,3201,85.0,57.0,45.0
1784041556.123366,408.277,1980,3201,85.0,57.0,45.0
1784041556.133364,408.277,1980,3201,85.0,57.0,45.0
1784041556.143366,408.277,1980,3201,85.0,57.0,45.0
1784041556.153363,408.277,1980,3201,85.0,57.0,45.0
1784041556.163367,408.277,1980,3201,85.0,57.0,45.0
1784041556.173363,408.277,1980,3201,85.0,57.0,45.0
1784041556.183646,408.277,1980,3201,85.0,57.0,45.0
1784041556.193365,408.277,1980,3201,85.0,57.0,45.0
1784041556.203364,408.277,1980,3201,85.0,57.0,45.0
1784041556.213364,408.979,1980,3201,85.0,57.0,45.0
1784041556.223362,408.979,1980,3201,85.0,57.0,45.0
1784041556.233366,408.979,1980,3201,85.0,57.0,45.0
1784041556.243363,408.979,1980,3201,85.0,57.0,45.0
1784041556.253368,408.979,1980,3201,85.0,57.0,45.0
1784041556.263362,408.979,1980,3201,85.0,57.0,45.0
1784041556.273445,408.979,1980,3201,85.0,57.0,45.0
1784041556.283363,408.979,1980,3201,85.0,57.0,45.0
1784041556.293364,408.979,1980,3201,85.0,57.0,45.0
1784041556.303363,408.979,1980,3201,85.0,57.0,45.0
1784041556.313364,407.784,1980,3201,85.0,57.0,45.0
1784041556.323364,407.784,1980,3201,85.0,57.0,45.0
1784041556.333362,407.784,1980,3201,85.0,57.0,45.0
1784041556.343364,407.784,1980,3201,85.0,57.0,45.0
1784041556.353362,407.784,1980,3201,85.0,57.0,45.0
1784041556.363629,407.784,1980,3201,85.0,57.0,45.0
1784041556.373365,407.784,1980,3201,85.0,57.0,45.0
1784041556.383360,407.784,1980,3201,85.0,57.0,45.0
1784041556.393361,407.784,1980,3201,85.0,57.0,45.0
1784041556.403361,407.784,1980,3201,85.0,57.0,45.0
1784041556.413360,408.014,1980,3201,85.0,57.0,45.0
1784041556.423360,408.014,1980,3201,85.0,57.0,45.0
1784041556.433361,408.014,1980,3201,85.0,57.0,45.0
1784041556.443360,408.014,1980,3201,85.0,57.0,45.0
1784041556.453359,408.014,1980,3201,85.0,57.0,45.0
1784041556.463360,408.014,1980,3201,85.0,57.0,45.0
1784041556.473359,408.014,1980,3201,85.0,57.0,45.0
1784041556.483363,408.014,1980,3201,85.0,57.0,45.0
1784041556.493420,408.014,1980,3201,85.0,57.0,45.0
1784041556.503360,408.014,1980,3201,85.0,57.0,45.0
1784041556.513368,408.010,1980,3201,85.0,58.0,45.0
1784041556.523414,408.010,1980,3201,85.0,58.0,45.0
1784041556.533367,408.010,1980,3201,85.0,58.0,45.0
1784041556.543371,408.010,1980,3201,85.0,58.0,45.0
1784041556.553364,408.010,1980,3201,85.0,58.0,45.0
1784041556.563370,408.010,1980,3201,85.0,58.0,45.0
1784041556.573370,408.010,1980,3201,85.0,58.0,45.0
1784041556.583369,408.010,1980,3201,85.0,58.0,45.0
1784041556.593359,408.010,1980,3201,85.0,58.0,45.0
1784041556.603369,408.010,1980,3201,85.0,58.0,45.0
1784041556.613371,408.045,1980,3201,85.0,58.0,45.0
1784041556.623371,408.045,1980,3201,85.0,58.0,45.0
1784041556.633372,408.045,1980,3201,85.0,58.0,45.0
1784041556.643361,408.045,1980,3201,85.0,58.0,45.0
1784041556.653365,408.045,1980,3201,85.0,58.0,45.0
1784041556.663620,408.045,1980,3201,85.0,58.0,45.0
1784041556.673372,408.045,1980,3201,85.0,58.0,45.0
1784041556.683372,408.045,1980,3201,85.0,58.0,45.0
1784041556.693418,408.045,1980,3201,85.0,58.0,45.0
1784041556.703372,408.045,1980,3201,85.0,58.0,45.0
1784041556.713361,407.721,1980,3201,83.0,57.0,45.0
1784041556.723372,407.721,1980,3201,83.0,57.0,45.0
1784041556.733376,407.721,1980,3201,83.0,57.0,45.0
1784041556.743373,407.721,1980,3201,83.0,57.0,45.0
1784041556.753365,407.721,1980,3201,83.0,57.0,45.0
1784041556.763358,407.721,1980,3201,83.0,57.0,45.0
1784041556.773389,407.721,1980,3201,83.0,57.0,45.0
1784041556.783368,407.721,1980,3201,83.0,57.0,45.0
1784041556.793393,407.721,1980,3201,83.0,57.0,45.0
1784041556.803404,407.721,1980,3201,83.0,57.0,45.0
1784041556.813364,406.940,1980,3201,83.0,57.0,45.0
1784041556.823441,406.940,1980,3201,83.0,57.0,45.0
1784041556.833367,406.940,1980,3201,83.0,57.0,45.0
1784041556.843369,406.940,1980,3201,83.0,57.0,45.0
1784041556.853368,406.940,1980,3201,83.0,57.0,45.0
1784041556.863368,406.940,1980,3201,83.0,57.0,45.0
1784041556.873369,406.940,1980,3201,83.0,57.0,45.0
1784041556.883369,406.940,1980,3201,83.0,57.0,45.0
1784041556.893370,406.940,1980,3201,83.0,57.0,45.0
1784041556.903370,406.940,1980,3201,83.0,57.0,45.0
1784041556.913368,411.616,1980,3201,84.0,54.0,46.0
1784041556.923369,411.616,1980,3201,84.0,54.0,46.0
1784041556.933366,411.616,1980,3201,84.0,54.0,46.0
1784041556.943369,411.616,1980,3201,84.0,54.0,46.0
1784041556.953370,411.616,1980,3201,84.0,54.0,46.0
1784041556.963370,411.616,1980,3201,84.0,54.0,46.0
1784041556.973369,411.616,1980,3201,84.0,54.0,46.0
1784041556.983370,411.616,1980,3201,84.0,54.0,46.0
1784041556.993370,411.616,1980,3201,84.0,54.0,46.0
1784041557.003369,411.616,1980,3201,84.0,54.0,46.0
1784041557.013370,409.347,1980,3201,84.0,54.0,45.0
1784041557.023368,409.347,1980,3201,84.0,54.0,45.0
1784041557.033372,409.347,1980,3201,84.0,54.0,45.0
1784041557.043369,409.347,1980,3201,84.0,54.0,45.0
1784041557.053370,409.347,1980,3201,84.0,54.0,45.0
1784041557.063371,409.347,1980,3201,84.0,54.0,45.0
1784041557.073369,409.347,1980,3201,84.0,54.0,45.0
1784041557.083370,409.347,1980,3201,84.0,54.0,45.0
1784041557.093369,409.347,1980,3201,84.0,54.0,45.0
1784041557.103789,409.347,1980,3201,84.0,54.0,45.0
1784041557.113372,408.792,1980,3201,83.0,56.0,45.0
1784041557.123370,408.792,1980,3201,83.0,56.0,45.0
1784041557.133371,408.792,1980,3201,83.0,56.0,45.0
1784041557.143368,408.792,1980,3201,83.0,56.0,45.0
1784041557.153740,408.792,1980,3201,83.0,56.0,45.0
1784041557.163372,408.792,1980,3201,83.0,56.0,45.0
1784041557.173368,408.792,1980,3201,83.0,56.0,45.0
1784041557.183367,408.792,1980,3201,83.0,56.0,45.0
1784041557.193364,408.792,1980,3201,83.0,56.0,45.0
1784041557.203365,408.792,1980,3201,83.0,56.0,45.0
1784041557.213363,408.276,1980,3201,83.0,56.0,45.0
1784041557.223365,408.276,1980,3201,83.0,56.0,45.0
1784041557.233362,408.276,1980,3201,83.0,56.0,45.0
1784041557.243749,408.276,1980,3201,83.0,56.0,45.0
1784041557.253364,408.276,1980,3201,83.0,56.0,45.0
1784041557.263364,408.276,1980,3201,83.0,56.0,45.0
1784041557.273364,408.276,1980,3201,83.0,56.0,45.0
1784041557.283364,408.276,1980,3201,83.0,56.0,45.0
1784041557.293365,408.276,1980,3201,83.0,56.0,45.0
1784041557.303362,408.276,1980,3201,83.0,56.0,45.0
1784041557.313365,408.409,1980,3201,85.0,57.0,45.0
1784041557.323364,408.409,1980,3201,85.0,57.0,45.0
1784041557.333592,408.409,1980,3201,85.0,57.0,45.0
1784041557.343364,408.409,1980,3201,85.0,57.0,45.0
1784041557.353364,408.409,1980,3201,85.0,57.0,45.0
1784041557.363362,408.409,1980,3201,85.0,57.0,45.0
1784041557.373362,408.409,1980,3201,85.0,57.0,45.0
1784041557.383363,408.409,1980,3201,85.0,57.0,45.0
1784041557.393362,408.409,1980,3201,85.0,57.0,45.0
1784041557.403365,408.409,1980,3201,85.0,57.0,45.0
1784041557.413362,409.088,1980,3201,85.0,57.0,45.0
1784041557.423457,409.088,1980,3201,85.0,57.0,45.0
1784041557.433361,409.088,1980,3201,85.0,57.0,45.0
1784041557.443363,409.088,1980,3201,85.0,57.0,45.0
1784041557.453362,409.088,1980,3201,85.0,57.0,45.0
1784041557.463358,409.088,1980,3201,85.0,57.0,45.0
1784041557.473360,409.088,1980,3201,85.0,57.0,45.0
1784041557.483361,409.088,1980,3201,85.0,57.0,45.0
1784041557.493361,409.088,1980,3201,85.0,57.0,45.0
1784041557.503361,409.088,1980,3201,85.0,57.0,45.0
1784041557.513362,408.771,1980,3201,85.0,58.0,45.0
1784041557.523362,408.771,1980,3201,85.0,58.0,45.0
1784041557.533360,408.771,1980,3201,85.0,58.0,45.0
1784041557.543360,408.771,1980,3201,85.0,58.0,45.0
1784041557.553359,408.771,1980,3201,85.0,58.0,45.0
1784041557.563360,408.771,1980,3201,85.0,58.0,45.0
1784041557.573360,408.771,1980,3201,85.0,58.0,45.0
1784041557.583361,408.771,1980,3201,85.0,58.0,45.0
1784041557.593360,408.771,1980,3201,85.0,58.0,45.0
1784041557.603395,408.771,1980,3201,85.0,58.0,45.0
1784041557.613367,409.773,1980,3201,85.0,58.0,45.0
1784041557.623438,409.773,1980,3201,85.0,58.0,45.0
1784041557.633390,409.773,1980,3201,85.0,58.0,45.0
1784041557.643367,409.773,1980,3201,85.0,58.0,45.0
1784041557.653367,409.773,1980,3201,85.0,58.0,45.0
1784041557.663366,409.773,1980,3201,85.0,58.0,45.0
1784041557.673369,409.773,1980,3201,85.0,58.0,45.0
1784041557.683368,409.773,1980,3201,85.0,58.0,45.0
1784041557.693612,409.773,1980,3201,85.0,58.0,45.0
1784041557.703400,409.773,1980,3201,85.0,58.0,45.0
1784041557.713369,409.309,1980,3201,82.0,56.0,45.0
1784041557.723368,409.309,1980,3201,82.0,56.0,45.0
1784041557.733367,409.309,1980,3201,82.0,56.0,45.0
1784041557.743419,409.309,1980,3201,82.0,56.0,45.0
1784041557.753372,409.309,1980,3201,82.0,56.0,45.0
1784041557.763386,409.309,1980,3201,82.0,56.0,45.0
1784041557.773762,409.309,1980,3201,82.0,56.0,45.0
1784041557.783368,409.309,1980,3201,82.0,56.0,45.0
1784041557.793369,409.309,1980,3201,82.0,56.0,45.0
1784041557.803423,409.309,1980,3201,82.0,56.0,45.0
1784041557.813370,410.660,1980,3201,82.0,56.0,46.0
1784041557.823370,410.660,1980,3201,82.0,56.0,46.0
1784041557.833371,410.660,1980,3201,82.0,56.0,46.0
1784041557.843614,410.660,1980,3201,82.0,56.0,46.0
1784041557.853368,410.660,1980,3201,82.0,56.0,46.0
1784041557.863368,410.660,1980,3201,82.0,56.0,46.0
1784041557.873368,410.660,1980,3201,82.0,56.0,46.0
1784041557.883366,410.660,1980,3201,82.0,56.0,46.0
1784041557.893368,410.660,1980,3201,82.0,56.0,46.0
1784041557.903367,410.660,1980,3201,82.0,56.0,46.0
1784041557.913368,406.247,1980,3201,84.0,56.0,45.0
1784041557.923372,406.247,1980,3201,84.0,56.0,45.0
1784041557.933562,406.247,1980,3201,84.0,56.0,45.0
1784041557.943369,406.247,1980,3201,84.0,56.0,45.0
1784041557.953367,406.247,1980,3201,84.0,56.0,45.0
1784041557.963367,406.247,1980,3201,84.0,56.0,45.0
1784041557.973367,406.247,1980,3201,84.0,56.0,45.0
1784041557.983366,406.247,1980,3201,84.0,56.0,45.0
1784041557.993369,406.247,1980,3201,84.0,56.0,45.0
1784041558.003415,406.247,1980,3201,84.0,56.0,45.0
1784041558.013367,406.239,1980,3201,84.0,56.0,45.0
1784041558.023714,406.239,1980,3201,84.0,56.0,45.0
1784041558.033367,406.239,1980,3201,84.0,56.0,45.0
1784041558.043370,406.239,1980,3201,84.0,56.0,45.0
1784041558.053386,406.239,1980,3201,84.0,56.0,45.0
1784041558.063369,406.239,1980,3201,84.0,56.0,45.0
1784041558.073404,406.239,1980,3201,84.0,56.0,45.0
1784041558.083368,406.239,1980,3201,84.0,56.0,45.0
1784041558.093360,406.239,1980,3201,84.0,56.0,45.0
1784041558.103367,406.239,1980,3201,84.0,56.0,45.0
1784041558.113840,406.575,1980,3201,84.0,57.0,45.0
1784041558.123368,406.575,1980,3201,84.0,57.0,45.0
1784041558.133368,406.575,1980,3201,84.0,57.0,45.0
1784041558.143368,406.575,1980,3201,84.0,57.0,45.0
1784041558.153368,406.575,1980,3201,84.0,57.0,45.0
1784041558.163368,406.575,1980,3201,84.0,57.0,45.0
1784041558.173368,406.575,1980,3201,84.0,57.0,45.0
1784041558.183561,406.575,1980,3201,84.0,57.0,45.0
1784041558.193369,406.575,1980,3201,84.0,57.0,45.0
1784041558.203371,406.575,1980,3201,84.0,57.0,45.0
1784041558.213373,407.332,1980,3201,84.0,57.0,45.0
1784041558.223371,407.332,1980,3201,84.0,57.0,45.0
1784041558.233371,407.332,1980,3201,84.0,57.0,45.0
1784041558.243370,407.332,1980,3201,84.0,57.0,45.0
1784041558.253693,407.332,1980,3201,84.0,57.0,45.0
1784041558.263372,407.332,1980,3201,84.0,57.0,45.0
1784041558.273376,407.332,1980,3201,84.0,57.0,45.0
1784041558.283370,407.332,1980,3201,84.0,57.0,45.0
1784041558.293395,407.332,1980,3201,84.0,57.0,45.0
1784041558.303370,407.332,1980,3201,84.0,57.0,45.0
1784041558.313369,407.107,1980,3201,85.0,57.0,45.0
1784041558.323477,407.107,1980,3201,85.0,57.0,45.0
1784041558.333372,407.107,1980,3201,85.0,57.0,45.0
1784041558.343387,407.107,1980,3201,85.0,57.0,45.0
1784041558.353381,407.107,1980,3201,85.0,57.0,45.0
1784041558.363369,407.107,1980,3201,85.0,57.0,45.0
1784041558.373370,407.107,1980,3201,85.0,57.0,45.0
1784041558.383369,407.107,1980,3201,85.0,57.0,45.0
1784041558.393370,407.107,1980,3201,85.0,57.0,45.0
1784041558.403370,407.107,1980,3201,85.0,57.0,45.0
1784041558.413367,406.541,1980,3201,85.0,57.0,45.0
1784041558.423366,406.541,1980,3201,85.0,57.0,45.0
1784041558.433366,406.541,1980,3201,85.0,57.0,45.0
1784041558.443367,406.541,1980,3201,85.0,57.0,45.0
1784041558.453369,406.541,1980,3201,85.0,57.0,45.0
1784041558.463367,406.541,1980,3201,85.0,57.0,45.0
1784041558.473367,406.541,1980,3201,85.0,57.0,45.0
1784041558.483793,406.541,1980,3201,85.0,57.0,45.0
1784041558.493367,406.541,1980,3201,85.0,57.0,45.0
1784041558.503367,406.541,1980,3201,85.0,57.0,45.0
1784041558.513368,406.923,1980,3201,85.0,58.0,45.0
1784041558.523368,406.923,1980,3201,85.0,58.0,45.0
1784041558.533368,406.923,1980,3201,85.0,58.0,45.0
1784041558.543368,406.923,1980,3201,85.0,58.0,45.0
1784041558.553569,406.923,1980,3201,85.0,58.0,45.0
1784041558.563386,406.923,1980,3201,85.0,58.0,45.0
1784041558.573370,406.923,1980,3201,85.0,58.0,45.0
1784041558.583368,406.923,1980,3201,85.0,58.0,45.0
1784041558.593368,406.923,1980,3201,85.0,58.0,45.0
1784041558.603361,406.923,1980,3201,85.0,58.0,45.0
1784041558.613445,407.556,1980,3201,85.0,58.0,45.0
1784041558.623370,407.556,1980,3201,85.0,58.0,45.0
1784041558.633371,407.556,1980,3201,85.0,58.0,45.0
1784041558.643371,407.556,1980,3201,85.0,58.0,45.0
1784041558.653375,407.556,1980,3201,85.0,58.0,45.0
1784041558.663372,407.556,1980,3201,85.0,58.0,45.0
1784041558.673373,407.556,1980,3201,85.0,58.0,45.0
1784041558.683676,407.556,1980,3201,85.0,58.0,45.0
1784041558.693369,407.556,1980,3201,85.0,58.0,45.0
1784041558.703429,407.556,1980,3201,85.0,58.0,45.0
1784041558.713373,412.057,1980,3201,80.0,51.0,47.0
1784041558.723372,412.057,1980,3201,80.0,51.0,47.0
1784041558.733372,412.057,1980,3201,80.0,51.0,47.0
1784041558.743374,412.057,1980,3201,80.0,51.0,47.0
1784041558.753372,412.057,1980,3201,80.0,51.0,47.0
1784041558.763373,412.057,1980,3201,80.0,51.0,47.0
1784041558.773366,412.057,1980,3201,80.0,51.0,47.0
1784041558.783359,412.057,1980,3201,80.0,51.0,47.0
1784041558.793365,412.057,1980,3201,80.0,51.0,47.0
1784041558.803643,412.057,1980,3201,80.0,51.0,47.0
1784041558.813366,410.235,1980,3201,80.0,51.0,45.0
1784041558.823362,410.235,1980,3201,80.0,51.0,45.0
1784041558.833364,410.235,1980,3201,80.0,51.0,45.0
1784041558.843363,410.235,1980,3201,80.0,51.0,45.0
1784041558.853362,410.235,1980,3201,80.0,51.0,45.0
1784041558.863362,410.235,1980,3201,80.0,51.0,45.0
1784041558.873355,410.235,1980,3201,80.0,51.0,45.0
1784041558.883362,410.235,1980,3201,80.0,51.0,45.0
1784041558.893523,410.235,1980,3201,80.0,51.0,45.0
1784041558.903362,410.235,1980,3201,80.0,51.0,45.0
1784041558.913362,409.643,1980,3201,85.0,57.0,45.0
1784041558.923362,409.643,1980,3201,85.0,57.0,45.0
1784041558.933363,409.643,1980,3201,85.0,57.0,45.0
1784041558.943372,409.643,1980,3201,85.0,57.0,45.0
1784041558.953366,409.643,1980,3201,85.0,57.0,45.0
1784041558.963367,409.643,1980,3201,85.0,57.0,45.0
1784041558.973367,409.643,1980,3201,85.0,57.0,45.0
1784041558.983431,409.643,1980,3201,85.0,57.0,45.0
1784041558.993366,409.643,1980,3201,85.0,57.0,45.0
1784041559.003376,409.643,1980,3201,85.0,57.0,45.0
1784041559.013366,410.002,1980,3201,85.0,57.0,45.0
1784041559.023367,410.002,1980,3201,85.0,57.0,45.0
1784041559.033368,410.002,1980,3201,85.0,57.0,45.0
1784041559.043366,410.002,1980,3201,85.0,57.0,45.0
1784041559.053360,410.002,1980,3201,85.0,57.0,45.0
1784041559.063401,410.002,1980,3201,85.0,57.0,45.0
1784041559.073408,410.002,1980,3201,85.0,57.0,45.0
1784041559.083370,410.002,1980,3201,85.0,57.0,45.0
1784041559.093368,410.002,1980,3201,85.0,57.0,45.0
1784041559.103368,410.002,1980,3201,85.0,57.0,45.0
1784041559.113368,410.093,1980,3201,85.0,57.0,45.0
1784041559.123368,410.093,1980,3201,85.0,57.0,45.0
1784041559.133367,410.093,1980,3201,85.0,57.0,45.0
1784041559.143358,410.093,1980,3201,85.0,57.0,45.0
1784041559.153368,410.093,1980,3201,85.0,57.0,45.0
1784041559.163579,410.093,1980,3201,85.0,57.0,45.0
1784041559.173368,410.093,1980,3201,85.0,57.0,45.0
1784041559.183368,410.093,1980,3201,85.0,57.0,45.0
1784041559.193368,410.093,1980,3201,85.0,57.0,45.0
1784041559.203368,410.093,1980,3201,85.0,57.0,45.0
1784041559.213360,409.795,1980,3201,85.0,57.0,45.0
1784041559.223417,409.795,1980,3201,85.0,57.0,45.0
1784041559.233359,409.795,1980,3201,85.0,57.0,45.0
1784041559.243368,409.795,1980,3201,85.0,57.0,45.0
1784041559.253363,409.795,1980,3201,85.0,57.0,45.0
1784041559.263367,409.795,1980,3201,85.0,57.0,45.0
1784041559.273367,409.795,1980,3201,85.0,57.0,45.0
1784041559.283367,409.795,1980,3201,85.0,57.0,45.0
1784041559.293366,409.795,1980,3201,85.0,57.0,45.0
1784041559.303361,409.795,1980,3201,85.0,57.0,45.0
1784041559.313366,410.422,1980,3201,85.0,58.0,45.0
1784041559.323357,410.422,1980,3201,85.0,58.0,45.0
1784041559.333366,410.422,1980,3201,85.0,58.0,45.0
1784041559.343363,410.422,1980,3201,85.0,58.0,45.0
1784041559.353367,410.422,1980,3201,85.0,58.0,45.0
1784041559.363367,410.422,1980,3201,85.0,58.0,45.0
1784041559.373369,410.422,1980,3201,85.0,58.0,45.0
1784041559.383367,410.422,1980,3201,85.0,58.0,45.0
1784041559.393360,410.422,1980,3201,85.0,58.0,45.0
1784041559.403367,410.422,1980,3201,85.0,58.0,45.0
1784041559.413676,410.428,1980,3201,85.0,58.0,45.0
1784041559.423367,410.428,1980,3201,85.0,58.0,45.0
1784041559.433394,410.428,1980,3201,85.0,58.0,45.0
1784041559.443368,410.428,1980,3201,85.0,58.0,45.0
1784041559.453372,410.428,1980,3201,85.0,58.0,45.0
1784041559.463366,410.428,1980,3201,85.0,58.0,45.0
1784041559.473367,410.428,1980,3201,85.0,58.0,45.0
1784041559.483357,410.428,1980,3201,85.0,58.0,45.0
1784041559.493367,410.428,1980,3201,85.0,58.0,45.0
1784041559.503721,410.428,1980,3201,85.0,58.0,45.0
1784041559.513367,410.659,1980,3201,86.0,58.0,45.0
1784041559.523368,410.659,1980,3201,86.0,58.0,45.0
1784041559.533368,410.659,1980,3201,86.0,58.0,45.0
1784041559.543357,410.659,1980,3201,86.0,58.0,45.0
1784041559.553367,410.659,1980,3201,86.0,58.0,45.0
1784041559.563589,410.659,1980,3201,86.0,58.0,45.0
1784041559.573404,410.659,1980,3201,86.0,58.0,45.0
1784041559.583368,410.659,1980,3201,86.0,58.0,45.0
1784041559.593413,410.659,1980,3201,86.0,58.0,45.0
1784041559.603369,410.659,1980,3201,86.0,58.0,45.0
1784041559.613371,413.152,1980,3201,86.0,58.0,48.0
1784041559.623369,413.152,1980,3201,86.0,58.0,48.0
1784041559.633358,413.152,1980,3201,86.0,58.0,48.0
1784041559.643367,413.152,1980,3201,86.0,58.0,48.0
1784041559.653755,413.152,1980,3201,86.0,58.0,48.0
1784041559.663369,413.152,1980,3201,86.0,58.0,48.0
1784041559.673369,413.152,1980,3201,86.0,58.0,48.0
1784041559.683407,413.152,1980,3201,86.0,58.0,48.0
1784041559.693391,413.152,1980,3201,86.0,58.0,48.0
1784041559.703385,413.152,1980,3201,86.0,58.0,48.0
1784041559.713366,408.426,1980,3201,85.0,57.0,45.0
1784041559.723360,408.426,1980,3201,85.0,57.0,45.0
1784041559.733419,408.426,1980,3201,85.0,57.0,45.0
1784041559.743357,408.426,1980,3201,85.0,57.0,45.0
1784041559.753366,408.426,1980,3201,85.0,57.0,45.0
1784041559.763367,408.426,1980,3201,85.0,57.0,45.0
1784041559.773366,408.426,1980,3201,85.0,57.0,45.0
1784041559.783365,408.426,1980,3201,85.0,57.0,45.0
1784041559.793367,408.426,1980,3201,85.0,57.0,45.0
1784041559.803366,408.426,1980,3201,85.0,57.0,45.0
1784041559.813367,408.682,1980,3201,85.0,57.0,45.0
1784041559.823366,408.682,1980,3201,85.0,57.0,45.0
1784041559.833361,408.682,1980,3201,85.0,57.0,45.0
1784041559.843366,408.682,1980,3201,85.0,57.0,45.0
1784041559.853702,408.682,1980,3201,85.0,57.0,45.0
1784041559.863367,408.682,1980,3201,85.0,57.0,45.0
1784041559.873366,408.682,1980,3201,85.0,57.0,45.0
1784041559.883366,408.682,1980,3201,85.0,57.0,45.0
1784041559.893365,408.682,1980,3201,85.0,57.0,45.0
1784041559.903366,408.682,1980,3201,85.0,57.0,45.0
1784041559.913364,410.056,1980,3201,85.0,57.0,45.0
1784041559.923366,410.056,1980,3201,85.0,57.0,45.0
1784041559.933360,410.056,1980,3201,85.0,57.0,45.0
1784041559.943719,410.056,1980,3201,85.0,57.0,45.0
1784041559.953367,410.056,1980,3201,85.0,57.0,45.0
1784041559.963366,410.056,1980,3201,85.0,57.0,45.0
1784041559.973368,410.056,1980,3201,85.0,57.0,45.0
1784041559.983367,410.056,1980,3201,85.0,57.0,45.0
1784041559.993367,410.056,1980,3201,85.0,57.0,45.0
1784041560.003366,410.056,1980,3201,85.0,57.0,45.0
1784041560.013729,409.411,1980,3201,85.0,57.0,45.0
1784041560.023371,409.411,1980,3201,85.0,57.0,45.0
1784041560.033361,409.411,1980,3201,85.0,57.0,45.0
1784041560.043370,409.411,1980,3201,85.0,57.0,45.0
1784041560.053366,409.411,1980,3201,85.0,57.0,45.0
1784041560.063369,409.411,1980,3201,85.0,57.0,45.0
1784041560.073366,409.411,1980,3201,85.0,57.0,45.0
1784041560.083367,409.411,1980,3201,85.0,57.0,45.0
1784041560.093370,409.411,1980,3201,85.0,57.0,45.0
1784041560.103367,409.411,1980,3201,85.0,57.0,45.0
1784041560.113370,410.234,1980,3201,84.0,57.0,45.0
1784041560.123367,410.234,1980,3201,84.0,57.0,45.0
1784041560.133364,410.234,1980,3201,84.0,57.0,45.0
1784041560.143368,410.234,1980,3201,84.0,57.0,45.0
1784041560.153369,410.234,1980,3201,84.0,57.0,45.0
1784041560.163370,410.234,1980,3201,84.0,57.0,45.0
1784041560.173368,410.234,1980,3201,84.0,57.0,45.0
1784041560.183372,410.234,1980,3201,84.0,57.0,45.0
1784041560.193367,410.234,1980,3201,84.0,57.0,45.0
1784041560.203367,410.234,1980,3201,84.0,57.0,45.0
1784041560.213367,409.650,1980,3201,84.0,57.0,45.0
1784041560.223367,409.650,1980,3201,84.0,57.0,45.0
1784041560.233363,409.650,1980,3201,84.0,57.0,45.0
1784041560.243367,409.650,1980,3201,84.0,57.0,45.0
1784041560.253453,409.650,1980,3201,84.0,57.0,45.0
1784041560.263369,409.650,1980,3201,84.0,57.0,45.0
1784041560.273369,409.650,1980,3201,84.0,57.0,45.0
1784041560.283371,409.650,1980,3201,84.0,57.0,45.0
1784041560.293367,409.650,1980,3201,84.0,57.0,45.0
1784041560.303371,409.650,1980,3201,84.0,57.0,45.0
1784041560.313367,409.120,1980,3201,84.0,57.0,45.0
1784041560.323369,409.120,1980,3201,84.0,57.0,45.0
1784041560.333362,409.120,1980,3201,84.0,57.0,45.0
1784041560.343367,409.120,1980,3201,84.0,57.0,45.0
1784041560.353370,409.120,1980,3201,84.0,57.0,45.0
1784041560.363366,409.120,1980,3201,84.0,57.0,45.0
1784041560.373369,409.120,1980,3201,84.0,57.0,45.0
1784041560.383366,409.120,1980,3201,84.0,57.0,45.0
1784041560.393366,409.120,1980,3201,84.0,57.0,45.0
1784041560.403365,409.120,1980,3201,84.0,57.0,45.0
1784041560.413363,409.223,1980,3201,84.0,57.0,45.0
1784041560.423363,409.223,1980,3201,84.0,57.0,45.0
1784041560.433395,409.223,1980,3201,84.0,57.0,45.0
1784041560.443359,409.223,1980,3201,84.0,57.0,45.0
1784041560.453419,409.223,1980,3201,84.0,57.0,45.0
1784041560.463358,409.223,1980,3201,84.0,57.0,45.0
1784041560.473369,409.223,1980,3201,84.0,57.0,45.0
1784041560.483369,409.223,1980,3201,84.0,57.0,45.0
1784041560.493368,409.223,1980,3201,84.0,57.0,45.0
1784041560.503370,409.223,1980,3201,84.0,57.0,45.0
1784041560.513373,413.396,1980,3201,80.0,51.0,44.0
1784041560.523370,413.396,1980,3201,80.0,51.0,44.0
1784041560.533371,413.396,1980,3201,80.0,51.0,44.0
1784041560.543376,413.396,1980,3201,80.0,51.0,44.0
1784041560.553371,413.396,1980,3201,80.0,51.0,44.0
1784041560.563372,413.396,1980,3201,80.0,51.0,44.0
1784041560.573372,413.396,1980,3201,80.0,51.0,44.0
1784041560.583374,413.396,1980,3201,80.0,51.0,44.0
1784041560.593372,413.396,1980,3201,80.0,51.0,44.0
1784041560.603378,413.396,1980,3201,80.0,51.0,44.0
1784041560.613371,409.513,1980,3201,80.0,51.0,45.0
1784041560.623372,409.513,1980,3201,80.0,51.0,45.0
1784041560.633372,409.513,1980,3201,80.0,51.0,45.0
1784041560.643373,409.513,1980,3201,80.0,51.0,45.0
1784041560.653373,409.513,1980,3201,80.0,51.0,45.0
1784041560.663373,409.513,1980,3201,80.0,51.0,45.0
1784041560.673898,409.513,1980,3201,80.0,51.0,45.0
1784041560.683372,409.513,1980,3201,80.0,51.0,45.0
1784041560.693373,409.513,1980,3201,80.0,51.0,45.0
1784041560.703373,409.513,1980,3201,80.0,51.0,45.0
1784041560.713373,408.841,1980,3201,83.0,56.0,45.0
1784041560.723454,408.841,1980,3201,83.0,56.0,45.0
1784041560.733372,408.841,1980,3201,83.0,56.0,45.0
1784041560.743372,408.841,1980,3201,83.0,56.0,45.0
1784041560.753374,408.841,1980,3201,83.0,56.0,45.0
1784041560.763373,408.841,1980,3201,83.0,56.0,45.0
1784041560.773372,408.841,1980,3201,83.0,56.0,45.0
1784041560.783373,408.841,1980,3201,83.0,56.0,45.0
1784041560.793372,408.841,1980,3201,83.0,56.0,45.0
1784041560.803375,408.841,1980,3201,83.0,56.0,45.0
1784041560.813372,408.813,1980,3201,83.0,56.0,45.0
1784041560.823373,408.813,1980,3201,83.0,56.0,45.0
1784041560.833372,408.813,1980,3201,83.0,56.0,45.0
1784041560.843448,408.813,1980,3201,83.0,56.0,45.0
1784041560.853371,408.813,1980,3201,83.0,56.0,45.0
1784041560.863366,408.813,1980,3201,83.0,56.0,45.0
1784041560.873368,408.813,1980,3201,83.0,56.0,45.0
1784041560.883367,408.813,1980,3201,83.0,56.0,45.0
1784041560.893367,408.813,1980,3201,83.0,56.0,45.0
1784041560.903366,408.813,1980,3201,83.0,56.0,45.0
1784041560.913395,408.528,1980,3201,84.0,56.0,45.0
1784041560.923368,408.528,1980,3201,84.0,56.0,45.0
1784041560.933361,408.528,1980,3201,84.0,56.0,45.0
1784041560.943367,408.528,1980,3201,84.0,56.0,45.0
1784041560.953823,408.528,1980,3201,84.0,56.0,45.0
1784041560.963366,408.528,1980,3201,84.0,56.0,45.0
1784041560.973367,408.528,1980,3201,84.0,56.0,45.0
1784041560.983365,408.528,1980,3201,84.0,56.0,45.0
1784041560.993366,408.528,1980,3201,84.0,56.0,45.0
1784041561.003366,408.528,1980,3201,84.0,56.0,45.0
1784041561.013366,408.862,1980,3201,84.0,56.0,45.0
1784041561.023365,408.862,1980,3201,84.0,56.0,45.0
1784041561.033366,408.862,1980,3201,84.0,56.0,45.0
1784041561.043754,408.862,1980,3201,84.0,56.0,45.0
1784041561.053366,408.862,1980,3201,84.0,56.0,45.0
1784041561.063367,408.862,1980,3201,84.0,56.0,45.0
1784041561.073402,408.862,1980,3201,84.0,56.0,45.0
1784041561.083367,408.862,1980,3201,84.0,56.0,45.0
1784041561.093370,408.862,1980,3201,84.0,56.0,45.0
1784041561.103361,408.862,1980,3201,84.0,56.0,45.0
1784041561.113367,408.431,1980,3201,85.0,57.0,45.0
1784041561.123366,408.431,1980,3201,85.0,57.0,45.0
1784041561.133968,408.431,1980,3201,85.0,57.0,45.0
1784041561.143366,408.431,1980,3201,85.0,57.0,45.0
1784041561.153365,408.431,1980,3201,85.0,57.0,45.0
1784041561.163367,408.431,1980,3201,85.0,57.0,45.0
1784041561.173366,408.431,1980,3201,85.0,57.0,45.0
1784041561.183367,408.431,1980,3201,85.0,57.0,45.0
1784041561.193368,408.431,1980,3201,85.0,57.0,45.0
1784041561.203367,408.431,1980,3201,85.0,57.0,45.0
1784041561.213366,409.964,1980,3201,85.0,57.0,45.0
1784041561.223801,409.964,1980,3201,85.0,57.0,45.0
1784041561.233366,409.964,1980,3201,85.0,57.0,45.0
1784041561.243366,409.964,1980,3201,85.0,57.0,45.0
1784041561.253367,409.964,1980,3201,85.0,57.0,45.0
1784041561.263367,409.964,1980,3201,85.0,57.0,45.0
1784041561.273368,409.964,1980,3201,85.0,57.0,45.0
1784041561.283370,409.964,1980,3201,85.0,57.0,45.0
1784041561.293374,409.964,1980,3201,85.0,57.0,45.0
1784041561.303370,409.964,1980,3201,85.0,57.0,45.0
1784041561.313370,410.610,1980,3201,85.0,58.0,45.0
1784041561.323367,410.610,1980,3201,85.0,58.0,45.0
1784041561.333367,410.610,1980,3201,85.0,58.0,45.0
1784041561.343770,410.610,1980,3201,85.0,58.0,45.0
1784041561.353368,410.610,1980,3201,85.0,58.0,45.0
1784041561.363368,410.610,1980,3201,85.0,58.0,45.0
1784041561.373367,410.610,1980,3201,85.0,58.0,45.0
1784041561.383370,410.610,1980,3201,85.0,58.0,45.0
1784041561.393368,410.610,1980,3201,85.0,58.0,45.0
1784041561.403378,410.610,1980,3201,85.0,58.0,45.0
1784041561.413434,413.020,1980,3201,85.0,58.0,45.0
1784041561.423368,413.020,1980,3201,85.0,58.0,45.0
1784041561.433392,413.020,1980,3201,85.0,58.0,45.0
1784041561.443801,413.020,1980,3201,85.0,58.0,45.0
1784041561.453369,413.020,1980,3201,85.0,58.0,45.0
1784041561.463368,413.020,1980,3201,85.0,58.0,45.0
1784041561.473367,413.020,1980,3201,85.0,58.0,45.0
1784041561.483371,413.020,1980,3201,85.0,58.0,45.0
1784041561.493367,413.020,1980,3201,85.0,58.0,45.0
1784041561.503369,413.020,1980,3201,85.0,58.0,45.0
1784041561.513366,407.848,1980,3201,84.0,56.0,45.0
1784041561.523366,407.848,1980,3201,84.0,56.0,45.0
1784041561.533873,407.848,1980,3201,84.0,56.0,45.0
1784041561.543367,407.848,1980,3201,84.0,56.0,45.0
1784041561.553400,407.848,1980,3201,84.0,56.0,45.0
1784041561.563367,407.848,1980,3201,84.0,56.0,45.0
1784041561.573429,407.848,1980,3201,84.0,56.0,45.0
1784041561.583367,407.848,1980,3201,84.0,56.0,45.0
1784041561.593368,407.848,1980,3201,84.0,56.0,45.0
1784041561.603367,407.848,1980,3201,84.0,56.0,45.0
1784041561.613366,408.518,1980,3201,84.0,56.0,45.0
1784041561.623377,408.518,1980,3201,84.0,56.0,45.0
1784041561.633366,408.518,1980,3201,84.0,56.0,45.0
1784041561.643366,408.518,1980,3201,84.0,56.0,45.0
1784041561.653366,408.518,1980,3201,84.0,56.0,45.0
1784041561.663368,408.518,1980,3201,84.0,56.0,45.0
1784041561.673389,408.518,1980,3201,84.0,56.0,45.0
1784041561.683393,408.518,1980,3201,84.0,56.0,45.0
1784041561.693367,408.518,1980,3201,84.0,56.0,45.0
1784041561.703403,408.518,1980,3201,84.0,56.0,45.0
1784041561.713367,409.294,1980,3201,85.0,57.0,45.0
1784041561.723367,409.294,1980,3201,85.0,57.0,45.0
1784041561.733368,409.294,1980,3201,85.0,57.0,45.0
1784041561.743368,409.294,1980,3201,85.0,57.0,45.0
1784041561.753369,409.294,1980,3201,85.0,57.0,45.0
1784041561.763369,409.294,1980,3201,85.0,57.0,45.0
1784041561.773368,409.294,1980,3201,85.0,57.0,45.0
1784041561.783377,409.294,1980,3201,85.0,57.0,45.0
1784041561.793371,409.294,1980,3201,85.0,57.0,45.0
1784041561.803926,409.294,1980,3201,85.0,57.0,45.0
1784041561.813369,409.887,1980,3201,85.0,57.0,45.0
1784041561.823383,409.887,1980,3201,85.0,57.0,45.0
1784041561.833369,409.887,1980,3201,85.0,57.0,45.0
1784041561.843372,409.887,1980,3201,85.0,57.0,45.0
1784041561.853370,409.887,1980,3201,85.0,57.0,45.0
1784041561.863371,409.887,1980,3201,85.0,57.0,45.0
1784041561.874100,409.887,1980,3201,85.0,57.0,45.0
1784041561.883371,409.887,1980,3201,85.0,57.0,45.0
1784041561.893373,409.887,1980,3201,85.0,57.0,45.0
1784041561.903369,409.887,1980,3201,85.0,57.0,45.0
1784041561.913410,409.569,1980,3201,84.0,57.0,45.0
1784041561.923368,409.569,1980,3201,84.0,57.0,45.0
1784041561.933369,409.569,1980,3201,84.0,57.0,45.0
1784041561.943455,409.569,1980,3201,84.0,57.0,45.0
1784041561.953369,409.569,1980,3201,84.0,57.0,45.0
1784041561.963369,409.569,1980,3201,84.0,57.0,45.0
1784041561.973368,409.569,1980,3201,84.0,57.0,45.0
1784041561.983369,409.569,1980,3201,84.0,57.0,45.0
1784041561.993374,409.569,1980,3201,84.0,57.0,45.0
1784041562.003370,409.569,1980,3201,84.0,57.0,45.0
1784041562.013893,409.472,1980,3201,84.0,57.0,45.0
1784041562.023370,409.472,1980,3201,84.0,57.0,45.0
1784041562.033371,409.472,1980,3201,84.0,57.0,45.0
1784041562.043371,409.472,1980,3201,84.0,57.0,45.0
1784041562.053372,409.472,1980,3201,84.0,57.0,45.0
1784041562.063915,409.472,1980,3201,84.0,57.0,45.0
1784041562.073371,409.472,1980,3201,84.0,57.0,45.0
1784041562.083373,409.472,1980,3201,84.0,57.0,45.0
1784041562.093372,409.472,1980,3201,84.0,57.0,45.0
1784041562.103372,409.472,1980,3201,84.0,57.0,45.0
1784041562.113372,408.786,1980,3201,84.0,57.0,45.0
1784041562.123373,408.786,1980,3201,84.0,57.0,45.0
1784041562.133372,408.786,1980,3201,84.0,57.0,45.0
1784041562.143372,408.786,1980,3201,84.0,57.0,45.0
1784041562.153372,408.786,1980,3201,84.0,57.0,45.0
1784041562.163373,408.786,1980,3201,84.0,57.0,45.0
1784041562.173373,408.786,1980,3201,84.0,57.0,45.0
1784041562.183374,408.786,1980,3201,84.0,57.0,45.0
1784041562.193372,408.786,1980,3201,84.0,57.0,45.0
1784041562.203372,408.786,1980,3201,84.0,57.0,45.0
1784041562.213373,407.676,1980,3201,84.0,57.0,45.0
1784041562.223372,407.676,1980,3201,84.0,57.0,45.0
1784041562.233979,407.676,1980,3201,84.0,57.0,45.0
1784041562.243372,407.676,1980,3201,84.0,57.0,45.0
1784041562.253373,407.676,1980,3201,84.0,57.0,45.0
1784041562.263373,407.676,1980,3201,84.0,57.0,45.0
1784041562.273373,407.676,1980,3201,84.0,57.0,45.0
1784041562.283373,407.676,1980,3201,84.0,57.0,45.0
1784041562.293914,407.676,1980,3201,84.0,57.0,45.0
1784041562.303375,407.676,1980,3201,84.0,57.0,45.0
1784041562.313373,407.466,1980,3201,74.0,48.0,45.0
1784041562.323373,407.466,1980,3201,74.0,48.0,45.0
1784041562.333371,407.466,1980,3201,74.0,48.0,45.0
1784041562.343370,407.466,1980,3201,74.0,48.0,45.0
1784041562.353370,407.466,1980,3201,74.0,48.0,45.0
1784041562.363981,407.466,1980,3201,74.0,48.0,45.0
1784041562.373373,407.466,1980,3201,74.0,48.0,45.0
1784041562.383372,407.466,1980,3201,74.0,48.0,45.0
1784041562.393372,407.466,1980,3201,74.0,48.0,45.0
1784041562.403373,407.466,1980,3201,74.0,48.0,45.0
1784041562.413373,405.579,1980,3201,74.0,48.0,45.0
1784041562.423372,405.579,1980,3201,74.0,48.0,45.0
1784041562.433372,405.579,1980,3201,74.0,48.0,45.0
1784041562.443403,405.579,1980,3201,74.0,48.0,45.0
1784041562.453373,405.579,1980,3201,74.0,48.0,45.0
1784041562.463373,405.579,1980,3201,74.0,48.0,45.0
1784041562.473369,405.579,1980,3201,74.0,48.0,45.0
1784041562.483456,405.579,1980,3201,74.0,48.0,45.0
1784041562.493369,405.579,1980,3201,74.0,48.0,45.0
1784041562.503759,405.579,1980,3201,74.0,48.0,45.0
1784041562.513366,405.745,1980,3201,85.0,57.0,45.0
1784041562.523370,405.745,1980,3201,85.0,57.0,45.0
1784041562.533366,405.745,1980,3201,85.0,57.0,45.0
1784041562.543367,405.745,1980,3201,85.0,57.0,45.0
1784041562.553366,405.745,1980,3201,85.0,57.0,45.0
1784041562.563366,405.745,1980,3201,85.0,57.0,45.0
1784041562.573366,405.745,1980,3201,85.0,57.0,45.0
1784041562.583367,405.745,1980,3201,85.0,57.0,45.0
1784041562.593369,405.745,1980,3201,85.0,57.0,45.0
1784041562.603367,405.745,1980,3201,85.0,57.0,45.0
1784041562.613989,404.789,1980,3201,85.0,57.0,45.0
1784041562.623367,404.789,1980,3201,85.0,57.0,45.0
1784041562.633386,404.789,1980,3201,85.0,57.0,45.0
1784041562.643369,404.789,1980,3201,85.0,57.0,45.0
1784041562.653366,404.789,1980,3201,85.0,57.0,45.0
1784041562.663368,404.789,1980,3201,85.0,57.0,45.0
1784041562.673412,404.789,1980,3201,85.0,57.0,45.0
1784041562.683366,404.789,1980,3201,85.0,57.0,45.0
1784041562.693367,404.789,1980,3201,85.0,57.0,45.0
1784041562.703367,404.789,1980,3201,85.0,57.0,45.0
1784041562.713460,405.641,1980,3201,86.0,58.0,45.0
1784041562.723801,405.641,1980,3201,86.0,58.0,45.0
1784041562.733418,405.641,1980,3201,86.0,58.0,45.0
1784041562.743366,405.641,1980,3201,86.0,58.0,45.0
1784041562.753366,405.641,1980,3201,86.0,58.0,45.0
1784041562.763369,405.641,1980,3201,86.0,58.0,45.0
1784041562.773366,405.641,1980,3201,86.0,58.0,45.0
1784041562.783368,405.641,1980,3201,86.0,58.0,45.0
1784041562.793369,405.641,1980,3201,86.0,58.0,45.0
1784041562.803367,405.641,1980,3201,86.0,58.0,45.0
1784041562.813787,404.893,1980,3201,86.0,58.0,45.0
1784041562.823367,404.893,1980,3201,86.0,58.0,45.0
1784041562.833369,404.893,1980,3201,86.0,58.0,45.0
1784041562.843368,404.893,1980,3201,86.0,58.0,45.0
1784041562.853367,404.893,1980,3201,86.0,58.0,45.0
1784041562.863367,404.893,1980,3201,86.0,58.0,45.0
1784041562.873365,404.893,1980,3201,86.0,58.0,45.0
1784041562.883370,404.893,1980,3201,86.0,58.0,45.0
1784041562.893367,404.893,1980,3201,86.0,58.0,45.0
1784041562.903366,404.893,1980,3201,86.0,58.0,45.0
1784041562.913366,406.146,1980,3201,86.0,58.0,45.0
1784041562.923366,406.146,1980,3201,86.0,58.0,45.0
1784041562.933368,406.146,1980,3201,86.0,58.0,45.0
1784041562.943366,406.146,1980,3201,86.0,58.0,45.0
1784041562.953367,406.146,1980,3201,86.0,58.0,45.0
1784041562.963366,406.146,1980,3201,86.0,58.0,45.0
1784041562.973366,406.146,1980,3201,86.0,58.0,45.0
1784041562.983369,406.146,1980,3201,86.0,58.0,45.0
1784041562.993436,406.146,1980,3201,86.0,58.0,45.0
1784041563.003368,406.146,1980,3201,86.0,58.0,45.0
1784041563.013366,405.905,1980,3201,86.0,58.0,45.0
1784041563.023366,405.905,1980,3201,86.0,58.0,45.0
1784041563.033367,405.905,1980,3201,86.0,58.0,45.0
1784041563.043367,405.905,1980,3201,86.0,58.0,45.0
1784041563.053370,405.905,1980,3201,86.0,58.0,45.0
1784041563.063368,405.905,1980,3201,86.0,58.0,45.0
1784041563.073368,405.905,1980,3201,86.0,58.0,45.0
1784041563.083451,405.905,1980,3201,86.0,58.0,45.0
1784041563.093368,405.905,1980,3201,86.0,58.0,45.0
1784041563.103421,405.905,1980,3201,86.0,58.0,45.0
1784041563.113367,407.356,1980,3201,85.0,58.0,45.0
1784041563.123419,407.356,1980,3201,85.0,58.0,45.0
1784041563.133367,407.356,1980,3201,85.0,58.0,45.0
1784041563.143418,407.356,1980,3201,85.0,58.0,45.0
1784041563.153367,407.356,1980,3201,85.0,58.0,45.0
1784041563.163368,407.356,1980,3201,85.0,58.0,45.0
1784041563.173369,407.356,1980,3201,85.0,58.0,45.0
1784041563.183368,407.356,1980,3201,85.0,58.0,45.0
1784041563.193368,407.356,1980,3201,85.0,58.0,45.0
1784041563.203369,407.356,1980,3201,85.0,58.0,45.0
1784041563.213368,410.823,1980,3201,85.0,58.0,45.0
1784041563.223371,410.823,1980,3201,85.0,58.0,45.0
1784041563.233498,410.823,1980,3201,85.0,58.0,45.0
1784041563.243369,410.823,1980,3201,85.0,58.0,45.0
1784041563.253414,410.823,1980,3201,85.0,58.0,45.0
1784041563.263370,410.823,1980,3201,85.0,58.0,45.0
1784041563.273371,410.823,1980,3201,85.0,58.0,45.0
1784041563.283369,410.823,1980,3201,85.0,58.0,45.0
1784041563.293369,410.823,1980,3201,85.0,58.0,45.0
1784041563.303367,410.823,1980,3201,85.0,58.0,45.0
1784041563.313417,415.179,1980,3201,85.0,57.0,46.0
1784041563.323420,415.179,1980,3201,85.0,57.0,46.0
1784041563.333405,415.179,1980,3201,85.0,57.0,46.0
1784041563.343742,415.179,1980,3201,85.0,57.0,46.0
1784041563.353366,415.179,1980,3201,85.0,57.0,46.0
1784041563.363366,415.179,1980,3201,85.0,57.0,46.0
1784041563.373412,415.179,1980,3201,85.0,57.0,46.0
1784041563.383367,415.179,1980,3201,85.0,57.0,46.0
1784041563.393366,415.179,1980,3201,85.0,57.0,46.0
1784041563.403366,415.179,1980,3201,85.0,57.0,46.0
1784041563.413369,411.058,1980,3201,85.0,57.0,45.0
1784041563.423366,411.058,1980,3201,85.0,57.0,45.0
1784041563.433774,411.058,1980,3201,85.0,57.0,45.0
1784041563.443410,411.058,1980,3201,85.0,57.0,45.0
1784041563.453366,411.058,1980,3201,85.0,57.0,45.0
1784041563.463369,411.058,1980,3201,85.0,57.0,45.0
1784041563.473367,411.058,1980,3201,85.0,57.0,45.0
1784041563.483368,411.058,1980,3201,85.0,57.0,45.0
1784041563.493411,411.058,1980,3201,85.0,57.0,45.0
1784041563.503366,411.058,1980,3201,85.0,57.0,45.0
1784041563.513369,411.558,1980,3201,86.0,58.0,45.0
1784041563.523360,411.558,1980,3201,86.0,58.0,45.0
1784041563.533366,411.558,1980,3201,86.0,58.0,45.0
1784041563.543365,411.558,1980,3201,86.0,58.0,45.0
1784041563.553366,411.558,1980,3201,86.0,58.0,45.0
1784041563.563366,411.558,1980,3201,86.0,58.0,45.0
1784041563.573366,411.558,1980,3201,86.0,58.0,45.0
1784041563.583368,411.558,1980,3201,86.0,58.0,45.0
1784041563.593367,411.558,1980,3201,86.0,58.0,45.0
1784041563.603367,411.558,1980,3201,86.0,58.0,45.0
1784041563.613357,411.685,1980,3201,86.0,58.0,45.0
1784041563.623376,411.685,1980,3201,86.0,58.0,45.0
1784041563.633699,411.685,1980,3201,86.0,58.0,45.0
1784041563.643368,411.685,1980,3201,86.0,58.0,45.0
1784041563.653370,411.685,1980,3201,86.0,58.0,45.0
1784041563.663370,411.685,1980,3201,86.0,58.0,45.0
1784041563.673370,411.685,1980,3201,86.0,58.0,45.0
1784041563.683358,411.685,1980,3201,86.0,58.0,45.0
1784041563.693371,411.685,1980,3201,86.0,58.0,45.0
1784041563.703624,411.685,1980,3201,86.0,58.0,45.0
1784041563.713370,410.531,1980,3201,84.0,57.0,45.0
1784041563.723370,410.531,1980,3201,84.0,57.0,45.0
1784041563.733370,410.531,1980,3201,84.0,57.0,45.0
1784041563.743368,410.531,1980,3201,84.0,57.0,45.0
1784041563.753360,410.531,1980,3201,84.0,57.0,45.0
1784041563.763370,410.531,1980,3201,84.0,57.0,45.0
1784041563.773604,410.531,1980,3201,84.0,57.0,45.0
1784041563.783370,410.531,1980,3201,84.0,57.0,45.0
1784041563.793371,410.531,1980,3201,84.0,57.0,45.0
1784041563.803371,410.531,1980,3201,84.0,57.0,45.0
1784041563.813371,411.048,1980,3201,84.0,57.0,45.0
1784041563.823362,411.048,1980,3201,84.0,57.0,45.0
1784041563.833369,411.048,1980,3201,84.0,57.0,45.0
1784041563.843590,411.048,1980,3201,84.0,57.0,45.0
1784041563.853373,411.048,1980,3201,84.0,57.0,45.0
1784041563.863373,411.048,1980,3201,84.0,57.0,45.0
1784041563.873373,411.048,1980,3201,84.0,57.0,45.0
1784041563.883373,411.048,1980,3201,84.0,57.0,45.0
1784041563.893359,411.048,1980,3201,84.0,57.0,45.0
1784041563.903376,411.048,1980,3201,84.0,57.0,45.0
1784041563.913400,410.124,1980,3201,83.0,56.0,45.0
1784041563.923373,410.124,1980,3201,83.0,56.0,45.0
1784041563.933373,410.124,1980,3201,83.0,56.0,45.0
1784041563.943362,410.124,1980,3201,83.0,56.0,45.0
1784041563.953372,410.124,1980,3201,83.0,56.0,45.0
1784041563.963743,410.124,1980,3201,83.0,56.0,45.0
1784041563.973372,410.124,1980,3201,83.0,56.0,45.0
1784041563.983373,410.124,1980,3201,83.0,56.0,45.0
1784041563.993370,410.124,1980,3201,83.0,56.0,45.0
1784041564.003376,410.124,1980,3201,83.0,56.0,45.0
1784041564.013436,409.983,1980,3201,83.0,56.0,45.0
1784041564.023373,409.983,1980,3201,83.0,56.0,45.0
1784041564.033374,409.983,1980,3201,83.0,56.0,45.0
1784041564.043374,409.983,1980,3201,83.0,56.0,45.0
1784041564.053373,409.983,1980,3201,83.0,56.0,45.0
1784041564.063359,409.983,1980,3201,83.0,56.0,45.0
1784041564.073394,409.983,1980,3201,83.0,56.0,45.0
1784041564.083360,409.983,1980,3201,83.0,56.0,45.0
1784041564.093454,409.983,1980,3201,83.0,56.0,45.0
1784041564.103358,409.983,1980,3201,83.0,56.0,45.0
1784041564.113369,409.718,1980,3201,80.0,52.0,45.0
1784041564.123552,409.718,1980,3201,80.0,52.0,45.0
1784041564.133368,409.718,1980,3201,80.0,52.0,45.0
1784041564.143371,409.718,1980,3201,80.0,52.0,45.0
1784041564.153369,409.718,1980,3201,80.0,52.0,45.0
1784041564.163381,409.718,1980,3201,80.0,52.0,45.0
1784041564.173358,409.718,1980,3201,80.0,52.0,45.0
1784041564.183370,409.718,1980,3201,80.0,52.0,45.0
1784041564.193587,409.718,1980,3201,80.0,52.0,45.0
1784041564.203370,409.718,1980,3201,80.0,52.0,45.0
1784041564.213370,408.891,1980,3201,80.0,52.0,46.0
1784041564.223370,408.891,1980,3201,80.0,52.0,46.0
1784041564.233370,408.891,1980,3201,80.0,52.0,46.0
1784041564.243358,408.891,1980,3201,80.0,52.0,46.0
1784041564.253370,408.891,1980,3201,80.0,52.0,46.0
1784041564.263522,408.891,1980,3201,80.0,52.0,46.0
1784041564.273370,408.891,1980,3201,80.0,52.0,46.0
1784041564.283370,408.891,1980,3201,80.0,52.0,46.0
1784041564.293415,408.891,1980,3201,80.0,52.0,46.0
1784041564.303371,408.891,1980,3201,80.0,52.0,46.0
1784041564.313359,407.469,1980,3201,84.0,56.0,45.0
1784041564.323370,407.469,1980,3201,84.0,56.0,45.0
1784041564.333364,407.469,1980,3201,84.0,56.0,45.0
1784041564.343372,407.469,1980,3201,84.0,56.0,45.0
1784041564.353401,407.469,1980,3201,84.0,56.0,45.0
1784041564.363370,407.469,1980,3201,84.0,56.0,45.0
1784041564.373410,407.469,1980,3201,84.0,56.0,45.0
1784041564.383361,407.469,1980,3201,84.0,56.0,45.0
1784041564.393372,407.469,1980,3201,84.0,56.0,45.0
1784041564.403423,407.469,1980,3201,84.0,56.0,45.0
1784041564.413372,407.203,1980,3201,84.0,56.0,45.0
1784041564.423373,407.203,1980,3201,84.0,56.0,45.0
1784041564.433358,407.203,1980,3201,84.0,56.0,45.0
1784041564.443372,407.203,1980,3201,84.0,56.0,45.0
1784041564.453367,407.203,1980,3201,84.0,56.0,45.0
1784041564.463373,407.203,1980,3201,84.0,56.0,45.0
1784041564.473373,407.203,1980,3201,84.0,56.0,45.0
1784041564.483375,407.203,1980,3201,84.0,56.0,45.0
1784041564.493367,407.203,1980,3201,84.0,56.0,45.0
1784041564.503357,407.203,1980,3201,84.0,56.0,45.0
1784041564.513403,406.902,1980,3201,84.0,56.0,45.0
1784041564.523359,406.902,1980,3201,84.0,56.0,45.0
1784041564.533401,406.902,1980,3201,84.0,56.0,45.0
1784041564.543374,406.902,1980,3201,84.0,56.0,45.0
1784041564.553368,406.902,1980,3201,84.0,56.0,45.0
1784041564.563411,406.902,1980,3201,84.0,56.0,45.0
1784041564.573366,406.902,1980,3201,84.0,56.0,45.0
1784041564.583366,406.902,1980,3201,84.0,56.0,45.0
1784041564.593414,406.902,1980,3201,84.0,56.0,45.0
1784041564.603367,406.902,1980,3201,84.0,56.0,45.0
1784041564.613366,406.651,1980,3201,84.0,56.0,45.0
1784041564.623366,406.651,1980,3201,84.0,56.0,45.0
1784041564.633361,406.651,1980,3201,84.0,56.0,45.0
1784041564.643366,406.651,1980,3201,84.0,56.0,45.0
1784041564.653367,406.651,1980,3201,84.0,56.0,45.0
1784041564.663366,406.651,1980,3201,84.0,56.0,45.0
1784041564.673366,406.651,1980,3201,84.0,56.0,45.0
1784041564.683369,406.651,1980,3201,84.0,56.0,45.0
1784041564.693367,406.651,1980,3201,84.0,56.0,45.0
1784041564.703367,406.651,1980,3201,84.0,56.0,45.0
1784041564.713367,407.677,1980,3201,86.0,58.0,45.0
1784041564.723630,407.677,1980,3201,86.0,58.0,45.0
1784041564.733368,407.677,1980,3201,86.0,58.0,45.0
1784041564.743367,407.677,1980,3201,86.0,58.0,45.0
1784041564.753368,407.677,1980,3201,86.0,58.0,45.0
1784041564.763366,407.677,1980,3201,86.0,58.0,45.0
1784041564.773366,407.677,1980,3201,86.0,58.0,45.0
1784041564.783367,407.677,1980,3201,86.0,58.0,45.0
1784041564.793366,407.677,1980,3201,86.0,58.0,45.0
1784041564.803367,407.677,1980,3201,86.0,58.0,45.0
1784041564.813367,408.289,1980,3201,86.0,58.0,45.0
1784041564.823368,408.289,1980,3201,86.0,58.0,45.0
1784041564.833364,408.289,1980,3201,86.0,58.0,45.0
1784041564.843367,408.289,1980,3201,86.0,58.0,45.0
1784041564.853367,408.289,1980,3201,86.0,58.0,45.0
1784041564.863360,408.289,1980,3201,86.0,58.0,45.0
1784041564.873368,408.289,1980,3201,86.0,58.0,45.0
1784041564.883359,408.289,1980,3201,86.0,58.0,45.0
1784041564.893366,408.289,1980,3201,86.0,58.0,45.0
1784041564.903358,408.289,1980,3201,86.0,58.0,45.0
1784041564.913367,409.223,1980,3201,86.0,58.0,45.0
1784041564.923355,409.223,1980,3201,86.0,59.0,45.0
1784041564.933366,409.223,1980,3201,86.0,59.0,45.0
1784041564.943368,409.223,1980,3201,86.0,59.0,45.0
1784041564.953358,409.223,1980,3201,86.0,59.0,45.0
1784041564.963367,409.223,1980,3201,86.0,59.0,45.0
1784041564.973359,409.223,1980,3201,86.0,59.0,45.0
1784041564.983367,409.223,1980,3201,86.0,59.0,45.0
1784041564.993370,409.223,1980,3201,86.0,59.0,45.0
1784041565.003368,409.223,1980,3201,86.0,59.0,45.0
1784041565.013360,407.355,1980,3201,86.0,59.0,46.0
1784041565.027367,407.355,1980,3201,86.0,59.0,45.0
1784041565.037438,407.355,1980,3201,86.0,59.0,45.0
1784041565.047443,407.355,1980,3201,86.0,59.0,45.0
1784041565.057444,407.355,1980,3201,86.0,59.0,45.0
1784041565.067549,407.355,1980,3201,86.0,59.0,45.0
1784041565.077445,407.355,1980,3201,86.0,59.0,45.0
1784041565.087442,407.355,1980,3201,86.0,59.0,45.0
1784041565.097443,407.355,1980,3201,86.0,59.0,45.0
1784041565.107444,407.355,1980,3201,86.0,59.0,45.0
1784041565.117444,411.986,1980,3201,85.0,56.0,46.0
1784041565.127441,411.986,1980,3201,85.0,56.0,46.0
1784041565.137441,411.986,1980,3201,85.0,56.0,46.0
1784041565.147444,411.986,1980,3201,85.0,56.0,46.0
1784041565.157443,411.986,1980,3201,85.0,56.0,46.0
1784041565.167442,411.986,1980,3201,85.0,56.0,46.0
1784041565.177445,411.986,1980,3201,85.0,56.0,46.0
1784041565.187445,411.986,1980,3201,85.0,56.0,46.0
1784041565.197446,411.986,1980,3201,85.0,56.0,46.0
1784041565.207446,411.986,1980,3201,85.0,56.0,46.0
1784041565.217445,409.219,1980,3201,85.0,56.0,45.0
1784041565.227445,409.219,1980,3201,85.0,56.0,45.0
1784041565.237437,409.219,1980,3201,85.0,56.0,45.0
1784041565.247443,409.219,1980,3201,85.0,56.0,45.0
1784041565.257441,409.219,1980,3201,85.0,56.0,45.0
1784041565.267442,409.219,1980,3201,85.0,56.0,45.0
1784041565.277441,409.219,1980,3201,85.0,56.0,45.0
1784041565.287441,409.219,1980,3201,85.0,56.0,45.0
1784041565.297726,409.219,1980,3201,85.0,56.0,45.0
1784041565.307442,409.219,1980,3201,85.0,56.0,45.0
1784041565.317443,408.698,1980,3201,85.0,57.0,45.0
1784041565.327442,408.698,1980,3201,85.0,57.0,45.0
1784041565.337437,408.698,1980,3201,85.0,57.0,45.0
1784041565.347443,408.698,1980,3201,85.0,57.0,45.0
1784041565.357442,408.698,1980,3201,85.0,57.0,45.0
1784041565.367444,408.698,1980,3201,85.0,57.0,45.0
1784041565.377443,408.698,1980,3201,85.0,57.0,45.0
1784041565.387438,408.698,1980,3201,85.0,57.0,45.0
1784041565.397442,408.698,1980,3201,85.0,57.0,45.0
1784041565.407442,408.698,1980,3201,85.0,57.0,45.0
1784041565.417442,408.480,1980,3201,85.0,57.0,45.0
1784041565.427443,408.480,1980,3201,85.0,57.0,45.0
1784041565.437438,408.480,1980,3201,85.0,57.0,45.0
1784041565.447444,408.480,1980,3201,85.0,57.0,45.0
1784041565.457823,408.480,1980,3201,85.0,57.0,45.0
1784041565.467444,408.480,1980,3201,85.0,57.0,45.0
1784041565.477441,408.480,1980,3201,85.0,57.0,45.0
1784041565.487443,408.480,1980,3201,85.0,57.0,45.0
1784041565.497443,408.480,1980,3201,85.0,57.0,45.0
1784041565.507444,408.480,1980,3201,85.0,57.0,45.0
1784041565.517445,408.772,1980,3201,83.0,56.0,45.0
1784041565.527640,408.772,1980,3201,83.0,56.0,45.0
1784041565.537439,408.772,1980,3201,83.0,56.0,45.0
1784041565.547443,408.772,1980,3201,83.0,56.0,45.0
1784041565.557436,408.772,1980,3201,83.0,56.0,45.0
1784041565.567442,408.772,1980,3201,83.0,56.0,45.0
1784041565.577443,408.772,1980,3201,83.0,56.0,45.0
1784041565.587442,408.772,1980,3201,83.0,56.0,45.0
1784041565.597785,408.772,1980,3201,83.0,56.0,45.0
1784041565.607442,408.772,1980,3201,83.0,56.0,45.0
1784041565.617440,409.465,1980,3201,83.0,56.0,45.0
1784041565.627442,409.465,1980,3201,83.0,56.0,45.0
1784041565.637439,409.465,1980,3201,83.0,56.0,45.0
1784041565.647442,409.465,1980,3201,83.0,56.0,45.0
1784041565.657436,409.465,1980,3201,83.0,56.0,45.0
1784041565.667565,409.465,1980,3201,83.0,56.0,45.0
1784041565.677444,409.465,1980,3201,83.0,56.0,45.0
1784041565.687443,409.465,1980,3201,83.0,56.0,45.0
1784041565.697445,409.465,1980,3201,83.0,56.0,45.0
1784041565.707443,409.465,1980,3201,83.0,56.0,45.0
1784041565.717445,408.908,1980,3201,85.0,57.0,45.0
1784041565.727443,408.908,1980,3201,85.0,57.0,45.0
1784041565.737435,408.908,1980,3201,85.0,57.0,45.0
1784041565.747440,408.908,1980,3201,85.0,57.0,45.0
1784041565.757433,408.908,1980,3201,85.0,57.0,45.0
1784041565.767437,408.908,1980,3201,85.0,57.0,45.0
1784041565.777441,408.908,1980,3201,85.0,57.0,45.0
1784041565.787442,408.908,1980,3201,85.0,57.0,45.0
1784041565.797441,408.908,1980,3201,85.0,57.0,45.0
1784041565.807656,408.908,1980,3201,85.0,57.0,45.0
1784041565.817442,408.221,1980,3201,85.0,57.0,45.0
1784041565.827441,408.221,1980,3201,85.0,57.0,45.0
1784041565.837435,408.221,1980,3201,85.0,57.0,45.0
1784041565.847441,408.221,1980,3201,85.0,57.0,45.0
1784041565.857443,408.221,1980,3201,85.0,57.0,45.0
1784041565.867441,408.221,1980,3201,85.0,57.0,45.0
1784041565.877444,408.221,1980,3201,85.0,57.0,45.0
1784041565.887442,408.221,1980,3201,85.0,57.0,45.0
1784041565.897442,408.221,1980,3201,85.0,57.0,45.0
1784041565.907440,408.221,1980,3201,85.0,57.0,45.0
1784041565.917439,407.664,1980,3201,82.0,56.0,45.0
1784041565.927439,407.664,1980,3201,82.0,56.0,45.0
1784041565.937520,407.664,1980,3201,82.0,56.0,45.0
1784041565.947440,407.664,1980,3201,82.0,56.0,45.0
1784041565.957442,407.664,1980,3201,82.0,56.0,45.0
1784041565.967442,407.664,1980,3201,82.0,56.0,45.0
1784041565.977441,407.664,1980,3201,82.0,56.0,45.0
1784041565.987443,407.664,1980,3201,82.0,56.0,45.0
1784041565.997441,407.664,1980,3201,82.0,56.0,45.0
1784041566.007442,407.664,1980,3201,82.0,56.0,45.0
1784041566.017440,411.024,1980,3201,82.0,56.0,46.0
1784041566.027782,411.024,1980,3201,82.0,56.0,46.0
1784041566.037435,411.024,1980,3201,82.0,56.0,46.0
1784041566.047439,411.024,1980,3201,82.0,56.0,46.0
1784041566.057441,411.024,1980,3201,82.0,56.0,46.0
1784041566.067440,411.024,1980,3201,82.0,56.0,46.0
1784041566.077442,411.024,1980,3201,82.0,56.0,46.0
1784041566.087439,411.024,1980,3201,82.0,56.0,46.0
1784041566.097443,411.024,1980,3201,82.0,56.0,46.0
1784041566.107440,411.024,1980,3201,82.0,56.0,46.0
1784041566.117439,406.690,1980,3201,85.0,57.0,45.0
1784041566.127439,406.690,1980,3201,85.0,57.0,45.0
1784041566.137434,406.690,1980,3201,85.0,57.0,45.0
1784041566.147438,406.690,1980,3201,85.0,57.0,45.0
1784041566.157437,406.690,1980,3201,85.0,57.0,45.0
1784041566.167439,406.690,1980,3201,85.0,57.0,45.0
1784041566.177438,406.690,1980,3201,85.0,57.0,45.0
1784041566.187518,406.690,1980,3201,85.0,57.0,45.0
1784041566.197436,406.690,1980,3201,85.0,57.0,45.0
1784041566.207436,406.690,1980,3201,85.0,57.0,45.0
1784041566.217436,407.111,1980,3201,85.0,57.0,45.0
1784041566.227436,407.111,1980,3201,85.0,57.0,45.0
1784041566.237434,407.111,1980,3201,85.0,57.0,45.0
1784041566.247436,407.111,1980,3201,85.0,57.0,45.0
1784041566.257436,407.111,1980,3201,85.0,57.0,45.0
1784041566.267435,407.111,1980,3201,85.0,57.0,45.0
1784041566.277436,407.111,1980,3201,85.0,57.0,45.0
1784041566.287436,407.111,1980,3201,85.0,57.0,45.0
1784041566.297924,407.111,1980,3201,85.0,57.0,45.0
1784041566.307436,407.111,1980,3201,85.0,57.0,45.0
1784041566.317434,407.404,1980,3201,85.0,57.0,45.0
1784041566.327435,407.404,1980,3201,85.0,57.0,45.0
1784041566.337433,407.404,1980,3201,85.0,57.0,45.0
1784041566.347434,407.404,1980,3201,85.0,57.0,45.0
1784041566.357435,407.404,1980,3201,85.0,57.0,45.0
1784041566.367435,407.404,1980,3201,85.0,57.0,45.0
1784041566.377434,407.404,1980,3201,85.0,57.0,45.0
1784041566.387435,407.404,1980,3201,85.0,57.0,45.0
1784041566.397434,407.404,1980,3201,85.0,57.0,45.0
1784041566.407435,407.404,1980,3201,85.0,57.0,45.0
1784041566.417434,407.491,1980,3201,85.0,57.0,45.0
1784041566.427433,407.491,1980,3201,85.0,57.0,45.0
1784041566.437434,407.491,1980,3201,85.0,57.0,45.0
1784041566.447434,407.491,1980,3201,85.0,57.0,45.0
1784041566.457506,407.491,1980,3201,85.0,57.0,45.0
1784041566.467438,407.491,1980,3201,85.0,57.0,45.0
1784041566.478098,407.491,1980,3201,85.0,57.0,45.0
1784041566.487439,407.491,1980,3201,85.0,57.0,45.0
1784041566.497444,407.491,1980,3201,85.0,57.0,45.0
1784041566.507433,407.491,1980,3201,85.0,57.0,45.0
1784041566.517443,408.357,1980,3201,84.0,57.0,45.0
1784041566.527434,408.357,1980,3201,84.0,57.0,45.0
1784041566.537442,408.357,1980,3201,84.0,57.0,45.0
1784041566.547722,408.357,1980,3201,84.0,57.0,45.0
1784041566.557439,408.357,1980,3201,84.0,57.0,45.0
1784041566.567446,408.357,1980,3201,84.0,57.0,45.0
1784041566.577469,408.357,1980,3201,84.0,57.0,45.0
1784041566.587445,408.357,1980,3201,84.0,57.0,45.0
1784041566.597443,408.357,1980,3201,84.0,57.0,45.0
1784041566.607442,408.357,1980,3201,84.0,57.0,45.0
1784041566.617437,407.933,1980,3201,84.0,57.0,45.0
1784041566.627438,407.933,1980,3201,84.0,57.0,45.0
1784041566.637440,407.933,1980,3201,84.0,57.0,45.0
1784041566.647441,407.933,1980,3201,84.0,57.0,45.0
1784041566.657441,407.933,1980,3201,84.0,57.0,45.0
1784041566.667442,407.933,1980,3201,84.0,57.0,45.0
1784041566.677441,407.933,1980,3201,84.0,57.0,45.0
1784041566.687441,407.933,1980,3201,84.0,57.0,45.0
1784041566.697445,407.933,1980,3201,84.0,57.0,45.0
1784041566.707479,407.933,1980,3201,84.0,57.0,45.0
1784041566.717443,407.887,1980,3201,85.0,58.0,45.0
1784041566.727447,407.887,1980,3201,85.0,58.0,45.0
1784041566.737442,407.887,1980,3201,85.0,58.0,45.0
1784041566.747442,407.887,1980,3201,85.0,58.0,45.0
1784041566.757443,407.887,1980,3201,85.0,58.0,45.0
1784041566.767443,407.887,1980,3201,85.0,58.0,45.0
1784041566.777632,407.887,1980,3201,85.0,58.0,45.0
1784041566.787443,407.887,1980,3201,85.0,58.0,45.0
1784041566.797457,407.887,1980,3201,85.0,58.0,45.0
1784041566.807504,407.887,1980,3201,85.0,58.0,45.0
1784041566.817445,407.219,1980,3201,85.0,58.0,45.0
1784041566.827444,407.219,1980,3201,85.0,58.0,45.0
1784041566.837446,407.219,1980,3201,85.0,58.0,45.0
1784041566.847490,407.219,1980,3201,85.0,58.0,45.0
1784041566.857444,407.219,1980,3201,85.0,58.0,45.0
1784041566.867444,407.219,1980,3201,85.0,58.0,45.0
1784041566.877534,407.219,1980,3201,85.0,58.0,45.0
1784041566.887440,407.219,1980,3201,85.0,58.0,45.0
1784041566.897442,407.219,1980,3201,85.0,58.0,45.0
1784041566.907545,407.219,1980,3201,85.0,58.0,45.0
1784041566.917446,410.595,1980,3201,81.0,52.0,47.0
1784041566.927514,410.595,1980,3201,81.0,52.0,47.0
1784041566.937443,410.595,1980,3201,81.0,52.0,47.0
1784041566.947481,410.595,1980,3201,81.0,52.0,47.0
1784041566.957445,410.595,1980,3201,81.0,52.0,47.0
1784041566.967443,410.595,1980,3201,81.0,52.0,47.0
1784041566.977441,410.595,1980,3201,81.0,52.0,47.0
1784041566.987441,410.595,1980,3201,81.0,52.0,47.0
1784041566.997672,410.595,1980,3201,81.0,52.0,47.0
1784041567.007442,410.595,1980,3201,81.0,52.0,47.0
1784041567.017497,409.777,1980,3201,81.0,52.0,45.0
1784041567.027441,409.777,1980,3201,81.0,52.0,45.0
1784041567.037441,409.777,1980,3201,81.0,52.0,45.0
1784041567.047440,409.777,1980,3201,81.0,52.0,45.0
1784041567.057525,409.777,1980,3201,81.0,52.0,45.0
1784041567.067441,409.777,1980,3201,81.0,52.0,45.0
1784041567.077441,409.777,1980,3201,81.0,52.0,45.0
1784041567.087456,409.777,1980,3201,81.0,52.0,45.0
1784041567.097440,409.777,1980,3201,81.0,52.0,45.0
1784041567.107484,409.777,1980,3201,81.0,52.0,45.0
1784041567.117440,409.717,1980,3201,85.0,57.0,45.0
1784041567.127442,409.717,1980,3201,85.0,57.0,45.0
1784041567.137467,409.717,1980,3201,85.0,57.0,45.0
1784041567.147440,409.717,1980,3201,85.0,57.0,45.0
1784041567.157440,409.717,1980,3201,85.0,57.0,45.0
1784041567.167440,409.717,1980,3201,85.0,57.0,45.0
1784041567.177442,409.717,1980,3201,85.0,57.0,45.0
1784041567.187468,409.717,1980,3201,85.0,57.0,45.0
1784041567.197890,409.717,1980,3201,85.0,57.0,45.0
1784041567.207440,409.717,1980,3201,85.0,57.0,45.0
1784041567.217440,409.356,1980,3201,85.0,57.0,45.0
1784041567.227440,409.356,1980,3201,85.0,57.0,45.0
1784041567.237441,409.356,1980,3201,85.0,57.0,45.0
1784041567.247440,409.356,1980,3201,85.0,57.0,45.0
1784041567.257440,409.356,1980,3201,85.0,57.0,45.0
1784041567.267441,409.356,1980,3201,85.0,57.0,45.0
1784041567.277441,409.356,1980,3201,85.0,57.0,45.0
1784041567.287442,409.356,1980,3201,85.0,57.0,45.0
1784041567.297443,409.356,1980,3201,85.0,57.0,45.0
1784041567.307489,409.356,1980,3201,85.0,57.0,45.0
1784041567.317443,410.033,1980,3201,85.0,57.0,45.0
1784041567.327508,410.033,1980,3201,85.0,57.0,45.0
1784041567.337444,410.033,1980,3201,85.0,57.0,45.0
1784041567.347498,410.033,1980,3201,85.0,57.0,45.0
1784041567.357444,410.033,1980,3201,85.0,57.0,45.0
1784041567.367445,410.033,1980,3201,85.0,57.0,45.0
1784041567.377500,410.033,1980,3201,85.0,57.0,45.0
1784041567.387447,410.033,1980,3201,85.0,57.0,45.0
1784041567.397498,410.033,1980,3201,85.0,57.0,45.0
1784041567.407444,410.033,1980,3201,85.0,57.0,45.0
1784041567.417445,410.139,1980,3201,85.0,57.0,45.0
1784041567.427444,410.139,1980,3201,85.0,57.0,45.0
1784041567.437445,410.139,1980,3201,85.0,57.0,45.0
1784041567.447448,410.139,1980,3201,85.0,57.0,45.0
1784041567.457504,410.139,1980,3201,85.0,57.0,45.0
1784041567.467448,410.139,1980,3201,85.0,57.0,45.0
1784041567.477447,410.139,1980,3201,85.0,57.0,45.0
1784041567.487448,410.139,1980,3201,85.0,57.0,45.0
1784041567.498063,410.139,1980,3201,85.0,57.0,45.0
1784041567.507448,410.139,1980,3201,85.0,57.0,45.0
1784041567.517449,410.374,1980,3201,84.0,57.0,45.0
1784041567.527484,410.374,1980,3201,84.0,57.0,45.0
1784041567.537447,410.374,1980,3201,84.0,57.0,45.0
1784041567.547472,410.374,1980,3201,84.0,57.0,45.0
1784041567.557448,410.374,1980,3201,84.0,57.0,45.0
1784041567.567471,410.374,1980,3201,84.0,57.0,45.0
1784041567.577448,410.374,1980,3201,84.0,57.0,45.0
1784041567.587448,410.374,1980,3201,84.0,57.0,45.0
1784041567.597448,410.374,1980,3201,84.0,57.0,45.0
1784041567.607448,410.374,1980,3201,84.0,57.0,45.0
1784041567.617491,409.833,1980,3201,84.0,57.0,45.0
1784041567.627447,409.833,1980,3201,84.0,57.0,45.0
1784041567.637444,409.833,1980,3201,84.0,57.0,45.0
1784041567.647441,409.833,1980,3201,84.0,57.0,45.0
1784041567.657459,409.833,1980,3201,84.0,57.0,45.0
1784041567.668125,409.833,1980,3201,84.0,57.0,45.0
1784041567.677440,409.833,1980,3201,84.0,57.0,45.0
1784041567.687441,409.833,1980,3201,84.0,57.0,45.0
1784041567.697442,409.833,1980,3201,84.0,57.0,45.0
1784041567.707441,409.833,1980,3201,84.0,57.0,45.0
1784041567.717441,409.764,1980,3201,84.0,57.0,45.0
1784041567.727443,409.764,1980,3201,84.0,57.0,45.0
1784041567.737440,409.764,1980,3201,84.0,57.0,45.0
1784041567.747440,409.764,1980,3201,84.0,57.0,45.0
1784041567.757440,409.764,1980,3201,84.0,57.0,45.0
1784041567.767439,409.764,1980,3201,84.0,57.0,45.0
1784041567.777629,409.764,1980,3201,84.0,57.0,45.0
1784041567.787440,409.764,1980,3201,84.0,57.0,45.0
1784041567.797440,409.764,1980,3201,84.0,57.0,45.0
1784041567.807439,409.764,1980,3201,84.0,57.0,45.0
1784041567.817439,412.377,1980,3201,84.0,57.0,48.0
1784041567.827419,412.377,1980,3201,84.0,57.0,48.0
1784041567.837438,412.377,1980,3201,84.0,57.0,48.0
1784041567.847563,412.377,1980,3201,84.0,57.0,48.0
1784041567.857439,412.377,1980,3201,84.0,57.0,48.0
1784041567.867439,412.377,1980,3201,84.0,57.0,48.0
1784041567.877437,412.377,1980,3201,84.0,57.0,48.0
1784041567.887438,412.377,1980,3201,84.0,57.0,48.0
1784041567.897437,412.377,1980,3201,84.0,57.0,48.0
1784041567.907443,412.377,1980,3201,84.0,57.0,48.0
1784041567.917446,408.830,1980,3201,83.0,56.0,45.0
1784041567.927444,408.830,1980,3201,83.0,56.0,45.0
1784041567.937443,408.830,1980,3201,83.0,56.0,45.0
1784041567.947445,408.830,1980,3201,83.0,56.0,45.0
1784041567.957443,408.830,1980,3201,83.0,56.0,45.0
1784041567.967443,408.830,1980,3201,83.0,56.0,45.0
1784041567.977441,408.830,1980,3201,83.0,56.0,45.0
1784041567.987441,408.830,1980,3201,83.0,56.0,45.0
1784041567.997442,408.830,1980,3201,83.0,56.0,45.0
1784041568.007441,408.830,1980,3201,83.0,56.0,45.0
1784041568.017447,407.797,1980,3201,83.0,56.0,45.0
1784041568.027442,407.797,1980,3201,83.0,56.0,45.0
1784041568.037442,407.797,1980,3201,83.0,56.0,45.0
1784041568.047438,407.797,1980,3201,83.0,56.0,45.0
1784041568.057442,407.797,1980,3201,83.0,56.0,45.0
1784041568.067441,407.797,1980,3201,83.0,56.0,45.0
1784041568.077440,407.797,1980,3201,83.0,56.0,45.0
1784041568.087440,407.797,1980,3201,83.0,56.0,45.0
1784041568.097440,407.797,1980,3201,83.0,56.0,45.0
1784041568.107441,407.797,1980,3201,83.0,56.0,45.0
1784041568.117440,407.256,1980,3201,83.0,56.0,45.0
1784041568.127439,407.256,1980,3201,83.0,56.0,45.0
1784041568.137502,407.256,1980,3201,83.0,56.0,45.0
1784041568.147439,407.256,1980,3201,83.0,56.0,45.0
1784041568.157440,407.256,1980,3201,83.0,56.0,45.0
1784041568.167435,407.256,1980,3201,83.0,56.0,45.0
1784041568.177433,407.256,1980,3201,83.0,56.0,45.0
1784041568.187435,407.256,1980,3201,83.0,56.0,45.0
1784041568.197435,407.256,1980,3201,83.0,56.0,45.0
1784041568.207435,407.256,1980,3201,83.0,56.0,45.0
1784041568.217435,406.429,1980,3201,83.0,56.0,45.0
1784041568.227768,406.429,1980,3201,83.0,56.0,45.0
1784041568.237501,406.429,1980,3201,83.0,56.0,45.0
1784041568.247441,406.429,1980,3201,83.0,56.0,45.0
1784041568.257443,406.429,1980,3201,83.0,56.0,45.0
1784041568.267442,406.429,1980,3201,83.0,56.0,45.0
1784041568.277442,406.429,1980,3201,83.0,56.0,45.0
1784041568.287442,406.429,1980,3201,83.0,56.0,45.0
1784041568.297456,406.429,1980,3201,83.0,56.0,45.0
1784041568.307442,406.429,1980,3201,83.0,56.0,45.0
1784041568.317914,406.893,1980,3201,86.0,58.0,45.0
1784041568.327443,406.893,1980,3201,86.0,58.0,45.0
1784041568.337443,406.893,1980,3201,86.0,58.0,45.0
1784041568.347442,406.893,1980,3201,86.0,58.0,45.0
1784041568.357441,406.893,1980,3201,86.0,58.0,45.0
1784041568.367441,406.893,1980,3201,86.0,58.0,45.0
1784041568.377442,406.893,1980,3201,86.0,58.0,45.0
1784041568.387443,406.893,1980,3201,86.0,58.0,45.0
1784041568.397441,406.893,1980,3201,86.0,58.0,45.0
1784041568.407554,406.893,1980,3201,86.0,58.0,45.0
1784041568.417486,406.957,1980,3201,86.0,58.0,45.0
1784041568.427532,406.957,1980,3201,86.0,58.0,45.0
1784041568.437444,406.957,1980,3201,86.0,58.0,45.0
1784041568.447441,406.957,1980,3201,86.0,58.0,45.0
1784041568.457442,406.957,1980,3201,86.0,58.0,45.0
1784041568.467487,406.957,1980,3201,86.0,58.0,45.0
1784041568.477523,406.957,1980,3201,86.0,58.0,45.0
1784041568.487445,406.957,1980,3201,86.0,58.0,45.0
1784041568.497442,406.957,1980,3201,86.0,58.0,45.0
1784041568.507441,406.957,1980,3201,86.0,58.0,45.0
1784041568.517518,406.800,1980,3201,86.0,58.0,45.0
1784041568.527442,406.800,1980,3201,86.0,58.0,45.0
1784041568.537442,406.800,1980,3201,86.0,58.0,45.0
1784041568.547441,406.800,1980,3201,86.0,58.0,45.0
1784041568.557442,406.800,1980,3201,86.0,58.0,45.0
1784041568.567442,406.800,1980,3201,86.0,58.0,45.0
1784041568.577442,406.800,1980,3201,86.0,58.0,45.0
1784041568.587441,406.800,1980,3201,86.0,58.0,45.0
1784041568.597441,406.800,1980,3201,86.0,58.0,45.0
1784041568.608149,406.800,1980,3201,86.0,58.0,45.0
1784041568.617499,407.771,1980,3201,86.0,58.0,45.0
1784041568.627545,407.771,1980,3201,86.0,58.0,45.0
1784041568.637490,407.771,1980,3201,86.0,58.0,45.0
1784041568.647445,407.771,1980,3201,86.0,58.0,45.0
1784041568.657443,407.771,1980,3201,86.0,58.0,45.0
1784041568.667622,407.771,1980,3201,86.0,58.0,45.0
1784041568.677445,407.771,1980,3201,86.0,58.0,45.0
1784041568.687510,407.771,1980,3201,86.0,58.0,45.0
1784041568.697444,407.771,1980,3201,86.0,58.0,45.0
1784041568.707443,407.771,1980,3201,86.0,58.0,45.0
1784041568.717445,413.180,1980,3201,81.0,52.0,45.0
1784041568.727446,413.180,1980,3201,81.0,52.0,45.0
1784041568.737445,413.180,1980,3201,81.0,52.0,45.0
1784041568.747509,413.180,1980,3201,81.0,52.0,45.0
1784041568.757869,413.180,1980,3201,81.0,52.0,45.0
1784041568.767447,413.180,1980,3201,81.0,52.0,45.0
1784041568.777446,413.180,1980,3201,81.0,52.0,45.0
1784041568.787446,413.180,1980,3201,81.0,52.0,45.0
1784041568.797447,413.180,1980,3201,81.0,52.0,45.0
1784041568.807447,413.180,1980,3201,81.0,52.0,45.0
1784041568.817447,409.722,1980,3201,81.0,52.0,45.0
1784041568.827460,409.722,1980,3201,81.0,52.0,45.0
1784041568.837447,409.722,1980,3201,81.0,52.0,45.0
1784041568.847449,409.722,1980,3201,81.0,52.0,45.0
1784041568.857448,409.722,1980,3201,81.0,52.0,45.0
1784041568.867447,409.722,1980,3201,81.0,52.0,45.0
1784041568.877447,409.722,1980,3201,81.0,52.0,45.0
1784041568.887448,409.722,1980,3201,81.0,52.0,45.0
1784041568.897446,409.722,1980,3201,81.0,52.0,45.0
1784041568.907444,409.722,1980,3201,81.0,52.0,45.0
1784041568.917444,409.041,1980,3201,84.0,56.0,45.0
1784041568.927446,409.041,1980,3201,84.0,56.0,45.0
1784041568.937443,409.041,1980,3201,84.0,56.0,45.0
1784041568.947443,409.041,1980,3201,84.0,56.0,45.0
1784041568.957442,409.041,1980,3201,84.0,56.0,45.0
1784041568.967850,409.041,1980,3201,84.0,56.0,45.0
1784041568.977433,409.041,1980,3201,84.0,56.0,45.0
1784041568.987434,409.041,1980,3201,84.0,56.0,45.0
1784041568.997434,409.041,1980,3201,84.0,56.0,45.0
1784041569.007434,409.041,1980,3201,84.0,56.0,45.0
1784041569.017434,409.975,1980,3201,84.0,56.0,45.0
1784041569.027435,409.975,1980,3201,84.0,56.0,45.0
1784041569.037438,409.975,1980,3201,84.0,56.0,45.0
1784041569.047440,409.975,1980,3201,84.0,56.0,45.0
1784041569.058104,409.975,1980,3201,84.0,56.0,45.0
1784041569.067438,409.975,1980,3201,84.0,56.0,45.0
1784041569.077438,409.975,1980,3201,84.0,56.0,45.0
1784041569.087438,409.975,1980,3201,84.0,56.0,45.0
1784041569.097438,409.975,1980,3201,84.0,56.0,45.0
1784041569.107438,409.975,1980,3201,84.0,56.0,45.0
1784041569.117438,410.481,1980,3201,84.0,57.0,45.0
1784041569.127612,410.481,1980,3201,84.0,57.0,45.0
1784041569.137438,410.481,1980,3201,84.0,57.0,45.0
1784041569.147438,410.481,1980,3201,84.0,57.0,45.0
1784041569.157438,410.481,1980,3201,84.0,57.0,45.0
1784041569.167441,410.481,1980,3201,84.0,57.0,45.0
1784041569.177445,410.481,1980,3201,84.0,57.0,45.0
1784041569.187441,410.481,1980,3201,84.0,57.0,45.0
1784041569.197445,410.481,1980,3201,84.0,57.0,45.0
1784041569.207440,410.481,1980,3201,84.0,57.0,45.0
1784041569.217443,411.441,1980,3201,84.0,57.0,45.0
1784041569.227440,411.441,1980,3201,84.0,57.0,45.0
1784041569.237442,411.441,1980,3201,84.0,57.0,45.0
1784041569.247444,411.441,1980,3201,84.0,57.0,45.0
1784041569.257441,411.441,1980,3201,84.0,57.0,45.0
1784041569.267834,411.441,1980,3201,84.0,57.0,45.0
1784041569.277438,411.441,1980,3201,84.0,57.0,45.0
1784041569.287438,411.441,1980,3201,84.0,57.0,45.0
1784041569.297437,411.441,1980,3201,84.0,57.0,45.0
1784041569.307437,411.441,1980,3201,84.0,57.0,45.0
1784041569.317437,411.344,1980,3201,84.0,57.0,45.0
1784041569.327437,411.344,1980,3201,84.0,57.0,45.0
1784041569.337556,411.344,1980,3201,84.0,57.0,45.0
1784041569.347438,411.344,1980,3201,84.0,57.0,45.0
1784041569.357437,411.344,1980,3201,84.0,57.0,45.0
1784041569.367437,411.344,1980,3201,84.0,57.0,45.0
1784041569.377439,411.344,1980,3201,84.0,57.0,45.0
1784041569.387439,411.344,1980,3201,84.0,57.0,45.0
1784041569.397437,411.344,1980,3201,84.0,57.0,45.0
1784041569.407602,411.344,1980,3201,84.0,57.0,45.0
1784041569.417438,411.203,1980,3201,84.0,57.0,45.0
1784041569.427437,411.203,1980,3201,84.0,57.0,45.0
1784041569.437437,411.203,1980,3201,84.0,57.0,45.0
1784041569.447438,411.203,1980,3201,84.0,57.0,45.0
1784041569.457437,411.203,1980,3201,84.0,57.0,45.0
1784041569.467438,411.203,1980,3201,84.0,57.0,45.0
1784041569.477934,411.203,1980,3201,84.0,57.0,45.0
1784041569.487436,411.203,1980,3201,84.0,57.0,45.0
1784041569.497505,411.203,1980,3201,84.0,57.0,45.0
1784041569.507448,411.203,1980,3201,84.0,57.0,45.0
1784041569.517445,410.566,1980,3201,84.0,57.0,45.0
1784041569.527444,410.566,1980,3201,84.0,57.0,45.0
1784041569.537445,410.566,1980,3201,84.0,57.0,45.0
