t_start,t_end,phase,n_running,n_waiting,kv_tokens_resident,kv_cache_pct,prefill_tokens,decode_tokens,dram_bytes
1790282139.996407,1790282139.996407,mixed,2,0,64,0.0001,50,2,
1790282139.996407,1790282140.010006,mixed,4,0,112,0.0003,38,4,
1790282140.010006,1790282140.044125,decode,4,0,112,0.0003,0,4,
1790282140.044125,1790282140.067357,decode,4,0,112,0.0003,0,4,
1790282140.067357,1790282140.091245,decode,4,0,128,0.0003,0,4,
1790282140.091245,1790282140.116041,decode,4,0,128,0.0003,0,4,
1790282140.116041,1790282140.141088,decode,4,0,128,0.0003,0,4,
1790282140.141088,1790282140.166150,decode,4,0,128,0.0003,0,4,
1790282140.166150,1790282140.191108,decode,4,0,160,0.0004,0,4,
1790282140.191108,1790282140.216130,decode,4,0,160,0.0004,0,4,
1790282140.216130,1790282140.241099,decode,4,0,176,0.0004,0,4,
1790282140.241099,1790282140.266888,decode,4,0,176,0.0004,0,4,
1790282140.266888,1790282140.292540,decode,4,0,176,0.0004,0,4,
1790282140.292540,1790282140.318793,decode,4,0,176,0.0004,0,4,
1790282140.318793,1790282140.343630,decode,4,0,176,0.0004,0,4,
1790282140.343630,1790282140.368664,decode,4,0,176,0.0004,0,4,
1790282140.368664,1790282140.393536,decode,4,0,176,0.0004,0,4,
1790282140.393536,1790282140.418605,decode,4,0,176,0.0004,0,4,
1790282140.418605,1790282140.443841,decode,4,0,176,0.0004,0,4,
1790282140.443841,1790282140.469583,decode,4,0,176,0.0004,0,4,
1790282140.469583,1790282140.495293,decode,4,0,192,0.0004,0,4,
1790282140.495293,1790282140.521022,decode,4,0,192,0.0004,0,4,
1790282140.521022,1790282140.546674,decode,4,0,192,0.0004,0,4,
1790282140.546674,1790282140.572044,decode,4,0,192,0.0004,0,4,
1790282140.572044,1790282140.598233,decode,4,0,224,0.0005,0,4,
1790282140.598233,1790282140.622671,decode,4,0,224,0.0005,0,4,
1790282140.622671,1790282140.647500,decode,4,0,240,0.0006,0,4,
1790282140.647500,1790282140.672965,decode,4,0,240,0.0006,0,4,
1790282140.672965,1790282140.699192,decode,4,0,240,0.0006,0,4,
1790282140.699192,1790282140.724287,decode,4,0,240,0.0006,0,4,
1790282140.724287,1790282140.749336,decode,4,0,240,0.0006,0,4,
1790282140.749336,1790282140.774911,decode,4,0,240,0.0006,0,4,
1790282140.774911,1790282140.806031,decode,4,0,240,0.0006,0,4,
1790282140.806031,1790282140.843817,decode,4,0,240,0.0006,0,4,
1790282140.843817,1790282140.881794,decode,4,0,240,0.0006,0,4,
1790282140.881794,1790282140.909330,decode,4,0,240,0.0006,0,4,
1790282140.909330,1790282140.934604,decode,4,0,256,0.0006,0,4,
1790282140.934604,1790282140.960293,decode,4,0,256,0.0006,0,4,
1790282140.960293,1790282140.986130,decode,4,0,256,0.0006,0,4,
1790282140.986130,1790282141.011968,decode,4,0,256,0.0006,0,4,
1790282141.011968,1790282141.037828,decode,4,0,288,0.0007,0,4,
1790282141.037828,1790282141.062495,decode,4,0,288,0.0007,0,4,
1790282141.062495,1790282141.087578,decode,4,0,304,0.0007,0,4,
1790282141.087578,1790282141.112663,decode,4,0,304,0.0007,0,4,
1790282141.112663,1790282141.137759,decode,4,0,304,0.0007,0,4,
1790282141.137759,1790282141.162850,decode,4,0,304,0.0007,0,4,
1790282141.162850,1790282141.187945,decode,4,0,304,0.0007,0,4,
1790282141.187945,1790282141.212661,decode,4,0,304,0.0007,0,4,
1790282141.212661,1790282141.238185,decode,4,0,304,0.0007,0,4,
1790282141.238185,1790282141.263309,decode,4,0,304,0.0007,0,4,
1790282141.263309,1790282141.289160,decode,4,0,304,0.0007,0,4,
1790282141.289160,1790282141.314983,decode,4,0,304,0.0007,0,4,
1790282141.314983,1790282141.340786,decode,4,0,320,0.0007,0,4,
1790282141.340786,1790282141.366608,decode,4,0,320,0.0007,0,4,
1790282141.366608,1790282141.392445,decode,4,0,320,0.0007,0,4,
1790282141.392445,1790282141.418822,decode,4,0,320,0.0007,0,4,
1790282141.418822,1790282141.443750,decode,4,0,352,0.0008,0,4,
1790282141.443750,1790282141.468204,decode,4,0,352,0.0008,0,4,
1790282141.468204,1790282141.492660,decode,4,0,368,0.0009,0,4,
1790282141.492660,1790282141.518195,decode,4,0,368,0.0009,0,4,
1790282141.518195,1790282141.542731,decode,4,0,368,0.0009,0,4,
1790282141.542731,1790282141.567306,decode,4,0,368,0.0009,0,4,
1790282141.567306,1790282141.591773,decode,4,0,368,0.0009,0,4,
1790282141.591773,1790282141.619053,decode,4,0,368,0.0009,0,4,
1790282141.619053,1790282141.644120,decode,4,0,368,0.0009,0,4,
1790282141.644120,1790282141.669230,decode,4,0,368,0.0009,0,4,
1790282141.669230,1790282141.694859,decode,4,0,368,0.0009,0,4,
1790282141.694859,1790282141.724768,decode,4,0,368,0.0009,0,4,
1790282141.724768,1790282141.754853,decode,4,0,384,0.0009,0,4,
1790282141.754853,1790282141.784959,decode,4,0,384,0.0009,0,4,
1790282141.784959,1790282141.814656,decode,4,0,384,0.0009,0,4,
1790282141.814656,1790282141.843696,decode,4,0,384,0.0009,0,4,
1790282141.843696,1790282141.871805,decode,4,0,416,0.0010,0,4,
1790282141.871805,1790282141.899748,decode,4,0,416,0.0010,0,4,
1790282141.899748,1790282141.926340,decode,4,0,432,0.0010,0,4,
1790282141.926340,1790282141.952896,decode,4,0,432,0.0010,0,4,
1790282141.952896,1790282141.979345,decode,4,0,432,0.0010,0,4,
1790282141.979345,1790282142.005130,decode,4,0,432,0.0010,0,4,
1790282142.005130,1790282142.030930,decode,4,0,432,0.0010,0,4,
1790282142.030930,1790282142.057273,decode,4,0,432,0.0010,0,4,
1790282142.057273,1790282142.082489,decode,4,0,432,0.0010,0,4,
1790282142.082489,1790282142.108261,decode,4,0,432,0.0010,0,4,
1790282142.108261,1790282142.134048,decode,4,0,432,0.0010,0,4,
1790282142.134048,1790282142.159875,decode,4,0,432,0.0010,0,4,
1790282142.159875,1790282142.185663,decode,4,0,448,0.0010,0,4,
1790282142.185663,1790282142.211457,decode,4,0,448,0.0010,0,4,
1790282142.211457,1790282142.237960,decode,4,0,448,0.0010,0,4,
1790282142.237960,1790282142.262459,decode,4,0,448,0.0010,0,4,
1790282142.262459,1790282142.286954,decode,4,0,480,0.0011,0,4,
1790282142.286954,1790282142.311285,decode,4,0,480,0.0011,0,4,
1790282142.311285,1790282142.339170,decode,4,0,496,0.0012,0,4,
1790282142.339170,1790282142.364327,decode,4,0,496,0.0012,0,4,
1790282142.364327,1790282142.389742,decode,4,0,496,0.0012,0,4,
1790282142.389742,1790282142.415534,decode,4,0,496,0.0012,0,4,
1790282142.415534,1790282142.441298,decode,4,0,496,0.0012,0,4,
1790282142.441298,1790282142.467033,decode,4,0,496,0.0012,0,4,
1790282142.467033,1790282142.492900,decode,4,0,496,0.0012,0,4,
1790282142.492900,1790282142.518581,decode,4,0,496,0.0012,0,4,
1790282142.518581,1790282142.544484,decode,4,0,496,0.0012,0,4,
1790282142.544484,1790282142.569933,decode,4,0,496,0.0012,0,4,
1790282142.569933,1790282142.594507,decode,4,0,512,0.0012,0,4,
1790282142.594507,1790282142.619006,decode,4,0,512,0.0012,0,4,
1790282142.619006,1790282142.645362,decode,4,0,512,0.0012,0,4,
1790282142.645362,1790282142.673229,decode,4,0,512,0.0012,0,4,
1790282142.673229,1790282142.701391,decode,4,0,544,0.0013,0,4,
1790282142.701391,1790282142.729361,decode,4,0,544,0.0013,0,4,
1790282142.729361,1790282142.757293,decode,4,0,560,0.0013,0,4,
1790282142.757293,1790282142.785172,decode,4,0,560,0.0013,0,4,
1790282142.785172,1790282142.813114,decode,4,0,560,0.0013,0,4,
1790282142.813114,1790282142.840198,decode,4,0,560,0.0013,0,4,
1790282142.840198,1790282142.867582,decode,3,0,416,0.0010,0,4,
1790282142.867582,1790282142.894217,decode,3,0,416,0.0010,0,3,
1790282142.894217,1790282142.920644,decode,3,0,416,0.0010,0,3,
1790282142.920644,1790282142.946771,decode,3,0,416,0.0010,0,3,
1790282142.946771,1790282142.972505,decode,3,0,416,0.0010,0,3,
1790282142.972505,1790282142.998781,decode,3,0,416,0.0010,0,3,
1790282142.998781,1790282143.024538,decode,3,0,432,0.0010,0,3,
1790282143.024538,1790282143.050151,decode,3,0,432,0.0010,0,3,
1790282143.050151,1790282143.076506,decode,3,0,432,0.0010,0,3,
1790282143.076506,1790282143.101647,decode,3,0,432,0.0010,0,3,
1790282143.101647,1790282143.127455,decode,3,0,448,0.0010,0,3,
1790282143.127455,1790282143.153099,decode,3,0,448,0.0010,0,3,
1790282143.153099,1790282143.178817,decode,3,0,464,0.0011,0,3,
1790282143.178817,1790282143.204590,decode,3,0,464,0.0011,0,3,
1790282143.204590,1790282143.230204,decode,3,0,464,0.0011,0,3,
1790282143.230204,1790282143.255966,decode,3,0,464,0.0011,0,3,
1790282143.255966,1790282143.281010,decode,3,0,464,0.0011,0,3,
1790282143.281010,1790282143.306002,decode,3,0,464,0.0011,0,3,
1790282143.306002,1790282143.331458,decode,3,0,464,0.0011,0,3,
1790282143.331458,1790282143.357779,decode,3,0,464,0.0011,0,3,
1790282143.357779,1790282143.382515,decode,3,0,464,0.0011,0,3,
1790282143.382515,1790282143.408228,decode,3,0,464,0.0011,0,3,
1790282143.408228,1790282143.433882,decode,3,0,480,0.0011,0,3,
1790282143.433882,1790282143.459596,decode,3,0,480,0.0011,0,3,
1790282143.459596,1790282143.485384,decode,3,0,480,0.0011,0,3,
1790282143.485384,1790282143.511079,decode,3,0,480,0.0011,0,3,
1790282143.511079,1790282143.537612,decode,3,0,496,0.0012,0,3,
1790282143.537612,1790282143.562290,decode,3,0,496,0.0012,0,3,
1790282143.562290,1790282143.587344,decode,3,0,512,0.0012,0,3,
1790282143.587344,1790282143.612895,decode,3,0,512,0.0012,0,3,
1790282143.612895,1790282143.639442,decode,3,0,512,0.0012,0,3,
1790282143.639442,1790282143.666682,decode,3,0,512,0.0012,0,3,
1790282143.666682,1790282143.694292,decode,3,0,512,0.0012,0,3,
1790282143.694292,1790282143.722173,decode,3,0,512,0.0012,0,3,
1790282143.722173,1790282143.750022,decode,3,0,512,0.0012,0,3,
1790282143.750022,1790282143.777799,decode,3,0,512,0.0012,0,3,
1790282143.777799,1790282143.804386,decode,3,0,512,0.0012,0,3,
1790282143.804386,1790282143.831463,decode,3,0,512,0.0012,0,3,
1790282143.831463,1790282143.858406,decode,3,0,528,0.0012,0,3,
1790282143.858406,1790282143.884199,decode,3,0,528,0.0012,0,3,
1790282143.884199,1790282143.910545,decode,3,0,528,0.0012,0,3,
1790282143.910545,1790282143.939326,decode,3,0,528,0.0012,0,3,
1790282143.939326,1790282143.964840,decode,3,0,544,0.0013,0,3,
1790282143.964840,1790282143.990297,decode,3,0,544,0.0013,0,3,
1790282143.990297,1790282144.017709,decode,3,0,560,0.0013,0,3,
1790282144.017709,1790282144.043375,decode,3,0,560,0.0013,0,3,
1790282144.043375,1790282144.069238,decode,3,0,560,0.0013,0,3,
1790282144.069238,1790282144.094570,decode,3,0,560,0.0013,0,3,
1790282144.094570,1790282144.119702,decode,3,0,560,0.0013,0,3,
1790282144.119702,1790282144.145436,decode,3,0,560,0.0013,0,3,
1790282144.145436,1790282144.171142,decode,3,0,560,0.0013,0,3,
1790282144.171142,1790282144.197372,decode,3,0,560,0.0013,0,3,
1790282144.197372,1790282144.221796,decode,3,0,560,0.0013,0,3,
1790282144.221796,1790282144.246471,decode,3,0,560,0.0013,0,3,
1790282144.246471,1790282144.271500,decode,3,0,576,0.0013,0,3,
1790282144.271500,1790282144.297623,decode,3,0,576,0.0013,0,3,
1790282144.297623,1790282144.323343,decode,3,0,576,0.0013,0,3,
1790282144.323343,1790282144.349093,decode,3,0,576,0.0013,0,3,
1790282144.349093,1790282144.374940,decode,3,0,592,0.0014,0,3,
1790282144.374940,1790282144.400560,decode,3,0,592,0.0014,0,3,
1790282144.400560,1790282144.426463,decode,3,0,608,0.0014,0,3,
1790282144.426463,1790282144.452620,decode,3,0,608,0.0014,0,3,
1790282144.452620,1790282144.478370,decode,3,0,608,0.0014,0,3,
1790282144.478370,1790282144.504010,decode,3,0,608,0.0014,0,3,
1790282144.504010,1790282144.530240,decode,3,0,608,0.0014,0,3,
1790282144.530240,1790282144.558808,decode,3,0,608,0.0014,0,3,
1790282144.558808,1790282144.585080,decode,3,0,608,0.0014,0,3,
1790282144.585080,1790282144.611798,decode,3,0,608,0.0014,0,3,
1790282144.611798,1790282144.639103,decode,3,0,608,0.0014,0,3,
1790282144.639103,1790282144.666113,decode,3,0,608,0.0014,0,3,
1790282144.666113,1790282144.692608,decode,3,0,624,0.0015,0,3,
1790282144.692608,1790282144.719113,decode,3,0,624,0.0015,0,3,
1790282144.719113,1790282144.746352,decode,3,0,624,0.0015,0,3,
1790282144.746352,1790282144.773058,decode,3,0,624,0.0015,0,3,
1790282144.773058,1790282144.799635,decode,3,0,640,0.0015,0,3,
1790282144.799635,1790282144.827013,decode,3,0,640,0.0015,0,3,
1790282144.827013,1790282144.853691,decode,3,0,656,0.0015,0,3,
1790282144.853691,1790282144.880223,decode,3,0,656,0.0015,0,3,
1790282144.880223,1790282144.906841,decode,3,0,656,0.0015,0,3,
1790282144.906841,1790282144.933599,decode,3,0,656,0.0015,0,3,
1790282144.933599,1790282144.959949,decode,3,0,656,0.0015,0,3,
1790282144.959949,1790282144.986382,decode,3,0,656,0.0015,0,3,
1790282144.986382,1790282145.012811,decode,3,0,656,0.0015,0,3,
1790282145.012811,1790282145.039203,decode,3,0,656,0.0015,0,3,
1790282145.039203,1790282145.064948,decode,3,0,656,0.0015,0,3,
1790282145.064948,1790282145.090726,decode,3,0,656,0.0015,0,3,
1790282145.090726,1790282145.117490,decode,3,0,672,0.0016,0,3,
1790282145.117490,1790282145.142760,decode,3,0,672,0.0016,0,3,
1790282145.142760,1790282145.168465,decode,3,0,672,0.0016,0,3,
1790282145.168465,1790282145.194241,decode,3,0,672,0.0016,0,3,
1790282145.194241,1790282145.219935,decode,3,0,688,0.0016,0,3,
1790282145.219935,1790282145.245672,decode,3,0,688,0.0016,0,3,
1790282145.245672,1790282145.271439,decode,3,0,704,0.0016,0,3,
1790282145.271439,1790282145.297593,decode,3,0,704,0.0016,0,3,
1790282145.297593,1790282145.322787,decode,3,0,704,0.0016,0,3,
1790282145.322787,1790282145.348514,decode,3,0,704,0.0016,0,3,
1790282145.348514,1790282145.374311,decode,3,0,704,0.0016,0,3,
1790282145.374311,1790282145.399990,decode,3,0,704,0.0016,0,3,
1790282145.399990,1790282145.425684,decode,3,0,704,0.0016,0,3,
1790282145.425684,1790282145.451894,decode,3,0,704,0.0016,0,3,
1790282145.451894,1790282145.478369,decode,3,0,704,0.0016,0,3,
1790282145.478369,1790282145.504818,decode,3,0,704,0.0016,0,3,
1790282145.504818,1790282145.531353,decode,3,0,720,0.0017,0,3,
1790282145.531353,1790282145.558871,decode,3,0,720,0.0017,0,3,
1790282145.558871,1790282145.585349,decode,3,0,720,0.0017,0,3,
1790282145.585349,1790282145.611790,decode,3,0,720,0.0017,0,3,
1790282145.611790,1790282145.638885,decode,3,0,736,0.0017,0,3,
1790282145.638885,1790282145.665385,decode,3,0,736,0.0017,0,3,
1790282145.665385,1790282145.691929,decode,3,0,752,0.0018,0,3,
1790282145.691929,1790282145.718964,decode,3,0,752,0.0018,0,3,
1790282145.718964,1790282145.745492,decode,3,0,752,0.0018,0,3,
1790282145.745492,1790282145.771971,decode,3,0,752,0.0018,0,3,
1790282145.771971,1790282145.799061,decode,3,0,752,0.0018,0,3,
1790282145.799061,1790282145.825544,decode,3,0,752,0.0018,0,3,
1790282145.825544,1790282145.852328,decode,3,0,752,0.0018,0,3,
1790282145.852328,1790282145.879414,decode,3,0,752,0.0018,0,3,
1790282145.879414,1790282145.906213,decode,3,0,752,0.0018,0,3,
1790282145.906213,1790282145.932544,decode,3,0,752,0.0018,0,3,
1790282145.932544,1790282145.958830,decode,3,0,768,0.0018,0,3,
1790282145.958830,1790282145.985141,decode,3,0,768,0.0018,0,3,
1790282145.985141,1790282146.011552,decode,3,0,768,0.0018,0,3,
1790282146.011552,1790282146.038034,decode,3,0,768,0.0018,0,3,
1790282146.038034,1790282146.063889,decode,3,0,784,0.0018,0,3,
1790282146.063889,1790282146.089740,decode,3,0,784,0.0018,0,3,
1790282146.089740,1790282146.115439,decode,3,0,800,0.0019,0,3,
1790282146.115439,1790282146.140541,decode,3,0,800,0.0019,0,3,
1790282146.140541,1790282146.165549,decode,3,0,800,0.0019,0,3,
1790282146.165549,1790282146.191756,decode,3,0,800,0.0019,0,3,
1790282146.191756,1790282146.218121,decode,3,0,800,0.0019,0,3,
1790282146.218121,1790282146.243900,decode,3,0,800,0.0019,0,3,
1790282146.243900,1790282146.269651,decode,3,0,800,0.0019,0,3,
1790282146.269651,1790282146.296046,decode,3,0,800,0.0019,0,3,
1790282146.296046,1790282146.321291,decode,3,0,800,0.0019,0,3,
1790282146.321291,1790282146.347089,decode,3,0,800,0.0019,0,3,
1790282146.347089,1790282146.372912,decode,3,0,816,0.0019,0,3,
1790282146.372912,1790282146.399245,decode,3,0,816,0.0019,0,3,
1790282146.399245,1790282146.425769,decode,3,0,816,0.0019,0,3,
1790282146.425769,1790282146.452376,decode,3,0,816,0.0019,0,3,
1790282146.452376,1790282146.478907,decode,3,0,832,0.0019,0,3,
1790282146.478907,1790282146.505046,decode,3,0,832,0.0019,0,3,
1790282146.505046,1790282146.531202,decode,3,0,848,0.0020,0,3,
1790282146.531202,1790282146.558248,decode,3,0,848,0.0020,0,3,
1790282146.558248,1790282146.584703,decode,3,0,848,0.0020,0,3,
1790282146.584703,1790282146.611176,decode,3,0,848,0.0020,0,3,
1790282146.611176,1790282146.638249,decode,3,0,848,0.0020,0,3,
1790282146.638249,1790282146.664886,decode,2,0,560,0.0013,0,3,
1790282146.664886,1790282146.691159,decode,0,0,0,0.0000,0,2,
1790282146.691159,1790282146.691251,idle,0,0,0,0.0000,,,
1790282146.691251,1790282146.728361,mixed,1,0,32,0.0001,26,1,
1790282146.728361,1790282146.768278,mixed,4,0,192,0.0004,121,4,
1790282146.768278,1790282146.806952,decode,4,0,192,0.0004,0,4,
1790282146.806952,1790282146.834659,decode,4,0,192,0.0004,0,4,
1790282146.834659,1790282146.860518,decode,4,0,192,0.0004,0,4,
1790282146.860518,1790282146.886407,decode,4,0,192,0.0004,0,4,
1790282146.886407,1790282146.912302,decode,4,0,192,0.0004,0,4,
1790282146.912302,1790282146.938158,decode,4,0,208,0.0005,0,4,
1790282146.938158,1790282146.964078,decode,4,0,208,0.0005,0,4,
1790282146.964078,1790282146.989884,decode,4,0,208,0.0005,0,4,
1790282146.989884,1790282147.016932,decode,4,0,208,0.0005,0,4,
1790282147.016932,1790282147.042455,decode,4,0,208,0.0005,0,4,
1790282147.042455,1790282147.067883,decode,4,0,224,0.0005,0,4,
1790282147.067883,1790282147.093616,decode,4,0,224,0.0005,0,4,
1790282147.093616,1790282147.120057,decode,4,0,224,0.0005,0,4,
1790282147.120057,1790282147.145967,decode,4,0,224,0.0005,0,4,
1790282147.145967,1790282147.171887,decode,4,0,240,0.0006,0,4,
1790282147.171887,1790282147.197738,decode,4,0,256,0.0006,0,4,
1790282147.197738,1790282147.223710,decode,4,0,256,0.0006,0,4,
1790282147.223710,1790282147.249816,decode,4,0,256,0.0006,0,4,
1790282147.249816,1790282147.276277,decode,4,0,256,0.0006,0,4,
1790282147.276277,1790282147.300910,decode,4,0,256,0.0006,0,4,
1790282147.300910,1790282147.326410,decode,4,0,256,0.0006,0,4,
1790282147.326410,1790282147.352306,decode,4,0,272,0.0006,0,4,
1790282147.352306,1790282147.378197,decode,4,0,272,0.0006,0,4,
1790282147.378197,1790282147.404040,decode,4,0,272,0.0006,0,4,
1790282147.404040,1790282147.429948,decode,4,0,272,0.0006,0,4,
1790282147.429948,1790282147.456938,decode,4,0,272,0.0006,0,4,
1790282147.456938,1790282147.482170,decode,4,0,288,0.0007,0,4,
1790282147.482170,1790282147.507980,decode,4,0,288,0.0007,0,4,
1790282147.507980,1790282147.534730,decode,4,0,288,0.0007,0,4,
1790282147.534730,1790282147.561204,decode,4,0,288,0.0007,0,4,
1790282147.561204,1790282147.587148,decode,4,0,304,0.0007,0,4,
1790282147.587148,1790282147.614810,decode,4,0,320,0.0007,0,4,
1790282147.614810,1790282147.641441,decode,4,0,320,0.0007,0,4,
1790282147.641441,1790282147.668895,decode,4,0,320,0.0007,0,4,
1790282147.668895,1790282147.698555,decode,4,0,320,0.0007,0,4,
1790282147.698555,1790282147.726533,decode,4,0,320,0.0007,0,4,
1790282147.726533,1790282147.754038,decode,4,0,320,0.0007,0,4,
1790282147.754038,1790282147.781490,decode,4,0,336,0.0008,0,4,
1790282147.781490,1790282147.808485,decode,4,0,336,0.0008,0,4,
1790282147.808485,1790282147.835229,decode,4,0,336,0.0008,0,4,
1790282147.835229,1790282147.861862,decode,4,0,336,0.0008,0,4,
1790282147.861862,1790282147.887829,decode,4,0,336,0.0008,0,4,
1790282147.887829,1790282147.914280,decode,4,0,352,0.0008,0,4,
1790282147.914280,1790282147.940925,decode,4,0,352,0.0008,0,4,
1790282147.940925,1790282147.967231,decode,4,0,352,0.0008,0,4,
1790282147.967231,1790282147.993219,decode,4,0,352,0.0008,0,4,
1790282147.993219,1790282148.019734,decode,4,0,368,0.0009,0,4,
1790282148.019734,1790282148.045643,decode,4,0,384,0.0009,0,4,
1790282148.045643,1790282148.071521,decode,4,0,384,0.0009,0,4,
1790282148.071521,1790282148.097466,decode,4,0,384,0.0009,0,4,
1790282148.097466,1790282148.123369,decode,4,0,384,0.0009,0,4,
1790282148.123369,1790282148.149329,decode,4,0,384,0.0009,0,4,
1790282148.149329,1790282148.176386,decode,4,0,384,0.0009,0,4,
1790282148.176386,1790282148.201614,decode,4,0,400,0.0009,0,4,
1790282148.201614,1790282148.226804,decode,4,0,400,0.0009,0,4,
1790282148.226804,1790282148.252030,decode,4,0,400,0.0009,0,4,
1790282148.252030,1790282148.279268,decode,4,0,400,0.0009,0,4,
1790282148.279268,1790282148.305516,decode,4,0,400,0.0009,0,4,
1790282148.305516,1790282148.331300,decode,4,0,416,0.0010,0,4,
1790282148.331300,1790282148.357734,decode,4,0,416,0.0010,0,4,
1790282148.357734,1790282148.383937,decode,4,0,416,0.0010,0,4,
1790282148.383937,1790282148.409712,decode,4,0,416,0.0010,0,4,
1790282148.409712,1790282148.438306,decode,4,0,432,0.0010,0,4,
1790282148.438306,1790282148.463629,decode,4,0,448,0.0010,0,4,
1790282148.463629,1790282148.489288,decode,4,0,448,0.0010,0,4,
1790282148.489288,1790282148.516085,decode,4,0,448,0.0010,0,4,
1790282148.516085,1790282148.541312,decode,4,0,448,0.0010,0,4,
1790282148.541312,1790282148.568045,decode,4,0,448,0.0010,0,4,
1790282148.568045,1790282148.595094,decode,4,0,448,0.0010,0,4,
1790282148.595094,1790282148.622113,decode,4,0,464,0.0011,0,4,
1790282148.622113,1790282148.649611,decode,4,0,464,0.0011,0,4,
1790282148.649611,1790282148.678498,decode,4,0,464,0.0011,0,4,
1790282148.678498,1790282148.705124,decode,4,0,464,0.0011,0,4,
1790282148.705124,1790282148.732219,decode,4,0,464,0.0011,0,4,
1790282148.732219,1790282148.759265,decode,4,0,480,0.0011,0,4,
1790282148.759265,1790282148.786510,decode,4,0,480,0.0011,0,4,
1790282148.786510,1790282148.813297,decode,4,0,480,0.0011,0,4,
1790282148.813297,1790282148.839781,decode,4,0,480,0.0011,0,4,
1790282148.839781,1790282148.866509,decode,4,0,496,0.0012,0,4,
1790282148.866509,1790282148.892822,decode,4,0,512,0.0012,0,4,
1790282148.892822,1790282148.919208,decode,4,0,512,0.0012,0,4,
1790282148.919208,1790282148.945556,decode,4,0,512,0.0012,0,4,
1790282148.945556,1790282148.971830,decode,4,0,512,0.0012,0,4,
1790282148.971830,1790282148.998192,decode,4,0,512,0.0012,0,4,
1790282148.998192,1790282149.024493,decode,4,0,512,0.0012,0,4,
1790282149.024493,1790282149.050771,decode,4,0,528,0.0012,0,4,
1790282149.050771,1790282149.077049,decode,4,0,528,0.0012,0,4,
1790282149.077049,1790282149.103081,decode,4,0,528,0.0012,0,4,
1790282149.103081,1790282149.128725,decode,4,0,528,0.0012,0,4,
1790282149.128725,1790282149.155910,decode,4,0,528,0.0012,0,4,
1790282149.155910,1790282149.180998,decode,4,0,544,0.0013,0,4,
1790282149.180998,1790282149.206934,decode,4,0,544,0.0013,0,4,
1790282149.206934,1790282149.233295,decode,4,0,544,0.0013,0,4,
1790282149.233295,1790282149.259665,decode,4,0,544,0.0013,0,4,
1790282149.259665,1790282149.285667,decode,4,0,560,0.0013,0,4,
1790282149.285667,1790282149.311280,decode,4,0,576,0.0013,0,4,
1790282149.311280,1790282149.338159,decode,4,0,576,0.0013,0,4,
1790282149.338159,1790282149.364250,decode,4,0,576,0.0013,0,4,
1790282149.364250,1790282149.390326,decode,4,0,576,0.0013,0,4,
1790282149.390326,1790282149.416788,decode,4,0,576,0.0013,0,4,
1790282149.416788,1790282149.443102,decode,4,0,576,0.0013,0,4,
1790282149.443102,1790282149.469453,decode,4,0,592,0.0014,0,4,
1790282149.469453,1790282149.497471,decode,4,0,592,0.0014,0,4,
1790282149.497471,1790282149.523046,decode,4,0,592,0.0014,0,4,
1790282149.523046,1790282149.549951,decode,4,0,592,0.0014,0,4,
1790282149.549951,1790282149.577716,decode,4,0,592,0.0014,0,4,
1790282149.577716,1790282149.604242,decode,4,0,608,0.0014,0,4,
1790282149.604242,1790282149.631062,decode,4,0,608,0.0014,0,4,
1790282149.631062,1790282149.658188,decode,4,0,608,0.0014,0,4,
1790282149.658188,1790282149.685336,decode,4,0,608,0.0014,0,4,
1790282149.685336,1790282149.712452,decode,4,0,624,0.0015,0,4,
1790282149.712452,1790282149.738853,decode,4,0,640,0.0015,0,4,
1790282149.738853,1790282149.765522,decode,4,0,640,0.0015,0,4,
1790282149.765522,1790282149.792176,decode,4,0,640,0.0015,0,4,
1790282149.792176,1790282149.818548,decode,4,0,640,0.0015,0,4,
1790282149.818548,1790282149.844929,decode,4,0,640,0.0015,0,4,
1790282149.844929,1790282149.871306,decode,4,0,640,0.0015,0,4,
1790282149.871306,1790282149.898405,decode,4,0,656,0.0015,0,4,
1790282149.898405,1790282149.924891,decode,4,0,656,0.0015,0,4,
1790282149.924891,1790282149.951273,decode,4,0,656,0.0015,0,4,
1790282149.951273,1790282149.977667,decode,4,0,656,0.0015,0,4,
1790282149.977667,1790282150.003773,decode,4,0,656,0.0015,0,4,
1790282150.003773,1790282150.029821,decode,4,0,672,0.0016,0,4,
1790282150.029821,1790282150.057269,decode,4,0,672,0.0016,0,4,
1790282150.057269,1790282150.083377,decode,4,0,672,0.0016,0,4,
1790282150.083377,1790282150.109063,decode,4,0,672,0.0016,0,4,
1790282150.109063,1790282150.137601,decode,4,0,688,0.0016,0,4,
1790282150.137601,1790282150.162970,decode,4,0,704,0.0016,0,4,
1790282150.162970,1790282150.188331,decode,4,0,704,0.0016,0,4,
1790282150.188331,1790282150.214521,decode,4,0,704,0.0016,0,4,
1790282150.214521,1790282150.239615,decode,4,0,704,0.0016,0,4,
1790282150.239615,1790282150.265598,decode,4,0,704,0.0016,0,4,
1790282150.265598,1790282150.291983,decode,4,0,704,0.0016,0,4,
1790282150.291983,1790282150.318339,decode,4,0,720,0.0017,0,4,
1790282150.318339,1790282150.344702,decode,4,0,720,0.0017,0,4,
1790282150.344702,1790282150.371049,decode,4,0,720,0.0017,0,4,
1790282150.371049,1790282150.397391,decode,4,0,720,0.0017,0,4,
1790282150.397391,1790282150.423744,decode,4,0,720,0.0017,0,4,
1790282150.423744,1790282150.450534,decode,4,0,736,0.0017,0,4,
1790282150.450534,1790282150.477546,decode,4,0,736,0.0017,0,4,
1790282150.477546,1790282150.503916,decode,4,0,736,0.0017,0,4,
1790282150.503916,1790282150.530807,decode,4,0,736,0.0017,0,4,
1790282150.530807,1790282150.557889,decode,4,0,752,0.0018,0,4,
1790282150.557889,1790282150.584998,decode,4,0,768,0.0018,0,4,
1790282150.584998,1790282150.612124,decode,4,0,768,0.0018,0,4,
1790282150.612124,1790282150.638484,decode,4,0,768,0.0018,0,4,
1790282150.638484,1790282150.665139,decode,4,0,768,0.0018,0,4,
1790282150.665139,1790282150.691798,decode,4,0,768,0.0018,0,4,
1790282150.691798,1790282150.718194,decode,4,0,768,0.0018,0,4,
1790282150.718194,1790282150.744562,decode,4,0,784,0.0018,0,4,
1790282150.744562,1790282150.770933,decode,4,0,784,0.0018,0,4,
1790282150.770933,1790282150.797285,decode,4,0,784,0.0018,0,4,
1790282150.797285,1790282150.823663,decode,4,0,784,0.0018,0,4,
1790282150.823663,1790282150.849998,decode,4,0,784,0.0018,0,4,
1790282150.849998,1790282150.876352,decode,4,0,800,0.0019,0,4,
1790282150.876352,1790282150.902690,decode,4,0,800,0.0019,0,4,
1790282150.902690,1790282150.929511,decode,4,0,800,0.0019,0,4,
1790282150.929511,1790282150.956501,decode,4,0,800,0.0019,0,4,
1790282150.956501,1790282150.982127,decode,4,0,816,0.0019,0,4,
1790282150.982127,1790282151.008561,decode,4,0,832,0.0019,0,4,
1790282151.008561,1790282151.037987,decode,4,0,832,0.0019,0,4,
1790282151.037987,1790282151.063477,decode,4,0,832,0.0019,0,4,
1790282151.063477,1790282151.088872,decode,4,0,832,0.0019,0,4,
1790282151.088872,1790282151.115641,decode,4,0,832,0.0019,0,4,
1790282151.115641,1790282151.140853,decode,4,0,832,0.0019,0,4,
1790282151.140853,1790282151.166803,decode,4,0,848,0.0020,0,4,
1790282151.166803,1790282151.193215,decode,4,0,848,0.0020,0,4,
1790282151.193215,1790282151.219587,decode,4,0,848,0.0020,0,4,
1790282151.219587,1790282151.246027,decode,4,0,848,0.0020,0,4,
1790282151.246027,1790282151.272319,decode,4,0,848,0.0020,0,4,
1790282151.272319,1790282151.298700,decode,4,0,864,0.0020,0,4,
1790282151.298700,1790282151.325078,decode,4,0,864,0.0020,0,4,
1790282151.325078,1790282151.351431,decode,4,0,864,0.0020,0,4,
1790282151.351431,1790282151.378442,decode,4,0,864,0.0020,0,4,
1790282151.378442,1790282151.404795,decode,4,0,880,0.0021,0,4,
1790282151.404795,1790282151.431668,decode,4,0,896,0.0021,0,4,
1790282151.431668,1790282151.458720,decode,4,0,896,0.0021,0,4,
1790282151.458720,1790282151.485840,decode,4,0,896,0.0021,0,4,
1790282151.485840,1790282151.513102,decode,4,0,896,0.0021,0,4,
1790282151.513102,1790282151.540248,decode,4,0,896,0.0021,0,4,
1790282151.540248,1790282151.566669,decode,4,0,896,0.0021,0,4,
1790282151.566669,1790282151.593010,decode,4,0,912,0.0021,0,4,
1790282151.593010,1790282151.619546,decode,4,0,912,0.0021,0,4,
1790282151.619546,1790282151.646649,decode,4,0,912,0.0021,0,4,
1790282151.646649,1790282151.673800,decode,4,0,912,0.0021,0,4,
1790282151.673800,1790282151.700187,decode,4,0,912,0.0021,0,4,
1790282151.700187,1790282151.726517,decode,4,0,928,0.0022,0,4,
1790282151.726517,1790282151.752835,decode,4,0,928,0.0022,0,4,
1790282151.752835,1790282151.779387,decode,4,0,928,0.0022,0,4,
1790282151.779387,1790282151.806144,decode,4,0,928,0.0022,0,4,
1790282151.806144,1790282151.832533,decode,4,0,944,0.0022,0,4,
1790282151.832533,1790282151.858944,decode,4,0,960,0.0022,0,4,
1790282151.858944,1790282151.885268,decode,4,0,960,0.0022,0,4,
1790282151.885268,1790282151.912720,decode,4,0,960,0.0022,0,4,
1790282151.912720,1790282151.940507,decode,4,0,960,0.0022,0,4,
1790282151.940507,1790282151.967256,decode,4,0,960,0.0022,0,4,
1790282151.967256,1790282151.994255,decode,4,0,960,0.0022,0,4,
1790282151.994255,1790282152.021298,decode,4,0,976,0.0023,0,4,
1790282152.021298,1790282152.046911,decode,4,0,976,0.0023,0,4,
1790282152.046911,1790282152.072552,decode,4,0,976,0.0023,0,4,
1790282152.072552,1790282152.098977,decode,4,0,976,0.0023,0,4,
1790282152.098977,1790282152.125333,decode,4,0,976,0.0023,0,4,
1790282152.125333,1790282152.151686,decode,4,0,992,0.0023,0,4,
1790282152.151686,1790282152.177934,decode,4,0,992,0.0023,0,4,
1790282152.177934,1790282152.203919,decode,4,0,992,0.0023,0,4,
1790282152.203919,1790282152.230348,decode,4,0,992,0.0023,0,4,
1790282152.230348,1790282152.256717,decode,4,0,1008,0.0024,0,4,
1790282152.256717,1790282152.283086,decode,4,0,1024,0.0024,0,4,
1790282152.283086,1790282152.309506,decode,4,0,1024,0.0024,0,4,
1790282152.309506,1790282152.335890,decode,4,0,1024,0.0024,0,4,
1790282152.335890,1790282152.362281,decode,4,0,1024,0.0024,0,4,
1790282152.362281,1790282152.388750,decode,4,0,1024,0.0024,0,4,
1790282152.388750,1790282152.416884,decode,4,0,1024,0.0024,0,4,
1790282152.416884,1790282152.443281,decode,4,0,1040,0.0024,0,4,
1790282152.443281,1790282152.469672,decode,4,0,1040,0.0024,0,4,
1790282152.469672,1790282152.496023,decode,4,0,1040,0.0024,0,4,
1790282152.496023,1790282152.522440,decode,4,0,1040,0.0024,0,4,
1790282152.522440,1790282152.549291,decode,4,0,1040,0.0024,0,4,
1790282152.549291,1790282152.576430,decode,4,0,1056,0.0025,0,4,
1790282152.576430,1790282152.602809,decode,4,0,1056,0.0025,0,4,
1790282152.602809,1790282152.629233,decode,4,0,1056,0.0025,0,4,
1790282152.629233,1790282152.656656,decode,4,0,1056,0.0025,0,4,
1790282152.656656,1790282152.682788,decode,4,0,1072,0.0025,0,4,
1790282152.682788,1790282152.708585,decode,4,0,1088,0.0025,0,4,
1790282152.708585,1790282152.736769,decode,4,0,1088,0.0025,0,4,
1790282152.736769,1790282152.762842,decode,4,0,1088,0.0025,0,4,
1790282152.762842,1790282152.789066,decode,4,0,1088,0.0025,0,4,
1790282152.789066,1790282152.816641,decode,4,0,1088,0.0025,0,4,
1790282152.816641,1790282152.843065,decode,4,0,1088,0.0025,0,4,
1790282152.843065,1790282152.869476,decode,4,0,1104,0.0026,0,4,
1790282152.869476,1790282152.895912,decode,4,0,1104,0.0026,0,4,
1790282152.895912,1790282152.922333,decode,4,0,1104,0.0026,0,4,
1790282152.922333,1790282152.948801,decode,4,0,1104,0.0026,0,4,
1790282152.948801,1790282152.976390,decode,4,0,1104,0.0026,0,4,
1790282152.976390,1790282153.002774,decode,4,0,1120,0.0026,0,4,
1790282153.002774,1790282153.029085,decode,4,0,1120,0.0026,0,4,
1790282153.029085,1790282153.055635,decode,4,0,1120,0.0026,0,4,
1790282153.055635,1790282153.082010,decode,4,0,1120,0.0026,0,4,
1790282153.082010,1790282153.108428,decode,4,0,1136,0.0027,0,4,
1790282153.108428,1790282153.136574,decode,4,0,1152,0.0027,0,4,
1790282153.136574,1790282153.162636,decode,4,0,1152,0.0027,0,4,
1790282153.162636,1790282153.188352,decode,4,0,1152,0.0027,0,4,
1790282153.188352,1790282153.216233,decode,4,0,1152,0.0027,0,4,
1790282153.216233,1790282153.241934,decode,4,0,1152,0.0027,0,4,
1790282153.241934,1790282153.267607,decode,4,0,1152,0.0027,0,4,
1790282153.267607,1790282153.294976,decode,4,0,1168,0.0027,0,4,
1790282153.294976,1790282153.320855,decode,4,0,1168,0.0027,0,4,
1790282153.320855,1790282153.347604,decode,4,0,1168,0.0027,0,4,
1790282153.347604,1790282153.375973,decode,4,0,1168,0.0027,0,4,
1790282153.375973,1790282153.401675,decode,4,0,1168,0.0027,0,4,
1790282153.401675,1790282153.427491,decode,4,0,1184,0.0028,0,4,
1790282153.427491,1790282153.454822,decode,4,0,1184,0.0028,0,4,
1790282153.454822,1790282153.480733,decode,4,0,1184,0.0028,0,4,
1790282153.480733,1790282153.507354,decode,3,0,896,0.0021,0,4,
1790282153.507354,1790282153.535285,decode,0,0,0,0.0000,0,3,
1790282153.535285,1790282153.564947,mixed,1,0,48,0.0001,35,1,
1790282153.564947,1790282153.612494,mixed,4,0,144,0.0003,75,4,
1790282153.612494,1790282153.639544,decode,4,0,144,0.0003,0,4,
1790282153.639544,1790282153.665313,decode,4,0,144,0.0003,0,4,
1790282153.665313,1790282153.691124,decode,4,0,160,0.0004,0,4,
1790282153.691124,1790282153.716821,decode,4,0,160,0.0004,0,4,
1790282153.716821,1790282153.742594,decode,4,0,160,0.0004,0,4,
1790282153.742594,1790282153.768332,decode,4,0,160,0.0004,0,4,
1790282153.768332,1790282153.795835,decode,4,0,176,0.0004,0,4,
1790282153.795835,1790282153.821637,decode,4,0,176,0.0004,0,4,
1790282153.821637,1790282153.847696,decode,4,0,176,0.0004,0,4,
1790282153.847696,1790282153.876507,decode,4,0,176,0.0004,0,4,
1790282153.876507,1790282153.902080,decode,4,0,176,0.0004,0,4,
1790282153.902080,1790282153.927482,decode,4,0,176,0.0004,0,4,
1790282153.927482,1790282153.954779,decode,4,0,192,0.0004,0,4,
1790282153.954779,1790282153.980119,decode,4,0,208,0.0005,0,4,
1790282153.980119,1790282154.006213,decode,4,0,208,0.0005,0,4,
1790282154.006213,1790282154.032784,decode,4,0,208,0.0005,0,4,
1790282154.032784,1790282154.059300,decode,4,0,208,0.0005,0,4,
1790282154.059300,1790282154.085776,decode,4,0,208,0.0005,0,4,
1790282154.085776,1790282154.112275,decode,4,0,224,0.0005,0,4,
1790282154.112275,1790282154.138032,decode,4,0,224,0.0005,0,4,
1790282154.138032,1790282154.163865,decode,4,0,224,0.0005,0,4,
1790282154.163865,1790282154.189553,decode,4,0,224,0.0005,0,4,
1790282154.189553,1790282154.215272,decode,4,0,240,0.0006,0,4,
1790282154.215272,1790282154.241464,decode,4,0,240,0.0006,0,4,
1790282154.241464,1790282154.268787,decode,4,0,240,0.0006,0,4,
1790282154.268787,1790282154.296055,decode,4,0,240,0.0006,0,4,
1790282154.296055,1790282154.322539,decode,4,0,240,0.0006,0,4,
1790282154.322539,1790282154.349074,decode,4,0,240,0.0006,0,4,
1790282154.349074,1790282154.375662,decode,4,0,256,0.0006,0,4,
1790282154.375662,1790282154.402165,decode,4,0,272,0.0006,0,4,
1790282154.402165,1790282154.428651,decode,4,0,272,0.0006,0,4,
1790282154.428651,1790282154.455028,decode,4,0,272,0.0006,0,4,
1790282154.455028,1790282154.481951,decode,4,0,272,0.0006,0,4,
1790282154.481951,1790282154.509247,decode,4,0,272,0.0006,0,4,
1790282154.509247,1790282154.536602,decode,4,0,288,0.0007,0,4,
1790282154.536602,1790282154.563430,decode,4,0,288,0.0007,0,4,
1790282154.563430,1790282154.590162,decode,4,0,288,0.0007,0,4,
1790282154.590162,1790282154.616995,decode,4,0,288,0.0007,0,4,
1790282154.616995,1790282154.642751,decode,4,0,304,0.0007,0,4,
1790282154.642751,1790282154.669039,decode,4,0,304,0.0007,0,4,
1790282154.669039,1790282154.695572,decode,4,0,304,0.0007,0,4,
1790282154.695572,1790282154.722107,decode,4,0,304,0.0007,0,4,
1790282154.722107,1790282154.748715,decode,4,0,304,0.0007,0,4,
1790282154.748715,1790282154.775855,decode,4,0,304,0.0007,0,4,
1790282154.775855,1790282154.802080,decode,4,0,320,0.0007,0,4,
1790282154.802080,1790282154.828253,decode,4,0,336,0.0008,0,4,
1790282154.828253,1790282154.855294,decode,4,0,336,0.0008,0,4,
1790282154.855294,1790282154.881083,decode,4,0,336,0.0008,0,4,
1790282154.881083,1790282154.907294,decode,4,0,336,0.0008,0,4,
1790282154.907294,1790282154.936213,decode,4,0,336,0.0008,0,4,
1790282154.936213,1790282154.961757,decode,4,0,352,0.0008,0,4,
1790282154.961757,1790282154.987678,decode,4,0,352,0.0008,0,4,
1790282154.987678,1790282155.015388,decode,4,0,352,0.0008,0,4,
1790282155.015388,1790282155.041190,decode,4,0,352,0.0008,0,4,
1790282155.041190,1790282155.066977,decode,4,0,368,0.0009,0,4,
1790282155.066977,1790282155.093325,decode,4,0,368,0.0009,0,4,
1790282155.093325,1790282155.118239,decode,4,0,368,0.0009,0,4,
1790282155.118239,1790282155.142932,decode,4,0,368,0.0009,0,4,
1790282155.142932,1790282155.169942,decode,4,0,368,0.0009,0,4,
1790282155.169942,1790282155.197261,decode,4,0,368,0.0009,0,4,
1790282155.197261,1790282155.223498,decode,4,0,384,0.0009,0,4,
1790282155.223498,1790282155.249729,decode,4,0,400,0.0009,0,4,
1790282155.249729,1790282155.276339,decode,4,0,400,0.0009,0,4,
1790282155.276339,1790282155.303043,decode,4,0,400,0.0009,0,4,
1790282155.303043,1790282155.329170,decode,4,0,400,0.0009,0,4,
1790282155.329170,1790282155.355641,decode,4,0,400,0.0009,0,4,
1790282155.355641,1790282155.382165,decode,4,0,416,0.0010,0,4,
1790282155.382165,1790282155.408725,decode,4,0,416,0.0010,0,4,
1790282155.408725,1790282155.435342,decode,4,0,416,0.0010,0,4,
1790282155.435342,1790282155.462708,decode,4,0,416,0.0010,0,4,
1790282155.462708,1790282155.490064,decode,4,0,432,0.0010,0,4,
1790282155.490064,1790282155.516617,decode,4,0,432,0.0010,0,4,
1790282155.516617,1790282155.543182,decode,4,0,432,0.0010,0,4,
1790282155.543182,1790282155.569719,decode,4,0,432,0.0010,0,4,
1790282155.569719,1790282155.596323,decode,4,0,432,0.0010,0,4,
1790282155.596323,1790282155.622951,decode,4,0,432,0.0010,0,4,
1790282155.622951,1790282155.649517,decode,4,0,448,0.0010,0,4,
1790282155.649517,1790282155.676041,decode,4,0,464,0.0011,0,4,
1790282155.676041,1790282155.702578,decode,4,0,464,0.0011,0,4,
1790282155.702578,1790282155.729134,decode,4,0,464,0.0011,0,4,
1790282155.729134,1790282155.755661,decode,4,0,464,0.0011,0,4,
1790282155.755661,1790282155.782248,decode,4,0,464,0.0011,0,4,
1790282155.782248,1790282155.808795,decode,4,0,480,0.0011,0,4,
1790282155.808795,1790282155.836258,decode,4,0,480,0.0011,0,4,
1790282155.836258,1790282155.863171,decode,4,0,480,0.0011,0,4,
1790282155.863171,1790282155.889490,decode,4,0,480,0.0011,0,4,
1790282155.889490,1790282155.916565,decode,4,0,496,0.0012,0,4,
1790282155.916565,1790282155.943463,decode,4,0,496,0.0012,0,4,
1790282155.943463,1790282155.969784,decode,4,0,496,0.0012,0,4,
1790282155.969784,1790282155.996030,decode,4,0,496,0.0012,0,4,
1790282155.996030,1790282156.021423,decode,4,0,496,0.0012,0,4,
1790282156.021423,1790282156.046418,decode,4,0,496,0.0012,0,4,
1790282156.046418,1790282156.073609,decode,4,0,512,0.0012,0,4,
1790282156.073609,1790282156.099243,decode,4,0,528,0.0012,0,4,
1790282156.099243,1790282156.124848,decode,4,0,528,0.0012,0,4,
1790282156.124848,1790282156.151510,decode,4,0,528,0.0012,0,4,
1790282156.151510,1790282156.178650,decode,4,0,528,0.0012,0,4,
1790282156.178650,1790282156.205403,decode,4,0,528,0.0012,0,4,
1790282156.205403,1790282156.231761,decode,4,0,544,0.0013,0,4,
1790282156.231761,1790282156.257348,decode,4,0,544,0.0013,0,4,
1790282156.257348,1790282156.283016,decode,4,0,544,0.0013,0,4,
1790282156.283016,1790282156.308752,decode,4,0,544,0.0013,0,4,
1790282156.308752,1790282156.334506,decode,4,0,560,0.0013,0,4,
1790282156.334506,1790282156.362175,decode,4,0,560,0.0013,0,4,
1790282156.362175,1790282156.390342,decode,4,0,560,0.0013,0,4,
1790282156.390342,1790282156.417516,decode,4,0,560,0.0013,0,4,
1790282156.417516,1790282156.444668,decode,4,0,560,0.0013,0,4,
1790282156.444668,1790282156.471828,decode,4,0,560,0.0013,0,4,
1790282156.471828,1790282156.498756,decode,4,0,576,0.0013,0,4,
1790282156.498756,1790282156.525093,decode,4,0,592,0.0014,0,4,
1790282156.525093,1790282156.551444,decode,4,0,592,0.0014,0,4,
1790282156.551444,1790282156.578588,decode,4,0,592,0.0014,0,4,
1790282156.578588,1790282156.605661,decode,4,0,592,0.0014,0,4,
1790282156.605661,1790282156.632794,decode,4,0,592,0.0014,0,4,
1790282156.632794,1790282156.659015,decode,4,0,608,0.0014,0,4,
1790282156.659015,1790282156.685441,decode,4,0,608,0.0014,0,4,
1790282156.685441,1790282156.711812,decode,4,0,608,0.0014,0,4,
1790282156.711812,1790282156.738800,decode,4,0,608,0.0014,0,4,
1790282156.738800,1790282156.765111,decode,4,0,624,0.0015,0,4,
1790282156.765111,1790282156.792000,decode,4,0,624,0.0015,0,4,
1790282156.792000,1790282156.819096,decode,4,0,624,0.0015,0,4,
1790282156.819096,1790282156.846193,decode,4,0,624,0.0015,0,4,
1790282156.846193,1790282156.874504,decode,4,0,624,0.0015,0,4,
1790282156.874504,1790282156.900872,decode,4,0,624,0.0015,0,4,
1790282156.900872,1790282156.927179,decode,4,0,640,0.0015,0,4,
1790282156.927179,1790282156.953648,decode,4,0,656,0.0015,0,4,
1790282156.953648,1790282156.979488,decode,4,0,656,0.0015,0,4,
1790282156.979488,1790282157.004706,decode,4,0,656,0.0015,0,4,
1790282157.004706,1790282157.029599,decode,4,0,656,0.0015,0,4,
1790282157.029599,1790282157.055321,decode,4,0,656,0.0015,0,4,
1790282157.055321,1790282157.080916,decode,4,0,672,0.0016,0,4,
1790282157.080916,1790282157.106479,decode,4,0,672,0.0016,0,4,
1790282157.106479,1790282157.135113,decode,4,0,672,0.0016,0,4,
1790282157.135113,1790282157.160702,decode,4,0,672,0.0016,0,4,
1790282157.160702,1790282157.186723,decode,4,0,688,0.0016,0,4,
1790282157.186723,1790282157.213671,decode,4,0,688,0.0016,0,4,
1790282157.213671,1790282157.239640,decode,4,0,688,0.0016,0,4,
1790282157.239640,1790282157.266704,decode,4,0,688,0.0016,0,4,
1790282157.266704,1790282157.295555,decode,4,0,688,0.0016,0,4,
1790282157.295555,1790282157.321929,decode,4,0,688,0.0016,0,4,
1790282157.321929,1790282157.348760,decode,4,0,704,0.0016,0,4,
1790282157.348760,1790282157.375877,decode,4,0,720,0.0017,0,4,
1790282157.375877,1790282157.402848,decode,4,0,720,0.0017,0,4,
1790282157.402848,1790282157.430020,decode,4,0,720,0.0017,0,4,
1790282157.430020,1790282157.457165,decode,4,0,720,0.0017,0,4,
1790282157.457165,1790282157.483937,decode,4,0,720,0.0017,0,4,
1790282157.483937,1790282157.510211,decode,4,0,736,0.0017,0,4,
1790282157.510211,1790282157.537302,decode,4,0,736,0.0017,0,4,
1790282157.537302,1790282157.564296,decode,4,0,736,0.0017,0,4,
1790282157.564296,1790282157.590918,decode,4,0,736,0.0017,0,4,
1790282157.590918,1790282157.617226,decode,4,0,752,0.0018,0,4,
1790282157.617226,1790282157.643592,decode,4,0,752,0.0018,0,4,
1790282157.643592,1790282157.669923,decode,4,0,752,0.0018,0,4,
1790282157.669923,1790282157.696308,decode,4,0,752,0.0018,0,4,
1790282157.696308,1790282157.722943,decode,4,0,752,0.0018,0,4,
1790282157.722943,1790282157.750060,decode,4,0,752,0.0018,0,4,
1790282157.750060,1790282157.777220,decode,4,0,768,0.0018,0,4,
1790282157.777220,1790282157.804293,decode,4,0,784,0.0018,0,4,
1790282157.804293,1790282157.831384,decode,4,0,784,0.0018,0,4,
1790282157.831384,1790282157.858274,decode,4,0,784,0.0018,0,4,
1790282157.858274,1790282157.884608,decode,4,0,784,0.0018,0,4,
1790282157.884608,1790282157.910950,decode,4,0,784,0.0018,0,4,
1790282157.910950,1790282157.936605,decode,4,0,800,0.0019,0,4,
1790282157.936605,1790282157.961849,decode,4,0,800,0.0019,0,4,
1790282157.961849,1790282157.987215,decode,4,0,800,0.0019,0,4,
1790282157.987215,1790282158.014561,decode,4,0,800,0.0019,0,4,
1790282158.014561,1790282158.040632,decode,4,0,816,0.0019,0,4,
1790282158.040632,1790282158.066377,decode,4,0,816,0.0019,0,4,
1790282158.066377,1790282158.092974,decode,4,0,816,0.0019,0,4,
1790282158.092974,1790282158.118272,decode,4,0,816,0.0019,0,4,
1790282158.118272,1790282158.144635,decode,4,0,816,0.0019,0,4,
1790282158.144635,1790282158.171595,decode,4,0,816,0.0019,0,4,
1790282158.171595,1790282158.198758,decode,4,0,832,0.0019,0,4,
1790282158.198758,1790282158.225784,decode,4,0,848,0.0020,0,4,
1790282158.225784,1790282158.253912,decode,4,0,848,0.0020,0,4,
1790282158.253912,1790282158.279820,decode,4,0,848,0.0020,0,4,
1790282158.279820,1790282158.306505,decode,4,0,848,0.0020,0,4,
1790282158.306505,1790282158.334763,decode,4,0,848,0.0020,0,4,
1790282158.334763,1790282158.361082,decode,4,0,864,0.0020,0,4,
1790282158.361082,1790282158.387439,decode,4,0,864,0.0020,0,4,
1790282158.387439,1790282158.413798,decode,4,0,864,0.0020,0,4,
1790282158.413798,1790282158.440358,decode,4,0,864,0.0020,0,4,
1790282158.440358,1790282158.467537,decode,4,0,880,0.0021,0,4,
1790282158.467537,1790282158.494566,decode,4,0,880,0.0021,0,4,
1790282158.494566,1790282158.520840,decode,4,0,880,0.0021,0,4,
1790282158.520840,1790282158.547235,decode,4,0,880,0.0021,0,4,
1790282158.547235,1790282158.574115,decode,4,0,880,0.0021,0,4,
1790282158.574115,1790282158.600538,decode,4,0,880,0.0021,0,4,
1790282158.600538,1790282158.626876,decode,4,0,896,0.0021,0,4,
1790282158.626876,1790282158.654912,decode,4,0,912,0.0021,0,4,
1790282158.654912,1790282158.681271,decode,4,0,912,0.0021,0,4,
1790282158.681271,1790282158.708072,decode,4,0,912,0.0021,0,4,
1790282158.708072,1790282158.735217,decode,4,0,912,0.0021,0,4,
1790282158.735217,1790282158.762352,decode,4,0,912,0.0021,0,4,
1790282158.762352,1790282158.789469,decode,4,0,928,0.0022,0,4,
1790282158.789469,1790282158.815833,decode,4,0,928,0.0022,0,4,
1790282158.815833,1790282158.842235,decode,4,0,928,0.0022,0,4,
1790282158.842235,1790282158.868636,decode,4,0,928,0.0022,0,4,
1790282158.868636,1790282158.895000,decode,4,0,944,0.0022,0,4,
1790282158.895000,1790282158.921365,decode,4,0,944,0.0022,0,4,
1790282158.921365,1790282158.947725,decode,4,0,944,0.0022,0,4,
1790282158.947725,1790282158.974062,decode,4,0,944,0.0022,0,4,
1790282158.974062,1790282159.000241,decode,4,0,944,0.0022,0,4,
1790282159.000241,1790282159.026319,decode,4,0,944,0.0022,0,4,
1790282159.026319,1790282159.052628,decode,4,0,960,0.0022,0,4,
1790282159.052628,1790282159.078641,decode,4,0,976,0.0023,0,4,
1790282159.078641,1790282159.105753,decode,4,0,976,0.0023,0,4,
1790282159.105753,1790282159.135264,decode,4,0,976,0.0023,0,4,
1790282159.135264,1790282159.161370,decode,4,0,976,0.0023,0,4,
1790282159.161370,1790282159.186978,decode,4,0,976,0.0023,0,4,
1790282159.186978,1790282159.213209,decode,4,0,992,0.0023,0,4,
1790282159.213209,1790282159.239542,decode,4,0,992,0.0023,0,4,
1790282159.239542,1790282159.266387,decode,4,0,992,0.0023,0,4,
1790282159.266387,1790282159.293999,decode,4,0,992,0.0023,0,4,
1790282159.293999,1790282159.319942,decode,4,0,1008,0.0024,0,4,
1790282159.319942,1790282159.346336,decode,4,0,1008,0.0024,0,4,
1790282159.346336,1790282159.374536,decode,4,0,1008,0.0024,0,4,
1790282159.374536,1790282159.400936,decode,4,0,1008,0.0024,0,4,
1790282159.400936,1790282159.427362,decode,4,0,1008,0.0024,0,4,
1790282159.427362,1790282159.453821,decode,4,0,1008,0.0024,0,4,
1790282159.453821,1790282159.480233,decode,4,0,1024,0.0024,0,4,
1790282159.480233,1790282159.507080,decode,4,0,1040,0.0024,0,4,
1790282159.507080,1790282159.534290,decode,4,0,1040,0.0024,0,4,
1790282159.534290,1790282159.561419,decode,4,0,1040,0.0024,0,4,
1790282159.561419,1790282159.588612,decode,4,0,1040,0.0024,0,4,
1790282159.588612,1790282159.616019,decode,4,0,1040,0.0024,0,4,
1790282159.616019,1790282159.643095,decode,4,0,1056,0.0025,0,4,
1790282159.643095,1790282159.669549,decode,4,0,1056,0.0025,0,4,
1790282159.669549,1790282159.696744,decode,4,0,1056,0.0025,0,4,
1790282159.696744,1790282159.723555,decode,4,0,1056,0.0025,0,4,
1790282159.723555,1790282159.749966,decode,4,0,1072,0.0025,0,4,
1790282159.749966,1790282159.775658,decode,4,0,1072,0.0025,0,4,
1790282159.775658,1790282159.801311,decode,4,0,1072,0.0025,0,4,
1790282159.801311,1790282159.828541,decode,4,0,1072,0.0025,0,4,
1790282159.828541,1790282159.855801,decode,4,0,1072,0.0025,0,4,
1790282159.855801,1790282159.883082,decode,4,0,1072,0.0025,0,4,
1790282159.883082,1790282159.909660,decode,4,0,1088,0.0025,0,4,
1790282159.909660,1790282159.935971,decode,4,0,1104,0.0026,0,4,
1790282159.935971,1790282159.962441,decode,4,0,1104,0.0026,0,4,
1790282159.962441,1790282159.988911,decode,4,0,1104,0.0026,0,4,
1790282159.988911,1790282160.016040,decode,4,0,1104,0.0026,0,4,
1790282160.016040,1790282160.043254,decode,4,0,1104,0.0026,0,4,
1790282160.043254,1790282160.069814,decode,4,0,1120,0.0026,0,4,
1790282160.069814,1790282160.096184,decode,4,0,1120,0.0026,0,4,
1790282160.096184,1790282160.122835,decode,4,0,1120,0.0026,0,4,
1790282160.122835,1790282160.149603,decode,4,0,1120,0.0026,0,4,
1790282160.149603,1790282160.176688,decode,4,0,1136,0.0027,0,4,
1790282160.176688,1790282160.203843,decode,4,0,1136,0.0027,0,4,
1790282160.203843,1790282160.231029,decode,4,0,1136,0.0027,0,4,
1790282160.231029,1790282160.258154,decode,4,0,1136,0.0027,0,4,
1790282160.258154,1790282160.284931,decode,4,0,1136,0.0027,0,4,
1790282160.284931,1790282160.313221,decode,4,0,1136,0.0027,0,4,
1790282160.313221,1790282160.339428,decode,4,0,1152,0.0027,0,4,
1790282160.339428,1790282160.365652,decode,3,0,864,0.0020,0,4,
1790282160.365652,1790282160.393229,decode,0,0,0,0.0000,0,3,
1790282160.393229,1790282160.422142,mixed,1,0,32,0.0001,21,1,
1790282160.422142,1790282160.469846,mixed,4,0,112,0.0003,66,4,
1790282160.469846,1790282160.496986,decode,4,0,128,0.0003,0,4,
1790282160.496986,1790282160.523492,decode,4,0,128,0.0003,0,4,
1790282160.523492,1790282160.549499,decode,4,0,128,0.0003,0,4,
1790282160.549499,1790282160.575270,decode,4,0,144,0.0003,0,4,
1790282160.575270,1790282160.601020,decode,4,0,144,0.0003,0,4,
1790282160.601020,1790282160.627178,decode,4,0,144,0.0003,0,4,
1790282160.627178,1790282160.653576,decode,4,0,144,0.0003,0,4,
1790282160.653576,1790282160.679079,decode,4,0,144,0.0003,0,4,
1790282160.679079,1790282160.704111,decode,4,0,144,0.0003,0,4,
1790282160.704111,1790282160.729176,decode,4,0,144,0.0003,0,4,
1790282160.729176,1790282160.755214,decode,4,0,160,0.0004,0,4,
1790282160.755214,1790282160.782967,decode,4,0,176,0.0004,0,4,
1790282160.782967,1790282160.809665,decode,4,0,176,0.0004,0,4,
1790282160.809665,1790282160.836160,decode,4,0,176,0.0004,0,4,
1790282160.836160,1790282160.863127,decode,4,0,176,0.0004,0,4,
1790282160.863127,1790282160.889212,decode,4,0,176,0.0004,0,4,
1790282160.889212,1790282160.915696,decode,4,0,192,0.0004,0,4,
1790282160.915696,1790282160.942191,decode,4,0,192,0.0004,0,4,
1790282160.942191,1790282160.968537,decode,4,0,192,0.0004,0,4,
1790282160.968537,1790282160.995121,decode,4,0,208,0.0005,0,4,
1790282160.995121,1790282161.021552,decode,4,0,208,0.0005,0,4,
1790282161.021552,1790282161.048035,decode,4,0,208,0.0005,0,4,
1790282161.048035,1790282161.074561,decode,4,0,208,0.0005,0,4,
1790282161.074561,1790282161.101010,decode,4,0,208,0.0005,0,4,
1790282161.101010,1790282161.128065,decode,4,0,208,0.0005,0,4,
1790282161.128065,1790282161.154731,decode,4,0,208,0.0005,0,4,
1790282161.154731,1790282161.181202,decode,4,0,224,0.0005,0,4,
1790282161.181202,1790282161.208218,decode,4,0,240,0.0006,0,4,
1790282161.208218,1790282161.235383,decode,4,0,240,0.0006,0,4,
1790282161.235383,1790282161.261900,decode,4,0,240,0.0006,0,4,
1790282161.261900,1790282161.288425,decode,4,0,240,0.0006,0,4,
1790282161.288425,1790282161.314237,decode,4,0,240,0.0006,0,4,
1790282161.314237,1790282161.340317,decode,4,0,256,0.0006,0,4,
1790282161.340317,1790282161.367297,decode,4,0,256,0.0006,0,4,
1790282161.367297,1790282161.394762,decode,4,0,256,0.0006,0,4,
1790282161.394762,1790282161.422543,decode,4,0,272,0.0006,0,4,
1790282161.422543,1790282161.449859,decode,4,0,272,0.0006,0,4,
1790282161.449859,1790282161.477175,decode,4,0,272,0.0006,0,4,
1790282161.477175,1790282161.504098,decode,4,0,272,0.0006,0,4,
1790282161.504098,1790282161.530653,decode,4,0,272,0.0006,0,4,
1790282161.530653,1790282161.557207,decode,4,0,272,0.0006,0,4,
1790282161.557207,1790282161.583404,decode,4,0,272,0.0006,0,4,
1790282161.583404,1790282161.609112,decode,4,0,288,0.0007,0,4,
1790282161.609112,1790282161.634759,decode,4,0,304,0.0007,0,4,
1790282161.634759,1790282161.659782,decode,4,0,304,0.0007,0,4,
1790282161.659782,1790282161.685202,decode,4,0,304,0.0007,0,4,
1790282161.685202,1790282161.713467,decode,4,0,304,0.0007,0,4,
1790282161.713467,1790282161.739413,decode,4,0,304,0.0007,0,4,
1790282161.739413,1790282161.765673,decode,4,0,320,0.0007,0,4,
1790282161.765673,1790282161.793981,decode,4,0,320,0.0007,0,4,
1790282161.793981,1790282161.819846,decode,4,0,320,0.0007,0,4,
1790282161.819846,1790282161.845726,decode,4,0,336,0.0008,0,4,
1790282161.845726,1790282161.873304,decode,4,0,336,0.0008,0,4,
1790282161.873304,1790282161.899150,decode,4,0,336,0.0008,0,4,
1790282161.899150,1790282161.925011,decode,4,0,336,0.0008,0,4,
1790282161.925011,1790282161.952500,decode,4,0,336,0.0008,0,4,
1790282161.952500,1790282161.977853,decode,4,0,336,0.0008,0,4,
1790282161.977853,1790282162.004146,decode,4,0,336,0.0008,0,4,
1790282162.004146,1790282162.031401,decode,4,0,352,0.0008,0,4,
1790282162.031401,1790282162.057239,decode,4,0,368,0.0009,0,4,
1790282162.057239,1790282162.083475,decode,4,0,368,0.0009,0,4,
1790282162.083475,1790282162.110064,decode,4,0,368,0.0009,0,4,
1790282162.110064,1790282162.137347,decode,4,0,368,0.0009,0,4,
1790282162.137347,1790282162.163071,decode,4,0,368,0.0009,0,4,
1790282162.163071,1790282162.188754,decode,4,0,384,0.0009,0,4,
1790282162.188754,1790282162.215971,decode,4,0,384,0.0009,0,4,
1790282162.215971,1790282162.242606,decode,4,0,384,0.0009,0,4,
1790282162.242606,1790282162.269212,decode,4,0,400,0.0009,0,4,
1790282162.269212,1790282162.295792,decode,4,0,400,0.0009,0,4,
1790282162.295792,1790282162.322374,decode,4,0,400,0.0009,0,4,
1790282162.322374,1790282162.348979,decode,4,0,400,0.0009,0,4,
1790282162.348979,1790282162.375592,decode,4,0,400,0.0009,0,4,
1790282162.375592,1790282162.402213,decode,4,0,400,0.0009,0,4,
1790282162.402213,1790282162.428842,decode,4,0,400,0.0009,0,4,
1790282162.428842,1790282162.456050,decode,4,0,416,0.0010,0,4,
1790282162.456050,1790282162.482662,decode,4,0,432,0.0010,0,4,
1790282162.482662,1790282162.509263,decode,4,0,432,0.0010,0,4,
1790282162.509263,1790282162.535689,decode,4,0,432,0.0010,0,4,
1790282162.535689,1790282162.561569,decode,4,0,432,0.0010,0,4,
1790282162.561569,1790282162.587427,decode,4,0,432,0.0010,0,4,
1790282162.587427,1790282162.613951,decode,4,0,448,0.0010,0,4,
1790282162.613951,1790282162.640579,decode,4,0,448,0.0010,0,4,
1790282162.640579,1790282162.667227,decode,4,0,448,0.0010,0,4,
1790282162.667227,1790282162.693878,decode,4,0,464,0.0011,0,4,
1790282162.693878,1790282162.720468,decode,4,0,464,0.0011,0,4,
1790282162.720468,1790282162.747061,decode,4,0,464,0.0011,0,4,
1790282162.747061,1790282162.773691,decode,4,0,464,0.0011,0,4,
1790282162.773691,1790282162.799971,decode,4,0,464,0.0011,0,4,
1790282162.799971,1790282162.826311,decode,4,0,464,0.0011,0,4,
1790282162.826311,1790282162.852976,decode,4,0,464,0.0011,0,4,
1790282162.852976,1790282162.879610,decode,4,0,480,0.0011,0,4,
1790282162.879610,1790282162.906211,decode,4,0,496,0.0012,0,4,
1790282162.906211,1790282162.932825,decode,4,0,496,0.0012,0,4,
1790282162.932825,1790282162.959417,decode,4,0,496,0.0012,0,4,
1790282162.959417,1790282162.985574,decode,4,0,496,0.0012,0,4,
1790282162.985574,1790282163.013303,decode,4,0,496,0.0012,0,4,
1790282163.013303,1790282163.039638,decode,4,0,512,0.0012,0,4,
1790282163.039638,1790282163.065549,decode,4,0,512,0.0012,0,4,
1790282163.065549,1790282163.093140,decode,4,0,512,0.0012,0,4,
1790282163.093140,1790282163.119289,decode,4,0,528,0.0012,0,4,
1790282163.119289,1790282163.145001,decode,4,0,528,0.0012,0,4,
1790282163.145001,1790282163.171812,decode,4,0,528,0.0012,0,4,
1790282163.171812,1790282163.197720,decode,4,0,528,0.0012,0,4,
1790282163.197720,1790282163.224525,decode,4,0,528,0.0012,0,4,
1790282163.224525,1790282163.253275,decode,4,0,528,0.0012,0,4,
1790282163.253275,1790282163.278995,decode,4,0,528,0.0012,0,4,
1790282163.278995,1790282163.305145,decode,4,0,544,0.0013,0,4,
1790282163.305145,1790282163.331529,decode,4,0,560,0.0013,0,4,
1790282163.331529,1790282163.357410,decode,4,0,560,0.0013,0,4,
1790282163.357410,1790282163.383932,decode,4,0,560,0.0013,0,4,
1790282163.383932,1790282163.411628,decode,4,0,560,0.0013,0,4,
1790282163.411628,1790282163.437549,decode,4,0,560,0.0013,0,4,
1790282163.437549,1790282163.463972,decode,4,0,576,0.0013,0,4,
1790282163.463972,1790282163.492162,decode,4,0,576,0.0013,0,4,
1790282163.492162,1790282163.518806,decode,4,0,576,0.0013,0,4,
1790282163.518806,1790282163.545148,decode,4,0,592,0.0014,0,4,
1790282163.545148,1790282163.571341,decode,4,0,592,0.0014,0,4,
1790282163.571341,1790282163.596709,decode,4,0,592,0.0014,0,4,
1790282163.596709,1790282163.623522,decode,4,0,592,0.0014,0,4,
1790282163.623522,1790282163.650698,decode,4,0,592,0.0014,0,4,
1790282163.650698,1790282163.677184,decode,4,0,592,0.0014,0,4,
1790282163.677184,1790282163.703653,decode,4,0,592,0.0014,0,4,
1790282163.703653,1790282163.730721,decode,4,0,608,0.0014,0,4,
1790282163.730721,1790282163.756619,decode,4,0,624,0.0015,0,4,
1790282163.756619,1790282163.783060,decode,4,0,624,0.0015,0,4,
1790282163.783060,1790282163.809509,decode,4,0,624,0.0015,0,4,
1790282163.809509,1790282163.835983,decode,4,0,624,0.0015,0,4,
1790282163.835983,1790282163.862464,decode,4,0,624,0.0015,0,4,
1790282163.862464,1790282163.888361,decode,4,0,640,0.0015,0,4,
1790282163.888361,1790282163.914185,decode,4,0,640,0.0015,0,4,
1790282163.914185,1790282163.940002,decode,4,0,640,0.0015,0,4,
1790282163.940002,1790282163.965278,decode,4,0,656,0.0015,0,4,
1790282163.965278,1790282163.992748,decode,4,0,656,0.0015,0,4,
1790282163.992748,1790282164.019643,decode,4,0,656,0.0015,0,4,
1790282164.019643,1790282164.046070,decode,4,0,656,0.0015,0,4,
1790282164.046070,1790282164.073174,decode,4,0,656,0.0015,0,4,
1790282164.073174,1790282164.100113,decode,4,0,656,0.0015,0,4,
1790282164.100113,1790282164.126623,decode,4,0,656,0.0015,0,4,
1790282164.126623,1790282164.154329,decode,4,0,672,0.0016,0,4,
1790282164.154329,1790282164.181187,decode,4,0,688,0.0016,0,4,
1790282164.181187,1790282164.207644,decode,4,0,688,0.0016,0,4,
1790282164.207644,1790282164.234119,decode,4,0,688,0.0016,0,4,
1790282164.234119,1790282164.260609,decode,4,0,688,0.0016,0,4,
1790282164.260609,1790282164.287100,decode,4,0,688,0.0016,0,4,
1790282164.287100,1790282164.313571,decode,4,0,704,0.0016,0,4,
1790282164.313571,1790282164.340055,decode,4,0,704,0.0016,0,4,
1790282164.340055,1790282164.366552,decode,4,0,704,0.0016,0,4,
1790282164.366552,1790282164.393611,decode,4,0,720,0.0017,0,4,
1790282164.393611,1790282164.420063,decode,4,0,720,0.0017,0,4,
1790282164.420063,1790282164.446514,decode,4,0,720,0.0017,0,4,
1790282164.446514,1790282164.472971,decode,4,0,720,0.0017,0,4,
1790282164.472971,1790282164.499409,decode,4,0,720,0.0017,0,4,
1790282164.499409,1790282164.525891,decode,4,0,720,0.0017,0,4,
1790282164.525891,1790282164.552392,decode,4,0,720,0.0017,0,4,
1790282164.552392,1790282164.578872,decode,4,0,736,0.0017,0,4,
1790282164.578872,1790282164.605311,decode,4,0,752,0.0018,0,4,
1790282164.605311,1790282164.631765,decode,4,0,752,0.0018,0,4,
1790282164.631765,1790282164.658182,decode,4,0,752,0.0018,0,4,
1790282164.658182,1790282164.684629,decode,4,0,752,0.0018,0,4,
1790282164.684629,1790282164.711580,decode,4,0,752,0.0018,0,4,
1790282164.711580,1790282164.737483,decode,4,0,768,0.0018,0,4,
1790282164.737483,1790282164.763955,decode,4,0,768,0.0018,0,4,
1790282164.763955,1790282164.791525,decode,4,0,768,0.0018,0,4,
1790282164.791525,1790282164.817211,decode,4,0,784,0.0018,0,4,
1790282164.817211,1790282164.842905,decode,4,0,784,0.0018,0,4,
1790282164.842905,1790282164.869747,decode,4,0,784,0.0018,0,4,
1790282164.869747,1790282164.896149,decode,4,0,784,0.0018,0,4,
1790282164.896149,1790282164.922563,decode,4,0,784,0.0018,0,4,
1790282164.922563,1790282164.948988,decode,4,0,784,0.0018,0,4,
1790282164.948988,1790282164.976211,decode,4,0,784,0.0018,0,4,
1790282164.976211,1790282165.003252,decode,4,0,800,0.0019,0,4,
1790282165.003252,1790282165.030489,decode,4,0,816,0.0019,0,4,
1790282165.030489,1790282165.056888,decode,4,0,816,0.0019,0,4,
1790282165.056888,1790282165.083288,decode,4,0,816,0.0019,0,4,
1790282165.083288,1790282165.110949,decode,4,0,816,0.0019,0,4,
1790282165.110949,1790282165.137444,decode,4,0,816,0.0019,0,4,
1790282165.137444,1790282165.163875,decode,4,0,832,0.0019,0,4,
1790282165.163875,1790282165.193085,decode,4,0,832,0.0019,0,4,
1790282165.193085,1790282165.218712,decode,4,0,832,0.0019,0,4,
1790282165.218712,1790282165.244718,decode,4,0,848,0.0020,0,4,
1790282165.244718,1790282165.272174,decode,4,0,848,0.0020,0,4,
1790282165.272174,1790282165.298462,decode,4,0,848,0.0020,0,4,
1790282165.298462,1790282165.324742,decode,4,0,848,0.0020,0,4,
1790282165.324742,1790282165.352138,decode,4,0,848,0.0020,0,4,
1790282165.352138,1790282165.378415,decode,4,0,848,0.0020,0,4,
1790282165.378415,1790282165.404706,decode,4,0,848,0.0020,0,4,
1790282165.404706,1790282165.431738,decode,4,0,864,0.0020,0,4,
1790282165.431738,1790282165.458413,decode,4,0,880,0.0021,0,4,
1790282165.458413,1790282165.484665,decode,4,0,880,0.0021,0,4,
1790282165.484665,1790282165.512112,decode,4,0,880,0.0021,0,4,
1790282165.512112,1790282165.538044,decode,4,0,880,0.0021,0,4,
1790282165.538044,1790282165.564497,decode,4,0,880,0.0021,0,4,
1790282165.564497,1790282165.591986,decode,4,0,896,0.0021,0,4,
1790282165.591986,1790282165.617722,decode,4,0,896,0.0021,0,4,
1790282165.617722,1790282165.643424,decode,4,0,896,0.0021,0,4,
1790282165.643424,1790282165.670229,decode,4,0,912,0.0021,0,4,
1790282165.670229,1790282165.695737,decode,4,0,912,0.0021,0,4,
1790282165.695737,1790282165.720723,decode,4,0,912,0.0021,0,4,
1790282165.720723,1790282165.746173,decode,4,0,912,0.0021,0,4,
1790282165.746173,1790282165.772597,decode,4,0,912,0.0021,0,4,
1790282165.772597,1790282165.799791,decode,4,0,912,0.0021,0,4,
1790282165.799791,1790282165.826978,decode,4,0,912,0.0021,0,4,
1790282165.826978,1790282165.854159,decode,4,0,928,0.0022,0,4,
1790282165.854159,1790282165.880955,decode,4,0,944,0.0022,0,4,
1790282165.880955,1790282165.907345,decode,4,0,944,0.0022,0,4,
1790282165.907345,1790282165.934474,decode,4,0,944,0.0022,0,4,
1790282165.934474,1790282165.961275,decode,4,0,944,0.0022,0,4,
1790282165.961275,1790282165.987714,decode,4,0,944,0.0022,0,4,
1790282165.987714,1790282166.014129,decode,4,0,960,0.0022,0,4,
1790282166.014129,1790282166.040568,decode,4,0,960,0.0022,0,4,
1790282166.040568,1790282166.067516,decode,4,0,960,0.0022,0,4,
1790282166.067516,1790282166.094709,decode,4,0,976,0.0023,0,4,
1790282166.094709,1790282166.121881,decode,4,0,976,0.0023,0,4,
1790282166.121881,1790282166.149042,decode,4,0,976,0.0023,0,4,
1790282166.149042,1790282166.176199,decode,4,0,976,0.0023,0,4,
1790282166.176199,1790282166.202959,decode,4,0,976,0.0023,0,4,
1790282166.202959,1790282166.231184,decode,4,0,976,0.0023,0,4,
1790282166.231184,1790282166.257618,decode,4,0,976,0.0023,0,4,
1790282166.257618,1790282166.284046,decode,4,0,992,0.0023,0,4,
1790282166.284046,1790282166.312199,decode,4,0,1008,0.0024,0,4,
1790282166.312199,1790282166.337901,decode,4,0,1008,0.0024,0,4,
1790282166.337901,1790282166.363186,decode,4,0,1008,0.0024,0,4,
1790282166.363186,1790282166.391084,decode,4,0,1008,0.0024,0,4,
1790282166.391084,1790282166.417550,decode,4,0,1008,0.0024,0,4,
1790282166.417550,1790282166.443984,decode,4,0,1024,0.0024,0,4,
1790282166.443984,1790282166.472818,decode,4,0,1024,0.0024,0,4,
1790282166.472818,1790282166.499014,decode,4,0,1024,0.0024,0,4,
1790282166.499014,1790282166.524748,decode,4,0,1040,0.0024,0,4,
1790282166.524748,1790282166.551017,decode,4,0,1040,0.0024,0,4,
1790282166.551017,1790282166.576700,decode,4,0,1040,0.0024,0,4,
1790282166.576700,1790282166.602484,decode,4,0,1040,0.0024,0,4,
1790282166.602484,1790282166.628413,decode,4,0,1040,0.0024,0,4,
1790282166.628413,1790282166.654363,decode,4,0,1040,0.0024,0,4,
1790282166.654363,1790282166.679546,decode,4,0,1040,0.0024,0,4,
1790282166.679546,1790282166.705155,decode,4,0,1056,0.0025,0,4,
1790282166.705155,1790282166.731456,decode,4,0,1072,0.0025,0,4,
1790282166.731456,1790282166.757871,decode,4,0,1072,0.0025,0,4,
1790282166.757871,1790282166.784434,decode,4,0,1072,0.0025,0,4,
1790282166.784434,1790282166.811408,decode,4,0,1072,0.0025,0,4,
1790282166.811408,1790282166.837323,decode,4,0,1072,0.0025,0,4,
1790282166.837323,1790282166.863821,decode,4,0,1088,0.0025,0,4,
1790282166.863821,1790282166.892256,decode,4,0,1088,0.0025,0,4,
1790282166.892256,1790282166.918088,decode,4,0,1088,0.0025,0,4,
1790282166.918088,1790282166.944264,decode,4,0,1104,0.0026,0,4,
1790282166.944264,1790282166.970651,decode,4,0,1104,0.0026,0,4,
1790282166.970651,1790282166.997158,decode,4,0,1104,0.0026,0,4,
1790282166.997158,1790282167.025175,decode,4,0,1104,0.0026,0,4,
1790282167.025175,1790282167.052545,decode,4,0,1104,0.0026,0,4,
1790282167.052545,1790282167.079570,decode,4,0,1104,0.0026,0,4,
1790282167.079570,1790282167.106556,decode,4,0,1104,0.0026,0,4,
1790282167.106556,1790282167.133798,decode,4,0,1120,0.0026,0,4,
1790282167.133798,1790282167.160658,decode,4,0,1136,0.0027,0,4,
1790282167.160658,1790282167.187691,decode,4,0,1136,0.0027,0,4,
1790282167.187691,1790282167.215799,decode,3,0,848,0.0020,0,4,
1790282167.215799,1790282167.242830,decode,0,0,0,0.0000,0,3,
1790282167.242830,1790282167.271765,mixed,1,0,32,0.0001,20,1,
1790282167.271765,1790282167.315808,mixed,4,0,144,0.0003,72,4,
1790282167.315808,1790282167.343620,decode,4,0,144,0.0003,0,4,
1790282167.343620,1790282167.371409,decode,4,0,144,0.0003,0,4,
1790282167.371409,1790282167.397124,decode,4,0,144,0.0003,0,4,
1790282167.397124,1790282167.423173,decode,4,0,144,0.0003,0,4,
1790282167.423173,1790282167.451472,decode,4,0,144,0.0003,0,4,
1790282167.451472,1790282167.477034,decode,4,0,144,0.0003,0,4,
1790282167.477034,1790282167.502532,decode,4,0,144,0.0003,0,4,
1790282167.502532,1790282167.529546,decode,4,0,144,0.0003,0,4,
1790282167.529546,1790282167.555374,decode,4,0,144,0.0003,0,4,
1790282167.555374,1790282167.581226,decode,4,0,144,0.0003,0,4,
1790282167.581226,1790282167.607086,decode,4,0,144,0.0003,0,4,
1790282167.607086,1790282167.632975,decode,4,0,160,0.0004,0,4,
1790282167.632975,1790282167.658833,decode,4,0,176,0.0004,0,4,
1790282167.658833,1790282167.684233,decode,4,0,192,0.0004,0,4,
1790282167.684233,1790282167.709961,decode,4,0,192,0.0004,0,4,
1790282167.709961,1790282167.735976,decode,4,0,208,0.0005,0,4,
1790282167.735976,1790282167.762537,decode,4,0,208,0.0005,0,4,
1790282167.762537,1790282167.790317,decode,4,0,208,0.0005,0,4,
1790282167.790317,1790282167.816942,decode,4,0,208,0.0005,0,4,
1790282167.816942,1790282167.843541,decode,4,0,208,0.0005,0,4,
1790282167.843541,1790282167.870087,decode,4,0,208,0.0005,0,4,
1790282167.870087,1790282167.896163,decode,4,0,208,0.0005,0,4,
1790282167.896163,1790282167.922753,decode,4,0,208,0.0005,0,4,
1790282167.922753,1790282167.949890,decode,4,0,208,0.0005,0,4,
1790282167.949890,1790282167.976156,decode,4,0,208,0.0005,0,4,
1790282167.976156,1790282168.003607,decode,4,0,208,0.0005,0,4,
1790282168.003607,1790282168.031538,decode,4,0,208,0.0005,0,4,
1790282168.031538,1790282168.057405,decode,4,0,224,0.0005,0,4,
1790282168.057405,1790282168.084123,decode,4,0,240,0.0006,0,4,
1790282168.084123,1790282168.112050,decode,4,0,256,0.0006,0,4,
1790282168.112050,1790282168.138381,decode,4,0,256,0.0006,0,4,
1790282168.138381,1790282168.164243,decode,4,0,272,0.0006,0,4,
1790282168.164243,1790282168.192025,decode,4,0,272,0.0006,0,4,
1790282168.192025,1790282168.218713,decode,4,0,272,0.0006,0,4,
1790282168.218713,1790282168.245813,decode,4,0,272,0.0006,0,4,
1790282168.245813,1790282168.273261,decode,4,0,272,0.0006,0,4,
1790282168.273261,1790282168.300317,decode,4,0,272,0.0006,0,4,
1790282168.300317,1790282168.326895,decode,4,0,272,0.0006,0,4,
1790282168.326895,1790282168.354095,decode,4,0,272,0.0006,0,4,
1790282168.354095,1790282168.380709,decode,4,0,272,0.0006,0,4,
1790282168.380709,1790282168.407284,decode,4,0,272,0.0006,0,4,
1790282168.407284,1790282168.433925,decode,4,0,272,0.0006,0,4,
1790282168.433925,1790282168.460558,decode,4,0,272,0.0006,0,4,
1790282168.460558,1790282168.487185,decode,4,0,288,0.0007,0,4,
1790282168.487185,1790282168.513633,decode,4,0,304,0.0007,0,4,
1790282168.513633,1790282168.539591,decode,4,0,320,0.0007,0,4,
1790282168.539591,1790282168.565550,decode,4,0,320,0.0007,0,4,
1790282168.565550,1790282168.591409,decode,4,0,336,0.0008,0,4,
1790282168.591409,1790282168.617259,decode,4,0,336,0.0008,0,4,
1790282168.617259,1790282168.643169,decode,4,0,336,0.0008,0,4,
1790282168.643169,1790282168.670372,decode,4,0,336,0.0008,0,4,
1790282168.670372,1790282168.696459,decode,4,0,336,0.0008,0,4,
1790282168.696459,1790282168.722375,decode,4,0,336,0.0008,0,4,
1790282168.722375,1790282168.750509,decode,4,0,336,0.0008,0,4,
1790282168.750509,1790282168.776189,decode,4,0,336,0.0008,0,4,
1790282168.776189,1790282168.801309,decode,4,0,336,0.0008,0,4,
1790282168.801309,1790282168.826384,decode,4,0,336,0.0008,0,4,
1790282168.826384,1790282168.852476,decode,4,0,336,0.0008,0,4,
1790282168.852476,1790282168.879534,decode,4,0,336,0.0008,0,4,
1790282168.879534,1790282168.906250,decode,4,0,352,0.0008,0,4,
1790282168.906250,1790282168.933542,decode,4,0,368,0.0009,0,4,
1790282168.933542,1790282168.960615,decode,4,0,384,0.0009,0,4,
1790282168.960615,1790282168.987194,decode,4,0,384,0.0009,0,4,
1790282168.987194,1790282169.014406,decode,4,0,400,0.0009,0,4,
1790282169.014406,1790282169.041059,decode,4,0,400,0.0009,0,4,
1790282169.041059,1790282169.067655,decode,4,0,400,0.0009,0,4,
1790282169.067655,1790282169.094202,decode,4,0,400,0.0009,0,4,
1790282169.094202,1790282169.121217,decode,4,0,400,0.0009,0,4,
1790282169.121217,1790282169.148645,decode,4,0,400,0.0009,0,4,
1790282169.148645,1790282169.176050,decode,4,0,400,0.0009,0,4,
1790282169.176050,1790282169.203452,decode,4,0,400,0.0009,0,4,
1790282169.203452,1790282169.230747,decode,4,0,400,0.0009,0,4,
1790282169.230747,1790282169.256817,decode,4,0,400,0.0009,0,4,
1790282169.256817,1790282169.283524,decode,4,0,400,0.0009,0,4,
1790282169.283524,1790282169.311249,decode,4,0,400,0.0009,0,4,
1790282169.311249,1790282169.337109,decode,4,0,416,0.0010,0,4,
1790282169.337109,1790282169.363478,decode,4,0,432,0.0010,0,4,
1790282169.363478,1790282169.391252,decode,4,0,448,0.0010,0,4,
1790282169.391252,1790282169.417174,decode,4,0,448,0.0010,0,4,
1790282169.417174,1790282169.442924,decode,4,0,464,0.0011,0,4,
1790282169.442924,1790282169.470503,decode,4,0,464,0.0011,0,4,
1790282169.470503,1790282169.495704,decode,4,0,464,0.0011,0,4,
1790282169.495704,1790282169.521286,decode,4,0,464,0.0011,0,4,
1790282169.521286,1790282169.547062,decode,4,0,464,0.0011,0,4,
1790282169.547062,1790282169.573677,decode,4,0,464,0.0011,0,4,
1790282169.573677,1790282169.599952,decode,4,0,464,0.0011,0,4,
1790282169.599952,1790282169.625823,decode,4,0,464,0.0011,0,4,
1790282169.625823,1790282169.652350,decode,4,0,464,0.0011,0,4,
1790282169.652350,1790282169.678636,decode,4,0,464,0.0011,0,4,
1790282169.678636,1790282169.704512,decode,4,0,464,0.0011,0,4,
1790282169.704512,1790282169.730448,decode,4,0,464,0.0011,0,4,
1790282169.730448,1790282169.756325,decode,4,0,480,0.0011,0,4,
1790282169.756325,1790282169.782176,decode,4,0,496,0.0012,0,4,
1790282169.782176,1790282169.810991,decode,4,0,512,0.0012,0,4,
1790282169.810991,1790282169.836838,decode,4,0,512,0.0012,0,4,
1790282169.836838,1790282169.863223,decode,4,0,528,0.0012,0,4,
1790282169.863223,1790282169.890233,decode,4,0,528,0.0012,0,4,
1790282169.890233,1790282169.915893,decode,4,0,528,0.0012,0,4,
1790282169.915893,1790282169.942043,decode,4,0,528,0.0012,0,4,
1790282169.942043,1790282169.970062,decode,4,0,528,0.0012,0,4,
1790282169.970062,1790282169.995793,decode,4,0,528,0.0012,0,4,
1790282169.995793,1790282170.021937,decode,4,0,528,0.0012,0,4,
1790282170.021937,1790282170.049979,decode,4,0,528,0.0012,0,4,
1790282170.049979,1790282170.076288,decode,4,0,528,0.0012,0,4,
1790282170.076288,1790282170.102978,decode,4,0,528,0.0012,0,4,
1790282170.102978,1790282170.130064,decode,4,0,528,0.0012,0,4,
1790282170.130064,1790282170.156488,decode,4,0,528,0.0012,0,4,
1790282170.156488,1790282170.182799,decode,4,0,544,0.0013,0,4,
1790282170.182799,1790282170.210676,decode,4,0,560,0.0013,0,4,
1790282170.210676,1790282170.237263,decode,4,0,576,0.0013,0,4,
1790282170.237263,1790282170.263830,decode,4,0,576,0.0013,0,4,
1790282170.263830,1790282170.291026,decode,4,0,592,0.0014,0,4,
1790282170.291026,1790282170.317863,decode,4,0,592,0.0014,0,4,
1790282170.317863,1790282170.344840,decode,4,0,592,0.0014,0,4,
1790282170.344840,1790282170.371977,decode,4,0,592,0.0014,0,4,
1790282170.371977,1790282170.398858,decode,4,0,592,0.0014,0,4,
1790282170.398858,1790282170.425313,decode,4,0,592,0.0014,0,4,
1790282170.425313,1790282170.451763,decode,4,0,592,0.0014,0,4,
1790282170.451763,1790282170.478202,decode,4,0,592,0.0014,0,4,
1790282170.478202,1790282170.504673,decode,4,0,592,0.0014,0,4,
1790282170.504673,1790282170.531696,decode,4,0,592,0.0014,0,4,
1790282170.531696,1790282170.558146,decode,4,0,592,0.0014,0,4,
1790282170.558146,1790282170.584642,decode,4,0,592,0.0014,0,4,
1790282170.584642,1790282170.611147,decode,4,0,608,0.0014,0,4,
1790282170.611147,1790282170.637596,decode,4,0,624,0.0015,0,4,
1790282170.637596,1790282170.664152,decode,4,0,640,0.0015,0,4,
1790282170.664152,1790282170.690564,decode,4,0,640,0.0015,0,4,
1790282170.690564,1790282170.717036,decode,4,0,656,0.0015,0,4,
1790282170.717036,1790282170.743464,decode,4,0,656,0.0015,0,4,
1790282170.743464,1790282170.770581,decode,4,0,656,0.0015,0,4,
1790282170.770581,1790282170.797528,decode,4,0,656,0.0015,0,4,
1790282170.797528,1790282170.823967,decode,4,0,656,0.0015,0,4,
1790282170.823967,1790282170.851650,decode,4,0,656,0.0015,0,4,
1790282170.851650,1790282170.878516,decode,4,0,656,0.0015,0,4,
1790282170.878516,1790282170.904949,decode,4,0,656,0.0015,0,4,
1790282170.904949,1790282170.932052,decode,4,0,656,0.0015,0,4,
1790282170.932052,1790282170.959241,decode,4,0,656,0.0015,0,4,
1790282170.959241,1790282170.986460,decode,4,0,656,0.0015,0,4,
1790282170.986460,1790282171.013689,decode,4,0,656,0.0015,0,4,
1790282171.013689,1790282171.040900,decode,4,0,672,0.0016,0,4,
1790282171.040900,1790282171.068133,decode,4,0,688,0.0016,0,4,
1790282171.068133,1790282171.095378,decode,4,0,704,0.0016,0,4,
1790282171.095378,1790282171.122619,decode,4,0,704,0.0016,0,4,
1790282171.122619,1790282171.150886,decode,4,0,720,0.0017,0,4,
1790282171.150886,1790282171.177316,decode,4,0,720,0.0017,0,4,
1790282171.177316,1790282171.204223,decode,4,0,720,0.0017,0,4,
1790282171.204223,1790282171.231388,decode,4,0,720,0.0017,0,4,
1790282171.231388,1790282171.258604,decode,4,0,720,0.0017,0,4,
1790282171.258604,1790282171.285777,decode,4,0,720,0.0017,0,4,
1790282171.285777,1790282171.312970,decode,4,0,720,0.0017,0,4,
1790282171.312970,1790282171.340169,decode,4,0,720,0.0017,0,4,
1790282171.340169,1790282171.367371,decode,4,0,720,0.0017,0,4,
1790282171.367371,1790282171.394392,decode,4,0,720,0.0017,0,4,
1790282171.394392,1790282171.420913,decode,4,0,720,0.0017,0,4,
1790282171.420913,1790282171.447411,decode,4,0,720,0.0017,0,4,
1790282171.447411,1790282171.473891,decode,4,0,736,0.0017,0,4,
1790282171.473891,1790282171.500371,decode,4,0,752,0.0018,0,4,
1790282171.500371,1790282171.526818,decode,4,0,768,0.0018,0,4,
1790282171.526818,1790282171.553542,decode,4,0,768,0.0018,0,4,
1790282171.553542,1790282171.579693,decode,4,0,784,0.0018,0,4,
1790282171.579693,1790282171.606482,decode,4,0,784,0.0018,0,4,
1790282171.606482,1790282171.633554,decode,4,0,784,0.0018,0,4,
1790282171.633554,1790282171.659988,decode,4,0,784,0.0018,0,4,
1790282171.659988,1790282171.686414,decode,4,0,784,0.0018,0,4,
1790282171.686414,1790282171.713202,decode,4,0,784,0.0018,0,4,
1790282171.713202,1790282171.740583,decode,4,0,784,0.0018,0,4,
1790282171.740583,1790282171.767796,decode,4,0,784,0.0018,0,4,
1790282171.767796,1790282171.795021,decode,4,0,784,0.0018,0,4,
1790282171.795021,1790282171.821837,decode,4,0,784,0.0018,0,4,
1790282171.821837,1790282171.851060,decode,4,0,784,0.0018,0,4,
1790282171.851060,1790282171.876843,decode,4,0,784,0.0018,0,4,
1790282171.876843,1790282171.903062,decode,4,0,800,0.0019,0,4,
1790282171.903062,1790282171.930703,decode,4,0,816,0.0019,0,4,
1790282171.930703,1790282171.957161,decode,4,0,832,0.0019,0,4,
1790282171.957161,1790282171.983616,decode,4,0,832,0.0019,0,4,
1790282171.983616,1790282172.010724,decode,4,0,848,0.0020,0,4,
1790282172.010724,1790282172.037929,decode,4,0,848,0.0020,0,4,
1790282172.037929,1790282172.065160,decode,4,0,848,0.0020,0,4,
1790282172.065160,1790282172.092421,decode,4,0,848,0.0020,0,4,
1790282172.092421,1790282172.119601,decode,4,0,848,0.0020,0,4,
1790282172.119601,1790282172.146823,decode,4,0,848,0.0020,0,4,
1790282172.146823,1790282172.174016,decode,4,0,848,0.0020,0,4,
1790282172.174016,1790282172.201250,decode,4,0,848,0.0020,0,4,
1790282172.201250,1790282172.229628,decode,4,0,848,0.0020,0,4,
1790282172.229628,1790282172.256198,decode,4,0,848,0.0020,0,4,
1790282172.256198,1790282172.283065,decode,4,0,848,0.0020,0,4,
1790282172.283065,1790282172.310247,decode,4,0,848,0.0020,0,4,
1790282172.310247,1790282172.336785,decode,4,0,864,0.0020,0,4,
1790282172.336785,1790282172.363226,decode,4,0,880,0.0021,0,4,
1790282172.363226,1790282172.390346,decode,4,0,896,0.0021,0,4,
1790282172.390346,1790282172.417207,decode,4,0,896,0.0021,0,4,
1790282172.417207,1790282172.443685,decode,4,0,912,0.0021,0,4,
1790282172.443685,1790282172.470122,decode,4,0,912,0.0021,0,4,
1790282172.470122,1790282172.496644,decode,4,0,912,0.0021,0,4,
1790282172.496644,1790282172.523015,decode,4,0,912,0.0021,0,4,
1790282172.523015,1790282172.550110,decode,4,0,912,0.0021,0,4,
1790282172.550110,1790282172.576499,decode,4,0,912,0.0021,0,4,
1790282172.576499,1790282172.602949,decode,4,0,912,0.0021,0,4,
1790282172.602949,1790282172.630130,decode,4,0,912,0.0021,0,4,
1790282172.630130,1790282172.657307,decode,4,0,912,0.0021,0,4,
1790282172.657307,1790282172.684489,decode,4,0,912,0.0021,0,4,
1790282172.684489,1790282172.711714,decode,4,0,912,0.0021,0,4,
1790282172.711714,1790282172.738961,decode,4,0,912,0.0021,0,4,
1790282172.738961,1790282172.766215,decode,4,0,928,0.0022,0,4,
1790282172.766215,1790282172.793499,decode,4,0,944,0.0022,0,4,
1790282172.793499,1790282172.820663,decode,4,0,960,0.0022,0,4,
1790282172.820663,1790282172.848392,decode,4,0,960,0.0022,0,4,
1790282172.848392,1790282172.875027,decode,4,0,976,0.0023,0,4,
1790282172.875027,1790282172.902247,decode,4,0,976,0.0023,0,4,
1790282172.902247,1790282172.930651,decode,4,0,976,0.0023,0,4,
1790282172.930651,1790282172.956997,decode,4,0,976,0.0023,0,4,
1790282172.956997,1790282172.983890,decode,4,0,976,0.0023,0,4,
1790282172.983890,1790282173.011085,decode,4,0,976,0.0023,0,4,
1790282173.011085,1790282173.038288,decode,4,0,976,0.0023,0,4,
1790282173.038288,1790282173.065530,decode,4,0,976,0.0023,0,4,
1790282173.065530,1790282173.092742,decode,4,0,976,0.0023,0,4,
1790282173.092742,1790282173.119980,decode,4,0,976,0.0023,0,4,
1790282173.119980,1790282173.147222,decode,4,0,976,0.0023,0,4,
1790282173.147222,1790282173.174582,decode,4,0,976,0.0023,0,4,
1790282173.174582,1790282173.202046,decode,4,0,992,0.0023,0,4,
1790282173.202046,1790282173.231000,decode,4,0,1008,0.0024,0,4,
1790282173.231000,1790282173.257427,decode,4,0,1024,0.0024,0,4,
1790282173.257427,1790282173.283853,decode,4,0,1024,0.0024,0,4,
1790282173.283853,1790282173.311584,decode,4,0,1040,0.0024,0,4,
1790282173.311584,1790282173.338660,decode,4,0,1040,0.0024,0,4,
1790282173.338660,1790282173.364674,decode,4,0,1040,0.0024,0,4,
1790282173.364674,1790282173.391162,decode,4,0,1040,0.0024,0,4,
1790282173.391162,1790282173.417592,decode,4,0,1040,0.0024,0,4,
1790282173.417592,1790282173.444023,decode,4,0,1040,0.0024,0,4,
1790282173.444023,1790282173.470500,decode,4,0,1040,0.0024,0,4,
1790282173.470500,1790282173.496997,decode,4,0,1040,0.0024,0,4,
1790282173.496997,1790282173.523474,decode,4,0,1040,0.0024,0,4,
1790282173.523474,1790282173.549921,decode,4,0,1040,0.0024,0,4,
1790282173.549921,1790282173.576667,decode,4,0,1040,0.0024,0,4,
1790282173.576667,1790282173.603924,decode,4,0,1040,0.0024,0,4,
1790282173.603924,1790282173.631255,decode,4,0,1056,0.0025,0,4,
1790282173.631255,1790282173.658432,decode,4,0,1072,0.0025,0,4,
1790282173.658432,1790282173.685656,decode,4,0,1088,0.0025,0,4,
1790282173.685656,1790282173.712891,decode,4,0,1088,0.0025,0,4,
1790282173.712891,1790282173.740112,decode,4,0,1104,0.0026,0,4,
1790282173.740112,1790282173.767338,decode,4,0,1104,0.0026,0,4,
1790282173.767338,1790282173.794073,decode,4,0,1104,0.0026,0,4,
1790282173.794073,1790282173.821235,decode,4,0,1104,0.0026,0,4,
1790282173.821235,1790282173.850681,decode,4,0,1104,0.0026,0,4,
1790282173.850681,1790282173.877105,decode,4,0,1104,0.0026,0,4,
1790282173.877105,1790282173.903575,decode,4,0,1104,0.0026,0,4,
1790282173.903575,1790282173.930774,decode,4,0,1104,0.0026,0,4,
1790282173.930774,1790282173.957947,decode,4,0,1104,0.0026,0,4,
1790282173.957947,1790282173.985166,decode,4,0,1104,0.0026,0,4,
1790282173.985166,1790282174.012475,decode,4,0,1104,0.0026,0,4,
1790282174.012475,1790282174.039775,decode,4,0,1104,0.0026,0,4,
1790282174.039775,1790282174.067039,decode,4,0,1120,0.0026,0,4,
1790282174.067039,1790282174.094378,decode,4,0,1136,0.0027,0,4,
1790282174.094378,1790282174.121791,decode,3,0,864,0.0020,0,4,
1790282174.121791,1790282174.150896,decode,0,0,0,0.0000,0,3,
1790282174.150896,1790282174.176368,mixed,1,0,16,0.0000,13,1,
1790282174.176368,1790282174.216022,mixed,4,0,112,0.0003,56,4,
1790282174.216022,1790282174.257715,decode,4,0,112,0.0003,0,4,
1790282174.257715,1790282174.286974,decode,4,0,112,0.0003,0,4,
1790282174.286974,1790282174.313465,decode,4,0,128,0.0003,0,4,
1790282174.313465,1790282174.339371,decode,4,0,128,0.0003,0,4,
1790282174.339371,1790282174.365199,decode,4,0,128,0.0003,0,4,
1790282174.365199,1790282174.391616,decode,4,0,128,0.0003,0,4,
1790282174.391616,1790282174.417379,decode,4,0,128,0.0003,0,4,
1790282174.417379,1790282174.443072,decode,4,0,128,0.0003,0,4,
1790282174.443072,1790282174.469496,decode,4,0,128,0.0003,0,4,
1790282174.469496,1790282174.495972,decode,4,0,128,0.0003,0,4,
1790282174.495972,1790282174.522409,decode,4,0,128,0.0003,0,4,
1790282174.522409,1790282174.548872,decode,4,0,128,0.0003,0,4,
1790282174.548872,1790282174.575346,decode,4,0,128,0.0003,0,4,
1790282174.575346,1790282174.601821,decode,4,0,160,0.0004,0,4,
1790282174.601821,1790282174.628864,decode,4,0,176,0.0004,0,4,
1790282174.628864,1790282174.655256,decode,4,0,176,0.0004,0,4,
1790282174.655256,1790282174.681855,decode,4,0,176,0.0004,0,4,
1790282174.681855,1790282174.708996,decode,4,0,176,0.0004,0,4,
1790282174.708996,1790282174.734935,decode,4,0,192,0.0004,0,4,
1790282174.734935,1790282174.761282,decode,4,0,192,0.0004,0,4,
1790282174.761282,1790282174.788914,decode,4,0,192,0.0004,0,4,
1790282174.788914,1790282174.814688,decode,4,0,192,0.0004,0,4,
1790282174.814688,1790282174.840744,decode,4,0,192,0.0004,0,4,
1790282174.840744,1790282174.867672,decode,4,0,192,0.0004,0,4,
1790282174.867672,1790282174.893601,decode,4,0,192,0.0004,0,4,
1790282174.893601,1790282174.920077,decode,4,0,192,0.0004,0,4,
1790282174.920077,1790282174.947071,decode,4,0,192,0.0004,0,4,
1790282174.947071,1790282174.973035,decode,4,0,192,0.0004,0,4,
1790282174.973035,1790282174.999593,decode,4,0,192,0.0004,0,4,
1790282174.999593,1790282175.026035,decode,4,0,224,0.0005,0,4,
1790282175.026035,1790282175.052480,decode,4,0,240,0.0006,0,4,
1790282175.052480,1790282175.078938,decode,4,0,240,0.0006,0,4,
1790282175.078938,1790282175.105366,decode,4,0,240,0.0006,0,4,
1790282175.105366,1790282175.134391,decode,4,0,240,0.0006,0,4,
1790282175.134391,1790282175.163393,decode,4,0,256,0.0006,0,4,
1790282175.163393,1790282175.192418,decode,4,0,256,0.0006,0,4,
1790282175.192418,1790282175.221496,decode,4,0,256,0.0006,0,4,
1790282175.221496,1790282175.250245,decode,4,0,256,0.0006,0,4,
1790282175.250245,1790282175.277497,decode,4,0,256,0.0006,0,4,
1790282175.277497,1790282175.304731,decode,4,0,256,0.0006,0,4,
1790282175.304731,1790282175.332017,decode,4,0,256,0.0006,0,4,
1790282175.332017,1790282175.359303,decode,4,0,256,0.0006,0,4,
1790282175.359303,1790282175.385960,decode,4,0,256,0.0006,0,4,
1790282175.385960,1790282175.412462,decode,4,0,256,0.0006,0,4,
1790282175.412462,1790282175.439002,decode,4,0,256,0.0006,0,4,
1790282175.439002,1790282175.465452,decode,4,0,288,0.0007,0,4,
1790282175.465452,1790282175.491964,decode,4,0,304,0.0007,0,4,
1790282175.491964,1790282175.518446,decode,4,0,304,0.0007,0,4,
1790282175.518446,1790282175.545503,decode,4,0,304,0.0007,0,4,
1790282175.545503,1790282175.571980,decode,4,0,304,0.0007,0,4,
1790282175.571980,1790282175.598458,decode,4,0,320,0.0007,0,4,
1790282175.598458,1790282175.624958,decode,4,0,320,0.0007,0,4,
1790282175.624958,1790282175.651610,decode,4,0,320,0.0007,0,4,
1790282175.651610,1790282175.678865,decode,4,0,320,0.0007,0,4,
1790282175.678865,1790282175.706132,decode,4,0,320,0.0007,0,4,
1790282175.706132,1790282175.732610,decode,4,0,320,0.0007,0,4,
1790282175.732610,1790282175.759096,decode,4,0,320,0.0007,0,4,
1790282175.759096,1790282175.785560,decode,4,0,320,0.0007,0,4,
1790282175.785560,1790282175.812034,decode,4,0,320,0.0007,0,4,
1790282175.812034,1790282175.838544,decode,4,0,320,0.0007,0,4,
1790282175.838544,1790282175.865066,decode,4,0,320,0.0007,0,4,
1790282175.865066,1790282175.891616,decode,4,0,352,0.0008,0,4,
1790282175.891616,1790282175.918057,decode,4,0,368,0.0009,0,4,
1790282175.918057,1790282175.944581,decode,4,0,368,0.0009,0,4,
1790282175.944581,1790282175.970985,decode,4,0,368,0.0009,0,4,
1790282175.970985,1790282175.997544,decode,4,0,368,0.0009,0,4,
1790282175.997544,1790282176.023983,decode,4,0,384,0.0009,0,4,
1790282176.023983,1790282176.051171,decode,4,0,384,0.0009,0,4,
1790282176.051171,1790282176.078430,decode,4,0,384,0.0009,0,4,
1790282176.078430,1790282176.105722,decode,4,0,384,0.0009,0,4,
1790282176.105722,1790282176.133818,decode,4,0,384,0.0009,0,4,
1790282176.133818,1790282176.161946,decode,4,0,384,0.0009,0,4,
1790282176.161946,1790282176.189298,decode,4,0,384,0.0009,0,4,
1790282176.189298,1790282176.216944,decode,4,0,384,0.0009,0,4,
1790282176.216944,1790282176.244574,decode,4,0,384,0.0009,0,4,
1790282176.244574,1790282176.271901,decode,4,0,384,0.0009,0,4,
1790282176.271901,1790282176.299305,decode,4,0,384,0.0009,0,4,
1790282176.299305,1790282176.326544,decode,4,0,416,0.0010,0,4,
1790282176.326544,1790282176.353142,decode,4,0,432,0.0010,0,4,
1790282176.353142,1790282176.379679,decode,4,0,432,0.0010,0,4,
1790282176.379679,1790282176.407350,decode,4,0,432,0.0010,0,4,
1790282176.407350,1790282176.433272,decode,4,0,432,0.0010,0,4,
1790282176.433272,1790282176.459622,decode,4,0,448,0.0010,0,4,
1790282176.459622,1790282176.486120,decode,4,0,448,0.0010,0,4,
1790282176.486120,1790282176.511997,decode,4,0,448,0.0010,0,4,
1790282176.511997,1790282176.538885,decode,4,0,448,0.0010,0,4,
1790282176.538885,1790282176.565634,decode,4,0,448,0.0010,0,4,
1790282176.565634,1790282176.592171,decode,4,0,448,0.0010,0,4,
1790282176.592171,1790282176.619548,decode,4,0,448,0.0010,0,4,
1790282176.619548,1790282176.647424,decode,4,0,448,0.0010,0,4,
1790282176.647424,1790282176.673845,decode,4,0,448,0.0010,0,4,
1790282176.673845,1790282176.700430,decode,4,0,448,0.0010,0,4,
1790282176.700430,1790282176.728690,decode,4,0,448,0.0010,0,4,
1790282176.728690,1790282176.754421,decode,4,0,480,0.0011,0,4,
1790282176.754421,1790282176.780614,decode,4,0,496,0.0012,0,4,
1790282176.780614,1790282176.808800,decode,4,0,496,0.0012,0,4,
1790282176.808800,1790282176.834515,decode,4,0,496,0.0012,0,4,
1790282176.834515,1790282176.860705,decode,4,0,496,0.0012,0,4,
1790282176.860705,1790282176.888304,decode,4,0,512,0.0012,0,4,
1790282176.888304,1790282176.914019,decode,4,0,512,0.0012,0,4,
1790282176.914019,1790282176.940285,decode,4,0,512,0.0012,0,4,
1790282176.940285,1790282176.969210,decode,4,0,512,0.0012,0,4,
1790282176.969210,1790282176.994877,decode,4,0,512,0.0012,0,4,
1790282176.994877,1790282177.021107,decode,4,0,512,0.0012,0,4,
1790282177.021107,1790282177.049023,decode,4,0,512,0.0012,0,4,
1790282177.049023,1790282177.075916,decode,4,0,512,0.0012,0,4,
1790282177.075916,1790282177.102958,decode,4,0,512,0.0012,0,4,
1790282177.102958,1790282177.130248,decode,4,0,512,0.0012,0,4,
1790282177.130248,1790282177.157574,decode,4,0,512,0.0012,0,4,
1790282177.157574,1790282177.185484,decode,4,0,544,0.0013,0,4,
1790282177.185484,1790282177.212556,decode,4,0,560,0.0013,0,4,
1790282177.212556,1790282177.239597,decode,4,0,560,0.0013,0,4,
1790282177.239597,1790282177.267863,decode,4,0,560,0.0013,0,4,
1790282177.267863,1790282177.294036,decode,4,0,560,0.0013,0,4,
1790282177.294036,1790282177.320413,decode,4,0,576,0.0013,0,4,
1790282177.320413,1790282177.347164,decode,4,0,576,0.0013,0,4,
1790282177.347164,1790282177.373872,decode,4,0,576,0.0013,0,4,
1790282177.373872,1790282177.400836,decode,4,0,576,0.0013,0,4,
1790282177.400836,1790282177.427756,decode,4,0,576,0.0013,0,4,
1790282177.427756,1790282177.454136,decode,4,0,576,0.0013,0,4,
1790282177.454136,1790282177.480416,decode,4,0,576,0.0013,0,4,
1790282177.480416,1790282177.508432,decode,4,0,576,0.0013,0,4,
1790282177.508432,1790282177.535054,decode,4,0,576,0.0013,0,4,
1790282177.535054,1790282177.562108,decode,4,0,576,0.0013,0,4,
1790282177.562108,1790282177.588626,decode,4,0,576,0.0013,0,4,
1790282177.588626,1790282177.615717,decode,4,0,608,0.0014,0,4,
1790282177.615717,1790282177.642779,decode,4,0,624,0.0015,0,4,
1790282177.642779,1790282177.669239,decode,4,0,624,0.0015,0,4,
1790282177.669239,1790282177.696492,decode,4,0,624,0.0015,0,4,
1790282177.696492,1790282177.722975,decode,4,0,624,0.0015,0,4,
1790282177.722975,1790282177.749327,decode,4,0,640,0.0015,0,4,
1790282177.749327,1790282177.775637,decode,4,0,640,0.0015,0,4,
1790282177.775637,1790282177.801856,decode,4,0,640,0.0015,0,4,
1790282177.801856,1790282177.828102,decode,4,0,640,0.0015,0,4,
1790282177.828102,1790282177.855263,decode,4,0,640,0.0015,0,4,
1790282177.855263,1790282177.882303,decode,4,0,640,0.0015,0,4,
1790282177.882303,1790282177.908792,decode,4,0,640,0.0015,0,4,
1790282177.908792,1790282177.935804,decode,4,0,640,0.0015,0,4,
1790282177.935804,1790282177.962888,decode,4,0,640,0.0015,0,4,
1790282177.962888,1790282177.990019,decode,4,0,640,0.0015,0,4,
1790282177.990019,1790282178.017076,decode,4,0,640,0.0015,0,4,
1790282178.017076,1790282178.044220,decode,4,0,672,0.0016,0,4,
1790282178.044220,1790282178.071211,decode,4,0,688,0.0016,0,4,
1790282178.071211,1790282178.098345,decode,4,0,688,0.0016,0,4,
1790282178.098345,1790282178.125350,decode,4,0,688,0.0016,0,4,
1790282178.125350,1790282178.152402,decode,4,0,688,0.0016,0,4,
1790282178.152402,1790282178.179549,decode,4,0,704,0.0016,0,4,
1790282178.179549,1790282178.208170,decode,4,0,704,0.0016,0,4,
1790282178.208170,1790282178.233747,decode,4,0,704,0.0016,0,4,
1790282178.233747,1790282178.260156,decode,4,0,704,0.0016,0,4,
1790282178.260156,1790282178.287755,decode,4,0,704,0.0016,0,4,
1790282178.287755,1790282178.314032,decode,4,0,704,0.0016,0,4,
1790282178.314032,1790282178.340325,decode,4,0,704,0.0016,0,4,
1790282178.340325,1790282178.367285,decode,4,0,704,0.0016,0,4,
1790282178.367285,1790282178.393553,decode,4,0,704,0.0016,0,4,
1790282178.393553,1790282178.420339,decode,4,0,704,0.0016,0,4,
1790282178.420339,1790282178.448586,decode,4,0,704,0.0016,0,4,
1790282178.448586,1790282178.474838,decode,4,0,736,0.0017,0,4,
1790282178.474838,1790282178.501671,decode,4,0,752,0.0018,0,4,
1790282178.501671,1790282178.528043,decode,4,0,752,0.0018,0,4,
1790282178.528043,1790282178.555134,decode,4,0,752,0.0018,0,4,
1790282178.555134,1790282178.582367,decode,3,0,576,0.0013,0,4,
1790282178.582367,1790282178.608851,decode,3,0,576,0.0013,0,3,
1790282178.608851,1790282178.639354,mixed,4,0,608,0.0014,19,4,
1790282178.639354,1790282178.674643,decode,4,0,608,0.0014,0,4,
1790282178.674643,1790282178.701791,decode,4,0,608,0.0014,0,4,
1790282178.701791,1790282178.728050,decode,4,0,608,0.0014,0,4,
1790282178.728050,1790282178.754252,decode,4,0,608,0.0014,0,4,
1790282178.754252,1790282178.780574,decode,4,0,608,0.0014,0,4,
1790282178.780574,1790282178.806686,decode,4,0,608,0.0014,0,4,
1790282178.806686,1790282178.832459,decode,4,0,608,0.0014,0,4,
1790282178.832459,1790282178.858778,decode,4,0,608,0.0014,0,4,
1790282178.858778,1790282178.885019,decode,4,0,608,0.0014,0,4,
1790282178.885019,1790282178.910759,decode,4,0,640,0.0015,0,4,
1790282178.910759,1790282178.937265,decode,4,0,656,0.0015,0,4,
1790282178.937265,1790282178.964383,decode,4,0,656,0.0015,0,4,
1790282178.964383,1790282178.991373,decode,4,0,656,0.0015,0,4,
1790282178.991373,1790282179.018286,decode,4,0,672,0.0016,0,4,
1790282179.018286,1790282179.045378,decode,4,0,672,0.0016,0,4,
1790282179.045378,1790282179.071934,decode,4,0,672,0.0016,0,4,
1790282179.071934,1790282179.099126,decode,4,0,672,0.0016,0,4,
1790282179.099126,1790282179.128013,decode,4,0,672,0.0016,0,4,
1790282179.128013,1790282179.154616,decode,4,0,672,0.0016,0,4,
1790282179.154616,1790282179.181734,decode,4,0,672,0.0016,0,4,
1790282179.181734,1790282179.208675,decode,4,0,672,0.0016,0,4,
1790282179.208675,1790282179.235250,decode,4,0,672,0.0016,0,4,
1790282179.235250,1790282179.262250,decode,4,0,672,0.0016,0,4,
1790282179.262250,1790282179.289437,decode,4,0,672,0.0016,0,4,
1790282179.289437,1790282179.316440,decode,4,0,672,0.0016,0,4,
1790282179.316440,1790282179.343488,decode,4,0,704,0.0016,0,4,
1790282179.343488,1790282179.369850,decode,4,0,720,0.0017,0,4,
1790282179.369850,1790282179.396885,decode,4,0,720,0.0017,0,4,
1790282179.396885,1790282179.424007,decode,4,0,720,0.0017,0,4,
1790282179.424007,1790282179.451067,decode,4,0,736,0.0017,0,4,
1790282179.451067,1790282179.477933,decode,4,0,736,0.0017,0,4,
1790282179.477933,1790282179.504535,decode,4,0,736,0.0017,0,4,
1790282179.504535,1790282179.531240,decode,4,0,736,0.0017,0,4,
1790282179.531240,1790282179.559417,decode,4,0,736,0.0017,0,4,
1790282179.559417,1790282179.589045,decode,4,0,736,0.0017,0,4,
1790282179.589045,1790282179.615514,decode,4,0,736,0.0017,0,4,
1790282179.615514,1790282179.641940,decode,4,0,736,0.0017,0,4,
1790282179.641940,1790282179.668192,decode,4,0,736,0.0017,0,4,
1790282179.668192,1790282179.695192,decode,4,0,736,0.0017,0,4,
1790282179.695192,1790282179.722258,decode,4,0,736,0.0017,0,4,
1790282179.722258,1790282179.748677,decode,4,0,736,0.0017,0,4,
1790282179.748677,1790282179.774903,decode,4,0,768,0.0018,0,4,
1790282179.774903,1790282179.800673,decode,4,0,784,0.0018,0,4,
1790282179.800673,1790282179.826241,decode,4,0,784,0.0018,0,4,
1790282179.826241,1790282179.852990,decode,4,0,784,0.0018,0,4,
1790282179.852990,1790282179.879668,decode,4,0,800,0.0019,0,4,
1790282179.879668,1790282179.907797,decode,4,0,800,0.0019,0,4,
1790282179.907797,1790282179.934027,decode,4,0,800,0.0019,0,4,
1790282179.934027,1790282179.960734,decode,4,0,800,0.0019,0,4,
1790282179.960734,1790282179.987732,decode,4,0,800,0.0019,0,4,
1790282179.987732,1790282180.014753,decode,4,0,800,0.0019,0,4,
1790282180.014753,1790282180.042204,decode,4,0,800,0.0019,0,4,
1790282180.042204,1790282180.069305,decode,4,0,800,0.0019,0,4,
1790282180.069305,1790282180.096312,decode,4,0,800,0.0019,0,4,
1790282180.096312,1790282180.123324,decode,4,0,800,0.0019,0,4,
1790282180.123324,1790282180.150367,decode,4,0,800,0.0019,0,4,
1790282180.150367,1790282180.177417,decode,4,0,800,0.0019,0,4,
1790282180.177417,1790282180.204430,decode,4,0,832,0.0019,0,4,
1790282180.204430,1790282180.231473,decode,4,0,848,0.0020,0,4,
1790282180.231473,1790282180.258524,decode,4,0,848,0.0020,0,4,
1790282180.258524,1790282180.286666,decode,4,0,848,0.0020,0,4,
1790282180.286666,1790282180.313017,decode,4,0,864,0.0020,0,4,
1790282180.313017,1790282180.339672,decode,4,0,864,0.0020,0,4,
1790282180.339672,1790282180.367760,decode,4,0,864,0.0020,0,4,
1790282180.367760,1790282180.393971,decode,4,0,864,0.0020,0,4,
1790282180.393971,1790282180.420778,decode,4,0,864,0.0020,0,4,
1790282180.420778,1790282180.447820,decode,4,0,864,0.0020,0,4,
1790282180.447820,1790282180.475719,decode,4,0,864,0.0020,0,4,
1790282180.475719,1790282180.503702,decode,4,0,864,0.0020,0,4,
1790282180.503702,1790282180.530581,decode,4,0,864,0.0020,0,4,
1790282180.530581,1790282180.557555,decode,4,0,864,0.0020,0,4,
1790282180.557555,1790282180.584592,decode,4,0,864,0.0020,0,4,
1790282180.584592,1790282180.611665,decode,4,0,864,0.0020,0,4,
1790282180.611665,1790282180.638745,decode,4,0,896,0.0021,0,4,
1790282180.638745,1790282180.667448,decode,4,0,912,0.0021,0,4,
1790282180.667448,1790282180.693030,decode,4,0,912,0.0021,0,4,
1790282180.693030,1790282180.719459,decode,4,0,912,0.0021,0,4,
1790282180.719459,1790282180.746981,decode,4,0,928,0.0022,0,4,
1790282180.746981,1790282180.773262,decode,4,0,928,0.0022,0,4,
1790282180.773262,1790282180.799529,decode,4,0,928,0.0022,0,4,
1790282180.799529,1790282180.826925,decode,4,0,928,0.0022,0,4,
1790282180.826925,1790282180.853233,decode,4,0,928,0.0022,0,4,
1790282180.853233,1790282180.879940,decode,4,0,928,0.0022,0,4,
1790282180.879940,1790282180.906904,decode,4,0,928,0.0022,0,4,
1790282180.906904,1790282180.933423,decode,4,0,928,0.0022,0,4,
1790282180.933423,1790282180.960412,decode,4,0,928,0.0022,0,4,
1790282180.960412,1790282180.987432,decode,4,0,928,0.0022,0,4,
1790282180.987432,1790282181.014472,decode,4,0,928,0.0022,0,4,
1790282181.014472,1790282181.041520,decode,4,0,928,0.0022,0,4,
1790282181.041520,1790282181.067933,decode,4,0,960,0.0022,0,4,
1790282181.067933,1790282181.095126,decode,1,0,112,0.0003,0,4,
1790282181.095126,1790282181.118740,decode,1,0,112,0.0003,0,1,
1790282181.118740,1790282181.164080,mixed,4,0,176,0.0004,50,4,
1790282181.164080,1790282181.198009,decode,4,0,208,0.0005,0,4,
1790282181.198009,1790282181.226455,decode,4,0,208,0.0005,0,4,
1790282181.226455,1790282181.252148,decode,4,0,224,0.0005,0,4,
1790282181.252148,1790282181.278209,decode,4,0,224,0.0005,0,4,
1790282181.278209,1790282181.305108,decode,4,0,224,0.0005,0,4,
1790282181.305108,1790282181.330934,decode,4,0,224,0.0005,0,4,
1790282181.330934,1790282181.356979,decode,4,0,224,0.0005,0,4,
1790282181.356979,1790282181.382581,decode,4,0,224,0.0005,0,4,
1790282181.382581,1790282181.408359,decode,4,0,224,0.0005,0,4,
1790282181.408359,1790282181.434768,decode,4,0,224,0.0005,0,4,
1790282181.434768,1790282181.462280,decode,4,0,224,0.0005,0,4,
1790282181.462280,1790282181.489511,decode,4,0,224,0.0005,0,4,
1790282181.489511,1790282181.516725,decode,4,0,240,0.0006,0,4,
1790282181.516725,1790282181.543918,decode,4,0,240,0.0006,0,4,
1790282181.543918,1790282181.571188,decode,4,0,240,0.0006,0,4,
1790282181.571188,1790282181.597974,decode,4,0,240,0.0006,0,4,
1790282181.597974,1790282181.626720,decode,4,0,272,0.0006,0,4,
1790282181.626720,1790282181.652656,decode,4,0,272,0.0006,0,4,
1790282181.652656,1790282181.678518,decode,4,0,288,0.0007,0,4,
1790282181.678518,1790282181.706963,decode,4,0,288,0.0007,0,4,
1790282181.706963,1790282181.732443,decode,4,0,288,0.0007,0,4,
1790282181.732443,1790282181.758752,decode,4,0,288,0.0007,0,4,
1790282181.758752,1790282181.786817,decode,4,0,288,0.0007,0,4,
1790282181.786817,1790282181.812606,decode,4,0,288,0.0007,0,4,
1790282181.812606,1790282181.838701,decode,4,0,288,0.0007,0,4,
1790282181.838701,1790282181.864945,decode,4,0,288,0.0007,0,4,
1790282181.864945,1790282181.890471,decode,4,0,288,0.0007,0,4,
1790282181.890471,1790282181.916336,decode,4,0,288,0.0007,0,4,
1790282181.916336,1790282181.943718,decode,4,0,304,0.0007,0,4,
1790282181.943718,1790282181.970661,decode,4,0,304,0.0007,0,4,
1790282181.970661,1790282181.997707,decode,4,0,304,0.0007,0,4,
1790282181.997707,1790282182.024661,decode,4,0,304,0.0007,0,4,
1790282182.024661,1790282182.050816,decode,4,0,336,0.0008,0,4,
1790282182.050816,1790282182.079082,decode,4,0,336,0.0008,0,4,
1790282182.079082,1790282182.107483,decode,4,0,352,0.0008,0,4,
1790282182.107483,1790282182.134444,decode,4,0,352,0.0008,0,4,
1790282182.134444,1790282182.161374,decode,4,0,352,0.0008,0,4,
1790282182.161374,1790282182.188340,decode,4,0,352,0.0008,0,4,
1790282182.188340,1790282182.215325,decode,4,0,352,0.0008,0,4,
1790282182.215325,1790282182.242285,decode,4,0,352,0.0008,0,4,
1790282182.242285,1790282182.268480,decode,4,0,352,0.0008,0,4,
1790282182.268480,1790282182.294687,decode,4,0,352,0.0008,0,4,
1790282182.294687,1790282182.320935,decode,4,0,352,0.0008,0,4,
1790282182.320935,1790282182.347312,decode,4,0,352,0.0008,0,4,
1790282182.347312,1790282182.374321,decode,4,0,368,0.0009,0,4,
1790282182.374321,1790282182.401225,decode,4,0,368,0.0009,0,4,
1790282182.401225,1790282182.428293,decode,4,0,368,0.0009,0,4,
1790282182.428293,1790282182.455301,decode,4,0,368,0.0009,0,4,
1790282182.455301,1790282182.482306,decode,4,0,400,0.0009,0,4,
1790282182.482306,1790282182.509255,decode,4,0,400,0.0009,0,4,
1790282182.509255,1790282182.536236,decode,4,0,416,0.0010,0,4,
1790282182.536236,1790282182.563184,decode,4,0,416,0.0010,0,4,
1790282182.563184,1790282182.590121,decode,4,0,416,0.0010,0,4,
1790282182.590121,1790282182.617118,decode,4,0,416,0.0010,0,4,
1790282182.617118,1790282182.644105,decode,4,0,416,0.0010,0,4,
1790282182.644105,1790282182.671135,decode,4,0,416,0.0010,0,4,
1790282182.671135,1790282182.698121,decode,4,0,416,0.0010,0,4,
1790282182.698121,1790282182.726166,decode,4,0,416,0.0010,0,4,
1790282182.726166,1790282182.751724,decode,4,0,416,0.0010,0,4,
1790282182.751724,1790282182.778035,decode,4,0,416,0.0010,0,4,
1790282182.778035,1790282182.804882,decode,4,0,432,0.0010,0,4,
1790282182.804882,1790282182.829705,decode,4,0,432,0.0010,0,4,
1790282182.829705,1790282182.855186,decode,4,0,432,0.0010,0,4,
1790282182.855186,1790282182.881973,decode,4,0,432,0.0010,0,4,
1790282182.881973,1790282182.909003,decode,4,0,464,0.0011,0,4,
1790282182.909003,1790282182.936022,decode,4,0,464,0.0011,0,4,
1790282182.936022,1790282182.963001,decode,4,0,480,0.0011,0,4,
1790282182.963001,1790282182.989996,decode,4,0,480,0.0011,0,4,
1790282182.989996,1790282183.017041,decode,4,0,480,0.0011,0,4,
1790282183.017041,1790282183.044042,decode,4,0,480,0.0011,0,4,
1790282183.044042,1790282183.071050,decode,4,0,480,0.0011,0,4,
1790282183.071050,1790282183.098145,decode,4,0,480,0.0011,0,4,
1790282183.098145,1790282183.127581,decode,4,0,480,0.0011,0,4,
1790282183.127581,1790282183.153791,decode,4,0,480,0.0011,0,4,
1790282183.153791,1790282183.180577,decode,4,0,480,0.0011,0,4,
1790282183.180577,1790282183.206947,decode,4,0,480,0.0011,0,4,
1790282183.206947,1790282183.233173,decode,4,0,496,0.0012,0,4,
1790282183.233173,1790282183.259891,decode,4,0,496,0.0012,0,4,
1790282183.259891,1790282183.286929,decode,4,0,496,0.0012,0,4,
1790282183.286929,1790282183.313986,decode,4,0,496,0.0012,0,4,
1790282183.313986,1790282183.341043,decode,4,0,528,0.0012,0,4,
1790282183.341043,1790282183.368040,decode,4,0,528,0.0012,0,4,
1790282183.368040,1790282183.395128,decode,4,0,544,0.0013,0,4,
1790282183.395128,1790282183.422081,decode,4,0,544,0.0013,0,4,
1790282183.422081,1790282183.449183,decode,4,0,544,0.0013,0,4,
1790282183.449183,1790282183.476276,decode,4,0,544,0.0013,0,4,
1790282183.476276,1790282183.503380,decode,4,0,544,0.0013,0,4,
1790282183.503380,1790282183.530485,decode,4,0,544,0.0013,0,4,
1790282183.530485,1790282183.557577,decode,4,0,544,0.0013,0,4,
1790282183.557577,1790282183.585815,decode,4,0,544,0.0013,0,4,
1790282183.585815,1790282183.612222,decode,4,0,544,0.0013,0,4,
1790282183.612222,1790282183.639073,decode,4,0,544,0.0013,0,4,
1790282183.639073,1790282183.666134,decode,4,0,560,0.0013,0,4,
1790282183.666134,1790282183.692501,decode,4,0,560,0.0013,0,4,
1790282183.692501,1790282183.718888,decode,4,0,560,0.0013,0,4,
1790282183.718888,1790282183.744663,decode,4,0,560,0.0013,0,4,
1790282183.744663,1790282183.770311,decode,4,0,592,0.0014,0,4,
1790282183.770311,1790282183.796316,decode,4,0,592,0.0014,0,4,
1790282183.796316,1790282183.823273,decode,4,0,608,0.0014,0,4,
1790282183.823273,1790282183.850382,decode,4,0,608,0.0014,0,4,
1790282183.850382,1790282183.877489,decode,4,0,608,0.0014,0,4,
1790282183.877489,1790282183.906339,decode,4,0,608,0.0014,0,4,
1790282183.906339,1790282183.932708,decode,4,0,608,0.0014,0,4,
1790282183.932708,1790282183.959500,decode,4,0,608,0.0014,0,4,
1790282183.959500,1790282183.985982,decode,4,0,608,0.0014,0,4,
1790282183.985982,1790282184.013101,decode,4,0,608,0.0014,0,4,
1790282184.013101,1790282184.040256,decode,4,0,608,0.0014,0,4,
1790282184.040256,1790282184.067402,decode,4,0,608,0.0014,0,4,
1790282184.067402,1790282184.094525,decode,4,0,624,0.0015,0,4,
1790282184.094525,1790282184.121636,decode,4,0,624,0.0015,0,4,
1790282184.121636,1790282184.148791,decode,4,0,624,0.0015,0,4,
1790282184.148791,1790282184.175913,decode,4,0,624,0.0015,0,4,
1790282184.175913,1790282184.203032,decode,4,0,656,0.0015,0,4,
1790282184.203032,1790282184.230174,decode,4,0,656,0.0015,0,4,
1790282184.230174,1790282184.257280,decode,4,0,672,0.0016,0,4,
1790282184.257280,1790282184.284338,decode,4,0,672,0.0016,0,4,
1790282184.284338,1790282184.310904,decode,4,0,672,0.0016,0,4,
1790282184.310904,1790282184.337964,decode,4,0,672,0.0016,0,4,
1790282184.337964,1790282184.364838,decode,4,0,672,0.0016,0,4,
1790282184.364838,1790282184.391502,decode,4,0,672,0.0016,0,4,
1790282184.391502,1790282184.419301,decode,4,0,672,0.0016,0,4,
1790282184.419301,1790282184.446574,decode,4,0,672,0.0016,0,4,
1790282184.446574,1790282184.474030,decode,4,0,672,0.0016,0,4,
1790282184.474030,1790282184.502000,decode,4,0,672,0.0016,0,4,
1790282184.502000,1790282184.529107,decode,4,0,688,0.0016,0,4,
1790282184.529107,1790282184.556211,decode,4,0,688,0.0016,0,4,
1790282184.556211,1790282184.583386,decode,4,0,688,0.0016,0,4,
1790282184.583386,1790282184.610569,decode,4,0,688,0.0016,0,4,
1790282184.610569,1790282184.637722,decode,4,0,720,0.0017,0,4,
1790282184.637722,1790282184.665896,decode,4,0,720,0.0017,0,4,
1790282184.665896,1790282184.691533,decode,4,0,736,0.0017,0,4,
1790282184.691533,1790282184.718009,decode,4,0,736,0.0017,0,4,
1790282184.718009,1790282184.746177,decode,4,0,736,0.0017,0,4,
1790282184.746177,1790282184.772542,decode,4,0,736,0.0017,0,4,
1790282184.772542,1790282184.799296,decode,4,0,736,0.0017,0,4,
1790282184.799296,1790282184.826255,decode,4,0,736,0.0017,0,4,
1790282184.826255,1790282184.853270,decode,4,0,736,0.0017,0,4,
1790282184.853270,1790282184.880297,decode,4,0,736,0.0017,0,4,
1790282184.880297,1790282184.907338,decode,4,0,736,0.0017,0,4,
1790282184.907338,1790282184.934346,decode,4,0,736,0.0017,0,4,
1790282184.934346,1790282184.961913,decode,4,0,752,0.0018,0,4,
1790282184.961913,1790282184.988920,decode,4,0,752,0.0018,0,4,
1790282184.988920,1790282185.016431,decode,4,0,752,0.0018,0,4,
1790282185.016431,1790282185.044179,decode,4,0,752,0.0018,0,4,
1790282185.044179,1790282185.071222,decode,4,0,784,0.0018,0,4,
1790282185.071222,1790282185.098266,decode,4,0,784,0.0018,0,4,
1790282185.098266,1790282185.125911,decode,4,0,800,0.0019,0,4,
1790282185.125911,1790282185.152930,decode,4,0,800,0.0019,0,4,
1790282185.152930,1790282185.179934,decode,4,0,800,0.0019,0,4,
1790282185.179934,1790282185.206829,decode,4,0,800,0.0019,0,4,
1790282185.206829,1790282185.233641,decode,4,0,800,0.0019,0,4,
1790282185.233641,1790282185.261457,decode,4,0,800,0.0019,0,4,
1790282185.261457,1790282185.288637,decode,4,0,800,0.0019,0,4,
1790282185.288637,1790282185.316487,decode,4,0,800,0.0019,0,4,
1790282185.316487,1790282185.344283,decode,4,0,800,0.0019,0,4,
1790282185.344283,1790282185.371616,decode,4,0,800,0.0019,0,4,
1790282185.371616,1790282185.399447,decode,4,0,816,0.0019,0,4,
1790282185.399447,1790282185.426914,decode,4,0,816,0.0019,0,4,
1790282185.426914,1790282185.453859,decode,4,0,816,0.0019,0,4,
1790282185.453859,1790282185.480658,decode,4,0,816,0.0019,0,4,
1790282185.480658,1790282185.507706,decode,4,0,848,0.0020,0,4,
1790282185.507706,1790282185.534884,decode,3,0,560,0.0013,0,4,
1790282185.534884,1790282185.562069,decode,3,0,576,0.0013,0,3,
1790282185.562069,1790282185.588914,mixed,4,0,592,0.0014,13,4,
1790282185.588914,1790282185.619956,decode,4,0,592,0.0014,0,4,
1790282185.619956,1790282185.647110,decode,4,0,592,0.0014,0,4,
1790282185.647110,1790282185.673378,decode,4,0,592,0.0014,0,4,
1790282185.673378,1790282185.699614,decode,4,0,608,0.0014,0,4,
1790282185.699614,1790282185.725857,decode,4,0,608,0.0014,0,4,
1790282185.725857,1790282185.752085,decode,4,0,608,0.0014,0,4,
1790282185.752085,1790282185.778327,decode,4,0,608,0.0014,0,4,
1790282185.778327,1790282185.805137,decode,4,0,608,0.0014,0,4,
1790282185.805137,1790282185.831601,decode,4,0,624,0.0015,0,4,
1790282185.831601,1790282185.858583,decode,4,0,624,0.0015,0,4,
1790282185.858583,1790282185.884878,decode,4,0,624,0.0015,0,4,
1790282185.884878,1790282185.912173,decode,4,0,624,0.0015,0,4,
1790282185.912173,1790282185.939997,decode,4,0,640,0.0015,0,4,
1790282185.939997,1790282185.967044,decode,4,0,640,0.0015,0,4,
1790282185.967044,1790282185.994020,decode,4,0,656,0.0015,0,4,
1790282185.994020,1790282186.021583,decode,4,0,656,0.0015,0,4,
1790282186.021583,1790282186.048590,decode,4,0,656,0.0015,0,4,
1790282186.048590,1790282186.075996,decode,4,0,656,0.0015,0,4,
1790282186.075996,1790282186.103776,decode,4,0,656,0.0015,0,4,
1790282186.103776,1790282186.130742,decode,4,0,672,0.0016,0,4,
1790282186.130742,1790282186.158181,decode,4,0,672,0.0016,0,4,
1790282186.158181,1790282186.185869,decode,4,0,672,0.0016,0,4,
1790282186.185869,1790282186.213213,decode,4,0,672,0.0016,0,4,
1790282186.213213,1790282186.241053,decode,4,0,672,0.0016,0,4,
1790282186.241053,1790282186.268194,decode,4,0,688,0.0016,0,4,
1790282186.268194,1790282186.295989,decode,4,0,688,0.0016,0,4,
1790282186.295989,1790282186.323802,decode,4,0,688,0.0016,0,4,
1790282186.323802,1790282186.350811,decode,4,0,688,0.0016,0,4,
1790282186.350811,1790282186.377798,decode,4,0,704,0.0016,0,4,
1790282186.377798,1790282186.405975,decode,4,0,704,0.0016,0,4,
1790282186.405975,1790282186.432957,decode,4,0,720,0.0017,0,4,
1790282186.432957,1790282186.460012,decode,4,0,720,0.0017,0,4,
1790282186.460012,1790282186.487200,decode,4,0,720,0.0017,0,4,
1790282186.487200,1790282186.515552,decode,4,0,720,0.0017,0,4,
1790282186.515552,1790282186.543291,decode,4,0,720,0.0017,0,4,
1790282186.543291,1790282186.570350,decode,4,0,736,0.0017,0,4,
1790282186.570350,1790282186.597311,decode,4,0,736,0.0017,0,4,
1790282186.597311,1790282186.624197,decode,4,0,736,0.0017,0,4,
1790282186.624197,1790282186.650642,decode,4,0,736,0.0017,0,4,
1790282186.650642,1790282186.677583,decode,4,0,736,0.0017,0,4,
1790282186.677583,1790282186.705011,decode,4,0,752,0.0018,0,4,
1790282186.705011,1790282186.731160,decode,4,0,752,0.0018,0,4,
1790282186.731160,1790282186.757388,decode,4,0,752,0.0018,0,4,
1790282186.757388,1790282186.784746,decode,4,0,752,0.0018,0,4,
1790282186.784746,1790282186.811077,decode,3,0,528,0.0012,0,4,
1790282186.811077,1790282186.837434,decode,3,0,528,0.0012,0,3,
1790282186.837434,1790282186.868153,mixed,4,0,576,0.0013,25,4,
1790282186.868153,1790282186.902550,decode,4,0,576,0.0013,0,4,
1790282186.902550,1790282186.930096,decode,4,0,576,0.0013,0,4,
1790282186.930096,1790282186.956665,decode,4,0,576,0.0013,0,4,
1790282186.956665,1790282186.984527,decode,4,0,576,0.0013,0,4,
1790282186.984527,1790282187.010249,decode,4,0,592,0.0014,0,4,
1790282187.010249,1790282187.036481,decode,4,0,592,0.0014,0,4,
1790282187.036481,1790282187.064499,decode,4,0,592,0.0014,0,4,
1790282187.064499,1790282187.090043,decode,4,0,608,0.0014,0,4,
1790282187.090043,1790282187.115933,decode,4,0,608,0.0014,0,4,
1790282187.115933,1790282187.142716,decode,4,0,608,0.0014,0,4,
1790282187.142716,1790282187.168975,decode,4,0,608,0.0014,0,4,
1790282187.168975,1790282187.195205,decode,4,0,608,0.0014,0,4,
1790282187.195205,1790282187.222047,decode,4,0,608,0.0014,0,4,
1790282187.222047,1790282187.248284,decode,4,0,624,0.0015,0,4,
1790282187.248284,1790282187.274897,decode,4,0,624,0.0015,0,4,
1790282187.274897,1790282187.301846,decode,4,0,640,0.0015,0,4,
1790282187.301846,1790282187.328833,decode,4,0,640,0.0015,0,4,
1790282187.328833,1790282187.356214,decode,4,0,640,0.0015,0,4,
1790282187.356214,1790282187.385250,decode,4,0,640,0.0015,0,4,
1790282187.385250,1790282187.412438,decode,4,0,640,0.0015,0,4,
1790282187.412438,1790282187.439466,decode,4,0,656,0.0015,0,4,
1790282187.439466,1790282187.466519,decode,4,0,656,0.0015,0,4,
1790282187.466519,1790282187.493549,decode,4,0,656,0.0015,0,4,
1790282187.493549,1790282187.520581,decode,4,0,672,0.0016,0,4,
1790282187.520581,1790282187.547657,decode,4,0,672,0.0016,0,4,
1790282187.547657,1790282187.574784,decode,4,0,672,0.0016,0,4,
1790282187.574784,1790282187.602061,decode,4,0,672,0.0016,0,4,
1790282187.602061,1790282187.629063,decode,4,0,672,0.0016,0,4,
1790282187.629063,1790282187.655633,decode,4,0,672,0.0016,0,4,
1790282187.655633,1790282187.682664,decode,4,0,688,0.0016,0,4,
1790282187.682664,1790282187.709689,decode,4,0,688,0.0016,0,4,
1790282187.709689,1790282187.736704,decode,4,0,704,0.0016,0,4,
1790282187.736704,1790282187.764924,decode,4,0,704,0.0016,0,4,
1790282187.764924,1790282187.792261,decode,4,0,704,0.0016,0,4,
1790282187.792261,1790282187.820158,decode,4,0,704,0.0016,0,4,
1790282187.820158,1790282187.847414,decode,4,0,704,0.0016,0,4,
1790282187.847414,1790282187.875263,decode,4,0,720,0.0017,0,4,
1790282187.875263,1790282187.903100,decode,4,0,720,0.0017,0,4,
1790282187.903100,1790282187.930132,decode,4,0,720,0.0017,0,4,
1790282187.930132,1790282187.957630,decode,4,0,736,0.0017,0,4,
1790282187.957630,1790282187.985360,decode,4,0,736,0.0017,0,4,
1790282187.985360,1790282188.012385,decode,4,0,736,0.0017,0,4,
1790282188.012385,1790282188.039430,decode,4,0,736,0.0017,0,4,
1790282188.039430,1790282188.066607,decode,2,0,192,0.0004,0,4,
1790282188.066607,1790282188.093020,decode,2,0,192,0.0004,0,2,
1790282188.093020,1790282188.121551,mixed,4,0,272,0.0006,52,4,
1790282188.121551,1790282188.160484,decode,4,0,272,0.0006,0,4,
1790282188.160484,1790282188.188410,decode,4,0,272,0.0006,0,4,
1790282188.188410,1790282188.215314,decode,4,0,272,0.0006,0,4,
1790282188.215314,1790282188.241656,decode,4,0,272,0.0006,0,4,
1790282188.241656,1790282188.268054,decode,4,0,272,0.0006,0,4,
1790282188.268054,1790282188.294585,decode,4,0,272,0.0006,0,4,
1790282188.294585,1790282188.321048,decode,4,0,288,0.0007,0,4,
1790282188.321048,1790282188.347540,decode,4,0,288,0.0007,0,4,
1790282188.347540,1790282188.374094,decode,4,0,288,0.0007,0,4,
1790282188.374094,1790282188.400432,decode,4,0,304,0.0007,0,4,
1790282188.400432,1790282188.426891,decode,4,0,304,0.0007,0,4,
1790282188.426891,1790282188.453206,decode,4,0,304,0.0007,0,4,
1790282188.453206,1790282188.479642,decode,4,0,304,0.0007,0,4,
1790282188.479642,1790282188.506055,decode,4,0,304,0.0007,0,4,
1790282188.506055,1790282188.532491,decode,4,0,336,0.0008,0,4,
1790282188.532491,1790282188.558888,decode,4,0,336,0.0008,0,4,
1790282188.558888,1790282188.585359,decode,4,0,336,0.0008,0,4,
1790282188.585359,1790282188.612607,decode,4,0,336,0.0008,0,4,
1790282188.612607,1790282188.639861,decode,4,0,336,0.0008,0,4,
1790282188.639861,1790282188.667082,decode,4,0,336,0.0008,0,4,
1790282188.667082,1790282188.694349,decode,4,0,336,0.0008,0,4,
1790282188.694349,1790282188.721593,decode,4,0,336,0.0008,0,4,
1790282188.721593,1790282188.749162,decode,4,0,352,0.0008,0,4,
1790282188.749162,1790282188.776109,decode,4,0,352,0.0008,0,4,
1790282188.776109,1790282188.805365,decode,4,0,352,0.0008,0,4,
1790282188.805365,1790282188.831512,decode,4,0,368,0.0009,0,4,
1790282188.831512,1790282188.858173,decode,4,0,368,0.0009,0,4,
1790282188.858173,1790282188.885109,decode,4,0,368,0.0009,0,4,
1790282188.885109,1790282188.911808,decode,4,0,368,0.0009,0,4,
1790282188.911808,1790282188.938016,decode,4,0,368,0.0009,0,4,
1790282188.938016,1790282188.964881,decode,4,0,400,0.0009,0,4,
1790282188.964881,1790282188.991842,decode,4,0,400,0.0009,0,4,
1790282188.991842,1790282189.019349,decode,4,0,400,0.0009,0,4,
1790282189.019349,1790282189.047338,decode,4,0,400,0.0009,0,4,
1790282189.047338,1790282189.076019,decode,4,0,400,0.0009,0,4,
1790282189.076019,1790282189.105688,decode,4,0,400,0.0009,0,4,
1790282189.105688,1790282189.132666,decode,4,0,400,0.0009,0,4,
1790282189.132666,1790282189.159638,decode,4,0,400,0.0009,0,4,
1790282189.159638,1790282189.186570,decode,4,0,416,0.0010,0,4,
1790282189.186570,1790282189.213975,decode,4,0,416,0.0010,0,4,
1790282189.213975,1790282189.241800,decode,4,0,416,0.0010,0,4,
1790282189.241800,1790282189.268775,decode,4,0,432,0.0010,0,4,
1790282189.268775,1790282189.295739,decode,4,0,432,0.0010,0,4,
1790282189.295739,1790282189.322680,decode,4,0,432,0.0010,0,4,
1790282189.322680,1790282189.348203,decode,4,0,432,0.0010,0,4,
1790282189.348203,1790282189.374108,decode,4,0,432,0.0010,0,4,
1790282189.374108,1790282189.401482,decode,4,0,464,0.0011,0,4,
1790282189.401482,1790282189.429069,decode,4,0,464,0.0011,0,4,
1790282189.429069,1790282189.455994,decode,4,0,464,0.0011,0,4,
1790282189.455994,1790282189.484920,decode,4,0,464,0.0011,0,4,
1790282189.484920,1790282189.511120,decode,4,0,464,0.0011,0,4,
1790282189.511120,1790282189.537771,decode,4,0,464,0.0011,0,4,
1790282189.537771,1790282189.564752,decode,4,0,464,0.0011,0,4,
1790282189.564752,1790282189.591695,decode,4,0,464,0.0011,0,4,
1790282189.591695,1790282189.618687,decode,4,0,480,0.0011,0,4,
1790282189.618687,1790282189.645674,decode,4,0,480,0.0011,0,4,
1790282189.645674,1790282189.672810,decode,4,0,480,0.0011,0,4,
1790282189.672810,1790282189.699579,decode,4,0,496,0.0012,0,4,
1790282189.699579,1790282189.726509,decode,4,0,496,0.0012,0,4,
1790282189.726509,1790282189.753489,decode,4,0,496,0.0012,0,4,
1790282189.753489,1790282189.780511,decode,4,0,496,0.0012,0,4,
1790282189.780511,1790282189.807494,decode,4,0,496,0.0012,0,4,
1790282189.807494,1790282189.834465,decode,4,0,528,0.0012,0,4,
1790282189.834465,1790282189.861438,decode,4,0,528,0.0012,0,4,
1790282189.861438,1790282189.887640,decode,4,0,528,0.0012,0,4,
1790282189.887640,1790282189.914234,decode,4,0,528,0.0012,0,4,
1790282189.914234,1790282189.941193,decode,4,0,528,0.0012,0,4,
1790282189.941193,1790282189.968413,decode,4,0,528,0.0012,0,4,
1790282189.968413,1790282189.996370,decode,4,0,528,0.0012,0,4,
1790282189.996370,1790282190.024699,decode,4,0,528,0.0012,0,4,
1790282190.024699,1790282190.051638,decode,4,0,544,0.0013,0,4,
1790282190.051638,1790282190.078696,decode,4,0,544,0.0013,0,4,
1790282190.078696,1790282190.105857,decode,4,0,544,0.0013,0,4,
1790282190.105857,1790282190.133594,decode,4,0,560,0.0013,0,4,
1790282190.133594,1790282190.161376,decode,4,0,560,0.0013,0,4,
1790282190.161376,1790282190.188432,decode,4,0,560,0.0013,0,4,
1790282190.188432,1790282190.215384,decode,4,0,560,0.0013,0,4,
1790282190.215384,1790282190.241714,decode,4,0,560,0.0013,0,4,
1790282190.241714,1790282190.267745,decode,4,0,592,0.0014,0,4,
1790282190.267745,1790282190.295533,decode,4,0,592,0.0014,0,4,
1790282190.295533,1790282190.324447,decode,4,0,592,0.0014,0,4,
1790282190.324447,1790282190.350708,decode,4,0,592,0.0014,0,4,
1790282190.350708,1790282190.377380,decode,4,0,592,0.0014,0,4,
1790282190.377380,1790282190.404345,decode,4,0,592,0.0014,0,4,
1790282190.404345,1790282190.431356,decode,4,0,592,0.0014,0,4,
1790282190.431356,1790282190.458372,decode,4,0,592,0.0014,0,4,
1790282190.458372,1790282190.485347,decode,4,0,608,0.0014,0,4,
1790282190.485347,1790282190.512336,decode,4,0,608,0.0014,0,4,
1790282190.512336,1790282190.539323,decode,4,0,608,0.0014,0,4,
1790282190.539323,1790282190.566301,decode,4,0,624,0.0015,0,4,
1790282190.566301,1790282190.593259,decode,4,0,624,0.0015,0,4,
1790282190.593259,1790282190.620870,decode,4,0,624,0.0015,0,4,
1790282190.620870,1790282190.647892,decode,4,0,624,0.0015,0,4,
1790282190.647892,1790282190.674906,decode,4,0,624,0.0015,0,4,
1790282190.674906,1790282190.703098,decode,4,0,656,0.0015,0,4,
1790282190.703098,1790282190.730122,decode,4,0,656,0.0015,0,4,
1790282190.730122,1790282190.757093,decode,4,0,656,0.0015,0,4,
1790282190.757093,1790282190.784078,decode,4,0,656,0.0015,0,4,
1790282190.784078,1790282190.811052,decode,4,0,656,0.0015,0,4,
1790282190.811052,1790282190.838544,decode,4,0,656,0.0015,0,4,
1790282190.838544,1790282190.865739,decode,4,0,656,0.0015,0,4,
1790282190.865739,1790282190.893561,decode,4,0,656,0.0015,0,4,
1790282190.893561,1790282190.921390,decode,4,0,672,0.0016,0,4,
1790282190.921390,1790282190.949216,decode,4,0,672,0.0016,0,4,
1790282190.949216,1790282190.977032,decode,4,0,672,0.0016,0,4,
1790282190.977032,1790282191.004846,decode,4,0,688,0.0016,0,4,
1790282191.004846,1790282191.032705,decode,4,0,688,0.0016,0,4,
1790282191.032705,1790282191.060519,decode,4,0,688,0.0016,0,4,
1790282191.060519,1790282191.087519,decode,4,0,688,0.0016,0,4,
1790282191.087519,1790282191.114532,decode,4,0,688,0.0016,0,4,
1790282191.114532,1790282191.142122,decode,4,0,720,0.0017,0,4,
1790282191.142122,1790282191.169128,decode,4,0,720,0.0017,0,4,
1790282191.169128,1790282191.196568,decode,4,0,720,0.0017,0,4,
1790282191.196568,1790282191.224282,decode,4,0,720,0.0017,0,4,
1790282191.224282,1790282191.251334,decode,4,0,720,0.0017,0,4,
1790282191.251334,1790282191.278381,decode,4,0,720,0.0017,0,4,
1790282191.278381,1790282191.305428,decode,4,0,720,0.0017,0,4,
1790282191.305428,1790282191.332429,decode,4,0,720,0.0017,0,4,
1790282191.332429,1790282191.359381,decode,4,0,736,0.0017,0,4,
1790282191.359381,1790282191.386384,decode,4,0,736,0.0017,0,4,
1790282191.386384,1790282191.413368,decode,4,0,736,0.0017,0,4,
1790282191.413368,1790282191.440356,decode,4,0,752,0.0018,0,4,
1790282191.440356,1790282191.467679,decode,4,0,752,0.0018,0,4,
1790282191.467679,1790282191.494353,decode,4,0,752,0.0018,0,4,
1790282191.494353,1790282191.521989,decode,4,0,752,0.0018,0,4,
1790282191.521989,1790282191.549023,decode,4,0,752,0.0018,0,4,
1790282191.549023,1790282191.575983,decode,4,0,784,0.0018,0,4,
1790282191.575983,1790282191.603987,decode,4,0,784,0.0018,0,4,
1790282191.603987,1790282191.630222,decode,4,0,784,0.0018,0,4,
1790282191.630222,1790282191.656893,decode,4,0,784,0.0018,0,4,
1790282191.656893,1790282191.683876,decode,4,0,784,0.0018,0,4,
1790282191.683876,1790282191.710854,decode,4,0,784,0.0018,0,4,
1790282191.710854,1790282191.737910,decode,4,0,784,0.0018,0,4,
1790282191.737910,1790282191.764277,decode,4,0,784,0.0018,0,4,
1790282191.764277,1790282191.791232,decode,4,0,800,0.0019,0,4,
1790282191.791232,1790282191.818255,decode,4,0,800,0.0019,0,4,
1790282191.818255,1790282191.845260,decode,4,0,800,0.0019,0,4,
1790282191.845260,1790282191.872280,decode,4,0,816,0.0019,0,4,
1790282191.872280,1790282191.899416,decode,4,0,816,0.0019,0,4,
1790282191.899416,1790282191.926350,decode,4,0,816,0.0019,0,4,
1790282191.926350,1790282191.953411,decode,4,0,816,0.0019,0,4,
1790282191.953411,1790282191.980413,decode,4,0,816,0.0019,0,4,
1790282191.980413,1790282192.007405,decode,4,0,848,0.0020,0,4,
1790282192.007405,1790282192.034358,decode,4,0,848,0.0020,0,4,
1790282192.034358,1790282192.061891,decode,4,0,848,0.0020,0,4,
1790282192.061891,1790282192.088253,decode,4,0,848,0.0020,0,4,
1790282192.088253,1790282192.115663,decode,4,0,848,0.0020,0,4,
1790282192.115663,1790282192.143992,decode,4,0,848,0.0020,0,4,
1790282192.143992,1790282192.171000,decode,4,0,848,0.0020,0,4,
1790282192.171000,1790282192.198048,decode,4,0,848,0.0020,0,4,
1790282192.198048,1790282192.225126,decode,4,0,864,0.0020,0,4,
1790282192.225126,1790282192.252239,decode,4,0,864,0.0020,0,4,
1790282192.252239,1790282192.279318,decode,4,0,864,0.0020,0,4,
1790282192.279318,1790282192.306318,decode,4,0,880,0.0021,0,4,
1790282192.306318,1790282192.333367,decode,4,0,880,0.0021,0,4,
1790282192.333367,1790282192.360389,decode,4,0,880,0.0021,0,4,
1790282192.360389,1790282192.386863,decode,4,0,880,0.0021,0,4,
1790282192.386863,1790282192.413931,decode,4,0,880,0.0021,0,4,
1790282192.413931,1790282192.441148,decode,4,0,912,0.0021,0,4,
1790282192.441148,1790282192.468415,decode,4,0,912,0.0021,0,4,
1790282192.468415,1790282192.495453,decode,4,0,912,0.0021,0,4,
1790282192.495453,1790282192.524559,decode,3,0,640,0.0015,0,4,
1790282192.524559,1790282192.551205,decode,3,0,640,0.0015,0,3,
1790282192.551205,1790282192.577421,decode,3,0,640,0.0015,0,3,
1790282192.577421,1790282192.604317,decode,3,0,640,0.0015,0,3,
1790282192.604317,1790282192.631320,decode,3,0,640,0.0015,0,3,
1790282192.631320,1790282192.658297,decode,3,0,640,0.0015,0,3,
1790282192.658297,1790282192.684698,decode,3,0,640,0.0015,0,3,
1790282192.684698,1790282192.711718,decode,3,0,640,0.0015,0,3,
1790282192.711718,1790282192.738677,decode,3,0,656,0.0015,0,3,
1790282192.738677,1790282192.764988,decode,3,0,656,0.0015,0,3,
1790282192.764988,1790282192.791973,decode,3,0,656,0.0015,0,3,
1790282192.791973,1790282192.819016,decode,3,0,656,0.0015,0,3,
1790282192.819016,1790282192.845408,decode,3,0,656,0.0015,0,3,
1790282192.845408,1790282192.872400,decode,3,0,688,0.0016,0,3,
1790282192.872400,1790282192.899390,decode,3,0,688,0.0016,0,3,
1790282192.899390,1790282192.926385,decode,3,0,688,0.0016,0,3,
1790282192.926385,1790282192.953345,decode,3,0,688,0.0016,0,3,
1790282192.953345,1790282192.980464,decode,3,0,688,0.0016,0,3,
1790282192.980464,1790282193.006941,decode,3,0,688,0.0016,0,3,
1790282193.006941,1790282193.034763,decode,3,0,688,0.0016,0,3,
1790282193.034763,1790282193.062935,decode,3,0,688,0.0016,0,3,
1790282193.062935,1790282193.088961,decode,3,0,688,0.0016,0,3,
1790282193.088961,1790282193.115967,decode,3,0,688,0.0016,0,3,
1790282193.115967,1790282193.142872,decode,3,0,688,0.0016,0,3,
1790282193.142872,1790282193.169365,decode,3,0,704,0.0016,0,3,
1790282193.169365,1790282193.196361,decode,3,0,704,0.0016,0,3,
1790282193.196361,1790282193.222747,decode,3,0,704,0.0016,0,3,
1790282193.222747,1790282193.249760,decode,3,0,704,0.0016,0,3,
1790282193.249760,1790282193.276841,decode,3,0,704,0.0016,0,3,
1790282193.276841,1790282193.303072,decode,3,0,736,0.0017,0,3,
1790282193.303072,1790282193.329299,decode,3,0,736,0.0017,0,3,
1790282193.329299,1790282193.356420,decode,3,0,736,0.0017,0,3,
1790282193.356420,1790282193.383607,decode,3,0,736,0.0017,0,3,
1790282193.383607,1790282193.410579,decode,3,0,736,0.0017,0,3,
1790282193.410579,1790282193.437518,decode,3,0,736,0.0017,0,3,
1790282193.437518,1790282193.464577,decode,3,0,736,0.0017,0,3,
1790282193.464577,1790282193.491570,decode,3,0,736,0.0017,0,3,
1790282193.491570,1790282193.518576,decode,3,0,736,0.0017,0,3,
1790282193.518576,1790282193.545670,decode,3,0,736,0.0017,0,3,
1790282193.545670,1790282193.572573,decode,3,0,736,0.0017,0,3,
1790282193.572573,1790282193.599649,decode,3,0,752,0.0018,0,3,
1790282193.599649,1790282193.626670,decode,3,0,752,0.0018,0,3,
1790282193.626670,1790282193.653253,decode,3,0,752,0.0018,0,3,
1790282193.653253,1790282193.680125,decode,3,0,752,0.0018,0,3,
1790282193.680125,1790282193.706550,decode,3,0,752,0.0018,0,3,
1790282193.706550,1790282193.733500,decode,3,0,784,0.0018,0,3,
1790282193.733500,1790282193.760490,decode,3,0,784,0.0018,0,3,
1790282193.760490,1790282193.787648,decode,2,0,496,0.0012,0,3,
1790282193.787648,1790282193.814525,decode,2,0,496,0.0012,0,2,
1790282193.814525,1790282193.842433,decode,2,0,496,0.0012,0,2,
1790282193.842433,1790282193.867956,decode,2,0,496,0.0012,0,2,
1790282193.867956,1790282193.893826,decode,2,0,496,0.0012,0,2,
1790282193.893826,1790282193.920603,decode,2,0,496,0.0012,0,2,
1790282193.920603,1790282193.946719,decode,2,0,496,0.0012,0,2,
1790282193.946719,1790282193.972960,decode,2,0,496,0.0012,0,2,
1790282193.972960,1790282193.999211,decode,2,0,496,0.0012,0,2,
1790282193.999211,1790282194.025400,decode,2,0,496,0.0012,0,2,
1790282194.025400,1790282194.051564,decode,2,0,496,0.0012,0,2,
1790282194.051564,1790282194.078295,decode,2,0,496,0.0012,0,2,
1790282194.078295,1790282194.104544,decode,2,0,496,0.0012,0,2,
1790282194.104544,1790282194.130823,decode,2,0,496,0.0012,0,2,
1790282194.130823,1790282194.157033,decode,2,0,528,0.0012,0,2,
1790282194.157033,1790282194.183239,decode,2,0,528,0.0012,0,2,
1790282194.183239,1790282194.209453,decode,2,0,528,0.0012,0,2,
1790282194.209453,1790282194.235667,decode,2,0,528,0.0012,0,2,
1790282194.235667,1790282194.262434,decode,2,0,528,0.0012,0,2,
1790282194.262434,1790282194.288682,decode,2,0,528,0.0012,0,2,
1790282194.288682,1790282194.314935,decode,2,0,528,0.0012,0,2,
1790282194.314935,1790282194.342887,decode,2,0,528,0.0012,0,2,
1790282194.342887,1790282194.369228,decode,2,0,528,0.0012,0,2,
1790282194.369228,1790282194.395453,decode,2,0,528,0.0012,0,2,
1790282194.395453,1790282194.422278,decode,2,0,528,0.0012,0,2,
1790282194.422278,1790282194.448730,decode,2,0,528,0.0012,0,2,
1790282194.448730,1790282194.475850,decode,2,0,528,0.0012,0,2,
1790282194.475850,1790282194.502840,decode,2,0,528,0.0012,0,2,
1790282194.502840,1790282194.529797,decode,2,0,528,0.0012,0,2,
1790282194.529797,1790282194.556213,decode,2,0,528,0.0012,0,2,
1790282194.556213,1790282194.582552,decode,2,0,560,0.0013,0,2,
1790282194.582552,1790282194.608705,decode,2,0,560,0.0013,0,2,
1790282194.608705,1790282194.635010,decode,2,0,560,0.0013,0,2,
1790282194.635010,1790282194.661224,decode,2,0,560,0.0013,0,2,
1790282194.661224,1790282194.687369,decode,2,0,560,0.0013,0,2,
1790282194.687369,1790282194.714455,decode,2,0,560,0.0013,0,2,
1790282194.714455,1790282194.743192,decode,2,0,560,0.0013,0,2,
1790282194.743192,1790282194.769439,decode,2,0,560,0.0013,0,2,
1790282194.769439,1790282194.796123,decode,2,0,560,0.0013,0,2,
1790282194.796123,1790282194.822475,decode,2,0,560,0.0013,0,2,
1790282194.822475,1790282194.849462,decode,2,0,560,0.0013,0,2,
1790282194.849462,1790282194.876480,decode,2,0,560,0.0013,0,2,
1790282194.876480,1790282194.902769,decode,2,0,560,0.0013,0,2,
1790282194.902769,1790282194.929214,decode,2,0,560,0.0013,0,2,
1790282194.929214,1790282194.956215,decode,2,0,560,0.0013,0,2,
1790282194.956215,1790282194.982621,decode,2,0,560,0.0013,0,2,
1790282194.982621,1790282195.009062,decode,0,0,0,0.0000,0,2,
1790282195.009062,1790282195.009151,idle,0,0,0,0.0000,,,
