t_wall,power_w,sm_mhz,mem_mhz,gpu_util,mem_util,temp_c
1789681055.535920,243.227,1965,3996,0.0,0.0,32.0
1789681055.545988,243.227,1965,3996,0.0,0.0,32.0
1789681055.555999,243.227,1965,3996,0.0,0.0,32.0
1789681055.565995,243.227,1965,3996,0.0,0.0,32.0
1789681055.575996,243.227,1965,3996,0.0,0.0,32.0
1789681055.586060,243.227,1965,3996,0.0,0.0,32.0
1789681055.596136,243.227,1965,3996,0.0,0.0,32.0
1789681055.606068,243.227,1965,3996,0.0,0.0,32.0
1789681055.615999,243.227,1965,3996,0.0,0.0,32.0
1789681055.625994,243.227,1965,3996,0.0,0.0,32.0
1789681055.636069,243.236,1965,3996,0.0,0.0,32.0
1789681055.646114,243.236,1965,3996,0.0,0.0,31.0
1789681055.656066,243.236,1965,3996,0.0,0.0,31.0
1789681055.665998,243.236,1965,3996,0.0,0.0,31.0
1789681055.676094,243.236,1965,3996,0.0,0.0,31.0
1789681055.686087,243.236,1965,3996,0.0,0.0,31.0
1789681055.696030,243.236,1965,3996,0.0,0.0,31.0
1789681055.706064,243.236,1965,3996,0.0,0.0,31.0
1789681055.716027,243.236,1965,3996,0.0,0.0,31.0
1789681055.726040,243.236,1965,3996,0.0,0.0,31.0
1789681055.736045,243.263,1965,3996,0.0,0.0,31.0
1789681055.746110,243.263,1965,3996,0.0,0.0,31.0
1789681055.756082,243.263,1965,3996,0.0,0.0,31.0
1789681055.766086,243.263,1965,3996,0.0,0.0,31.0
1789681055.776120,243.263,1965,3996,0.0,0.0,31.0
1789681055.786092,243.263,1965,3996,0.0,0.0,31.0
1789681055.796077,243.263,1965,3996,0.0,0.0,31.0
1789681055.806039,243.263,1965,3996,0.0,0.0,31.0
1789681055.816053,243.263,1965,3996,0.0,0.0,31.0
1789681055.826026,243.263,1965,3996,0.0,0.0,31.0
1789681055.836112,238.368,1965,3996,0.0,0.0,31.0
1789681055.846075,238.368,1965,3996,0.0,0.0,31.0
1789681055.856069,238.368,1965,3996,0.0,0.0,31.0
1789681055.866062,238.368,1965,3996,0.0,0.0,31.0
1789681055.876034,238.368,1965,3996,0.0,0.0,31.0
1789681055.886100,238.368,1965,3996,0.0,0.0,31.0
1789681055.896001,238.368,1965,3996,0.0,0.0,31.0
1789681055.906015,238.368,1965,3996,0.0,0.0,31.0
1789681055.916060,238.368,1965,3996,0.0,0.0,31.0
1789681055.926125,238.368,1965,3996,0.0,0.0,31.0
1789681055.936067,238.181,1965,3996,0.0,0.0,31.0
1789681055.945999,238.181,1965,3996,0.0,0.0,31.0
1789681055.955994,238.181,1965,3996,0.0,0.0,31.0
1789681055.966079,238.181,1965,3996,0.0,0.0,31.0
1789681055.976000,238.181,1965,3996,0.0,0.0,31.0
1789681055.986055,238.181,1965,3996,0.0,0.0,31.0
1789681055.996140,238.181,1965,3996,0.0,0.0,31.0
1789681056.006001,238.181,1965,3996,0.0,0.0,31.0
1789681056.016026,238.181,1965,3996,0.0,0.0,31.0
1789681056.026070,238.181,1965,3996,0.0,0.0,31.0
1789681056.036002,238.181,1965,3996,0.0,0.0,31.0
1789681056.046005,248.238,1965,3996,0.0,0.0,32.0
1789681056.056000,248.238,1965,3996,0.0,0.0,32.0
1789681056.066003,248.238,1965,3996,0.0,0.0,32.0
1789681056.075996,248.238,1965,3996,0.0,0.0,32.0
1789681056.086030,248.238,1965,3996,0.0,0.0,32.0
1789681056.095995,248.238,1965,3996,0.0,0.0,32.0
1789681056.105997,248.238,1965,3996,0.0,0.0,32.0
1789681056.116001,248.238,1965,3996,0.0,0.0,32.0
1789681056.126067,248.238,1965,3996,0.0,0.0,32.0
1789681056.135999,248.238,1965,3996,0.0,0.0,32.0
1789681056.146002,278.630,1965,3996,58.0,32.0,33.0
1789681056.155995,278.630,1965,3996,58.0,32.0,33.0
1789681056.166000,278.630,1965,3996,58.0,32.0,33.0
1789681056.175994,278.630,1965,3996,58.0,32.0,33.0
1789681056.185996,278.630,1965,3996,58.0,32.0,33.0
1789681056.196010,278.630,1965,3996,58.0,32.0,33.0
1789681056.205994,278.630,1965,3996,58.0,32.0,33.0
1789681056.216018,278.630,1965,3996,58.0,32.0,33.0
1789681056.226000,278.630,1965,3996,58.0,32.0,33.0
1789681056.236025,278.630,1965,3996,58.0,32.0,33.0
1789681056.245988,309.613,1965,3996,58.0,32.0,34.0
1789681056.255990,309.613,1965,3996,58.0,32.0,34.0
1789681056.265991,309.613,1965,3996,58.0,32.0,34.0
1789681056.276222,309.613,1965,3996,58.0,32.0,34.0
1789681056.286003,309.613,1965,3996,58.0,32.0,34.0
1789681056.296037,309.613,1965,3996,58.0,32.0,34.0
1789681056.306000,309.613,1965,3996,58.0,32.0,34.0
1789681056.316270,309.613,1965,3996,58.0,32.0,34.0
1789681056.326079,309.613,1965,3996,58.0,32.0,34.0
1789681056.336021,309.613,1965,3996,58.0,32.0,34.0
1789681056.345994,341.855,1965,3996,72.0,40.0,34.0
1789681056.356324,341.855,1965,3996,72.0,40.0,34.0
1789681056.366002,341.855,1965,3996,72.0,40.0,34.0
1789681056.375995,341.855,1965,3996,72.0,40.0,34.0
1789681056.386010,341.855,1965,3996,72.0,40.0,34.0
1789681056.396002,341.855,1965,3996,72.0,40.0,34.0
1789681056.405996,341.855,1965,3996,72.0,40.0,34.0
1789681056.415999,341.855,1965,3996,72.0,40.0,34.0
1789681056.426005,341.855,1965,3996,72.0,40.0,34.0
1789681056.436049,341.855,1965,3996,72.0,40.0,34.0
1789681056.446001,371.052,1965,3996,72.0,40.0,34.0
1789681056.455995,371.052,1965,3996,72.0,40.0,34.0
1789681056.465997,371.052,1965,3996,72.0,40.0,34.0
1789681056.476022,371.052,1965,3996,72.0,40.0,34.0
1789681056.485995,371.052,1965,3996,72.0,40.0,34.0
1789681056.495999,371.052,1965,3996,72.0,40.0,34.0
1789681056.506043,371.052,1965,3996,72.0,40.0,34.0
1789681056.515996,371.052,1965,3996,72.0,40.0,34.0
1789681056.526010,371.052,1965,3996,72.0,40.0,34.0
1789681056.536003,371.052,1965,3996,72.0,40.0,34.0
1789681056.545996,404.997,1965,3996,72.0,40.0,34.0
1789681056.556001,404.997,1965,3996,72.0,40.0,34.0
1789681056.565994,404.997,1965,3996,72.0,40.0,34.0
1789681056.576008,404.997,1965,3996,72.0,40.0,34.0
1789681056.586001,404.997,1965,3996,72.0,40.0,34.0
1789681056.596058,404.997,1965,3996,72.0,40.0,34.0
1789681056.605999,404.997,1965,3996,72.0,40.0,34.0
1789681056.616002,404.997,1965,3996,72.0,40.0,34.0
1789681056.626006,404.997,1965,3996,72.0,40.0,34.0
1789681056.635999,404.997,1965,3996,72.0,40.0,34.0
1789681056.646003,433.056,1965,3996,72.0,40.0,34.0
1789681056.656303,433.056,1965,3996,72.0,40.0,34.0
1789681056.666000,433.056,1965,3996,72.0,40.0,34.0
1789681056.676056,433.056,1965,3996,72.0,40.0,34.0
1789681056.686008,433.056,1965,3996,72.0,40.0,34.0
1789681056.696002,433.056,1965,3996,72.0,40.0,34.0
1789681056.706025,433.056,1965,3996,72.0,40.0,34.0
1789681056.715998,433.056,1965,3996,72.0,40.0,34.0
1789681056.726002,433.056,1965,3996,72.0,40.0,34.0
1789681056.735997,433.056,1965,3996,72.0,40.0,34.0
1789681056.745999,464.518,1965,3996,73.0,42.0,35.0
1789681056.755995,464.518,1965,3996,73.0,42.0,35.0
1789681056.766006,464.518,1965,3996,73.0,42.0,35.0
1789681056.776113,464.518,1965,3996,73.0,42.0,35.0
1789681056.786004,464.518,1965,3996,73.0,42.0,35.0
1789681056.795997,464.518,1965,3996,73.0,42.0,35.0
1789681056.806001,464.518,1965,3996,73.0,42.0,35.0
1789681056.816005,464.518,1965,3996,73.0,42.0,35.0
1789681056.825998,464.518,1965,3996,73.0,42.0,35.0
1789681056.836022,464.518,1965,3996,73.0,42.0,35.0
1789681056.846098,491.550,1965,3996,73.0,42.0,35.0
1789681056.855999,491.550,1965,3996,73.0,42.0,35.0
1789681056.866115,491.550,1965,3996,73.0,42.0,35.0
1789681056.876007,491.550,1965,3996,73.0,42.0,35.0
1789681056.886000,491.550,1965,3996,73.0,42.0,35.0
1789681056.896004,491.550,1965,3996,73.0,42.0,35.0
1789681056.905997,491.550,1965,3996,73.0,42.0,35.0
1789681056.916062,491.550,1965,3996,73.0,42.0,35.0
1789681056.926076,491.550,1965,3996,73.0,42.0,35.0
1789681056.935998,491.550,1965,3996,73.0,42.0,35.0
1789681056.946002,522.835,1965,3996,73.0,42.0,35.0
1789681056.956006,522.835,1965,3996,73.0,42.0,35.0
1789681056.965987,522.835,1965,3996,73.0,42.0,35.0
1789681056.975994,522.835,1965,3996,73.0,42.0,35.0
1789681056.986048,522.835,1965,3996,73.0,42.0,35.0
1789681056.996001,522.835,1965,3996,73.0,42.0,35.0
1789681057.006004,522.835,1965,3996,73.0,42.0,35.0
1789681057.016008,522.835,1965,3996,73.0,42.0,35.0
1789681057.026000,522.835,1965,3996,73.0,42.0,35.0
1789681057.035994,522.835,1965,3996,73.0,42.0,35.0
1789681057.045998,550.588,1965,3996,73.0,42.0,35.0
1789681057.056002,550.588,1965,3996,73.0,42.0,35.0
1789681057.065995,550.588,1965,3996,73.0,42.0,35.0
1789681057.075999,550.588,1965,3996,73.0,42.0,35.0
1789681057.085984,550.588,1965,3996,73.0,42.0,35.0
1789681057.095993,550.588,1965,3996,73.0,42.0,35.0
1789681057.105994,550.588,1965,3996,73.0,42.0,35.0
1789681057.115995,550.588,1965,3996,73.0,42.0,35.0
1789681057.125998,550.588,1965,3996,73.0,42.0,35.0
1789681057.136000,550.588,1965,3996,73.0,42.0,35.0
1789681057.146076,553.323,1965,3996,73.0,42.0,35.0
1789681057.156017,553.323,1965,3996,73.0,42.0,35.0
1789681057.166002,553.323,1965,3996,73.0,42.0,35.0
1789681057.176057,553.323,1965,3996,73.0,42.0,35.0
1789681057.185985,553.323,1965,3996,73.0,42.0,35.0
1789681057.196002,553.323,1965,3996,73.0,42.0,35.0
1789681057.205996,553.323,1965,3996,73.0,42.0,35.0
1789681057.215989,553.323,1965,3996,73.0,42.0,35.0
1789681057.225995,553.323,1965,3996,73.0,42.0,35.0
1789681057.235997,553.323,1965,3996,73.0,42.0,35.0
1789681057.246001,554.454,1965,3996,73.0,42.0,35.0
1789681057.256005,554.454,1965,3996,73.0,42.0,35.0
1789681057.265990,554.454,1965,3996,73.0,42.0,35.0
1789681057.275983,554.454,1965,3996,73.0,42.0,35.0
1789681057.285987,554.454,1965,3996,73.0,42.0,35.0
1789681057.295990,554.454,1965,3996,73.0,42.0,35.0
1789681057.305989,554.454,1965,3996,73.0,42.0,35.0
1789681057.315990,554.454,1965,3996,73.0,42.0,35.0
1789681057.325990,554.454,1965,3996,73.0,42.0,35.0
1789681057.335989,554.454,1965,3996,73.0,42.0,35.0
1789681057.345983,554.669,1965,3996,74.0,42.0,35.0
1789681057.355989,554.669,1965,3996,74.0,42.0,35.0
1789681057.365989,554.669,1965,3996,74.0,42.0,35.0
1789681057.375989,554.669,1965,3996,74.0,42.0,35.0
1789681057.386005,554.669,1965,3996,74.0,42.0,35.0
1789681057.395993,554.669,1965,3996,74.0,42.0,35.0
1789681057.405994,554.669,1965,3996,74.0,42.0,35.0
1789681057.415994,554.669,1965,3996,74.0,42.0,35.0
1789681057.425993,554.669,1965,3996,74.0,42.0,35.0
1789681057.435993,554.669,1965,3996,74.0,42.0,35.0
1789681057.445994,555.031,1965,3996,74.0,42.0,35.0
1789681057.455994,555.031,1965,3996,74.0,42.0,35.0
1789681057.465994,555.031,1965,3996,74.0,42.0,35.0
1789681057.475994,555.031,1965,3996,74.0,42.0,35.0
1789681057.485989,555.031,1965,3996,74.0,42.0,35.0
1789681057.495993,555.031,1965,3996,74.0,42.0,35.0
1789681057.505995,555.031,1965,3996,74.0,42.0,35.0
1789681057.515994,555.031,1965,3996,74.0,42.0,35.0
1789681057.525994,555.031,1965,3996,74.0,42.0,35.0
1789681057.535993,555.031,1965,3996,74.0,42.0,35.0
1789681057.545994,551.321,1965,3996,62.0,35.0,35.0
1789681057.555993,551.321,1965,3996,62.0,35.0,35.0
1789681057.565991,551.321,1965,3996,62.0,35.0,35.0
1789681057.575991,551.321,1965,3996,62.0,35.0,35.0
1789681057.585988,551.321,1965,3996,62.0,35.0,35.0
1789681057.595993,551.321,1965,3996,62.0,35.0,35.0
1789681057.605989,551.321,1965,3996,62.0,35.0,35.0
1789681057.615993,551.321,1965,3996,62.0,35.0,35.0
1789681057.625993,551.321,1965,3996,62.0,35.0,35.0
1789681057.635993,551.321,1965,3996,62.0,35.0,35.0
1789681057.646148,555.332,1965,3996,62.0,35.0,35.0
1789681057.655993,555.332,1965,3996,62.0,35.0,35.0
1789681057.665992,555.332,1965,3996,62.0,35.0,35.0
1789681057.675991,555.332,1965,3996,62.0,35.0,35.0
1789681057.685989,555.332,1965,3996,62.0,35.0,35.0
1789681057.695991,555.332,1965,3996,62.0,35.0,35.0
1789681057.705992,555.332,1965,3996,62.0,35.0,35.0
1789681057.715991,555.332,1965,3996,62.0,35.0,35.0
1789681057.725991,555.332,1965,3996,62.0,35.0,35.0
1789681057.735991,555.332,1965,3996,62.0,35.0,35.0
1789681057.745991,554.755,1965,3996,72.0,40.0,35.0
1789681057.755991,554.755,1965,3996,72.0,40.0,35.0
1789681057.765991,554.755,1965,3996,72.0,40.0,35.0
1789681057.775992,554.755,1965,3996,72.0,40.0,35.0
1789681057.785989,554.755,1965,3996,72.0,40.0,35.0
1789681057.795992,554.755,1965,3996,72.0,40.0,35.0
1789681057.805991,554.755,1965,3996,72.0,40.0,35.0
1789681057.815990,554.755,1965,3996,72.0,40.0,35.0
1789681057.825990,554.755,1965,3996,72.0,40.0,35.0
1789681057.835987,554.755,1965,3996,72.0,40.0,35.0
1789681057.845991,552.872,1965,3996,72.0,40.0,35.0
1789681057.855990,552.872,1965,3996,72.0,40.0,35.0
1789681057.865988,552.872,1965,3996,72.0,40.0,35.0
1789681057.875988,552.872,1965,3996,72.0,40.0,35.0
1789681057.885986,552.872,1965,3996,72.0,40.0,35.0
1789681057.895988,552.872,1965,3996,72.0,40.0,35.0
1789681057.905988,552.872,1965,3996,72.0,40.0,35.0
1789681057.915987,552.872,1965,3996,72.0,40.0,35.0
1789681057.925988,552.872,1965,3996,72.0,40.0,35.0
1789681057.935987,552.872,1965,3996,72.0,40.0,35.0
1789681057.945989,551.699,1965,3996,70.0,39.0,35.0
1789681057.955993,551.699,1965,3996,70.0,39.0,35.0
1789681057.965994,551.699,1965,3996,70.0,39.0,35.0
1789681057.975994,551.699,1965,3996,70.0,39.0,35.0
1789681057.985989,551.699,1965,3996,70.0,39.0,35.0
1789681057.995993,551.699,1965,3996,70.0,39.0,35.0
1789681058.005993,551.699,1965,3996,70.0,39.0,35.0
1789681058.015994,551.699,1965,3996,70.0,39.0,35.0
1789681058.025994,551.699,1965,3996,70.0,39.0,35.0
1789681058.035994,551.699,1965,3996,70.0,39.0,35.0
1789681058.045994,547.607,1965,3996,70.0,39.0,35.0
1789681058.055992,547.607,1965,3996,70.0,39.0,35.0
1789681058.065994,547.607,1965,3996,70.0,39.0,35.0
1789681058.075994,547.607,1965,3996,70.0,39.0,35.0
1789681058.085989,547.607,1965,3996,70.0,39.0,35.0
1789681058.095990,547.607,1965,3996,70.0,39.0,35.0
1789681058.105990,547.607,1965,3996,70.0,39.0,35.0
1789681058.115993,547.607,1965,3996,70.0,39.0,35.0
1789681058.125994,547.607,1965,3996,70.0,39.0,35.0
1789681058.135990,547.607,1965,3996,70.0,39.0,35.0
1789681058.145989,546.569,1965,3996,72.0,40.0,35.0
1789681058.155991,546.569,1965,3996,72.0,40.0,35.0
1789681058.165992,546.569,1965,3996,72.0,40.0,35.0
1789681058.175989,546.569,1965,3996,72.0,40.0,35.0
1789681058.186262,546.569,1965,3996,72.0,40.0,35.0
1789681058.195990,546.569,1965,3996,72.0,40.0,35.0
1789681058.205992,546.569,1965,3996,72.0,40.0,35.0
1789681058.215990,546.569,1965,3996,72.0,40.0,35.0
1789681058.225991,546.569,1965,3996,72.0,40.0,35.0
1789681058.235991,546.569,1965,3996,72.0,40.0,35.0
1789681058.245989,545.550,1965,3996,72.0,40.0,35.0
1789681058.255989,545.550,1965,3996,72.0,40.0,35.0
1789681058.265990,545.550,1965,3996,72.0,40.0,35.0
1789681058.275991,545.550,1965,3996,72.0,40.0,35.0
1789681058.285989,545.550,1965,3996,72.0,40.0,35.0
1789681058.296201,545.550,1965,3996,72.0,40.0,35.0
1789681058.305992,545.550,1965,3996,72.0,40.0,35.0
1789681058.315990,545.550,1965,3996,72.0,40.0,35.0
1789681058.325989,545.550,1965,3996,72.0,40.0,35.0
1789681058.335989,545.550,1965,3996,72.0,40.0,35.0
1789681058.345990,544.740,1965,3996,72.0,40.0,35.0
1789681058.355986,544.740,1965,3996,72.0,40.0,35.0
1789681058.365985,544.740,1965,3996,72.0,40.0,35.0
1789681058.375987,544.740,1965,3996,72.0,40.0,35.0
1789681058.385986,544.740,1965,3996,72.0,40.0,35.0
1789681058.395986,544.740,1965,3996,72.0,40.0,35.0
1789681058.405985,544.740,1965,3996,72.0,40.0,35.0
1789681058.415987,544.740,1965,3996,72.0,40.0,35.0
1789681058.425988,544.740,1965,3996,72.0,40.0,35.0
1789681058.435986,544.740,1965,3996,72.0,40.0,35.0
1789681058.445990,544.736,1965,3996,72.0,40.0,35.0
1789681058.455995,544.736,1965,3996,72.0,40.0,35.0
1789681058.465990,544.736,1965,3996,72.0,40.0,35.0
1789681058.475994,544.736,1965,3996,72.0,40.0,35.0
1789681058.485989,544.736,1965,3996,72.0,40.0,35.0
1789681058.495993,544.736,1965,3996,72.0,40.0,35.0
1789681058.505993,544.736,1965,3996,72.0,40.0,35.0
1789681058.515994,544.736,1965,3996,72.0,40.0,35.0
1789681058.525994,544.736,1965,3996,72.0,40.0,35.0
1789681058.535995,544.736,1965,3996,72.0,40.0,35.0
1789681058.545993,548.284,1965,3996,70.0,39.0,35.0
1789681058.555994,548.284,1965,3996,70.0,39.0,35.0
1789681058.565995,548.284,1965,3996,70.0,39.0,35.0
1789681058.576212,548.284,1965,3996,70.0,39.0,35.0
1789681058.585989,548.284,1965,3996,70.0,39.0,35.0
1789681058.595994,548.284,1965,3996,70.0,39.0,35.0
1789681058.605994,548.284,1965,3996,70.0,39.0,35.0
1789681058.615993,548.284,1965,3996,70.0,39.0,35.0
1789681058.625993,548.284,1965,3996,70.0,39.0,35.0
1789681058.635993,548.284,1965,3996,70.0,39.0,35.0
1789681058.645991,548.127,1965,3996,70.0,39.0,35.0
1789681058.655993,548.127,1965,3996,70.0,39.0,35.0
1789681058.665994,548.127,1965,3996,70.0,39.0,35.0
1789681058.675993,548.127,1965,3996,70.0,39.0,35.0
1789681058.685990,548.127,1965,3996,70.0,39.0,35.0
1789681058.695994,548.127,1965,3996,70.0,39.0,35.0
1789681058.705994,548.127,1965,3996,70.0,39.0,35.0
1789681058.715993,548.127,1965,3996,70.0,39.0,35.0
1789681058.726142,548.127,1965,3996,70.0,39.0,35.0
1789681058.735995,548.127,1965,3996,70.0,39.0,35.0
1789681058.745993,547.454,1965,3996,72.0,40.0,35.0
1789681058.755994,547.454,1965,3996,72.0,40.0,35.0
1789681058.765993,547.454,1965,3996,72.0,40.0,35.0
1789681058.775994,547.454,1965,3996,72.0,40.0,35.0
1789681058.785994,547.454,1965,3996,72.0,40.0,35.0
1789681058.795994,547.454,1965,3996,72.0,40.0,35.0
1789681058.805993,547.454,1965,3996,72.0,40.0,35.0
1789681058.815994,547.454,1965,3996,72.0,40.0,35.0
1789681058.825994,547.454,1965,3996,72.0,40.0,35.0
1789681058.836533,547.454,1965,3996,72.0,40.0,35.0
1789681058.845994,547.263,1965,3996,72.0,40.0,35.0
1789681058.855993,547.263,1965,3996,72.0,40.0,35.0
1789681058.865993,547.263,1965,3996,72.0,40.0,35.0
1789681058.875994,547.263,1965,3996,72.0,40.0,35.0
1789681058.886235,547.263,1965,3996,72.0,40.0,35.0
1789681058.895992,547.263,1965,3996,72.0,40.0,35.0
1789681058.905993,547.263,1965,3996,72.0,40.0,35.0
1789681058.915993,547.263,1965,3996,72.0,40.0,35.0
1789681058.925993,547.263,1965,3996,72.0,40.0,35.0
1789681058.935991,547.263,1965,3996,72.0,40.0,35.0
1789681058.945993,545.488,1965,3996,70.0,39.0,35.0
1789681058.956231,545.488,1965,3996,70.0,39.0,35.0
1789681058.965991,545.488,1965,3996,70.0,39.0,35.0
1789681058.975991,545.488,1965,3996,70.0,39.0,35.0
1789681058.985992,545.488,1965,3996,70.0,39.0,35.0
1789681058.995991,545.488,1965,3996,70.0,39.0,35.0
1789681059.005992,545.488,1965,3996,70.0,39.0,35.0
1789681059.015989,545.488,1965,3996,70.0,39.0,35.0
1789681059.025990,545.488,1965,3996,70.0,39.0,35.0
1789681059.035992,545.488,1965,3996,70.0,39.0,35.0
1789681059.045991,548.350,1965,3996,70.0,39.0,35.0
1789681059.055991,548.350,1965,3996,70.0,39.0,35.0
1789681059.065991,548.350,1965,3996,70.0,39.0,35.0
1789681059.075992,548.350,1965,3996,70.0,39.0,35.0
1789681059.085990,548.350,1965,3996,70.0,39.0,35.0
1789681059.095992,548.350,1965,3996,70.0,39.0,35.0
1789681059.105990,548.350,1965,3996,70.0,39.0,35.0
1789681059.115987,548.350,1965,3996,70.0,39.0,35.0
1789681059.125988,548.350,1965,3996,70.0,39.0,35.0
1789681059.135988,548.350,1965,3996,70.0,39.0,35.0
1789681059.145988,547.890,1965,3996,71.0,40.0,35.0
1789681059.155988,547.890,1965,3996,71.0,40.0,35.0
1789681059.165988,547.890,1965,3996,71.0,40.0,35.0
1789681059.175988,547.890,1965,3996,71.0,40.0,35.0
1789681059.185989,547.890,1965,3996,71.0,40.0,35.0
1789681059.195987,547.890,1965,3996,71.0,40.0,35.0
1789681059.205987,547.890,1965,3996,71.0,40.0,35.0
1789681059.215988,547.890,1965,3996,71.0,40.0,35.0
1789681059.225995,547.890,1965,3996,71.0,40.0,35.0
1789681059.235994,547.890,1965,3996,71.0,40.0,35.0
1789681059.245994,548.952,1965,3996,71.0,40.0,35.0
1789681059.255993,548.952,1965,3996,71.0,40.0,35.0
1789681059.265991,548.952,1965,3996,71.0,40.0,35.0
1789681059.275993,548.952,1965,3996,71.0,40.0,35.0
1789681059.285993,548.952,1965,3996,71.0,40.0,35.0
1789681059.295994,548.952,1965,3996,71.0,40.0,35.0
1789681059.305994,548.952,1965,3996,71.0,40.0,35.0
1789681059.315994,548.952,1965,3996,71.0,40.0,35.0
1789681059.326235,548.952,1965,3996,71.0,40.0,35.0
1789681059.335993,548.952,1965,3996,71.0,40.0,35.0
1789681059.345994,548.017,1965,3996,72.0,40.0,35.0
1789681059.355994,548.017,1965,3996,72.0,40.0,35.0
1789681059.365993,548.017,1965,3996,72.0,40.0,35.0
1789681059.375994,548.017,1965,3996,72.0,40.0,35.0
1789681059.385994,548.017,1965,3996,72.0,40.0,35.0
1789681059.395995,548.017,1965,3996,72.0,40.0,35.0
1789681059.405993,548.017,1965,3996,72.0,40.0,35.0
1789681059.415993,548.017,1965,3996,72.0,40.0,35.0
1789681059.425992,548.017,1965,3996,72.0,40.0,35.0
1789681059.436275,548.017,1965,3996,72.0,40.0,35.0
1789681059.445993,546.940,1965,3996,72.0,40.0,35.0
1789681059.455994,546.940,1965,3996,72.0,40.0,35.0
1789681059.465993,546.940,1965,3996,72.0,40.0,35.0
1789681059.475994,546.940,1965,3996,72.0,40.0,35.0
1789681059.486018,546.940,1965,3996,72.0,40.0,35.0
1789681059.495993,546.940,1965,3996,72.0,40.0,35.0
1789681059.505993,546.940,1965,3996,72.0,40.0,35.0
1789681059.515991,546.940,1965,3996,72.0,40.0,35.0
1789681059.525993,546.940,1965,3996,72.0,40.0,35.0
1789681059.535996,546.940,1965,3996,72.0,40.0,35.0
1789681059.545994,545.740,1965,3996,70.0,39.0,35.0
1789681059.555990,545.740,1965,3996,70.0,39.0,35.0
1789681059.565994,545.740,1965,3996,70.0,39.0,35.0
1789681059.575993,545.740,1965,3996,70.0,39.0,35.0
1789681059.585994,545.740,1965,3996,70.0,39.0,35.0
1789681059.595993,545.740,1965,3996,70.0,39.0,35.0
1789681059.605994,545.740,1965,3996,70.0,39.0,35.0
1789681059.615993,545.740,1965,3996,70.0,39.0,35.0
1789681059.625993,545.740,1965,3996,70.0,39.0,35.0
1789681059.635993,545.740,1965,3996,70.0,39.0,35.0
1789681059.645993,544.564,1965,3996,70.0,39.0,35.0
1789681059.655994,544.564,1965,3996,70.0,39.0,35.0
1789681059.665993,544.564,1965,3996,70.0,39.0,35.0
1789681059.675994,544.564,1965,3996,70.0,39.0,35.0
1789681059.685993,544.564,1965,3996,70.0,39.0,35.0
1789681059.695993,544.564,1965,3996,70.0,39.0,35.0
1789681059.705994,544.564,1965,3996,70.0,39.0,35.0
1789681059.715993,544.564,1965,3996,70.0,39.0,35.0
1789681059.725994,544.564,1965,3996,70.0,39.0,35.0
1789681059.735994,544.564,1965,3996,70.0,39.0,35.0
1789681059.745993,546.192,1965,3996,72.0,40.0,35.0
1789681059.755994,546.192,1965,3996,72.0,40.0,35.0
1789681059.765991,546.192,1965,3996,72.0,40.0,35.0
1789681059.775993,546.192,1965,3996,72.0,40.0,35.0
1789681059.785993,546.192,1965,3996,72.0,40.0,35.0
1789681059.795994,546.192,1965,3996,72.0,40.0,35.0
1789681059.805990,546.192,1965,3996,72.0,40.0,35.0
1789681059.815994,546.192,1965,3996,72.0,40.0,35.0
1789681059.825994,546.192,1965,3996,72.0,40.0,35.0
1789681059.835994,546.192,1965,3996,72.0,40.0,35.0
1789681059.845994,548.750,1965,3996,72.0,40.0,35.0
1789681059.855996,548.750,1965,3996,72.0,40.0,35.0
1789681059.865994,548.750,1965,3996,72.0,40.0,35.0
1789681059.875994,548.750,1965,3996,72.0,40.0,35.0
1789681059.885994,548.750,1965,3996,72.0,40.0,35.0
1789681059.895994,548.750,1965,3996,72.0,40.0,35.0
1789681059.905993,548.750,1965,3996,72.0,40.0,35.0
1789681059.915993,548.750,1965,3996,72.0,40.0,35.0
1789681059.925993,548.750,1965,3996,72.0,40.0,35.0
1789681059.935994,548.750,1965,3996,72.0,40.0,35.0
1789681059.945994,551.387,1965,3996,73.0,40.0,35.0
1789681059.955994,551.387,1965,3996,73.0,40.0,35.0
1789681059.965994,551.387,1965,3996,73.0,40.0,35.0
1789681059.975994,551.387,1965,3996,73.0,40.0,35.0
1789681059.986448,551.387,1965,3996,73.0,40.0,35.0
1789681059.995995,551.387,1965,3996,73.0,40.0,35.0
1789681060.005993,551.387,1965,3996,73.0,40.0,35.0
1789681060.015990,551.387,1965,3996,73.0,40.0,35.0
1789681060.026248,551.387,1965,3996,73.0,40.0,35.0
1789681060.035995,551.387,1965,3996,73.0,40.0,35.0
1789681060.045995,549.465,1965,3996,73.0,40.0,35.0
1789681060.055991,549.465,1965,3996,73.0,40.0,35.0
1789681060.065996,549.465,1965,3996,73.0,40.0,35.0
1789681060.075995,549.465,1965,3996,73.0,40.0,35.0
1789681060.085995,549.465,1965,3996,73.0,40.0,35.0
1789681060.096118,549.465,1965,3996,73.0,40.0,35.0
1789681060.105995,549.465,1965,3996,73.0,40.0,35.0
1789681060.115992,549.465,1965,3996,73.0,40.0,35.0
1789681060.125993,549.465,1965,3996,73.0,40.0,35.0
1789681060.135992,549.465,1965,3996,73.0,40.0,35.0
1789681060.145993,549.285,1965,3996,71.0,40.0,35.0
1789681060.155992,549.285,1965,3996,71.0,40.0,35.0
1789681060.165993,549.285,1965,3996,71.0,40.0,35.0
1789681060.176447,549.285,1965,3996,71.0,40.0,35.0
1789681060.185993,549.285,1965,3996,71.0,40.0,35.0
1789681060.195992,549.285,1965,3996,71.0,40.0,35.0
1789681060.205993,549.285,1965,3996,71.0,40.0,35.0
1789681060.215993,549.285,1965,3996,71.0,40.0,35.0
1789681060.225993,549.285,1965,3996,71.0,40.0,35.0
1789681060.235991,549.285,1965,3996,71.0,40.0,35.0
1789681060.245991,549.780,1965,3996,71.0,40.0,36.0
1789681060.255991,549.780,1965,3996,71.0,40.0,36.0
1789681060.265992,549.780,1965,3996,71.0,40.0,36.0
1789681060.275992,549.780,1965,3996,71.0,40.0,36.0
1789681060.285992,549.780,1965,3996,71.0,40.0,36.0
1789681060.295991,549.780,1965,3996,71.0,40.0,36.0
1789681060.305991,549.780,1965,3996,71.0,40.0,36.0
1789681060.315991,549.780,1965,3996,71.0,40.0,36.0
1789681060.325992,549.780,1965,3996,71.0,40.0,36.0
1789681060.335991,549.780,1965,3996,71.0,40.0,36.0
1789681060.345991,548.918,1965,3996,69.0,38.0,35.0
1789681060.355990,548.918,1965,3996,69.0,38.0,35.0
1789681060.365991,548.918,1965,3996,69.0,38.0,35.0
1789681060.375992,548.918,1965,3996,69.0,38.0,35.0
1789681060.385987,548.918,1965,3996,69.0,38.0,35.0
1789681060.395991,548.918,1965,3996,69.0,38.0,35.0
1789681060.405987,548.918,1965,3996,69.0,38.0,35.0
1789681060.415987,548.918,1965,3996,69.0,38.0,35.0
1789681060.425987,548.918,1965,3996,69.0,38.0,35.0
1789681060.435987,548.918,1965,3996,69.0,38.0,35.0
1789681060.445987,548.820,1965,3996,69.0,38.0,36.0
1789681060.455988,548.820,1965,3996,69.0,38.0,36.0
1789681060.465988,548.820,1965,3996,69.0,38.0,36.0
1789681060.475987,548.820,1965,3996,69.0,38.0,36.0
1789681060.485987,548.820,1965,3996,69.0,38.0,36.0
1789681060.495987,548.820,1965,3996,69.0,38.0,36.0
1789681060.505993,548.820,1965,3996,69.0,38.0,36.0
1789681060.515994,548.820,1965,3996,69.0,38.0,36.0
1789681060.525995,548.820,1965,3996,69.0,38.0,36.0
1789681060.535994,548.820,1965,3996,69.0,38.0,36.0
1789681060.545994,547.471,1965,3996,69.0,38.0,36.0
1789681060.555993,547.471,1965,3996,69.0,38.0,36.0
1789681060.565994,547.471,1965,3996,69.0,38.0,36.0
1789681060.575993,547.471,1965,3996,69.0,38.0,36.0
1789681060.585994,547.471,1965,3996,69.0,38.0,36.0
1789681060.595994,547.471,1965,3996,69.0,38.0,36.0
1789681060.605994,547.471,1965,3996,69.0,38.0,36.0
1789681060.616210,547.471,1965,3996,69.0,38.0,36.0
1789681060.625996,547.471,1965,3996,69.0,38.0,36.0
1789681060.635995,547.471,1965,3996,69.0,38.0,36.0
1789681060.645995,548.154,1965,3996,69.0,38.0,36.0
1789681060.655994,548.154,1965,3996,69.0,38.0,36.0
1789681060.665994,548.154,1965,3996,69.0,38.0,36.0
1789681060.675994,548.154,1965,3996,69.0,38.0,36.0
1789681060.685990,548.154,1965,3996,69.0,38.0,36.0
1789681060.695995,548.154,1965,3996,69.0,38.0,36.0
1789681060.705994,548.154,1965,3996,69.0,38.0,36.0
1789681060.715990,548.154,1965,3996,69.0,38.0,36.0
1789681060.725989,548.154,1965,3996,69.0,38.0,36.0
1789681060.735994,548.154,1965,3996,69.0,38.0,36.0
1789681060.745994,547.573,1965,3996,72.0,40.0,36.0
1789681060.755991,547.573,1965,3996,72.0,40.0,36.0
1789681060.765992,547.573,1965,3996,72.0,40.0,36.0
1789681060.775994,547.573,1965,3996,72.0,40.0,36.0
1789681060.785994,547.573,1965,3996,72.0,40.0,36.0
1789681060.795990,547.573,1965,3996,72.0,40.0,36.0
1789681060.805989,547.573,1965,3996,72.0,40.0,36.0
1789681060.815995,547.573,1965,3996,72.0,40.0,36.0
1789681060.825991,547.573,1965,3996,72.0,40.0,36.0
1789681060.835989,547.573,1965,3996,72.0,40.0,36.0
1789681060.845990,547.632,1965,3996,72.0,40.0,36.0
1789681060.855995,547.632,1965,3996,72.0,40.0,36.0
1789681060.865994,547.632,1965,3996,72.0,40.0,36.0
1789681060.875990,547.632,1965,3996,72.0,40.0,36.0
1789681060.886250,547.632,1965,3996,72.0,40.0,36.0
1789681060.895994,547.632,1965,3996,72.0,40.0,36.0
1789681060.905994,547.632,1965,3996,72.0,40.0,36.0
1789681060.915991,547.632,1965,3996,72.0,40.0,36.0
1789681060.925989,547.632,1965,3996,72.0,40.0,36.0
1789681060.935994,547.632,1965,3996,72.0,40.0,36.0
1789681060.945994,546.521,1965,3996,73.0,40.0,36.0
1789681060.955990,546.521,1965,3996,73.0,40.0,36.0
1789681060.965993,546.521,1965,3996,73.0,40.0,36.0
1789681060.975990,546.521,1965,3996,73.0,40.0,36.0
1789681060.985989,546.521,1965,3996,73.0,40.0,36.0
1789681060.995994,546.521,1965,3996,73.0,40.0,36.0
1789681061.005993,546.521,1965,3996,73.0,40.0,36.0
1789681061.015990,546.521,1965,3996,73.0,40.0,36.0
1789681061.025993,546.521,1965,3996,73.0,40.0,36.0
1789681061.035993,546.521,1965,3996,73.0,40.0,36.0
1789681061.045991,548.804,1965,3996,73.0,40.0,36.0
1789681061.055989,548.804,1965,3996,73.0,40.0,36.0
1789681061.065994,548.804,1965,3996,73.0,40.0,36.0
1789681061.075994,548.804,1965,3996,73.0,40.0,36.0
1789681061.085991,548.804,1965,3996,73.0,40.0,36.0
1789681061.095990,548.804,1965,3996,73.0,40.0,36.0
1789681061.105996,548.804,1965,3996,73.0,40.0,36.0
1789681061.115993,548.804,1965,3996,73.0,40.0,36.0
1789681061.125991,548.804,1965,3996,73.0,40.0,36.0
1789681061.135989,548.804,1965,3996,73.0,40.0,36.0
1789681061.145994,548.931,1965,3996,72.0,39.0,36.0
1789681061.155994,548.931,1965,3996,72.0,39.0,36.0
1789681061.165990,548.931,1965,3996,72.0,39.0,36.0
1789681061.175989,548.931,1965,3996,72.0,39.0,36.0
1789681061.185994,548.931,1965,3996,72.0,39.0,36.0
1789681061.195994,548.931,1965,3996,72.0,39.0,36.0
1789681061.205990,548.931,1965,3996,72.0,39.0,36.0
1789681061.215990,548.931,1965,3996,72.0,39.0,36.0
1789681061.225994,548.931,1965,3996,72.0,39.0,36.0
1789681061.235994,548.931,1965,3996,72.0,39.0,36.0
1789681061.245990,548.108,1965,3996,72.0,39.0,36.0
1789681061.255990,548.108,1965,3996,72.0,39.0,36.0
1789681061.265993,548.108,1965,3996,72.0,39.0,36.0
1789681061.275994,548.108,1965,3996,72.0,39.0,36.0
1789681061.285990,548.108,1965,3996,72.0,39.0,36.0
1789681061.295990,548.108,1965,3996,72.0,39.0,36.0
1789681061.305994,548.108,1965,3996,72.0,39.0,36.0
1789681061.315994,548.108,1965,3996,72.0,39.0,36.0
1789681061.325992,548.108,1965,3996,72.0,39.0,36.0
1789681061.335989,548.108,1965,3996,72.0,39.0,36.0
1789681061.345994,548.974,1965,3996,72.0,40.0,36.0
1789681061.355994,548.974,1965,3996,72.0,40.0,36.0
1789681061.365991,548.974,1965,3996,72.0,40.0,36.0
1789681061.375989,548.974,1965,3996,72.0,40.0,36.0
1789681061.385994,548.974,1965,3996,72.0,40.0,36.0
1789681061.395993,548.974,1965,3996,72.0,40.0,36.0
1789681061.405990,548.974,1965,3996,72.0,40.0,36.0
1789681061.415989,548.974,1965,3996,72.0,40.0,36.0
1789681061.425993,548.974,1965,3996,72.0,40.0,36.0
1789681061.435993,548.974,1965,3996,72.0,40.0,36.0
1789681061.445990,549.406,1965,3996,72.0,40.0,36.0
1789681061.455989,549.406,1965,3996,72.0,40.0,36.0
1789681061.465994,549.406,1965,3996,72.0,40.0,36.0
1789681061.475993,549.406,1965,3996,72.0,40.0,36.0
1789681061.485990,549.406,1965,3996,72.0,40.0,36.0
1789681061.495989,549.406,1965,3996,72.0,40.0,36.0
1789681061.505993,549.406,1965,3996,72.0,40.0,36.0
1789681061.515994,549.406,1965,3996,72.0,40.0,36.0
1789681061.525991,549.406,1965,3996,72.0,40.0,36.0
1789681061.536296,549.406,1965,3996,72.0,40.0,36.0
1789681061.545994,551.284,1965,3996,72.0,40.0,36.0
1789681061.555994,551.284,1965,3996,72.0,40.0,36.0
1789681061.565989,551.284,1965,3996,72.0,40.0,36.0
1789681061.576178,551.284,1965,3996,72.0,40.0,36.0
1789681061.585994,551.284,1965,3996,72.0,40.0,36.0
1789681061.595989,551.284,1965,3996,72.0,40.0,36.0
1789681061.606261,551.284,1965,3996,72.0,40.0,36.0
1789681061.615992,551.284,1965,3996,72.0,40.0,36.0
1789681061.625990,551.284,1965,3996,72.0,40.0,36.0
1789681061.635990,551.284,1965,3996,72.0,40.0,36.0
1789681061.645993,552.571,1965,3996,72.0,40.0,36.0
1789681061.655994,552.571,1965,3996,72.0,40.0,36.0
1789681061.665992,552.571,1965,3996,72.0,40.0,36.0
1789681061.675990,552.571,1965,3996,72.0,40.0,36.0
1789681061.685993,552.571,1965,3996,72.0,40.0,36.0
1789681061.695992,552.571,1965,3996,72.0,40.0,36.0
1789681061.705990,552.571,1965,3996,72.0,40.0,36.0
1789681061.715990,552.571,1965,3996,72.0,40.0,36.0
1789681061.725992,552.571,1965,3996,72.0,40.0,36.0
1789681061.735991,552.571,1965,3996,72.0,40.0,36.0
1789681061.745989,551.558,1965,3996,72.0,40.0,36.0
1789681061.755989,551.558,1965,3996,72.0,40.0,36.0
1789681061.765993,551.558,1965,3996,72.0,40.0,36.0
1789681061.775990,551.558,1965,3996,72.0,40.0,36.0
1789681061.785990,551.558,1965,3996,72.0,40.0,36.0
1789681061.795991,551.558,1965,3996,72.0,40.0,36.0
1789681061.805992,551.558,1965,3996,72.0,40.0,36.0
1789681061.815989,551.558,1965,3996,72.0,40.0,36.0
1789681061.825989,551.558,1965,3996,72.0,40.0,36.0
1789681061.836184,551.558,1965,3996,72.0,40.0,36.0
1789681061.845992,551.833,1965,3996,72.0,40.0,36.0
1789681061.855989,551.833,1965,3996,72.0,40.0,36.0
1789681061.865988,551.833,1965,3996,72.0,40.0,36.0
1789681061.875990,551.833,1965,3996,72.0,40.0,36.0
1789681061.885988,551.833,1965,3996,72.0,40.0,36.0
1789681061.895986,551.833,1965,3996,72.0,40.0,36.0
1789681061.905985,551.833,1965,3996,72.0,40.0,36.0
1789681061.915987,551.833,1965,3996,72.0,40.0,36.0
1789681061.925988,551.833,1965,3996,72.0,40.0,36.0
1789681061.935986,551.833,1965,3996,72.0,40.0,36.0
1789681061.945989,552.743,1965,3996,72.0,40.0,36.0
1789681061.955988,552.743,1965,3996,72.0,40.0,36.0
1789681061.965986,552.743,1965,3996,72.0,40.0,36.0
1789681061.975990,552.743,1965,3996,72.0,40.0,36.0
1789681061.985993,552.743,1965,3996,72.0,40.0,36.0
1789681061.995994,552.743,1965,3996,72.0,40.0,36.0
1789681062.005990,552.743,1965,3996,72.0,40.0,36.0
1789681062.015989,552.743,1965,3996,72.0,40.0,36.0
1789681062.025995,552.743,1965,3996,72.0,40.0,36.0
1789681062.035990,552.743,1965,3996,72.0,40.0,36.0
1789681062.045990,551.526,1965,3996,72.0,40.0,36.0
1789681062.055994,551.526,1965,3996,72.0,40.0,36.0
1789681062.065994,551.526,1965,3996,72.0,40.0,36.0
1789681062.075990,551.526,1965,3996,72.0,40.0,36.0
1789681062.085990,551.526,1965,3996,72.0,40.0,36.0
1789681062.095994,551.526,1965,3996,72.0,40.0,36.0
1789681062.105995,551.526,1965,3996,72.0,40.0,36.0
1789681062.115991,551.526,1965,3996,72.0,40.0,36.0
1789681062.125994,551.526,1965,3996,72.0,40.0,36.0
1789681062.135994,551.526,1965,3996,72.0,40.0,36.0
1789681062.145990,551.652,1965,3996,72.0,40.0,36.0
1789681062.155989,551.652,1965,3996,72.0,40.0,36.0
1789681062.165994,551.652,1965,3996,72.0,40.0,36.0
1789681062.175994,551.652,1965,3996,72.0,40.0,36.0
1789681062.185993,551.652,1965,3996,72.0,40.0,36.0
1789681062.195990,551.652,1965,3996,72.0,40.0,36.0
1789681062.205989,551.652,1965,3996,72.0,40.0,36.0
1789681062.215993,551.652,1965,3996,72.0,40.0,36.0
1789681062.225994,551.652,1965,3996,72.0,40.0,36.0
1789681062.235990,551.652,1965,3996,72.0,40.0,36.0
1789681062.245993,549.631,1965,3996,72.0,40.0,36.0
1789681062.255994,549.631,1965,3996,72.0,40.0,36.0
1789681062.265993,549.631,1965,3996,72.0,40.0,36.0
1789681062.275994,549.631,1965,3996,72.0,40.0,36.0
1789681062.285992,549.631,1965,3996,72.0,40.0,36.0
1789681062.295993,549.631,1965,3996,72.0,40.0,36.0
1789681062.305994,549.631,1965,3996,72.0,40.0,36.0
1789681062.316214,549.631,1965,3996,72.0,40.0,36.0
1789681062.325993,549.631,1965,3996,72.0,40.0,36.0
1789681062.335993,549.631,1965,3996,72.0,40.0,36.0
1789681062.345994,548.537,1965,3996,72.0,40.0,36.0
1789681062.355994,548.537,1965,3996,72.0,40.0,36.0
1789681062.365993,548.537,1965,3996,72.0,40.0,36.0
1789681062.375993,548.537,1965,3996,72.0,40.0,36.0
1789681062.385993,548.537,1965,3996,72.0,40.0,36.0
1789681062.395993,548.537,1965,3996,72.0,40.0,36.0
1789681062.405993,548.537,1965,3996,72.0,40.0,36.0
1789681062.415993,548.537,1965,3996,72.0,40.0,36.0
1789681062.425993,548.537,1965,3996,72.0,40.0,36.0
1789681062.435993,548.537,1965,3996,72.0,40.0,36.0
1789681062.446199,549.168,1965,3996,72.0,40.0,36.0
1789681062.455994,549.168,1965,3996,72.0,40.0,36.0
1789681062.465994,549.168,1965,3996,72.0,40.0,36.0
1789681062.475994,549.168,1965,3996,72.0,40.0,36.0
1789681062.485993,549.168,1965,3996,72.0,40.0,36.0
1789681062.495994,549.168,1965,3996,72.0,40.0,36.0
1789681062.505995,549.168,1965,3996,72.0,40.0,36.0
1789681062.515994,549.168,1965,3996,72.0,40.0,36.0
1789681062.525994,549.168,1965,3996,72.0,40.0,36.0
1789681062.535993,549.168,1965,3996,72.0,40.0,36.0
1789681062.545994,547.933,1965,3996,72.0,40.0,36.0
1789681062.555994,547.933,1965,3996,72.0,40.0,36.0
1789681062.565993,547.933,1965,3996,72.0,40.0,36.0
1789681062.575993,547.933,1965,3996,72.0,40.0,36.0
1789681062.585993,547.933,1965,3996,72.0,40.0,36.0
1789681062.595993,547.933,1965,3996,72.0,40.0,36.0
1789681062.605992,547.933,1965,3996,72.0,40.0,36.0
1789681062.615994,547.933,1965,3996,72.0,40.0,36.0
1789681062.625993,547.933,1965,3996,72.0,40.0,36.0
1789681062.635994,547.933,1965,3996,72.0,40.0,36.0
1789681062.645994,547.037,1965,3996,72.0,40.0,36.0
1789681062.656196,547.037,1965,3996,72.0,40.0,36.0
1789681062.665994,547.037,1965,3996,72.0,40.0,36.0
1789681062.675994,547.037,1965,3996,72.0,40.0,36.0
1789681062.685993,547.037,1965,3996,72.0,40.0,36.0
1789681062.695994,547.037,1965,3996,72.0,40.0,36.0
1789681062.705993,547.037,1965,3996,72.0,40.0,36.0
1789681062.715993,547.037,1965,3996,72.0,40.0,36.0
1789681062.725993,547.037,1965,3996,72.0,40.0,36.0
1789681062.735994,547.037,1965,3996,72.0,40.0,36.0
1789681062.745991,547.045,1965,3996,71.0,40.0,36.0
1789681062.755993,547.045,1965,3996,71.0,40.0,36.0
1789681062.765993,547.045,1965,3996,71.0,40.0,36.0
1789681062.775994,547.045,1965,3996,71.0,40.0,36.0
1789681062.785993,547.045,1965,3996,71.0,40.0,36.0
1789681062.795993,547.045,1965,3996,71.0,40.0,36.0
1789681062.805995,547.045,1965,3996,71.0,40.0,36.0
1789681062.815994,547.045,1965,3996,71.0,40.0,36.0
1789681062.825994,547.045,1965,3996,71.0,40.0,36.0
1789681062.835994,547.045,1965,3996,71.0,40.0,36.0
1789681062.845990,545.661,1965,3996,71.0,40.0,36.0
1789681062.855991,545.661,1965,3996,71.0,40.0,36.0
1789681062.865994,545.661,1965,3996,71.0,40.0,36.0
1789681062.875992,545.661,1965,3996,71.0,40.0,36.0
1789681062.885993,545.661,1965,3996,71.0,40.0,36.0
1789681062.895992,545.661,1965,3996,71.0,40.0,36.0
1789681062.905993,545.661,1965,3996,71.0,40.0,36.0
1789681062.915993,545.661,1965,3996,71.0,40.0,36.0
1789681062.925994,545.661,1965,3996,71.0,40.0,36.0
1789681062.935993,545.661,1965,3996,71.0,40.0,36.0
1789681062.945991,545.109,1965,3996,70.0,39.0,36.0
1789681062.955991,545.109,1965,3996,70.0,39.0,36.0
1789681062.965990,545.109,1965,3996,70.0,39.0,36.0
1789681062.976203,545.109,1965,3996,70.0,39.0,36.0
1789681062.985992,545.109,1965,3996,70.0,39.0,36.0
1789681062.995991,545.109,1965,3996,70.0,39.0,36.0
1789681063.005991,545.109,1965,3996,70.0,39.0,36.0
1789681063.015991,545.109,1965,3996,70.0,39.0,36.0
1789681063.025991,545.109,1965,3996,70.0,39.0,36.0
1789681063.035992,545.109,1965,3996,70.0,39.0,36.0
1789681063.045991,546.231,1965,3996,70.0,39.0,36.0
1789681063.055991,546.231,1965,3996,70.0,39.0,36.0
1789681063.065992,546.231,1965,3996,70.0,39.0,36.0
1789681063.075991,546.231,1965,3996,70.0,39.0,36.0
1789681063.085990,546.231,1965,3996,70.0,39.0,36.0
1789681063.095990,546.231,1965,3996,70.0,39.0,36.0
1789681063.105991,546.231,1965,3996,70.0,39.0,36.0
1789681063.115992,546.231,1965,3996,70.0,39.0,36.0
1789681063.125991,546.231,1965,3996,70.0,39.0,36.0
1789681063.135991,546.231,1965,3996,70.0,39.0,36.0
1789681063.145991,546.392,1965,3996,72.0,40.0,36.0
1789681063.155992,546.392,1965,3996,72.0,40.0,36.0
1789681063.165990,546.392,1965,3996,72.0,40.0,36.0
1789681063.175991,546.392,1965,3996,72.0,40.0,36.0
1789681063.185987,546.392,1965,3996,72.0,40.0,36.0
1789681063.195988,546.392,1965,3996,72.0,40.0,36.0
1789681063.205987,546.392,1965,3996,72.0,40.0,36.0
1789681063.215987,546.392,1965,3996,72.0,40.0,36.0
1789681063.225986,546.392,1965,3996,72.0,40.0,36.0
1789681063.235988,546.392,1965,3996,72.0,40.0,36.0
1789681063.245987,548.413,1965,3996,72.0,40.0,36.0
1789681063.255985,548.413,1965,3996,72.0,40.0,36.0
1789681063.265986,548.413,1965,3996,72.0,40.0,36.0
1789681063.275987,548.413,1965,3996,72.0,40.0,36.0
1789681063.285988,548.413,1965,3996,72.0,40.0,36.0
1789681063.295985,548.413,1965,3996,72.0,40.0,36.0
1789681063.305990,548.413,1965,3996,72.0,40.0,36.0
1789681063.315991,548.413,1965,3996,72.0,40.0,36.0
1789681063.325992,548.413,1965,3996,72.0,40.0,36.0
1789681063.335989,548.413,1965,3996,72.0,40.0,36.0
1789681063.346553,550.278,1965,3996,72.0,40.0,36.0
1789681063.356057,550.278,1965,3996,72.0,40.0,36.0
1789681063.365999,550.278,1965,3996,72.0,40.0,36.0
1789681063.375995,550.278,1965,3996,72.0,40.0,36.0
1789681063.385996,550.278,1965,3996,72.0,40.0,36.0
1789681063.396001,550.278,1965,3996,72.0,40.0,36.0
1789681063.406037,550.278,1965,3996,72.0,40.0,36.0
1789681063.415998,550.278,1965,3996,72.0,40.0,36.0
1789681063.425997,550.278,1965,3996,72.0,40.0,36.0
1789681063.435991,550.278,1965,3996,72.0,40.0,36.0
1789681063.445998,549.375,1965,3996,72.0,40.0,36.0
1789681063.456002,549.375,1965,3996,72.0,40.0,36.0
1789681063.465995,549.375,1965,3996,72.0,40.0,36.0
1789681063.476011,549.375,1965,3996,72.0,40.0,36.0
1789681063.486003,549.375,1965,3996,72.0,40.0,36.0
1789681063.495996,549.375,1965,3996,72.0,40.0,36.0
1789681063.505991,549.375,1965,3996,72.0,40.0,36.0
1789681063.515994,549.375,1965,3996,72.0,40.0,36.0
1789681063.526039,549.375,1965,3996,72.0,40.0,36.0
1789681063.536000,549.375,1965,3996,72.0,40.0,36.0
1789681063.546016,550.973,1965,3996,71.0,39.0,36.0
1789681063.556029,550.973,1965,3996,71.0,39.0,36.0
1789681063.566042,550.973,1965,3996,71.0,39.0,36.0
1789681063.576025,550.973,1965,3996,71.0,39.0,36.0
1789681063.585992,550.973,1965,3996,71.0,39.0,36.0
1789681063.596013,550.973,1965,3996,71.0,39.0,36.0
1789681063.605996,550.973,1965,3996,71.0,39.0,36.0
1789681063.616020,550.973,1965,3996,71.0,39.0,36.0
1789681063.626060,550.973,1965,3996,71.0,39.0,36.0
1789681063.635997,550.973,1965,3996,71.0,39.0,36.0
1789681063.646021,548.270,1965,3996,71.0,39.0,36.0
1789681063.656014,548.270,1965,3996,71.0,39.0,36.0
1789681063.665998,548.270,1965,3996,71.0,39.0,36.0
1789681063.676002,548.270,1965,3996,71.0,39.0,36.0
1789681063.685997,548.270,1965,3996,71.0,39.0,36.0
1789681063.695999,548.270,1965,3996,71.0,39.0,36.0
1789681063.705992,548.270,1965,3996,71.0,39.0,36.0
1789681063.715996,548.270,1965,3996,71.0,39.0,36.0
1789681063.725999,548.270,1965,3996,71.0,39.0,36.0
1789681063.736212,548.270,1965,3996,71.0,39.0,36.0
1789681063.745997,546.436,1965,3996,68.0,37.0,36.0
1789681063.756000,546.436,1965,3996,68.0,37.0,36.0
1789681063.765995,546.436,1965,3996,68.0,37.0,36.0
1789681063.775987,546.436,1965,3996,68.0,37.0,36.0
1789681063.786012,546.436,1965,3996,68.0,37.0,36.0
1789681063.796086,546.436,1965,3996,68.0,37.0,36.0
1789681063.806039,546.436,1965,3996,68.0,37.0,36.0
1789681063.816003,546.436,1965,3996,68.0,37.0,36.0
1789681063.825997,546.436,1965,3996,68.0,37.0,36.0
1789681063.835999,546.436,1965,3996,68.0,37.0,36.0
1789681063.846289,546.514,1965,3996,68.0,37.0,36.0
1789681063.856028,546.514,1965,3996,68.0,37.0,36.0
1789681063.866011,546.514,1965,3996,68.0,37.0,36.0
1789681063.876004,546.514,1965,3996,68.0,37.0,36.0
1789681063.885998,546.514,1965,3996,68.0,37.0,36.0
1789681063.896255,546.514,1965,3996,68.0,37.0,36.0
1789681063.906006,546.514,1965,3996,68.0,37.0,36.0
1789681063.915999,546.514,1965,3996,68.0,37.0,36.0
1789681063.925989,546.514,1965,3996,68.0,37.0,36.0
1789681063.935990,546.514,1965,3996,68.0,37.0,36.0
1789681063.945990,545.815,1965,3996,69.0,38.0,36.0
1789681063.955990,545.815,1965,3996,69.0,38.0,36.0
1789681063.965990,545.815,1965,3996,69.0,38.0,36.0
1789681063.975990,545.815,1965,3996,69.0,38.0,36.0
1789681063.985990,545.815,1965,3996,69.0,38.0,36.0
1789681063.995990,545.815,1965,3996,69.0,38.0,36.0
1789681064.005989,545.815,1965,3996,69.0,38.0,36.0
1789681064.015990,545.815,1965,3996,69.0,38.0,36.0
1789681064.025989,545.815,1965,3996,69.0,38.0,36.0
1789681064.035989,545.815,1965,3996,69.0,38.0,36.0
1789681064.045990,545.049,1965,3996,69.0,38.0,36.0
1789681064.055989,545.049,1965,3996,69.0,38.0,36.0
1789681064.065958,545.049,1965,3996,69.0,38.0,36.0
1789681064.075990,545.049,1965,3996,69.0,38.0,36.0
1789681064.085993,545.049,1965,3996,69.0,38.0,36.0
1789681064.095994,545.049,1965,3996,69.0,38.0,36.0
1789681064.105991,545.049,1965,3996,69.0,38.0,36.0
1789681064.115989,545.049,1965,3996,69.0,38.0,36.0
1789681064.125993,545.049,1965,3996,69.0,38.0,36.0
1789681064.135993,545.049,1965,3996,69.0,38.0,36.0
1789681064.145990,541.795,1965,3996,68.0,38.0,36.0
1789681064.155994,541.795,1965,3996,68.0,38.0,36.0
1789681064.165994,541.795,1965,3996,68.0,38.0,36.0
1789681064.175991,541.795,1965,3996,68.0,38.0,36.0
1789681064.185992,541.795,1965,3996,68.0,38.0,36.0
1789681064.195995,541.795,1965,3996,68.0,38.0,36.0
1789681064.205990,541.795,1965,3996,68.0,38.0,36.0
1789681064.215990,541.795,1965,3996,68.0,38.0,36.0
1789681064.225993,541.795,1965,3996,68.0,38.0,36.0
1789681064.235994,541.795,1965,3996,68.0,38.0,36.0
1789681064.245990,541.668,1965,3996,68.0,38.0,36.0
1789681064.255991,541.668,1965,3996,68.0,38.0,36.0
1789681064.265993,541.668,1965,3996,68.0,38.0,36.0
1789681064.275990,541.668,1965,3996,68.0,38.0,36.0
1789681064.285990,541.668,1965,3996,68.0,38.0,36.0
1789681064.296184,541.668,1965,3996,68.0,38.0,36.0
1789681064.305992,541.668,1965,3996,68.0,38.0,36.0
1789681064.315990,541.668,1965,3996,68.0,38.0,36.0
1789681064.325989,541.668,1965,3996,68.0,38.0,36.0
1789681064.335994,541.668,1965,3996,68.0,38.0,36.0
1789681064.345993,541.540,1965,3996,71.0,40.0,36.0
1789681064.355990,541.540,1965,3996,71.0,40.0,36.0
1789681064.365989,541.540,1965,3996,71.0,40.0,36.0
1789681064.375993,541.540,1965,3996,71.0,40.0,36.0
1789681064.385990,541.540,1965,3996,71.0,40.0,36.0
1789681064.395989,541.540,1965,3996,71.0,40.0,36.0
1789681064.405992,541.540,1965,3996,71.0,40.0,36.0
1789681064.415991,541.540,1965,3996,71.0,40.0,36.0
1789681064.425990,541.540,1965,3996,71.0,40.0,36.0
1789681064.435989,541.540,1965,3996,71.0,40.0,36.0
1789681064.445992,541.106,1965,3996,71.0,40.0,36.0
1789681064.455990,541.106,1965,3996,71.0,40.0,36.0
1789681064.465993,541.106,1965,3996,71.0,40.0,36.0
1789681064.475988,541.106,1965,3996,71.0,40.0,36.0
1789681064.485994,541.106,1965,3996,71.0,40.0,36.0
1789681064.495989,541.106,1965,3996,71.0,40.0,36.0
1789681064.505989,541.106,1965,3996,71.0,40.0,36.0
1789681064.515990,541.106,1965,3996,71.0,40.0,36.0
1789681064.525990,541.106,1965,3996,71.0,40.0,36.0
1789681064.535990,541.106,1965,3996,71.0,40.0,36.0
1789681064.545989,540.998,1965,3996,71.0,40.0,36.0
1789681064.555990,540.998,1965,3996,71.0,40.0,36.0
1789681064.565991,540.998,1965,3996,71.0,40.0,36.0
1789681064.575989,540.998,1965,3996,71.0,40.0,36.0
1789681064.585984,540.998,1965,3996,71.0,40.0,36.0
1789681064.595992,540.998,1965,3996,71.0,40.0,36.0
1789681064.605989,540.998,1965,3996,71.0,40.0,36.0
1789681064.615991,540.998,1965,3996,71.0,40.0,36.0
1789681064.625992,540.998,1965,3996,71.0,40.0,36.0
1789681064.635989,540.998,1965,3996,71.0,40.0,36.0
1789681064.645989,542.890,1965,3996,71.0,40.0,36.0
1789681064.655991,542.890,1965,3996,71.0,40.0,36.0
1789681064.665990,542.890,1965,3996,71.0,40.0,36.0
1789681064.675989,542.890,1965,3996,71.0,40.0,36.0
1789681064.685987,542.890,1965,3996,71.0,40.0,36.0
1789681064.695988,542.890,1965,3996,71.0,40.0,36.0
1789681064.705985,542.890,1965,3996,71.0,40.0,36.0
1789681064.715986,542.890,1965,3996,71.0,40.0,36.0
1789681064.725989,542.890,1965,3996,71.0,40.0,36.0
1789681064.736246,542.890,1965,3996,71.0,40.0,36.0
1789681064.745988,544.717,1965,3996,71.0,39.0,36.0
1789681064.755986,544.717,1965,3996,71.0,39.0,36.0
1789681064.765985,544.717,1965,3996,71.0,39.0,36.0
1789681064.775987,544.717,1965,3996,71.0,39.0,36.0
1789681064.785989,544.717,1965,3996,71.0,39.0,36.0
1789681064.795990,544.717,1965,3996,71.0,39.0,36.0
1789681064.805989,544.717,1965,3996,71.0,39.0,36.0
1789681064.815995,544.717,1965,3996,71.0,39.0,36.0
1789681064.825994,544.717,1965,3996,71.0,39.0,36.0
1789681064.835990,544.717,1965,3996,71.0,39.0,36.0
1789681064.845991,545.356,1965,3996,71.0,39.0,36.0
1789681064.855993,545.356,1965,3996,71.0,39.0,36.0
1789681064.865994,545.356,1965,3996,71.0,39.0,36.0
1789681064.875993,545.356,1965,3996,71.0,39.0,36.0
1789681064.885994,545.356,1965,3996,71.0,39.0,36.0
1789681064.895994,545.356,1965,3996,71.0,39.0,36.0
1789681064.905994,545.356,1965,3996,71.0,39.0,36.0
1789681064.915993,545.356,1965,3996,71.0,39.0,36.0
1789681064.925994,545.356,1965,3996,71.0,39.0,36.0
1789681064.935994,545.356,1965,3996,71.0,39.0,36.0
1789681064.945993,545.920,1965,3996,72.0,40.0,36.0
1789681064.955994,545.920,1965,3996,72.0,40.0,36.0
1789681064.965994,545.920,1965,3996,72.0,40.0,36.0
1789681064.975994,545.920,1965,3996,72.0,40.0,36.0
1789681064.985994,545.920,1965,3996,72.0,40.0,36.0
1789681064.995994,545.920,1965,3996,72.0,40.0,36.0
1789681065.005994,545.920,1965,3996,72.0,40.0,36.0
1789681065.015993,545.920,1965,3996,72.0,40.0,36.0
1789681065.026272,545.920,1965,3996,72.0,40.0,36.0
1789681065.035994,545.920,1965,3996,72.0,40.0,36.0
1789681065.045991,545.164,1965,3996,72.0,40.0,36.0
1789681065.055994,545.164,1965,3996,72.0,40.0,36.0
1789681065.065994,545.164,1965,3996,72.0,40.0,36.0
1789681065.075994,545.164,1965,3996,72.0,40.0,36.0
1789681065.085994,545.164,1965,3996,72.0,40.0,36.0
1789681065.095994,545.164,1965,3996,72.0,40.0,36.0
1789681065.105994,545.164,1965,3996,72.0,40.0,36.0
1789681065.115994,545.164,1965,3996,72.0,40.0,36.0
1789681065.125993,545.164,1965,3996,72.0,40.0,36.0
1789681065.135994,545.164,1965,3996,72.0,40.0,36.0
1789681065.145993,547.896,1965,3996,71.0,39.0,36.0
1789681065.155993,547.896,1965,3996,71.0,39.0,36.0
1789681065.166742,547.896,1965,3996,71.0,39.0,36.0
1789681065.175994,547.896,1965,3996,71.0,39.0,36.0
1789681065.185993,547.896,1965,3996,71.0,39.0,36.0
1789681065.195995,547.896,1965,3996,71.0,39.0,36.0
1789681065.205993,547.896,1965,3996,71.0,39.0,36.0
1789681065.215994,547.896,1965,3996,71.0,39.0,36.0
1789681065.225994,547.896,1965,3996,71.0,39.0,36.0
1789681065.235994,547.896,1965,3996,71.0,39.0,36.0
1789681065.245994,546.489,1965,3996,71.0,39.0,36.0
1789681065.255994,546.489,1965,3996,71.0,39.0,36.0
1789681065.265994,546.489,1965,3996,71.0,39.0,36.0
1789681065.275993,546.489,1965,3996,71.0,39.0,36.0
1789681065.285994,546.489,1965,3996,71.0,39.0,36.0
1789681065.296310,546.489,1965,3996,71.0,39.0,36.0
1789681065.305994,546.489,1965,3996,71.0,39.0,36.0
1789681065.315994,546.489,1965,3996,71.0,39.0,36.0
1789681065.325994,546.489,1965,3996,71.0,39.0,36.0
1789681065.335993,546.489,1965,3996,71.0,39.0,36.0
1789681065.345993,546.489,1965,3996,71.0,39.0,36.0
1789681065.355993,545.643,1965,3996,65.0,36.0,36.0
1789681065.365994,545.643,1965,3996,65.0,36.0,36.0
1789681065.375993,545.643,1965,3996,65.0,36.0,36.0
1789681065.385993,545.643,1965,3996,65.0,36.0,36.0
1789681065.395993,545.643,1965,3996,65.0,36.0,36.0
1789681065.405993,545.643,1965,3996,65.0,36.0,36.0
1789681065.415990,545.643,1965,3996,65.0,36.0,36.0
1789681065.425993,545.643,1965,3996,65.0,36.0,36.0
1789681065.435993,545.643,1965,3996,65.0,36.0,36.0
1789681065.445991,545.643,1965,3996,65.0,36.0,36.0
1789681065.455993,547.423,1965,3996,65.0,36.0,36.0
1789681065.465993,547.423,1965,3996,65.0,36.0,36.0
1789681065.475993,547.423,1965,3996,65.0,36.0,36.0
1789681065.485995,547.423,1965,3996,65.0,36.0,36.0
1789681065.495994,547.423,1965,3996,65.0,36.0,36.0
1789681065.505994,547.423,1965,3996,65.0,36.0,36.0
1789681065.515993,547.423,1965,3996,65.0,36.0,36.0
1789681065.525994,547.423,1965,3996,65.0,36.0,36.0
1789681065.535993,547.423,1965,3996,65.0,36.0,36.0
1789681065.545994,547.423,1965,3996,65.0,36.0,36.0
1789681065.555992,544.802,1965,3996,71.0,39.0,36.0
1789681065.565993,544.802,1965,3996,71.0,39.0,36.0
1789681065.575994,544.802,1965,3996,71.0,39.0,36.0
1789681065.585994,544.802,1965,3996,71.0,39.0,36.0
1789681065.596100,544.802,1965,3996,71.0,39.0,36.0
1789681065.606001,544.802,1965,3996,71.0,39.0,36.0
1789681065.615989,544.802,1965,3996,71.0,39.0,36.0
1789681065.625990,544.802,1965,3996,71.0,39.0,36.0
1789681065.635990,544.802,1965,3996,71.0,39.0,36.0
1789681065.645993,544.802,1965,3996,71.0,39.0,36.0
1789681065.655993,546.510,1965,3996,71.0,39.0,36.0
1789681065.665992,546.510,1965,3996,71.0,39.0,36.0
1789681065.675992,546.510,1965,3996,71.0,39.0,36.0
1789681065.685993,546.510,1965,3996,71.0,39.0,36.0
1789681065.695995,546.510,1965,3996,71.0,39.0,36.0
1789681065.705997,546.510,1965,3996,71.0,39.0,36.0
1789681065.716072,546.510,1965,3996,71.0,39.0,36.0
1789681065.725996,546.510,1965,3996,71.0,39.0,36.0
1789681065.736049,546.510,1965,3996,71.0,39.0,36.0
1789681065.746009,546.510,1965,3996,71.0,39.0,36.0
1789681065.755995,543.910,1965,3996,71.0,39.0,36.0
1789681065.765999,543.910,1965,3996,71.0,39.0,36.0
1789681065.775995,543.910,1965,3996,71.0,39.0,36.0
1789681065.786103,543.910,1965,3996,71.0,39.0,36.0
1789681065.796031,543.910,1965,3996,71.0,39.0,36.0
1789681065.805995,543.910,1965,3996,71.0,39.0,36.0
1789681065.816008,543.910,1965,3996,71.0,39.0,36.0
1789681065.826042,543.910,1965,3996,71.0,39.0,36.0
1789681065.836004,543.910,1965,3996,71.0,39.0,36.0
1789681065.846049,543.910,1965,3996,71.0,39.0,36.0
1789681065.856338,542.442,1965,3996,71.0,39.0,36.0
1789681065.865995,542.442,1965,3996,71.0,39.0,36.0
1789681065.875999,542.442,1965,3996,71.0,39.0,36.0
1789681065.886002,542.442,1965,3996,71.0,39.0,36.0
1789681065.895997,542.442,1965,3996,71.0,39.0,36.0
1789681065.906001,542.442,1965,3996,71.0,39.0,36.0
1789681065.916015,542.442,1965,3996,71.0,39.0,36.0
1789681065.926069,542.442,1965,3996,71.0,39.0,36.0
1789681065.936021,542.442,1965,3996,71.0,39.0,36.0
1789681065.945995,542.442,1965,3996,71.0,39.0,36.0
1789681065.955998,541.800,1965,3996,71.0,40.0,36.0
1789681065.966002,541.800,1965,3996,71.0,40.0,36.0
1789681065.975995,541.800,1965,3996,71.0,40.0,36.0
1789681065.986030,541.800,1965,3996,71.0,40.0,36.0
1789681065.996002,541.800,1965,3996,71.0,40.0,36.0
1789681066.005996,541.800,1965,3996,71.0,40.0,36.0
1789681066.016000,541.800,1965,3996,71.0,40.0,36.0
1789681066.025995,541.800,1965,3996,71.0,40.0,36.0
1789681066.035998,541.800,1965,3996,71.0,40.0,36.0
1789681066.046000,541.800,1965,3996,71.0,40.0,36.0
1789681066.055994,541.552,1965,3996,71.0,40.0,36.0
1789681066.066038,541.552,1965,3996,71.0,40.0,36.0
1789681066.076033,541.552,1965,3996,71.0,40.0,36.0
1789681066.085995,541.552,1965,3996,71.0,40.0,36.0
1789681066.096050,541.552,1965,3996,71.0,40.0,36.0
1789681066.106002,541.552,1965,3996,71.0,40.0,36.0
1789681066.115996,541.552,1965,3996,71.0,40.0,36.0
1789681066.126315,541.552,1965,3996,71.0,40.0,36.0
1789681066.136055,541.552,1965,3996,71.0,40.0,36.0
1789681066.145997,541.552,1965,3996,71.0,40.0,36.0
1789681066.156000,541.206,1965,3996,72.0,40.0,36.0
1789681066.165994,541.206,1965,3996,72.0,40.0,36.0
1789681066.176008,541.206,1965,3996,72.0,40.0,36.0
1789681066.186001,541.206,1965,3996,72.0,40.0,36.0
1789681066.196076,541.206,1965,3996,72.0,40.0,36.0
1789681066.206112,541.206,1965,3996,72.0,40.0,36.0
1789681066.216064,541.206,1965,3996,72.0,40.0,36.0
1789681066.226027,541.206,1965,3996,72.0,40.0,36.0
1789681066.236000,541.206,1965,3996,72.0,40.0,36.0
1789681066.246004,541.206,1965,3996,72.0,40.0,36.0
1789681066.256078,542.318,1965,3996,72.0,40.0,36.0
1789681066.266001,542.318,1965,3996,72.0,40.0,36.0
1789681066.276004,542.318,1965,3996,72.0,40.0,36.0
1789681066.286353,542.318,1965,3996,72.0,40.0,36.0
1789681066.296001,542.318,1965,3996,72.0,40.0,36.0
1789681066.305995,542.318,1965,3996,72.0,40.0,36.0
1789681066.315998,542.318,1965,3996,72.0,40.0,36.0
1789681066.326023,542.318,1965,3996,72.0,40.0,36.0
1789681066.335991,542.318,1965,3996,72.0,40.0,36.0
1789681066.345990,542.318,1965,3996,72.0,40.0,36.0
1789681066.355990,542.596,1965,3996,71.0,39.0,36.0
1789681066.365989,542.596,1965,3996,71.0,39.0,36.0
1789681066.375989,542.596,1965,3996,71.0,39.0,36.0
1789681066.385990,542.596,1965,3996,71.0,39.0,36.0
1789681066.395989,542.596,1965,3996,71.0,39.0,36.0
1789681066.405990,542.596,1965,3996,71.0,39.0,36.0
1789681066.415989,542.596,1965,3996,71.0,39.0,36.0
1789681066.425989,542.596,1965,3996,71.0,39.0,36.0
1789681066.435989,542.596,1965,3996,71.0,39.0,36.0
1789681066.445989,542.596,1965,3996,71.0,39.0,36.0
1789681066.455990,539.178,1965,3996,71.0,39.0,36.0
1789681066.465990,539.178,1965,3996,71.0,39.0,36.0
1789681066.476004,539.178,1965,3996,71.0,39.0,36.0
1789681066.485993,539.178,1965,3996,71.0,39.0,36.0
1789681066.495993,539.178,1965,3996,71.0,39.0,36.0
1789681066.505993,539.178,1965,3996,71.0,39.0,36.0
1789681066.515993,539.178,1965,3996,71.0,39.0,36.0
1789681066.525993,539.178,1965,3996,71.0,39.0,36.0
1789681066.535993,539.178,1965,3996,71.0,39.0,36.0
1789681066.545991,539.178,1965,3996,71.0,39.0,36.0
1789681066.555993,541.505,1965,3996,72.0,40.0,36.0
1789681066.565993,541.505,1965,3996,72.0,40.0,36.0
1789681066.575993,541.505,1965,3996,72.0,40.0,36.0
1789681066.585993,541.505,1965,3996,72.0,40.0,36.0
1789681066.595993,541.505,1965,3996,72.0,40.0,36.0
1789681066.605994,541.505,1965,3996,72.0,40.0,36.0
1789681066.616194,541.505,1965,3996,72.0,40.0,36.0
1789681066.625993,541.505,1965,3996,72.0,40.0,36.0
1789681066.635994,541.505,1965,3996,72.0,40.0,36.0
1789681066.645993,541.505,1965,3996,72.0,40.0,36.0
1789681066.655993,539.870,1965,3996,72.0,40.0,36.0
1789681066.665994,539.870,1965,3996,72.0,40.0,36.0
1789681066.675994,539.870,1965,3996,72.0,40.0,36.0
1789681066.685993,539.870,1965,3996,72.0,40.0,36.0
1789681066.695994,539.870,1965,3996,72.0,40.0,36.0
1789681066.705993,539.870,1965,3996,72.0,40.0,36.0
1789681066.715994,539.870,1965,3996,72.0,40.0,36.0
1789681066.725996,539.870,1965,3996,72.0,40.0,36.0
1789681066.735994,539.870,1965,3996,72.0,40.0,36.0
1789681066.745994,539.870,1965,3996,72.0,40.0,36.0
1789681066.755995,540.984,1965,3996,72.0,40.0,36.0
1789681066.765993,540.984,1965,3996,72.0,40.0,36.0
1789681066.775993,540.984,1965,3996,72.0,40.0,36.0
1789681066.785992,540.984,1965,3996,72.0,40.0,36.0
1789681066.795994,540.984,1965,3996,72.0,40.0,36.0
1789681066.805993,540.984,1965,3996,72.0,40.0,36.0
1789681066.815989,540.984,1965,3996,72.0,40.0,36.0
1789681066.825991,540.984,1965,3996,72.0,40.0,36.0
1789681066.835993,540.984,1965,3996,72.0,40.0,36.0
1789681066.845993,540.984,1965,3996,72.0,40.0,36.0
1789681066.855994,540.842,1965,3996,72.0,40.0,36.0
1789681066.865993,540.842,1965,3996,72.0,40.0,36.0
1789681066.875994,540.842,1965,3996,72.0,40.0,36.0
1789681066.885993,540.842,1965,3996,72.0,40.0,36.0
1789681066.896203,540.842,1965,3996,72.0,40.0,36.0
1789681066.905994,540.842,1965,3996,72.0,40.0,36.0
1789681066.915994,540.842,1965,3996,72.0,40.0,36.0
1789681066.925994,540.842,1965,3996,72.0,40.0,36.0
1789681066.935993,540.842,1965,3996,72.0,40.0,36.0
1789681066.945994,540.842,1965,3996,72.0,40.0,36.0
1789681066.955993,542.238,1965,3996,68.0,37.0,36.0
1789681066.965994,542.238,1965,3996,68.0,37.0,36.0
1789681066.975994,542.238,1965,3996,68.0,37.0,36.0
1789681066.985994,542.238,1965,3996,68.0,37.0,36.0
1789681066.995993,542.238,1965,3996,68.0,37.0,36.0
1789681067.005993,542.238,1965,3996,68.0,37.0,36.0
1789681067.015989,542.238,1965,3996,68.0,37.0,36.0
1789681067.025994,542.238,1965,3996,68.0,37.0,36.0
1789681067.036212,542.238,1965,3996,68.0,37.0,36.0
1789681067.045994,542.238,1965,3996,68.0,37.0,36.0
1789681067.055994,543.350,1965,3996,68.0,37.0,36.0
1789681067.065994,543.350,1965,3996,68.0,37.0,36.0
1789681067.075994,543.350,1965,3996,68.0,37.0,36.0
1789681067.085994,543.350,1965,3996,68.0,37.0,36.0
1789681067.095993,543.350,1965,3996,68.0,37.0,36.0
1789681067.105993,543.350,1965,3996,68.0,37.0,36.0
1789681067.115993,543.350,1965,3996,68.0,37.0,36.0
1789681067.125993,543.350,1965,3996,68.0,37.0,36.0
1789681067.135994,543.350,1965,3996,68.0,37.0,36.0
1789681067.146311,543.350,1965,3996,68.0,37.0,36.0
1789681067.155994,544.466,1965,3996,71.0,40.0,36.0
1789681067.165994,544.466,1965,3996,71.0,40.0,36.0
1789681067.175993,544.466,1965,3996,71.0,40.0,36.0
1789681067.185993,544.466,1965,3996,71.0,40.0,36.0
1789681067.195994,544.466,1965,3996,71.0,40.0,36.0
1789681067.205993,544.466,1965,3996,71.0,40.0,36.0
1789681067.216275,544.466,1965,3996,71.0,40.0,36.0
1789681067.225992,544.466,1965,3996,71.0,40.0,36.0
1789681067.235994,544.466,1965,3996,71.0,40.0,36.0
1789681067.245991,544.466,1965,3996,71.0,40.0,36.0
1789681067.255993,543.626,1965,3996,71.0,40.0,36.0
1789681067.266263,543.626,1965,3996,71.0,40.0,36.0
1789681067.275994,543.626,1965,3996,71.0,40.0,36.0
1789681067.285992,543.626,1965,3996,71.0,40.0,36.0
1789681067.295994,543.626,1965,3996,71.0,40.0,36.0
1789681067.305993,543.626,1965,3996,71.0,40.0,36.0
1789681067.315993,543.626,1965,3996,71.0,40.0,36.0
1789681067.325992,543.626,1965,3996,71.0,40.0,36.0
1789681067.335993,543.626,1965,3996,71.0,40.0,36.0
1789681067.345990,543.626,1965,3996,71.0,40.0,36.0
1789681067.355990,543.569,1965,3996,68.0,38.0,36.0
1789681067.365991,543.569,1965,3996,68.0,38.0,36.0
1789681067.375991,543.569,1965,3996,68.0,38.0,36.0
1789681067.385990,543.569,1965,3996,68.0,38.0,36.0
1789681067.395991,543.569,1965,3996,68.0,38.0,36.0
1789681067.405991,543.569,1965,3996,68.0,38.0,36.0
1789681067.416077,543.569,1965,3996,68.0,38.0,36.0
1789681067.426001,543.569,1965,3996,68.0,38.0,36.0
1789681067.435995,543.569,1965,3996,68.0,38.0,36.0
1789681067.445998,543.569,1965,3996,68.0,38.0,36.0
1789681067.456002,546.247,1965,3996,68.0,38.0,36.0
1789681067.465995,546.247,1965,3996,68.0,38.0,36.0
1789681067.476304,546.247,1965,3996,68.0,38.0,36.0
1789681067.485991,546.247,1965,3996,68.0,38.0,36.0
1789681067.495990,546.247,1965,3996,68.0,38.0,36.0
1789681067.505991,546.247,1965,3996,68.0,38.0,36.0
1789681067.515990,546.247,1965,3996,68.0,38.0,36.0
1789681067.525990,546.247,1965,3996,68.0,38.0,36.0
1789681067.535990,546.247,1965,3996,68.0,38.0,36.0
1789681067.545990,546.247,1965,3996,68.0,38.0,36.0
1789681067.555990,546.324,1965,3996,69.0,38.0,36.0
1789681067.565990,546.324,1965,3996,69.0,38.0,36.0
1789681067.575989,546.324,1965,3996,69.0,38.0,36.0
1789681067.585989,546.324,1965,3996,69.0,38.0,36.0
1789681067.595989,546.324,1965,3996,69.0,38.0,36.0
1789681067.605989,546.324,1965,3996,69.0,38.0,36.0
1789681067.615989,546.324,1965,3996,69.0,38.0,36.0
1789681067.626099,546.324,1965,3996,69.0,38.0,36.0
1789681067.635995,546.324,1965,3996,69.0,38.0,36.0
1789681067.645993,546.324,1965,3996,69.0,38.0,36.0
1789681067.655994,547.028,1965,3996,69.0,38.0,36.0
1789681067.665994,547.028,1965,3996,69.0,38.0,36.0
1789681067.675993,547.028,1965,3996,69.0,38.0,36.0
1789681067.685993,547.028,1965,3996,69.0,38.0,36.0
1789681067.695994,547.028,1965,3996,69.0,38.0,36.0
1789681067.705994,547.028,1965,3996,69.0,38.0,36.0
1789681067.715992,547.028,1965,3996,69.0,38.0,36.0
1789681067.725993,547.028,1965,3996,69.0,38.0,36.0
1789681067.735994,547.028,1965,3996,69.0,38.0,36.0
1789681067.745993,547.028,1965,3996,69.0,38.0,36.0
1789681067.755994,549.058,1965,3996,71.0,39.0,36.0
1789681067.765993,549.058,1965,3996,71.0,39.0,36.0
1789681067.775993,549.058,1965,3996,71.0,39.0,36.0
1789681067.785993,549.058,1965,3996,71.0,39.0,36.0
1789681067.795994,549.058,1965,3996,71.0,39.0,36.0
1789681067.805994,549.058,1965,3996,71.0,39.0,36.0
1789681067.815994,549.058,1965,3996,71.0,39.0,36.0
1789681067.825994,549.058,1965,3996,71.0,39.0,36.0
1789681067.835993,549.058,1965,3996,71.0,39.0,36.0
1789681067.845994,549.058,1965,3996,71.0,39.0,36.0
1789681067.855993,550.718,1965,3996,71.0,39.0,36.0
1789681067.865994,550.718,1965,3996,71.0,39.0,36.0
1789681067.875994,550.718,1965,3996,71.0,39.0,36.0
1789681067.885994,550.718,1965,3996,71.0,39.0,36.0
1789681067.895993,550.718,1965,3996,71.0,39.0,36.0
1789681067.905993,550.718,1965,3996,71.0,39.0,36.0
1789681067.915994,550.718,1965,3996,71.0,39.0,36.0
1789681067.925993,550.718,1965,3996,71.0,39.0,36.0
1789681067.935992,550.718,1965,3996,71.0,39.0,36.0
1789681067.945993,550.718,1965,3996,71.0,39.0,36.0
1789681067.955993,550.843,1965,3996,72.0,40.0,36.0
1789681067.965993,550.843,1965,3996,72.0,40.0,36.0
1789681067.975994,550.843,1965,3996,72.0,40.0,36.0
1789681067.985995,550.843,1965,3996,72.0,40.0,36.0
1789681067.995993,550.843,1965,3996,72.0,40.0,36.0
1789681068.005993,550.843,1965,3996,72.0,40.0,36.0
1789681068.015994,550.843,1965,3996,72.0,40.0,36.0
1789681068.026195,550.843,1965,3996,72.0,40.0,36.0
1789681068.035994,550.843,1965,3996,72.0,40.0,36.0
1789681068.045994,550.843,1965,3996,72.0,40.0,36.0
1789681068.055993,552.206,1965,3996,72.0,40.0,36.0
1789681068.065994,552.206,1965,3996,72.0,40.0,36.0
1789681068.075994,552.206,1965,3996,72.0,40.0,36.0
1789681068.086444,552.206,1965,3996,72.0,40.0,36.0
1789681068.095994,552.206,1965,3996,72.0,40.0,36.0
1789681068.105994,552.206,1965,3996,72.0,40.0,36.0
1789681068.115993,552.206,1965,3996,72.0,40.0,36.0
1789681068.125993,552.206,1965,3996,72.0,40.0,36.0
1789681068.135993,552.206,1965,3996,72.0,40.0,36.0
1789681068.145993,552.206,1965,3996,72.0,40.0,36.0
1789681068.155993,550.261,1965,3996,70.0,39.0,36.0
1789681068.165993,550.261,1965,3996,70.0,39.0,36.0
1789681068.175994,550.261,1965,3996,70.0,39.0,36.0
1789681068.185993,550.261,1965,3996,70.0,39.0,36.0
1789681068.196250,550.261,1965,3996,70.0,39.0,36.0
1789681068.205993,550.261,1965,3996,70.0,39.0,36.0
1789681068.215991,550.261,1965,3996,70.0,39.0,36.0
1789681068.225993,550.261,1965,3996,70.0,39.0,36.0
1789681068.235993,550.261,1965,3996,70.0,39.0,36.0
1789681068.245993,550.261,1965,3996,70.0,39.0,36.0
1789681068.255994,551.403,1965,3996,70.0,39.0,36.0
1789681068.265994,551.403,1965,3996,70.0,39.0,36.0
1789681068.275993,551.403,1965,3996,70.0,39.0,36.0
1789681068.285994,551.403,1965,3996,70.0,39.0,36.0
1789681068.295994,551.403,1965,3996,70.0,39.0,36.0
1789681068.305994,551.403,1965,3996,70.0,39.0,36.0
1789681068.315993,551.403,1965,3996,70.0,39.0,36.0
1789681068.325994,551.403,1965,3996,70.0,39.0,36.0
1789681068.335990,551.403,1965,3996,70.0,39.0,36.0
1789681068.345993,551.403,1965,3996,70.0,39.0,36.0
1789681068.355993,551.163,1965,3996,71.0,39.0,37.0
1789681068.365994,551.163,1965,3996,71.0,39.0,37.0
1789681068.375993,551.163,1965,3996,71.0,39.0,37.0
1789681068.385993,551.163,1965,3996,71.0,39.0,37.0
1789681068.395993,551.163,1965,3996,71.0,39.0,37.0
1789681068.405994,551.163,1965,3996,71.0,39.0,37.0
1789681068.415993,551.163,1965,3996,71.0,39.0,37.0
1789681068.425994,551.163,1965,3996,71.0,39.0,37.0
1789681068.435993,551.163,1965,3996,71.0,39.0,37.0
1789681068.445993,551.163,1965,3996,71.0,39.0,37.0
1789681068.455994,551.240,1965,3996,71.0,39.0,36.0
1789681068.465993,551.240,1965,3996,71.0,39.0,36.0
1789681068.475994,551.240,1965,3996,71.0,39.0,36.0
1789681068.485993,551.240,1965,3996,71.0,39.0,36.0
1789681068.495994,551.240,1965,3996,71.0,39.0,36.0
1789681068.505992,551.240,1965,3996,71.0,39.0,36.0
1789681068.515993,551.240,1965,3996,71.0,39.0,36.0
1789681068.525994,551.240,1965,3996,71.0,39.0,36.0
1789681068.535993,551.240,1965,3996,71.0,39.0,36.0
1789681068.545994,551.240,1965,3996,71.0,39.0,36.0
1789681068.555994,550.418,1965,3996,71.0,40.0,36.0
1789681068.565991,550.418,1965,3996,71.0,40.0,36.0
1789681068.575993,550.418,1965,3996,71.0,40.0,36.0
1789681068.585993,550.418,1965,3996,71.0,40.0,36.0
1789681068.595994,550.418,1965,3996,71.0,40.0,36.0
1789681068.605993,550.418,1965,3996,71.0,40.0,36.0
1789681068.615993,550.418,1965,3996,71.0,40.0,36.0
1789681068.625994,550.418,1965,3996,71.0,40.0,36.0
1789681068.635994,550.418,1965,3996,71.0,40.0,36.0
1789681068.645992,550.418,1965,3996,71.0,40.0,36.0
1789681068.655992,549.972,1965,3996,71.0,40.0,37.0
1789681068.665992,549.972,1965,3996,71.0,40.0,37.0
1789681068.675990,549.972,1965,3996,71.0,40.0,37.0
1789681068.685989,549.972,1965,3996,71.0,40.0,37.0
1789681068.695990,549.972,1965,3996,71.0,40.0,37.0
1789681068.706095,549.972,1965,3996,71.0,40.0,37.0
1789681068.715991,549.972,1965,3996,71.0,40.0,37.0
1789681068.725990,549.972,1965,3996,71.0,40.0,37.0
1789681068.735989,549.972,1965,3996,71.0,40.0,37.0
1789681068.745992,549.972,1965,3996,71.0,40.0,37.0
1789681068.755990,548.330,1965,3996,72.0,40.0,37.0
1789681068.765989,548.330,1965,3996,72.0,40.0,37.0
1789681068.775989,548.330,1965,3996,72.0,40.0,37.0
1789681068.786151,548.330,1965,3996,72.0,40.0,37.0
1789681068.795992,548.330,1965,3996,72.0,40.0,37.0
1789681068.805991,548.330,1965,3996,72.0,40.0,37.0
1789681068.815991,548.330,1965,3996,72.0,40.0,37.0
1789681068.825988,548.330,1965,3996,72.0,40.0,37.0
1789681068.835986,548.330,1965,3996,72.0,40.0,37.0
1789681068.845987,548.330,1965,3996,72.0,40.0,37.0
1789681068.855989,547.016,1965,3996,72.0,40.0,37.0
1789681068.865988,547.016,1965,3996,72.0,40.0,37.0
1789681068.875988,547.016,1965,3996,72.0,40.0,37.0
1789681068.885988,547.016,1965,3996,72.0,40.0,37.0
1789681068.895987,547.016,1965,3996,72.0,40.0,37.0
1789681068.905988,547.016,1965,3996,72.0,40.0,37.0
1789681068.915988,547.016,1965,3996,72.0,40.0,37.0
1789681068.925994,547.016,1965,3996,72.0,40.0,37.0
1789681068.935994,547.016,1965,3996,72.0,40.0,37.0
1789681068.946031,547.016,1965,3996,72.0,40.0,37.0
1789681068.955994,546.527,1965,3996,67.0,37.0,36.0
1789681068.965994,546.527,1965,3996,67.0,37.0,36.0
1789681068.975993,546.527,1965,3996,67.0,37.0,36.0
1789681068.985994,546.527,1965,3996,67.0,37.0,36.0
1789681068.995994,546.527,1965,3996,67.0,37.0,36.0
1789681069.005993,546.527,1965,3996,67.0,37.0,36.0
1789681069.015993,546.527,1965,3996,67.0,37.0,36.0
1789681069.025994,546.527,1965,3996,67.0,37.0,36.0
1789681069.035993,546.527,1965,3996,67.0,37.0,36.0
1789681069.045993,546.527,1965,3996,67.0,37.0,36.0
1789681069.055994,544.108,1965,3996,67.0,37.0,36.0
1789681069.065993,544.108,1965,3996,67.0,37.0,36.0
1789681069.075994,544.108,1965,3996,67.0,37.0,36.0
1789681069.085994,544.108,1965,3996,67.0,37.0,36.0
1789681069.095994,544.108,1965,3996,67.0,37.0,36.0
1789681069.105994,544.108,1965,3996,67.0,37.0,36.0
1789681069.115994,544.108,1965,3996,67.0,37.0,36.0
1789681069.125994,544.108,1965,3996,67.0,37.0,36.0
1789681069.135993,544.108,1965,3996,67.0,37.0,36.0
1789681069.145994,544.108,1965,3996,67.0,37.0,36.0
1789681069.155994,545.738,1965,3996,72.0,40.0,37.0
1789681069.165992,545.738,1965,3996,72.0,40.0,37.0
1789681069.175995,545.738,1965,3996,72.0,40.0,37.0
1789681069.185993,545.738,1965,3996,72.0,40.0,37.0
1789681069.195993,545.738,1965,3996,72.0,40.0,37.0
1789681069.205994,545.738,1965,3996,72.0,40.0,37.0
1789681069.215993,545.738,1965,3996,72.0,40.0,37.0
1789681069.225994,545.738,1965,3996,72.0,40.0,37.0
1789681069.235993,545.738,1965,3996,72.0,40.0,37.0
1789681069.245993,545.738,1965,3996,72.0,40.0,37.0
1789681069.255993,546.019,1965,3996,72.0,40.0,37.0
1789681069.265993,546.019,1965,3996,72.0,40.0,37.0
1789681069.275994,546.019,1965,3996,72.0,40.0,37.0
1789681069.285992,546.019,1965,3996,72.0,40.0,37.0
1789681069.424197,547.220,1965,3996,72.0,40.0,37.0
1789681069.424244,547.220,1965,3996,72.0,40.0,37.0
1789681069.434321,547.220,1965,3996,72.0,40.0,37.0
1789681069.444320,547.220,1965,3996,72.0,40.0,37.0
1789681069.454322,546.765,1965,3996,72.0,40.0,37.0
1789681069.464317,546.765,1965,3996,72.0,40.0,37.0
1789681069.474319,546.765,1965,3996,72.0,40.0,37.0
1789681069.484319,546.765,1965,3996,72.0,40.0,37.0
1789681069.494320,546.765,1965,3996,72.0,40.0,37.0
1789681069.504320,546.765,1965,3996,72.0,40.0,37.0
1789681069.514320,546.765,1965,3996,72.0,40.0,37.0
1789681069.524320,546.765,1965,3996,72.0,40.0,37.0
1789681069.534320,546.765,1965,3996,72.0,40.0,37.0
1789681069.544321,546.765,1965,3996,72.0,40.0,37.0
1789681069.554318,546.950,1965,3996,72.0,40.0,37.0
1789681069.564318,546.950,1965,3996,72.0,40.0,37.0
1789681069.574320,546.950,1965,3996,72.0,40.0,37.0
1789681069.584317,546.950,1965,3996,72.0,40.0,37.0
1789681069.594623,546.950,1965,3996,72.0,40.0,37.0
1789681069.604383,546.950,1965,3996,72.0,40.0,37.0
1789681069.614377,546.950,1965,3996,72.0,40.0,37.0
1789681069.624380,546.950,1965,3996,72.0,40.0,37.0
1789681069.634374,546.950,1965,3996,72.0,40.0,37.0
1789681069.644326,546.950,1965,3996,72.0,40.0,37.0
1789681069.654381,546.950,1965,3996,72.0,40.0,37.0
1789681069.664406,546.450,1965,3996,72.0,40.0,37.0
1789681069.674320,546.450,1965,3996,72.0,40.0,37.0
1789681069.684320,546.450,1965,3996,72.0,40.0,37.0
1789681069.694558,546.450,1965,3996,72.0,40.0,37.0
1789681069.704316,546.450,1965,3996,72.0,40.0,37.0
1789681069.714315,546.450,1965,3996,72.0,40.0,37.0
1789681069.724316,546.450,1965,3996,72.0,40.0,37.0
1789681069.734316,546.450,1965,3996,72.0,40.0,37.0
1789681069.744316,546.450,1965,3996,72.0,40.0,37.0
1789681069.754316,546.450,1965,3996,72.0,40.0,37.0
1789681069.764316,547.840,1965,3996,71.0,39.0,37.0
1789681069.774316,547.840,1965,3996,71.0,39.0,37.0
1789681069.784316,547.840,1965,3996,71.0,39.0,37.0
1789681069.794316,547.840,1965,3996,71.0,39.0,37.0
1789681069.804380,547.840,1965,3996,71.0,39.0,37.0
1789681069.814319,547.840,1965,3996,71.0,39.0,37.0
1789681069.824317,547.840,1965,3996,71.0,39.0,37.0
1789681069.834316,547.840,1965,3996,71.0,39.0,37.0
1789681069.844319,547.840,1965,3996,71.0,39.0,37.0
1789681069.854318,547.840,1965,3996,71.0,39.0,37.0
1789681069.864316,547.780,1965,3996,71.0,39.0,37.0
1789681069.874318,547.780,1965,3996,71.0,39.0,37.0
1789681069.884319,547.780,1965,3996,71.0,39.0,37.0
1789681069.894318,547.780,1965,3996,71.0,39.0,37.0
1789681069.904318,547.780,1965,3996,71.0,39.0,37.0
1789681069.914319,547.780,1965,3996,71.0,39.0,37.0
1789681069.924516,547.780,1965,3996,71.0,39.0,37.0
1789681069.934318,547.780,1965,3996,71.0,39.0,37.0
1789681069.944317,547.780,1965,3996,71.0,39.0,37.0
1789681069.954318,547.780,1965,3996,71.0,39.0,37.0
1789681069.964317,548.450,1965,3996,71.0,39.0,37.0
1789681069.974317,548.450,1965,3996,71.0,39.0,37.0
1789681069.984318,548.450,1965,3996,71.0,39.0,37.0
1789681069.994316,548.450,1965,3996,71.0,39.0,37.0
1789681070.004317,548.450,1965,3996,71.0,39.0,37.0
1789681070.014315,548.450,1965,3996,71.0,39.0,37.0
1789681070.024315,548.450,1965,3996,71.0,39.0,37.0
1789681070.034319,548.450,1965,3996,71.0,39.0,37.0
1789681070.044318,548.450,1965,3996,71.0,39.0,37.0
1789681070.054322,548.450,1965,3996,71.0,39.0,37.0
1789681070.064315,548.332,1965,3996,71.0,39.0,37.0
1789681070.074320,548.332,1965,3996,71.0,39.0,37.0
1789681070.084318,548.332,1965,3996,71.0,39.0,37.0
1789681070.094313,548.332,1965,3996,71.0,39.0,37.0
1789681070.104315,548.332,1965,3996,71.0,39.0,37.0
1789681070.114317,548.332,1965,3996,71.0,39.0,37.0
1789681070.124318,548.332,1965,3996,71.0,39.0,37.0
1789681070.134316,548.332,1965,3996,71.0,39.0,37.0
1789681070.144317,548.332,1965,3996,71.0,39.0,37.0
1789681070.154317,548.332,1965,3996,71.0,39.0,37.0
1789681070.164316,548.393,1965,3996,71.0,40.0,37.0
1789681070.174588,548.393,1965,3996,71.0,40.0,37.0
1789681070.184320,548.393,1965,3996,71.0,40.0,37.0
1789681070.194317,548.393,1965,3996,71.0,40.0,37.0
1789681070.204316,548.393,1965,3996,71.0,40.0,37.0
1789681070.214317,548.393,1965,3996,71.0,40.0,37.0
1789681070.224320,548.393,1965,3996,71.0,40.0,37.0
1789681070.234316,548.393,1965,3996,71.0,40.0,37.0
1789681070.244315,548.393,1965,3996,71.0,40.0,37.0
1789681070.254321,548.393,1965,3996,71.0,40.0,37.0
1789681070.264316,547.157,1965,3996,71.0,40.0,37.0
1789681070.274317,547.157,1965,3996,71.0,40.0,37.0
1789681070.284320,547.157,1965,3996,71.0,40.0,37.0
1789681070.294321,547.157,1965,3996,71.0,40.0,37.0
1789681070.304314,547.157,1965,3996,71.0,40.0,37.0
1789681070.314317,547.157,1965,3996,71.0,40.0,37.0
1789681070.324322,547.157,1965,3996,71.0,40.0,37.0
1789681070.334316,547.157,1965,3996,71.0,40.0,37.0
1789681070.344316,547.157,1965,3996,71.0,40.0,37.0
1789681070.354317,547.157,1965,3996,71.0,40.0,37.0
1789681070.364319,546.805,1965,3996,71.0,40.0,37.0
1789681070.374316,546.805,1965,3996,71.0,40.0,37.0
1789681070.384556,546.805,1965,3996,71.0,40.0,37.0
1789681070.394320,546.805,1965,3996,71.0,40.0,37.0
1789681070.404316,546.805,1965,3996,71.0,40.0,37.0
1789681070.414315,546.805,1965,3996,71.0,40.0,37.0
1789681070.424319,546.805,1965,3996,71.0,40.0,37.0
1789681070.434322,546.805,1965,3996,71.0,40.0,37.0
1789681070.444317,546.805,1965,3996,71.0,40.0,37.0
1789681070.454703,546.805,1965,3996,71.0,40.0,37.0
1789681070.464321,547.367,1965,3996,71.0,40.0,37.0
1789681070.474318,547.367,1965,3996,71.0,40.0,37.0
1789681070.484591,547.367,1965,3996,71.0,40.0,37.0
1789681070.494317,547.367,1965,3996,71.0,40.0,37.0
1789681070.504320,547.367,1965,3996,71.0,40.0,37.0
1789681070.514318,547.367,1965,3996,71.0,40.0,37.0
1789681070.524319,547.367,1965,3996,71.0,40.0,37.0
1789681070.534320,547.367,1965,3996,71.0,40.0,37.0
1789681070.544321,547.367,1965,3996,71.0,40.0,37.0
1789681070.554327,547.367,1965,3996,71.0,40.0,37.0
1789681070.564321,548.472,1965,3996,71.0,39.0,37.0
1789681070.574320,548.472,1965,3996,71.0,39.0,37.0
1789681070.584320,548.472,1965,3996,71.0,39.0,37.0
1789681070.594316,548.472,1965,3996,71.0,39.0,37.0
1789681070.604320,548.472,1965,3996,71.0,39.0,37.0
1789681070.614319,548.472,1965,3996,71.0,39.0,37.0
1789681070.624320,548.472,1965,3996,71.0,39.0,37.0
1789681070.634319,548.472,1965,3996,71.0,39.0,37.0
1789681070.644320,548.472,1965,3996,71.0,39.0,37.0
1789681070.654321,548.472,1965,3996,71.0,39.0,37.0
1789681070.664320,549.115,1965,3996,71.0,39.0,37.0
1789681070.674320,549.115,1965,3996,71.0,39.0,37.0
1789681070.684324,549.115,1965,3996,71.0,39.0,37.0
1789681070.694320,549.115,1965,3996,71.0,39.0,37.0
1789681070.704320,549.115,1965,3996,71.0,39.0,37.0
1789681070.714320,549.115,1965,3996,71.0,39.0,37.0
1789681070.724317,549.115,1965,3996,71.0,39.0,37.0
1789681070.734320,549.115,1965,3996,71.0,39.0,37.0
1789681070.744320,549.115,1965,3996,71.0,39.0,37.0
1789681070.754317,549.115,1965,3996,71.0,39.0,37.0
1789681070.764319,548.269,1965,3996,72.0,40.0,37.0
1789681070.774320,548.269,1965,3996,72.0,40.0,37.0
1789681070.784317,548.269,1965,3996,72.0,40.0,37.0
1789681070.794317,548.269,1965,3996,72.0,40.0,37.0
1789681070.804318,548.269,1965,3996,72.0,40.0,37.0
1789681070.814322,548.269,1965,3996,72.0,40.0,37.0
1789681070.824322,548.269,1965,3996,72.0,40.0,37.0
1789681070.834320,548.269,1965,3996,72.0,40.0,37.0
1789681070.844319,548.269,1965,3996,72.0,40.0,37.0
1789681070.854320,548.269,1965,3996,72.0,40.0,37.0
1789681070.864320,549.057,1965,3996,72.0,40.0,37.0
1789681070.874321,549.057,1965,3996,72.0,40.0,37.0
1789681070.884320,549.057,1965,3996,72.0,40.0,37.0
1789681070.894316,549.057,1965,3996,72.0,40.0,37.0
1789681070.904320,549.057,1965,3996,72.0,40.0,37.0
1789681070.914321,549.057,1965,3996,72.0,40.0,37.0
1789681070.924320,549.057,1965,3996,72.0,40.0,37.0
1789681070.934319,549.057,1965,3996,72.0,40.0,37.0
1789681070.944320,549.057,1965,3996,72.0,40.0,37.0
1789681070.954319,549.057,1965,3996,72.0,40.0,37.0
1789681070.964320,548.389,1965,3996,73.0,41.0,37.0
1789681070.974320,548.389,1965,3996,73.0,41.0,37.0
1789681070.984320,548.389,1965,3996,73.0,41.0,37.0
1789681070.994319,548.389,1965,3996,73.0,41.0,37.0
1789681071.004320,548.389,1965,3996,73.0,41.0,37.0
1789681071.014319,548.389,1965,3996,73.0,41.0,37.0
1789681071.024320,548.389,1965,3996,73.0,41.0,37.0
1789681071.034319,548.389,1965,3996,73.0,41.0,37.0
1789681071.044319,548.389,1965,3996,73.0,41.0,37.0
1789681071.054320,548.389,1965,3996,73.0,41.0,37.0
1789681071.064319,548.774,1965,3996,73.0,41.0,37.0
1789681071.074320,548.774,1965,3996,73.0,41.0,37.0
1789681071.084320,548.774,1965,3996,73.0,41.0,37.0
1789681071.094319,548.774,1965,3996,73.0,41.0,37.0
1789681071.104317,548.774,1965,3996,73.0,41.0,37.0
1789681071.114318,548.774,1965,3996,73.0,41.0,37.0
1789681071.124321,548.774,1965,3996,73.0,41.0,37.0
1789681071.134318,548.774,1965,3996,73.0,41.0,37.0
1789681071.144318,548.774,1965,3996,73.0,41.0,37.0
1789681071.154317,548.774,1965,3996,73.0,41.0,37.0
1789681071.164318,549.675,1965,3996,72.0,40.0,37.0
1789681071.174318,549.675,1965,3996,72.0,40.0,37.0
1789681071.184318,549.675,1965,3996,72.0,40.0,37.0
1789681071.194319,549.675,1965,3996,72.0,40.0,37.0
1789681071.204318,549.675,1965,3996,72.0,40.0,37.0
1789681071.214318,549.675,1965,3996,72.0,40.0,37.0
1789681071.224319,549.675,1965,3996,72.0,40.0,37.0
1789681071.234320,549.675,1965,3996,72.0,40.0,37.0
1789681071.244319,549.675,1965,3996,72.0,40.0,37.0
1789681071.254317,549.675,1965,3996,72.0,40.0,37.0
1789681071.264317,552.242,1965,3996,72.0,40.0,37.0
1789681071.274317,552.242,1965,3996,72.0,40.0,37.0
1789681071.284317,552.242,1965,3996,72.0,40.0,37.0
1789681071.294317,552.242,1965,3996,72.0,40.0,37.0
1789681071.304317,552.242,1965,3996,72.0,40.0,37.0
1789681071.314317,552.242,1965,3996,72.0,40.0,37.0
1789681071.324317,552.242,1965,3996,72.0,40.0,37.0
1789681071.334318,552.242,1965,3996,72.0,40.0,37.0
1789681071.344318,552.242,1965,3996,72.0,40.0,37.0
1789681071.354317,552.242,1965,3996,72.0,40.0,37.0
1789681071.364317,552.111,1965,3996,72.0,40.0,37.0
1789681071.374318,552.111,1965,3996,72.0,40.0,37.0
1789681071.384318,552.111,1965,3996,72.0,40.0,37.0
1789681071.394321,552.111,1965,3996,72.0,40.0,37.0
1789681071.404317,552.111,1965,3996,72.0,40.0,37.0
1789681071.414318,552.111,1965,3996,72.0,40.0,37.0
1789681071.424319,552.111,1965,3996,72.0,40.0,37.0
1789681071.434317,552.111,1965,3996,72.0,40.0,37.0
1789681071.444318,552.111,1965,3996,72.0,40.0,37.0
1789681071.454316,552.111,1965,3996,72.0,40.0,37.0
1789681071.464317,551.029,1965,3996,72.0,40.0,37.0
1789681071.474317,551.029,1965,3996,72.0,40.0,37.0
1789681071.484318,551.029,1965,3996,72.0,40.0,37.0
1789681071.494317,551.029,1965,3996,72.0,40.0,37.0
1789681071.504317,551.029,1965,3996,72.0,40.0,37.0
1789681071.514318,551.029,1965,3996,72.0,40.0,37.0
1789681071.524317,551.029,1965,3996,72.0,40.0,37.0
1789681071.534347,551.029,1965,3996,72.0,40.0,37.0
1789681071.544317,551.029,1965,3996,72.0,40.0,37.0
1789681071.554317,551.029,1965,3996,72.0,40.0,37.0
1789681071.564317,550.027,1965,3996,72.0,40.0,37.0
1789681071.574314,550.027,1965,3996,72.0,40.0,37.0
1789681071.584319,550.027,1965,3996,72.0,40.0,37.0
1789681071.594320,550.027,1965,3996,72.0,40.0,37.0
1789681071.604337,550.027,1965,3996,72.0,40.0,37.0
1789681071.614321,550.027,1965,3996,72.0,40.0,37.0
1789681071.624321,550.027,1965,3996,72.0,40.0,37.0
1789681071.634320,550.027,1965,3996,72.0,40.0,37.0
1789681071.644320,550.027,1965,3996,72.0,40.0,37.0
1789681071.654321,550.027,1965,3996,72.0,40.0,37.0
1789681071.664320,549.594,1965,3996,72.0,40.0,37.0
1789681071.674320,549.594,1965,3996,72.0,40.0,37.0
1789681071.684320,549.594,1965,3996,72.0,40.0,37.0
1789681071.694320,549.594,1965,3996,72.0,40.0,37.0
1789681071.704321,549.594,1965,3996,72.0,40.0,37.0
1789681071.714321,549.594,1965,3996,72.0,40.0,37.0
1789681071.724322,549.594,1965,3996,72.0,40.0,37.0
1789681071.734321,549.594,1965,3996,72.0,40.0,37.0
1789681071.744321,549.594,1965,3996,72.0,40.0,37.0
1789681071.754320,549.594,1965,3996,72.0,40.0,37.0
1789681071.764320,551.500,1965,3996,72.0,40.0,37.0
1789681071.774317,551.500,1965,3996,72.0,40.0,37.0
1789681071.784320,551.500,1965,3996,72.0,40.0,37.0
1789681071.794320,551.500,1965,3996,72.0,40.0,37.0
1789681071.804317,551.500,1965,3996,72.0,40.0,37.0
1789681071.814320,551.500,1965,3996,72.0,40.0,37.0
1789681071.824321,551.500,1965,3996,72.0,40.0,37.0
1789681071.834320,551.500,1965,3996,72.0,40.0,37.0
1789681071.844320,551.500,1965,3996,72.0,40.0,37.0
1789681071.854320,551.500,1965,3996,72.0,40.0,37.0
1789681071.864317,552.106,1965,3996,72.0,40.0,37.0
1789681071.874320,552.106,1965,3996,72.0,40.0,37.0
1789681071.884320,552.106,1965,3996,72.0,40.0,37.0
1789681071.894320,552.106,1965,3996,72.0,40.0,37.0
1789681071.904574,552.106,1965,3996,72.0,40.0,37.0
1789681071.914320,552.106,1965,3996,72.0,40.0,37.0
1789681071.924321,552.106,1965,3996,72.0,40.0,37.0
1789681071.934320,552.106,1965,3996,72.0,40.0,37.0
1789681071.944539,552.106,1965,3996,72.0,40.0,37.0
1789681071.954320,552.106,1965,3996,72.0,40.0,37.0
1789681071.964322,551.173,1965,3996,72.0,40.0,37.0
1789681071.974320,551.173,1965,3996,72.0,40.0,37.0
1789681071.984758,551.173,1965,3996,72.0,40.0,37.0
1789681071.994320,551.173,1965,3996,72.0,40.0,37.0
1789681072.004319,551.173,1965,3996,72.0,40.0,37.0
1789681072.014320,551.173,1965,3996,72.0,40.0,37.0
1789681072.024558,551.173,1965,3996,72.0,40.0,37.0
1789681072.034320,551.173,1965,3996,72.0,40.0,37.0
1789681072.044320,551.173,1965,3996,72.0,40.0,37.0
1789681072.054320,551.173,1965,3996,72.0,40.0,37.0
1789681072.064320,553.510,1965,3996,72.0,40.0,37.0
1789681072.074320,553.510,1965,3996,72.0,40.0,37.0
1789681072.084320,553.510,1965,3996,72.0,40.0,37.0
1789681072.094319,553.510,1965,3996,72.0,40.0,37.0
1789681072.104320,553.510,1965,3996,72.0,40.0,37.0
1789681072.114320,553.510,1965,3996,72.0,40.0,37.0
1789681072.124320,553.510,1965,3996,72.0,40.0,37.0
1789681072.134320,553.510,1965,3996,72.0,40.0,37.0
1789681072.144521,553.510,1965,3996,72.0,40.0,37.0
1789681072.154320,553.510,1965,3996,72.0,40.0,37.0
1789681072.164320,552.716,1965,3996,73.0,40.0,37.0
1789681072.174320,552.716,1965,3996,73.0,40.0,37.0
1789681072.184316,552.716,1965,3996,73.0,40.0,37.0
1789681072.194319,552.716,1965,3996,73.0,40.0,37.0
1789681072.204330,552.716,1965,3996,73.0,40.0,37.0
1789681072.214320,552.716,1965,3996,73.0,40.0,37.0
1789681072.224320,552.716,1965,3996,73.0,40.0,37.0
1789681072.234320,552.716,1965,3996,73.0,40.0,37.0
1789681072.244320,552.716,1965,3996,73.0,40.0,37.0
1789681072.254320,552.716,1965,3996,73.0,40.0,37.0
1789681072.264320,551.315,1965,3996,73.0,40.0,37.0
1789681072.274320,551.315,1965,3996,73.0,40.0,37.0
1789681072.284320,551.315,1965,3996,73.0,40.0,37.0
1789681072.294320,551.315,1965,3996,73.0,40.0,37.0
1789681072.304320,551.315,1965,3996,73.0,40.0,37.0
1789681072.314322,551.315,1965,3996,73.0,40.0,37.0
1789681072.324320,551.315,1965,3996,73.0,40.0,37.0
1789681072.334320,551.315,1965,3996,73.0,40.0,37.0
1789681072.344320,551.315,1965,3996,73.0,40.0,37.0
1789681072.354320,551.315,1965,3996,73.0,40.0,37.0
1789681072.364320,550.204,1965,3996,72.0,40.0,37.0
1789681072.374320,550.204,1965,3996,72.0,40.0,37.0
1789681072.384320,550.204,1965,3996,72.0,40.0,37.0
1789681072.394299,550.204,1965,3996,72.0,40.0,37.0
1789681072.404320,550.204,1965,3996,72.0,40.0,37.0
1789681072.414320,550.204,1965,3996,72.0,40.0,37.0
1789681072.424320,550.204,1965,3996,72.0,40.0,37.0
1789681072.434319,550.204,1965,3996,72.0,40.0,37.0
1789681072.444320,550.204,1965,3996,72.0,40.0,37.0
1789681072.454321,550.204,1965,3996,72.0,40.0,37.0
1789681072.464320,552.177,1965,3996,72.0,40.0,37.0
1789681072.474319,552.177,1965,3996,72.0,40.0,37.0
1789681072.484318,552.177,1965,3996,72.0,40.0,37.0
1789681072.494318,552.177,1965,3996,72.0,40.0,37.0
1789681072.504317,552.177,1965,3996,72.0,40.0,37.0
1789681072.514303,552.177,1965,3996,72.0,40.0,37.0
1789681072.524318,552.177,1965,3996,72.0,40.0,37.0
1789681072.534320,552.177,1965,3996,72.0,40.0,37.0
1789681072.544319,552.177,1965,3996,72.0,40.0,37.0
1789681072.554315,552.177,1965,3996,72.0,40.0,37.0
1789681072.564317,552.280,1965,3996,72.0,40.0,37.0
1789681072.574317,552.280,1965,3996,72.0,40.0,37.0
1789681072.584633,552.280,1965,3996,72.0,40.0,37.0
1789681072.594319,552.280,1965,3996,72.0,40.0,37.0
1789681072.604320,552.280,1965,3996,72.0,40.0,37.0
1789681072.614315,552.280,1965,3996,72.0,40.0,37.0
1789681072.624318,552.280,1965,3996,72.0,40.0,37.0
1789681072.634317,552.280,1965,3996,72.0,40.0,37.0
1789681072.644317,552.280,1965,3996,72.0,40.0,37.0
1789681072.654317,552.280,1965,3996,72.0,40.0,37.0
1789681072.664317,554.184,1965,3996,72.0,40.0,37.0
1789681072.674317,554.184,1965,3996,72.0,40.0,37.0
1789681072.684317,554.184,1965,3996,72.0,40.0,37.0
1789681072.694318,554.184,1965,3996,72.0,40.0,37.0
1789681072.704318,554.184,1965,3996,72.0,40.0,37.0
1789681072.714318,554.184,1965,3996,72.0,40.0,37.0
1789681072.724317,554.184,1965,3996,72.0,40.0,37.0
1789681072.734317,554.184,1965,3996,72.0,40.0,37.0
1789681072.744317,554.184,1965,3996,72.0,40.0,37.0
1789681072.754317,554.184,1965,3996,72.0,40.0,37.0
1789681072.764318,553.548,1965,3996,72.0,40.0,37.0
1789681072.774570,553.548,1965,3996,72.0,40.0,37.0
1789681072.784317,553.548,1965,3996,72.0,40.0,37.0
1789681072.794316,553.548,1965,3996,72.0,40.0,37.0
1789681072.804316,553.548,1965,3996,72.0,40.0,37.0
1789681072.814317,553.548,1965,3996,72.0,40.0,37.0
1789681072.824317,553.548,1965,3996,72.0,40.0,37.0
1789681072.834317,553.548,1965,3996,72.0,40.0,37.0
1789681072.844318,553.548,1965,3996,72.0,40.0,37.0
1789681072.854317,553.548,1965,3996,72.0,40.0,37.0
1789681072.864317,553.458,1965,3996,72.0,40.0,37.0
1789681072.874318,553.458,1965,3996,72.0,40.0,37.0
1789681072.884318,553.458,1965,3996,72.0,40.0,37.0
1789681072.894318,553.458,1965,3996,72.0,40.0,37.0
1789681072.904318,553.458,1965,3996,72.0,40.0,37.0
1789681072.914318,553.458,1965,3996,72.0,40.0,37.0
1789681072.924318,553.458,1965,3996,72.0,40.0,37.0
1789681072.934317,553.458,1965,3996,72.0,40.0,37.0
1789681072.944353,553.458,1965,3996,72.0,40.0,37.0
1789681072.954320,553.458,1965,3996,72.0,40.0,37.0
1789681072.964319,554.533,1965,3996,71.0,39.0,37.0
1789681072.974319,554.533,1965,3996,71.0,39.0,37.0
1789681072.984320,554.533,1965,3996,71.0,39.0,37.0
1789681072.994319,554.533,1965,3996,71.0,39.0,37.0
1789681073.004320,554.533,1965,3996,71.0,39.0,37.0
1789681073.014319,554.533,1965,3996,71.0,39.0,37.0
1789681073.024319,554.533,1965,3996,71.0,39.0,37.0
1789681073.034320,554.533,1965,3996,71.0,39.0,37.0
1789681073.044319,554.533,1965,3996,71.0,39.0,37.0
1789681073.054320,554.533,1965,3996,71.0,39.0,37.0
1789681073.064319,556.333,1965,3996,71.0,39.0,37.0
1789681073.074320,556.333,1965,3996,71.0,39.0,37.0
1789681073.084320,556.333,1965,3996,71.0,39.0,37.0
1789681073.094320,556.333,1965,3996,71.0,39.0,37.0
1789681073.104319,556.333,1965,3996,71.0,39.0,37.0
1789681073.114319,556.333,1965,3996,71.0,39.0,37.0
1789681073.124320,556.333,1965,3996,71.0,39.0,37.0
1789681073.134601,556.333,1965,3996,71.0,39.0,37.0
1789681073.144321,556.333,1965,3996,71.0,39.0,37.0
1789681073.154320,556.333,1965,3996,71.0,39.0,37.0
1789681073.164320,555.725,1965,3996,72.0,40.0,37.0
1789681073.174320,555.725,1965,3996,72.0,40.0,37.0
1789681073.184319,555.725,1965,3996,72.0,40.0,37.0
1789681073.194320,555.725,1965,3996,72.0,40.0,37.0
1789681073.204319,555.725,1965,3996,72.0,40.0,37.0
1789681073.214319,555.725,1965,3996,72.0,40.0,37.0
1789681073.224320,555.725,1965,3996,72.0,40.0,37.0
1789681073.234320,555.725,1965,3996,72.0,40.0,37.0
1789681073.244316,555.725,1965,3996,72.0,40.0,37.0
1789681073.254320,555.725,1965,3996,72.0,40.0,37.0
1789681073.264516,555.421,1965,3996,72.0,40.0,37.0
1789681073.274319,555.421,1965,3996,72.0,40.0,37.0
1789681073.284320,555.421,1965,3996,72.0,40.0,37.0
1789681073.294320,555.421,1965,3996,72.0,40.0,37.0
1789681073.304320,555.421,1965,3996,72.0,40.0,37.0
1789681073.314320,555.421,1965,3996,72.0,40.0,37.0
1789681073.324319,555.421,1965,3996,72.0,40.0,37.0
1789681073.334320,555.421,1965,3996,72.0,40.0,37.0
1789681073.344320,555.421,1965,3996,72.0,40.0,37.0
1789681073.354320,555.421,1965,3996,72.0,40.0,37.0
1789681073.364330,556.922,1965,3996,71.0,39.0,37.0
1789681073.374321,556.922,1965,3996,71.0,39.0,37.0
1789681073.384320,556.922,1965,3996,71.0,39.0,37.0
1789681073.394319,556.922,1965,3996,71.0,39.0,37.0
1789681073.404320,556.922,1965,3996,71.0,39.0,37.0
1789681073.414320,556.922,1965,3996,71.0,39.0,37.0
1789681073.424320,556.922,1965,3996,71.0,39.0,37.0
1789681073.434320,556.922,1965,3996,71.0,39.0,37.0
1789681073.444324,556.922,1965,3996,71.0,39.0,37.0
1789681073.454319,556.922,1965,3996,71.0,39.0,37.0
1789681073.464323,556.208,1965,3996,71.0,39.0,37.0
1789681073.474321,556.208,1965,3996,71.0,39.0,37.0
1789681073.484320,556.208,1965,3996,71.0,39.0,37.0
1789681073.494320,556.208,1965,3996,71.0,39.0,37.0
1789681073.504320,556.208,1965,3996,71.0,39.0,37.0
1789681073.514320,556.208,1965,3996,71.0,39.0,37.0
1789681073.524319,556.208,1965,3996,71.0,39.0,37.0
1789681073.534319,556.208,1965,3996,71.0,39.0,37.0
1789681073.544319,556.208,1965,3996,71.0,39.0,37.0
1789681073.554320,556.208,1965,3996,71.0,39.0,37.0
1789681073.564319,556.529,1965,3996,72.0,40.0,37.0
1789681073.574319,556.529,1965,3996,72.0,40.0,37.0
1789681073.584320,556.529,1965,3996,72.0,40.0,37.0
1789681073.594320,556.529,1965,3996,72.0,40.0,37.0
1789681073.604320,556.529,1965,3996,72.0,40.0,37.0
1789681073.614319,556.529,1965,3996,72.0,40.0,37.0
1789681073.624318,556.529,1965,3996,72.0,40.0,37.0
1789681073.634320,556.529,1965,3996,72.0,40.0,37.0
1789681073.644320,556.529,1965,3996,72.0,40.0,37.0
1789681073.654579,556.529,1965,3996,72.0,40.0,37.0
1789681073.664316,554.587,1965,3996,72.0,40.0,37.0
1789681073.674319,554.587,1965,3996,72.0,40.0,37.0
1789681073.684320,554.587,1965,3996,72.0,40.0,37.0
1789681073.694319,554.587,1965,3996,72.0,40.0,37.0
1789681073.704316,554.587,1965,3996,72.0,40.0,37.0
1789681073.714320,554.587,1965,3996,72.0,40.0,37.0
1789681073.724323,554.587,1965,3996,72.0,40.0,37.0
1789681073.734320,554.587,1965,3996,72.0,40.0,37.0
1789681073.744320,554.587,1965,3996,72.0,40.0,37.0
1789681073.754318,554.587,1965,3996,72.0,40.0,37.0
1789681073.764569,553.287,1965,3996,68.0,37.0,37.0
1789681073.774320,553.287,1965,3996,68.0,37.0,37.0
1789681073.784319,553.287,1965,3996,68.0,37.0,37.0
1789681073.794320,553.287,1965,3996,68.0,37.0,37.0
1789681073.804317,553.287,1965,3996,68.0,37.0,37.0
1789681073.814319,553.287,1965,3996,68.0,37.0,37.0
1789681073.824318,553.287,1965,3996,68.0,37.0,37.0
1789681073.834595,553.287,1965,3996,68.0,37.0,37.0
1789681073.844320,553.287,1965,3996,68.0,37.0,37.0
1789681073.854320,553.287,1965,3996,68.0,37.0,37.0
1789681073.864316,551.497,1965,3996,68.0,37.0,37.0
1789681073.874315,551.497,1965,3996,68.0,37.0,37.0
1789681073.884317,551.497,1965,3996,68.0,37.0,37.0
1789681073.894318,551.497,1965,3996,68.0,37.0,37.0
1789681073.904318,551.497,1965,3996,68.0,37.0,37.0
1789681073.914322,551.497,1965,3996,68.0,37.0,37.0
1789681073.924320,551.497,1965,3996,68.0,37.0,37.0
1789681073.934318,551.497,1965,3996,68.0,37.0,37.0
1789681073.944318,551.497,1965,3996,68.0,37.0,37.0
1789681073.954314,551.497,1965,3996,68.0,37.0,37.0
1789681073.964319,550.621,1965,3996,72.0,40.0,37.0
1789681073.974316,550.621,1965,3996,72.0,40.0,37.0
1789681073.984317,550.621,1965,3996,72.0,40.0,37.0
1789681073.994319,550.621,1965,3996,72.0,40.0,37.0
1789681074.004315,550.621,1965,3996,72.0,40.0,37.0
1789681074.014317,550.621,1965,3996,72.0,40.0,37.0
1789681074.024348,550.621,1965,3996,72.0,40.0,37.0
1789681074.034318,550.621,1965,3996,72.0,40.0,37.0
1789681074.044317,550.621,1965,3996,72.0,40.0,37.0
1789681074.054317,550.621,1965,3996,72.0,40.0,37.0
1789681074.064318,549.872,1965,3996,72.0,40.0,37.0
1789681074.074317,549.872,1965,3996,72.0,40.0,37.0
1789681074.084318,549.872,1965,3996,72.0,40.0,37.0
1789681074.094317,549.872,1965,3996,72.0,40.0,37.0
1789681074.104315,549.872,1965,3996,72.0,40.0,37.0
1789681074.114317,549.872,1965,3996,72.0,40.0,37.0
1789681074.124317,549.872,1965,3996,72.0,40.0,37.0
1789681074.134531,549.872,1965,3996,72.0,40.0,37.0
1789681074.144319,549.872,1965,3996,72.0,40.0,37.0
1789681074.154318,549.872,1965,3996,72.0,40.0,37.0
1789681074.164317,546.062,1965,3996,72.0,40.0,37.0
1789681074.174318,546.062,1965,3996,72.0,40.0,37.0
1789681074.184317,546.062,1965,3996,72.0,40.0,37.0
1789681074.194318,546.062,1965,3996,72.0,40.0,37.0
1789681074.204317,546.062,1965,3996,72.0,40.0,37.0
1789681074.214317,546.062,1965,3996,72.0,40.0,37.0
1789681074.224318,546.062,1965,3996,72.0,40.0,37.0
1789681074.234317,546.062,1965,3996,72.0,40.0,37.0
1789681074.244318,546.062,1965,3996,72.0,40.0,37.0
1789681074.254317,546.062,1965,3996,72.0,40.0,37.0
1789681074.264318,546.006,1965,3996,72.0,40.0,37.0
1789681074.274318,546.006,1965,3996,72.0,40.0,37.0
1789681074.284318,546.006,1965,3996,72.0,40.0,37.0
1789681074.294317,546.006,1965,3996,72.0,40.0,37.0
1789681074.304317,546.006,1965,3996,72.0,40.0,37.0
1789681074.314317,546.006,1965,3996,72.0,40.0,37.0
1789681074.324313,546.006,1965,3996,72.0,40.0,37.0
1789681074.334319,546.006,1965,3996,72.0,40.0,37.0
1789681074.344631,546.006,1965,3996,72.0,40.0,37.0
1789681074.354320,546.006,1965,3996,72.0,40.0,37.0
1789681074.364320,545.295,1965,3996,72.0,40.0,37.0
1789681074.374317,545.295,1965,3996,72.0,40.0,37.0
1789681074.384317,545.295,1965,3996,72.0,40.0,37.0
1789681074.394320,545.295,1965,3996,72.0,40.0,37.0
1789681074.404320,545.295,1965,3996,72.0,40.0,37.0
1789681074.414320,545.295,1965,3996,72.0,40.0,37.0
1789681074.424320,545.295,1965,3996,72.0,40.0,37.0
1789681074.434320,545.295,1965,3996,72.0,40.0,37.0
1789681074.444319,545.295,1965,3996,72.0,40.0,37.0
1789681074.454320,545.295,1965,3996,72.0,40.0,37.0
1789681074.464319,543.158,1965,3996,72.0,40.0,37.0
1789681074.474319,543.158,1965,3996,72.0,40.0,37.0
1789681074.484320,543.158,1965,3996,72.0,40.0,37.0
1789681074.494319,543.158,1965,3996,72.0,40.0,37.0
1789681074.504316,543.158,1965,3996,72.0,40.0,37.0
1789681074.514318,543.158,1965,3996,72.0,40.0,37.0
1789681074.524320,543.158,1965,3996,72.0,40.0,37.0
1789681074.534319,543.158,1965,3996,72.0,40.0,37.0
1789681074.544319,543.158,1965,3996,72.0,40.0,37.0
1789681074.554320,543.158,1965,3996,72.0,40.0,37.0
1789681074.564319,542.989,1965,3996,72.0,40.0,37.0
1789681074.574317,542.989,1965,3996,72.0,40.0,37.0
1789681074.584317,542.989,1965,3996,72.0,40.0,37.0
1789681074.594316,542.989,1965,3996,72.0,40.0,37.0
1789681074.604320,542.989,1965,3996,72.0,40.0,37.0
1789681074.614320,542.989,1965,3996,72.0,40.0,37.0
1789681074.624320,542.989,1965,3996,72.0,40.0,37.0
1789681074.634324,542.989,1965,3996,72.0,40.0,37.0
1789681074.644321,542.989,1965,3996,72.0,40.0,37.0
1789681074.654319,542.989,1965,3996,72.0,40.0,37.0
1789681074.664320,544.124,1965,3996,72.0,40.0,37.0
1789681074.674321,544.124,1965,3996,72.0,40.0,37.0
1789681074.684320,544.124,1965,3996,72.0,40.0,37.0
1789681074.694320,544.124,1965,3996,72.0,40.0,37.0
1789681074.704321,544.124,1965,3996,72.0,40.0,37.0
1789681074.714317,544.124,1965,3996,72.0,40.0,37.0
1789681074.724321,544.124,1965,3996,72.0,40.0,37.0
1789681074.734317,544.124,1965,3996,72.0,40.0,37.0
1789681074.744319,544.124,1965,3996,72.0,40.0,37.0
1789681074.754320,544.124,1965,3996,72.0,40.0,37.0
1789681074.764319,543.254,1965,3996,72.0,40.0,37.0
1789681074.774320,543.254,1965,3996,72.0,40.0,37.0
1789681074.784319,543.254,1965,3996,72.0,40.0,37.0
1789681074.794319,543.254,1965,3996,72.0,40.0,37.0
1789681074.804319,543.254,1965,3996,72.0,40.0,37.0
1789681074.814320,543.254,1965,3996,72.0,40.0,37.0
1789681074.824320,543.254,1965,3996,72.0,40.0,37.0
1789681074.834320,543.254,1965,3996,72.0,40.0,37.0
1789681074.844321,543.254,1965,3996,72.0,40.0,37.0
1789681074.854320,543.254,1965,3996,72.0,40.0,37.0
1789681074.864319,542.848,1965,3996,72.0,40.0,37.0
1789681074.874443,542.848,1965,3996,72.0,40.0,37.0
1789681074.884438,542.848,1965,3996,72.0,40.0,37.0
1789681074.894381,542.848,1965,3996,72.0,40.0,37.0
1789681074.904374,542.848,1965,3996,72.0,40.0,37.0
1789681074.914439,542.848,1965,3996,72.0,40.0,37.0
1789681074.924619,542.848,1965,3996,72.0,40.0,37.0
1789681074.934375,542.848,1965,3996,72.0,40.0,37.0
1789681074.944327,542.848,1965,3996,72.0,40.0,37.0
1789681074.954374,542.848,1965,3996,72.0,40.0,37.0
1789681074.964320,541.461,1965,3996,71.0,39.0,37.0
1789681074.974329,541.461,1965,3996,71.0,39.0,37.0
1789681074.984322,541.461,1965,3996,71.0,39.0,37.0
1789681074.994418,541.461,1965,3996,71.0,39.0,37.0
1789681075.004432,541.461,1965,3996,71.0,39.0,37.0
1789681075.014425,541.461,1965,3996,71.0,39.0,37.0
1789681075.024378,541.461,1965,3996,71.0,39.0,37.0
1789681075.034562,541.461,1965,3996,71.0,39.0,37.0
1789681075.044426,541.461,1965,3996,71.0,39.0,37.0
1789681075.054358,541.461,1965,3996,71.0,39.0,37.0
1789681075.064321,540.810,1965,3996,71.0,39.0,37.0
1789681075.074324,540.810,1965,3996,71.0,39.0,37.0
1789681075.084441,540.810,1965,3996,71.0,39.0,37.0
1789681075.094313,540.810,1965,3996,71.0,39.0,37.0
1789681075.104317,540.810,1965,3996,71.0,39.0,37.0
1789681075.114371,540.810,1965,3996,71.0,39.0,37.0
1789681075.124374,540.810,1965,3996,71.0,39.0,37.0
1789681075.134378,540.810,1965,3996,71.0,39.0,37.0
1789681075.144381,540.810,1965,3996,71.0,39.0,37.0
1789681075.154324,540.810,1965,3996,71.0,39.0,37.0
1789681075.164327,540.870,1965,3996,72.0,40.0,37.0
1789681075.174321,540.870,1965,3996,72.0,40.0,37.0
1789681075.184324,540.870,1965,3996,72.0,40.0,37.0
1789681075.194380,540.870,1965,3996,72.0,40.0,37.0
1789681075.204314,540.870,1965,3996,72.0,40.0,37.0
1789681075.214528,540.870,1965,3996,72.0,40.0,37.0
1789681075.224432,540.870,1965,3996,72.0,40.0,37.0
1789681075.234374,540.870,1965,3996,72.0,40.0,37.0
1789681075.244378,540.870,1965,3996,72.0,40.0,37.0
1789681075.254443,540.870,1965,3996,72.0,40.0,37.0
1789681075.264597,542.545,1965,3996,72.0,40.0,37.0
1789681075.274379,542.545,1965,3996,72.0,40.0,37.0
1789681075.284322,542.545,1965,3996,72.0,40.0,37.0
1789681075.294356,542.545,1965,3996,72.0,40.0,37.0
1789681075.304359,542.545,1965,3996,72.0,40.0,37.0
1789681075.314322,542.545,1965,3996,72.0,40.0,37.0
1789681075.324407,542.545,1965,3996,72.0,40.0,37.0
1789681075.334340,542.545,1965,3996,72.0,40.0,37.0
1789681075.344322,542.545,1965,3996,72.0,40.0,37.0
1789681075.354326,542.545,1965,3996,72.0,40.0,37.0
1789681075.364321,542.290,1965,3996,69.0,38.0,37.0
1789681075.374318,542.290,1965,3996,69.0,38.0,37.0
1789681075.384315,542.290,1965,3996,69.0,38.0,37.0
1789681075.394315,542.290,1965,3996,69.0,38.0,37.0
1789681075.404315,542.290,1965,3996,69.0,38.0,37.0
1789681075.414381,542.290,1965,3996,69.0,38.0,37.0
1789681075.424373,542.290,1965,3996,69.0,38.0,37.0
1789681075.434322,542.290,1965,3996,69.0,38.0,37.0
1789681075.444327,542.290,1965,3996,69.0,38.0,37.0
1789681075.454343,542.290,1965,3996,69.0,38.0,37.0
1789681075.464323,543.592,1965,3996,69.0,38.0,37.0
1789681075.474318,543.592,1965,3996,69.0,38.0,37.0
1789681075.484315,543.592,1965,3996,69.0,38.0,37.0
1789681075.494378,543.592,1965,3996,69.0,38.0,37.0
1789681075.504381,543.592,1965,3996,69.0,38.0,37.0
1789681075.514318,543.592,1965,3996,69.0,38.0,37.0
1789681075.524389,543.592,1965,3996,69.0,38.0,37.0
1789681075.534444,543.592,1965,3996,69.0,38.0,37.0
1789681075.544318,543.592,1965,3996,69.0,38.0,37.0
1789681075.554317,543.592,1965,3996,69.0,38.0,37.0
1789681075.564322,543.895,1965,3996,71.0,40.0,37.0
1789681075.574326,543.895,1965,3996,71.0,40.0,37.0
1789681075.584371,543.895,1965,3996,71.0,40.0,37.0
1789681075.594374,543.895,1965,3996,71.0,40.0,37.0
1789681075.604388,543.895,1965,3996,71.0,40.0,37.0
1789681075.614372,543.895,1965,3996,71.0,40.0,37.0
1789681075.624408,543.895,1965,3996,71.0,40.0,37.0
1789681075.634378,543.895,1965,3996,71.0,40.0,37.0
1789681075.644321,543.895,1965,3996,71.0,40.0,37.0
1789681075.654376,543.895,1965,3996,71.0,40.0,37.0
1789681075.664369,542.695,1965,3996,71.0,40.0,37.0
1789681075.674373,542.695,1965,3996,71.0,40.0,37.0
1789681075.684314,542.695,1965,3996,71.0,40.0,37.0
1789681075.694320,542.695,1965,3996,71.0,40.0,37.0
1789681075.704323,542.695,1965,3996,71.0,40.0,37.0
1789681075.714378,542.695,1965,3996,71.0,40.0,37.0
1789681075.724314,542.695,1965,3996,71.0,40.0,37.0
1789681075.734385,542.695,1965,3996,71.0,40.0,37.0
1789681075.744502,542.695,1965,3996,71.0,40.0,37.0
1789681075.754372,542.695,1965,3996,71.0,40.0,37.0
1789681075.764325,545.041,1965,3996,71.0,39.0,37.0
1789681075.774329,545.041,1965,3996,71.0,39.0,37.0
1789681075.784322,545.041,1965,3996,71.0,39.0,37.0
1789681075.794743,545.041,1965,3996,71.0,39.0,37.0
1789681075.804380,545.041,1965,3996,71.0,39.0,37.0
1789681075.814374,545.041,1965,3996,71.0,39.0,37.0
1789681075.824313,545.041,1965,3996,71.0,39.0,37.0
1789681075.834442,545.041,1965,3996,71.0,39.0,37.0
1789681075.844426,545.041,1965,3996,71.0,39.0,37.0
1789681075.854379,545.041,1965,3996,71.0,39.0,37.0
1789681075.864317,545.740,1965,3996,71.0,39.0,37.0
1789681075.874355,545.740,1965,3996,71.0,39.0,37.0
1789681075.884431,545.740,1965,3996,71.0,39.0,37.0
1789681075.894423,545.740,1965,3996,71.0,39.0,37.0
1789681075.904376,545.740,1965,3996,71.0,39.0,37.0
1789681075.914380,545.740,1965,3996,71.0,39.0,37.0
1789681075.924374,545.740,1965,3996,71.0,39.0,37.0
1789681075.934418,545.740,1965,3996,71.0,39.0,37.0
1789681075.944371,545.740,1965,3996,71.0,39.0,37.0
1789681075.954436,545.740,1965,3996,71.0,39.0,37.0
1789681075.964399,547.457,1965,3996,71.0,40.0,37.0
1789681075.974322,547.457,1965,3996,71.0,40.0,37.0
1789681075.984324,547.457,1965,3996,71.0,40.0,37.0
1789681075.994379,547.457,1965,3996,71.0,40.0,37.0
1789681076.004403,547.457,1965,3996,71.0,40.0,37.0
1789681076.014376,547.457,1965,3996,71.0,40.0,37.0
1789681076.024391,547.457,1965,3996,71.0,40.0,37.0
1789681076.034435,547.457,1965,3996,71.0,40.0,37.0
1789681076.044313,547.457,1965,3996,71.0,40.0,37.0
1789681076.054321,547.457,1965,3996,71.0,40.0,37.0
1789681076.064314,546.882,1965,3996,71.0,40.0,37.0
1789681076.074313,546.882,1965,3996,71.0,40.0,37.0
1789681076.084315,546.882,1965,3996,71.0,40.0,37.0
1789681076.094316,546.882,1965,3996,71.0,40.0,37.0
1789681076.104314,546.882,1965,3996,71.0,40.0,37.0
1789681076.114317,546.882,1965,3996,71.0,40.0,37.0
1789681076.124316,546.882,1965,3996,71.0,40.0,37.0
1789681076.134316,546.882,1965,3996,71.0,40.0,37.0
1789681076.144314,546.882,1965,3996,71.0,40.0,37.0
1789681076.154315,546.882,1965,3996,71.0,40.0,37.0
1789681076.164317,547.238,1965,3996,71.0,39.0,37.0
1789681076.174351,547.238,1965,3996,71.0,39.0,37.0
1789681076.184322,547.238,1965,3996,71.0,39.0,37.0
1789681076.194320,547.238,1965,3996,71.0,39.0,37.0
1789681076.204318,547.238,1965,3996,71.0,39.0,37.0
1789681076.214316,547.238,1965,3996,71.0,39.0,37.0
1789681076.224318,547.238,1965,3996,71.0,39.0,37.0
1789681076.234319,547.238,1965,3996,71.0,39.0,37.0
1789681076.244318,547.238,1965,3996,71.0,39.0,37.0
1789681076.254320,547.238,1965,3996,71.0,39.0,37.0
1789681076.264321,548.252,1965,3996,71.0,39.0,37.0
1789681076.274320,548.252,1965,3996,71.0,39.0,37.0
1789681076.284316,548.252,1965,3996,71.0,39.0,37.0
1789681076.294320,548.252,1965,3996,71.0,39.0,37.0
1789681076.304319,548.252,1965,3996,71.0,39.0,37.0
1789681076.314321,548.252,1965,3996,71.0,39.0,37.0
1789681076.324320,548.252,1965,3996,71.0,39.0,37.0
1789681076.334320,548.252,1965,3996,71.0,39.0,37.0
1789681076.344320,548.252,1965,3996,71.0,39.0,37.0
1789681076.354320,548.252,1965,3996,71.0,39.0,37.0
1789681076.364320,548.400,1965,3996,71.0,39.0,37.0
1789681076.374319,548.400,1965,3996,71.0,39.0,37.0
1789681076.384320,548.400,1965,3996,71.0,39.0,37.0
1789681076.394319,548.400,1965,3996,71.0,39.0,37.0
1789681076.404320,548.400,1965,3996,71.0,39.0,37.0
1789681076.414320,548.400,1965,3996,71.0,39.0,37.0
1789681076.424319,548.400,1965,3996,71.0,39.0,37.0
1789681076.434320,548.400,1965,3996,71.0,39.0,37.0
1789681076.444319,548.400,1965,3996,71.0,39.0,37.0
1789681076.454320,548.400,1965,3996,71.0,39.0,37.0
1789681076.464320,548.103,1965,3996,71.0,39.0,37.0
1789681076.474319,548.103,1965,3996,71.0,39.0,37.0
1789681076.484319,548.103,1965,3996,71.0,39.0,37.0
1789681076.494319,548.103,1965,3996,71.0,39.0,37.0
1789681076.504319,548.103,1965,3996,71.0,39.0,37.0
1789681076.514276,548.103,1965,3996,71.0,39.0,37.0
1789681076.524322,548.103,1965,3996,71.0,39.0,37.0
1789681076.534319,548.103,1965,3996,71.0,39.0,37.0
1789681076.544319,548.103,1965,3996,71.0,39.0,37.0
1789681076.554785,548.103,1965,3996,71.0,39.0,37.0
1789681076.564319,548.569,1965,3996,71.0,39.0,37.0
1789681076.574319,548.569,1965,3996,71.0,39.0,37.0
1789681076.584581,548.569,1965,3996,71.0,39.0,37.0
1789681076.594319,548.569,1965,3996,71.0,39.0,37.0
1789681076.604320,548.569,1965,3996,71.0,39.0,37.0
1789681076.614319,548.569,1965,3996,71.0,39.0,37.0
1789681076.624321,548.569,1965,3996,71.0,39.0,37.0
1789681076.634320,548.569,1965,3996,71.0,39.0,37.0
1789681076.644319,548.569,1965,3996,71.0,39.0,37.0
1789681076.654318,548.569,1965,3996,71.0,39.0,37.0
1789681076.664318,550.028,1965,3996,71.0,39.0,37.0
1789681076.674318,550.028,1965,3996,71.0,39.0,37.0
1789681076.684316,550.028,1965,3996,71.0,39.0,37.0
1789681076.694465,550.028,1965,3996,71.0,39.0,37.0
1789681076.704315,550.028,1965,3996,71.0,39.0,37.0
1789681076.714318,550.028,1965,3996,71.0,39.0,37.0
1789681076.724319,550.028,1965,3996,71.0,39.0,37.0
1789681076.734419,550.028,1965,3996,71.0,39.0,37.0
1789681076.744318,550.028,1965,3996,71.0,39.0,37.0
1789681076.754317,550.028,1965,3996,71.0,39.0,37.0
1789681076.764420,549.227,1965,3996,71.0,39.0,37.0
1789681076.774321,549.227,1965,3996,71.0,39.0,37.0
1789681076.784437,549.227,1965,3996,71.0,39.0,37.0
1789681076.794338,549.227,1965,3996,71.0,39.0,37.0
1789681076.804444,549.227,1965,3996,71.0,39.0,37.0
1789681076.814322,549.227,1965,3996,71.0,39.0,37.0
1789681076.824317,549.227,1965,3996,71.0,39.0,37.0
1789681076.834318,549.227,1965,3996,71.0,39.0,37.0
1789681076.844377,549.227,1965,3996,71.0,39.0,37.0
1789681076.854323,549.227,1965,3996,71.0,39.0,37.0
1789681076.864317,548.622,1965,3996,71.0,39.0,37.0
1789681076.874409,548.622,1965,3996,71.0,39.0,37.0
1789681076.884413,548.622,1965,3996,71.0,39.0,37.0
1789681076.894317,548.622,1965,3996,71.0,39.0,37.0
1789681076.904358,548.622,1965,3996,71.0,39.0,37.0
1789681076.914383,548.622,1965,3996,71.0,39.0,37.0
1789681076.924438,548.622,1965,3996,71.0,39.0,37.0
1789681076.934318,548.622,1965,3996,71.0,39.0,37.0
1789681076.944374,548.622,1965,3996,71.0,39.0,37.0
1789681076.954377,548.622,1965,3996,71.0,39.0,37.0
1789681076.964323,547.926,1965,3996,71.0,40.0,37.0
1789681076.974313,547.926,1965,3996,71.0,40.0,37.0
1789681076.984440,547.926,1965,3996,71.0,40.0,37.0
1789681076.994433,547.926,1965,3996,71.0,40.0,37.0
1789681077.004318,547.926,1965,3996,71.0,40.0,37.0
1789681077.014420,547.926,1965,3996,71.0,40.0,37.0
1789681077.024413,547.926,1965,3996,71.0,40.0,37.0
1789681077.034356,547.926,1965,3996,71.0,40.0,37.0
1789681077.044314,547.926,1965,3996,71.0,40.0,37.0
1789681077.054394,547.926,1965,3996,71.0,40.0,37.0
1789681077.064377,548.400,1965,3996,71.0,40.0,37.0
1789681077.074381,548.400,1965,3996,71.0,40.0,37.0
1789681077.084445,548.400,1965,3996,71.0,40.0,37.0
1789681077.094511,548.400,1965,3996,71.0,40.0,37.0
1789681077.104321,548.400,1965,3996,71.0,40.0,37.0
1789681077.114436,548.400,1965,3996,71.0,40.0,37.0
1789681077.124368,548.400,1965,3996,71.0,40.0,37.0
1789681077.134372,548.400,1965,3996,71.0,40.0,37.0
1789681077.144427,548.400,1965,3996,71.0,40.0,37.0
1789681077.154664,548.400,1965,3996,71.0,40.0,37.0
1789681077.164383,548.901,1965,3996,71.0,40.0,37.0
1789681077.174377,548.901,1965,3996,71.0,40.0,37.0
1789681077.184381,548.901,1965,3996,71.0,40.0,37.0
1789681077.194445,548.901,1965,3996,71.0,40.0,37.0
1789681077.204378,548.901,1965,3996,71.0,40.0,37.0
1789681077.214443,548.901,1965,3996,71.0,40.0,37.0
1789681077.224315,548.901,1965,3996,71.0,40.0,37.0
1789681077.234316,548.901,1965,3996,71.0,40.0,37.0
1789681077.244321,548.901,1965,3996,71.0,40.0,37.0
1789681077.254316,548.901,1965,3996,71.0,40.0,37.0
1789681077.264315,548.816,1965,3996,71.0,40.0,37.0
1789681077.274317,548.816,1965,3996,71.0,40.0,37.0
1789681077.284316,548.816,1965,3996,71.0,40.0,37.0
1789681077.294309,548.816,1965,3996,71.0,40.0,37.0
1789681077.304315,548.816,1965,3996,71.0,40.0,37.0
1789681077.314316,548.816,1965,3996,71.0,40.0,37.0
1789681077.324317,548.816,1965,3996,71.0,40.0,37.0
1789681077.334310,548.816,1965,3996,71.0,40.0,37.0
1789681077.344316,548.816,1965,3996,71.0,40.0,37.0
1789681077.354316,548.816,1965,3996,71.0,40.0,37.0
1789681077.364316,548.188,1965,3996,71.0,40.0,37.0
1789681077.374365,548.188,1965,3996,71.0,40.0,37.0
1789681077.384319,548.188,1965,3996,71.0,40.0,37.0
1789681077.394320,548.188,1965,3996,71.0,40.0,37.0
1789681077.404319,548.188,1965,3996,71.0,40.0,37.0
1789681077.414320,548.188,1965,3996,71.0,40.0,37.0
1789681077.424320,548.188,1965,3996,71.0,40.0,37.0
1789681077.434579,548.188,1965,3996,71.0,40.0,37.0
1789681077.444320,548.188,1965,3996,71.0,40.0,37.0
1789681077.454317,548.188,1965,3996,71.0,40.0,37.0
1789681077.464320,549.772,1965,3996,71.0,40.0,37.0
1789681077.474320,549.772,1965,3996,71.0,40.0,37.0
1789681077.484319,549.772,1965,3996,71.0,40.0,37.0
1789681077.494320,549.772,1965,3996,71.0,40.0,37.0
1789681077.504320,549.772,1965,3996,71.0,40.0,37.0
1789681077.514320,549.772,1965,3996,71.0,40.0,37.0
1789681077.524321,549.772,1965,3996,71.0,40.0,37.0
1789681077.534319,549.772,1965,3996,71.0,40.0,37.0
1789681077.544320,549.772,1965,3996,71.0,40.0,37.0
1789681077.554320,549.772,1965,3996,71.0,40.0,37.0
1789681077.564320,548.344,1965,3996,72.0,39.0,37.0
1789681077.574320,548.344,1965,3996,72.0,39.0,37.0
1789681077.584320,548.344,1965,3996,72.0,39.0,37.0
1789681077.594320,548.344,1965,3996,72.0,39.0,37.0
1789681077.604320,548.344,1965,3996,72.0,39.0,37.0
1789681077.614319,548.344,1965,3996,72.0,39.0,37.0
1789681077.624318,548.344,1965,3996,72.0,39.0,37.0
1789681077.634320,548.344,1965,3996,72.0,39.0,37.0
1789681077.644316,548.344,1965,3996,72.0,39.0,37.0
1789681077.654318,548.344,1965,3996,72.0,39.0,37.0
1789681077.664320,547.619,1965,3996,72.0,39.0,37.0
1789681077.674320,547.619,1965,3996,72.0,39.0,37.0
1789681077.684652,547.619,1965,3996,72.0,39.0,37.0
1789681077.694320,547.619,1965,3996,72.0,39.0,37.0
1789681077.704321,547.619,1965,3996,72.0,39.0,37.0
1789681077.714560,547.619,1965,3996,72.0,39.0,37.0
1789681077.724321,547.619,1965,3996,72.0,39.0,37.0
1789681077.734320,547.619,1965,3996,72.0,39.0,37.0
1789681077.744485,547.619,1965,3996,72.0,39.0,37.0
1789681077.754387,547.619,1965,3996,72.0,39.0,37.0
1789681077.764330,547.813,1965,3996,71.0,39.0,37.0
1789681077.774426,547.813,1965,3996,71.0,39.0,37.0
1789681077.784450,547.813,1965,3996,71.0,39.0,37.0
1789681077.794383,547.813,1965,3996,71.0,39.0,37.0
1789681077.804324,547.813,1965,3996,71.0,39.0,37.0
1789681077.814313,547.813,1965,3996,71.0,39.0,37.0
1789681077.824322,547.813,1965,3996,71.0,39.0,37.0
1789681077.834326,547.813,1965,3996,71.0,39.0,37.0
1789681077.844410,547.813,1965,3996,71.0,39.0,37.0
1789681077.854496,547.813,1965,3996,71.0,39.0,37.0
1789681077.864459,548.123,1965,3996,71.0,39.0,37.0
1789681077.874462,548.123,1965,3996,71.0,39.0,37.0
1789681077.884636,548.123,1965,3996,71.0,39.0,37.0
1789681077.894378,548.123,1965,3996,71.0,39.0,37.0
1789681077.904371,548.123,1965,3996,71.0,39.0,37.0
1789681077.914324,548.123,1965,3996,71.0,39.0,37.0
1789681077.924399,548.123,1965,3996,71.0,39.0,37.0
1789681077.934372,548.123,1965,3996,71.0,39.0,37.0
1789681077.944417,548.123,1965,3996,71.0,39.0,37.0
1789681077.954541,548.123,1965,3996,71.0,39.0,37.0
1789681077.964374,548.141,1965,3996,71.0,39.0,37.0
1789681077.974408,548.141,1965,3996,71.0,39.0,37.0
1789681077.984313,548.141,1965,3996,71.0,39.0,37.0
1789681077.994415,548.141,1965,3996,71.0,39.0,37.0
1789681078.004388,548.141,1965,3996,71.0,39.0,37.0
1789681078.014443,548.141,1965,3996,71.0,39.0,37.0
1789681078.024405,548.141,1965,3996,71.0,39.0,37.0
1789681078.034510,548.141,1965,3996,71.0,39.0,37.0
1789681078.044373,548.141,1965,3996,71.0,39.0,37.0
1789681078.054375,548.141,1965,3996,71.0,39.0,37.0
1789681078.064329,546.725,1965,3996,71.0,39.0,37.0
1789681078.074383,546.725,1965,3996,71.0,39.0,37.0
1789681078.084377,546.725,1965,3996,71.0,39.0,37.0
1789681078.094314,546.725,1965,3996,71.0,39.0,37.0
1789681078.104405,546.725,1965,3996,71.0,39.0,37.0
1789681078.114378,546.725,1965,3996,71.0,39.0,37.0
1789681078.124391,546.725,1965,3996,71.0,39.0,37.0
1789681078.134385,546.725,1965,3996,71.0,39.0,37.0
1789681078.144379,546.725,1965,3996,71.0,39.0,37.0
1789681078.154321,546.725,1965,3996,71.0,39.0,37.0
1789681078.164376,545.169,1965,3996,68.0,37.0,37.0
1789681078.174441,545.169,1965,3996,68.0,37.0,37.0
1789681078.184373,545.169,1965,3996,68.0,37.0,37.0
1789681078.194387,545.169,1965,3996,68.0,37.0,37.0
1789681078.204432,545.169,1965,3996,68.0,37.0,37.0
1789681078.214405,545.169,1965,3996,68.0,37.0,37.0
1789681078.224570,545.169,1965,3996,68.0,37.0,37.0
1789681078.234314,545.169,1965,3996,68.0,37.0,37.0
1789681078.244416,545.169,1965,3996,68.0,37.0,37.0
1789681078.254316,545.169,1965,3996,68.0,37.0,37.0
1789681078.264332,543.204,1965,3996,68.0,37.0,37.0
1789681078.274324,543.204,1965,3996,68.0,37.0,37.0
1789681078.284390,543.204,1965,3996,68.0,37.0,37.0
1789681078.294444,543.204,1965,3996,68.0,37.0,37.0
1789681078.304376,543.204,1965,3996,68.0,37.0,37.0
1789681078.314381,543.204,1965,3996,68.0,37.0,37.0
1789681078.324315,543.204,1965,3996,68.0,37.0,37.0
1789681078.334419,543.204,1965,3996,68.0,37.0,37.0
1789681078.344381,543.204,1965,3996,68.0,37.0,37.0
1789681078.354374,543.204,1965,3996,68.0,37.0,37.0
1789681078.364327,542.600,1965,3996,70.0,39.0,37.0
1789681078.374322,542.600,1965,3996,70.0,39.0,37.0
1789681078.384314,542.600,1965,3996,70.0,39.0,37.0
1789681078.394482,542.600,1965,3996,70.0,39.0,37.0
1789681078.404434,542.600,1965,3996,70.0,39.0,37.0
1789681078.414387,542.600,1965,3996,70.0,39.0,37.0
1789681078.424313,542.600,1965,3996,70.0,39.0,37.0
1789681078.434315,542.600,1965,3996,70.0,39.0,37.0
1789681078.444408,542.600,1965,3996,70.0,39.0,37.0
1789681078.454412,542.600,1965,3996,70.0,39.0,37.0
1789681078.464567,543.317,1965,3996,70.0,39.0,37.0
1789681078.474321,543.317,1965,3996,70.0,39.0,37.0
1789681078.484320,543.317,1965,3996,70.0,39.0,37.0
1789681078.494317,543.317,1965,3996,70.0,39.0,37.0
1789681078.504317,543.317,1965,3996,70.0,39.0,37.0
1789681078.514316,543.317,1965,3996,70.0,39.0,37.0
1789681078.524316,543.317,1965,3996,70.0,39.0,37.0
1789681078.534572,543.317,1965,3996,70.0,39.0,37.0
1789681078.544315,543.317,1965,3996,70.0,39.0,37.0
1789681078.554316,543.317,1965,3996,70.0,39.0,37.0
1789681078.564317,543.385,1965,3996,71.0,40.0,37.0
1789681078.574315,543.385,1965,3996,71.0,40.0,37.0
1789681078.584317,543.385,1965,3996,71.0,40.0,37.0
1789681078.594316,543.385,1965,3996,71.0,40.0,37.0
1789681078.604316,543.385,1965,3996,71.0,40.0,37.0
1789681078.614343,543.385,1965,3996,71.0,40.0,37.0
1789681078.624339,543.385,1965,3996,71.0,40.0,37.0
1789681078.634316,543.385,1965,3996,71.0,40.0,37.0
1789681078.644317,543.385,1965,3996,71.0,40.0,37.0
1789681078.654320,543.385,1965,3996,71.0,40.0,37.0
1789681078.664321,543.816,1965,3996,71.0,40.0,37.0
1789681078.674317,543.816,1965,3996,71.0,40.0,37.0
1789681078.684319,543.816,1965,3996,71.0,40.0,37.0
1789681078.694320,543.816,1965,3996,71.0,40.0,37.0
1789681078.704317,543.816,1965,3996,71.0,40.0,37.0
1789681078.714318,543.816,1965,3996,71.0,40.0,37.0
1789681078.724318,543.816,1965,3996,71.0,40.0,37.0
1789681078.734316,543.816,1965,3996,71.0,40.0,37.0
1789681078.744426,543.816,1965,3996,71.0,40.0,37.0
1789681078.754390,543.816,1965,3996,71.0,40.0,37.0
1789681078.764322,543.566,1965,3996,71.0,40.0,37.0
1789681078.774438,543.566,1965,3996,71.0,40.0,37.0
1789681078.784401,543.566,1965,3996,71.0,40.0,37.0
1789681078.794415,543.566,1965,3996,71.0,40.0,37.0
1789681078.804322,543.566,1965,3996,71.0,40.0,37.0
1789681078.814372,543.566,1965,3996,71.0,40.0,37.0
1789681078.824427,543.566,1965,3996,71.0,40.0,37.0
1789681078.834329,543.566,1965,3996,71.0,40.0,37.0
1789681078.844392,543.566,1965,3996,71.0,40.0,37.0
1789681078.854325,543.566,1965,3996,71.0,40.0,37.0
1789681078.864329,544.460,1965,3996,71.0,40.0,37.0
1789681078.874445,544.460,1965,3996,71.0,40.0,37.0
1789681078.884326,544.460,1965,3996,71.0,40.0,37.0
1789681078.894443,544.460,1965,3996,71.0,40.0,37.0
1789681078.904425,544.460,1965,3996,71.0,40.0,37.0
1789681078.914314,544.460,1965,3996,71.0,40.0,37.0
1789681078.924413,544.460,1965,3996,71.0,40.0,37.0
1789681078.934376,544.460,1965,3996,71.0,40.0,37.0
1789681078.944379,544.460,1965,3996,71.0,40.0,37.0
1789681078.954372,544.460,1965,3996,71.0,40.0,37.0
1789681078.964376,544.564,1965,3996,71.0,40.0,37.0
1789681078.974441,544.564,1965,3996,71.0,39.0,37.0
1789681078.984315,544.564,1965,3996,71.0,39.0,37.0
1789681078.994377,544.564,1965,3996,71.0,39.0,37.0
1789681079.004442,544.564,1965,3996,71.0,39.0,37.0
1789681079.014384,544.564,1965,3996,71.0,39.0,37.0
1789681079.024318,544.564,1965,3996,71.0,39.0,37.0
1789681079.034382,544.564,1965,3996,71.0,39.0,37.0
1789681079.044325,544.564,1965,3996,71.0,39.0,37.0
1789681079.054379,544.564,1965,3996,71.0,39.0,37.0
1789681079.064423,545.425,1965,3996,71.0,39.0,37.0
1789681079.074406,545.425,1965,3996,71.0,39.0,37.0
1789681079.084411,545.425,1965,3996,71.0,39.0,37.0
1789681079.094318,545.425,1965,3996,71.0,39.0,37.0
1789681079.104397,545.425,1965,3996,71.0,39.0,37.0
1789681079.114401,545.425,1965,3996,71.0,39.0,37.0
1789681079.124313,545.425,1965,3996,71.0,39.0,37.0
1789681079.134439,545.425,1965,3996,71.0,39.0,37.0
1789681079.144434,545.425,1965,3996,71.0,39.0,37.0
1789681079.154375,545.425,1965,3996,71.0,39.0,37.0
1789681079.164388,545.683,1965,3996,72.0,40.0,37.0
1789681079.174402,545.683,1965,3996,72.0,40.0,37.0
1789681079.184406,545.683,1965,3996,72.0,40.0,37.0
1789681079.194440,545.683,1965,3996,72.0,40.0,37.0
1789681079.204465,545.683,1965,3996,72.0,40.0,37.0
1789681079.214417,545.683,1965,3996,72.0,40.0,37.0
1789681079.224411,545.683,1965,3996,72.0,40.0,37.0
1789681079.234317,545.683,1965,3996,72.0,40.0,37.0
1789681079.244398,545.683,1965,3996,72.0,40.0,37.0
1789681079.254432,545.683,1965,3996,72.0,40.0,37.0
1789681079.264324,546.823,1965,3996,72.0,40.0,37.0
1789681079.274327,546.823,1965,3996,72.0,40.0,37.0
1789681079.284444,546.823,1965,3996,72.0,40.0,37.0
1789681079.294376,546.823,1965,3996,72.0,40.0,37.0
1789681079.304369,546.823,1965,3996,72.0,40.0,37.0
1789681079.314394,546.823,1965,3996,72.0,40.0,37.0
1789681079.324313,546.823,1965,3996,72.0,40.0,37.0
1789681079.334319,546.823,1965,3996,72.0,40.0,37.0
1789681079.344446,546.823,1965,3996,72.0,40.0,37.0
1789681079.354336,546.823,1965,3996,72.0,40.0,37.0
1789681079.364382,548.419,1965,3996,72.0,40.0,37.0
1789681079.374437,548.419,1965,3996,71.0,39.0,37.0
1789681079.384388,548.419,1965,3996,71.0,39.0,37.0
1789681079.394382,548.419,1965,3996,71.0,39.0,37.0
1789681079.404314,548.419,1965,3996,71.0,39.0,37.0
1789681079.414379,548.419,1965,3996,71.0,39.0,37.0
1789681079.424433,548.419,1965,3996,71.0,39.0,37.0
1789681079.434325,548.419,1965,3996,71.0,39.0,37.0
1789681079.444329,548.419,1965,3996,71.0,39.0,37.0
1789681079.454435,548.419,1965,3996,71.0,39.0,37.0
1789681079.464323,546.776,1965,3996,71.0,39.0,37.0
1789681079.474317,546.776,1965,3996,71.0,39.0,37.0
1789681079.484316,546.776,1965,3996,71.0,39.0,37.0
1789681079.494318,546.776,1965,3996,71.0,39.0,37.0
1789681079.504318,546.776,1965,3996,71.0,39.0,37.0
1789681079.514319,546.776,1965,3996,71.0,39.0,37.0
1789681079.524379,546.776,1965,3996,71.0,39.0,37.0
1789681079.534413,546.776,1965,3996,71.0,39.0,37.0
1789681079.544438,546.776,1965,3996,71.0,39.0,37.0
1789681079.554329,546.776,1965,3996,71.0,39.0,37.0
1789681079.564322,547.638,1965,3996,71.0,39.0,37.0
1789681079.574661,547.638,1965,3996,72.0,40.0,37.0
1789681079.584421,547.638,1965,3996,72.0,40.0,37.0
1789681079.594436,547.638,1965,3996,72.0,40.0,37.0
1789681079.604398,547.638,1965,3996,72.0,40.0,37.0
1789681079.614413,547.638,1965,3996,72.0,40.0,37.0
1789681079.624385,547.638,1965,3996,72.0,40.0,37.0
1789681079.634460,547.638,1965,3996,72.0,40.0,37.0
1789681079.644341,547.638,1965,3996,72.0,40.0,37.0
1789681079.654376,547.638,1965,3996,72.0,40.0,37.0
1789681079.664329,547.641,1965,3996,72.0,40.0,37.0
1789681079.674342,547.641,1965,3996,72.0,40.0,37.0
1789681079.684397,547.641,1965,3996,72.0,40.0,37.0
1789681079.694411,547.641,1965,3996,72.0,40.0,37.0
1789681079.704317,547.641,1965,3996,72.0,40.0,37.0
1789681079.714320,547.641,1965,3996,72.0,40.0,37.0
1789681079.724315,547.641,1965,3996,72.0,40.0,37.0
1789681079.734316,547.641,1965,3996,72.0,40.0,37.0
1789681079.744612,547.641,1965,3996,72.0,40.0,37.0
1789681079.754316,547.641,1965,3996,72.0,40.0,37.0
1789681079.764316,546.461,1965,3996,72.0,40.0,37.0
1789681079.774316,546.461,1965,3996,71.0,39.0,37.0
1789681079.784316,546.461,1965,3996,71.0,39.0,37.0
1789681079.794317,546.461,1965,3996,71.0,39.0,37.0
1789681079.804317,546.461,1965,3996,71.0,39.0,37.0
1789681079.814315,546.461,1965,3996,71.0,39.0,37.0
1789681079.824407,546.461,1965,3996,71.0,39.0,37.0
1789681079.834316,546.461,1965,3996,71.0,39.0,37.0
1789681079.844320,546.461,1965,3996,71.0,39.0,37.0
1789681079.854320,546.461,1965,3996,71.0,39.0,37.0
1789681079.864320,545.957,1965,3996,71.0,39.0,37.0
1789681079.874316,545.957,1965,3996,71.0,39.0,37.0
1789681079.884318,545.957,1965,3996,71.0,39.0,37.0
1789681079.894319,545.957,1965,3996,71.0,39.0,37.0
1789681079.904318,545.957,1965,3996,71.0,39.0,37.0
1789681079.914316,545.957,1965,3996,71.0,39.0,37.0
1789681079.924322,545.957,1965,3996,71.0,39.0,37.0
1789681079.934319,545.957,1965,3996,71.0,39.0,37.0
1789681079.944319,545.957,1965,3996,71.0,39.0,37.0
1789681079.954323,545.957,1965,3996,71.0,39.0,37.0
1789681079.964320,546.258,1965,3996,71.0,39.0,37.0
1789681079.974320,546.258,1965,3996,71.0,40.0,37.0
1789681079.984318,546.258,1965,3996,71.0,40.0,37.0
1789681079.994317,546.258,1965,3996,71.0,40.0,37.0
1789681080.004318,546.258,1965,3996,71.0,40.0,37.0
1789681080.014327,546.258,1965,3996,71.0,40.0,37.0
1789681080.024331,546.258,1965,3996,71.0,40.0,37.0
1789681080.034313,546.258,1965,3996,71.0,40.0,37.0
1789681080.044313,546.258,1965,3996,71.0,40.0,37.0
1789681080.054314,546.258,1965,3996,71.0,40.0,37.0
1789681080.064320,547.628,1965,3996,71.0,40.0,37.0
1789681080.074317,547.628,1965,3996,71.0,40.0,37.0
1789681080.084673,547.628,1965,3996,71.0,40.0,37.0
1789681080.094315,547.628,1965,3996,71.0,40.0,37.0
1789681080.104315,547.628,1965,3996,71.0,40.0,37.0
1789681080.114316,547.628,1965,3996,71.0,40.0,37.0
1789681080.124616,547.628,1965,3996,71.0,40.0,37.0
1789681080.134295,547.628,1965,3996,71.0,40.0,37.0
1789681080.144316,547.628,1965,3996,71.0,40.0,37.0
1789681080.154315,547.628,1965,3996,71.0,40.0,37.0
1789681080.164316,546.520,1965,3996,71.0,40.0,37.0
1789681080.174317,546.520,1965,3996,69.0,38.0,37.0
1789681080.184330,546.520,1965,3996,69.0,38.0,37.0
1789681080.194319,546.520,1965,3996,69.0,38.0,37.0
1789681080.204319,546.520,1965,3996,69.0,38.0,37.0
1789681080.214316,546.520,1965,3996,69.0,38.0,37.0
1789681080.224289,546.520,1965,3996,69.0,38.0,37.0
1789681080.234319,546.520,1965,3996,69.0,38.0,37.0
1789681080.244319,546.520,1965,3996,69.0,38.0,37.0
1789681080.254318,546.520,1965,3996,69.0,38.0,37.0
1789681080.264586,546.921,1965,3996,69.0,38.0,37.0
1789681080.274321,546.921,1965,3996,69.0,38.0,37.0
1789681080.284321,546.921,1965,3996,69.0,38.0,37.0
1789681080.294321,546.921,1965,3996,69.0,38.0,37.0
1789681080.304320,546.921,1965,3996,69.0,38.0,37.0
1789681080.314319,546.921,1965,3996,69.0,38.0,37.0
1789681080.324329,546.921,1965,3996,69.0,38.0,37.0
1789681080.334310,546.921,1965,3996,69.0,38.0,37.0
1789681080.344317,546.921,1965,3996,69.0,38.0,37.0
1789681080.354309,546.921,1965,3996,69.0,38.0,37.0
1789681080.364318,547.301,1965,3996,69.0,38.0,37.0
1789681080.374315,547.301,1965,3996,71.0,39.0,37.0
1789681080.384323,547.301,1965,3996,71.0,39.0,37.0
1789681080.394321,547.301,1965,3996,71.0,39.0,37.0
1789681080.404320,547.301,1965,3996,71.0,39.0,37.0
1789681080.414321,547.301,1965,3996,71.0,39.0,37.0
1789681080.424320,547.301,1965,3996,71.0,39.0,37.0
1789681080.434320,547.301,1965,3996,71.0,39.0,37.0
1789681080.444320,547.301,1965,3996,71.0,39.0,37.0
1789681080.454319,547.301,1965,3996,71.0,39.0,37.0
1789681080.464320,547.301,1965,3996,71.0,39.0,37.0
1789681080.474322,547.551,1965,3996,71.0,39.0,37.0
1789681080.484316,547.551,1965,3996,71.0,39.0,37.0
1789681080.494320,547.551,1965,3996,71.0,39.0,37.0
1789681080.504320,547.551,1965,3996,71.0,39.0,37.0
1789681080.514320,547.551,1965,3996,71.0,39.0,37.0
1789681080.524319,547.551,1965,3996,71.0,39.0,37.0
1789681080.534316,547.551,1965,3996,71.0,39.0,37.0
1789681080.544320,547.551,1965,3996,71.0,39.0,37.0
1789681080.554320,547.551,1965,3996,71.0,39.0,37.0
1789681080.564317,547.551,1965,3996,71.0,39.0,37.0
1789681080.574517,547.846,1965,3996,70.0,39.0,37.0
1789681080.584320,547.846,1965,3996,70.0,39.0,37.0
1789681080.594316,547.846,1965,3996,70.0,39.0,37.0
1789681080.604318,547.846,1965,3996,70.0,39.0,37.0
1789681080.614320,547.846,1965,3996,70.0,39.0,37.0
1789681080.624322,547.846,1965,3996,70.0,39.0,37.0
1789681080.634316,547.846,1965,3996,70.0,39.0,37.0
1789681080.644316,547.846,1965,3996,70.0,39.0,37.0
1789681080.654318,547.846,1965,3996,70.0,39.0,37.0
1789681080.664321,547.846,1965,3996,70.0,39.0,37.0
1789681080.674316,548.261,1965,3996,70.0,39.0,37.0
1789681080.684319,548.261,1965,3996,70.0,39.0,37.0
1789681080.694323,548.261,1965,3996,70.0,39.0,37.0
1789681080.704318,548.261,1965,3996,70.0,39.0,37.0
1789681080.714317,548.261,1965,3996,70.0,39.0,37.0
1789681080.724320,548.261,1965,3996,70.0,39.0,37.0
1789681080.734320,548.261,1965,3996,70.0,39.0,37.0
1789681080.744318,548.261,1965,3996,70.0,39.0,37.0
1789681080.754321,548.261,1965,3996,70.0,39.0,37.0
1789681080.764320,548.261,1965,3996,70.0,39.0,37.0
1789681080.774320,547.849,1965,3996,71.0,40.0,37.0
1789681080.784320,547.849,1965,3996,71.0,40.0,37.0
1789681080.794317,547.849,1965,3996,71.0,40.0,37.0
1789681080.804320,547.849,1965,3996,71.0,40.0,37.0
1789681080.814316,547.849,1965,3996,71.0,40.0,37.0
1789681080.824320,547.849,1965,3996,71.0,40.0,37.0
1789681080.834318,547.849,1965,3996,71.0,40.0,37.0
1789681080.844321,547.849,1965,3996,71.0,40.0,37.0
1789681080.854320,547.849,1965,3996,71.0,40.0,37.0
1789681080.864594,547.849,1965,3996,71.0,40.0,37.0
1789681080.874322,549.267,1965,3996,71.0,40.0,37.0
1789681080.884331,549.267,1965,3996,71.0,40.0,37.0
1789681080.894318,549.267,1965,3996,71.0,40.0,37.0
1789681080.904319,549.267,1965,3996,71.0,40.0,37.0
1789681080.914320,549.267,1965,3996,71.0,40.0,37.0
1789681080.924320,549.267,1965,3996,71.0,40.0,37.0
1789681080.934320,549.267,1965,3996,71.0,40.0,37.0
1789681080.944322,549.267,1965,3996,71.0,40.0,37.0
1789681080.954320,549.267,1965,3996,71.0,40.0,37.0
1789681080.964317,549.267,1965,3996,71.0,40.0,37.0
1789681080.974320,549.782,1965,3996,71.0,39.0,37.0
1789681080.984321,549.782,1965,3996,71.0,39.0,37.0
1789681080.994320,549.782,1965,3996,71.0,39.0,37.0
1789681081.004320,549.782,1965,3996,71.0,39.0,37.0
1789681081.014320,549.782,1965,3996,71.0,39.0,37.0
1789681081.024318,549.782,1965,3996,71.0,39.0,37.0
1789681081.034319,549.782,1965,3996,71.0,39.0,37.0
1789681081.044321,549.782,1965,3996,71.0,39.0,37.0
1789681081.054320,549.782,1965,3996,71.0,39.0,37.0
1789681081.064320,549.782,1965,3996,71.0,39.0,37.0
1789681081.074320,550.199,1965,3996,71.0,39.0,37.0
1789681081.084318,550.199,1965,3996,71.0,39.0,37.0
1789681081.094318,550.199,1965,3996,71.0,39.0,37.0
1789681081.104316,550.199,1965,3996,71.0,39.0,37.0
1789681081.114318,550.199,1965,3996,71.0,39.0,37.0
1789681081.124322,550.199,1965,3996,71.0,39.0,37.0
1789681081.134590,550.199,1965,3996,71.0,39.0,37.0
1789681081.144318,550.199,1965,3996,71.0,39.0,37.0
1789681081.154324,550.199,1965,3996,71.0,39.0,37.0
1789681081.164322,550.199,1965,3996,71.0,39.0,37.0
1789681081.174320,553.090,1965,3996,71.0,39.0,37.0
1789681081.184321,553.090,1965,3996,71.0,39.0,37.0
1789681081.194320,553.090,1965,3996,71.0,39.0,37.0
1789681081.204318,553.090,1965,3996,71.0,39.0,37.0
1789681081.214320,553.090,1965,3996,71.0,39.0,37.0
1789681081.224320,553.090,1965,3996,71.0,39.0,37.0
1789681081.234320,553.090,1965,3996,71.0,39.0,37.0
1789681081.244319,553.090,1965,3996,71.0,39.0,37.0
1789681081.254320,553.090,1965,3996,71.0,39.0,37.0
1789681081.264319,553.090,1965,3996,71.0,39.0,37.0
1789681081.274520,551.889,1965,3996,71.0,39.0,37.0
1789681081.284320,551.889,1965,3996,71.0,39.0,37.0
1789681081.294320,551.889,1965,3996,71.0,39.0,37.0
1789681081.304320,551.889,1965,3996,71.0,39.0,37.0
1789681081.314320,551.889,1965,3996,71.0,39.0,37.0
1789681081.324319,551.889,1965,3996,71.0,39.0,37.0
1789681081.334320,551.889,1965,3996,71.0,39.0,37.0
1789681081.344349,551.889,1965,3996,71.0,39.0,37.0
1789681081.354320,551.889,1965,3996,71.0,39.0,37.0
1789681081.364320,551.889,1965,3996,71.0,39.0,37.0
1789681081.374516,550.831,1965,3996,71.0,39.0,37.0
1789681081.384321,550.831,1965,3996,71.0,39.0,37.0
1789681081.394320,550.831,1965,3996,71.0,39.0,37.0
1789681081.404320,550.831,1965,3996,71.0,39.0,37.0
1789681081.414767,550.831,1965,3996,71.0,39.0,37.0
1789681081.424320,550.831,1965,3996,71.0,39.0,37.0
1789681081.434319,550.831,1965,3996,71.0,39.0,37.0
1789681081.444320,550.831,1965,3996,71.0,39.0,37.0
1789681081.454316,550.831,1965,3996,71.0,39.0,37.0
1789681081.464319,550.831,1965,3996,71.0,39.0,37.0
1789681081.474317,550.285,1965,3996,71.0,39.0,37.0
1789681081.484324,550.285,1965,3996,71.0,39.0,37.0
1789681081.494321,550.285,1965,3996,71.0,39.0,37.0
1789681081.504320,550.285,1965,3996,71.0,39.0,37.0
1789681081.514320,550.285,1965,3996,71.0,39.0,37.0
1789681081.524320,550.285,1965,3996,71.0,39.0,37.0
1789681081.534320,550.285,1965,3996,71.0,39.0,37.0
1789681081.544320,550.285,1965,3996,71.0,39.0,37.0
1789681081.554319,550.285,1965,3996,71.0,39.0,37.0
1789681081.564334,550.285,1965,3996,71.0,39.0,37.0
1789681081.574320,550.577,1965,3996,71.0,39.0,37.0
1789681081.584320,550.577,1965,3996,71.0,39.0,37.0
1789681081.594319,550.577,1965,3996,71.0,39.0,37.0
1789681081.604320,550.577,1965,3996,71.0,39.0,37.0
1789681081.614319,550.577,1965,3996,71.0,39.0,37.0
1789681081.624320,550.577,1965,3996,71.0,39.0,37.0
1789681081.634320,550.577,1965,3996,71.0,39.0,37.0
1789681081.644320,550.577,1965,3996,71.0,39.0,37.0
1789681081.654322,550.577,1965,3996,71.0,39.0,37.0
1789681081.664320,550.577,1965,3996,71.0,39.0,37.0
1789681081.674318,551.438,1965,3996,71.0,39.0,37.0
1789681081.684320,551.438,1965,3996,71.0,39.0,37.0
1789681081.694320,551.438,1965,3996,71.0,39.0,37.0
1789681081.704320,551.438,1965,3996,71.0,39.0,37.0
1789681081.714320,551.438,1965,3996,71.0,39.0,37.0
1789681081.724320,551.438,1965,3996,71.0,39.0,37.0
1789681081.734320,551.438,1965,3996,71.0,39.0,37.0
1789681081.744320,551.438,1965,3996,71.0,39.0,37.0
1789681081.754318,551.438,1965,3996,71.0,39.0,37.0
1789681081.764320,551.438,1965,3996,71.0,39.0,37.0
1789681081.774321,551.019,1965,3996,72.0,40.0,37.0
1789681081.784555,551.019,1965,3996,72.0,40.0,37.0
1789681081.794317,551.019,1965,3996,72.0,40.0,37.0
1789681081.804319,551.019,1965,3996,72.0,40.0,37.0
1789681081.814276,551.019,1965,3996,72.0,40.0,37.0
1789681081.824320,551.019,1965,3996,72.0,40.0,37.0
1789681081.834320,551.019,1965,3996,72.0,40.0,37.0
1789681081.844320,551.019,1965,3996,72.0,40.0,37.0
1789681081.854320,551.019,1965,3996,72.0,40.0,37.0
1789681081.864320,551.019,1965,3996,72.0,40.0,37.0
1789681081.874319,551.038,1965,3996,72.0,40.0,37.0
1789681081.884321,551.038,1965,3996,72.0,40.0,37.0
1789681081.894320,551.038,1965,3996,72.0,40.0,37.0
1789681081.904319,551.038,1965,3996,72.0,40.0,37.0
1789681081.914318,551.038,1965,3996,72.0,40.0,37.0
1789681081.924317,551.038,1965,3996,72.0,40.0,37.0
1789681081.934320,551.038,1965,3996,72.0,40.0,37.0
1789681081.944320,551.038,1965,3996,72.0,40.0,37.0
1789681081.954598,551.038,1965,3996,72.0,40.0,37.0
1789681081.964317,551.038,1965,3996,72.0,40.0,37.0
1789681081.974320,549.475,1965,3996,72.0,40.0,37.0
1789681081.984317,549.475,1965,3996,72.0,40.0,37.0
1789681081.994319,549.475,1965,3996,72.0,40.0,37.0
1789681082.004322,549.475,1965,3996,72.0,40.0,37.0
1789681082.014320,549.475,1965,3996,72.0,40.0,37.0
1789681082.024320,549.475,1965,3996,72.0,40.0,37.0
1789681082.034320,549.475,1965,3996,72.0,40.0,37.0
1789681082.044320,549.475,1965,3996,72.0,40.0,37.0
1789681082.054319,549.475,1965,3996,72.0,40.0,37.0
1789681082.064319,549.475,1965,3996,72.0,40.0,37.0
1789681082.074319,550.237,1965,3996,72.0,40.0,38.0
1789681082.084320,550.237,1965,3996,72.0,40.0,38.0
1789681082.094318,550.237,1965,3996,72.0,40.0,38.0
1789681082.104320,550.237,1965,3996,72.0,40.0,38.0
1789681082.114318,550.237,1965,3996,72.0,40.0,38.0
1789681082.124327,550.237,1965,3996,72.0,40.0,38.0
1789681082.134318,550.237,1965,3996,72.0,40.0,38.0
1789681082.144319,550.237,1965,3996,72.0,40.0,38.0
1789681082.154316,550.237,1965,3996,72.0,40.0,38.0
1789681082.164321,550.237,1965,3996,72.0,40.0,38.0
1789681082.174316,548.836,1965,3996,71.0,39.0,37.0
1789681082.184318,548.836,1965,3996,71.0,39.0,37.0
1789681082.194317,548.836,1965,3996,71.0,39.0,37.0
1789681082.204320,548.836,1965,3996,71.0,39.0,37.0
1789681082.214308,548.836,1965,3996,71.0,39.0,37.0
1789681082.224316,548.836,1965,3996,71.0,39.0,37.0
1789681082.234320,548.836,1965,3996,71.0,39.0,37.0
1789681082.244320,548.836,1965,3996,71.0,39.0,37.0
1789681082.254320,548.836,1965,3996,71.0,39.0,37.0
1789681082.264320,548.836,1965,3996,71.0,39.0,37.0
1789681082.274320,550.212,1965,3996,71.0,39.0,37.0
1789681082.284320,550.212,1965,3996,71.0,39.0,37.0
1789681082.294320,550.212,1965,3996,71.0,39.0,37.0
1789681082.304318,550.212,1965,3996,71.0,39.0,37.0
1789681082.314320,550.212,1965,3996,71.0,39.0,37.0
1789681082.324320,550.212,1965,3996,71.0,39.0,37.0
1789681082.334320,550.212,1965,3996,71.0,39.0,37.0
1789681082.344320,550.212,1965,3996,71.0,39.0,37.0
1789681082.354320,550.212,1965,3996,71.0,39.0,37.0
1789681082.364321,550.212,1965,3996,71.0,39.0,37.0
1789681082.374319,552.355,1965,3996,72.0,40.0,37.0
1789681082.384555,552.355,1965,3996,72.0,40.0,37.0
1789681082.394321,552.355,1965,3996,72.0,40.0,37.0
1789681082.404320,552.355,1965,3996,72.0,40.0,37.0
1789681082.414320,552.355,1965,3996,72.0,40.0,37.0
1789681082.424318,552.355,1965,3996,72.0,40.0,37.0
1789681082.434320,552.355,1965,3996,72.0,40.0,37.0
1789681082.444319,552.355,1965,3996,72.0,40.0,37.0
1789681082.454348,552.355,1965,3996,72.0,40.0,37.0
1789681082.464320,552.355,1965,3996,72.0,40.0,37.0
1789681082.474320,554.157,1965,3996,72.0,40.0,37.0
1789681082.484320,554.157,1965,3996,72.0,40.0,37.0
1789681082.494319,554.157,1965,3996,72.0,40.0,37.0
1789681082.504320,554.157,1965,3996,72.0,40.0,37.0
1789681082.514320,554.157,1965,3996,72.0,40.0,37.0
1789681082.524320,554.157,1965,3996,72.0,40.0,37.0
1789681082.534320,554.157,1965,3996,72.0,40.0,37.0
1789681082.544321,554.157,1965,3996,72.0,40.0,37.0
1789681082.554320,554.157,1965,3996,72.0,40.0,37.0
1789681082.564327,554.157,1965,3996,72.0,40.0,37.0
1789681082.574320,553.487,1965,3996,72.0,40.0,37.0
1789681082.584320,553.487,1965,3996,72.0,40.0,37.0
1789681082.594549,553.487,1965,3996,72.0,40.0,37.0
1789681082.604318,553.487,1965,3996,72.0,40.0,37.0
1789681082.614308,553.487,1965,3996,72.0,40.0,37.0
1789681082.624481,553.487,1965,3996,72.0,40.0,37.0
1789681082.634309,553.487,1965,3996,72.0,40.0,37.0
1789681082.644316,553.487,1965,3996,72.0,40.0,37.0
1789681082.654346,553.487,1965,3996,72.0,40.0,37.0
1789681082.664312,553.487,1965,3996,72.0,40.0,37.0
1789681082.674314,553.419,1965,3996,72.0,40.0,37.0
1789681082.684316,553.419,1965,3996,72.0,40.0,37.0
1789681082.694317,553.419,1965,3996,72.0,40.0,37.0
1789681082.704319,553.419,1965,3996,72.0,40.0,37.0
1789681082.714325,553.419,1965,3996,72.0,40.0,37.0
1789681082.724567,553.419,1965,3996,72.0,40.0,37.0
1789681082.734320,553.419,1965,3996,72.0,40.0,37.0
1789681082.744317,553.419,1965,3996,72.0,40.0,37.0
1789681082.754312,553.419,1965,3996,72.0,40.0,37.0
1789681082.764510,553.419,1965,3996,72.0,40.0,37.0
1789681082.774320,552.942,1965,3996,70.0,39.0,37.0
1789681082.784317,552.942,1965,3996,70.0,39.0,37.0
1789681082.794316,552.942,1965,3996,70.0,39.0,37.0
1789681082.804319,552.942,1965,3996,70.0,39.0,37.0
1789681082.814320,552.942,1965,3996,70.0,39.0,37.0
1789681082.824316,552.942,1965,3996,70.0,39.0,37.0
1789681082.834316,552.942,1965,3996,70.0,39.0,37.0
1789681082.844320,552.942,1965,3996,70.0,39.0,37.0
1789681082.854320,552.942,1965,3996,70.0,39.0,37.0
1789681082.864316,552.942,1965,3996,70.0,39.0,37.0
1789681082.874582,552.669,1965,3996,70.0,39.0,37.0
1789681082.884320,552.669,1965,3996,70.0,39.0,37.0
1789681082.894320,552.669,1965,3996,70.0,39.0,37.0
1789681082.904327,552.669,1965,3996,70.0,39.0,37.0
1789681082.914320,552.669,1965,3996,70.0,39.0,37.0
1789681082.924316,552.669,1965,3996,70.0,39.0,37.0
1789681082.934320,552.669,1965,3996,70.0,39.0,37.0
1789681082.944324,552.669,1965,3996,70.0,39.0,37.0
1789681082.954320,552.669,1965,3996,70.0,39.0,37.0
1789681082.964320,552.669,1965,3996,70.0,39.0,37.0
1789681082.974319,552.939,1965,3996,72.0,40.0,38.0
1789681082.984319,552.939,1965,3996,72.0,40.0,38.0
1789681082.994322,552.939,1965,3996,72.0,40.0,38.0
1789681083.004319,552.939,1965,3996,72.0,40.0,38.0
1789681083.014321,552.939,1965,3996,72.0,40.0,38.0
1789681083.024320,552.939,1965,3996,72.0,40.0,38.0
1789681083.034320,552.939,1965,3996,72.0,40.0,38.0
1789681083.044319,552.939,1965,3996,72.0,40.0,38.0
1789681083.054320,552.939,1965,3996,72.0,40.0,38.0
1789681083.064321,552.939,1965,3996,72.0,40.0,38.0
1789681083.074320,553.523,1965,3996,72.0,40.0,37.0
1789681083.084320,553.523,1965,3996,72.0,40.0,37.0
1789681083.094317,553.523,1965,3996,72.0,40.0,37.0
1789681083.104320,553.523,1965,3996,72.0,40.0,37.0
1789681083.114320,553.523,1965,3996,72.0,40.0,37.0
1789681083.124318,553.523,1965,3996,72.0,40.0,37.0
1789681083.134310,553.523,1965,3996,72.0,40.0,37.0
1789681083.144314,553.523,1965,3996,72.0,40.0,37.0
1789681083.154316,553.523,1965,3996,72.0,40.0,37.0
1789681083.164318,553.523,1965,3996,72.0,40.0,37.0
1789681083.174320,554.355,1965,3996,72.0,40.0,37.0
1789681083.184317,554.355,1965,3996,72.0,40.0,37.0
1789681083.194316,554.355,1965,3996,72.0,40.0,37.0
1789681083.204477,554.355,1965,3996,72.0,40.0,37.0
1789681083.214346,554.355,1965,3996,72.0,40.0,37.0
1789681083.224390,554.355,1965,3996,72.0,40.0,37.0
1789681083.234414,554.355,1965,3996,72.0,40.0,37.0
1789681083.244326,554.355,1965,3996,72.0,40.0,37.0
1789681083.254381,554.355,1965,3996,72.0,40.0,37.0
1789681083.264333,554.355,1965,3996,72.0,40.0,37.0
1789681083.274724,554.295,1965,3996,72.0,40.0,38.0
1789681083.284321,554.295,1965,3996,72.0,40.0,38.0
1789681083.294324,554.295,1965,3996,72.0,40.0,38.0
1789681083.304338,554.295,1965,3996,72.0,40.0,38.0
1789681083.314505,554.295,1965,3996,72.0,40.0,38.0
1789681083.324386,554.295,1965,3996,72.0,40.0,38.0
1789681083.334350,554.295,1965,3996,72.0,40.0,38.0
1789681083.344383,554.295,1965,3996,72.0,40.0,38.0
1789681083.354419,554.295,1965,3996,72.0,40.0,38.0
1789681083.364371,554.295,1965,3996,72.0,40.0,38.0
1789681083.374394,552.013,1965,3996,72.0,40.0,37.0
1789681083.384368,552.013,1965,3996,72.0,40.0,37.0
1789681083.394341,552.013,1965,3996,72.0,40.0,37.0
1789681083.404407,552.013,1965,3996,72.0,40.0,37.0
1789681083.414348,552.013,1965,3996,72.0,40.0,37.0
1789681083.424413,552.013,1965,3996,72.0,40.0,37.0
1789681083.434619,552.013,1965,3996,72.0,40.0,37.0
1789681083.444451,552.013,1965,3996,72.0,40.0,37.0
1789681083.454373,552.013,1965,3996,72.0,40.0,37.0
1789681083.464326,552.013,1965,3996,72.0,40.0,37.0
1789681083.474321,551.396,1965,3996,72.0,40.0,38.0
1789681083.484324,551.396,1965,3996,72.0,40.0,38.0
1789681083.494327,551.396,1965,3996,72.0,40.0,38.0
1789681083.504322,551.396,1965,3996,72.0,40.0,38.0
1789681083.514375,551.396,1965,3996,72.0,40.0,38.0
1789681083.524440,551.396,1965,3996,72.0,40.0,38.0
1789681083.534454,551.396,1965,3996,72.0,40.0,38.0
1789681083.544437,551.396,1965,3996,72.0,40.0,38.0
1789681083.554339,551.396,1965,3996,72.0,40.0,38.0
1789681083.564322,551.396,1965,3996,72.0,40.0,38.0
1789681083.574397,552.323,1965,3996,71.0,39.0,38.0
1789681083.584453,552.323,1965,3996,71.0,39.0,38.0
1789681083.594405,552.323,1965,3996,71.0,39.0,38.0
1789681083.604326,552.323,1965,3996,71.0,39.0,38.0
1789681083.614371,552.323,1965,3996,71.0,39.0,38.0
1789681083.624447,552.323,1965,3996,71.0,39.0,38.0
1789681083.634368,552.323,1965,3996,71.0,39.0,38.0
1789681083.644372,552.323,1965,3996,71.0,39.0,38.0
1789681083.654315,552.323,1965,3996,71.0,39.0,38.0
1789681083.664316,552.323,1965,3996,71.0,39.0,38.0
1789681083.674319,551.891,1965,3996,71.0,39.0,38.0
1789681083.684358,551.891,1965,3996,71.0,39.0,38.0
1789681083.694371,551.891,1965,3996,71.0,39.0,38.0
1789681083.704436,551.891,1965,3996,71.0,39.0,38.0
1789681083.714388,551.891,1965,3996,71.0,39.0,38.0
1789681083.724432,551.891,1965,3996,71.0,39.0,38.0
1789681083.734396,551.891,1965,3996,71.0,39.0,38.0
1789681083.744530,551.891,1965,3996,71.0,39.0,38.0
1789681083.754331,551.891,1965,3996,71.0,39.0,38.0
1789681083.764406,551.891,1965,3996,71.0,39.0,38.0
1789681083.774389,552.904,1965,3996,71.0,40.0,38.0
1789681083.784317,552.904,1965,3996,71.0,40.0,38.0
1789681083.794418,552.904,1965,3996,71.0,40.0,38.0
1789681083.804322,552.904,1965,3996,71.0,40.0,38.0
1789681083.814322,552.904,1965,3996,71.0,40.0,38.0
1789681083.824317,552.904,1965,3996,71.0,40.0,38.0
1789681083.834320,552.904,1965,3996,71.0,40.0,38.0
1789681083.844333,552.904,1965,3996,71.0,40.0,38.0
1789681083.854315,552.904,1965,3996,71.0,40.0,38.0
1789681083.864310,552.904,1965,3996,71.0,40.0,38.0
1789681083.874375,552.766,1965,3996,71.0,40.0,37.0
1789681083.884441,552.766,1965,3996,71.0,40.0,37.0
1789681083.894319,552.766,1965,3996,71.0,40.0,37.0
1789681083.904397,552.766,1965,3996,71.0,40.0,37.0
1789681083.914442,552.766,1965,3996,71.0,40.0,37.0
1789681083.924333,552.766,1965,3996,71.0,40.0,37.0
1789681083.934314,552.766,1965,3996,71.0,40.0,37.0
1789681083.944443,552.766,1965,3996,71.0,40.0,37.0
1789681083.954323,552.766,1965,3996,71.0,40.0,37.0
1789681083.964378,552.766,1965,3996,71.0,40.0,37.0
1789681083.974515,553.419,1965,3996,72.0,40.0,38.0
1789681083.984395,553.419,1965,3996,72.0,40.0,38.0
1789681083.994441,553.419,1965,3996,72.0,40.0,38.0
1789681084.004318,553.419,1965,3996,72.0,40.0,38.0
1789681084.014448,553.419,1965,3996,72.0,40.0,38.0
1789681084.024329,553.419,1965,3996,72.0,40.0,38.0
1789681084.034318,553.419,1965,3996,72.0,40.0,38.0
1789681084.044314,553.419,1965,3996,72.0,40.0,38.0
1789681084.054321,553.419,1965,3996,72.0,40.0,38.0
1789681084.064320,553.419,1965,3996,72.0,40.0,38.0
1789681084.074347,552.814,1965,3996,72.0,40.0,38.0
1789681084.084432,552.814,1965,3996,72.0,40.0,38.0
1789681084.094437,552.814,1965,3996,72.0,40.0,38.0
1789681084.104317,552.814,1965,3996,72.0,40.0,38.0
1789681084.114383,552.814,1965,3996,72.0,40.0,38.0
1789681084.124397,552.814,1965,3996,72.0,40.0,38.0
1789681084.134410,552.814,1965,3996,72.0,40.0,38.0
1789681084.144384,552.814,1965,3996,72.0,40.0,38.0
1789681084.154439,552.814,1965,3996,72.0,40.0,38.0
1789681084.164330,552.814,1965,3996,72.0,40.0,38.0
1789681084.174317,552.871,1965,3996,72.0,40.0,38.0
1789681084.184317,552.871,1965,3996,72.0,40.0,38.0
1789681084.194371,552.871,1965,3996,72.0,40.0,38.0
1789681084.204376,552.871,1965,3996,72.0,40.0,38.0
1789681084.214314,552.871,1965,3996,72.0,40.0,38.0
1789681084.224373,552.871,1965,3996,72.0,40.0,38.0
1789681084.234377,552.871,1965,3996,72.0,40.0,38.0
1789681084.244319,552.871,1965,3996,72.0,40.0,38.0
1789681084.254320,552.871,1965,3996,72.0,40.0,38.0
1789681084.264377,552.871,1965,3996,72.0,40.0,38.0
1789681084.274443,552.133,1965,3996,72.0,40.0,38.0
1789681084.284405,552.133,1965,3996,72.0,40.0,38.0
1789681084.294320,552.133,1965,3996,72.0,40.0,38.0
1789681084.304320,552.133,1965,3996,72.0,40.0,38.0
1789681084.314316,552.133,1965,3996,72.0,40.0,38.0
1789681084.324817,552.133,1965,3996,72.0,40.0,38.0
1789681084.334316,552.133,1965,3996,72.0,40.0,38.0
1789681084.344315,552.133,1965,3996,72.0,40.0,38.0
1789681084.354314,552.133,1965,3996,72.0,40.0,38.0
1789681084.364315,552.133,1965,3996,72.0,40.0,38.0
1789681084.374316,553.192,1965,3996,71.0,40.0,37.0
1789681084.384316,553.192,1965,3996,71.0,40.0,37.0
1789681084.394313,553.192,1965,3996,71.0,40.0,37.0
1789681084.404316,553.192,1965,3996,71.0,40.0,37.0
1789681084.414316,553.192,1965,3996,71.0,40.0,37.0
1789681084.424360,553.192,1965,3996,71.0,40.0,37.0
1789681084.434314,553.192,1965,3996,71.0,40.0,37.0
1789681084.444321,553.192,1965,3996,71.0,40.0,37.0
1789681084.454313,553.192,1965,3996,71.0,40.0,37.0
1789681084.464598,553.192,1965,3996,71.0,40.0,37.0
1789681084.474321,553.010,1965,3996,71.0,40.0,38.0
1789681084.484316,553.010,1965,3996,71.0,40.0,38.0
1789681084.494318,553.010,1965,3996,71.0,40.0,38.0
1789681084.504316,553.010,1965,3996,71.0,40.0,38.0
1789681084.514318,553.010,1965,3996,71.0,40.0,38.0
1789681084.524322,553.010,1965,3996,71.0,40.0,38.0
1789681084.534315,553.010,1965,3996,71.0,40.0,38.0
1789681084.544320,553.010,1965,3996,71.0,40.0,38.0
1789681084.554318,553.010,1965,3996,71.0,40.0,38.0
1789681084.564317,553.010,1965,3996,71.0,40.0,38.0
1789681084.574320,551.780,1965,3996,72.0,40.0,38.0
1789681084.584320,551.780,1965,3996,72.0,40.0,38.0
1789681084.594317,551.780,1965,3996,72.0,40.0,38.0
1789681084.604317,551.780,1965,3996,72.0,40.0,38.0
1789681084.614319,551.780,1965,3996,72.0,40.0,38.0
1789681084.624321,551.780,1965,3996,72.0,40.0,38.0
1789681084.634316,551.780,1965,3996,72.0,40.0,38.0
1789681084.644512,551.780,1965,3996,72.0,40.0,38.0
1789681084.654320,551.780,1965,3996,72.0,40.0,38.0
1789681084.664317,551.780,1965,3996,72.0,40.0,38.0
1789681084.674316,552.490,1965,3996,72.0,40.0,38.0
1789681084.684314,552.490,1965,3996,72.0,40.0,38.0
1789681084.694317,552.490,1965,3996,72.0,40.0,38.0
1789681084.704327,552.490,1965,3996,72.0,40.0,38.0
1789681084.714314,552.490,1965,3996,72.0,40.0,38.0
1789681084.724316,552.490,1965,3996,72.0,40.0,38.0
1789681084.734318,552.490,1965,3996,72.0,40.0,38.0
1789681084.744316,552.490,1965,3996,72.0,40.0,38.0
1789681084.754346,552.490,1965,3996,72.0,40.0,38.0
1789681084.764320,552.490,1965,3996,72.0,40.0,38.0
1789681084.774319,552.747,1965,3996,71.0,40.0,38.0
1789681084.784317,552.747,1965,3996,71.0,40.0,38.0
1789681084.794320,552.747,1965,3996,71.0,40.0,38.0
1789681084.804321,552.747,1965,3996,71.0,40.0,38.0
1789681084.814317,552.747,1965,3996,71.0,40.0,38.0
1789681084.824342,552.747,1965,3996,71.0,40.0,38.0
1789681084.834320,552.747,1965,3996,71.0,40.0,38.0
1789681084.844320,552.747,1965,3996,71.0,40.0,38.0
1789681084.854316,552.747,1965,3996,71.0,40.0,38.0
1789681084.864619,552.747,1965,3996,71.0,40.0,38.0
1789681084.874409,551.366,1965,3996,71.0,40.0,38.0
1789681084.884314,551.366,1965,3996,71.0,40.0,38.0
1789681084.894316,551.366,1965,3996,71.0,40.0,38.0
1789681084.904310,551.366,1965,3996,71.0,40.0,38.0
1789681084.914393,551.366,1965,3996,71.0,40.0,38.0
1789681084.924438,551.366,1965,3996,71.0,40.0,38.0
1789681084.934411,551.366,1965,3996,71.0,40.0,38.0
1789681084.944435,551.366,1965,3996,71.0,40.0,38.0
1789681084.954397,551.366,1965,3996,71.0,40.0,38.0
1789681084.964315,551.366,1965,3996,71.0,40.0,38.0
1789681084.974435,552.101,1965,3996,72.0,40.0,38.0
1789681084.984378,552.101,1965,3996,72.0,40.0,38.0
1789681084.994392,552.101,1965,3996,72.0,40.0,38.0
1789681085.004407,552.101,1965,3996,72.0,40.0,38.0
1789681085.014421,552.101,1965,3996,72.0,40.0,38.0
1789681085.024444,552.101,1965,3996,72.0,40.0,38.0
1789681085.034376,552.101,1965,3996,72.0,40.0,38.0
1789681085.044441,552.101,1965,3996,72.0,40.0,38.0
1789681085.054415,552.101,1965,3996,72.0,40.0,38.0
1789681085.064459,552.101,1965,3996,72.0,40.0,38.0
1789681085.074381,550.971,1965,3996,72.0,40.0,38.0
1789681085.084374,550.971,1965,3996,72.0,40.0,38.0
1789681085.094378,550.971,1965,3996,72.0,40.0,38.0
1789681085.104318,550.971,1965,3996,72.0,40.0,38.0
1789681085.114416,550.971,1965,3996,72.0,40.0,38.0
1789681085.124328,550.971,1965,3996,72.0,40.0,38.0
1789681085.134321,550.971,1965,3996,72.0,40.0,38.0
1789681085.144376,550.971,1965,3996,72.0,40.0,38.0
1789681085.154328,550.971,1965,3996,72.0,40.0,38.0
1789681085.164373,550.971,1965,3996,72.0,40.0,38.0
1789681085.174397,550.131,1965,3996,68.0,37.0,38.0
1789681085.184329,550.131,1965,3996,68.0,37.0,38.0
1789681085.194415,550.131,1965,3996,68.0,37.0,38.0
1789681085.204439,550.131,1965,3996,68.0,37.0,38.0
1789681085.214314,550.131,1965,3996,68.0,37.0,38.0
1789681085.224416,550.131,1965,3996,68.0,37.0,38.0
1789681085.234441,550.131,1965,3996,68.0,37.0,38.0
1789681085.244403,550.131,1965,3996,68.0,37.0,38.0
1789681085.254375,550.131,1965,3996,68.0,37.0,38.0
1789681085.264369,550.131,1965,3996,68.0,37.0,38.0
1789681085.274383,551.187,1965,3996,68.0,37.0,38.0
1789681085.284438,551.187,1965,3996,68.0,37.0,38.0
1789681085.294431,551.187,1965,3996,68.0,37.0,38.0
1789681085.304374,551.187,1965,3996,68.0,37.0,38.0
1789681085.314378,551.187,1965,3996,68.0,37.0,38.0
1789681085.324686,551.187,1965,3996,68.0,37.0,38.0
1789681085.334508,551.187,1965,3996,68.0,37.0,38.0
1789681085.344327,551.187,1965,3996,68.0,37.0,38.0
1789681085.354313,551.187,1965,3996,68.0,37.0,38.0
1789681085.364437,551.187,1965,3996,68.0,37.0,38.0
1789681085.374379,550.808,1965,3996,72.0,40.0,38.0
1789681085.384373,550.808,1965,3996,72.0,40.0,38.0
1789681085.394314,550.808,1965,3996,72.0,40.0,38.0
1789681085.404442,550.808,1965,3996,72.0,40.0,38.0
1789681085.414374,550.808,1965,3996,72.0,40.0,38.0
1789681085.424389,550.808,1965,3996,72.0,40.0,38.0
1789681085.434442,550.808,1965,3996,72.0,40.0,38.0
1789681085.444395,550.808,1965,3996,72.0,40.0,38.0
1789681085.454430,550.808,1965,3996,72.0,40.0,38.0
1789681085.464283,550.808,1965,3996,72.0,40.0,38.0
1789681085.474320,549.199,1965,3996,72.0,40.0,38.0
1789681085.484316,549.199,1965,3996,72.0,40.0,38.0
1789681085.494317,549.199,1965,3996,72.0,40.0,38.0
1789681085.504312,549.199,1965,3996,72.0,40.0,38.0
1789681085.514316,549.199,1965,3996,72.0,40.0,38.0
1789681085.524316,549.199,1965,3996,72.0,40.0,38.0
1789681085.534316,549.199,1965,3996,72.0,40.0,38.0
1789681085.544312,549.199,1965,3996,72.0,40.0,38.0
1789681085.554315,549.199,1965,3996,72.0,40.0,38.0
1789681085.564315,549.199,1965,3996,72.0,40.0,38.0
1789681085.574315,548.579,1965,3996,70.0,39.0,38.0
1789681085.584316,548.579,1965,3996,70.0,39.0,38.0
1789681085.594354,548.579,1965,3996,70.0,39.0,38.0
1789681085.604320,548.579,1965,3996,70.0,39.0,38.0
1789681085.614320,548.579,1965,3996,70.0,39.0,38.0
1789681085.624320,548.579,1965,3996,70.0,39.0,38.0
1789681085.634320,548.579,1965,3996,70.0,39.0,38.0
1789681085.644320,548.579,1965,3996,70.0,39.0,38.0
1789681085.654317,548.579,1965,3996,70.0,39.0,38.0
1789681085.664320,548.579,1965,3996,70.0,39.0,38.0
1789681085.674321,548.653,1965,3996,70.0,39.0,38.0
1789681085.684319,548.653,1965,3996,70.0,39.0,38.0
1789681085.694320,548.653,1965,3996,70.0,39.0,38.0
1789681085.704319,548.653,1965,3996,70.0,39.0,38.0
1789681085.714320,548.653,1965,3996,70.0,39.0,38.0
1789681085.724321,548.653,1965,3996,70.0,39.0,38.0
1789681085.734312,548.653,1965,3996,70.0,39.0,38.0
1789681085.744318,548.653,1965,3996,70.0,39.0,38.0
1789681085.754320,548.653,1965,3996,70.0,39.0,38.0
1789681085.764319,548.653,1965,3996,70.0,39.0,38.0
1789681085.774320,547.429,1965,3996,71.0,39.0,38.0
1789681085.784607,547.429,1965,3996,71.0,39.0,38.0
1789681085.794320,547.429,1965,3996,71.0,39.0,38.0
1789681085.804321,547.429,1965,3996,71.0,39.0,38.0
1789681085.814320,547.429,1965,3996,71.0,39.0,38.0
1789681085.824320,547.429,1965,3996,71.0,39.0,38.0
1789681085.834319,547.429,1965,3996,71.0,39.0,38.0
1789681085.844321,547.429,1965,3996,71.0,39.0,38.0
1789681085.854321,547.429,1965,3996,71.0,39.0,38.0
1789681085.864320,547.429,1965,3996,71.0,39.0,38.0
1789681085.874320,548.915,1965,3996,71.0,39.0,38.0
1789681085.884320,548.915,1965,3996,71.0,39.0,38.0
1789681085.894320,548.915,1965,3996,71.0,39.0,38.0
1789681085.904316,548.915,1965,3996,71.0,39.0,38.0
1789681085.914315,548.915,1965,3996,71.0,39.0,38.0
1789681085.924321,548.915,1965,3996,71.0,39.0,38.0
1789681085.934320,548.915,1965,3996,71.0,39.0,38.0
1789681085.944457,548.915,1965,3996,71.0,39.0,38.0
1789681085.954432,548.915,1965,3996,71.0,39.0,38.0
1789681085.964373,548.915,1965,3996,71.0,39.0,38.0
1789681085.974439,548.170,1965,3996,71.0,39.0,38.0
1789681085.984412,548.170,1965,3996,71.0,39.0,38.0
1789681085.994313,548.170,1965,3996,71.0,39.0,38.0
1789681086.004511,548.170,1965,3996,71.0,39.0,38.0
1789681086.014443,548.170,1965,3996,71.0,39.0,38.0
1789681086.024447,548.170,1965,3996,71.0,39.0,38.0
1789681086.034440,548.170,1965,3996,71.0,39.0,38.0
1789681086.044335,548.170,1965,3996,71.0,39.0,38.0
1789681086.054437,548.170,1965,3996,71.0,39.0,38.0
1789681086.064318,548.170,1965,3996,71.0,39.0,38.0
1789681086.074435,549.035,1965,3996,71.0,39.0,38.0
1789681086.084387,549.035,1965,3996,71.0,39.0,38.0
1789681086.094401,549.035,1965,3996,71.0,39.0,38.0
1789681086.104314,549.035,1965,3996,71.0,39.0,38.0
1789681086.114378,549.035,1965,3996,71.0,39.0,38.0
1789681086.124371,549.035,1965,3996,71.0,39.0,38.0
1789681086.134374,549.035,1965,3996,71.0,39.0,38.0
1789681086.144428,549.035,1965,3996,71.0,39.0,38.0
1789681086.154413,549.035,1965,3996,71.0,39.0,38.0
1789681086.164346,549.035,1965,3996,71.0,39.0,38.0
1789681086.174390,549.037,1965,3996,72.0,40.0,38.0
1789681086.184342,549.037,1965,3996,72.0,40.0,38.0
1789681086.194438,549.037,1965,3996,72.0,40.0,38.0
1789681086.204317,549.037,1965,3996,72.0,40.0,38.0
1789681086.214374,549.037,1965,3996,72.0,40.0,38.0
1789681086.224429,549.037,1965,3996,72.0,40.0,38.0
1789681086.234318,549.037,1965,3996,72.0,40.0,38.0
1789681086.244405,549.037,1965,3996,72.0,40.0,38.0
1789681086.254389,549.037,1965,3996,72.0,40.0,38.0
1789681086.264444,549.037,1965,3996,72.0,40.0,38.0
1789681086.274315,549.643,1965,3996,72.0,40.0,38.0
1789681086.284380,549.643,1965,3996,72.0,40.0,38.0
1789681086.294319,549.643,1965,3996,72.0,40.0,38.0
1789681086.304346,549.643,1965,3996,72.0,40.0,38.0
1789681086.314329,549.643,1965,3996,72.0,40.0,38.0
1789681086.324425,549.643,1965,3996,72.0,40.0,38.0
1789681086.334439,549.643,1965,3996,72.0,40.0,38.0
1789681086.344563,549.643,1965,3996,72.0,40.0,38.0
1789681086.354405,549.643,1965,3996,72.0,40.0,38.0
1789681086.364378,549.643,1965,3996,72.0,40.0,38.0
1789681086.374382,550.276,1965,3996,71.0,39.0,38.0
1789681086.384318,550.276,1965,3996,71.0,39.0,38.0
1789681086.394390,550.276,1965,3996,71.0,39.0,38.0
1789681086.404413,550.276,1965,3996,71.0,39.0,38.0
1789681086.414314,550.276,1965,3996,71.0,39.0,38.0
1789681086.424380,550.276,1965,3996,71.0,39.0,38.0
1789681086.434373,550.276,1965,3996,71.0,39.0,38.0
1789681086.444314,550.276,1965,3996,71.0,39.0,38.0
1789681086.454421,550.276,1965,3996,71.0,39.0,38.0
1789681086.464374,550.276,1965,3996,71.0,39.0,38.0
1789681086.474429,552.304,1965,3996,71.0,39.0,38.0
1789681086.484564,552.304,1965,3996,71.0,39.0,38.0
1789681086.494378,552.304,1965,3996,71.0,39.0,38.0
1789681086.504379,552.304,1965,3996,71.0,39.0,38.0
1789681086.514372,552.304,1965,3996,71.0,39.0,38.0
1789681086.524376,552.304,1965,3996,71.0,39.0,38.0
1789681086.534359,552.304,1965,3996,71.0,39.0,38.0
1789681086.544404,552.304,1965,3996,71.0,39.0,38.0
1789681086.554377,552.304,1965,3996,71.0,39.0,38.0
1789681086.564371,552.304,1965,3996,71.0,39.0,38.0
1789681086.574884,552.881,1965,3996,71.0,39.0,38.0
1789681086.584439,552.881,1965,3996,71.0,39.0,38.0
1789681086.594586,552.881,1965,3996,71.0,39.0,38.0
1789681086.604385,552.881,1965,3996,71.0,39.0,38.0
1789681086.614440,552.881,1965,3996,71.0,39.0,38.0
1789681086.624404,552.881,1965,3996,71.0,39.0,38.0
1789681086.634437,552.881,1965,3996,71.0,39.0,38.0
1789681086.644538,552.881,1965,3996,71.0,39.0,38.0
1789681086.654316,552.881,1965,3996,71.0,39.0,38.0
1789681086.664276,552.881,1965,3996,71.0,39.0,38.0
1789681086.674315,553.029,1965,3996,71.0,39.0,38.0
1789681086.684314,553.029,1965,3996,71.0,39.0,38.0
1789681086.694314,553.029,1965,3996,71.0,39.0,38.0
1789681086.704315,553.029,1965,3996,71.0,39.0,38.0
1789681086.714314,553.029,1965,3996,71.0,39.0,38.0
1789681086.724313,553.029,1965,3996,71.0,39.0,38.0
1789681086.734315,553.029,1965,3996,71.0,39.0,38.0
1789681086.744316,553.029,1965,3996,71.0,39.0,38.0
1789681086.754316,553.029,1965,3996,71.0,39.0,38.0
1789681086.764315,553.029,1965,3996,71.0,39.0,38.0
1789681086.774316,554.228,1965,3996,71.0,39.0,38.0
1789681086.784374,554.228,1965,3996,71.0,39.0,38.0
1789681086.794320,554.228,1965,3996,71.0,39.0,38.0
1789681086.804320,554.228,1965,3996,71.0,39.0,38.0
1789681086.814317,554.228,1965,3996,71.0,39.0,38.0
1789681086.824321,554.228,1965,3996,71.0,39.0,38.0
1789681086.834320,554.228,1965,3996,71.0,39.0,38.0
1789681086.844316,554.228,1965,3996,71.0,39.0,38.0
1789681086.854315,554.228,1965,3996,71.0,39.0,38.0
1789681086.864319,554.228,1965,3996,71.0,39.0,38.0
1789681086.874317,554.420,1965,3996,71.0,39.0,38.0
1789681086.884315,554.420,1965,3996,71.0,39.0,38.0
1789681086.894329,554.420,1965,3996,71.0,39.0,38.0
1789681086.904317,554.420,1965,3996,71.0,39.0,38.0
1789681086.914378,554.420,1965,3996,71.0,39.0,38.0
1789681086.924402,554.420,1965,3996,71.0,39.0,38.0
1789681086.934395,554.420,1965,3996,71.0,39.0,38.0
1789681086.944409,554.420,1965,3996,71.0,39.0,38.0
1789681086.954403,554.420,1965,3996,71.0,39.0,38.0
1789681086.964458,554.420,1965,3996,71.0,39.0,38.0
1789681086.974441,554.571,1965,3996,72.0,40.0,38.0
1789681086.984414,554.571,1965,3996,72.0,40.0,38.0
1789681086.994325,554.571,1965,3996,72.0,40.0,38.0
1789681087.004442,554.571,1965,3996,72.0,40.0,38.0
1789681087.014384,554.571,1965,3996,72.0,40.0,38.0
1789681087.024347,554.571,1965,3996,72.0,40.0,38.0
1789681087.034371,554.571,1965,3996,72.0,40.0,38.0
1789681087.044375,554.571,1965,3996,72.0,40.0,38.0
1789681087.054454,554.571,1965,3996,72.0,40.0,38.0
1789681087.064382,554.571,1965,3996,72.0,40.0,38.0
1789681087.074437,553.952,1965,3996,72.0,40.0,38.0
1789681087.084314,553.952,1965,3996,72.0,40.0,38.0
1789681087.094455,553.952,1965,3996,72.0,40.0,38.0
1789681087.104317,553.952,1965,3996,72.0,40.0,38.0
1789681087.114390,553.952,1965,3996,72.0,40.0,38.0
1789681087.124405,553.952,1965,3996,72.0,40.0,38.0
1789681087.134327,553.952,1965,3996,72.0,40.0,38.0
1789681087.144442,553.952,1965,3996,72.0,40.0,38.0
1789681087.154416,553.952,1965,3996,72.0,40.0,38.0
1789681087.164399,553.952,1965,3996,72.0,40.0,38.0
1789681087.174351,554.212,1965,3996,71.0,39.0,38.0
1789681087.184314,554.212,1965,3996,71.0,39.0,38.0
1789681087.194390,554.212,1965,3996,71.0,39.0,38.0
1789681087.204444,554.212,1965,3996,71.0,39.0,38.0
1789681087.214448,554.212,1965,3996,71.0,39.0,38.0
1789681087.224451,554.212,1965,3996,71.0,39.0,38.0
1789681087.234425,554.212,1965,3996,71.0,39.0,38.0
1789681087.244449,554.212,1965,3996,71.0,39.0,38.0
1789681087.254432,554.212,1965,3996,71.0,39.0,38.0
1789681087.264446,554.212,1965,3996,71.0,39.0,38.0
1789681087.274327,553.412,1965,3996,71.0,39.0,38.0
1789681087.284331,553.412,1965,3996,71.0,39.0,38.0
1789681087.294385,553.412,1965,3996,71.0,39.0,38.0
1789681087.304482,553.412,1965,3996,71.0,39.0,38.0
1789681087.314393,553.412,1965,3996,71.0,39.0,38.0
1789681087.324356,553.412,1965,3996,71.0,39.0,38.0
1789681087.334441,553.412,1965,3996,71.0,39.0,38.0
1789681087.344434,553.412,1965,3996,71.0,39.0,38.0
1789681087.354326,553.412,1965,3996,71.0,39.0,38.0
1789681087.364422,553.412,1965,3996,71.0,39.0,38.0
1789681087.374405,552.766,1965,3996,72.0,40.0,38.0
1789681087.384440,552.766,1965,3996,72.0,40.0,38.0
1789681087.394433,552.766,1965,3996,72.0,40.0,38.0
1789681087.404386,552.766,1965,3996,72.0,40.0,38.0
1789681087.414520,552.766,1965,3996,72.0,40.0,38.0
1789681087.424322,552.766,1965,3996,72.0,40.0,38.0
1789681087.434438,552.766,1965,3996,72.0,40.0,38.0
1789681087.444313,552.766,1965,3996,72.0,40.0,38.0
1789681087.454318,552.766,1965,3996,72.0,40.0,38.0
1789681087.464438,552.766,1965,3996,72.0,40.0,38.0
1789681087.474412,551.855,1965,3996,72.0,40.0,38.0
1789681087.484374,551.855,1965,3996,72.0,40.0,38.0
1789681087.494387,551.855,1965,3996,72.0,40.0,38.0
1789681087.504361,551.855,1965,3996,72.0,40.0,38.0
1789681087.514385,551.855,1965,3996,72.0,40.0,38.0
1789681087.524440,551.855,1965,3996,72.0,40.0,38.0
1789681087.534392,551.855,1965,3996,72.0,40.0,38.0
1789681087.544509,551.855,1965,3996,72.0,40.0,38.0
1789681087.554442,551.855,1965,3996,72.0,40.0,38.0
1789681087.564404,551.855,1965,3996,72.0,40.0,38.0
1789681087.574326,552.308,1965,3996,71.0,40.0,38.0
1789681087.584391,552.308,1965,3996,71.0,40.0,38.0
1789681087.594323,552.308,1965,3996,71.0,40.0,38.0
1789681087.604408,552.308,1965,3996,71.0,40.0,38.0
1789681087.614381,552.308,1965,3996,71.0,40.0,38.0
1789681087.624416,552.308,1965,3996,71.0,40.0,38.0
1789681087.634389,552.308,1965,3996,71.0,40.0,38.0
1789681087.644403,552.308,1965,3996,71.0,40.0,38.0
1789681087.654437,552.308,1965,3996,71.0,40.0,38.0
1789681087.664390,552.308,1965,3996,71.0,40.0,38.0
1789681087.674444,551.442,1965,3996,71.0,40.0,38.0
1789681087.684407,551.442,1965,3996,71.0,40.0,38.0
1789681087.694513,551.442,1965,3996,71.0,40.0,38.0
1789681087.704405,551.442,1965,3996,71.0,40.0,38.0
1789681087.714320,551.442,1965,3996,71.0,40.0,38.0
1789681087.724321,551.442,1965,3996,71.0,40.0,38.0
1789681087.734311,551.442,1965,3996,71.0,40.0,38.0
1789681087.744316,551.442,1965,3996,71.0,40.0,38.0
1789681087.754310,551.442,1965,3996,71.0,40.0,38.0
1789681087.764314,551.442,1965,3996,71.0,40.0,38.0
1789681087.774278,548.780,1965,3996,68.0,38.0,38.0
1789681087.784313,548.780,1965,3996,68.0,38.0,38.0
1789681087.794316,548.780,1965,3996,68.0,38.0,38.0
1789681087.804316,548.780,1965,3996,68.0,38.0,38.0
1789681087.814316,548.780,1965,3996,68.0,38.0,38.0
1789681087.824316,548.780,1965,3996,68.0,38.0,38.0
1789681087.834316,548.780,1965,3996,68.0,38.0,38.0
1789681087.844316,548.780,1965,3996,68.0,38.0,38.0
1789681087.854316,548.780,1965,3996,68.0,38.0,38.0
1789681087.864810,548.780,1965,3996,68.0,38.0,38.0
1789681087.874329,548.471,1965,3996,68.0,38.0,38.0
1789681087.884321,548.471,1965,3996,68.0,38.0,38.0
1789681087.894320,548.471,1965,3996,68.0,38.0,38.0
1789681087.904317,548.471,1965,3996,68.0,38.0,38.0
1789681087.914349,548.471,1965,3996,68.0,38.0,38.0
1789681087.924373,548.471,1965,3996,68.0,38.0,38.0
1789681087.934418,548.471,1965,3996,68.0,38.0,38.0
1789681087.944442,548.471,1965,3996,68.0,38.0,38.0
1789681087.954323,548.471,1965,3996,68.0,38.0,38.0
1789681087.964327,548.471,1965,3996,68.0,38.0,38.0
1789681087.974512,550.099,1965,3996,70.0,39.0,38.0
1789681087.984396,550.099,1965,3996,70.0,39.0,38.0
1789681087.994451,550.099,1965,3996,70.0,39.0,38.0
1789681088.004331,550.099,1965,3996,70.0,39.0,38.0
1789681088.014376,550.099,1965,3996,70.0,39.0,38.0
1789681088.024503,550.099,1965,3996,70.0,39.0,38.0
1789681088.034322,550.099,1965,3996,70.0,39.0,38.0
1789681088.044337,550.099,1965,3996,70.0,39.0,38.0
1789681088.054321,550.099,1965,3996,70.0,39.0,38.0
1789681088.064395,550.099,1965,3996,70.0,39.0,38.0
1789681088.074409,551.173,1965,3996,70.0,39.0,38.0
1789681088.084382,551.173,1965,3996,70.0,39.0,38.0
1789681088.094324,551.173,1965,3996,70.0,39.0,38.0
1789681088.104379,551.173,1965,3996,70.0,39.0,38.0
1789681088.114322,551.173,1965,3996,70.0,39.0,38.0
1789681088.124376,551.173,1965,3996,70.0,39.0,38.0
1789681088.134370,551.173,1965,3996,70.0,39.0,38.0
1789681088.144404,551.173,1965,3996,70.0,39.0,38.0
1789681088.154579,551.173,1965,3996,70.0,39.0,38.0
1789681088.164442,551.173,1965,3996,70.0,39.0,38.0
1789681088.174323,551.934,1965,3996,72.0,39.0,38.0
1789681088.184327,551.934,1965,3996,72.0,39.0,38.0
1789681088.194512,551.934,1965,3996,72.0,39.0,38.0
1789681088.204437,551.934,1965,3996,72.0,39.0,38.0
1789681088.214328,551.934,1965,3996,72.0,39.0,38.0
1789681088.224423,551.934,1965,3996,72.0,39.0,38.0
1789681088.234438,551.934,1965,3996,72.0,39.0,38.0
1789681088.244441,551.934,1965,3996,72.0,39.0,38.0
1789681088.254373,551.934,1965,3996,72.0,39.0,38.0
1789681088.264448,551.934,1965,3996,72.0,39.0,38.0
1789681088.274411,551.783,1965,3996,72.0,39.0,38.0
1789681088.284445,551.783,1965,3996,72.0,39.0,38.0
1789681088.294439,551.783,1965,3996,72.0,39.0,38.0
1789681088.304371,551.783,1965,3996,72.0,39.0,38.0
1789681088.314406,551.783,1965,3996,72.0,39.0,38.0
1789681088.324440,551.783,1965,3996,72.0,39.0,38.0
1789681088.334393,551.783,1965,3996,72.0,39.0,38.0
1789681088.344325,551.783,1965,3996,72.0,39.0,38.0
1789681088.354431,551.783,1965,3996,72.0,39.0,38.0
1789681088.364321,551.783,1965,3996,72.0,39.0,38.0
1789681088.374377,552.543,1965,3996,72.0,40.0,38.0
1789681088.384411,552.543,1965,3996,72.0,40.0,38.0
1789681088.394375,552.543,1965,3996,72.0,40.0,38.0
1789681088.404379,552.543,1965,3996,72.0,40.0,38.0
1789681088.414331,552.543,1965,3996,72.0,40.0,38.0
1789681088.424376,552.543,1965,3996,72.0,40.0,38.0
1789681088.434328,552.543,1965,3996,72.0,40.0,38.0
1789681088.444392,552.543,1965,3996,72.0,40.0,38.0
1789681088.454376,552.543,1965,3996,72.0,40.0,38.0
1789681088.464379,552.543,1965,3996,72.0,40.0,38.0
1789681088.474321,553.353,1965,3996,72.0,40.0,38.0
1789681088.484376,553.353,1965,3996,72.0,40.0,38.0
1789681088.494442,553.353,1965,3996,72.0,40.0,38.0
1789681088.504435,553.353,1965,3996,72.0,40.0,38.0
1789681088.514387,553.353,1965,3996,72.0,40.0,38.0
1789681088.524412,553.353,1965,3996,72.0,40.0,38.0
1789681088.534408,553.353,1965,3996,72.0,40.0,38.0
1789681088.544379,553.353,1965,3996,72.0,40.0,38.0
1789681088.554433,553.353,1965,3996,72.0,40.0,38.0
1789681088.564426,553.353,1965,3996,72.0,40.0,38.0
1789681088.574400,553.471,1965,3996,72.0,40.0,38.0
1789681088.584434,553.471,1965,3996,72.0,40.0,38.0
1789681088.594407,553.471,1965,3996,72.0,40.0,38.0
1789681088.604410,553.471,1965,3996,72.0,40.0,38.0
1789681088.614343,553.471,1965,3996,72.0,40.0,38.0
1789681088.624408,553.471,1965,3996,72.0,40.0,38.0
1789681088.634423,553.471,1965,3996,72.0,40.0,38.0
1789681088.644447,553.471,1965,3996,72.0,40.0,38.0
1789681088.654429,553.471,1965,3996,72.0,40.0,38.0
1789681088.664646,553.471,1965,3996,72.0,40.0,38.0
1789681088.674437,552.906,1965,3996,72.0,40.0,38.0
1789681088.684389,552.906,1965,3996,72.0,40.0,38.0
1789681088.694424,552.906,1965,3996,72.0,40.0,38.0
1789681088.704397,552.906,1965,3996,72.0,40.0,38.0
1789681088.714411,552.906,1965,3996,72.0,40.0,38.0
1789681088.724436,552.906,1965,3996,72.0,40.0,38.0
1789681088.734449,552.906,1965,3996,72.0,40.0,38.0
1789681088.744330,552.906,1965,3996,72.0,40.0,38.0
1789681088.754406,552.906,1965,3996,72.0,40.0,38.0
1789681088.764439,552.906,1965,3996,72.0,40.0,38.0
1789681088.774444,554.767,1965,3996,72.0,39.0,38.0
1789681088.784437,554.767,1965,3996,72.0,39.0,38.0
1789681088.794451,554.767,1965,3996,72.0,39.0,38.0
1789681088.804321,554.767,1965,3996,72.0,39.0,38.0
1789681088.814396,554.767,1965,3996,72.0,39.0,38.0
1789681088.824431,554.767,1965,3996,72.0,39.0,38.0
1789681088.834435,554.767,1965,3996,72.0,39.0,38.0
1789681088.844377,554.767,1965,3996,72.0,39.0,38.0
1789681088.854382,554.767,1965,3996,72.0,39.0,38.0
1789681088.864435,554.767,1965,3996,72.0,39.0,38.0
1789681088.874398,555.105,1965,3996,72.0,39.0,38.0
1789681088.884331,555.105,1965,3996,72.0,39.0,38.0
1789681088.894375,555.105,1965,3996,72.0,39.0,38.0
1789681088.904409,555.105,1965,3996,72.0,39.0,38.0
1789681088.914433,555.105,1965,3996,72.0,39.0,38.0
1789681088.924407,555.105,1965,3996,72.0,39.0,38.0
1789681088.934441,555.105,1965,3996,72.0,39.0,38.0
1789681088.944434,555.105,1965,3996,72.0,39.0,38.0
1789681088.954408,555.105,1965,3996,72.0,39.0,38.0
1789681088.964391,555.105,1965,3996,72.0,39.0,38.0
1789681088.974385,553.859,1965,3996,71.0,40.0,38.0
1789681088.984399,553.859,1965,3996,71.0,40.0,38.0
1789681088.994402,553.859,1965,3996,71.0,40.0,38.0
1789681089.004436,553.859,1965,3996,71.0,40.0,38.0
1789681089.014430,553.859,1965,3996,71.0,40.0,38.0
1789681089.024413,553.859,1965,3996,71.0,40.0,38.0
1789681089.034640,553.859,1965,3996,71.0,40.0,38.0
1789681089.044402,553.859,1965,3996,71.0,40.0,38.0
1789681089.054445,553.859,1965,3996,71.0,40.0,38.0
1789681089.064321,553.859,1965,3996,71.0,40.0,38.0
1789681089.074310,553.192,1965,3996,71.0,40.0,38.0
1789681089.084316,553.192,1965,3996,71.0,40.0,38.0
1789681089.094316,553.192,1965,3996,71.0,40.0,38.0
1789681089.104316,553.192,1965,3996,71.0,40.0,38.0
1789681089.114316,553.192,1965,3996,71.0,40.0,38.0
1789681089.124317,553.192,1965,3996,71.0,40.0,38.0
1789681089.134315,553.192,1965,3996,71.0,40.0,38.0
1789681089.144599,553.192,1965,3996,71.0,40.0,38.0
1789681089.154316,553.192,1965,3996,71.0,40.0,38.0
1789681089.164316,553.192,1965,3996,71.0,40.0,38.0
1789681089.174316,553.034,1965,3996,72.0,40.0,38.0
1789681089.184511,553.034,1965,3996,72.0,40.0,38.0
1789681089.194349,553.034,1965,3996,72.0,40.0,38.0
1789681089.204318,553.034,1965,3996,72.0,40.0,38.0
1789681089.214579,553.034,1965,3996,72.0,40.0,38.0
1789681089.224445,553.034,1965,3996,72.0,40.0,38.0
1789681089.234440,553.034,1965,3996,72.0,40.0,38.0
1789681089.244444,553.034,1965,3996,72.0,40.0,38.0
1789681089.254376,553.034,1965,3996,72.0,40.0,38.0
1789681089.264411,553.034,1965,3996,72.0,40.0,38.0
1789681089.274414,552.696,1965,3996,72.0,40.0,38.0
1789681089.284438,552.696,1965,3996,72.0,40.0,38.0
1789681089.294380,552.696,1965,3996,72.0,40.0,38.0
1789681089.304435,552.696,1965,3996,72.0,40.0,38.0
1789681089.314439,552.696,1965,3996,72.0,40.0,38.0
1789681089.324433,552.696,1965,3996,72.0,40.0,38.0
1789681089.334436,552.696,1965,3996,72.0,40.0,38.0
1789681089.344440,552.696,1965,3996,72.0,40.0,38.0
1789681089.354382,552.696,1965,3996,72.0,40.0,38.0
1789681089.364397,552.696,1965,3996,72.0,40.0,38.0
1789681089.374389,552.813,1965,3996,72.0,40.0,38.0
1789681089.384404,552.813,1965,3996,72.0,40.0,38.0
1789681089.394346,552.813,1965,3996,72.0,40.0,38.0
1789681089.404412,552.813,1965,3996,72.0,40.0,38.0
1789681089.414436,552.813,1965,3996,72.0,40.0,38.0
1789681089.424480,552.813,1965,3996,72.0,40.0,38.0
1789681089.434504,552.813,1965,3996,72.0,40.0,38.0
1789681089.444437,552.813,1965,3996,72.0,40.0,38.0
1789681089.454440,552.813,1965,3996,72.0,40.0,38.0
1789681089.464697,552.813,1965,3996,72.0,40.0,38.0
1789681089.474447,550.671,1965,3996,72.0,40.0,38.0
1789681089.484441,550.671,1965,3996,72.0,40.0,38.0
1789681089.494373,550.671,1965,3996,72.0,40.0,38.0
1789681089.504317,550.671,1965,3996,72.0,40.0,38.0
1789681089.514401,550.671,1965,3996,72.0,40.0,38.0
1789681089.524353,550.671,1965,3996,72.0,40.0,38.0
1789681089.534408,550.671,1965,3996,72.0,40.0,38.0
1789681089.544432,550.671,1965,3996,72.0,40.0,38.0
1789681089.554385,550.671,1965,3996,72.0,40.0,38.0
1789681089.564378,550.671,1965,3996,72.0,40.0,38.0
1789681089.574422,550.690,1965,3996,71.0,39.0,38.0
1789681089.584437,550.690,1965,3996,71.0,39.0,38.0
1789681089.594379,550.690,1965,3996,71.0,39.0,38.0
1789681089.604314,550.690,1965,3996,71.0,39.0,38.0
1789681089.614438,550.690,1965,3996,71.0,39.0,38.0
1789681089.624452,550.690,1965,3996,71.0,39.0,38.0
1789681089.634425,550.690,1965,3996,71.0,39.0,38.0
1789681089.644590,550.690,1965,3996,71.0,39.0,38.0
1789681089.654381,550.690,1965,3996,71.0,39.0,38.0
1789681089.664436,550.690,1965,3996,71.0,39.0,38.0
1789681089.674429,551.885,1965,3996,71.0,39.0,38.0
1789681089.684362,551.885,1965,3996,71.0,39.0,38.0
1789681089.694437,551.885,1965,3996,71.0,39.0,38.0
1789681089.704430,551.885,1965,3996,71.0,39.0,38.0
1789681089.714434,551.885,1965,3996,71.0,39.0,38.0
1789681089.724317,551.885,1965,3996,71.0,39.0,38.0
1789681089.734483,551.885,1965,3996,71.0,39.0,38.0
1789681089.744434,551.885,1965,3996,71.0,39.0,38.0
1789681089.754314,551.885,1965,3996,71.0,39.0,38.0
1789681089.764442,551.885,1965,3996,71.0,39.0,38.0
1789681089.774446,552.006,1965,3996,72.0,40.0,38.0
1789681089.784409,552.006,1965,3996,72.0,40.0,38.0
1789681089.794707,552.006,1965,3996,72.0,40.0,38.0
1789681089.804364,552.006,1965,3996,72.0,40.0,38.0
1789681089.814409,552.006,1965,3996,72.0,40.0,38.0
1789681089.824444,552.006,1965,3996,72.0,40.0,38.0
1789681089.834519,552.006,1965,3996,72.0,40.0,38.0
1789681089.844380,552.006,1965,3996,72.0,40.0,38.0
1789681089.854435,552.006,1965,3996,72.0,40.0,38.0
1789681089.864336,552.006,1965,3996,72.0,40.0,38.0
1789681089.874340,550.439,1965,3996,72.0,40.0,38.0
1789681089.884333,550.439,1965,3996,72.0,40.0,38.0
1789681089.894377,550.439,1965,3996,72.0,40.0,38.0
1789681089.904330,550.439,1965,3996,72.0,40.0,38.0
1789681089.914406,550.439,1965,3996,72.0,40.0,38.0
1789681089.924402,550.439,1965,3996,72.0,40.0,38.0
1789681089.934382,550.439,1965,3996,72.0,40.0,38.0
1789681089.944417,550.439,1965,3996,72.0,40.0,38.0
1789681089.954410,550.439,1965,3996,72.0,40.0,38.0
1789681089.964414,550.439,1965,3996,72.0,40.0,38.0
1789681089.974408,551.364,1965,3996,66.0,36.0,38.0
1789681089.984401,551.364,1965,3996,66.0,36.0,38.0
1789681089.994425,551.364,1965,3996,66.0,36.0,38.0
1789681090.004439,551.364,1965,3996,66.0,36.0,38.0
1789681090.014381,551.364,1965,3996,66.0,36.0,38.0
1789681090.024416,551.364,1965,3996,66.0,36.0,38.0
1789681090.034419,551.364,1965,3996,66.0,36.0,38.0
1789681090.044444,551.364,1965,3996,66.0,36.0,38.0
1789681090.054437,551.364,1965,3996,66.0,36.0,38.0
1789681090.064441,551.364,1965,3996,66.0,36.0,38.0
1789681090.074445,553.111,1965,3996,66.0,36.0,38.0
1789681090.084438,553.111,1965,3996,66.0,36.0,38.0
1789681090.094329,553.111,1965,3996,66.0,36.0,38.0
1789681090.104425,553.111,1965,3996,66.0,36.0,38.0
1789681090.114337,553.111,1965,3996,66.0,36.0,38.0
1789681090.124412,553.111,1965,3996,66.0,36.0,38.0
1789681090.134436,553.111,1965,3996,66.0,36.0,38.0
1789681090.144327,553.111,1965,3996,66.0,36.0,38.0
1789681090.154515,553.111,1965,3996,66.0,36.0,38.0
1789681090.164448,553.111,1965,3996,66.0,36.0,38.0
1789681090.174513,552.933,1965,3996,72.0,39.0,38.0
1789681090.184413,552.933,1965,3996,72.0,39.0,38.0
1789681090.194377,552.933,1965,3996,72.0,39.0,38.0
1789681090.204320,552.933,1965,3996,72.0,39.0,38.0
1789681090.214321,552.933,1965,3996,72.0,39.0,38.0
1789681090.224316,552.933,1965,3996,72.0,39.0,38.0
1789681090.234317,552.933,1965,3996,72.0,39.0,38.0
1789681090.244628,552.933,1965,3996,72.0,39.0,38.0
1789681090.254317,552.933,1965,3996,72.0,39.0,38.0
1789681090.264316,552.933,1965,3996,72.0,39.0,38.0
1789681090.274315,551.809,1965,3996,72.0,39.0,38.0
1789681090.284316,551.809,1965,3996,72.0,39.0,38.0
1789681090.294425,551.809,1965,3996,72.0,39.0,38.0
1789681090.304417,551.809,1965,3996,72.0,39.0,38.0
1789681090.314411,551.809,1965,3996,72.0,39.0,38.0
1789681090.324435,551.809,1965,3996,72.0,39.0,38.0
1789681090.334337,551.809,1965,3996,72.0,39.0,38.0
1789681090.344331,551.809,1965,3996,72.0,39.0,38.0
1789681090.354405,551.809,1965,3996,72.0,39.0,38.0
1789681090.364409,551.809,1965,3996,72.0,39.0,38.0
1789681090.374423,552.369,1965,3996,71.0,40.0,38.0
1789681090.384319,552.369,1965,3996,71.0,40.0,38.0
1789681090.394400,552.369,1965,3996,71.0,40.0,38.0
1789681090.404423,552.369,1965,3996,71.0,40.0,38.0
1789681090.414356,552.369,1965,3996,71.0,40.0,38.0
1789681090.424431,552.369,1965,3996,71.0,40.0,38.0
1789681090.434384,552.369,1965,3996,71.0,40.0,38.0
1789681090.444326,552.369,1965,3996,71.0,40.0,38.0
1789681090.454329,552.369,1965,3996,71.0,40.0,38.0
1789681090.464446,552.369,1965,3996,71.0,40.0,38.0
1789681090.474399,553.470,1965,3996,71.0,40.0,38.0
1789681090.484382,553.470,1965,3996,71.0,40.0,38.0
1789681090.494365,553.470,1965,3996,71.0,40.0,38.0
1789681090.504328,553.470,1965,3996,71.0,40.0,38.0
1789681090.514403,553.470,1965,3996,71.0,40.0,38.0
1789681090.524387,553.470,1965,3996,71.0,40.0,38.0
1789681090.534329,553.470,1965,3996,71.0,40.0,38.0
1789681090.544322,553.470,1965,3996,71.0,40.0,38.0
1789681090.554448,553.470,1965,3996,71.0,40.0,38.0
1789681090.564442,553.470,1965,3996,71.0,40.0,38.0
1789681090.574344,553.063,1965,3996,72.0,40.0,38.0
1789681090.584399,553.063,1965,3996,72.0,40.0,38.0
1789681090.594392,553.063,1965,3996,72.0,40.0,38.0
1789681090.604324,553.063,1965,3996,72.0,40.0,38.0
1789681090.614389,553.063,1965,3996,72.0,40.0,38.0
1789681090.624332,553.063,1965,3996,72.0,40.0,38.0
1789681090.634324,553.063,1965,3996,72.0,40.0,38.0
1789681090.644420,553.063,1965,3996,72.0,40.0,38.0
1789681090.654424,553.063,1965,3996,72.0,40.0,38.0
1789681090.664448,553.063,1965,3996,72.0,40.0,38.0
1789681090.674422,551.829,1965,3996,72.0,40.0,38.0
1789681090.684384,551.829,1965,3996,72.0,40.0,38.0
1789681090.694336,551.829,1965,3996,72.0,40.0,38.0
1789681090.704453,551.829,1965,3996,72.0,40.0,38.0
1789681090.714406,551.829,1965,3996,72.0,40.0,38.0
1789681090.724400,551.829,1965,3996,72.0,40.0,38.0
1789681090.734434,551.829,1965,3996,72.0,40.0,38.0
1789681090.744376,551.829,1965,3996,72.0,40.0,38.0
1789681090.754329,551.829,1965,3996,72.0,40.0,38.0
1789681090.764414,551.829,1965,3996,72.0,40.0,38.0
1789681090.774438,551.965,1965,3996,73.0,40.0,38.0
1789681090.784421,551.965,1965,3996,73.0,40.0,38.0
1789681090.794374,551.965,1965,3996,73.0,40.0,38.0
1789681090.804439,551.965,1965,3996,73.0,40.0,38.0
1789681090.814442,551.965,1965,3996,73.0,40.0,38.0
1789681090.824375,551.965,1965,3996,73.0,40.0,38.0
1789681090.834379,551.965,1965,3996,73.0,40.0,38.0
1789681090.844434,551.965,1965,3996,73.0,40.0,38.0
1789681090.854417,551.965,1965,3996,73.0,40.0,38.0
1789681090.864328,551.965,1965,3996,73.0,40.0,38.0
1789681090.874444,553.197,1965,3996,73.0,40.0,38.0
1789681090.884397,553.197,1965,3996,73.0,40.0,38.0
1789681090.894401,553.197,1965,3996,73.0,40.0,38.0
1789681090.904404,553.197,1965,3996,73.0,40.0,38.0
1789681090.914428,553.197,1965,3996,73.0,40.0,38.0
1789681090.924321,553.197,1965,3996,73.0,40.0,38.0
1789681090.934318,553.197,1965,3996,73.0,40.0,38.0
1789681090.944440,553.197,1965,3996,73.0,40.0,38.0
1789681090.954372,553.197,1965,3996,73.0,40.0,38.0
1789681090.964376,553.197,1965,3996,73.0,40.0,38.0
1789681090.974320,552.919,1965,3996,72.0,40.0,38.0
1789681090.984319,552.919,1965,3996,72.0,40.0,38.0
1789681090.994407,552.919,1965,3996,72.0,40.0,38.0
1789681091.004318,552.919,1965,3996,72.0,40.0,38.0
1789681091.014317,552.919,1965,3996,72.0,40.0,38.0
1789681091.024321,552.919,1965,3996,72.0,40.0,38.0
1789681091.034317,552.919,1965,3996,72.0,40.0,38.0
1789681091.044318,552.919,1965,3996,72.0,40.0,38.0
1789681091.054318,552.919,1965,3996,72.0,40.0,38.0
1789681091.064413,552.919,1965,3996,72.0,40.0,38.0
1789681091.074355,550.935,1965,3996,72.0,40.0,38.0
1789681091.084319,550.935,1965,3996,72.0,40.0,38.0
1789681091.094319,550.935,1965,3996,72.0,40.0,38.0
1789681091.104438,550.935,1965,3996,72.0,40.0,38.0
1789681091.114452,550.935,1965,3996,72.0,40.0,38.0
1789681091.124405,550.935,1965,3996,72.0,40.0,38.0
1789681091.134439,550.935,1965,3996,72.0,40.0,38.0
1789681091.144391,550.935,1965,3996,72.0,40.0,38.0
1789681091.154385,550.935,1965,3996,72.0,40.0,38.0
1789681091.164680,550.935,1965,3996,72.0,40.0,38.0
1789681091.174423,549.735,1965,3996,71.0,39.0,38.0
1789681091.184319,549.735,1965,3996,71.0,39.0,38.0
1789681091.194358,549.735,1965,3996,71.0,39.0,38.0
1789681091.204318,549.735,1965,3996,71.0,39.0,38.0
1789681091.214318,549.735,1965,3996,71.0,39.0,38.0
1789681091.224323,549.735,1965,3996,71.0,39.0,38.0
1789681091.234435,549.735,1965,3996,71.0,39.0,38.0
1789681091.244323,549.735,1965,3996,71.0,39.0,38.0
1789681091.254322,549.735,1965,3996,71.0,39.0,38.0
1789681091.264318,549.735,1965,3996,71.0,39.0,38.0
1789681091.274378,552.664,1965,3996,71.0,39.0,38.0
1789681091.284413,552.664,1965,3996,71.0,39.0,38.0
1789681091.294416,552.664,1965,3996,71.0,39.0,38.0
1789681091.304430,552.664,1965,3996,71.0,39.0,38.0
1789681091.314403,552.664,1965,3996,71.0,39.0,38.0
1789681091.324323,552.664,1965,3996,71.0,39.0,38.0
1789681091.334431,552.664,1965,3996,71.0,39.0,38.0
1789681091.344465,552.664,1965,3996,71.0,39.0,38.0
1789681091.354428,552.664,1965,3996,71.0,39.0,38.0
1789681091.364319,552.664,1965,3996,71.0,39.0,38.0
1789681091.374319,551.051,1965,3996,72.0,39.0,38.0
1789681091.384408,551.051,1965,3996,72.0,39.0,38.0
1789681091.394433,551.051,1965,3996,72.0,39.0,38.0
1789681091.404320,551.051,1965,3996,72.0,39.0,38.0
1789681091.414316,551.051,1965,3996,72.0,39.0,38.0
1789681091.424325,551.051,1965,3996,72.0,39.0,38.0
1789681091.434325,551.051,1965,3996,72.0,39.0,38.0
1789681091.444319,551.051,1965,3996,72.0,39.0,38.0
1789681091.454461,551.051,1965,3996,72.0,39.0,38.0
1789681091.464313,551.051,1965,3996,72.0,39.0,38.0
1789681091.474316,551.116,1965,3996,72.0,39.0,38.0
1789681091.484318,551.116,1965,3996,72.0,39.0,38.0
1789681091.494321,551.116,1965,3996,72.0,39.0,38.0
1789681091.504331,551.116,1965,3996,72.0,39.0,38.0
1789681091.514319,551.116,1965,3996,72.0,39.0,38.0
1789681091.524320,551.116,1965,3996,72.0,39.0,38.0
1789681091.534312,551.116,1965,3996,72.0,39.0,38.0
1789681091.544316,551.116,1965,3996,72.0,39.0,38.0
1789681091.554316,551.116,1965,3996,72.0,39.0,38.0
1789681091.564316,551.116,1965,3996,72.0,39.0,38.0
1789681091.574316,551.190,1965,3996,72.0,40.0,38.0
1789681091.584312,551.190,1965,3996,72.0,40.0,38.0
1789681091.594312,551.190,1965,3996,72.0,40.0,38.0
1789681091.604316,551.190,1965,3996,72.0,40.0,38.0
1789681091.614316,551.190,1965,3996,72.0,40.0,38.0
1789681091.624312,551.190,1965,3996,72.0,40.0,38.0
1789681091.634315,551.190,1965,3996,72.0,40.0,38.0
1789681091.644343,551.190,1965,3996,72.0,40.0,38.0
1789681091.654317,551.190,1965,3996,72.0,40.0,38.0
1789681091.664322,551.190,1965,3996,72.0,40.0,38.0
1789681091.674313,551.321,1965,3996,72.0,40.0,38.0
1789681091.684319,551.321,1965,3996,72.0,40.0,38.0
1789681091.694324,551.321,1965,3996,72.0,40.0,38.0
1789681091.704319,551.321,1965,3996,72.0,40.0,38.0
1789681091.714318,551.321,1965,3996,72.0,40.0,38.0
1789681091.724381,551.321,1965,3996,72.0,40.0,38.0
1789681091.734387,551.321,1965,3996,72.0,40.0,38.0
1789681091.744319,551.321,1965,3996,72.0,40.0,38.0
1789681091.754321,551.321,1965,3996,72.0,40.0,38.0
1789681091.764386,551.321,1965,3996,72.0,40.0,38.0
1789681091.774441,550.731,1965,3996,70.0,39.0,38.0
1789681091.784322,550.731,1965,3996,70.0,39.0,38.0
1789681091.794317,550.731,1965,3996,70.0,39.0,38.0
1789681091.804380,550.731,1965,3996,70.0,39.0,38.0
1789681091.814405,550.731,1965,3996,70.0,39.0,38.0
1789681091.824419,550.731,1965,3996,70.0,39.0,38.0
1789681091.834318,550.731,1965,3996,70.0,39.0,38.0
1789681091.844321,550.731,1965,3996,70.0,39.0,38.0
1789681091.854327,550.731,1965,3996,70.0,39.0,38.0
1789681091.864392,550.731,1965,3996,70.0,39.0,38.0
1789681091.874324,551.573,1965,3996,70.0,39.0,38.0
1789681091.884322,551.573,1965,3996,70.0,39.0,38.0
1789681091.894316,551.573,1965,3996,70.0,39.0,38.0
1789681091.904320,551.573,1965,3996,70.0,39.0,38.0
1789681091.914322,551.573,1965,3996,70.0,39.0,38.0
1789681091.924317,551.573,1965,3996,70.0,39.0,38.0
1789681091.934337,551.573,1965,3996,70.0,39.0,38.0
1789681091.944360,551.573,1965,3996,70.0,39.0,38.0
1789681091.954405,551.573,1965,3996,70.0,39.0,38.0
1789681091.964321,551.573,1965,3996,70.0,39.0,38.0
1789681091.974317,551.514,1965,3996,71.0,40.0,38.0
1789681091.984447,551.514,1965,3996,71.0,40.0,38.0
1789681091.994369,551.514,1965,3996,71.0,40.0,38.0
1789681092.004465,551.514,1965,3996,71.0,40.0,38.0
1789681092.014318,551.514,1965,3996,71.0,40.0,38.0
1789681092.024328,551.514,1965,3996,71.0,40.0,38.0
1789681092.034435,551.514,1965,3996,71.0,40.0,38.0
1789681092.044439,551.514,1965,3996,71.0,40.0,38.0
1789681092.054319,551.514,1965,3996,71.0,40.0,38.0
1789681092.064318,551.514,1965,3996,71.0,40.0,38.0
1789681092.074389,553.410,1965,3996,71.0,40.0,38.0
1789681092.084382,553.410,1965,3996,71.0,40.0,38.0
1789681092.094406,553.410,1965,3996,71.0,40.0,38.0
1789681092.104319,553.410,1965,3996,71.0,40.0,38.0
1789681092.114403,553.410,1965,3996,71.0,40.0,38.0
1789681092.124387,553.410,1965,3996,71.0,40.0,38.0
1789681092.134380,553.410,1965,3996,71.0,40.0,38.0
1789681092.144318,553.410,1965,3996,71.0,40.0,38.0
1789681092.154398,553.410,1965,3996,71.0,40.0,38.0
1789681092.164401,553.410,1965,3996,71.0,40.0,38.0
1789681092.174425,552.877,1965,3996,72.0,40.0,38.0
1789681092.184361,552.877,1965,3996,72.0,40.0,38.0
1789681092.194313,552.877,1965,3996,72.0,40.0,38.0
1789681092.204322,552.877,1965,3996,72.0,40.0,38.0
1789681092.214328,552.877,1965,3996,72.0,40.0,38.0
1789681092.224323,552.877,1965,3996,72.0,40.0,38.0
1789681092.234318,552.877,1965,3996,72.0,40.0,38.0
1789681092.244316,552.877,1965,3996,72.0,40.0,38.0
1789681092.254435,552.877,1965,3996,72.0,40.0,38.0
1789681092.264438,552.877,1965,3996,72.0,40.0,38.0
1789681092.274318,553.318,1965,3996,72.0,40.0,38.0
1789681092.284374,553.318,1965,3996,72.0,40.0,38.0
1789681092.294327,553.318,1965,3996,72.0,40.0,38.0
1789681092.304402,553.318,1965,3996,72.0,40.0,38.0
1789681092.314322,553.318,1965,3996,72.0,40.0,38.0
1789681092.324317,553.318,1965,3996,72.0,40.0,38.0
1789681092.334319,553.318,1965,3996,72.0,40.0,38.0
1789681092.344318,553.318,1965,3996,72.0,40.0,38.0
1789681092.354318,553.318,1965,3996,72.0,40.0,38.0
1789681092.364319,553.318,1965,3996,72.0,40.0,38.0
1789681092.374546,553.950,1965,3996,72.0,40.0,38.0
1789681092.384318,553.950,1965,3996,72.0,40.0,38.0
1789681092.394394,553.950,1965,3996,72.0,40.0,38.0
1789681092.404408,553.950,1965,3996,72.0,40.0,38.0
1789681092.414443,553.950,1965,3996,72.0,40.0,38.0
1789681092.424395,553.950,1965,3996,72.0,40.0,38.0
1789681092.434327,553.950,1965,3996,72.0,40.0,38.0
1789681092.444322,553.950,1965,3996,72.0,40.0,38.0
1789681092.454416,553.950,1965,3996,72.0,40.0,38.0
1789681092.464441,553.950,1965,3996,72.0,40.0,38.0
1789681092.474424,552.983,1965,3996,72.0,40.0,38.0
1789681092.484691,552.983,1965,3996,72.0,40.0,38.0
1789681092.494390,552.983,1965,3996,72.0,40.0,38.0
1789681092.504404,552.983,1965,3996,72.0,40.0,38.0
1789681092.514378,552.983,1965,3996,72.0,40.0,38.0
1789681092.524402,552.983,1965,3996,72.0,40.0,38.0
1789681092.534395,552.983,1965,3996,72.0,40.0,38.0
1789681092.544440,552.983,1965,3996,72.0,40.0,38.0
1789681092.554372,552.983,1965,3996,72.0,40.0,38.0
1789681092.564437,552.983,1965,3996,72.0,40.0,38.0
1789681092.574379,552.517,1965,3996,72.0,40.0,38.0
1789681092.584424,552.517,1965,3996,72.0,40.0,38.0
1789681092.594377,552.517,1965,3996,72.0,40.0,38.0
1789681092.604411,552.517,1965,3996,72.0,40.0,38.0
1789681092.614394,552.517,1965,3996,72.0,40.0,38.0
1789681092.624398,552.517,1965,3996,72.0,40.0,38.0
1789681092.634321,552.517,1965,3996,72.0,40.0,38.0
1789681092.644385,552.517,1965,3996,72.0,40.0,38.0
1789681092.654409,552.517,1965,3996,72.0,40.0,38.0
1789681092.664403,552.517,1965,3996,72.0,40.0,38.0
1789681092.674324,553.071,1965,3996,72.0,40.0,38.0
1789681092.684451,553.071,1965,3996,72.0,40.0,38.0
1789681092.694434,553.071,1965,3996,72.0,40.0,38.0
1789681092.704428,553.071,1965,3996,72.0,40.0,38.0
1789681092.714431,553.071,1965,3996,72.0,40.0,38.0
1789681092.724374,553.071,1965,3996,72.0,40.0,38.0
1789681092.734428,553.071,1965,3996,72.0,40.0,38.0
1789681092.744391,553.071,1965,3996,72.0,40.0,38.0
1789681092.754456,553.071,1965,3996,72.0,40.0,38.0
1789681092.764327,553.071,1965,3996,72.0,40.0,38.0
1789681092.774322,554.234,1965,3996,71.0,39.0,38.0
1789681092.784334,554.234,1965,3996,71.0,39.0,38.0
1789681092.794440,554.234,1965,3996,71.0,39.0,38.0
1789681092.804321,554.234,1965,3996,71.0,39.0,38.0
1789681092.814316,554.234,1965,3996,71.0,39.0,38.0
1789681092.824316,554.234,1965,3996,71.0,39.0,38.0
1789681092.834316,554.234,1965,3996,71.0,39.0,38.0
1789681092.844315,554.234,1965,3996,71.0,39.0,38.0
1789681092.854593,554.234,1965,3996,71.0,39.0,38.0
1789681092.864316,554.234,1965,3996,71.0,39.0,38.0
1789681092.874316,554.041,1965,3996,71.0,39.0,38.0
1789681092.884317,554.041,1965,3996,71.0,39.0,38.0
1789681092.894317,554.041,1965,3996,71.0,39.0,38.0
1789681092.904317,554.041,1965,3996,71.0,39.0,38.0
1789681092.914315,554.041,1965,3996,71.0,39.0,38.0
1789681092.924459,554.041,1965,3996,71.0,39.0,38.0
1789681092.934390,554.041,1965,3996,71.0,39.0,38.0
1789681092.944363,554.041,1965,3996,71.0,39.0,38.0
1789681092.954459,554.041,1965,3996,71.0,39.0,38.0
1789681092.964330,554.041,1965,3996,71.0,39.0,38.0
1789681092.974333,553.395,1965,3996,72.0,40.0,38.0
1789681092.984327,553.395,1965,3996,72.0,40.0,38.0
1789681092.994412,553.395,1965,3996,72.0,40.0,38.0
1789681093.004395,553.395,1965,3996,72.0,40.0,38.0
1789681093.014322,553.395,1965,3996,72.0,40.0,38.0
1789681093.024316,553.395,1965,3996,72.0,40.0,38.0
1789681093.034321,553.395,1965,3996,72.0,40.0,38.0
1789681093.044317,553.395,1965,3996,72.0,40.0,38.0
1789681093.054321,553.395,1965,3996,72.0,40.0,38.0
1789681093.064318,553.395,1965,3996,72.0,40.0,38.0
1789681093.074583,552.761,1965,3996,72.0,40.0,38.0
1789681093.084353,552.761,1965,3996,72.0,40.0,38.0
1789681093.094326,552.761,1965,3996,72.0,40.0,38.0
1789681093.104321,552.761,1965,3996,72.0,40.0,38.0
1789681093.114324,552.761,1965,3996,72.0,40.0,38.0
1789681093.124409,552.761,1965,3996,72.0,40.0,38.0
1789681093.134444,552.761,1965,3996,72.0,40.0,38.0
1789681093.144447,552.761,1965,3996,72.0,40.0,38.0
1789681093.154390,552.761,1965,3996,72.0,40.0,38.0
1789681093.164322,552.761,1965,3996,72.0,40.0,38.0
1789681093.174377,551.915,1965,3996,72.0,40.0,38.0
1789681093.184339,551.915,1965,3996,72.0,40.0,38.0
1789681093.194374,551.915,1965,3996,72.0,40.0,38.0
1789681093.204378,551.915,1965,3996,72.0,40.0,38.0
1789681093.214371,551.915,1965,3996,72.0,40.0,38.0
1789681093.224436,551.915,1965,3996,72.0,40.0,38.0
1789681093.234318,551.915,1965,3996,72.0,40.0,38.0
1789681093.244318,551.915,1965,3996,72.0,40.0,38.0
1789681093.254386,551.915,1965,3996,72.0,40.0,38.0
1789681093.264440,551.915,1965,3996,72.0,40.0,38.0
1789681093.274435,549.830,1965,3996,72.0,40.0,38.0
1789681093.284322,549.830,1965,3996,72.0,40.0,38.0
1789681093.294442,549.830,1965,3996,72.0,40.0,38.0
1789681093.304374,549.830,1965,3996,72.0,40.0,38.0
1789681093.314388,549.830,1965,3996,72.0,40.0,38.0
1789681093.324696,549.830,1965,3996,72.0,40.0,38.0
1789681093.334324,549.830,1965,3996,72.0,40.0,38.0
1789681093.344313,549.830,1965,3996,72.0,40.0,38.0
1789681093.354433,549.830,1965,3996,72.0,40.0,38.0
1789681093.364322,549.830,1965,3996,72.0,40.0,38.0
1789681093.374359,550.566,1965,3996,71.0,39.0,38.0
1789681093.384374,550.566,1965,3996,71.0,39.0,38.0
1789681093.394377,550.566,1965,3996,71.0,39.0,38.0
1789681093.404380,550.566,1965,3996,71.0,39.0,38.0
1789681093.414323,550.566,1965,3996,71.0,39.0,38.0
1789681093.424367,550.566,1965,3996,71.0,39.0,38.0
1789681093.434362,550.566,1965,3996,71.0,39.0,38.0
1789681093.444426,550.566,1965,3996,71.0,39.0,38.0
1789681093.454388,550.566,1965,3996,71.0,39.0,38.0
1789681093.464392,550.566,1965,3996,71.0,39.0,38.0
1789681093.474323,552.126,1965,3996,71.0,39.0,38.0
1789681093.484317,552.126,1965,3996,71.0,39.0,38.0
1789681093.494352,552.126,1965,3996,71.0,39.0,38.0
1789681093.504376,552.126,1965,3996,71.0,39.0,38.0
1789681093.514338,552.126,1965,3996,71.0,39.0,38.0
1789681093.524322,552.126,1965,3996,71.0,39.0,38.0
1789681093.534320,552.126,1965,3996,71.0,39.0,38.0
1789681093.544422,552.126,1965,3996,71.0,39.0,38.0
1789681093.554426,552.126,1965,3996,71.0,39.0,38.0
1789681093.564440,552.126,1965,3996,71.0,39.0,38.0
1789681093.574433,551.347,1965,3996,72.0,40.0,38.0
1789681093.584318,551.347,1965,3996,72.0,40.0,38.0
1789681093.594379,551.347,1965,3996,72.0,40.0,38.0
1789681093.604433,551.347,1965,3996,72.0,40.0,38.0
1789681093.614397,551.347,1965,3996,72.0,40.0,38.0
1789681093.624318,551.347,1965,3996,72.0,40.0,38.0
1789681093.634332,551.347,1965,3996,72.0,40.0,38.0
1789681093.644408,551.347,1965,3996,72.0,40.0,38.0
1789681093.654442,551.347,1965,3996,72.0,40.0,38.0
1789681093.664374,551.347,1965,3996,72.0,40.0,38.0
1789681093.674316,553.110,1965,3996,72.0,40.0,38.0
1789681093.684319,553.110,1965,3996,72.0,40.0,38.0
1789681093.694437,553.110,1965,3996,72.0,40.0,38.0
1789681093.704512,553.110,1965,3996,72.0,40.0,38.0
1789681093.714383,553.110,1965,3996,72.0,40.0,38.0
1789681093.724320,553.110,1965,3996,72.0,40.0,38.0
1789681093.734324,553.110,1965,3996,72.0,40.0,38.0
1789681093.744322,553.110,1965,3996,72.0,40.0,38.0
1789681093.754319,553.110,1965,3996,72.0,40.0,38.0
1789681093.764518,553.110,1965,3996,72.0,40.0,38.0
1789681093.774319,551.718,1965,3996,72.0,40.0,38.0
1789681093.784327,551.718,1965,3996,72.0,40.0,38.0
1789681093.794443,551.718,1965,3996,72.0,40.0,38.0
1789681093.804313,551.718,1965,3996,72.0,40.0,38.0
1789681093.814440,551.718,1965,3996,72.0,40.0,38.0
1789681093.824372,551.718,1965,3996,72.0,40.0,38.0
1789681093.834397,551.718,1965,3996,72.0,40.0,38.0
1789681093.844322,551.718,1965,3996,72.0,40.0,38.0
1789681093.854315,551.718,1965,3996,72.0,40.0,38.0
1789681093.864319,551.718,1965,3996,72.0,40.0,38.0
1789681093.874323,551.261,1965,3996,72.0,40.0,38.0
1789681093.884320,551.261,1965,3996,72.0,40.0,38.0
1789681093.894322,551.261,1965,3996,72.0,40.0,38.0
1789681093.904395,551.261,1965,3996,72.0,40.0,38.0
1789681093.914314,551.261,1965,3996,72.0,40.0,38.0
1789681093.924328,551.261,1965,3996,72.0,40.0,38.0
1789681093.934317,551.261,1965,3996,72.0,40.0,38.0
1789681093.944317,551.261,1965,3996,72.0,40.0,38.0
1789681093.954312,551.261,1965,3996,72.0,40.0,38.0
1789681093.964317,551.261,1965,3996,72.0,40.0,38.0
1789681093.974312,551.025,1965,3996,72.0,39.0,38.0
1789681093.984316,551.025,1965,3996,72.0,39.0,38.0
1789681093.994316,551.025,1965,3996,72.0,39.0,38.0
1789681094.004315,551.025,1965,3996,72.0,39.0,38.0
1789681094.014313,551.025,1965,3996,72.0,39.0,38.0
1789681094.024315,551.025,1965,3996,72.0,39.0,38.0
1789681094.034316,551.025,1965,3996,72.0,39.0,38.0
1789681094.044316,551.025,1965,3996,72.0,39.0,38.0
1789681094.054330,551.025,1965,3996,72.0,39.0,38.0
1789681094.064317,551.025,1965,3996,72.0,39.0,38.0
1789681094.074316,552.273,1965,3996,72.0,39.0,38.0
1789681094.084316,552.273,1965,3996,72.0,39.0,38.0
1789681094.094371,552.273,1965,3996,72.0,39.0,38.0
1789681094.104318,552.273,1965,3996,72.0,39.0,38.0
1789681094.114272,552.273,1965,3996,72.0,39.0,38.0
1789681094.124320,552.273,1965,3996,72.0,39.0,38.0
1789681094.134319,552.273,1965,3996,72.0,39.0,38.0
1789681094.144320,552.273,1965,3996,72.0,39.0,38.0
1789681094.154321,552.273,1965,3996,72.0,39.0,38.0
1789681094.164320,552.273,1965,3996,72.0,39.0,38.0
1789681094.174320,552.483,1965,3996,72.0,40.0,38.0
1789681094.184319,552.483,1965,3996,72.0,40.0,38.0
1789681094.194320,552.483,1965,3996,72.0,40.0,38.0
1789681094.204320,552.483,1965,3996,72.0,40.0,38.0
1789681094.214320,552.483,1965,3996,72.0,40.0,38.0
1789681094.224437,552.483,1965,3996,72.0,40.0,38.0
1789681094.234453,552.483,1965,3996,72.0,40.0,38.0
1789681094.244395,552.483,1965,3996,72.0,40.0,38.0
1789681094.254420,552.483,1965,3996,72.0,40.0,38.0
1789681094.264382,552.483,1965,3996,72.0,40.0,38.0
1789681094.274325,553.801,1965,3996,72.0,40.0,38.0
1789681094.284420,553.801,1965,3996,72.0,40.0,38.0
1789681094.294331,553.801,1965,3996,72.0,40.0,38.0
1789681094.304335,553.801,1965,3996,72.0,40.0,38.0
1789681094.314329,553.801,1965,3996,72.0,40.0,38.0
1789681094.324318,553.801,1965,3996,72.0,40.0,38.0
1789681094.334319,553.801,1965,3996,72.0,40.0,38.0
1789681094.344402,553.801,1965,3996,72.0,40.0,38.0
1789681094.354405,553.801,1965,3996,72.0,40.0,38.0
1789681094.364460,553.801,1965,3996,72.0,40.0,38.0
1789681094.374316,552.352,1965,3996,72.0,39.0,38.0
1789681094.384318,552.352,1965,3996,72.0,39.0,38.0
1789681094.394410,552.352,1965,3996,72.0,39.0,38.0
1789681094.404708,552.352,1965,3996,72.0,39.0,38.0
1789681094.414376,552.352,1965,3996,72.0,39.0,38.0
1789681094.424339,552.352,1965,3996,72.0,39.0,38.0
1789681094.434322,552.352,1965,3996,72.0,39.0,38.0
1789681094.444387,552.352,1965,3996,72.0,39.0,38.0
1789681094.454381,552.352,1965,3996,72.0,39.0,38.0
1789681094.464395,552.352,1965,3996,72.0,39.0,38.0
1789681094.474327,551.559,1965,3996,72.0,39.0,38.0
1789681094.484454,551.559,1965,3996,72.0,39.0,38.0
1789681094.494447,551.559,1965,3996,72.0,39.0,38.0
1789681094.504380,551.559,1965,3996,72.0,39.0,38.0
1789681094.514575,551.559,1965,3996,72.0,39.0,38.0
1789681094.524437,551.559,1965,3996,72.0,39.0,38.0
1789681094.534323,551.559,1965,3996,72.0,39.0,38.0
1789681094.544318,551.559,1965,3996,72.0,39.0,38.0
1789681094.554448,551.559,1965,3996,72.0,39.0,38.0
1789681094.564442,551.559,1965,3996,72.0,39.0,38.0
1789681094.574344,551.943,1965,3996,72.0,40.0,38.0
1789681094.584490,551.943,1965,3996,72.0,40.0,38.0
1789681094.594392,551.943,1965,3996,72.0,40.0,38.0
1789681094.604436,551.943,1965,3996,72.0,40.0,38.0
1789681094.614451,551.943,1965,3996,72.0,40.0,38.0
1789681094.624393,551.943,1965,3996,72.0,40.0,38.0
1789681094.634325,551.943,1965,3996,72.0,40.0,38.0
1789681094.644318,551.943,1965,3996,72.0,40.0,38.0
1789681094.654330,551.943,1965,3996,72.0,40.0,38.0
1789681094.664326,551.943,1965,3996,72.0,40.0,38.0
1789681094.674330,552.478,1965,3996,72.0,40.0,38.0
1789681094.684322,552.478,1965,3996,72.0,40.0,38.0
1789681094.694429,552.478,1965,3996,72.0,40.0,38.0
1789681094.704432,552.478,1965,3996,72.0,40.0,38.0
1789681094.714318,552.478,1965,3996,72.0,40.0,38.0
1789681094.724409,552.478,1965,3996,72.0,40.0,38.0
1789681094.734444,552.478,1965,3996,72.0,40.0,38.0
1789681094.744447,552.478,1965,3996,72.0,40.0,38.0
1789681094.754329,552.478,1965,3996,72.0,40.0,38.0
1789681094.764318,552.478,1965,3996,72.0,40.0,38.0
1789681094.774336,552.010,1965,3996,72.0,39.0,38.0
1789681094.784431,552.010,1965,3996,72.0,39.0,38.0
1789681094.794384,552.010,1965,3996,72.0,39.0,38.0
1789681094.804321,552.010,1965,3996,72.0,39.0,38.0
1789681094.814315,552.010,1965,3996,72.0,39.0,38.0
1789681094.824446,552.010,1965,3996,72.0,39.0,38.0
1789681094.834322,552.010,1965,3996,72.0,39.0,38.0
1789681094.844323,552.010,1965,3996,72.0,39.0,38.0
1789681094.854320,552.010,1965,3996,72.0,39.0,38.0
1789681094.864420,552.010,1965,3996,72.0,39.0,38.0
1789681094.874424,551.372,1965,3996,72.0,39.0,38.0
1789681094.884356,551.372,1965,3996,72.0,39.0,38.0
1789681094.894317,551.372,1965,3996,72.0,39.0,38.0
1789681094.904394,551.372,1965,3996,72.0,39.0,38.0
1789681094.914449,551.372,1965,3996,72.0,39.0,38.0
1789681094.924432,551.372,1965,3996,72.0,39.0,38.0
1789681094.934515,551.372,1965,3996,72.0,39.0,38.0
1789681094.944378,551.372,1965,3996,72.0,39.0,38.0
1789681094.954322,551.372,1965,3996,72.0,39.0,38.0
1789681094.964396,551.372,1965,3996,72.0,39.0,38.0
1789681094.974431,551.980,1965,3996,72.0,40.0,38.0
1789681094.984444,551.980,1965,3996,72.0,40.0,38.0
1789681094.994324,551.980,1965,3996,72.0,40.0,38.0
1789681095.004329,551.980,1965,3996,72.0,40.0,38.0
1789681095.014323,551.980,1965,3996,72.0,40.0,38.0
1789681095.024321,551.980,1965,3996,72.0,40.0,38.0
1789681095.034320,551.980,1965,3996,72.0,40.0,38.0
1789681095.044316,551.980,1965,3996,72.0,40.0,38.0
1789681095.054316,551.980,1965,3996,72.0,40.0,38.0
1789681095.064316,551.980,1965,3996,72.0,40.0,38.0
1789681095.074315,549.913,1965,3996,72.0,40.0,38.0
1789681095.084510,549.913,1965,3996,72.0,40.0,38.0
1789681095.094316,549.913,1965,3996,72.0,40.0,38.0
1789681095.104317,549.913,1965,3996,72.0,40.0,38.0
1789681095.114623,549.913,1965,3996,72.0,40.0,38.0
1789681095.124316,549.913,1965,3996,72.0,40.0,38.0
1789681095.134316,549.913,1965,3996,72.0,40.0,38.0
1789681095.144316,549.913,1965,3996,72.0,40.0,38.0
1789681095.154328,549.913,1965,3996,72.0,40.0,38.0
1789681095.164354,549.913,1965,3996,72.0,40.0,38.0
1789681095.174320,549.874,1965,3996,71.0,40.0,38.0
1789681095.184320,549.874,1965,3996,71.0,40.0,38.0
1789681095.194320,549.874,1965,3996,71.0,40.0,38.0
1789681095.204325,549.874,1965,3996,71.0,40.0,38.0
1789681095.214320,549.874,1965,3996,71.0,40.0,38.0
1789681095.224320,549.874,1965,3996,71.0,40.0,38.0
1789681095.234317,549.874,1965,3996,71.0,40.0,38.0
1789681095.244320,549.874,1965,3996,71.0,40.0,38.0
1789681095.254320,549.874,1965,3996,71.0,40.0,38.0
1789681095.264320,549.874,1965,3996,71.0,40.0,38.0
1789681095.274320,551.267,1965,3996,71.0,40.0,38.0
1789681095.284317,551.267,1965,3996,71.0,40.0,38.0
1789681095.294320,551.267,1965,3996,71.0,40.0,38.0
1789681095.304319,551.267,1965,3996,71.0,40.0,38.0
1789681095.314320,551.267,1965,3996,71.0,40.0,38.0
1789681095.324319,551.267,1965,3996,71.0,40.0,38.0
1789681095.334319,551.267,1965,3996,71.0,40.0,38.0
1789681095.344320,551.267,1965,3996,71.0,40.0,38.0
1789681095.354320,551.267,1965,3996,71.0,40.0,38.0
1789681095.364320,551.267,1965,3996,71.0,40.0,38.0
1789681095.374320,552.060,1965,3996,72.0,40.0,38.0
1789681095.384320,552.060,1965,3996,72.0,40.0,38.0
1789681095.394320,552.060,1965,3996,72.0,40.0,38.0
1789681095.404320,552.060,1965,3996,72.0,40.0,38.0
1789681095.414319,552.060,1965,3996,72.0,40.0,38.0
1789681095.424320,552.060,1965,3996,72.0,40.0,38.0
1789681095.434320,552.060,1965,3996,72.0,40.0,38.0
1789681095.444320,552.060,1965,3996,72.0,40.0,38.0
1789681095.454320,552.060,1965,3996,72.0,40.0,38.0
1789681095.464319,552.060,1965,3996,72.0,40.0,38.0
1789681095.474317,551.603,1965,3996,72.0,40.0,38.0
1789681095.484320,551.603,1965,3996,72.0,40.0,38.0
1789681095.494317,551.603,1965,3996,72.0,40.0,38.0
1789681095.504317,551.603,1965,3996,72.0,40.0,38.0
1789681095.514316,551.603,1965,3996,72.0,40.0,38.0
1789681095.524274,551.603,1965,3996,72.0,40.0,38.0
1789681095.534318,551.603,1965,3996,72.0,40.0,38.0
1789681095.544320,551.603,1965,3996,72.0,40.0,38.0
1789681095.554317,551.603,1965,3996,72.0,40.0,38.0
1789681095.564582,551.603,1965,3996,72.0,40.0,38.0
1789681095.574321,552.701,1965,3996,72.0,40.0,38.0
1789681095.584320,552.701,1965,3996,72.0,40.0,38.0
1789681095.594320,552.701,1965,3996,72.0,40.0,38.0
1789681095.604320,552.701,1965,3996,72.0,40.0,38.0
1789681095.614320,552.701,1965,3996,72.0,40.0,38.0
1789681095.624320,552.701,1965,3996,72.0,40.0,38.0
1789681095.634317,552.701,1965,3996,72.0,40.0,38.0
1789681095.644317,552.701,1965,3996,72.0,40.0,38.0
1789681095.654319,552.701,1965,3996,72.0,40.0,38.0
1789681095.664320,552.701,1965,3996,72.0,40.0,38.0
1789681095.674318,552.083,1965,3996,72.0,40.0,38.0
1789681095.684318,552.083,1965,3996,72.0,40.0,38.0
1789681095.694320,552.083,1965,3996,72.0,40.0,38.0
1789681095.704318,552.083,1965,3996,72.0,40.0,38.0
1789681095.714320,552.083,1965,3996,72.0,40.0,38.0
1789681095.724320,552.083,1965,3996,72.0,40.0,38.0
1789681095.734318,552.083,1965,3996,72.0,40.0,38.0
1789681095.744318,552.083,1965,3996,72.0,40.0,38.0
1789681095.754318,552.083,1965,3996,72.0,40.0,38.0
1789681095.764318,552.083,1965,3996,72.0,40.0,38.0
1789681095.774316,551.651,1965,3996,72.0,40.0,38.0
1789681095.784318,551.651,1965,3996,72.0,40.0,38.0
1789681095.794317,551.651,1965,3996,72.0,40.0,38.0
1789681095.804318,551.651,1965,3996,72.0,40.0,38.0
1789681095.814319,551.651,1965,3996,72.0,40.0,38.0
1789681095.824320,551.651,1965,3996,72.0,40.0,38.0
1789681095.834317,551.651,1965,3996,72.0,40.0,38.0
1789681095.844318,551.651,1965,3996,72.0,40.0,38.0
1789681095.854318,551.651,1965,3996,72.0,40.0,38.0
1789681095.864317,551.651,1965,3996,72.0,40.0,38.0
1789681095.874318,552.369,1965,3996,72.0,40.0,38.0
1789681095.884320,552.369,1965,3996,72.0,40.0,38.0
1789681095.894319,552.369,1965,3996,72.0,40.0,38.0
1789681095.904318,552.369,1965,3996,72.0,40.0,38.0
1789681095.914320,552.369,1965,3996,72.0,40.0,38.0
1789681095.924317,552.369,1965,3996,72.0,40.0,38.0
1789681095.934316,552.369,1965,3996,72.0,40.0,38.0
1789681095.944318,552.369,1965,3996,72.0,40.0,38.0
1789681095.954317,552.369,1965,3996,72.0,40.0,38.0
1789681095.964438,552.369,1965,3996,72.0,40.0,38.0
1789681095.974392,552.302,1965,3996,72.0,40.0,38.0
1789681095.984447,552.302,1965,3996,72.0,40.0,38.0
1789681095.994368,552.302,1965,3996,72.0,40.0,38.0
1789681096.004383,552.302,1965,3996,72.0,40.0,38.0
1789681096.014366,552.302,1965,3996,72.0,40.0,38.0
1789681096.024349,552.302,1965,3996,72.0,40.0,38.0
1789681096.034435,552.302,1965,3996,72.0,40.0,38.0
1789681096.044357,552.302,1965,3996,72.0,40.0,38.0
1789681096.054685,552.302,1965,3996,72.0,40.0,38.0
1789681096.064374,552.302,1965,3996,72.0,40.0,38.0
1789681096.074439,552.564,1965,3996,72.0,40.0,38.0
1789681096.084322,552.564,1965,3996,72.0,40.0,38.0
1789681096.094526,552.564,1965,3996,72.0,40.0,38.0
1789681096.104338,552.564,1965,3996,72.0,40.0,38.0
1789681096.114321,552.564,1965,3996,72.0,40.0,38.0
1789681096.124437,552.564,1965,3996,72.0,40.0,38.0
1789681096.134430,552.564,1965,3996,72.0,40.0,38.0
1789681096.144373,552.564,1965,3996,72.0,40.0,38.0
1789681096.154377,552.564,1965,3996,72.0,40.0,38.0
1789681096.164442,552.564,1965,3996,72.0,40.0,38.0
1789681096.174320,551.763,1965,3996,69.0,38.0,38.0
1789681096.184315,551.763,1965,3996,69.0,38.0,38.0
1789681096.194316,551.763,1965,3996,69.0,38.0,38.0
1789681096.204315,551.763,1965,3996,69.0,38.0,38.0
1789681096.214317,551.763,1965,3996,69.0,38.0,38.0
1789681096.224317,551.763,1965,3996,69.0,38.0,38.0
1789681096.234316,551.763,1965,3996,69.0,38.0,38.0
1789681096.244316,551.763,1965,3996,69.0,38.0,38.0
1789681096.254317,551.763,1965,3996,69.0,38.0,38.0
1789681096.264316,551.763,1965,3996,69.0,38.0,38.0
1789681096.274316,551.466,1965,3996,69.0,38.0,38.0
1789681096.284316,551.466,1965,3996,69.0,38.0,38.0
1789681096.294316,551.466,1965,3996,69.0,38.0,38.0
1789681096.304307,551.466,1965,3996,69.0,38.0,38.0
1789681096.314320,551.466,1965,3996,69.0,38.0,38.0
1789681096.324319,551.466,1965,3996,69.0,38.0,38.0
1789681096.334320,551.466,1965,3996,69.0,38.0,38.0
1789681096.344321,551.466,1965,3996,69.0,38.0,38.0
1789681096.354320,551.466,1965,3996,69.0,38.0,38.0
1789681096.364321,551.466,1965,3996,69.0,38.0,38.0
1789681096.374320,550.670,1965,3996,72.0,40.0,38.0
1789681096.384320,550.670,1965,3996,72.0,40.0,38.0
1789681096.394320,550.670,1965,3996,72.0,40.0,38.0
1789681096.404320,550.670,1965,3996,72.0,40.0,38.0
1789681096.414320,550.670,1965,3996,72.0,40.0,38.0
1789681096.424320,550.670,1965,3996,72.0,40.0,38.0
1789681096.434318,550.670,1965,3996,72.0,40.0,38.0
1789681096.444320,550.670,1965,3996,72.0,40.0,38.0
1789681096.454319,550.670,1965,3996,72.0,40.0,38.0
1789681096.464320,550.670,1965,3996,72.0,40.0,38.0
1789681096.474319,550.179,1965,3996,72.0,40.0,38.0
1789681096.484320,550.179,1965,3996,72.0,40.0,38.0
1789681096.494320,550.179,1965,3996,72.0,40.0,38.0
1789681096.504320,550.179,1965,3996,72.0,40.0,38.0
1789681096.514320,550.179,1965,3996,72.0,40.0,38.0
1789681096.524320,550.179,1965,3996,72.0,40.0,38.0
1789681096.534316,550.179,1965,3996,72.0,40.0,38.0
1789681096.544319,550.179,1965,3996,72.0,40.0,38.0
1789681096.554317,550.179,1965,3996,72.0,40.0,38.0
1789681096.564320,550.179,1965,3996,72.0,40.0,38.0
1789681096.574320,550.605,1965,3996,71.0,39.0,38.0
1789681096.584320,550.605,1965,3996,71.0,39.0,38.0
1789681096.594320,550.605,1965,3996,71.0,39.0,38.0
1789681096.604320,550.605,1965,3996,71.0,39.0,38.0
1789681096.614434,550.605,1965,3996,71.0,39.0,38.0
1789681096.624418,550.605,1965,3996,71.0,39.0,38.0
1789681096.634382,550.605,1965,3996,71.0,39.0,38.0
1789681096.644323,550.605,1965,3996,71.0,39.0,38.0
1789681096.654378,550.605,1965,3996,71.0,39.0,38.0
1789681096.664453,550.605,1965,3996,71.0,39.0,38.0
1789681096.674376,550.834,1965,3996,71.0,39.0,38.0
1789681096.684399,550.834,1965,3996,71.0,39.0,38.0
1789681096.694657,550.834,1965,3996,71.0,39.0,38.0
1789681096.704376,550.834,1965,3996,71.0,39.0,38.0
1789681096.714380,550.834,1965,3996,71.0,39.0,38.0
1789681096.724323,550.834,1965,3996,71.0,39.0,38.0
1789681096.734377,550.834,1965,3996,71.0,39.0,38.0
1789681096.744412,550.834,1965,3996,71.0,39.0,38.0
1789681096.754333,550.834,1965,3996,71.0,39.0,38.0
1789681096.764429,550.834,1965,3996,71.0,39.0,38.0
1789681096.774443,550.057,1965,3996,72.0,40.0,38.0
1789681096.784324,550.057,1965,3996,72.0,40.0,38.0
1789681096.794440,550.057,1965,3996,72.0,40.0,38.0
1789681096.804464,550.057,1965,3996,72.0,40.0,38.0
1789681096.814325,550.057,1965,3996,72.0,40.0,38.0
1789681096.824411,550.057,1965,3996,72.0,40.0,38.0
1789681096.834414,550.057,1965,3996,72.0,40.0,38.0
1789681096.844377,550.057,1965,3996,72.0,40.0,38.0
1789681096.854380,550.057,1965,3996,72.0,40.0,38.0
1789681096.864385,550.057,1965,3996,72.0,40.0,38.0
1789681096.874328,550.889,1965,3996,72.0,40.0,38.0
1789681096.884382,550.889,1965,3996,72.0,40.0,38.0
1789681096.894385,550.889,1965,3996,72.0,40.0,38.0
1789681096.904328,550.889,1965,3996,72.0,40.0,38.0
1789681096.914331,550.889,1965,3996,72.0,40.0,38.0
1789681096.924325,550.889,1965,3996,72.0,40.0,38.0
1789681096.934369,550.889,1965,3996,72.0,40.0,38.0
1789681096.944576,550.889,1965,3996,72.0,40.0,38.0
1789681096.954438,550.889,1965,3996,72.0,40.0,38.0
1789681096.964329,550.889,1965,3996,72.0,40.0,38.0
1789681096.974384,549.251,1965,3996,72.0,40.0,38.0
1789681096.984734,549.251,1965,3996,72.0,40.0,38.0
1789681096.994391,549.251,1965,3996,72.0,40.0,38.0
1789681097.004385,549.251,1965,3996,72.0,40.0,38.0
1789681097.014379,549.251,1965,3996,72.0,40.0,38.0
1789681097.024321,549.251,1965,3996,72.0,40.0,38.0
1789681097.034376,549.251,1965,3996,72.0,40.0,38.0
1789681097.044369,549.251,1965,3996,72.0,40.0,38.0
1789681097.054373,549.251,1965,3996,72.0,40.0,38.0
1789681097.064325,549.251,1965,3996,72.0,40.0,38.0
1789681097.074381,550.248,1965,3996,72.0,40.0,38.0
1789681097.084374,550.248,1965,3996,72.0,40.0,38.0
1789681097.094377,550.248,1965,3996,72.0,40.0,38.0
1789681097.104340,550.248,1965,3996,72.0,40.0,38.0
1789681097.114426,550.248,1965,3996,72.0,40.0,38.0
1789681097.124409,550.248,1965,3996,72.0,40.0,38.0
1789681097.134382,550.248,1965,3996,72.0,40.0,38.0
1789681097.144376,550.248,1965,3996,72.0,40.0,38.0
1789681097.154329,550.248,1965,3996,72.0,40.0,38.0
1789681097.164373,550.248,1965,3996,72.0,40.0,38.0
1789681097.174428,552.225,1965,3996,72.0,40.0,38.0
1789681097.184380,552.225,1965,3996,72.0,40.0,38.0
1789681097.194435,552.225,1965,3996,72.0,40.0,38.0
1789681097.204430,552.225,1965,3996,72.0,40.0,38.0
1789681097.214370,552.225,1965,3996,72.0,40.0,38.0
1789681097.224375,552.225,1965,3996,72.0,40.0,38.0
1789681097.234378,552.225,1965,3996,72.0,40.0,38.0
1789681097.244413,552.225,1965,3996,72.0,40.0,38.0
1789681097.254375,552.225,1965,3996,72.0,40.0,38.0
1789681097.264400,552.225,1965,3996,72.0,40.0,38.0
1789681097.274322,552.357,1965,3996,72.0,40.0,38.0
1789681097.284630,552.357,1965,3996,72.0,40.0,38.0
1789681097.294441,552.357,1965,3996,72.0,40.0,38.0
1789681097.304320,552.357,1965,3996,72.0,40.0,38.0
1789681097.314316,552.357,1965,3996,72.0,40.0,38.0
1789681097.324315,552.357,1965,3996,72.0,40.0,38.0
1789681097.334318,552.357,1965,3996,72.0,40.0,38.0
1789681097.344316,552.357,1965,3996,72.0,40.0,38.0
1789681097.354513,552.357,1965,3996,72.0,40.0,38.0
1789681097.364316,552.357,1965,3996,72.0,40.0,38.0
1789681097.374316,552.803,1965,3996,71.0,40.0,38.0
1789681097.384316,552.803,1965,3996,71.0,40.0,38.0
1789681097.394316,552.803,1965,3996,71.0,40.0,38.0
1789681097.404316,552.803,1965,3996,71.0,40.0,38.0
1789681097.414315,552.803,1965,3996,71.0,40.0,38.0
1789681097.424361,552.803,1965,3996,71.0,40.0,38.0
1789681097.434315,552.803,1965,3996,71.0,40.0,38.0
1789681097.444318,552.803,1965,3996,71.0,40.0,38.0
1789681097.454315,552.803,1965,3996,71.0,40.0,38.0
1789681097.464316,552.803,1965,3996,71.0,40.0,38.0
1789681097.474313,552.620,1965,3996,71.0,40.0,38.0
1789681097.484320,552.620,1965,3996,71.0,40.0,38.0
1789681097.494318,552.620,1965,3996,71.0,40.0,38.0
1789681097.504320,552.620,1965,3996,71.0,40.0,38.0
1789681097.514320,552.620,1965,3996,71.0,40.0,38.0
1789681097.524317,552.620,1965,3996,71.0,40.0,38.0
1789681097.534318,552.620,1965,3996,71.0,40.0,38.0
1789681097.544319,552.620,1965,3996,71.0,40.0,38.0
1789681097.554319,552.620,1965,3996,71.0,40.0,38.0
1789681097.564320,552.620,1965,3996,71.0,40.0,38.0
1789681097.574320,551.731,1965,3996,72.0,40.0,38.0
1789681097.584319,551.731,1965,3996,72.0,40.0,38.0
1789681097.594316,551.731,1965,3996,72.0,40.0,38.0
1789681097.604319,551.731,1965,3996,72.0,40.0,38.0
1789681097.614320,551.731,1965,3996,72.0,40.0,38.0
1789681097.624320,551.731,1965,3996,72.0,40.0,38.0
1789681097.634319,551.731,1965,3996,72.0,40.0,38.0
1789681097.644319,551.731,1965,3996,72.0,40.0,38.0
1789681097.654320,551.731,1965,3996,72.0,40.0,38.0
1789681097.664320,551.731,1965,3996,72.0,40.0,38.0
1789681097.674319,550.776,1965,3996,72.0,40.0,38.0
1789681097.684322,550.776,1965,3996,72.0,40.0,38.0
1789681097.694320,550.776,1965,3996,72.0,40.0,38.0
1789681097.704319,550.776,1965,3996,72.0,40.0,38.0
1789681097.714319,550.776,1965,3996,72.0,40.0,38.0
1789681097.724320,550.776,1965,3996,72.0,40.0,38.0
1789681097.734516,550.776,1965,3996,72.0,40.0,38.0
1789681097.744434,550.776,1965,3996,72.0,40.0,38.0
1789681097.754418,550.776,1965,3996,72.0,40.0,38.0
1789681097.764351,550.776,1965,3996,72.0,40.0,38.0
1789681097.774446,552.312,1965,3996,72.0,40.0,38.0
1789681097.784379,552.312,1965,3996,72.0,40.0,38.0
1789681097.794321,552.312,1965,3996,72.0,40.0,38.0
1789681097.804325,552.312,1965,3996,72.0,40.0,38.0
1789681097.814419,552.312,1965,3996,72.0,40.0,38.0
1789681097.824382,552.312,1965,3996,72.0,40.0,38.0
1789681097.834366,552.312,1965,3996,72.0,40.0,38.0
1789681097.844328,552.312,1965,3996,72.0,40.0,38.0
1789681097.854373,552.312,1965,3996,72.0,40.0,38.0
1789681097.864377,552.312,1965,3996,72.0,40.0,38.0
1789681097.874371,552.669,1965,3996,72.0,40.0,38.0
1789681097.884324,552.669,1965,3996,72.0,40.0,38.0
1789681097.894326,552.669,1965,3996,72.0,40.0,38.0
1789681097.904331,552.669,1965,3996,72.0,40.0,38.0
1789681097.914426,552.669,1965,3996,72.0,40.0,38.0
1789681097.924440,552.669,1965,3996,72.0,40.0,38.0
1789681097.934433,552.669,1965,3996,72.0,40.0,38.0
1789681097.944396,552.669,1965,3996,72.0,40.0,38.0
1789681097.954432,552.669,1965,3996,72.0,40.0,38.0
1789681097.964322,552.669,1965,3996,72.0,40.0,38.0
1789681097.974377,553.317,1965,3996,71.0,40.0,38.0
1789681097.984371,553.317,1965,3996,71.0,40.0,38.0
1789681097.994375,553.317,1965,3996,71.0,40.0,38.0
1789681098.004322,553.317,1965,3996,71.0,40.0,38.0
1789681098.014463,553.317,1965,3996,71.0,40.0,38.0
1789681098.024364,553.317,1965,3996,71.0,40.0,38.0
1789681098.034389,553.317,1965,3996,71.0,40.0,38.0
1789681098.044321,553.317,1965,3996,71.0,40.0,38.0
1789681098.054488,553.317,1965,3996,71.0,40.0,38.0
1789681098.064390,553.317,1965,3996,71.0,40.0,38.0
1789681098.074455,552.681,1965,3996,71.0,40.0,38.0
1789681098.084326,552.681,1965,3996,71.0,40.0,38.0
1789681098.094654,552.681,1965,3996,71.0,40.0,38.0
1789681098.104373,552.681,1965,3996,71.0,40.0,38.0
1789681098.114438,552.681,1965,3996,71.0,40.0,38.0
1789681098.124432,552.681,1965,3996,71.0,40.0,38.0
1789681098.134436,552.681,1965,3996,71.0,40.0,38.0
1789681098.144511,552.681,1965,3996,71.0,40.0,38.0
1789681098.154382,552.681,1965,3996,71.0,40.0,38.0
1789681098.164386,552.681,1965,3996,71.0,40.0,38.0
1789681098.174328,550.997,1965,3996,71.0,39.0,38.0
1789681098.184321,550.997,1965,3996,71.0,39.0,38.0
1789681098.194325,550.997,1965,3996,71.0,39.0,38.0
1789681098.204380,550.997,1965,3996,71.0,39.0,38.0
1789681098.214435,550.997,1965,3996,71.0,39.0,38.0
1789681098.224357,550.997,1965,3996,71.0,39.0,38.0
1789681098.234432,550.997,1965,3996,71.0,39.0,38.0
1789681098.244405,550.997,1965,3996,71.0,39.0,38.0
1789681098.254388,550.997,1965,3996,71.0,39.0,38.0
1789681098.264718,550.997,1965,3996,71.0,39.0,38.0
1789681098.274375,551.396,1965,3996,71.0,39.0,38.0
1789681098.284441,551.396,1965,3996,71.0,39.0,38.0
1789681098.294332,551.396,1965,3996,71.0,39.0,38.0
1789681098.304326,551.396,1965,3996,71.0,39.0,38.0
1789681098.314390,551.396,1965,3996,71.0,39.0,38.0
1789681098.324322,551.396,1965,3996,71.0,39.0,38.0
1789681098.334377,551.396,1965,3996,71.0,39.0,38.0
1789681098.344411,551.396,1965,3996,71.0,39.0,38.0
1789681098.354374,551.396,1965,3996,71.0,39.0,38.0
1789681098.364378,551.396,1965,3996,71.0,39.0,38.0
1789681098.374330,550.827,1965,3996,71.0,39.0,38.0
1789681098.384317,550.827,1965,3996,71.0,39.0,38.0
1789681098.394389,550.827,1965,3996,71.0,39.0,38.0
1789681098.404393,550.827,1965,3996,71.0,39.0,38.0
1789681098.414390,550.827,1965,3996,71.0,39.0,38.0
1789681098.424379,550.827,1965,3996,71.0,39.0,38.0
1789681098.434373,550.827,1965,3996,71.0,39.0,38.0
1789681098.444377,550.827,1965,3996,71.0,39.0,38.0
1789681098.454422,550.827,1965,3996,71.0,39.0,38.0
1789681098.464374,550.827,1965,3996,71.0,39.0,38.0
1789681098.474501,551.525,1965,3996,71.0,39.0,38.0
1789681098.484381,551.525,1965,3996,71.0,39.0,38.0
1789681098.494405,551.525,1965,3996,71.0,39.0,38.0
1789681098.504440,551.525,1965,3996,71.0,39.0,38.0
1789681098.514383,551.525,1965,3996,71.0,39.0,38.0
1789681098.524437,551.525,1965,3996,71.0,39.0,38.0
1789681098.534328,551.525,1965,3996,71.0,39.0,38.0
1789681098.544434,551.525,1965,3996,71.0,39.0,38.0
1789681098.554407,551.525,1965,3996,71.0,39.0,38.0
1789681098.564839,551.525,1965,3996,71.0,39.0,38.0
1789681098.574316,552.226,1965,3996,71.0,40.0,38.0
1789681098.584315,552.226,1965,3996,71.0,40.0,38.0
1789681098.594316,552.226,1965,3996,71.0,40.0,38.0
1789681098.604317,552.226,1965,3996,71.0,40.0,38.0
1789681098.614317,552.226,1965,3996,71.0,40.0,38.0
1789681098.624317,552.226,1965,3996,71.0,40.0,38.0
1789681098.634316,552.226,1965,3996,71.0,40.0,38.0
1789681098.644316,552.226,1965,3996,71.0,40.0,38.0
1789681098.654316,552.226,1965,3996,71.0,40.0,38.0
1789681098.664316,552.226,1965,3996,71.0,40.0,38.0
1789681098.674317,552.335,1965,3996,71.0,40.0,38.0
1789681098.684316,552.335,1965,3996,71.0,40.0,38.0
1789681098.694290,552.335,1965,3996,71.0,40.0,38.0
1789681098.704318,552.335,1965,3996,71.0,40.0,38.0
1789681098.714318,552.335,1965,3996,71.0,40.0,38.0
1789681098.724318,552.335,1965,3996,71.0,40.0,38.0
1789681098.734334,552.335,1965,3996,71.0,40.0,38.0
1789681098.744317,552.335,1965,3996,71.0,40.0,38.0
1789681098.754317,552.335,1965,3996,71.0,40.0,38.0
1789681098.764318,552.335,1965,3996,71.0,40.0,38.0
1789681098.774313,552.318,1965,3996,72.0,40.0,38.0
1789681098.784312,552.318,1965,3996,72.0,40.0,38.0
1789681098.794320,552.318,1965,3996,72.0,40.0,38.0
1789681098.804317,552.318,1965,3996,72.0,40.0,38.0
1789681098.814320,552.318,1965,3996,72.0,40.0,38.0
1789681098.824322,552.318,1965,3996,72.0,40.0,38.0
1789681098.834319,552.318,1965,3996,72.0,40.0,38.0
1789681098.844320,552.318,1965,3996,72.0,40.0,38.0
1789681098.854320,552.318,1965,3996,72.0,40.0,38.0
1789681098.864320,552.318,1965,3996,72.0,40.0,38.0
1789681098.874320,552.079,1965,3996,72.0,40.0,38.0
1789681098.884317,552.079,1965,3996,72.0,40.0,38.0
1789681098.894319,552.079,1965,3996,72.0,40.0,38.0
1789681098.904320,552.079,1965,3996,72.0,40.0,38.0
1789681098.914320,552.079,1965,3996,72.0,40.0,38.0
1789681098.924321,552.079,1965,3996,72.0,40.0,38.0
1789681098.934320,552.079,1965,3996,72.0,40.0,38.0
1789681098.944319,552.079,1965,3996,72.0,40.0,38.0
1789681098.954320,552.079,1965,3996,72.0,40.0,38.0
1789681098.964594,552.079,1965,3996,72.0,40.0,38.0
1789681098.974320,553.326,1965,3996,71.0,39.0,38.0
1789681098.984320,553.326,1965,3996,71.0,39.0,38.0
1789681098.994319,553.326,1965,3996,71.0,39.0,38.0
1789681099.004320,553.326,1965,3996,71.0,39.0,38.0
1789681099.014319,553.326,1965,3996,71.0,39.0,38.0
1789681099.024319,553.326,1965,3996,71.0,39.0,38.0
1789681099.034320,553.326,1965,3996,71.0,39.0,38.0
1789681099.044320,553.326,1965,3996,71.0,39.0,38.0
1789681099.054320,553.326,1965,3996,71.0,39.0,38.0
1789681099.064319,553.326,1965,3996,71.0,39.0,38.0
1789681099.074320,554.675,1965,3996,71.0,39.0,38.0
1789681099.084320,554.675,1965,3996,71.0,39.0,38.0
1789681099.094316,554.675,1965,3996,71.0,39.0,38.0
1789681099.104320,554.675,1965,3996,71.0,39.0,38.0
1789681099.114320,554.675,1965,3996,71.0,39.0,38.0
1789681099.124320,554.675,1965,3996,71.0,39.0,38.0
1789681099.134316,554.675,1965,3996,71.0,39.0,38.0
1789681099.144548,554.675,1965,3996,71.0,39.0,38.0
1789681099.154319,554.675,1965,3996,71.0,39.0,38.0
1789681099.164320,554.675,1965,3996,71.0,39.0,38.0
1789681099.174317,554.153,1965,3996,72.0,40.0,38.0
1789681099.184320,554.153,1965,3996,72.0,40.0,38.0
1789681099.194320,554.153,1965,3996,72.0,40.0,38.0
1789681099.204320,554.153,1965,3996,72.0,40.0,38.0
1789681099.214320,554.153,1965,3996,72.0,40.0,38.0
1789681099.224578,554.153,1965,3996,72.0,40.0,38.0
1789681099.234317,554.153,1965,3996,72.0,40.0,38.0
1789681099.244319,554.153,1965,3996,72.0,40.0,38.0
1789681099.254320,554.153,1965,3996,72.0,40.0,38.0
1789681099.264319,554.153,1965,3996,72.0,40.0,38.0
1789681099.274321,553.828,1965,3996,72.0,40.0,38.0
1789681099.284320,553.828,1965,3996,72.0,40.0,38.0
1789681099.294320,553.828,1965,3996,72.0,40.0,38.0
1789681099.304319,553.828,1965,3996,72.0,40.0,38.0
1789681099.314320,553.828,1965,3996,72.0,40.0,38.0
1789681099.324320,553.828,1965,3996,72.0,40.0,38.0
1789681099.334316,553.828,1965,3996,72.0,40.0,38.0
1789681099.344319,553.828,1965,3996,72.0,40.0,38.0
1789681099.354319,553.828,1965,3996,72.0,40.0,38.0
1789681099.364320,553.828,1965,3996,72.0,40.0,38.0
1789681099.374320,554.541,1965,3996,72.0,40.0,38.0
1789681099.384319,554.541,1965,3996,72.0,40.0,38.0
1789681099.394319,554.541,1965,3996,72.0,40.0,38.0
1789681099.404317,554.541,1965,3996,72.0,40.0,38.0
1789681099.414319,554.541,1965,3996,72.0,40.0,38.0
1789681099.424320,554.541,1965,3996,72.0,40.0,38.0
1789681099.434319,554.541,1965,3996,72.0,40.0,38.0
1789681099.444317,554.541,1965,3996,72.0,40.0,38.0
1789681099.454319,554.541,1965,3996,72.0,40.0,38.0
1789681099.464320,554.541,1965,3996,72.0,40.0,38.0
1789681099.474320,554.981,1965,3996,72.0,40.0,38.0
1789681099.484320,554.981,1965,3996,72.0,40.0,38.0
1789681099.494576,554.981,1965,3996,72.0,40.0,38.0
1789681099.504321,554.981,1965,3996,72.0,40.0,38.0
1789681099.514320,554.981,1965,3996,72.0,40.0,38.0
1789681099.524320,554.981,1965,3996,72.0,40.0,38.0
1789681099.534317,554.981,1965,3996,72.0,40.0,38.0
1789681099.544318,554.981,1965,3996,72.0,40.0,38.0
1789681099.554319,554.981,1965,3996,72.0,40.0,38.0
1789681099.564320,554.981,1965,3996,72.0,40.0,38.0
1789681099.574320,555.443,1965,3996,72.0,40.0,38.0
1789681099.584317,555.443,1965,3996,72.0,40.0,38.0
1789681099.594316,555.443,1965,3996,72.0,40.0,38.0
1789681099.604317,555.443,1965,3996,72.0,40.0,38.0
1789681099.614320,555.443,1965,3996,72.0,40.0,38.0
1789681099.624320,555.443,1965,3996,72.0,40.0,38.0
1789681099.634320,555.443,1965,3996,72.0,40.0,38.0
1789681099.644319,555.443,1965,3996,72.0,40.0,38.0
1789681099.654319,555.443,1965,3996,72.0,40.0,38.0
1789681099.664320,555.443,1965,3996,72.0,40.0,38.0
1789681099.674320,555.581,1965,3996,72.0,40.0,38.0
1789681099.684316,555.581,1965,3996,72.0,40.0,38.0
1789681099.694320,555.581,1965,3996,72.0,40.0,38.0
1789681099.704320,555.581,1965,3996,72.0,40.0,38.0
1789681099.714320,555.581,1965,3996,72.0,40.0,38.0
1789681099.724319,555.581,1965,3996,72.0,40.0,38.0
1789681099.734320,555.581,1965,3996,72.0,40.0,38.0
1789681099.744427,555.581,1965,3996,72.0,40.0,38.0
1789681099.754319,555.581,1965,3996,72.0,40.0,38.0
1789681099.764315,555.581,1965,3996,72.0,40.0,38.0
1789681099.774315,554.566,1965,3996,72.0,39.0,38.0
1789681099.784315,554.566,1965,3996,72.0,39.0,38.0
1789681099.794316,554.566,1965,3996,72.0,39.0,38.0
1789681099.804315,554.566,1965,3996,72.0,39.0,38.0
1789681099.814316,554.566,1965,3996,72.0,39.0,38.0
1789681099.824317,554.566,1965,3996,72.0,39.0,38.0
1789681099.834316,554.566,1965,3996,72.0,39.0,38.0
1789681099.844315,554.566,1965,3996,72.0,39.0,38.0
1789681099.854316,554.566,1965,3996,72.0,39.0,38.0
1789681099.864316,554.566,1965,3996,72.0,39.0,38.0
1789681099.874329,554.465,1965,3996,72.0,39.0,38.0
1789681099.884318,554.465,1965,3996,72.0,39.0,38.0
1789681099.894642,554.465,1965,3996,72.0,39.0,38.0
1789681099.904318,554.465,1965,3996,72.0,39.0,38.0
1789681099.914318,554.465,1965,3996,72.0,39.0,38.0
1789681099.924320,554.465,1965,3996,72.0,39.0,38.0
1789681099.934318,554.465,1965,3996,72.0,39.0,38.0
1789681099.944318,554.465,1965,3996,72.0,39.0,38.0
1789681099.954319,554.465,1965,3996,72.0,39.0,38.0
1789681099.964318,554.465,1965,3996,72.0,39.0,38.0
1789681099.974318,553.605,1965,3996,72.0,40.0,38.0
1789681099.984318,553.605,1965,3996,72.0,40.0,38.0
1789681099.994318,553.605,1965,3996,72.0,40.0,38.0
1789681100.004318,553.605,1965,3996,72.0,40.0,38.0
1789681100.014317,553.605,1965,3996,72.0,40.0,38.0
1789681100.024318,553.605,1965,3996,72.0,40.0,38.0
1789681100.034317,553.605,1965,3996,72.0,40.0,38.0
1789681100.044565,553.605,1965,3996,72.0,40.0,38.0
1789681100.054318,553.605,1965,3996,72.0,40.0,38.0
1789681100.064318,553.605,1965,3996,72.0,40.0,38.0
1789681100.074317,553.442,1965,3996,72.0,40.0,38.0
1789681100.084317,553.442,1965,3996,72.0,40.0,38.0
1789681100.094317,553.442,1965,3996,72.0,40.0,38.0
1789681100.104316,553.442,1965,3996,72.0,40.0,38.0
1789681100.114316,553.442,1965,3996,72.0,40.0,38.0
1789681100.124317,553.442,1965,3996,72.0,40.0,38.0
1789681100.134315,553.442,1965,3996,72.0,40.0,38.0
1789681100.144317,553.442,1965,3996,72.0,40.0,38.0
1789681100.154318,553.442,1965,3996,72.0,40.0,38.0
1789681100.164316,553.442,1965,3996,72.0,40.0,38.0
1789681100.174316,553.754,1965,3996,72.0,39.0,38.0
1789681100.184320,553.754,1965,3996,72.0,39.0,38.0
1789681100.194320,553.754,1965,3996,72.0,39.0,38.0
1789681100.204317,553.754,1965,3996,72.0,39.0,38.0
1789681100.214320,553.754,1965,3996,72.0,39.0,38.0
1789681100.224320,553.754,1965,3996,72.0,39.0,38.0
1789681100.234319,553.754,1965,3996,72.0,39.0,38.0
1789681100.244320,553.754,1965,3996,72.0,39.0,38.0
1789681100.254317,553.754,1965,3996,72.0,39.0,38.0
1789681100.264319,553.754,1965,3996,72.0,39.0,38.0
1789681100.274319,554.454,1965,3996,72.0,39.0,38.0
1789681100.284320,554.454,1965,3996,72.0,39.0,38.0
1789681100.294596,554.454,1965,3996,72.0,39.0,38.0
1789681100.304319,554.454,1965,3996,72.0,39.0,38.0
1789681100.314319,554.454,1965,3996,72.0,39.0,38.0
1789681100.324320,554.454,1965,3996,72.0,39.0,38.0
1789681100.334317,554.454,1965,3996,72.0,39.0,38.0
1789681100.344316,554.454,1965,3996,72.0,39.0,38.0
1789681100.354320,554.454,1965,3996,72.0,39.0,38.0
1789681100.364320,554.454,1965,3996,72.0,39.0,38.0
1789681100.374468,554.870,1965,3996,69.0,38.0,38.0
1789681100.384421,554.870,1965,3996,69.0,38.0,38.0
1789681100.394373,554.870,1965,3996,69.0,38.0,38.0
1789681100.404418,554.870,1965,3996,69.0,38.0,38.0
1789681100.414371,554.870,1965,3996,69.0,38.0,38.0
1789681100.424323,554.870,1965,3996,69.0,38.0,38.0
1789681100.434714,554.870,1965,3996,69.0,38.0,38.0
1789681100.444372,554.870,1965,3996,69.0,38.0,38.0
1789681100.454437,554.870,1965,3996,69.0,38.0,38.0
1789681100.464328,554.870,1965,3996,69.0,38.0,38.0
1789681100.474373,554.223,1965,3996,69.0,38.0,38.0
1789681100.484326,554.223,1965,3996,69.0,38.0,38.0
1789681100.494321,554.223,1965,3996,69.0,38.0,38.0
1789681100.504384,554.223,1965,3996,69.0,38.0,38.0
1789681100.514439,554.223,1965,3996,69.0,38.0,38.0
1789681100.524321,554.223,1965,3996,69.0,38.0,38.0
1789681100.534577,554.223,1965,3996,69.0,38.0,38.0
1789681100.544440,554.223,1965,3996,69.0,38.0,38.0
1789681100.554402,554.223,1965,3996,69.0,38.0,38.0
1789681100.564376,554.223,1965,3996,69.0,38.0,38.0
1789681100.574400,553.741,1965,3996,69.0,38.0,38.0
1789681100.584372,553.741,1965,3996,72.0,39.0,38.0
1789681100.594376,553.741,1965,3996,72.0,39.0,38.0
1789681100.604379,553.741,1965,3996,72.0,39.0,38.0
1789681100.614322,553.741,1965,3996,72.0,39.0,38.0
1789681100.624326,553.741,1965,3996,72.0,39.0,38.0
1789681100.634321,553.741,1965,3996,72.0,39.0,38.0
1789681100.644395,553.741,1965,3996,72.0,39.0,38.0
1789681100.654429,553.741,1965,3996,72.0,39.0,38.0
1789681100.664453,553.741,1965,3996,72.0,39.0,38.0
1789681100.674376,553.294,1965,3996,72.0,39.0,38.0
1789681100.684389,553.294,1965,3996,72.0,39.0,38.0
1789681100.694413,553.294,1965,3996,72.0,39.0,38.0
1789681100.704407,553.294,1965,3996,72.0,39.0,38.0
1789681100.714329,553.294,1965,3996,72.0,39.0,38.0
1789681100.724698,553.294,1965,3996,72.0,39.0,38.0
1789681100.734376,553.294,1965,3996,72.0,39.0,38.0
1789681100.744371,553.294,1965,3996,72.0,39.0,38.0
1789681100.754323,553.294,1965,3996,72.0,39.0,38.0
1789681100.764439,553.294,1965,3996,72.0,39.0,38.0
1789681100.774371,555.094,1965,3996,72.0,40.0,38.0
1789681100.784375,555.094,1965,3996,72.0,40.0,38.0
1789681100.794328,555.094,1965,3996,72.0,40.0,38.0
1789681100.804433,555.094,1965,3996,72.0,40.0,38.0
1789681100.814396,555.094,1965,3996,72.0,40.0,38.0
1789681100.824380,555.094,1965,3996,72.0,40.0,38.0
1789681100.834353,555.094,1965,3996,72.0,40.0,38.0
1789681100.844438,555.094,1965,3996,72.0,40.0,38.0
1789681100.854411,555.094,1965,3996,72.0,40.0,38.0
1789681100.864373,555.094,1965,3996,72.0,40.0,38.0
1789681100.874692,554.425,1965,3996,72.0,40.0,38.0
1789681100.884401,554.425,1965,3996,72.0,40.0,38.0
1789681100.894437,554.425,1965,3996,72.0,40.0,38.0
1789681100.904320,554.425,1965,3996,72.0,40.0,38.0
1789681100.914316,554.425,1965,3996,72.0,40.0,38.0
1789681100.924316,554.425,1965,3996,72.0,40.0,38.0
1789681100.934316,554.425,1965,3996,72.0,40.0,38.0
1789681100.944316,554.425,1965,3996,72.0,40.0,38.0
1789681100.954316,554.425,1965,3996,72.0,40.0,38.0
1789681100.964316,554.425,1965,3996,72.0,40.0,38.0
1789681100.974315,555.228,1965,3996,72.0,40.0,38.0
1789681100.984315,555.228,1965,3996,72.0,40.0,38.0
1789681100.994316,555.228,1965,3996,72.0,40.0,38.0
1789681101.004315,555.228,1965,3996,72.0,40.0,38.0
1789681101.014316,555.228,1965,3996,72.0,40.0,38.0
1789681101.024435,555.228,1965,3996,72.0,40.0,38.0
1789681101.034325,555.228,1965,3996,72.0,40.0,38.0
1789681101.044321,555.228,1965,3996,72.0,40.0,38.0
1789681101.054322,555.228,1965,3996,72.0,40.0,38.0
1789681101.064325,555.228,1965,3996,72.0,40.0,38.0
1789681101.074329,553.378,1965,3996,72.0,40.0,38.0
1789681101.084394,553.378,1965,3996,72.0,40.0,38.0
1789681101.094326,553.378,1965,3996,72.0,40.0,38.0
1789681101.104532,553.378,1965,3996,72.0,40.0,38.0
1789681101.114324,553.378,1965,3996,72.0,40.0,38.0
1789681101.124327,553.378,1965,3996,72.0,40.0,38.0
1789681101.134330,553.378,1965,3996,72.0,40.0,38.0
1789681101.144365,553.378,1965,3996,72.0,40.0,38.0
1789681101.154328,553.378,1965,3996,72.0,40.0,38.0
1789681101.164332,553.378,1965,3996,72.0,40.0,38.0
1789681101.174325,553.558,1965,3996,69.0,38.0,38.0
1789681101.184329,553.558,1965,3996,69.0,38.0,38.0
1789681101.194333,553.558,1965,3996,69.0,38.0,38.0
1789681101.204337,553.558,1965,3996,69.0,38.0,38.0
1789681101.214350,553.558,1965,3996,69.0,38.0,38.0
1789681101.224323,553.558,1965,3996,69.0,38.0,38.0
1789681101.234440,553.558,1965,3996,69.0,38.0,38.0
1789681101.244371,553.558,1965,3996,69.0,38.0,38.0
1789681101.254375,553.558,1965,3996,69.0,38.0,38.0
1789681101.264369,553.558,1965,3996,69.0,38.0,38.0
1789681101.274444,552.625,1965,3996,69.0,38.0,38.0
1789681101.284397,552.625,1965,3996,69.0,38.0,38.0
1789681101.294329,552.625,1965,3996,69.0,38.0,38.0
1789681101.304404,552.625,1965,3996,69.0,38.0,38.0
1789681101.314326,552.625,1965,3996,69.0,38.0,38.0
1789681101.324401,552.625,1965,3996,69.0,38.0,38.0
1789681101.334375,552.625,1965,3996,69.0,38.0,38.0
1789681101.344439,552.625,1965,3996,69.0,38.0,38.0
1789681101.354382,552.625,1965,3996,69.0,38.0,38.0
1789681101.364396,552.625,1965,3996,69.0,38.0,38.0
1789681101.374359,551.314,1965,3996,71.0,39.0,38.0
1789681101.384362,551.314,1965,3996,71.0,39.0,38.0
1789681101.394377,551.314,1965,3996,71.0,39.0,38.0
1789681101.404350,551.314,1965,3996,71.0,39.0,38.0
1789681101.414384,551.314,1965,3996,71.0,39.0,38.0
1789681101.424336,551.314,1965,3996,71.0,39.0,38.0
1789681101.434412,551.314,1965,3996,71.0,39.0,38.0
1789681101.444405,551.314,1965,3996,71.0,39.0,38.0
1789681101.454440,551.314,1965,3996,71.0,39.0,38.0
1789681101.464383,551.314,1965,3996,71.0,39.0,38.0
1789681101.474396,551.364,1965,3996,71.0,39.0,38.0
1789681101.484430,551.364,1965,3996,71.0,39.0,38.0
1789681101.494413,551.364,1965,3996,71.0,39.0,38.0
1789681101.504396,551.364,1965,3996,71.0,39.0,38.0
1789681101.514441,551.364,1965,3996,71.0,39.0,38.0
1789681101.524415,551.364,1965,3996,71.0,39.0,38.0
1789681101.534449,551.364,1965,3996,71.0,39.0,38.0
1789681101.544340,551.364,1965,3996,71.0,39.0,38.0
1789681101.554323,551.364,1965,3996,71.0,39.0,38.0
1789681101.564398,551.364,1965,3996,71.0,39.0,38.0
1789681101.574382,552.039,1965,3996,72.0,40.0,38.0
1789681101.584324,552.039,1965,3996,72.0,40.0,38.0
1789681101.594368,552.039,1965,3996,72.0,40.0,38.0
1789681101.604413,552.039,1965,3996,72.0,40.0,38.0
1789681101.614376,552.039,1965,3996,72.0,40.0,38.0
1789681101.624369,552.039,1965,3996,72.0,40.0,38.0
1789681101.634322,552.039,1965,3996,72.0,40.0,38.0
1789681101.644326,552.039,1965,3996,72.0,40.0,38.0
1789681101.654340,552.039,1965,3996,72.0,40.0,38.0
1789681101.664395,552.039,1965,3996,72.0,40.0,38.0
1789681101.674398,552.410,1965,3996,72.0,40.0,38.0
1789681101.684443,552.410,1965,3996,72.0,40.0,38.0
1789681101.694375,552.410,1965,3996,72.0,40.0,38.0
1789681101.704399,552.410,1965,3996,72.0,40.0,38.0
1789681101.714372,552.410,1965,3996,72.0,40.0,38.0
1789681101.724325,552.410,1965,3996,72.0,40.0,38.0
1789681101.734328,552.410,1965,3996,72.0,40.0,38.0
1789681101.744342,552.410,1965,3996,72.0,40.0,38.0
1789681101.754387,552.410,1965,3996,72.0,40.0,38.0
1789681101.764401,552.410,1965,3996,72.0,40.0,38.0
1789681101.774384,551.269,1965,3996,72.0,40.0,38.0
1789681101.784401,551.269,1965,3996,72.0,40.0,38.0
1789681101.794317,551.269,1965,3996,72.0,40.0,38.0
1789681101.804319,551.269,1965,3996,72.0,40.0,38.0
1789681101.814320,551.269,1965,3996,72.0,40.0,38.0
1789681101.824320,551.269,1965,3996,72.0,40.0,38.0
1789681101.834337,551.269,1965,3996,72.0,40.0,38.0
1789681101.844317,551.269,1965,3996,72.0,40.0,38.0
1789681101.854316,551.269,1965,3996,72.0,40.0,38.0
1789681101.864318,551.269,1965,3996,72.0,40.0,38.0
1789681101.874319,551.455,1965,3996,72.0,40.0,38.0
1789681101.884320,551.455,1965,3996,72.0,40.0,38.0
1789681101.894320,551.455,1965,3996,72.0,40.0,38.0
1789681101.904317,551.455,1965,3996,72.0,40.0,38.0
1789681101.914316,551.455,1965,3996,72.0,40.0,38.0
1789681101.924320,551.455,1965,3996,72.0,40.0,38.0
1789681101.934314,551.455,1965,3996,72.0,40.0,38.0
1789681101.944317,551.455,1965,3996,72.0,40.0,38.0
1789681101.954390,551.455,1965,3996,72.0,40.0,38.0
1789681101.964413,551.455,1965,3996,72.0,40.0,38.0
1789681101.974408,551.204,1965,3996,72.0,40.0,38.0
1789681101.984412,551.204,1965,3996,72.0,40.0,38.0
1789681101.994445,551.204,1965,3996,72.0,40.0,38.0
1789681102.004429,551.204,1965,3996,72.0,40.0,38.0
1789681102.014381,551.204,1965,3996,72.0,40.0,38.0
1789681102.024316,551.204,1965,3996,72.0,40.0,38.0
1789681102.034511,551.204,1965,3996,72.0,40.0,38.0
1789681102.044443,551.204,1965,3996,72.0,40.0,38.0
1789681102.054520,551.204,1965,3996,72.0,40.0,38.0
1789681102.064441,551.204,1965,3996,72.0,40.0,38.0
1789681102.074320,551.342,1965,3996,72.0,40.0,38.0
1789681102.084321,551.342,1965,3996,72.0,40.0,38.0
1789681102.094316,551.342,1965,3996,72.0,40.0,38.0
1789681102.104316,551.342,1965,3996,72.0,40.0,38.0
1789681102.115092,551.342,1965,3996,72.0,40.0,38.0
1789681102.124311,551.342,1965,3996,72.0,40.0,38.0
1789681102.134316,551.342,1965,3996,72.0,40.0,38.0
1789681102.144316,551.342,1965,3996,72.0,40.0,38.0
1789681102.154316,551.342,1965,3996,72.0,40.0,38.0
1789681102.164321,551.342,1965,3996,72.0,40.0,38.0
1789681102.174316,551.608,1965,3996,71.0,39.0,38.0
1789681102.184573,551.608,1965,3996,71.0,39.0,38.0
1789681102.194320,551.608,1965,3996,71.0,39.0,38.0
1789681102.204317,551.608,1965,3996,71.0,39.0,38.0
1789681102.214314,551.608,1965,3996,71.0,39.0,38.0
1789681102.224335,551.608,1965,3996,71.0,39.0,38.0
1789681102.234316,551.608,1965,3996,71.0,39.0,38.0
1789681102.244319,551.608,1965,3996,71.0,39.0,38.0
1789681102.254316,551.608,1965,3996,71.0,39.0,38.0
1789681102.264320,551.608,1965,3996,71.0,39.0,38.0
1789681102.274584,553.183,1965,3996,71.0,39.0,38.0
1789681102.284316,553.183,1965,3996,71.0,39.0,38.0
1789681102.294318,553.183,1965,3996,71.0,39.0,38.0
1789681102.304319,553.183,1965,3996,71.0,39.0,38.0
1789681102.314319,553.183,1965,3996,71.0,39.0,38.0
1789681102.324316,553.183,1965,3996,71.0,39.0,38.0
1789681102.334317,553.183,1965,3996,71.0,39.0,38.0
1789681102.344589,553.183,1965,3996,71.0,39.0,38.0
1789681102.354317,553.183,1965,3996,71.0,39.0,38.0
1789681102.364316,553.183,1965,3996,71.0,39.0,38.0
1789681102.374472,554.326,1965,3996,72.0,40.0,38.0
1789681102.384318,554.326,1965,3996,72.0,40.0,38.0
1789681102.394431,554.326,1965,3996,72.0,40.0,38.0
1789681102.404372,554.326,1965,3996,72.0,40.0,38.0
1789681102.414366,554.326,1965,3996,72.0,40.0,38.0
1789681102.424421,554.326,1965,3996,72.0,40.0,38.0
1789681102.434414,554.326,1965,3996,72.0,40.0,38.0
1789681102.444397,554.326,1965,3996,72.0,40.0,38.0
1789681102.454442,554.326,1965,3996,72.0,40.0,38.0
1789681102.464406,554.326,1965,3996,72.0,40.0,38.0
1789681102.474450,553.525,1965,3996,72.0,40.0,38.0
1789681102.484413,553.525,1965,3996,72.0,40.0,38.0
1789681102.494447,553.525,1965,3996,72.0,40.0,38.0
1789681102.504451,553.525,1965,3996,72.0,40.0,38.0
1789681102.514424,553.525,1965,3996,72.0,40.0,38.0
1789681102.524477,553.525,1965,3996,72.0,40.0,38.0
1789681102.534420,553.525,1965,3996,72.0,40.0,38.0
1789681102.544404,553.525,1965,3996,72.0,40.0,38.0
1789681102.554417,553.525,1965,3996,72.0,40.0,38.0
1789681102.564452,553.525,1965,3996,72.0,40.0,38.0
1789681102.574425,552.964,1965,3996,71.0,39.0,38.0
1789681102.584439,552.964,1965,3996,71.0,39.0,38.0
1789681102.594381,552.964,1965,3996,71.0,39.0,38.0
1789681102.604405,552.964,1965,3996,71.0,39.0,38.0
1789681102.614378,552.964,1965,3996,71.0,39.0,38.0
1789681102.624331,552.964,1965,3996,71.0,39.0,38.0
1789681102.634386,552.964,1965,3996,71.0,39.0,38.0
1789681102.644328,552.964,1965,3996,71.0,39.0,38.0
1789681102.654362,552.964,1965,3996,71.0,39.0,38.0
1789681102.664520,552.964,1965,3996,71.0,39.0,38.0
1789681102.674411,553.011,1965,3996,71.0,39.0,38.0
1789681102.684333,553.011,1965,3996,71.0,39.0,38.0
1789681102.694337,553.011,1965,3996,71.0,39.0,38.0
1789681102.704330,553.011,1965,3996,71.0,39.0,38.0
1789681102.714364,553.011,1965,3996,71.0,39.0,38.0
1789681102.724440,553.011,1965,3996,71.0,39.0,38.0
1789681102.734322,553.011,1965,3996,71.0,39.0,38.0
1789681102.744427,553.011,1965,3996,71.0,39.0,38.0
1789681102.754329,553.011,1965,3996,71.0,39.0,38.0
1789681102.764393,553.011,1965,3996,71.0,39.0,38.0
1789681102.774437,552.462,1965,3996,72.0,40.0,38.0
1789681102.784431,552.462,1965,3996,72.0,40.0,38.0
1789681102.794394,552.462,1965,3996,72.0,40.0,38.0
1789681102.804398,552.462,1965,3996,72.0,40.0,38.0
1789681102.814432,552.462,1965,3996,72.0,40.0,38.0
1789681102.824415,552.462,1965,3996,72.0,40.0,38.0
1789681102.834327,552.462,1965,3996,72.0,40.0,38.0
1789681102.844320,552.462,1965,3996,72.0,40.0,38.0
1789681102.854376,552.462,1965,3996,72.0,40.0,38.0
1789681102.864328,552.462,1965,3996,72.0,40.0,38.0
1789681102.874373,552.388,1965,3996,72.0,40.0,38.0
1789681102.884387,552.388,1965,3996,72.0,40.0,38.0
1789681102.894370,552.388,1965,3996,72.0,40.0,38.0
1789681102.904323,552.388,1965,3996,72.0,40.0,38.0
1789681102.914322,552.388,1965,3996,72.0,40.0,38.0
1789681102.924322,552.388,1965,3996,72.0,40.0,38.0
1789681102.934395,552.388,1965,3996,72.0,40.0,38.0
1789681102.944449,552.388,1965,3996,72.0,40.0,38.0
1789681102.954331,552.388,1965,3996,72.0,40.0,38.0
1789681102.964345,552.388,1965,3996,72.0,40.0,38.0
1789681102.974328,552.926,1965,3996,72.0,41.0,38.0
1789681102.984321,552.926,1965,3996,72.0,41.0,38.0
1789681102.994376,552.926,1965,3996,72.0,41.0,38.0
1789681103.004400,552.926,1965,3996,72.0,41.0,38.0
1789681103.014394,552.926,1965,3996,72.0,41.0,38.0
1789681103.024449,552.926,1965,3996,72.0,41.0,38.0
1789681103.034442,552.926,1965,3996,72.0,41.0,38.0
1789681103.044354,552.926,1965,3996,72.0,41.0,38.0
1789681103.054409,552.926,1965,3996,72.0,41.0,38.0
1789681103.064331,552.926,1965,3996,72.0,41.0,38.0
1789681103.074324,553.485,1965,3996,72.0,41.0,38.0
1789681103.084379,553.485,1965,3996,72.0,41.0,38.0
1789681103.094372,553.485,1965,3996,72.0,41.0,38.0
1789681103.104320,553.485,1965,3996,72.0,41.0,38.0
1789681103.114320,553.485,1965,3996,72.0,41.0,38.0
1789681103.124315,553.485,1965,3996,72.0,41.0,38.0
1789681103.134317,553.485,1965,3996,72.0,41.0,38.0
1789681103.144316,553.485,1965,3996,72.0,41.0,38.0
1789681103.154316,553.485,1965,3996,72.0,41.0,38.0
1789681103.164570,553.485,1965,3996,72.0,41.0,38.0
1789681103.174315,554.607,1965,3996,72.0,41.0,38.0
1789681103.184316,554.607,1965,3996,72.0,41.0,38.0
1789681103.194316,554.607,1965,3996,72.0,41.0,38.0
1789681103.204315,554.607,1965,3996,72.0,41.0,38.0
1789681103.214315,554.607,1965,3996,72.0,41.0,38.0
1789681103.224316,554.607,1965,3996,72.0,41.0,38.0
1789681103.234368,554.607,1965,3996,72.0,41.0,38.0
1789681103.244318,554.607,1965,3996,72.0,41.0,38.0
1789681103.254322,554.607,1965,3996,72.0,41.0,38.0
1789681103.264572,554.607,1965,3996,72.0,41.0,38.0
1789681103.274320,554.457,1965,3996,72.0,41.0,38.0
1789681103.284319,554.457,1965,3996,72.0,41.0,38.0
1789681103.294319,554.457,1965,3996,72.0,41.0,38.0
1789681103.304319,554.457,1965,3996,72.0,41.0,38.0
1789681103.314320,554.457,1965,3996,72.0,41.0,38.0
1789681103.324320,554.457,1965,3996,72.0,41.0,38.0
1789681103.334320,554.457,1965,3996,72.0,41.0,38.0
1789681103.344320,554.457,1965,3996,72.0,41.0,38.0
1789681103.354319,554.457,1965,3996,72.0,41.0,38.0
1789681103.364317,554.457,1965,3996,72.0,41.0,38.0
1789681103.374319,554.044,1965,3996,73.0,42.0,38.0
1789681103.384320,554.044,1965,3996,73.0,42.0,38.0
1789681103.394317,554.044,1965,3996,73.0,42.0,38.0
1789681103.404320,554.044,1965,3996,73.0,42.0,38.0
1789681103.414319,554.044,1965,3996,73.0,42.0,38.0
1789681103.424320,554.044,1965,3996,73.0,42.0,38.0
1789681103.434636,554.044,1965,3996,73.0,42.0,38.0
1789681103.444320,554.044,1965,3996,73.0,42.0,38.0
1789681103.454317,554.044,1965,3996,73.0,42.0,38.0
1789681103.464316,554.044,1965,3996,73.0,42.0,38.0
1789681103.474319,554.910,1965,3996,73.0,42.0,38.0
1789681103.484320,554.910,1965,3996,73.0,42.0,38.0
1789681103.494319,554.910,1965,3996,73.0,42.0,38.0
1789681103.504320,554.910,1965,3996,73.0,42.0,38.0
1789681103.514318,554.910,1965,3996,73.0,42.0,38.0
1789681103.524320,554.910,1965,3996,73.0,42.0,38.0
1789681103.534320,554.910,1965,3996,73.0,42.0,38.0
1789681103.544321,554.910,1965,3996,73.0,42.0,38.0
1789681103.554320,554.910,1965,3996,73.0,42.0,38.0
1789681103.564318,554.910,1965,3996,73.0,42.0,38.0
1789681103.574320,556.396,1965,3996,72.0,42.0,38.0
1789681103.584317,556.396,1965,3996,72.0,42.0,38.0
1789681103.594320,556.396,1965,3996,72.0,42.0,38.0
1789681103.604341,556.396,1965,3996,72.0,42.0,38.0
1789681103.614320,556.396,1965,3996,72.0,42.0,38.0
1789681103.624317,556.396,1965,3996,72.0,42.0,38.0
1789681103.634316,556.396,1965,3996,72.0,42.0,38.0
1789681103.644318,556.396,1965,3996,72.0,42.0,38.0
1789681103.654318,556.396,1965,3996,72.0,42.0,38.0
1789681103.664317,556.396,1965,3996,72.0,42.0,38.0
1789681103.674321,558.233,1965,3996,72.0,42.0,38.0
1789681103.684318,558.233,1965,3996,72.0,42.0,38.0
1789681103.694318,558.233,1965,3996,72.0,42.0,38.0
1789681103.704319,558.233,1965,3996,72.0,42.0,38.0
1789681103.714318,558.233,1965,3996,72.0,42.0,38.0
1789681103.724318,558.233,1965,3996,72.0,42.0,38.0
1789681103.734318,558.233,1965,3996,72.0,42.0,38.0
1789681103.744317,558.233,1965,3996,72.0,42.0,38.0
1789681103.754318,558.233,1965,3996,72.0,42.0,38.0
