t_wall,power_w,sm_mhz,mem_mhz,gpu_util,mem_util,temp_c
1784619732.170079,159.887,1965,3201,0.0,0.0,36.0
1784619732.180166,159.887,1965,3201,0.0,0.0,36.0
1784619732.190167,146.407,1965,3201,0.0,0.0,36.0
1784619732.200156,146.407,1965,3201,0.0,0.0,36.0
1784619732.210155,146.407,1965,3201,0.0,0.0,36.0
1784619732.220151,146.407,1965,3201,0.0,0.0,36.0
1784619732.230156,146.407,1965,3201,0.0,0.0,36.0
1784619732.240157,146.407,1965,3201,0.0,0.0,36.0
1784619732.250157,146.407,1965,3201,0.0,0.0,36.0
1784619732.260158,146.407,1965,3201,0.0,0.0,36.0
1784619732.270149,146.407,1980,3201,0.0,0.0,36.0
1784619732.280158,146.407,1980,3201,0.0,0.0,36.0
1784619732.290159,157.984,1980,3201,0.0,0.0,36.0
1784619732.300215,157.984,1980,3201,0.0,0.0,36.0
1784619732.310158,157.984,1980,3201,36.0,25.0,36.0
1784619732.320158,157.984,1980,3201,36.0,25.0,36.0
1784619732.330158,157.984,1980,3201,36.0,25.0,38.0
1784619732.340158,157.984,1980,3201,36.0,25.0,38.0
1784619732.350225,157.984,1980,3201,36.0,25.0,38.0
1784619732.360159,157.984,1980,3201,36.0,25.0,38.0
1784619732.370193,157.984,1980,3201,36.0,25.0,38.0
1784619732.380158,157.984,1980,3201,36.0,25.0,38.0
1784619732.390161,180.796,1980,3201,36.0,25.0,38.0
1784619732.400185,180.796,1980,3201,36.0,25.0,38.0
1784619732.410180,180.796,1980,3201,36.0,25.0,38.0
1784619732.420159,180.796,1980,3201,36.0,25.0,38.0
1784619732.430190,180.796,1980,3201,36.0,25.0,38.0
1784619732.440161,180.796,1980,3201,36.0,25.0,38.0
1784619732.450159,180.796,1980,3201,36.0,25.0,38.0
1784619732.460158,180.796,1980,3201,36.0,25.0,38.0
1784619732.470151,180.796,1980,3201,36.0,25.0,38.0
1784619732.480158,180.796,1980,3201,36.0,25.0,38.0
1784619732.490158,205.367,1980,3201,36.0,25.0,38.0
1784619732.500159,205.367,1980,3201,36.0,25.0,38.0
1784619732.510158,205.367,1980,3201,88.0,61.0,38.0
1784619732.520158,205.367,1980,3201,88.0,61.0,38.0
1784619732.530340,205.367,1980,3201,88.0,61.0,39.0
1784619732.540158,205.367,1980,3201,88.0,61.0,39.0
1784619732.550158,205.367,1980,3201,88.0,61.0,39.0
1784619732.560158,205.367,1980,3201,88.0,61.0,39.0
1784619732.570158,205.367,1980,3201,88.0,61.0,39.0
1784619732.580159,205.367,1980,3201,88.0,61.0,39.0
1784619732.590159,226.722,1980,3201,88.0,61.0,39.0
1784619732.600159,226.722,1980,3201,88.0,61.0,39.0
1784619732.610161,226.722,1980,3201,88.0,61.0,39.0
1784619732.620158,226.722,1980,3201,88.0,61.0,39.0
1784619732.630212,226.722,1980,3201,88.0,61.0,39.0
1784619732.640204,226.722,1980,3201,88.0,61.0,39.0
1784619732.650158,226.722,1980,3201,88.0,61.0,39.0
1784619732.660385,226.722,1980,3201,88.0,61.0,39.0
1784619732.670159,226.722,1980,3201,88.0,61.0,39.0
1784619732.680161,226.722,1980,3201,88.0,61.0,39.0
1784619732.690158,249.058,1980,3201,88.0,61.0,39.0
1784619732.700159,249.058,1980,3201,88.0,61.0,39.0
1784619732.710183,249.058,1980,3201,87.0,61.0,39.0
1784619732.720159,249.058,1980,3201,87.0,61.0,39.0
1784619732.730159,249.058,1980,3201,87.0,61.0,39.0
1784619732.740158,249.058,1980,3201,87.0,61.0,39.0
1784619732.750159,249.058,1980,3201,87.0,61.0,39.0
1784619732.760157,249.058,1980,3201,87.0,61.0,39.0
1784619732.770158,249.058,1980,3201,87.0,61.0,39.0
1784619732.780159,249.058,1980,3201,87.0,61.0,39.0
1784619732.790158,266.308,1980,3201,87.0,61.0,39.0
1784619732.800160,266.308,1980,3201,87.0,61.0,39.0
1784619732.810158,266.308,1980,3201,87.0,61.0,39.0
1784619732.820158,266.308,1980,3201,87.0,61.0,39.0
1784619732.830158,266.308,1980,3201,87.0,61.0,39.0
1784619732.840210,266.308,1980,3201,87.0,61.0,39.0
1784619732.850160,266.308,1980,3201,87.0,61.0,39.0
1784619732.860158,266.308,1980,3201,87.0,61.0,39.0
1784619732.870200,266.308,1980,3201,87.0,61.0,39.0
1784619732.880214,266.308,1980,3201,87.0,61.0,39.0
1784619732.890158,271.797,1980,3201,87.0,61.0,39.0
1784619732.900158,271.797,1980,3201,87.0,61.0,39.0
1784619732.910206,271.797,1980,3201,88.0,61.0,39.0
1784619732.920200,271.797,1980,3201,88.0,61.0,39.0
1784619732.930158,271.797,1980,3201,88.0,61.0,39.0
1784619732.940160,271.797,1980,3201,88.0,61.0,39.0
1784619732.950158,271.797,1980,3201,88.0,61.0,39.0
1784619732.960196,271.797,1980,3201,88.0,61.0,39.0
1784619732.970150,271.797,1980,3201,88.0,61.0,39.0
1784619732.980158,271.797,1980,3201,88.0,61.0,39.0
1784619732.990159,294.766,1980,3201,88.0,61.0,39.0
1784619733.000158,294.766,1980,3201,88.0,61.0,39.0
1784619733.010158,294.766,1980,3201,88.0,61.0,39.0
1784619733.020343,294.766,1980,3201,88.0,61.0,39.0
1784619733.030158,294.766,1980,3201,88.0,61.0,39.0
1784619733.040159,294.766,1980,3201,88.0,61.0,39.0
1784619733.050159,294.766,1980,3201,88.0,61.0,39.0
1784619733.060158,294.766,1980,3201,88.0,61.0,39.0
1784619733.070158,294.766,1980,3201,88.0,61.0,39.0
1784619733.080165,294.766,1980,3201,88.0,61.0,39.0
1784619733.090159,318.072,1980,3201,88.0,61.0,39.0
1784619733.100163,318.072,1980,3201,88.0,61.0,39.0
1784619733.110158,318.072,1980,3201,88.0,61.0,39.0
1784619733.120158,318.072,1980,3201,88.0,61.0,39.0
1784619733.130159,318.072,1980,3201,88.0,61.0,39.0
1784619733.140160,318.072,1980,3201,88.0,61.0,39.0
1784619733.150153,318.072,1980,3201,88.0,61.0,39.0
1784619733.160158,318.072,1980,3201,88.0,61.0,39.0
1784619733.170158,318.072,1980,3201,88.0,61.0,39.0
1784619733.180167,318.072,1980,3201,88.0,61.0,39.0
1784619733.190161,337.257,1980,3201,88.0,61.0,39.0
1784619733.200397,337.257,1980,3201,88.0,61.0,39.0
1784619733.210150,337.257,1980,3201,88.0,61.0,39.0
1784619733.220153,337.257,1980,3201,88.0,61.0,39.0
1784619733.230150,337.257,1980,3201,88.0,61.0,39.0
1784619733.240154,337.257,1980,3201,88.0,61.0,39.0
1784619733.250151,337.257,1980,3201,88.0,61.0,39.0
1784619733.260150,337.257,1980,3201,88.0,61.0,39.0
1784619733.270154,337.257,1980,3201,88.0,61.0,39.0
1784619733.280152,337.257,1980,3201,88.0,61.0,39.0
1784619733.290150,351.415,1980,3201,88.0,61.0,39.0
1784619733.300152,351.415,1980,3201,88.0,61.0,39.0
1784619733.310152,351.415,1980,3201,88.0,61.0,39.0
1784619733.320153,351.415,1980,3201,88.0,61.0,39.0
1784619733.330150,351.415,1980,3201,88.0,61.0,39.0
1784619733.340151,351.415,1980,3201,88.0,61.0,39.0
1784619733.350151,351.415,1980,3201,88.0,61.0,39.0
1784619733.360151,351.415,1980,3201,88.0,61.0,39.0
1784619733.370217,351.415,1980,3201,88.0,61.0,39.0
1784619733.380153,351.415,1980,3201,88.0,61.0,39.0
1784619733.390202,351.877,1980,3201,88.0,61.0,39.0
1784619733.400144,351.877,1980,3201,88.0,61.0,39.0
1784619733.410158,351.877,1980,3201,88.0,61.0,39.0
1784619733.420160,351.877,1980,3201,88.0,61.0,39.0
1784619733.430148,351.877,1980,3201,88.0,61.0,39.0
1784619733.440160,351.877,1980,3201,88.0,61.0,39.0
1784619733.450158,351.877,1980,3201,88.0,61.0,39.0
1784619733.460158,351.877,1980,3201,88.0,61.0,39.0
1784619733.470160,351.877,1980,3201,88.0,61.0,39.0
1784619733.480302,351.877,1980,3201,88.0,61.0,39.0
1784619733.490159,351.830,1980,3201,88.0,61.0,39.0
1784619733.500160,351.830,1980,3201,88.0,61.0,39.0
1784619733.510160,351.830,1980,3201,88.0,61.0,39.0
1784619733.520159,351.830,1980,3201,88.0,61.0,39.0
1784619733.530161,351.830,1980,3201,88.0,61.0,39.0
1784619733.540158,351.830,1980,3201,88.0,61.0,39.0
1784619733.550159,351.830,1980,3201,88.0,61.0,39.0
1784619733.560160,351.830,1980,3201,88.0,61.0,39.0
1784619733.570159,351.830,1980,3201,88.0,61.0,39.0
1784619733.580159,351.830,1980,3201,88.0,61.0,39.0
1784619733.590159,351.721,1980,3201,88.0,61.0,39.0
1784619733.600158,351.721,1980,3201,88.0,61.0,39.0
1784619733.610170,351.721,1980,3201,88.0,61.0,39.0
1784619733.620176,351.721,1980,3201,88.0,61.0,39.0
1784619733.630160,351.721,1980,3201,88.0,61.0,40.0
1784619733.640160,351.721,1980,3201,88.0,61.0,40.0
1784619733.650159,351.721,1980,3201,88.0,61.0,40.0
1784619733.660151,351.721,1980,3201,88.0,61.0,40.0
1784619733.670167,351.721,1980,3201,88.0,61.0,40.0
1784619733.680159,351.721,1980,3201,88.0,61.0,40.0
1784619733.690159,351.861,1980,3201,88.0,61.0,40.0
1784619733.700158,351.861,1980,3201,88.0,61.0,40.0
1784619733.710149,351.861,1980,3201,88.0,61.0,40.0
1784619733.720160,351.861,1980,3201,88.0,61.0,40.0
1784619733.730159,351.861,1980,3201,88.0,61.0,40.0
1784619733.740159,351.861,1980,3201,88.0,61.0,40.0
1784619733.750159,351.861,1980,3201,88.0,61.0,40.0
1784619733.760149,351.861,1980,3201,88.0,61.0,40.0
1784619733.770158,351.861,1980,3201,88.0,61.0,40.0
1784619733.780192,351.861,1980,3201,88.0,61.0,40.0
1784619733.790159,352.554,1980,3201,88.0,61.0,40.0
1784619733.800191,352.554,1980,3201,88.0,61.0,40.0
1784619733.810158,352.554,1980,3201,88.0,61.0,40.0
1784619733.820169,352.554,1980,3201,88.0,61.0,40.0
1784619733.830158,352.554,1980,3201,88.0,61.0,40.0
1784619733.840154,352.554,1980,3201,88.0,61.0,40.0
1784619733.850151,352.554,1980,3201,88.0,61.0,40.0
1784619733.860165,352.554,1980,3201,88.0,61.0,40.0
1784619733.870159,352.554,1980,3201,88.0,61.0,40.0
1784619733.880161,352.554,1980,3201,88.0,61.0,40.0
1784619733.890431,350.889,1980,3201,88.0,61.0,40.0
1784619733.900159,350.889,1980,3201,88.0,61.0,40.0
1784619733.910159,350.889,1980,3201,78.0,54.0,40.0
1784619733.920160,350.889,1980,3201,78.0,54.0,40.0
1784619733.930159,350.889,1980,3201,78.0,54.0,40.0
1784619733.940188,350.889,1980,3201,78.0,54.0,40.0
1784619733.950264,350.889,1980,3201,78.0,54.0,40.0
1784619733.960166,350.889,1980,3201,78.0,54.0,40.0
1784619733.970160,350.889,1980,3201,78.0,54.0,40.0
1784619733.980160,350.889,1980,3201,78.0,54.0,40.0
1784619733.990152,350.507,1980,3201,78.0,54.0,40.0
1784619734.000204,350.507,1980,3201,78.0,54.0,40.0
1784619734.010159,350.507,1980,3201,78.0,54.0,40.0
1784619734.020158,350.507,1980,3201,78.0,54.0,40.0
1784619734.030178,350.507,1980,3201,78.0,54.0,40.0
1784619734.040162,350.507,1980,3201,78.0,54.0,40.0
1784619734.050162,350.507,1980,3201,78.0,54.0,40.0
1784619734.060190,350.507,1980,3201,78.0,54.0,40.0
1784619734.070374,350.507,1980,3201,78.0,54.0,40.0
1784619734.080162,350.507,1980,3201,78.0,54.0,40.0
1784619734.090164,350.539,1980,3201,78.0,54.0,40.0
1784619734.100163,350.539,1980,3201,78.0,54.0,40.0
1784619734.110160,350.539,1980,3201,88.0,61.0,40.0
1784619734.120172,350.539,1980,3201,88.0,61.0,40.0
1784619734.130159,350.539,1980,3201,88.0,61.0,40.0
1784619734.140160,350.539,1980,3201,88.0,61.0,40.0
1784619734.150156,350.539,1980,3201,88.0,61.0,40.0
1784619734.160163,350.539,1980,3201,88.0,61.0,40.0
1784619734.170166,350.539,1980,3201,88.0,61.0,40.0
1784619734.180159,350.539,1980,3201,88.0,61.0,40.0
1784619734.190163,350.496,1980,3201,88.0,61.0,40.0
1784619734.200152,350.496,1980,3201,88.0,61.0,40.0
1784619734.210161,350.496,1980,3201,88.0,61.0,40.0
1784619734.220156,350.496,1980,3201,88.0,61.0,40.0
1784619734.230159,350.496,1980,3201,88.0,61.0,40.0
1784619734.240160,350.496,1980,3201,88.0,61.0,40.0
1784619734.250161,350.496,1980,3201,88.0,61.0,40.0
1784619734.260163,350.496,1980,3201,88.0,61.0,40.0
1784619734.270161,350.496,1980,3201,88.0,61.0,40.0
1784619734.280180,350.496,1980,3201,88.0,61.0,40.0
1784619734.290161,349.948,1980,3201,88.0,61.0,40.0
1784619734.300160,349.948,1980,3201,88.0,61.0,40.0
1784619734.310163,349.948,1980,3201,88.0,61.0,40.0
1784619734.320159,349.948,1980,3201,88.0,61.0,40.0
1784619734.330152,349.948,1980,3201,88.0,61.0,40.0
1784619734.340160,349.948,1980,3201,88.0,61.0,40.0
1784619734.350161,349.948,1980,3201,88.0,61.0,40.0
1784619734.360164,349.948,1980,3201,88.0,61.0,40.0
1784619734.370160,349.948,1980,3201,88.0,61.0,40.0
1784619734.380149,349.948,1980,3201,88.0,61.0,40.0
1784619734.390163,349.939,1980,3201,88.0,61.0,40.0
1784619734.400163,349.939,1980,3201,88.0,61.0,40.0
1784619734.410202,349.939,1980,3201,88.0,61.0,40.0
1784619734.420159,349.939,1980,3201,88.0,61.0,40.0
1784619734.430167,349.939,1980,3201,88.0,61.0,40.0
1784619734.440161,349.939,1980,3201,88.0,61.0,40.0
1784619734.450147,349.939,1980,3201,88.0,61.0,40.0
1784619734.460162,349.939,1980,3201,88.0,61.0,40.0
1784619734.470159,349.939,1980,3201,88.0,61.0,40.0
1784619734.480150,349.939,1980,3201,88.0,61.0,40.0
1784619734.490159,349.388,1980,3201,88.0,61.0,40.0
1784619734.500150,349.388,1980,3201,88.0,61.0,40.0
1784619734.510161,349.388,1980,3201,88.0,61.0,40.0
1784619734.520163,349.388,1980,3201,88.0,61.0,40.0
1784619734.530277,349.388,1980,3201,88.0,61.0,40.0
1784619734.540152,349.388,1980,3201,88.0,61.0,40.0
1784619734.550145,349.388,1980,3201,88.0,61.0,40.0
1784619734.560144,349.388,1980,3201,88.0,61.0,40.0
1784619734.570178,349.388,1980,3201,88.0,61.0,40.0
1784619734.580150,349.388,1980,3201,88.0,61.0,40.0
1784619734.590189,349.364,1980,3201,88.0,61.0,40.0
1784619734.600149,349.364,1980,3201,88.0,61.0,40.0
1784619734.610184,349.364,1980,3201,88.0,61.0,40.0
1784619734.620145,349.364,1980,3201,88.0,61.0,40.0
1784619734.630145,349.364,1980,3201,88.0,61.0,40.0
1784619734.640158,349.364,1980,3201,88.0,61.0,40.0
1784619734.650160,349.364,1980,3201,88.0,61.0,40.0
1784619734.660159,349.364,1980,3201,88.0,61.0,40.0
1784619734.670159,349.364,1980,3201,88.0,61.0,40.0
1784619734.680150,349.364,1980,3201,88.0,61.0,40.0
1784619734.690218,349.268,1980,3201,88.0,61.0,40.0
1784619734.700159,349.268,1980,3201,88.0,61.0,40.0
1784619734.710291,349.268,1980,3201,88.0,61.0,40.0
1784619734.720150,349.268,1980,3201,88.0,61.0,40.0
1784619734.730146,349.268,1980,3201,88.0,61.0,40.0
1784619734.740159,349.268,1980,3201,88.0,61.0,40.0
1784619734.750147,349.268,1980,3201,88.0,61.0,40.0
1784619734.760146,349.268,1980,3201,88.0,61.0,40.0
1784619734.770190,349.268,1980,3201,88.0,61.0,40.0
1784619734.780147,349.268,1980,3201,88.0,61.0,40.0
1784619734.790157,349.231,1980,3201,88.0,61.0,40.0
1784619734.800162,349.231,1980,3201,88.0,61.0,40.0
1784619734.810148,349.231,1980,3201,88.0,61.0,40.0
1784619734.820158,349.231,1980,3201,88.0,61.0,40.0
1784619734.830148,349.231,1980,3201,88.0,61.0,40.0
1784619734.840158,349.231,1980,3201,88.0,61.0,40.0
1784619734.850158,349.231,1980,3201,88.0,61.0,40.0
1784619734.860148,349.231,1980,3201,88.0,61.0,40.0
1784619734.870161,349.231,1980,3201,88.0,61.0,40.0
1784619734.880158,349.231,1980,3201,88.0,61.0,40.0
1784619734.890159,350.610,1980,3201,88.0,61.0,40.0
1784619734.900159,350.610,1980,3201,88.0,61.0,40.0
1784619734.910147,350.610,1980,3201,88.0,61.0,40.0
1784619734.920159,350.610,1980,3201,88.0,61.0,40.0
1784619734.930159,350.610,1980,3201,88.0,61.0,40.0
1784619734.940151,350.610,1980,3201,88.0,61.0,40.0
1784619734.950160,350.610,1980,3201,88.0,61.0,40.0
1784619734.960147,350.610,1980,3201,88.0,61.0,40.0
1784619734.970213,350.610,1980,3201,88.0,61.0,40.0
1784619734.980159,350.610,1980,3201,88.0,61.0,40.0
1784619734.990480,351.341,1980,3201,88.0,61.0,40.0
1784619735.000197,351.341,1980,3201,88.0,61.0,40.0
1784619735.010146,351.341,1980,3201,88.0,61.0,40.0
1784619735.020157,351.341,1980,3201,88.0,61.0,40.0
1784619735.030158,351.341,1980,3201,88.0,61.0,40.0
1784619735.040259,351.341,1980,3201,88.0,61.0,40.0
1784619735.050158,351.341,1980,3201,88.0,61.0,40.0
1784619735.060158,351.341,1980,3201,88.0,61.0,40.0
1784619735.070158,351.341,1980,3201,88.0,61.0,40.0
1784619735.080158,351.341,1980,3201,88.0,61.0,40.0
1784619735.090261,351.346,1980,3201,88.0,61.0,40.0
1784619735.100158,351.346,1980,3201,88.0,61.0,40.0
1784619735.110158,351.346,1980,3201,88.0,61.0,40.0
1784619735.120157,351.346,1980,3201,88.0,61.0,40.0
1784619735.130159,351.346,1980,3201,88.0,61.0,40.0
1784619735.140342,351.346,1980,3201,88.0,61.0,40.0
1784619735.150157,351.346,1980,3201,88.0,61.0,40.0
1784619735.160157,351.346,1980,3201,88.0,61.0,40.0
1784619735.170158,351.346,1980,3201,88.0,61.0,40.0
1784619735.180158,351.346,1980,3201,88.0,61.0,40.0
1784619735.190206,351.637,1980,3201,88.0,61.0,40.0
1784619735.200158,351.637,1980,3201,88.0,61.0,40.0
1784619735.210159,351.637,1980,3201,88.0,61.0,40.0
1784619735.220158,351.637,1980,3201,88.0,61.0,40.0
1784619735.230158,351.637,1980,3201,88.0,61.0,40.0
1784619735.240204,351.637,1980,3201,88.0,61.0,40.0
1784619735.250158,351.637,1980,3201,88.0,61.0,40.0
1784619735.260159,351.637,1980,3201,88.0,61.0,40.0
1784619735.270158,351.637,1980,3201,88.0,61.0,40.0
1784619735.280157,351.637,1980,3201,88.0,61.0,40.0
1784619735.290202,351.472,1980,3201,88.0,61.0,40.0
1784619735.300237,351.472,1980,3201,88.0,61.0,40.0
1784619735.310158,351.472,1980,3201,88.0,61.0,40.0
1784619735.320158,351.472,1980,3201,88.0,61.0,40.0
1784619735.330159,351.472,1980,3201,88.0,61.0,40.0
1784619735.340172,351.472,1980,3201,88.0,61.0,40.0
1784619735.350187,351.472,1980,3201,88.0,61.0,40.0
1784619735.360158,351.472,1980,3201,88.0,61.0,40.0
1784619735.370158,351.472,1980,3201,88.0,61.0,40.0
1784619735.380158,351.472,1980,3201,88.0,61.0,40.0
1784619735.390158,351.349,1980,3201,88.0,61.0,40.0
1784619735.400158,351.349,1980,3201,88.0,61.0,40.0
1784619735.410161,351.349,1980,3201,88.0,61.0,40.0
1784619735.420158,351.349,1980,3201,88.0,61.0,40.0
1784619735.430170,351.349,1980,3201,88.0,61.0,40.0
1784619735.440158,351.349,1980,3201,88.0,61.0,40.0
1784619735.450158,351.349,1980,3201,88.0,61.0,40.0
1784619735.460172,351.349,1980,3201,88.0,61.0,40.0
1784619735.470158,351.349,1980,3201,88.0,61.0,40.0
1784619735.480158,351.349,1980,3201,88.0,61.0,40.0
1784619735.490158,351.553,1980,3201,88.0,61.0,40.0
1784619735.500158,351.553,1980,3201,88.0,61.0,40.0
1784619735.510183,351.553,1980,3201,80.0,55.0,40.0
1784619735.520158,351.553,1980,3201,80.0,55.0,40.0
1784619735.530158,351.553,1980,3201,80.0,55.0,40.0
1784619735.540158,351.553,1980,3201,80.0,55.0,40.0
1784619735.550160,351.553,1980,3201,80.0,55.0,40.0
1784619735.560216,351.553,1980,3201,80.0,55.0,40.0
1784619735.570158,351.553,1980,3201,80.0,55.0,40.0
1784619735.580161,351.553,1980,3201,80.0,55.0,40.0
1784619735.590158,351.731,1980,3201,80.0,55.0,40.0
1784619735.600200,351.731,1980,3201,80.0,55.0,40.0
1784619735.610163,351.731,1980,3201,80.0,55.0,40.0
1784619735.620157,351.731,1980,3201,80.0,55.0,40.0
1784619735.630162,351.731,1980,3201,80.0,55.0,40.0
1784619735.640158,351.731,1980,3201,80.0,55.0,40.0
1784619735.650170,351.731,1980,3201,80.0,55.0,40.0
1784619735.660158,351.731,1980,3201,80.0,55.0,40.0
1784619735.670158,351.731,1980,3201,80.0,55.0,40.0
1784619735.680160,351.731,1980,3201,80.0,55.0,40.0
1784619735.690161,351.383,1980,3201,80.0,55.0,40.0
1784619735.700158,351.383,1980,3201,80.0,55.0,40.0
1784619735.710158,351.383,1980,3201,88.0,61.0,40.0
1784619735.720159,351.383,1980,3201,88.0,61.0,40.0
1784619735.730161,351.383,1980,3201,88.0,61.0,40.0
1784619735.740161,351.383,1980,3201,88.0,61.0,40.0
1784619735.750160,351.383,1980,3201,88.0,61.0,40.0
1784619735.760157,351.383,1980,3201,88.0,61.0,40.0
1784619735.770158,351.383,1980,3201,88.0,61.0,40.0
1784619735.780158,351.383,1980,3201,88.0,61.0,40.0
1784619735.790189,351.383,1980,3201,88.0,61.0,40.0
1784619735.800159,351.582,1980,3201,88.0,61.0,40.0
1784619735.810158,351.582,1980,3201,88.0,61.0,40.0
1784619735.820159,351.582,1980,3201,88.0,61.0,40.0
1784619735.830157,351.582,1980,3201,88.0,61.0,40.0
1784619735.840158,351.582,1980,3201,88.0,61.0,40.0
1784619735.850159,351.582,1980,3201,88.0,61.0,40.0
1784619735.860158,351.582,1980,3201,88.0,61.0,40.0
1784619735.870157,351.582,1980,3201,88.0,61.0,40.0
1784619735.880157,351.582,1980,3201,88.0,61.0,40.0
1784619735.890210,351.582,1980,3201,88.0,61.0,40.0
1784619735.900158,352.384,1980,3201,88.0,61.0,40.0
1784619735.910167,352.384,1980,3201,88.0,61.0,40.0
1784619735.920161,352.384,1980,3201,88.0,61.0,40.0
1784619735.930158,352.384,1980,3201,88.0,61.0,40.0
1784619735.940158,352.384,1980,3201,88.0,61.0,40.0
1784619735.950194,352.384,1980,3201,88.0,61.0,40.0
1784619735.960158,352.384,1980,3201,88.0,61.0,40.0
1784619735.970213,352.384,1980,3201,88.0,61.0,40.0
1784619735.980158,352.384,1980,3201,88.0,61.0,40.0
1784619735.990157,352.384,1980,3201,88.0,61.0,40.0
1784619736.000158,352.592,1980,3201,88.0,61.0,40.0
1784619736.010159,352.592,1980,3201,88.0,61.0,40.0
1784619736.020158,352.592,1980,3201,88.0,61.0,40.0
1784619736.030158,352.592,1980,3201,88.0,61.0,40.0
1784619736.040155,352.592,1980,3201,88.0,61.0,40.0
1784619736.050154,352.592,1980,3201,88.0,61.0,40.0
1784619736.060150,352.592,1980,3201,88.0,61.0,40.0
1784619736.070154,352.592,1980,3201,88.0,61.0,40.0
1784619736.080151,352.592,1980,3201,88.0,61.0,40.0
1784619736.090150,352.592,1980,3201,88.0,61.0,40.0
1784619736.100151,352.820,1980,3201,88.0,61.0,40.0
1784619736.110150,352.820,1980,3201,88.0,61.0,40.0
1784619736.120151,352.820,1980,3201,88.0,61.0,40.0
1784619736.130150,352.820,1980,3201,88.0,61.0,40.0
1784619736.140150,352.820,1980,3201,88.0,61.0,40.0
1784619736.150147,352.820,1980,3201,88.0,61.0,40.0
1784619736.160147,352.820,1980,3201,88.0,61.0,40.0
1784619736.170112,352.820,1980,3201,88.0,61.0,40.0
1784619736.180157,352.820,1980,3201,88.0,61.0,40.0
1784619736.190488,352.820,1980,3201,88.0,61.0,40.0
1784619736.200158,352.138,1980,3201,88.0,61.0,40.0
1784619736.210158,352.138,1980,3201,88.0,61.0,40.0
1784619736.220159,352.138,1980,3201,88.0,61.0,40.0
1784619736.230159,352.138,1980,3201,88.0,61.0,40.0
1784619736.240334,352.138,1980,3201,88.0,61.0,40.0
1784619736.250160,352.138,1980,3201,88.0,61.0,40.0
1784619736.260157,352.138,1980,3201,88.0,61.0,40.0
1784619736.270158,352.138,1980,3201,88.0,61.0,40.0
1784619736.280158,352.138,1980,3201,88.0,61.0,40.0
1784619736.290158,352.138,1980,3201,88.0,61.0,40.0
1784619736.300198,352.767,1980,3201,88.0,61.0,40.0
1784619736.310158,352.767,1980,3201,88.0,61.0,40.0
1784619736.320159,352.767,1980,3201,85.0,59.0,40.0
1784619736.330158,352.767,1980,3201,85.0,59.0,40.0
1784619736.340156,352.767,1980,3201,85.0,59.0,40.0
1784619736.350156,352.767,1980,3201,85.0,59.0,40.0
1784619736.360155,352.767,1980,3201,85.0,59.0,40.0
1784619736.370155,352.767,1980,3201,85.0,59.0,40.0
1784619736.380154,352.767,1980,3201,85.0,59.0,40.0
1784619736.390156,352.767,1980,3201,85.0,59.0,40.0
1784619736.400156,352.688,1980,3201,85.0,59.0,40.0
1784619736.410150,352.688,1980,3201,85.0,59.0,40.0
1784619736.420156,352.688,1980,3201,85.0,59.0,40.0
1784619736.430156,352.688,1980,3201,85.0,59.0,40.0
1784619736.440154,352.688,1980,3201,85.0,59.0,40.0
1784619736.450159,352.688,1980,3201,85.0,59.0,40.0
1784619736.460164,352.688,1980,3201,85.0,59.0,40.0
1784619736.470158,352.688,1980,3201,85.0,59.0,40.0
1784619736.480235,352.688,1980,3201,85.0,59.0,40.0
1784619736.490160,352.688,1980,3201,85.0,59.0,40.0
1784619736.500164,352.519,1980,3201,85.0,59.0,40.0
1784619736.510164,352.519,1980,3201,85.0,59.0,40.0
1784619736.520160,352.519,1980,3201,86.0,59.0,40.0
1784619736.530205,352.519,1980,3201,86.0,59.0,40.0
1784619736.540159,352.519,1980,3201,86.0,59.0,40.0
1784619736.550160,352.519,1980,3201,86.0,59.0,40.0
1784619736.560161,352.519,1980,3201,86.0,59.0,40.0
1784619736.570351,352.519,1980,3201,86.0,59.0,40.0
1784619736.580159,352.519,1980,3201,86.0,59.0,40.0
1784619736.590160,352.519,1980,3201,86.0,59.0,40.0
1784619736.600158,352.085,1980,3201,86.0,59.0,40.0
1784619736.610161,352.085,1980,3201,86.0,59.0,40.0
1784619736.620162,352.085,1980,3201,86.0,59.0,40.0
1784619736.630161,352.085,1980,3201,86.0,59.0,40.0
1784619736.640160,352.085,1980,3201,86.0,59.0,40.0
1784619736.650162,352.085,1980,3201,86.0,59.0,40.0
1784619736.660177,352.085,1980,3201,86.0,59.0,40.0
1784619736.670238,352.085,1980,3201,86.0,59.0,40.0
1784619736.680175,352.085,1980,3201,86.0,59.0,40.0
1784619736.690158,352.085,1980,3201,86.0,59.0,40.0
1784619736.700150,352.460,1980,3201,86.0,59.0,40.0
1784619736.710158,352.460,1980,3201,86.0,59.0,40.0
1784619736.720174,352.460,1980,3201,88.0,61.0,40.0
1784619736.730159,352.460,1980,3201,88.0,61.0,40.0
1784619736.740161,352.460,1980,3201,88.0,61.0,40.0
1784619736.750160,352.460,1980,3201,88.0,61.0,40.0
1784619736.760160,352.460,1980,3201,88.0,61.0,40.0
1784619736.770157,352.460,1980,3201,88.0,61.0,40.0
1784619736.780157,352.460,1980,3201,88.0,61.0,40.0
1784619736.790162,352.460,1980,3201,88.0,61.0,40.0
1784619736.800160,352.332,1980,3201,88.0,61.0,40.0
1784619736.810161,352.332,1980,3201,88.0,61.0,40.0
1784619736.820157,352.332,1980,3201,88.0,61.0,40.0
1784619736.830160,352.332,1980,3201,88.0,61.0,40.0
1784619736.840162,352.332,1980,3201,88.0,61.0,40.0
1784619736.850159,352.332,1980,3201,88.0,61.0,40.0
1784619736.860161,352.332,1980,3201,88.0,61.0,40.0
1784619736.870154,352.332,1980,3201,88.0,61.0,40.0
1784619736.880158,352.332,1980,3201,88.0,61.0,40.0
1784619736.890155,352.332,1980,3201,88.0,61.0,40.0
1784619736.900160,351.683,1980,3201,88.0,61.0,40.0
1784619736.910161,351.683,1980,3201,88.0,61.0,40.0
1784619736.920154,351.683,1980,3201,87.0,60.0,40.0
1784619736.930159,351.683,1980,3201,87.0,60.0,40.0
1784619736.940144,351.683,1980,3201,87.0,60.0,40.0
1784619736.950251,351.683,1980,3201,87.0,60.0,40.0
1784619736.960201,351.683,1980,3201,87.0,60.0,40.0
1784619736.970153,351.683,1980,3201,87.0,60.0,40.0
1784619736.980152,351.683,1980,3201,87.0,60.0,40.0
1784619736.990144,351.683,1980,3201,87.0,60.0,40.0
1784619737.000160,351.398,1980,3201,87.0,60.0,40.0
1784619737.010144,351.398,1980,3201,87.0,60.0,40.0
1784619737.020159,351.398,1980,3201,87.0,60.0,40.0
1784619737.030168,351.398,1980,3201,87.0,60.0,40.0
1784619737.040159,351.398,1980,3201,87.0,60.0,41.0
1784619737.050145,351.398,1980,3201,87.0,60.0,41.0
1784619737.060157,351.398,1980,3201,87.0,60.0,41.0
1784619737.070158,351.398,1980,3201,87.0,60.0,41.0
1784619737.080159,351.398,1980,3201,87.0,60.0,41.0
1784619737.090159,351.398,1980,3201,87.0,60.0,41.0
1784619737.100144,350.399,1980,3201,87.0,60.0,41.0
1784619737.110157,350.399,1980,3201,87.0,60.0,41.0
1784619737.120158,350.399,1980,3201,79.0,55.0,41.0
1784619737.130531,350.399,1980,3201,79.0,55.0,41.0
1784619737.140158,350.399,1980,3201,79.0,55.0,40.0
1784619737.150156,350.399,1980,3201,79.0,55.0,40.0
1784619737.160158,350.399,1980,3201,79.0,55.0,40.0
1784619737.170158,350.399,1980,3201,79.0,55.0,40.0
1784619737.180152,350.399,1980,3201,79.0,55.0,40.0
1784619737.190158,350.399,1980,3201,79.0,55.0,40.0
1784619737.200168,350.449,1980,3201,79.0,55.0,40.0
1784619737.210162,350.449,1980,3201,79.0,55.0,40.0
1784619737.220165,350.449,1980,3201,79.0,55.0,40.0
1784619737.230151,350.449,1980,3201,79.0,55.0,40.0
1784619737.240163,350.449,1980,3201,79.0,55.0,41.0
1784619737.250159,350.449,1980,3201,79.0,55.0,41.0
1784619737.260381,350.449,1980,3201,79.0,55.0,41.0
1784619737.270202,350.449,1980,3201,79.0,55.0,41.0
1784619737.280154,350.449,1980,3201,79.0,55.0,41.0
1784619737.290211,350.449,1980,3201,79.0,55.0,41.0
1784619737.300158,351.060,1980,3201,79.0,55.0,41.0
1784619737.310149,351.060,1980,3201,79.0,55.0,41.0
1784619737.320158,351.060,1980,3201,87.0,61.0,41.0
1784619737.330158,351.060,1980,3201,87.0,61.0,41.0
1784619737.340158,351.060,1980,3201,87.0,61.0,41.0
1784619737.350158,351.060,1980,3201,87.0,61.0,41.0
1784619737.360149,351.060,1980,3201,87.0,61.0,41.0
1784619737.370173,351.060,1980,3201,87.0,61.0,41.0
1784619737.380158,351.060,1980,3201,87.0,61.0,41.0
1784619737.390157,351.060,1980,3201,87.0,61.0,41.0
1784619737.400158,350.881,1980,3201,87.0,61.0,41.0
1784619737.410150,350.881,1980,3201,87.0,61.0,41.0
1784619737.420158,350.881,1980,3201,87.0,61.0,41.0
1784619737.430158,350.881,1980,3201,87.0,61.0,41.0
1784619737.440212,350.881,1980,3201,87.0,61.0,41.0
1784619737.450155,350.881,1980,3201,87.0,61.0,41.0
1784619737.460160,350.881,1980,3201,87.0,61.0,41.0
1784619737.470158,350.881,1980,3201,87.0,61.0,41.0
1784619737.480158,350.881,1980,3201,87.0,61.0,41.0
1784619737.490375,350.881,1980,3201,87.0,61.0,41.0
1784619737.500153,350.982,1980,3201,87.0,61.0,41.0
1784619737.510149,350.982,1980,3201,87.0,61.0,41.0
1784619737.520151,350.982,1980,3201,87.0,61.0,41.0
1784619737.530150,350.982,1980,3201,87.0,61.0,41.0
1784619737.540150,350.982,1980,3201,87.0,61.0,41.0
1784619737.550151,350.982,1980,3201,87.0,61.0,41.0
1784619737.560149,350.982,1980,3201,87.0,61.0,41.0
1784619737.570150,350.982,1980,3201,87.0,61.0,41.0
1784619737.580151,350.982,1980,3201,87.0,61.0,41.0
1784619737.590149,350.982,1980,3201,87.0,61.0,41.0
1784619737.600150,351.787,1980,3201,87.0,61.0,41.0
1784619737.610150,351.787,1980,3201,87.0,61.0,41.0
1784619737.620148,351.787,1980,3201,87.0,61.0,41.0
1784619737.630147,351.787,1980,3201,87.0,61.0,41.0
1784619737.640147,351.787,1980,3201,87.0,61.0,41.0
1784619737.650147,351.787,1980,3201,87.0,61.0,41.0
1784619737.660160,351.787,1980,3201,87.0,61.0,41.0
1784619737.670420,351.787,1980,3201,87.0,61.0,41.0
1784619737.680161,351.787,1980,3201,87.0,61.0,41.0
1784619737.690158,351.787,1980,3201,87.0,61.0,41.0
1784619737.700158,351.735,1980,3201,87.0,61.0,41.0
1784619737.710153,351.735,1980,3201,87.0,61.0,41.0
1784619737.720160,351.735,1980,3201,88.0,61.0,41.0
1784619737.730158,351.735,1980,3201,88.0,61.0,41.0
1784619737.740158,351.735,1980,3201,88.0,61.0,41.0
1784619737.750159,351.735,1980,3201,88.0,61.0,41.0
1784619737.760158,351.735,1980,3201,88.0,61.0,41.0
1784619737.770159,351.735,1980,3201,88.0,61.0,41.0
1784619737.780158,351.735,1980,3201,88.0,61.0,41.0
1784619737.790158,351.735,1980,3201,88.0,61.0,41.0
1784619737.800159,352.250,1980,3201,88.0,61.0,41.0
1784619737.810164,352.250,1980,3201,88.0,61.0,41.0
1784619737.820158,352.250,1980,3201,88.0,61.0,41.0
1784619737.830159,352.250,1980,3201,88.0,61.0,41.0
1784619737.840159,352.250,1980,3201,88.0,61.0,41.0
1784619737.850160,352.250,1980,3201,88.0,61.0,41.0
1784619737.860158,352.250,1980,3201,88.0,61.0,41.0
1784619737.870159,352.250,1980,3201,88.0,61.0,41.0
1784619737.880158,352.250,1980,3201,88.0,61.0,41.0
1784619737.890158,352.250,1980,3201,88.0,61.0,41.0
1784619737.900404,352.735,1980,3201,88.0,61.0,41.0
1784619737.910158,352.735,1980,3201,88.0,61.0,41.0
1784619737.920157,352.735,1980,3201,88.0,61.0,41.0
1784619737.930160,352.735,1980,3201,88.0,61.0,41.0
1784619737.940158,352.735,1980,3201,88.0,61.0,41.0
1784619737.950202,352.735,1980,3201,88.0,61.0,41.0
1784619737.960158,352.735,1980,3201,88.0,61.0,41.0
1784619737.970158,352.735,1980,3201,88.0,61.0,41.0
1784619737.980158,352.735,1980,3201,88.0,61.0,41.0
1784619737.990199,352.735,1980,3201,88.0,61.0,41.0
1784619738.000162,352.965,1980,3201,88.0,61.0,41.0
1784619738.010158,352.965,1980,3201,88.0,61.0,41.0
1784619738.020159,352.965,1980,3201,88.0,61.0,41.0
1784619738.030161,352.965,1980,3201,88.0,61.0,41.0
1784619738.040159,352.965,1980,3201,88.0,61.0,41.0
1784619738.050150,352.965,1980,3201,88.0,61.0,41.0
1784619738.060158,352.965,1980,3201,88.0,61.0,41.0
1784619738.070158,352.965,1980,3201,88.0,61.0,41.0
1784619738.080158,352.965,1980,3201,88.0,61.0,41.0
1784619738.090158,352.965,1980,3201,88.0,61.0,41.0
1784619738.100151,354.303,1980,3201,88.0,61.0,41.0
1784619738.110158,354.303,1980,3201,88.0,61.0,41.0
1784619738.120150,354.303,1980,3201,88.0,61.0,41.0
1784619738.130158,354.303,1980,3201,88.0,61.0,41.0
1784619738.140158,354.303,1980,3201,88.0,61.0,41.0
1784619738.150159,354.303,1980,3201,88.0,61.0,41.0
1784619738.160158,354.303,1980,3201,88.0,61.0,41.0
1784619738.170150,354.303,1980,3201,88.0,61.0,41.0
1784619738.180157,354.303,1980,3201,88.0,61.0,41.0
1784619738.190263,354.303,1980,3201,88.0,61.0,41.0
1784619738.200159,353.600,1980,3201,88.0,61.0,41.0
1784619738.210153,353.600,1980,3201,88.0,61.0,41.0
1784619738.220161,353.600,1980,3201,88.0,61.0,41.0
1784619738.230162,353.600,1980,3201,88.0,61.0,41.0
1784619738.240223,353.600,1980,3201,88.0,61.0,41.0
1784619738.250162,353.600,1980,3201,88.0,61.0,41.0
1784619738.260392,353.600,1980,3201,88.0,61.0,41.0
1784619738.270158,353.600,1980,3201,88.0,61.0,41.0
1784619738.280159,353.600,1980,3201,88.0,61.0,41.0
1784619738.290213,353.600,1980,3201,88.0,61.0,41.0
1784619738.300158,352.819,1980,3201,88.0,61.0,41.0
1784619738.310146,352.819,1980,3201,88.0,61.0,41.0
1784619738.320158,352.819,1980,3201,85.0,59.0,41.0
1784619738.330209,352.819,1980,3201,85.0,59.0,41.0
1784619738.340214,352.819,1980,3201,85.0,59.0,41.0
1784619738.350207,352.819,1980,3201,85.0,59.0,41.0
1784619738.360159,352.819,1980,3201,85.0,59.0,41.0
1784619738.370164,352.819,1980,3201,85.0,59.0,41.0
1784619738.380189,352.819,1980,3201,85.0,59.0,41.0
1784619738.390158,352.819,1980,3201,85.0,59.0,41.0
1784619738.400199,353.272,1980,3201,85.0,59.0,41.0
1784619738.410153,353.272,1980,3201,85.0,59.0,41.0
1784619738.420165,353.272,1980,3201,85.0,59.0,41.0
1784619738.430159,353.272,1980,3201,85.0,59.0,41.0
1784619738.440158,353.272,1980,3201,85.0,59.0,41.0
1784619738.450159,353.272,1980,3201,85.0,59.0,41.0
1784619738.460192,353.272,1980,3201,85.0,59.0,41.0
1784619738.470158,353.272,1980,3201,85.0,59.0,41.0
1784619738.480160,353.272,1980,3201,85.0,59.0,41.0
1784619738.490356,353.272,1980,3201,85.0,59.0,41.0
1784619738.500158,353.729,1980,3201,85.0,59.0,41.0
1784619738.510149,353.729,1980,3201,85.0,59.0,41.0
1784619738.520160,353.729,1980,3201,88.0,61.0,41.0
1784619738.530158,353.729,1980,3201,88.0,61.0,41.0
1784619738.540151,353.729,1980,3201,88.0,61.0,41.0
1784619738.550212,353.729,1980,3201,88.0,61.0,41.0
1784619738.560154,353.729,1980,3201,88.0,61.0,41.0
1784619738.570177,353.729,1980,3201,88.0,61.0,41.0
1784619738.580215,353.729,1980,3201,88.0,61.0,41.0
1784619738.590206,353.729,1980,3201,88.0,61.0,41.0
1784619738.600210,353.270,1980,3201,88.0,61.0,41.0
1784619738.610149,353.270,1980,3201,88.0,61.0,41.0
1784619738.620158,353.270,1980,3201,88.0,61.0,41.0
1784619738.630158,353.270,1980,3201,88.0,61.0,41.0
1784619738.640150,353.270,1980,3201,88.0,61.0,41.0
1784619738.650160,353.270,1980,3201,88.0,61.0,41.0
1784619738.660205,353.270,1980,3201,88.0,61.0,41.0
1784619738.670151,353.270,1980,3201,88.0,61.0,41.0
1784619738.680158,353.270,1980,3201,88.0,61.0,41.0
1784619738.690155,353.270,1980,3201,88.0,61.0,41.0
1784619738.700159,351.790,1980,3201,88.0,61.0,41.0
1784619738.710158,351.790,1980,3201,88.0,61.0,41.0
1784619738.720152,351.790,1980,3201,78.0,54.0,41.0
1784619738.730194,351.790,1980,3201,78.0,54.0,41.0
1784619738.740158,351.790,1980,3201,78.0,54.0,41.0
1784619738.750159,351.790,1980,3201,78.0,54.0,41.0
1784619738.760159,351.790,1980,3201,78.0,54.0,41.0
1784619738.770150,351.790,1980,3201,78.0,54.0,41.0
1784619738.780158,351.790,1980,3201,78.0,54.0,41.0
1784619738.790159,351.790,1980,3201,78.0,54.0,41.0
1784619738.800151,351.483,1980,3201,78.0,54.0,41.0
1784619738.810151,351.483,1980,3201,78.0,54.0,41.0
1784619738.820150,351.483,1980,3201,78.0,54.0,41.0
1784619738.830152,351.483,1980,3201,78.0,54.0,41.0
1784619738.840150,351.483,1980,3201,78.0,54.0,41.0
1784619738.850150,351.483,1980,3201,78.0,54.0,41.0
1784619738.860150,351.483,1980,3201,78.0,54.0,41.0
1784619738.870152,351.483,1980,3201,78.0,54.0,41.0
1784619738.880150,351.483,1980,3201,78.0,54.0,41.0
1784619738.890151,351.483,1980,3201,78.0,54.0,41.0
1784619738.900151,351.285,1980,3201,78.0,54.0,41.0
1784619738.910155,351.285,1980,3201,78.0,54.0,41.0
1784619738.920202,351.285,1980,3201,88.0,61.0,41.0
1784619738.930158,351.285,1980,3201,88.0,61.0,41.0
1784619738.940150,351.285,1980,3201,88.0,61.0,41.0
1784619738.950153,351.285,1980,3201,88.0,61.0,41.0
1784619738.960161,351.285,1980,3201,88.0,61.0,41.0
1784619738.970151,351.285,1980,3201,88.0,61.0,41.0
1784619738.980159,351.285,1980,3201,88.0,61.0,41.0
1784619738.990308,351.285,1980,3201,88.0,61.0,41.0
1784619739.000143,351.314,1980,3201,88.0,61.0,41.0
1784619739.010185,351.314,1980,3201,88.0,61.0,41.0
1784619739.020159,351.314,1980,3201,88.0,61.0,41.0
1784619739.030224,351.314,1980,3201,88.0,61.0,41.0
1784619739.040155,351.314,1980,3201,88.0,61.0,41.0
1784619739.050144,351.314,1980,3201,88.0,61.0,41.0
1784619739.060158,351.314,1980,3201,88.0,61.0,41.0
1784619739.070142,351.314,1980,3201,88.0,61.0,41.0
1784619739.080158,351.314,1980,3201,88.0,61.0,41.0
1784619739.090208,351.314,1980,3201,88.0,61.0,41.0
1784619739.100144,350.873,1980,3201,88.0,61.0,41.0
1784619739.110157,350.873,1980,3201,88.0,61.0,41.0
1784619739.120190,350.873,1980,3201,88.0,61.0,41.0
1784619739.130142,350.873,1980,3201,88.0,61.0,41.0
1784619739.140158,350.873,1980,3201,88.0,61.0,41.0
1784619739.150144,350.873,1980,3201,88.0,61.0,41.0
1784619739.160177,350.873,1980,3201,88.0,61.0,41.0
1784619739.170149,350.873,1980,3201,88.0,61.0,41.0
1784619739.180144,350.873,1980,3201,88.0,61.0,41.0
1784619739.190178,350.873,1980,3201,88.0,61.0,41.0
1784619739.200158,351.107,1980,3201,88.0,61.0,41.0
1784619739.210177,351.107,1980,3201,88.0,61.0,41.0
1784619739.220181,351.107,1980,3201,88.0,61.0,41.0
1784619739.230144,351.107,1980,3201,88.0,61.0,41.0
1784619739.240157,351.107,1980,3201,88.0,61.0,41.0
1784619739.250144,351.107,1980,3201,88.0,61.0,41.0
1784619739.260157,351.107,1980,3201,88.0,61.0,41.0
1784619739.270149,351.107,1980,3201,88.0,61.0,41.0
1784619739.280143,351.107,1980,3201,88.0,61.0,41.0
1784619739.290159,351.107,1980,3201,88.0,61.0,41.0
1784619739.300159,351.480,1980,3201,88.0,61.0,41.0
1784619739.310160,351.480,1980,3201,88.0,61.0,41.0
1784619739.320161,351.480,1980,3201,87.0,60.0,41.0
1784619739.330158,351.480,1980,3201,87.0,60.0,41.0
1784619739.340163,351.480,1980,3201,87.0,60.0,41.0
1784619739.350159,351.480,1980,3201,87.0,60.0,41.0
1784619739.360152,351.480,1980,3201,87.0,60.0,41.0
1784619739.370154,351.480,1980,3201,87.0,60.0,41.0
1784619739.380209,351.480,1980,3201,87.0,60.0,41.0
1784619739.390158,351.480,1980,3201,87.0,60.0,41.0
1784619739.400159,351.668,1980,3201,87.0,60.0,41.0
1784619739.410354,351.668,1980,3201,87.0,60.0,41.0
1784619739.420159,351.668,1980,3201,87.0,60.0,41.0
1784619739.430160,351.668,1980,3201,87.0,60.0,41.0
1784619739.440160,351.668,1980,3201,87.0,60.0,41.0
1784619739.450159,351.668,1980,3201,87.0,60.0,41.0
1784619739.460145,351.668,1980,3201,87.0,60.0,41.0
1784619739.470148,351.668,1980,3201,87.0,60.0,41.0
1784619739.480160,351.668,1980,3201,87.0,60.0,41.0
1784619739.490161,351.668,1980,3201,87.0,60.0,41.0
1784619739.500161,351.830,1980,3201,87.0,60.0,41.0
1784619739.510144,351.830,1980,3201,87.0,60.0,41.0
1784619739.520157,351.830,1980,3201,88.0,61.0,41.0
1784619739.530154,351.830,1980,3201,88.0,61.0,41.0
1784619739.540165,351.830,1980,3201,88.0,61.0,41.0
1784619739.697127,353.783,1980,3201,88.0,61.0,41.0
1784619739.697185,353.783,1980,3201,88.0,61.0,41.0
1784619739.707269,353.783,1980,3201,88.0,61.0,41.0
1784619739.717259,353.783,1980,3201,88.0,60.0,41.0
1784619739.727267,353.783,1980,3201,88.0,60.0,41.0
1784619739.737272,353.783,1980,3201,88.0,60.0,41.0
1784619739.747375,353.783,1980,3201,88.0,60.0,41.0
1784619739.757267,353.783,1980,3201,88.0,60.0,41.0
1784619739.767263,353.783,1980,3201,88.0,60.0,41.0
1784619739.777267,353.783,1980,3201,88.0,60.0,41.0
1784619739.787259,353.783,1980,3201,88.0,60.0,41.0
1784619739.797259,353.929,1980,3201,88.0,60.0,41.0
1784619739.807259,353.929,1980,3201,88.0,60.0,41.0
1784619739.817255,353.929,1980,3201,88.0,60.0,41.0
1784619739.827259,353.929,1980,3201,88.0,60.0,41.0
1784619739.837259,353.929,1980,3201,88.0,60.0,41.0
1784619739.847259,353.929,1980,3201,88.0,60.0,41.0
1784619739.857258,353.929,1980,3201,88.0,60.0,41.0
1784619739.867259,353.929,1980,3201,88.0,60.0,41.0
1784619739.877259,353.929,1980,3201,88.0,60.0,41.0
1784619739.887258,353.929,1980,3201,88.0,60.0,41.0
1784619739.897259,353.543,1980,3201,88.0,60.0,41.0
1784619739.907258,353.543,1980,3201,88.0,60.0,41.0
1784619739.917417,353.543,1980,3201,88.0,60.0,41.0
1784619739.927261,353.543,1980,3201,88.0,60.0,41.0
1784619739.937267,353.543,1980,3201,88.0,60.0,41.0
1784619739.947268,353.543,1980,3201,88.0,60.0,41.0
1784619739.957313,353.543,1980,3201,88.0,60.0,41.0
1784619739.967254,353.543,1980,3201,88.0,60.0,41.0
1784619739.977266,353.543,1980,3201,88.0,60.0,41.0
1784619739.987267,353.543,1980,3201,88.0,60.0,41.0
1784619739.997268,353.637,1980,3201,88.0,60.0,41.0
1784619740.007267,353.637,1980,3201,88.0,60.0,41.0
1784619740.017317,353.637,1980,3201,88.0,60.0,41.0
1784619740.027292,353.637,1980,3201,88.0,60.0,41.0
1784619740.037254,353.637,1980,3201,88.0,60.0,41.0
1784619740.047266,353.637,1980,3201,88.0,60.0,41.0
1784619740.057269,353.637,1980,3201,88.0,60.0,41.0
1784619740.067255,353.637,1980,3201,88.0,60.0,41.0
1784619740.077274,353.637,1980,3201,88.0,60.0,41.0
1784619740.087264,353.637,1980,3201,88.0,60.0,41.0
1784619740.097270,353.637,1980,3201,88.0,60.0,41.0
1784619740.107268,353.719,1980,3201,88.0,60.0,41.0
1784619740.117268,353.719,1980,3201,88.0,61.0,41.0
1784619740.127267,353.719,1980,3201,88.0,61.0,41.0
1784619740.137267,353.719,1980,3201,88.0,61.0,41.0
1784619740.147267,353.719,1980,3201,88.0,61.0,41.0
1784619740.157478,353.719,1980,3201,88.0,61.0,41.0
1784619740.167267,353.719,1980,3201,88.0,61.0,41.0
1784619740.177258,353.719,1980,3201,88.0,61.0,41.0
1784619740.187267,353.719,1980,3201,88.0,61.0,41.0
1784619740.197267,353.719,1980,3201,88.0,61.0,41.0
1784619740.207267,353.257,1980,3201,88.0,61.0,41.0
1784619740.217269,353.257,1980,3201,88.0,61.0,41.0
1784619740.227460,353.257,1980,3201,88.0,61.0,41.0
1784619740.237270,353.257,1980,3201,88.0,61.0,41.0
1784619740.247267,353.257,1980,3201,88.0,61.0,41.0
1784619740.257266,353.257,1980,3201,88.0,61.0,41.0
1784619740.267267,353.257,1980,3201,88.0,61.0,41.0
1784619740.277267,353.257,1980,3201,88.0,61.0,41.0
1784619740.287365,353.257,1980,3201,88.0,61.0,41.0
1784619740.297266,353.257,1980,3201,88.0,61.0,41.0
1784619740.307267,358.266,1980,3201,88.0,61.0,41.0
1784619740.317267,358.266,1980,3201,88.0,61.0,41.0
1784619740.327312,358.266,1980,3201,78.0,52.0,41.0
1784619740.337334,358.266,1980,3201,78.0,52.0,41.0
1784619740.347268,358.266,1980,3201,78.0,52.0,42.0
1784619740.357267,358.266,1980,3201,78.0,52.0,42.0
1784619740.367267,358.266,1980,3201,78.0,52.0,42.0
1784619740.377266,358.266,1980,3201,78.0,52.0,42.0
1784619740.387458,358.266,1980,3201,78.0,52.0,42.0
1784619740.397302,358.266,1980,3201,78.0,52.0,42.0
1784619740.407305,358.367,1980,3201,78.0,52.0,42.0
1784619740.417266,358.367,1980,3201,78.0,52.0,42.0
1784619740.427267,358.367,1980,3201,78.0,52.0,42.0
1784619740.437458,358.367,1980,3201,78.0,52.0,42.0
1784619740.447267,358.367,1980,3201,78.0,52.0,41.0
1784619740.457267,358.367,1980,3201,78.0,52.0,41.0
1784619740.467268,358.367,1980,3201,78.0,52.0,41.0
1784619740.477266,358.367,1980,3201,78.0,52.0,41.0
1784619740.487260,358.367,1980,3201,78.0,52.0,41.0
1784619740.497271,358.367,1980,3201,78.0,52.0,41.0
1784619740.507266,358.561,1980,3201,78.0,52.0,41.0
1784619740.517267,358.561,1980,3201,78.0,52.0,41.0
1784619740.527267,358.561,1980,3201,88.0,61.0,41.0
1784619740.537260,358.561,1980,3201,88.0,61.0,41.0
1784619740.547266,358.561,1980,3201,88.0,61.0,41.0
1784619740.557267,358.561,1980,3201,88.0,61.0,41.0
1784619740.567266,358.561,1980,3201,88.0,61.0,41.0
1784619740.577266,358.561,1980,3201,88.0,61.0,41.0
1784619740.587309,358.561,1980,3201,88.0,61.0,41.0
1784619740.597272,358.561,1980,3201,88.0,61.0,41.0
1784619740.607266,358.998,1980,3201,88.0,61.0,41.0
1784619740.617270,358.998,1980,3201,88.0,61.0,41.0
1784619740.627267,358.998,1980,3201,88.0,61.0,41.0
1784619740.637252,358.998,1980,3201,88.0,61.0,41.0
1784619740.647266,358.998,1980,3201,88.0,61.0,41.0
1784619740.657266,358.998,1980,3201,88.0,61.0,41.0
1784619740.667253,358.998,1980,3201,88.0,61.0,41.0
1784619740.677266,358.998,1980,3201,88.0,61.0,41.0
1784619740.687248,358.998,1980,3201,88.0,61.0,41.0
1784619740.697265,358.998,1980,3201,88.0,61.0,41.0
1784619740.707267,358.807,1980,3201,88.0,61.0,41.0
1784619740.717260,358.807,1980,3201,88.0,61.0,41.0
1784619740.727267,358.807,1980,3201,88.0,61.0,41.0
1784619740.737252,358.807,1980,3201,88.0,61.0,41.0
1784619740.747265,358.807,1980,3201,88.0,61.0,41.0
1784619740.757298,358.807,1980,3201,88.0,61.0,41.0
1784619740.767260,358.807,1980,3201,88.0,61.0,41.0
1784619740.777266,358.807,1980,3201,88.0,61.0,41.0
1784619740.787251,358.807,1980,3201,88.0,61.0,41.0
1784619740.797265,358.807,1980,3201,88.0,61.0,41.0
1784619740.807266,359.035,1980,3201,88.0,61.0,41.0
1784619740.817261,359.035,1980,3201,88.0,61.0,41.0
1784619740.827267,359.035,1980,3201,88.0,61.0,41.0
1784619740.837251,359.035,1980,3201,88.0,61.0,41.0
1784619740.847261,359.035,1980,3201,88.0,61.0,41.0
1784619740.857266,359.035,1980,3201,88.0,61.0,41.0
1784619740.867594,359.035,1980,3201,88.0,61.0,41.0
1784619740.877267,359.035,1980,3201,88.0,61.0,41.0
1784619740.887263,359.035,1980,3201,88.0,61.0,41.0
1784619740.897267,359.035,1980,3201,88.0,61.0,41.0
1784619740.907267,359.201,1980,3201,88.0,61.0,41.0
1784619740.917440,359.201,1980,3201,88.0,61.0,41.0
1784619740.927268,359.201,1980,3201,88.0,61.0,41.0
1784619740.937264,359.201,1980,3201,88.0,61.0,41.0
1784619740.947266,359.201,1980,3201,88.0,61.0,41.0
1784619740.957267,359.201,1980,3201,88.0,61.0,41.0
1784619740.967257,359.201,1980,3201,88.0,61.0,41.0
1784619740.977268,359.201,1980,3201,88.0,61.0,41.0
1784619740.987264,359.201,1980,3201,88.0,61.0,41.0
1784619740.997267,359.201,1980,3201,88.0,61.0,41.0
1784619741.007267,359.024,1980,3201,88.0,61.0,41.0
1784619741.017258,359.024,1980,3201,88.0,61.0,41.0
1784619741.027267,359.024,1980,3201,88.0,61.0,41.0
1784619741.037277,359.024,1980,3201,88.0,61.0,41.0
1784619741.047271,359.024,1980,3201,88.0,61.0,41.0
1784619741.057267,359.024,1980,3201,88.0,61.0,41.0
1784619741.067259,359.024,1980,3201,88.0,61.0,41.0
1784619741.077267,359.024,1980,3201,88.0,61.0,41.0
1784619741.087268,359.024,1980,3201,88.0,61.0,41.0
1784619741.097267,359.024,1980,3201,88.0,61.0,41.0
1784619741.107267,359.259,1980,3201,88.0,61.0,41.0
1784619741.117258,359.259,1980,3201,88.0,61.0,41.0
1784619741.127267,359.259,1980,3201,88.0,61.0,41.0
1784619741.137268,359.259,1980,3201,88.0,61.0,41.0
1784619741.147268,359.259,1980,3201,88.0,61.0,41.0
1784619741.157267,359.259,1980,3201,88.0,61.0,41.0
1784619741.167260,359.259,1980,3201,88.0,61.0,41.0
1784619741.177266,359.259,1980,3201,88.0,61.0,41.0
1784619741.187266,359.259,1980,3201,88.0,61.0,41.0
1784619741.197267,359.259,1980,3201,88.0,61.0,41.0
1784619741.207269,360.076,1980,3201,88.0,61.0,41.0
1784619741.217259,360.076,1980,3201,88.0,61.0,41.0
1784619741.227268,360.076,1980,3201,88.0,61.0,41.0
1784619741.237267,360.076,1980,3201,88.0,61.0,41.0
1784619741.247267,360.076,1980,3201,88.0,61.0,41.0
1784619741.257268,360.076,1980,3201,88.0,61.0,41.0
1784619741.267259,360.076,1980,3201,88.0,61.0,41.0
1784619741.277267,360.076,1980,3201,88.0,61.0,41.0
1784619741.287266,360.076,1980,3201,88.0,61.0,41.0
1784619741.297305,360.076,1980,3201,88.0,61.0,41.0
1784619741.307259,355.408,1980,3201,88.0,61.0,41.0
1784619741.317257,355.408,1980,3201,88.0,61.0,41.0
1784619741.327265,355.408,1980,3201,88.0,61.0,41.0
1784619741.337268,355.408,1980,3201,88.0,61.0,41.0
1784619741.347275,355.408,1980,3201,88.0,61.0,41.0
1784619741.357289,355.408,1980,3201,88.0,61.0,41.0
1784619741.367260,355.408,1980,3201,88.0,61.0,41.0
1784619741.377267,355.408,1980,3201,88.0,61.0,41.0
1784619741.387259,355.408,1980,3201,88.0,61.0,41.0
1784619741.397268,355.408,1980,3201,88.0,61.0,41.0
1784619741.407270,355.628,1980,3201,88.0,61.0,41.0
1784619741.417259,355.628,1980,3201,88.0,61.0,41.0
1784619741.427289,355.628,1980,3201,88.0,61.0,41.0
1784619741.437267,355.628,1980,3201,88.0,61.0,41.0
1784619741.447267,355.628,1980,3201,88.0,61.0,41.0
1784619741.457267,355.628,1980,3201,88.0,61.0,41.0
1784619741.467260,355.628,1980,3201,88.0,61.0,41.0
1784619741.477268,355.628,1980,3201,88.0,61.0,41.0
1784619741.487272,355.628,1980,3201,88.0,61.0,41.0
1784619741.497269,355.628,1980,3201,88.0,61.0,41.0
1784619741.507267,355.640,1980,3201,88.0,61.0,41.0
1784619741.517259,355.640,1980,3201,88.0,61.0,41.0
1784619741.527267,355.640,1980,3201,88.0,61.0,41.0
1784619741.537267,355.640,1980,3201,88.0,61.0,41.0
1784619741.547298,355.640,1980,3201,88.0,61.0,41.0
1784619741.557267,355.640,1980,3201,88.0,61.0,41.0
1784619741.567268,355.640,1980,3201,88.0,61.0,41.0
1784619741.577267,355.640,1980,3201,88.0,61.0,41.0
1784619741.587268,355.640,1980,3201,88.0,61.0,41.0
1784619741.597267,355.640,1980,3201,88.0,61.0,41.0
1784619741.607266,355.573,1980,3201,88.0,61.0,41.0
1784619741.617266,355.573,1980,3201,88.0,61.0,41.0
1784619741.627267,355.573,1980,3201,88.0,61.0,41.0
1784619741.637284,355.573,1980,3201,88.0,61.0,41.0
1784619741.647268,355.573,1980,3201,88.0,61.0,41.0
1784619741.657269,355.573,1980,3201,88.0,61.0,41.0
1784619741.667267,355.573,1980,3201,88.0,61.0,41.0
1784619741.677267,355.573,1980,3201,88.0,61.0,41.0
1784619741.687270,355.573,1980,3201,88.0,61.0,41.0
1784619741.697532,355.573,1980,3201,88.0,61.0,41.0
1784619741.707268,356.088,1980,3201,88.0,61.0,41.0
1784619741.717267,356.088,1980,3201,88.0,61.0,41.0
1784619741.727266,356.088,1980,3201,88.0,61.0,41.0
1784619741.737275,356.088,1980,3201,88.0,61.0,41.0
1784619741.747597,356.088,1980,3201,88.0,61.0,41.0
1784619741.757274,356.088,1980,3201,88.0,61.0,41.0
1784619741.767259,356.088,1980,3201,88.0,61.0,41.0
1784619741.777267,356.088,1980,3201,88.0,61.0,41.0
1784619741.787266,356.088,1980,3201,88.0,61.0,41.0
1784619741.797521,356.088,1980,3201,88.0,61.0,41.0
1784619741.807280,355.477,1980,3201,88.0,61.0,41.0
1784619741.817268,355.477,1980,3201,88.0,61.0,41.0
1784619741.827266,355.477,1980,3201,88.0,61.0,41.0
1784619741.837267,355.477,1980,3201,88.0,61.0,41.0
1784619741.847253,355.477,1980,3201,88.0,61.0,41.0
1784619741.857266,355.477,1980,3201,88.0,61.0,41.0
1784619741.867267,355.477,1980,3201,88.0,61.0,41.0
1784619741.877267,355.477,1980,3201,88.0,61.0,41.0
1784619741.887267,355.477,1980,3201,88.0,61.0,41.0
1784619741.897268,355.477,1980,3201,88.0,61.0,41.0
1784619741.907272,356.007,1980,3201,88.0,61.0,41.0
1784619741.917267,356.007,1980,3201,88.0,61.0,41.0
1784619741.927267,356.007,1980,3201,88.0,61.0,41.0
1784619741.937267,356.007,1980,3201,88.0,61.0,41.0
1784619741.947270,356.007,1980,3201,88.0,61.0,42.0
1784619741.957261,356.007,1980,3201,88.0,61.0,42.0
1784619741.967266,356.007,1980,3201,88.0,61.0,42.0
1784619741.977266,356.007,1980,3201,88.0,61.0,42.0
1784619741.987267,356.007,1980,3201,88.0,61.0,42.0
1784619741.997269,356.007,1980,3201,88.0,61.0,42.0
1784619742.007260,356.176,1980,3201,88.0,61.0,42.0
1784619742.017269,356.176,1980,3201,88.0,61.0,42.0
1784619742.027266,356.176,1980,3201,88.0,61.0,42.0
1784619742.037285,356.176,1980,3201,88.0,61.0,42.0
1784619742.047279,356.176,1980,3201,88.0,61.0,41.0
1784619742.057273,356.176,1980,3201,88.0,61.0,41.0
1784619742.067267,356.176,1980,3201,88.0,61.0,41.0
1784619742.077292,356.176,1980,3201,88.0,61.0,41.0
1784619742.087266,356.176,1980,3201,88.0,61.0,41.0
1784619742.097290,356.176,1980,3201,88.0,61.0,41.0
1784619742.107267,356.912,1980,3201,88.0,61.0,41.0
1784619742.117288,356.912,1980,3201,88.0,61.0,41.0
1784619742.127267,356.912,1980,3201,88.0,61.0,41.0
1784619742.137262,356.912,1980,3201,88.0,61.0,41.0
1784619742.147266,356.912,1980,3201,88.0,61.0,41.0
1784619742.157266,356.912,1980,3201,88.0,61.0,41.0
1784619742.167271,356.912,1980,3201,88.0,61.0,41.0
1784619742.177273,356.912,1980,3201,88.0,61.0,41.0
1784619742.187259,356.912,1980,3201,88.0,61.0,41.0
1784619742.197271,356.912,1980,3201,88.0,61.0,41.0
1784619742.207267,356.266,1980,3201,88.0,61.0,41.0
1784619742.217266,356.266,1980,3201,88.0,61.0,41.0
1784619742.227267,356.266,1980,3201,88.0,61.0,41.0
1784619742.237267,356.266,1980,3201,88.0,61.0,41.0
1784619742.247266,356.266,1980,3201,88.0,61.0,42.0
1784619742.257276,356.266,1980,3201,88.0,61.0,42.0
1784619742.267262,356.266,1980,3201,88.0,61.0,42.0
1784619742.277267,356.266,1980,3201,88.0,61.0,42.0
1784619742.287268,356.266,1980,3201,88.0,61.0,42.0
1784619742.297266,356.266,1980,3201,88.0,61.0,42.0
1784619742.307299,355.661,1980,3201,88.0,61.0,42.0
1784619742.317260,355.661,1980,3201,88.0,61.0,42.0
1784619742.327266,355.661,1980,3201,88.0,61.0,42.0
1784619742.337269,355.661,1980,3201,88.0,61.0,42.0
1784619742.347267,355.661,1980,3201,88.0,61.0,42.0
1784619742.357267,355.661,1980,3201,88.0,61.0,42.0
1784619742.367419,355.661,1980,3201,88.0,61.0,42.0
1784619742.377269,355.661,1980,3201,88.0,61.0,42.0
1784619742.387269,355.661,1980,3201,88.0,61.0,42.0
1784619742.397266,355.661,1980,3201,88.0,61.0,42.0
1784619742.407269,355.207,1980,3201,88.0,61.0,42.0
1784619742.417283,355.207,1980,3201,88.0,61.0,42.0
1784619742.427267,355.207,1980,3201,88.0,61.0,42.0
1784619742.437267,355.207,1980,3201,88.0,61.0,42.0
1784619742.447266,355.207,1980,3201,88.0,61.0,42.0
1784619742.457319,355.207,1980,3201,88.0,61.0,42.0
1784619742.467259,355.207,1980,3201,88.0,61.0,42.0
1784619742.477266,355.207,1980,3201,88.0,61.0,42.0
1784619742.487270,355.207,1980,3201,88.0,61.0,42.0
1784619742.497266,355.207,1980,3201,88.0,61.0,42.0
1784619742.507268,354.869,1980,3201,88.0,61.0,42.0
1784619742.517266,354.869,1980,3201,88.0,61.0,42.0
1784619742.527266,354.869,1980,3201,88.0,61.0,42.0
1784619742.537267,354.869,1980,3201,88.0,61.0,42.0
1784619742.547268,354.869,1980,3201,88.0,61.0,42.0
1784619742.557269,354.869,1980,3201,88.0,61.0,42.0
1784619742.567266,354.869,1980,3201,88.0,61.0,42.0
1784619742.577308,354.869,1980,3201,88.0,61.0,42.0
1784619742.587259,354.869,1980,3201,88.0,61.0,42.0
1784619742.597260,354.869,1980,3201,88.0,61.0,42.0
1784619742.607266,354.917,1980,3201,88.0,61.0,42.0
1784619742.617267,354.917,1980,3201,88.0,61.0,42.0
1784619742.627266,354.917,1980,3201,88.0,61.0,42.0
1784619742.637266,354.917,1980,3201,88.0,61.0,42.0
1784619742.647255,354.917,1980,3201,88.0,61.0,42.0
1784619742.657266,354.917,1980,3201,88.0,61.0,42.0
1784619742.667268,354.917,1980,3201,88.0,61.0,42.0
1784619742.677289,354.917,1980,3201,88.0,61.0,42.0
1784619742.687267,354.917,1980,3201,88.0,61.0,42.0
1784619742.697267,354.917,1980,3201,88.0,61.0,42.0
1784619742.707267,354.122,1980,3201,88.0,61.0,42.0
1784619742.717259,354.122,1980,3201,88.0,61.0,42.0
1784619742.727259,354.122,1980,3201,88.0,61.0,42.0
1784619742.737259,354.122,1980,3201,88.0,61.0,42.0
1784619742.747258,354.122,1980,3201,88.0,61.0,42.0
1784619742.757259,354.122,1980,3201,88.0,61.0,42.0
1784619742.767258,354.122,1980,3201,88.0,61.0,42.0
1784619742.777259,354.122,1980,3201,88.0,61.0,42.0
1784619742.787259,354.122,1980,3201,88.0,61.0,42.0
1784619742.797343,354.122,1980,3201,88.0,61.0,42.0
1784619742.807261,353.986,1980,3201,88.0,61.0,42.0
1784619742.817260,353.986,1980,3201,88.0,61.0,42.0
1784619742.827372,353.986,1980,3201,88.0,61.0,42.0
1784619742.837347,353.986,1980,3201,88.0,61.0,42.0
1784619742.847259,353.986,1980,3201,88.0,61.0,42.0
1784619742.857268,353.986,1980,3201,88.0,61.0,42.0
1784619742.867267,353.986,1980,3201,88.0,61.0,42.0
1784619742.877267,353.986,1980,3201,88.0,61.0,42.0
1784619742.887270,353.986,1980,3201,88.0,61.0,42.0
1784619742.897255,353.986,1980,3201,88.0,61.0,42.0
1784619742.907264,353.896,1980,3201,88.0,61.0,42.0
1784619742.917263,353.896,1980,3201,88.0,61.0,42.0
1784619742.927267,353.896,1980,3201,88.0,61.0,42.0
1784619742.937266,353.896,1980,3201,88.0,61.0,42.0
1784619742.947264,353.896,1980,3201,88.0,61.0,42.0
1784619742.957269,353.896,1980,3201,88.0,61.0,42.0
1784619742.967268,353.896,1980,3201,88.0,61.0,42.0
1784619742.977267,353.896,1980,3201,88.0,61.0,42.0
1784619742.987267,353.896,1980,3201,88.0,61.0,42.0
1784619742.997261,353.896,1980,3201,88.0,61.0,42.0
1784619743.007267,353.388,1980,3201,88.0,61.0,42.0
1784619743.017269,353.388,1980,3201,88.0,61.0,42.0
1784619743.027266,353.388,1980,3201,88.0,61.0,42.0
1784619743.037267,353.388,1980,3201,88.0,61.0,42.0
1784619743.047266,353.388,1980,3201,88.0,61.0,42.0
1784619743.057267,353.388,1980,3201,88.0,61.0,42.0
1784619743.067266,353.388,1980,3201,88.0,61.0,42.0
1784619743.077266,353.388,1980,3201,88.0,61.0,42.0
1784619743.087268,353.388,1980,3201,88.0,61.0,42.0
1784619743.097266,353.388,1980,3201,88.0,61.0,42.0
1784619743.107266,352.603,1980,3201,88.0,61.0,42.0
1784619743.117266,352.603,1980,3201,88.0,61.0,42.0
1784619743.127266,352.603,1980,3201,88.0,61.0,42.0
1784619743.137266,352.603,1980,3201,88.0,61.0,42.0
1784619743.147269,352.603,1980,3201,88.0,61.0,42.0
1784619743.157297,352.603,1980,3201,88.0,61.0,42.0
1784619743.167266,352.603,1980,3201,88.0,61.0,42.0
1784619743.177267,352.603,1980,3201,88.0,61.0,42.0
1784619743.187267,352.603,1980,3201,88.0,61.0,42.0
1784619743.197455,352.603,1980,3201,88.0,61.0,42.0
1784619743.207267,352.968,1980,3201,88.0,61.0,42.0
1784619743.217267,352.968,1980,3201,88.0,61.0,42.0
1784619743.227267,352.968,1980,3201,88.0,61.0,42.0
1784619743.237267,352.968,1980,3201,88.0,61.0,42.0
1784619743.247455,352.968,1980,3201,88.0,61.0,42.0
1784619743.257267,352.968,1980,3201,88.0,61.0,42.0
1784619743.267272,352.968,1980,3201,88.0,61.0,42.0
1784619743.277267,352.968,1980,3201,88.0,61.0,42.0
1784619743.287267,352.968,1980,3201,88.0,61.0,42.0
1784619743.297418,352.968,1980,3201,88.0,61.0,42.0
1784619743.307267,353.095,1980,3201,88.0,61.0,42.0
1784619743.317267,353.095,1980,3201,88.0,61.0,42.0
1784619743.327266,353.095,1980,3201,88.0,60.0,42.0
1784619743.337266,353.095,1980,3201,88.0,60.0,42.0
1784619743.347522,353.095,1980,3201,88.0,60.0,42.0
1784619743.357266,353.095,1980,3201,88.0,60.0,42.0
1784619743.367287,353.095,1980,3201,88.0,60.0,42.0
1784619743.377267,353.095,1980,3201,88.0,60.0,42.0
1784619743.387267,353.095,1980,3201,88.0,60.0,42.0
1784619743.397267,353.095,1980,3201,88.0,60.0,42.0
1784619743.407267,353.556,1980,3201,88.0,60.0,42.0
1784619743.417267,353.556,1980,3201,88.0,60.0,42.0
1784619743.427267,353.556,1980,3201,88.0,60.0,42.0
1784619743.437267,353.556,1980,3201,88.0,60.0,42.0
1784619743.447301,353.556,1980,3201,88.0,60.0,42.0
1784619743.457335,353.556,1980,3201,88.0,60.0,42.0
1784619743.467280,353.556,1980,3201,88.0,60.0,42.0
1784619743.477354,353.556,1980,3201,88.0,60.0,42.0
1784619743.487317,353.556,1980,3201,88.0,60.0,42.0
1784619743.497266,353.556,1980,3201,88.0,60.0,42.0
1784619743.507275,352.701,1980,3201,88.0,60.0,42.0
1784619743.517267,352.701,1980,3201,88.0,60.0,42.0
1784619743.527266,352.701,1980,3201,87.0,60.0,42.0
1784619743.537267,352.701,1980,3201,87.0,60.0,42.0
1784619743.547267,352.701,1980,3201,87.0,60.0,43.0
1784619743.557267,352.701,1980,3201,87.0,60.0,43.0
1784619743.567269,352.701,1980,3201,87.0,60.0,43.0
1784619743.577267,352.701,1980,3201,87.0,60.0,43.0
1784619743.587267,352.701,1980,3201,87.0,60.0,43.0
1784619743.597272,352.701,1980,3201,87.0,60.0,43.0
1784619743.607267,352.962,1980,3201,87.0,60.0,43.0
1784619743.617266,352.962,1980,3201,87.0,60.0,43.0
1784619743.627267,352.962,1980,3201,87.0,60.0,43.0
1784619743.637268,352.962,1980,3201,87.0,60.0,43.0
1784619743.647267,352.962,1980,3201,87.0,60.0,42.0
1784619743.657269,352.962,1980,3201,87.0,60.0,42.0
1784619743.667271,352.962,1980,3201,87.0,60.0,42.0
1784619743.677266,352.962,1980,3201,87.0,60.0,42.0
1784619743.687267,352.962,1980,3201,87.0,60.0,42.0
1784619743.697267,352.962,1980,3201,87.0,60.0,42.0
1784619743.707267,353.226,1980,3201,87.0,60.0,42.0
1784619743.717266,353.226,1980,3201,87.0,60.0,42.0
1784619743.727266,353.226,1980,3201,88.0,61.0,42.0
1784619743.737267,353.226,1980,3201,88.0,61.0,42.0
1784619743.747267,353.226,1980,3201,88.0,61.0,42.0
1784619743.757267,353.226,1980,3201,88.0,61.0,42.0
1784619743.767272,353.226,1980,3201,88.0,61.0,42.0
1784619743.777267,353.226,1980,3201,88.0,61.0,42.0
1784619743.787266,353.226,1980,3201,88.0,61.0,42.0
1784619743.797267,353.226,1980,3201,88.0,61.0,42.0
1784619743.807268,353.728,1980,3201,88.0,61.0,42.0
1784619743.817272,353.728,1980,3201,88.0,61.0,42.0
1784619743.827267,353.728,1980,3201,88.0,61.0,42.0
1784619743.837270,353.728,1980,3201,88.0,61.0,42.0
1784619743.847267,353.728,1980,3201,88.0,61.0,42.0
1784619743.857266,353.728,1980,3201,88.0,61.0,42.0
1784619743.867267,353.728,1980,3201,88.0,61.0,42.0
1784619743.877267,353.728,1980,3201,88.0,61.0,42.0
1784619743.887362,353.728,1980,3201,88.0,61.0,42.0
1784619743.897268,353.728,1980,3201,88.0,61.0,42.0
1784619743.907267,353.544,1980,3201,88.0,61.0,42.0
1784619743.917267,353.544,1980,3201,88.0,61.0,42.0
1784619743.927268,353.544,1980,3201,88.0,61.0,42.0
1784619743.937259,353.544,1980,3201,88.0,61.0,42.0
1784619743.947268,353.544,1980,3201,88.0,61.0,42.0
1784619743.957321,353.544,1980,3201,88.0,61.0,42.0
1784619743.967267,353.544,1980,3201,88.0,61.0,42.0
1784619743.977278,353.544,1980,3201,88.0,61.0,42.0
1784619743.987465,353.544,1980,3201,88.0,61.0,42.0
1784619743.997259,353.544,1980,3201,88.0,61.0,42.0
1784619744.007259,353.238,1980,3201,88.0,61.0,42.0
1784619744.017262,353.238,1980,3201,88.0,61.0,42.0
1784619744.027258,353.238,1980,3201,88.0,61.0,42.0
1784619744.037437,353.238,1980,3201,88.0,61.0,42.0
1784619744.047259,353.238,1980,3201,88.0,61.0,42.0
1784619744.057258,353.238,1980,3201,88.0,61.0,42.0
1784619744.067259,353.238,1980,3201,88.0,61.0,42.0
1784619744.077259,353.238,1980,3201,88.0,61.0,42.0
1784619744.087258,353.238,1980,3201,88.0,61.0,42.0
1784619744.097259,353.238,1980,3201,88.0,61.0,42.0
1784619744.107259,353.252,1980,3201,88.0,61.0,42.0
1784619744.117255,353.252,1980,3201,88.0,61.0,42.0
1784619744.127255,353.252,1980,3201,88.0,61.0,42.0
1784619744.137256,353.252,1980,3201,88.0,61.0,42.0
1784619744.147255,353.252,1980,3201,88.0,61.0,42.0
1784619744.157255,353.252,1980,3201,88.0,61.0,42.0
1784619744.167281,353.252,1980,3201,88.0,61.0,42.0
1784619744.177268,353.252,1980,3201,88.0,61.0,42.0
1784619744.187248,353.252,1980,3201,88.0,61.0,42.0
1784619744.197267,353.252,1980,3201,88.0,61.0,42.0
1784619744.207267,353.516,1980,3201,88.0,61.0,42.0
1784619744.217259,353.516,1980,3201,88.0,61.0,42.0
1784619744.227266,353.516,1980,3201,88.0,61.0,42.0
1784619744.237252,353.516,1980,3201,88.0,61.0,42.0
1784619744.247266,353.516,1980,3201,88.0,61.0,42.0
1784619744.257267,353.516,1980,3201,88.0,61.0,42.0
1784619744.267461,353.516,1980,3201,88.0,61.0,42.0
1784619744.277268,353.516,1980,3201,88.0,61.0,42.0
1784619744.287264,353.516,1980,3201,88.0,61.0,42.0
1784619744.297266,353.516,1980,3201,88.0,61.0,42.0
1784619744.307266,353.312,1980,3201,88.0,61.0,42.0
1784619744.317308,353.312,1980,3201,88.0,61.0,42.0
1784619744.327269,353.312,1980,3201,87.0,61.0,42.0
1784619744.337264,353.312,1980,3201,87.0,61.0,42.0
1784619744.347268,353.312,1980,3201,87.0,61.0,42.0
1784619744.357267,353.312,1980,3201,87.0,61.0,42.0
1784619744.367258,353.312,1980,3201,87.0,61.0,42.0
1784619744.377267,353.312,1980,3201,87.0,61.0,42.0
1784619744.387260,353.312,1980,3201,87.0,61.0,42.0
1784619744.397267,353.312,1980,3201,87.0,61.0,42.0
1784619744.407267,352.860,1980,3201,87.0,61.0,42.0
1784619744.417268,352.860,1980,3201,87.0,61.0,42.0
1784619744.427267,352.860,1980,3201,87.0,61.0,42.0
1784619744.437260,352.860,1980,3201,87.0,61.0,42.0
1784619744.447267,352.860,1980,3201,87.0,61.0,42.0
1784619744.457268,352.860,1980,3201,87.0,61.0,42.0
1784619744.467267,352.860,1980,3201,87.0,61.0,42.0
1784619744.477267,352.860,1980,3201,87.0,61.0,42.0
1784619744.487259,352.860,1980,3201,87.0,61.0,42.0
1784619744.497267,352.860,1980,3201,87.0,61.0,42.0
1784619744.507267,354.091,1980,3201,87.0,61.0,42.0
1784619744.517267,354.091,1980,3201,87.0,61.0,42.0
1784619744.527267,354.091,1980,3201,87.0,60.0,42.0
1784619744.537258,354.091,1980,3201,87.0,60.0,42.0
1784619744.547267,354.091,1980,3201,87.0,60.0,42.0
1784619744.557267,354.091,1980,3201,87.0,60.0,42.0
1784619744.567267,354.091,1980,3201,87.0,60.0,42.0
1784619744.577266,354.091,1980,3201,87.0,60.0,42.0
1784619744.587258,354.091,1980,3201,87.0,60.0,42.0
1784619744.597274,354.091,1980,3201,87.0,60.0,42.0
1784619744.607268,353.535,1980,3201,87.0,60.0,42.0
1784619744.617267,353.535,1980,3201,87.0,60.0,42.0
1784619744.627267,353.535,1980,3201,87.0,60.0,42.0
1784619744.637258,353.535,1980,3201,87.0,60.0,42.0
1784619744.647267,353.535,1980,3201,87.0,60.0,42.0
1784619744.657267,353.535,1980,3201,87.0,60.0,42.0
1784619744.667275,353.535,1980,3201,87.0,60.0,42.0
1784619744.677267,353.535,1980,3201,87.0,60.0,42.0
1784619744.687271,353.535,1980,3201,87.0,60.0,42.0
1784619744.697271,353.535,1980,3201,87.0,60.0,42.0
1784619744.707269,353.390,1980,3201,87.0,60.0,42.0
1784619744.717267,353.390,1980,3201,87.0,60.0,42.0
1784619744.727267,353.390,1980,3201,88.0,60.0,42.0
1784619744.737443,353.390,1980,3201,88.0,60.0,42.0
1784619744.747276,353.390,1980,3201,88.0,60.0,42.0
1784619744.757263,353.390,1980,3201,88.0,60.0,42.0
1784619744.767267,353.390,1980,3201,88.0,60.0,42.0
1784619744.777319,353.390,1980,3201,88.0,60.0,42.0
1784619744.787259,353.390,1980,3201,88.0,60.0,42.0
1784619744.797268,353.390,1980,3201,88.0,60.0,42.0
1784619744.807262,353.390,1980,3201,88.0,60.0,42.0
1784619744.817277,353.157,1980,3201,88.0,60.0,42.0
1784619744.827269,353.157,1980,3201,88.0,60.0,42.0
1784619744.837265,353.157,1980,3201,88.0,60.0,42.0
1784619744.847259,353.157,1980,3201,88.0,60.0,42.0
1784619744.857269,353.157,1980,3201,88.0,60.0,42.0
1784619744.867252,353.157,1980,3201,88.0,60.0,42.0
1784619744.877266,353.157,1980,3201,88.0,60.0,42.0
1784619744.887259,353.157,1980,3201,88.0,60.0,42.0
1784619744.897266,353.157,1980,3201,88.0,60.0,42.0
1784619744.907267,353.157,1980,3201,88.0,60.0,42.0
1784619744.917266,353.443,1980,3201,88.0,60.0,42.0
1784619744.927266,353.443,1980,3201,88.0,60.0,42.0
1784619744.937260,353.443,1980,3201,88.0,60.0,42.0
1784619744.947267,353.443,1980,3201,88.0,60.0,42.0
1784619744.957266,353.443,1980,3201,88.0,60.0,42.0
1784619744.967267,353.443,1980,3201,88.0,60.0,42.0
1784619744.977267,353.443,1980,3201,88.0,60.0,42.0
1784619744.987261,353.443,1980,3201,88.0,60.0,42.0
1784619744.997267,353.443,1980,3201,88.0,60.0,42.0
1784619745.007269,353.443,1980,3201,88.0,60.0,42.0
1784619745.017267,353.753,1980,3201,88.0,60.0,42.0
1784619745.027267,353.753,1980,3201,88.0,60.0,42.0
1784619745.037267,353.753,1980,3201,88.0,60.0,42.0
1784619745.047268,353.753,1980,3201,88.0,60.0,42.0
1784619745.057255,353.753,1980,3201,88.0,60.0,42.0
1784619745.067266,353.753,1980,3201,88.0,60.0,42.0
1784619745.077277,353.753,1980,3201,88.0,60.0,42.0
1784619745.087252,353.753,1980,3201,88.0,60.0,42.0
1784619745.097266,353.753,1980,3201,88.0,60.0,42.0
1784619745.107516,352.068,1980,3201,88.0,60.0,42.0
1784619745.117305,352.068,1980,3201,88.0,60.0,42.0
1784619745.127268,352.068,1980,3201,88.0,60.0,42.0
1784619745.137266,352.068,1980,3201,88.0,60.0,42.0
1784619745.147269,352.068,1980,3201,88.0,60.0,42.0
1784619745.157268,352.068,1980,3201,88.0,60.0,42.0
1784619745.167268,352.068,1980,3201,88.0,60.0,42.0
1784619745.177263,352.068,1980,3201,88.0,60.0,42.0
1784619745.187259,352.068,1980,3201,88.0,60.0,42.0
1784619745.197265,352.068,1980,3201,88.0,60.0,42.0
1784619745.207264,352.068,1980,3201,88.0,60.0,42.0
1784619745.217264,351.589,1980,3201,88.0,60.0,42.0
1784619745.227264,351.589,1980,3201,88.0,60.0,42.0
1784619745.237262,351.589,1980,3201,88.0,60.0,42.0
1784619745.247263,351.589,1980,3201,88.0,60.0,42.0
1784619745.257271,351.589,1980,3201,88.0,60.0,42.0
1784619745.267256,351.589,1980,3201,88.0,60.0,42.0
1784619745.277265,351.589,1980,3201,88.0,60.0,42.0
1784619745.287267,351.589,1980,3201,88.0,60.0,42.0
1784619745.297259,351.589,1980,3201,88.0,60.0,42.0
1784619745.307263,351.589,1980,3201,88.0,60.0,42.0
1784619745.317266,352.650,1980,3201,88.0,60.0,42.0
1784619745.327271,352.650,1980,3201,88.0,60.0,42.0
1784619745.337267,352.650,1980,3201,87.0,61.0,42.0
1784619745.347267,352.650,1980,3201,87.0,61.0,42.0
1784619745.357273,352.650,1980,3201,87.0,61.0,42.0
1784619745.367359,352.650,1980,3201,87.0,61.0,42.0
1784619745.377264,352.650,1980,3201,87.0,61.0,42.0
1784619745.387258,352.650,1980,3201,87.0,61.0,42.0
1784619745.397258,352.650,1980,3201,87.0,61.0,42.0
1784619745.407262,352.650,1980,3201,87.0,61.0,42.0
1784619745.417256,352.831,1980,3201,87.0,61.0,42.0
1784619745.427258,352.831,1980,3201,87.0,61.0,42.0
1784619745.437258,352.831,1980,3201,87.0,61.0,42.0
1784619745.447259,352.831,1980,3201,87.0,61.0,42.0
1784619745.457258,352.831,1980,3201,87.0,61.0,42.0
1784619745.467258,352.831,1980,3201,87.0,61.0,42.0
1784619745.477444,352.831,1980,3201,87.0,61.0,42.0
1784619745.487258,352.831,1980,3201,87.0,61.0,42.0
1784619745.497259,352.831,1980,3201,87.0,61.0,42.0
1784619745.507259,352.831,1980,3201,87.0,61.0,42.0
1784619745.517258,352.945,1980,3201,87.0,61.0,42.0
1784619745.527259,352.945,1980,3201,87.0,61.0,42.0
1784619745.537258,352.945,1980,3201,87.0,61.0,42.0
1784619745.547258,352.945,1980,3201,87.0,61.0,42.0
1784619745.557258,352.945,1980,3201,87.0,61.0,42.0
1784619745.567375,352.945,1980,3201,87.0,61.0,42.0
1784619745.577260,352.945,1980,3201,87.0,61.0,42.0
1784619745.587269,352.945,1980,3201,87.0,61.0,42.0
1784619745.597270,352.945,1980,3201,87.0,61.0,42.0
1784619745.607369,352.945,1980,3201,87.0,61.0,42.0
1784619745.617270,353.404,1980,3201,87.0,61.0,42.0
1784619745.627267,353.404,1980,3201,87.0,61.0,42.0
1784619745.637319,353.404,1980,3201,87.0,61.0,42.0
1784619745.647266,353.404,1980,3201,87.0,61.0,42.0
1784619745.657334,353.404,1980,3201,87.0,61.0,42.0
1784619745.667266,353.404,1980,3201,87.0,61.0,42.0
1784619745.677266,353.404,1980,3201,87.0,61.0,42.0
1784619745.687268,353.404,1980,3201,87.0,61.0,42.0
1784619745.697266,353.404,1980,3201,87.0,61.0,42.0
1784619745.707267,353.404,1980,3201,87.0,61.0,42.0
1784619745.717266,353.631,1980,3201,87.0,61.0,42.0
1784619745.727268,353.631,1980,3201,87.0,61.0,42.0
1784619745.737273,353.631,1980,3201,88.0,61.0,42.0
1784619745.747269,353.631,1980,3201,88.0,61.0,42.0
1784619745.757271,353.631,1980,3201,88.0,61.0,42.0
1784619745.767267,353.631,1980,3201,88.0,61.0,42.0
1784619745.777267,353.631,1980,3201,88.0,61.0,42.0
1784619745.787341,353.631,1980,3201,88.0,61.0,42.0
1784619745.797267,353.631,1980,3201,88.0,61.0,42.0
1784619745.807268,353.631,1980,3201,88.0,61.0,42.0
1784619745.817266,354.168,1980,3201,88.0,61.0,42.0
1784619745.827270,354.168,1980,3201,88.0,61.0,42.0
1784619745.837482,354.168,1980,3201,88.0,61.0,42.0
1784619745.847259,354.168,1980,3201,88.0,61.0,42.0
1784619745.857269,354.168,1980,3201,88.0,61.0,42.0
1784619745.867268,354.168,1980,3201,88.0,61.0,42.0
1784619745.877267,354.168,1980,3201,88.0,61.0,42.0
1784619745.887289,354.168,1980,3201,88.0,61.0,42.0
1784619745.897267,354.168,1980,3201,88.0,61.0,42.0
1784619745.907254,354.168,1980,3201,88.0,61.0,42.0
1784619745.917266,354.173,1980,3201,88.0,61.0,42.0
1784619745.927266,354.173,1980,3201,88.0,61.0,42.0
1784619745.937368,354.173,1980,3201,88.0,61.0,42.0
1784619745.947268,354.173,1980,3201,88.0,61.0,42.0
1784619745.957268,354.173,1980,3201,88.0,61.0,42.0
1784619745.967269,354.173,1980,3201,88.0,61.0,42.0
1784619745.977304,354.173,1980,3201,88.0,61.0,42.0
1784619745.987260,354.173,1980,3201,88.0,61.0,42.0
1784619745.997271,354.173,1980,3201,88.0,61.0,42.0
1784619746.007266,354.173,1980,3201,88.0,61.0,42.0
1784619746.017269,353.952,1980,3201,88.0,61.0,42.0
1784619746.027266,353.952,1980,3201,88.0,61.0,42.0
1784619746.037261,353.952,1980,3201,88.0,61.0,42.0
1784619746.047266,353.952,1980,3201,88.0,61.0,42.0
1784619746.057316,353.952,1980,3201,88.0,61.0,42.0
1784619746.067267,353.952,1980,3201,88.0,61.0,42.0
1784619746.077324,353.952,1980,3201,88.0,61.0,42.0
1784619746.087259,353.952,1980,3201,88.0,61.0,42.0
1784619746.097266,353.952,1980,3201,88.0,61.0,42.0
1784619746.107267,353.952,1980,3201,88.0,61.0,42.0
1784619746.117342,355.674,1980,3201,88.0,61.0,42.0
1784619746.127267,355.674,1980,3201,88.0,61.0,42.0
1784619746.137270,355.674,1980,3201,88.0,61.0,42.0
1784619746.147267,355.674,1980,3201,88.0,61.0,42.0
1784619746.157348,355.674,1980,3201,88.0,61.0,42.0
1784619746.167270,355.674,1980,3201,88.0,61.0,42.0
1784619746.177295,355.674,1980,3201,88.0,61.0,42.0
1784619746.187267,355.674,1980,3201,88.0,61.0,42.0
1784619746.197267,355.674,1980,3201,88.0,61.0,42.0
1784619746.207267,355.674,1980,3201,88.0,61.0,42.0
1784619746.217272,355.671,1980,3201,88.0,61.0,42.0
1784619746.227268,355.671,1980,3201,88.0,61.0,42.0
1784619746.237266,355.671,1980,3201,88.0,61.0,42.0
1784619746.247267,355.671,1980,3201,88.0,61.0,42.0
1784619746.257267,355.671,1980,3201,88.0,61.0,42.0
1784619746.267269,355.671,1980,3201,88.0,61.0,42.0
1784619746.277267,355.671,1980,3201,88.0,61.0,42.0
1784619746.287267,355.671,1980,3201,88.0,61.0,42.0
1784619746.297266,355.671,1980,3201,88.0,61.0,42.0
1784619746.307267,355.671,1980,3201,88.0,61.0,42.0
1784619746.317266,355.750,1980,3201,88.0,61.0,42.0
1784619746.327267,355.750,1980,3201,88.0,61.0,42.0
1784619746.337267,355.750,1980,3201,87.0,61.0,42.0
1784619746.347267,355.750,1980,3201,87.0,61.0,42.0
1784619746.357269,355.750,1980,3201,87.0,61.0,42.0
1784619746.367266,355.750,1980,3201,87.0,61.0,42.0
1784619746.377298,355.750,1980,3201,87.0,61.0,42.0
1784619746.387267,355.750,1980,3201,87.0,61.0,42.0
1784619746.397266,355.750,1980,3201,87.0,61.0,42.0
1784619746.407267,355.750,1980,3201,87.0,61.0,42.0
1784619746.417267,356.333,1980,3201,87.0,61.0,42.0
1784619746.427268,356.333,1980,3201,87.0,61.0,42.0
1784619746.437266,356.333,1980,3201,87.0,61.0,42.0
1784619746.447286,356.333,1980,3201,87.0,61.0,42.0
1784619746.457267,356.333,1980,3201,87.0,61.0,42.0
1784619746.467266,356.333,1980,3201,87.0,61.0,42.0
1784619746.477268,356.333,1980,3201,87.0,61.0,42.0
1784619746.487267,356.333,1980,3201,87.0,61.0,42.0
1784619746.497468,356.333,1980,3201,87.0,61.0,42.0
1784619746.507267,356.333,1980,3201,87.0,61.0,42.0
1784619746.517257,356.400,1980,3201,87.0,61.0,42.0
1784619746.527269,356.400,1980,3201,87.0,61.0,42.0
1784619746.537266,356.400,1980,3201,88.0,61.0,42.0
1784619746.547267,356.400,1980,3201,88.0,61.0,42.0
1784619746.557267,356.400,1980,3201,88.0,61.0,42.0
1784619746.567266,356.400,1980,3201,88.0,61.0,42.0
1784619746.577269,356.400,1980,3201,88.0,61.0,42.0
1784619746.587266,356.400,1980,3201,88.0,61.0,42.0
1784619746.597268,356.400,1980,3201,88.0,61.0,42.0
1784619746.607267,356.400,1980,3201,88.0,61.0,42.0
1784619746.617257,356.895,1980,3201,88.0,61.0,42.0
1784619746.627267,356.895,1980,3201,88.0,61.0,42.0
1784619746.637267,356.895,1980,3201,88.0,61.0,42.0
1784619746.647278,356.895,1980,3201,88.0,61.0,42.0
1784619746.657267,356.895,1980,3201,88.0,61.0,42.0
1784619746.667266,356.895,1980,3201,88.0,61.0,42.0
1784619746.677267,356.895,1980,3201,88.0,61.0,42.0
1784619746.687267,356.895,1980,3201,88.0,61.0,42.0
1784619746.697267,356.895,1980,3201,88.0,61.0,42.0
1784619746.707273,356.895,1980,3201,88.0,61.0,42.0
1784619746.717258,354.889,1980,3201,88.0,61.0,42.0
1784619746.727267,354.889,1980,3201,88.0,61.0,42.0
1784619746.737267,354.889,1980,3201,88.0,61.0,42.0
1784619746.747266,354.889,1980,3201,88.0,61.0,42.0
1784619746.757517,354.889,1980,3201,88.0,61.0,42.0
1784619746.767258,354.889,1980,3201,88.0,61.0,42.0
1784619746.777258,354.889,1980,3201,88.0,61.0,42.0
1784619746.787258,354.889,1980,3201,88.0,61.0,42.0
1784619746.797259,354.889,1980,3201,88.0,61.0,42.0
1784619746.807258,354.889,1980,3201,88.0,61.0,42.0
1784619746.817257,354.357,1980,3201,88.0,61.0,42.0
1784619746.827259,354.357,1980,3201,88.0,61.0,42.0
1784619746.837258,354.357,1980,3201,88.0,61.0,42.0
1784619746.847258,354.357,1980,3201,88.0,61.0,42.0
1784619746.857261,354.357,1980,3201,88.0,61.0,42.0
1784619746.867258,354.357,1980,3201,88.0,61.0,42.0
1784619746.877259,354.357,1980,3201,88.0,61.0,42.0
1784619746.887259,354.357,1980,3201,88.0,61.0,42.0
1784619746.897260,354.357,1980,3201,88.0,61.0,42.0
1784619746.907320,354.357,1980,3201,88.0,61.0,42.0
1784619746.917258,353.847,1980,3201,88.0,61.0,42.0
1784619746.927258,353.847,1980,3201,88.0,61.0,42.0
1784619746.937252,353.847,1980,3201,88.0,61.0,42.0
1784619746.947258,353.847,1980,3201,88.0,61.0,42.0
1784619746.957251,353.847,1980,3201,88.0,61.0,42.0
1784619746.967257,353.847,1980,3201,88.0,61.0,42.0
1784619746.977258,353.847,1980,3201,88.0,61.0,42.0
1784619746.987250,353.847,1980,3201,88.0,61.0,42.0
1784619746.997257,353.847,1980,3201,88.0,61.0,42.0
1784619747.007259,353.847,1980,3201,88.0,61.0,42.0
1784619747.017230,354.048,1980,3201,88.0,61.0,42.0
1784619747.027267,354.048,1980,3201,88.0,61.0,42.0
1784619747.037270,354.048,1980,3201,88.0,61.0,42.0
1784619747.047270,354.048,1980,3201,88.0,61.0,42.0
1784619747.057269,354.048,1980,3201,88.0,61.0,42.0
1784619747.067418,354.048,1980,3201,88.0,61.0,42.0
1784619747.077268,354.048,1980,3201,88.0,61.0,42.0
1784619747.087267,354.048,1980,3201,88.0,61.0,42.0
1784619747.097267,354.048,1980,3201,88.0,61.0,42.0
1784619747.107266,354.048,1980,3201,88.0,61.0,42.0
1784619747.117259,354.004,1980,3201,88.0,61.0,42.0
1784619747.127267,354.004,1980,3201,88.0,61.0,42.0
1784619747.137266,354.004,1980,3201,87.0,61.0,42.0
1784619747.147357,354.004,1980,3201,87.0,61.0,42.0
1784619747.157267,354.004,1980,3201,87.0,61.0,42.0
1784619747.167267,354.004,1980,3201,87.0,61.0,42.0
1784619747.177266,354.004,1980,3201,87.0,61.0,42.0
1784619747.187268,354.004,1980,3201,87.0,61.0,42.0
1784619747.197447,354.004,1980,3201,87.0,61.0,42.0
1784619747.207271,354.004,1980,3201,87.0,61.0,42.0
1784619747.217262,354.109,1980,3201,87.0,61.0,42.0
1784619747.227268,354.109,1980,3201,87.0,61.0,42.0
1784619747.237267,354.109,1980,3201,87.0,61.0,42.0
1784619747.247267,354.109,1980,3201,87.0,61.0,42.0
1784619747.257270,354.109,1980,3201,87.0,61.0,42.0
1784619747.267267,354.109,1980,3201,87.0,61.0,42.0
1784619747.277269,354.109,1980,3201,87.0,61.0,42.0
1784619747.287268,354.109,1980,3201,87.0,61.0,42.0
1784619747.297266,354.109,1980,3201,87.0,61.0,42.0
1784619747.307267,354.109,1980,3201,87.0,61.0,42.0
1784619747.317258,353.782,1980,3201,87.0,61.0,42.0
1784619747.327268,353.782,1980,3201,87.0,61.0,42.0
1784619747.337267,353.782,1980,3201,88.0,61.0,42.0
1784619747.347268,353.782,1980,3201,88.0,61.0,42.0
1784619747.357267,353.782,1980,3201,88.0,61.0,42.0
1784619747.367266,353.782,1980,3201,88.0,61.0,42.0
1784619747.377268,353.782,1980,3201,88.0,61.0,42.0
1784619747.387266,353.782,1980,3201,88.0,61.0,42.0
1784619747.397256,353.782,1980,3201,88.0,61.0,42.0
1784619747.407291,353.782,1980,3201,88.0,61.0,42.0
1784619747.417257,353.349,1980,3201,88.0,61.0,42.0
1784619747.427269,353.349,1980,3201,88.0,61.0,42.0
1784619747.437266,353.349,1980,3201,88.0,61.0,42.0
1784619747.447450,353.349,1980,3201,88.0,61.0,42.0
1784619747.457266,353.349,1980,3201,88.0,61.0,42.0
1784619747.467317,353.349,1980,3201,88.0,61.0,42.0
1784619747.477267,353.349,1980,3201,88.0,61.0,42.0
1784619747.487294,353.349,1980,3201,88.0,61.0,42.0
1784619747.497258,353.349,1980,3201,88.0,61.0,42.0
1784619747.507293,353.349,1980,3201,88.0,61.0,42.0
1784619747.517256,352.691,1980,3201,88.0,61.0,42.0
1784619747.527266,352.691,1980,3201,88.0,61.0,42.0
1784619747.537267,352.691,1980,3201,88.0,61.0,42.0
1784619747.547258,352.691,1980,3201,88.0,61.0,42.0
1784619747.557267,352.691,1980,3201,88.0,61.0,42.0
1784619747.567267,352.691,1980,3201,88.0,61.0,42.0
1784619747.577266,352.691,1980,3201,88.0,61.0,42.0
1784619747.587266,352.691,1980,3201,88.0,61.0,42.0
1784619747.597258,352.691,1980,3201,88.0,61.0,42.0
1784619747.607266,352.691,1980,3201,88.0,61.0,42.0
1784619747.617258,352.523,1980,3201,88.0,61.0,42.0
1784619747.627267,352.523,1980,3201,88.0,61.0,42.0
1784619747.637266,352.523,1980,3201,88.0,61.0,42.0
1784619747.647259,352.523,1980,3201,88.0,61.0,42.0
1784619747.657315,352.523,1980,3201,88.0,61.0,42.0
1784619747.667268,352.523,1980,3201,88.0,61.0,42.0
1784619747.677264,352.523,1980,3201,88.0,61.0,42.0
1784619747.687265,352.523,1980,3201,88.0,61.0,42.0
1784619747.697266,352.523,1980,3201,88.0,61.0,42.0
1784619747.707267,352.523,1980,3201,88.0,61.0,42.0
1784619747.717258,354.161,1980,3201,88.0,61.0,42.0
1784619747.727513,354.161,1980,3201,88.0,61.0,42.0
1784619747.737267,354.161,1980,3201,88.0,61.0,42.0
1784619747.747268,354.161,1980,3201,88.0,61.0,42.0
1784619747.757267,354.161,1980,3201,88.0,61.0,42.0
1784619747.767286,354.161,1980,3201,88.0,61.0,42.0
1784619747.777271,354.161,1980,3201,88.0,61.0,42.0
1784619747.787268,354.161,1980,3201,88.0,61.0,42.0
1784619747.797350,354.161,1980,3201,88.0,61.0,42.0
1784619747.807266,354.161,1980,3201,88.0,61.0,42.0
1784619747.817266,354.283,1980,3201,88.0,61.0,42.0
1784619747.827534,354.283,1980,3201,88.0,61.0,42.0
1784619747.837305,354.283,1980,3201,88.0,61.0,42.0
1784619747.847262,354.283,1980,3201,88.0,61.0,42.0
1784619747.857267,354.283,1980,3201,88.0,61.0,42.0
1784619747.867267,354.283,1980,3201,88.0,61.0,42.0
1784619747.877257,354.283,1980,3201,88.0,61.0,42.0
1784619747.887265,354.283,1980,3201,88.0,61.0,42.0
1784619747.897269,354.283,1980,3201,88.0,61.0,42.0
1784619747.907267,354.283,1980,3201,88.0,61.0,42.0
1784619747.917267,355.080,1980,3201,88.0,61.0,42.0
1784619747.927260,355.080,1980,3201,88.0,61.0,42.0
1784619747.937266,355.080,1980,3201,88.0,61.0,42.0
1784619747.947291,355.080,1980,3201,88.0,61.0,42.0
1784619747.957261,355.080,1980,3201,88.0,61.0,42.0
1784619747.967267,355.080,1980,3201,88.0,61.0,42.0
1784619747.977267,355.080,1980,3201,88.0,61.0,42.0
1784619747.987267,355.080,1980,3201,88.0,61.0,42.0
1784619747.997267,355.080,1980,3201,88.0,61.0,42.0
1784619748.007257,355.080,1980,3201,88.0,61.0,42.0
1784619748.017266,354.696,1980,3201,88.0,61.0,42.0
1784619748.027276,354.696,1980,3201,88.0,61.0,42.0
1784619748.037267,354.696,1980,3201,88.0,61.0,42.0
1784619748.047267,354.696,1980,3201,88.0,61.0,42.0
1784619748.057257,354.696,1980,3201,88.0,61.0,42.0
1784619748.067266,354.696,1980,3201,88.0,61.0,42.0
1784619748.077267,354.696,1980,3201,88.0,61.0,42.0
1784619748.087268,354.696,1980,3201,88.0,61.0,42.0
1784619748.097267,354.696,1980,3201,88.0,61.0,42.0
1784619748.107261,354.696,1980,3201,88.0,61.0,42.0
1784619748.117270,354.670,1980,3201,88.0,61.0,42.0
1784619748.127267,354.670,1980,3201,88.0,61.0,42.0
1784619748.137268,354.670,1980,3201,88.0,61.0,42.0
1784619748.147251,354.670,1980,3201,88.0,61.0,42.0
1784619748.157266,354.670,1980,3201,88.0,61.0,42.0
1784619748.167266,354.670,1980,3201,88.0,61.0,42.0
1784619748.177253,354.670,1980,3201,88.0,61.0,42.0
1784619748.187268,354.670,1980,3201,88.0,61.0,42.0
1784619748.197259,354.670,1980,3201,88.0,61.0,42.0
1784619748.207258,354.670,1980,3201,88.0,61.0,42.0
1784619748.217342,354.723,1980,3201,88.0,61.0,42.0
1784619748.227253,354.723,1980,3201,88.0,61.0,42.0
1784619748.237262,354.723,1980,3201,88.0,61.0,42.0
1784619748.247264,354.723,1980,3201,88.0,61.0,42.0
1784619748.257263,354.723,1980,3201,88.0,61.0,42.0
1784619748.267263,354.723,1980,3201,88.0,61.0,42.0
1784619748.277263,354.723,1980,3201,88.0,61.0,42.0
1784619748.287259,354.723,1980,3201,88.0,61.0,42.0
1784619748.297258,354.723,1980,3201,88.0,61.0,42.0
1784619748.307252,354.723,1980,3201,88.0,61.0,42.0
1784619748.317270,353.158,1980,3201,88.0,61.0,42.0
1784619748.327266,353.158,1980,3201,88.0,61.0,42.0
1784619748.337253,353.158,1980,3201,88.0,60.0,42.0
1784619748.347257,353.158,1980,3201,88.0,60.0,42.0
1784619748.357251,353.158,1980,3201,88.0,60.0,42.0
1784619748.367257,353.158,1980,3201,88.0,60.0,42.0
1784619748.377258,353.158,1980,3201,88.0,60.0,42.0
1784619748.387250,353.158,1980,3201,88.0,60.0,42.0
1784619748.397256,353.158,1980,3201,88.0,60.0,42.0
1784619748.407258,353.158,1980,3201,88.0,60.0,42.0
1784619748.417320,353.464,1980,3201,88.0,60.0,42.0
1784619748.427271,353.464,1980,3201,88.0,60.0,42.0
1784619748.437266,353.464,1980,3201,88.0,60.0,42.0
1784619748.447302,353.464,1980,3201,88.0,60.0,42.0
1784619748.457318,353.464,1980,3201,88.0,60.0,42.0
1784619748.467278,353.464,1980,3201,88.0,60.0,42.0
1784619748.477267,353.464,1980,3201,88.0,60.0,42.0
1784619748.487269,353.464,1980,3201,88.0,60.0,42.0
1784619748.497270,353.464,1980,3201,88.0,60.0,42.0
1784619748.507267,353.464,1980,3201,88.0,60.0,42.0
1784619748.517263,353.533,1980,3201,88.0,60.0,42.0
1784619748.527270,353.533,1980,3201,88.0,60.0,42.0
1784619748.537268,353.533,1980,3201,87.0,61.0,42.0
1784619748.547269,353.533,1980,3201,87.0,61.0,42.0
1784619748.557269,353.533,1980,3201,87.0,61.0,42.0
1784619748.567271,353.533,1980,3201,87.0,61.0,42.0
1784619748.577274,353.533,1980,3201,87.0,61.0,42.0
1784619748.587270,353.533,1980,3201,87.0,61.0,42.0
1784619748.597302,353.533,1980,3201,87.0,61.0,42.0
1784619748.607269,353.533,1980,3201,87.0,61.0,42.0
1784619748.617264,353.115,1980,3201,87.0,61.0,42.0
1784619748.627270,353.115,1980,3201,87.0,61.0,42.0
1784619748.637300,353.115,1980,3201,87.0,61.0,42.0
1784619748.647497,353.115,1980,3201,87.0,61.0,42.0
1784619748.657270,353.115,1980,3201,87.0,61.0,42.0
1784619748.667266,353.115,1980,3201,87.0,61.0,42.0
1784619748.677269,353.115,1980,3201,87.0,61.0,42.0
1784619748.687268,353.115,1980,3201,87.0,61.0,42.0
1784619748.697269,353.115,1980,3201,87.0,61.0,42.0
1784619748.707269,353.115,1980,3201,87.0,61.0,42.0
1784619748.717269,352.883,1980,3201,87.0,61.0,42.0
1784619748.727279,352.883,1980,3201,87.0,61.0,42.0
1784619748.737272,352.883,1980,3201,88.0,61.0,42.0
1784619748.747266,352.883,1980,3201,88.0,61.0,42.0
1784619748.757267,352.883,1980,3201,88.0,61.0,42.0
1784619748.767269,352.883,1980,3201,88.0,61.0,42.0
1784619748.777256,352.883,1980,3201,88.0,61.0,42.0
1784619748.787272,352.883,1980,3201,88.0,61.0,42.0
1784619748.797264,352.883,1980,3201,88.0,61.0,42.0
1784619748.807322,352.883,1980,3201,88.0,61.0,42.0
1784619748.817270,352.706,1980,3201,88.0,61.0,42.0
1784619748.827262,352.706,1980,3201,88.0,61.0,42.0
1784619748.837335,352.706,1980,3201,88.0,61.0,42.0
1784619748.847340,352.706,1980,3201,88.0,61.0,42.0
1784619748.857334,352.706,1980,3201,88.0,61.0,42.0
1784619748.867267,352.706,1980,3201,88.0,61.0,42.0
1784619748.877258,352.706,1980,3201,88.0,61.0,42.0
1784619748.887268,352.706,1980,3201,88.0,61.0,42.0
1784619748.897269,352.706,1980,3201,88.0,61.0,42.0
1784619748.907256,352.706,1980,3201,88.0,61.0,42.0
1784619748.917266,352.568,1980,3201,88.0,61.0,42.0
1784619748.927268,352.568,1980,3201,88.0,61.0,42.0
1784619748.937268,352.568,1980,3201,88.0,61.0,42.0
1784619748.947267,352.568,1980,3201,88.0,61.0,42.0
1784619748.957256,352.568,1980,3201,88.0,61.0,42.0
1784619748.967258,352.568,1980,3201,88.0,61.0,42.0
1784619748.977257,352.568,1980,3201,88.0,61.0,42.0
1784619748.987258,352.568,1980,3201,88.0,61.0,42.0
1784619748.997267,352.568,1980,3201,88.0,61.0,42.0
1784619749.007258,352.568,1980,3201,88.0,61.0,42.0
1784619749.017267,352.731,1980,3201,88.0,61.0,42.0
1784619749.027269,352.731,1980,3201,88.0,61.0,42.0
1784619749.037267,352.731,1980,3201,88.0,61.0,42.0
1784619749.047267,352.731,1980,3201,88.0,61.0,42.0
1784619749.057262,352.731,1980,3201,88.0,61.0,42.0
1784619749.067267,352.731,1980,3201,88.0,61.0,42.0
1784619749.077266,352.731,1980,3201,88.0,61.0,42.0
1784619749.087303,352.731,1980,3201,88.0,61.0,42.0
1784619749.097278,352.731,1980,3201,88.0,61.0,42.0
1784619749.107267,352.731,1980,3201,88.0,61.0,42.0
1784619749.117266,352.884,1980,3201,88.0,61.0,42.0
1784619749.127266,352.884,1980,3201,88.0,61.0,42.0
1784619749.137507,352.884,1980,3201,88.0,61.0,42.0
1784619749.147267,352.884,1980,3201,88.0,61.0,42.0
1784619749.157266,352.884,1980,3201,88.0,61.0,42.0
1784619749.167267,352.884,1980,3201,88.0,61.0,42.0
1784619749.177266,352.884,1980,3201,88.0,61.0,42.0
1784619749.187285,352.884,1980,3201,88.0,61.0,42.0
1784619749.197279,352.884,1980,3201,88.0,61.0,42.0
1784619749.207266,352.884,1980,3201,88.0,61.0,42.0
1784619749.217278,353.422,1980,3201,88.0,61.0,42.0
1784619749.227266,353.422,1980,3201,88.0,61.0,42.0
1784619749.237267,353.422,1980,3201,88.0,61.0,42.0
1784619749.247269,353.422,1980,3201,88.0,61.0,42.0
1784619749.257267,353.422,1980,3201,88.0,61.0,42.0
1784619749.267268,353.422,1980,3201,88.0,61.0,42.0
1784619749.277267,353.422,1980,3201,88.0,61.0,42.0
1784619749.287266,353.422,1980,3201,88.0,61.0,42.0
1784619749.297267,353.422,1980,3201,88.0,61.0,42.0
1784619749.307267,353.422,1980,3201,88.0,61.0,42.0
1784619749.317267,354.951,1980,3201,88.0,61.0,42.0
1784619749.327267,354.951,1980,3201,88.0,61.0,42.0
1784619749.337266,354.951,1980,3201,88.0,61.0,42.0
1784619749.347267,354.951,1980,3201,88.0,61.0,42.0
1784619749.357267,354.951,1980,3201,88.0,61.0,42.0
1784619749.367269,354.951,1980,3201,88.0,61.0,42.0
1784619749.377266,354.951,1980,3201,88.0,61.0,42.0
1784619749.387267,354.951,1980,3201,88.0,61.0,42.0
1784619749.397271,354.951,1980,3201,88.0,61.0,42.0
1784619749.407267,354.951,1980,3201,88.0,61.0,42.0
1784619749.417269,355.346,1980,3201,88.0,61.0,42.0
1784619749.427267,355.346,1980,3201,88.0,61.0,42.0
1784619749.437268,355.346,1980,3201,88.0,61.0,42.0
1784619749.447267,355.346,1980,3201,88.0,61.0,42.0
1784619749.457267,355.346,1980,3201,88.0,61.0,42.0
1784619749.467698,355.346,1980,3201,88.0,61.0,42.0
1784619749.477258,355.346,1980,3201,88.0,61.0,42.0
1784619749.487267,355.346,1980,3201,88.0,61.0,42.0
1784619749.497267,355.346,1980,3201,88.0,61.0,42.0
1784619749.507266,355.346,1980,3201,88.0,61.0,42.0
1784619749.517270,355.658,1980,3201,88.0,61.0,42.0
1784619749.527275,355.658,1980,3201,88.0,61.0,42.0
1784619749.537259,355.658,1980,3201,88.0,61.0,42.0
1784619749.547258,355.658,1980,3201,88.0,61.0,42.0
1784619749.557259,355.658,1980,3201,88.0,61.0,42.0
1784619749.567258,355.658,1980,3201,88.0,61.0,42.0
1784619749.577258,355.658,1980,3201,88.0,61.0,42.0
1784619749.587259,355.658,1980,3201,88.0,61.0,42.0
1784619749.597258,355.658,1980,3201,88.0,61.0,42.0
1784619749.607258,355.658,1980,3201,88.0,61.0,42.0
1784619749.617259,356.598,1980,3201,88.0,61.0,42.0
1784619749.627259,356.598,1980,3201,88.0,61.0,42.0
1784619749.637258,356.598,1980,3201,88.0,61.0,42.0
1784619749.647259,356.598,1980,3201,88.0,61.0,42.0
1784619749.657258,356.598,1980,3201,88.0,61.0,42.0
1784619749.667259,356.598,1980,3201,88.0,61.0,42.0
1784619749.677259,356.598,1980,3201,88.0,61.0,42.0
1784619749.687336,356.598,1980,3201,88.0,61.0,42.0
1784619749.697251,356.598,1980,3201,88.0,61.0,42.0
1784619749.707257,356.598,1980,3201,88.0,61.0,42.0
1784619749.717258,357.425,1980,3201,88.0,61.0,42.0
1784619749.727258,357.425,1980,3201,88.0,61.0,42.0
1784619749.737258,357.425,1980,3201,87.0,60.0,42.0
1784619749.747280,357.425,1980,3201,87.0,60.0,42.0
1784619749.757258,357.425,1980,3201,87.0,60.0,42.0
1784619749.767255,357.425,1980,3201,87.0,60.0,42.0
1784619749.777359,357.425,1980,3201,87.0,60.0,42.0
1784619749.787272,357.425,1980,3201,87.0,60.0,42.0
1784619749.797258,357.425,1980,3201,87.0,60.0,42.0
1784619749.807268,357.425,1980,3201,87.0,60.0,42.0
1784619749.817284,357.098,1980,3201,87.0,60.0,42.0
1784619749.827269,357.098,1980,3201,87.0,60.0,42.0
1784619749.837266,357.098,1980,3201,87.0,60.0,42.0
1784619749.847465,357.098,1980,3201,87.0,60.0,42.0
1784619749.857267,357.098,1980,3201,87.0,60.0,42.0
1784619749.867266,357.098,1980,3201,87.0,60.0,42.0
1784619749.877270,357.098,1980,3201,87.0,60.0,42.0
1784619749.887267,357.098,1980,3201,87.0,60.0,42.0
1784619749.897268,357.098,1980,3201,87.0,60.0,42.0
1784619749.907466,357.098,1980,3201,87.0,60.0,42.0
1784619749.917267,356.384,1980,3201,87.0,60.0,42.0
1784619749.927267,356.384,1980,3201,87.0,60.0,42.0
1784619749.937267,356.384,1980,3201,88.0,61.0,42.0
1784619749.947268,356.384,1980,3201,88.0,61.0,42.0
1784619749.957267,356.384,1980,3201,88.0,61.0,43.0
1784619749.967267,356.384,1980,3201,88.0,61.0,43.0
1784619749.977267,356.384,1980,3201,88.0,61.0,43.0
1784619749.987267,356.384,1980,3201,88.0,61.0,43.0
1784619749.997266,356.384,1980,3201,88.0,61.0,43.0
1784619750.007272,356.384,1980,3201,88.0,61.0,43.0
1784619750.017267,356.333,1980,3201,88.0,61.0,43.0
1784619750.027270,356.333,1980,3201,88.0,61.0,43.0
1784619750.037265,356.333,1980,3201,88.0,61.0,43.0
1784619750.047268,356.333,1980,3201,88.0,61.0,43.0
1784619750.057266,356.333,1980,3201,88.0,61.0,42.0
1784619750.067266,356.333,1980,3201,88.0,61.0,42.0
1784619750.077266,356.333,1980,3201,88.0,61.0,42.0
1784619750.087278,356.333,1980,3201,88.0,61.0,42.0
1784619750.097268,356.333,1980,3201,88.0,61.0,42.0
1784619750.107267,356.333,1980,3201,88.0,61.0,42.0
1784619750.117288,356.294,1980,3201,88.0,61.0,42.0
1784619750.127267,356.294,1980,3201,88.0,61.0,42.0
1784619750.137296,356.294,1980,3201,88.0,61.0,42.0
1784619750.147496,356.294,1980,3201,88.0,61.0,42.0
1784619750.157266,356.294,1980,3201,88.0,61.0,42.0
1784619750.167360,356.294,1980,3201,88.0,61.0,42.0
1784619750.177269,356.294,1980,3201,88.0,61.0,42.0
1784619750.187279,356.294,1980,3201,88.0,61.0,42.0
1784619750.197344,356.294,1980,3201,88.0,61.0,42.0
1784619750.207267,356.294,1980,3201,88.0,61.0,42.0
1784619750.217494,356.032,1980,3201,88.0,61.0,42.0
1784619750.227267,356.032,1980,3201,88.0,61.0,42.0
1784619750.237268,356.032,1980,3201,88.0,61.0,42.0
1784619750.247267,356.032,1980,3201,88.0,61.0,42.0
1784619750.257267,356.032,1980,3201,88.0,61.0,42.0
1784619750.267267,356.032,1980,3201,88.0,61.0,42.0
1784619750.277266,356.032,1980,3201,88.0,61.0,42.0
1784619750.287268,356.032,1980,3201,88.0,61.0,42.0
1784619750.297295,356.032,1980,3201,88.0,61.0,42.0
1784619750.307266,356.032,1980,3201,88.0,61.0,42.0
1784619750.317270,355.692,1980,3201,88.0,61.0,42.0
1784619750.327266,355.692,1980,3201,88.0,61.0,42.0
1784619750.337267,355.692,1980,3201,87.0,61.0,42.0
1784619750.347259,355.692,1980,3201,87.0,61.0,42.0
1784619750.357269,355.692,1980,3201,87.0,61.0,42.0
1784619750.367267,355.692,1980,3201,87.0,61.0,42.0
1784619750.377266,355.692,1980,3201,87.0,61.0,42.0
1784619750.387269,355.692,1980,3201,87.0,61.0,42.0
1784619750.397266,355.692,1980,3201,87.0,61.0,42.0
1784619750.407267,355.692,1980,3201,87.0,61.0,42.0
1784619750.417266,355.367,1980,3201,87.0,61.0,42.0
1784619750.427267,355.367,1980,3201,87.0,61.0,42.0
1784619750.437267,355.367,1980,3201,87.0,61.0,42.0
1784619750.447268,355.367,1980,3201,87.0,61.0,42.0
1784619750.457268,355.367,1980,3201,87.0,61.0,42.0
1784619750.467267,355.367,1980,3201,87.0,61.0,42.0
1784619750.477267,355.367,1980,3201,87.0,61.0,42.0
1784619750.487272,355.367,1980,3201,87.0,61.0,42.0
1784619750.497267,355.367,1980,3201,87.0,61.0,42.0
1784619750.507268,355.367,1980,3201,87.0,61.0,42.0
1784619750.517268,355.102,1980,3201,87.0,61.0,42.0
1784619750.527267,355.102,1980,3201,87.0,61.0,42.0
1784619750.537267,355.102,1980,3201,88.0,61.0,42.0
1784619750.547342,355.102,1980,3201,88.0,61.0,42.0
1784619750.557267,355.102,1980,3201,88.0,61.0,42.0
1784619750.567267,355.102,1980,3201,88.0,61.0,42.0
1784619750.577266,355.102,1980,3201,88.0,61.0,42.0
1784619750.587267,355.102,1980,3201,88.0,61.0,42.0
1784619750.597265,355.102,1980,3201,88.0,61.0,42.0
1784619750.607266,355.102,1980,3201,88.0,61.0,42.0
1784619750.617274,354.059,1980,3201,88.0,61.0,42.0
1784619750.627267,354.059,1980,3201,88.0,61.0,42.0
1784619750.637266,354.059,1980,3201,88.0,61.0,42.0
1784619750.647266,354.059,1980,3201,88.0,61.0,42.0
1784619750.657266,354.059,1980,3201,88.0,61.0,42.0
1784619750.667266,354.059,1980,3201,88.0,61.0,42.0
1784619750.677269,354.059,1980,3201,88.0,61.0,42.0
1784619750.687266,354.059,1980,3201,88.0,61.0,42.0
1784619750.697267,354.059,1980,3201,88.0,61.0,42.0
1784619750.707367,354.059,1980,3201,88.0,61.0,42.0
1784619750.717271,353.873,1980,3201,88.0,61.0,42.0
1784619750.727262,353.873,1980,3201,88.0,61.0,42.0
1784619750.737266,353.873,1980,3201,88.0,61.0,42.0
1784619750.747268,353.873,1980,3201,88.0,61.0,42.0
1784619750.757268,353.873,1980,3201,88.0,61.0,42.0
1784619750.767266,353.873,1980,3201,88.0,61.0,42.0
1784619750.777260,353.873,1980,3201,88.0,61.0,42.0
1784619750.787254,353.873,1980,3201,88.0,61.0,42.0
1784619750.797266,353.873,1980,3201,88.0,61.0,42.0
1784619750.807266,353.873,1980,3201,88.0,61.0,42.0
1784619750.817266,354.447,1980,3201,88.0,61.0,42.0
1784619750.827419,354.447,1980,3201,88.0,61.0,42.0
1784619750.837267,354.447,1980,3201,88.0,61.0,42.0
1784619750.847262,354.447,1980,3201,88.0,61.0,42.0
1784619750.857266,354.447,1980,3201,88.0,61.0,42.0
1784619750.867283,354.447,1980,3201,88.0,61.0,42.0
1784619750.877266,354.447,1980,3201,88.0,61.0,42.0
1784619750.887267,354.447,1980,3201,88.0,61.0,42.0
1784619750.897266,354.447,1980,3201,88.0,61.0,42.0
1784619750.907267,354.447,1980,3201,88.0,61.0,42.0
1784619750.917266,354.845,1980,3201,88.0,61.0,42.0
1784619750.927260,354.845,1980,3201,88.0,61.0,42.0
1784619750.937268,354.845,1980,3201,88.0,61.0,42.0
1784619750.947267,354.845,1980,3201,88.0,61.0,42.0
1784619750.957267,354.845,1980,3201,88.0,61.0,42.0
1784619750.967267,354.845,1980,3201,88.0,61.0,42.0
1784619750.977267,354.845,1980,3201,88.0,61.0,42.0
1784619750.987267,354.845,1980,3201,88.0,61.0,42.0
1784619750.997267,354.845,1980,3201,88.0,61.0,42.0
1784619751.007259,354.845,1980,3201,88.0,61.0,42.0
1784619751.017267,354.651,1980,3201,88.0,61.0,42.0
1784619751.027262,354.651,1980,3201,88.0,61.0,42.0
1784619751.037262,354.651,1980,3201,88.0,61.0,42.0
1784619751.047254,354.651,1980,3201,88.0,61.0,42.0
1784619751.057251,354.651,1980,3201,88.0,61.0,43.0
1784619751.067258,354.651,1980,3201,88.0,61.0,43.0
1784619751.077259,354.651,1980,3201,88.0,61.0,43.0
1784619751.087258,354.651,1980,3201,88.0,61.0,43.0
1784619751.097259,354.651,1980,3201,88.0,61.0,43.0
1784619751.107444,354.651,1980,3201,88.0,61.0,43.0
1784619751.117261,354.690,1980,3201,88.0,61.0,43.0
1784619751.127256,354.690,1980,3201,88.0,61.0,43.0
1784619751.137259,354.690,1980,3201,88.0,61.0,43.0
1784619751.147259,354.690,1980,3201,88.0,61.0,43.0
1784619751.157465,354.690,1980,3201,88.0,61.0,42.0
1784619751.167260,354.690,1980,3201,88.0,61.0,42.0
1784619751.177258,354.690,1980,3201,88.0,61.0,42.0
1784619751.187258,354.690,1980,3201,88.0,61.0,42.0
1784619751.197322,354.690,1980,3201,88.0,61.0,42.0
1784619751.207313,354.690,1980,3201,88.0,61.0,42.0
1784619751.217267,354.449,1980,3201,88.0,61.0,42.0
1784619751.227271,354.449,1980,3201,88.0,61.0,42.0
1784619751.237268,354.449,1980,3201,88.0,61.0,42.0
1784619751.247267,354.449,1980,3201,88.0,61.0,42.0
1784619751.257268,354.449,1980,3201,88.0,61.0,43.0
1784619751.267267,354.449,1980,3201,88.0,61.0,43.0
1784619751.277303,354.449,1980,3201,88.0,61.0,43.0
1784619751.287266,354.449,1980,3201,88.0,61.0,43.0
1784619751.297270,354.449,1980,3201,88.0,61.0,43.0
1784619751.307398,354.449,1980,3201,88.0,61.0,43.0
1784619751.317289,354.619,1980,3201,88.0,61.0,43.0
1784619751.327268,354.619,1980,3201,88.0,61.0,43.0
1784619751.337266,354.619,1980,3201,88.0,61.0,43.0
1784619751.347266,354.619,1980,3201,88.0,61.0,43.0
1784619751.357358,354.619,1980,3201,88.0,61.0,43.0
1784619751.367269,354.619,1980,3201,88.0,61.0,43.0
1784619751.377269,354.619,1980,3201,88.0,61.0,43.0
1784619751.387267,354.619,1980,3201,88.0,61.0,43.0
1784619751.397266,354.619,1980,3201,88.0,61.0,43.0
1784619751.407498,354.619,1980,3201,88.0,61.0,43.0
1784619751.417266,354.496,1980,3201,88.0,61.0,43.0
1784619751.427260,354.496,1980,3201,88.0,61.0,43.0
1784619751.437268,354.496,1980,3201,88.0,61.0,43.0
1784619751.447282,354.496,1980,3201,88.0,61.0,43.0
1784619751.457337,354.496,1980,3201,88.0,61.0,43.0
1784619751.467267,354.496,1980,3201,88.0,61.0,43.0
1784619751.477261,354.496,1980,3201,88.0,61.0,43.0
1784619751.487257,354.496,1980,3201,88.0,61.0,43.0
1784619751.497265,354.496,1980,3201,88.0,61.0,43.0
1784619751.507318,354.496,1980,3201,88.0,61.0,43.0
1784619751.517266,352.335,1980,3201,88.0,61.0,43.0
1784619751.527267,352.335,1980,3201,88.0,61.0,43.0
1784619751.537256,352.335,1980,3201,88.0,60.0,43.0
1784619751.547258,352.335,1980,3201,88.0,60.0,43.0
1784619751.557267,352.335,1980,3201,88.0,60.0,43.0
1784619751.567268,352.335,1980,3201,88.0,60.0,43.0
1784619751.577266,352.335,1980,3201,88.0,60.0,43.0
1784619751.587266,352.335,1980,3201,88.0,60.0,43.0
1784619751.597304,352.335,1980,3201,88.0,60.0,43.0
1784619751.607277,352.335,1980,3201,88.0,60.0,43.0
1784619751.617266,353.521,1980,3201,88.0,60.0,43.0
1784619751.627297,353.521,1980,3201,88.0,60.0,43.0
1784619751.637270,353.521,1980,3201,88.0,60.0,43.0
1784619751.647266,353.521,1980,3201,88.0,60.0,43.0
1784619751.657279,353.521,1980,3201,88.0,60.0,43.0
1784619751.667266,353.521,1980,3201,88.0,60.0,43.0
1784619751.677265,353.521,1980,3201,88.0,60.0,43.0
1784619751.687267,353.521,1980,3201,88.0,60.0,43.0
1784619751.697267,353.521,1980,3201,88.0,60.0,43.0
1784619751.707266,353.521,1980,3201,88.0,60.0,43.0
1784619751.717266,353.638,1980,3201,88.0,60.0,43.0
1784619751.727269,353.638,1980,3201,88.0,60.0,43.0
1784619751.737267,353.638,1980,3201,88.0,61.0,43.0
1784619751.747267,353.638,1980,3201,88.0,61.0,43.0
1784619751.757270,353.638,1980,3201,88.0,61.0,43.0
1784619751.767267,353.638,1980,3201,88.0,61.0,43.0
1784619751.777271,353.638,1980,3201,88.0,61.0,43.0
1784619751.787267,353.638,1980,3201,88.0,61.0,43.0
1784619751.797266,353.638,1980,3201,88.0,61.0,43.0
1784619751.807266,353.638,1980,3201,88.0,61.0,43.0
1784619751.817267,353.638,1980,3201,88.0,61.0,43.0
1784619751.827271,353.196,1980,3201,88.0,61.0,43.0
1784619751.837269,353.196,1980,3201,88.0,61.0,43.0
1784619751.847261,353.196,1980,3201,88.0,61.0,43.0
1784619751.857265,353.196,1980,3201,88.0,61.0,43.0
1784619751.867275,353.196,1980,3201,88.0,61.0,43.0
1784619751.877266,353.196,1980,3201,88.0,61.0,43.0
1784619751.887266,353.196,1980,3201,88.0,61.0,43.0
1784619751.897269,353.196,1980,3201,88.0,61.0,43.0
1784619751.907567,353.196,1980,3201,88.0,61.0,43.0
1784619751.917267,353.196,1980,3201,88.0,61.0,43.0
1784619751.927266,353.057,1980,3201,88.0,61.0,43.0
1784619751.937266,353.057,1980,3201,88.0,61.0,43.0
1784619751.947260,353.057,1980,3201,88.0,61.0,43.0
1784619751.957255,353.057,1980,3201,88.0,61.0,43.0
1784619751.967268,353.057,1980,3201,88.0,61.0,43.0
1784619751.977266,353.057,1980,3201,88.0,61.0,43.0
1784619751.987267,353.057,1980,3201,88.0,61.0,43.0
1784619751.997267,353.057,1980,3201,88.0,61.0,43.0
1784619752.007267,353.057,1980,3201,88.0,61.0,43.0
1784619752.017267,353.057,1980,3201,88.0,61.0,43.0
1784619752.027267,353.369,1980,3201,88.0,61.0,43.0
1784619752.037264,353.369,1980,3201,88.0,61.0,43.0
1784619752.047267,353.369,1980,3201,88.0,61.0,43.0
1784619752.057260,353.369,1980,3201,88.0,61.0,43.0
1784619752.067266,353.369,1980,3201,88.0,61.0,43.0
1784619752.077271,353.369,1980,3201,88.0,61.0,43.0
1784619752.087257,353.369,1980,3201,88.0,61.0,43.0
1784619752.097267,353.369,1980,3201,88.0,61.0,43.0
1784619752.107267,353.369,1980,3201,88.0,61.0,43.0
1784619752.117309,353.369,1980,3201,88.0,61.0,43.0
1784619752.127266,353.433,1980,3201,88.0,61.0,43.0
1784619752.137305,353.433,1980,3201,88.0,61.0,43.0
1784619752.147266,353.433,1980,3201,88.0,61.0,43.0
1784619752.157267,353.433,1980,3201,88.0,61.0,43.0
1784619752.167267,353.433,1980,3201,88.0,61.0,43.0
1784619752.177267,353.433,1980,3201,88.0,61.0,43.0
1784619752.187256,353.433,1980,3201,88.0,61.0,43.0
1784619752.197312,353.433,1980,3201,88.0,61.0,43.0
1784619752.207267,353.433,1980,3201,88.0,61.0,43.0
1784619752.217266,353.433,1980,3201,88.0,61.0,43.0
1784619752.227266,353.611,1980,3201,88.0,61.0,43.0
1784619752.237267,353.611,1980,3201,88.0,61.0,43.0
1784619752.247266,353.611,1980,3201,88.0,61.0,43.0
1784619752.257257,353.611,1980,3201,88.0,61.0,43.0
1784619752.267258,353.611,1980,3201,88.0,61.0,43.0
1784619752.277267,353.611,1980,3201,88.0,61.0,43.0
1784619752.287266,353.611,1980,3201,88.0,61.0,43.0
1784619752.297266,353.611,1980,3201,88.0,61.0,43.0
1784619752.307266,353.611,1980,3201,88.0,61.0,43.0
1784619752.317261,353.611,1980,3201,88.0,61.0,43.0
1784619752.327266,354.013,1980,3201,88.0,61.0,43.0
1784619752.337267,354.013,1980,3201,88.0,61.0,43.0
1784619752.347267,354.013,1980,3201,88.0,61.0,43.0
1784619752.357267,354.013,1980,3201,88.0,61.0,43.0
1784619752.367453,354.013,1980,3201,88.0,61.0,43.0
1784619752.377266,354.013,1980,3201,88.0,61.0,43.0
1784619752.387267,354.013,1980,3201,88.0,61.0,43.0
1784619752.397267,354.013,1980,3201,88.0,61.0,43.0
1784619752.407268,354.013,1980,3201,88.0,61.0,43.0
1784619752.417267,354.013,1980,3201,88.0,61.0,43.0
1784619752.427267,354.201,1980,3201,88.0,61.0,43.0
1784619752.437270,354.201,1980,3201,88.0,61.0,43.0
1784619752.447267,354.201,1980,3201,88.0,61.0,43.0
1784619752.457251,354.201,1980,3201,88.0,61.0,43.0
1784619752.467248,354.201,1980,3201,88.0,61.0,43.0
1784619752.477256,354.201,1980,3201,88.0,61.0,43.0
1784619752.487252,354.201,1980,3201,88.0,61.0,43.0
1784619752.497257,354.201,1980,3201,88.0,61.0,43.0
1784619752.507258,354.201,1980,3201,88.0,61.0,43.0
1784619752.517258,354.201,1980,3201,88.0,61.0,43.0
1784619752.527259,356.859,1980,3201,88.0,61.0,43.0
1784619752.537259,356.859,1980,3201,88.0,61.0,43.0
1784619752.547253,356.859,1980,3201,88.0,61.0,43.0
1784619752.557258,356.859,1980,3201,88.0,61.0,43.0
1784619752.567259,356.859,1980,3201,88.0,61.0,43.0
1784619752.577258,356.859,1980,3201,88.0,61.0,43.0
1784619752.587410,356.859,1980,3201,88.0,61.0,43.0
1784619752.597259,356.859,1980,3201,88.0,61.0,43.0
1784619752.607267,356.859,1980,3201,88.0,61.0,43.0
1784619752.617264,356.859,1980,3201,88.0,61.0,43.0
1784619752.627313,356.984,1980,3201,88.0,61.0,43.0
1784619752.637266,356.984,1980,3201,88.0,61.0,43.0
1784619752.647341,356.984,1980,3201,88.0,61.0,43.0
1784619752.657269,356.984,1980,3201,88.0,61.0,43.0
1784619752.667263,356.984,1980,3201,88.0,61.0,43.0
1784619752.677266,356.984,1980,3201,88.0,61.0,43.0
1784619752.687267,356.984,1980,3201,88.0,61.0,43.0
1784619752.697258,356.984,1980,3201,88.0,61.0,43.0
1784619752.707266,356.984,1980,3201,88.0,61.0,43.0
1784619752.717266,356.984,1980,3201,88.0,61.0,43.0
1784619752.727267,356.678,1980,3201,88.0,61.0,43.0
1784619752.737267,356.678,1980,3201,88.0,61.0,43.0
1784619752.747258,356.678,1980,3201,88.0,61.0,43.0
1784619752.757267,356.678,1980,3201,88.0,61.0,43.0
1784619752.767267,356.678,1980,3201,88.0,61.0,43.0
1784619752.777266,356.678,1980,3201,88.0,61.0,43.0
1784619752.787269,356.678,1980,3201,88.0,61.0,43.0
1784619752.797258,356.678,1980,3201,88.0,61.0,43.0
1784619752.807267,356.678,1980,3201,88.0,61.0,43.0
1784619752.817266,356.678,1980,3201,88.0,61.0,43.0
1784619752.827285,357.593,1980,3201,88.0,61.0,43.0
1784619752.837267,357.593,1980,3201,88.0,61.0,43.0
1784619752.847266,357.593,1980,3201,88.0,61.0,43.0
1784619752.857267,357.593,1980,3201,88.0,61.0,43.0
1784619752.867266,357.593,1980,3201,88.0,61.0,43.0
1784619752.877306,357.593,1980,3201,88.0,61.0,43.0
1784619752.887268,357.593,1980,3201,88.0,61.0,43.0
1784619752.897266,357.593,1980,3201,88.0,61.0,43.0
1784619752.907279,357.593,1980,3201,88.0,61.0,43.0
1784619752.917267,357.593,1980,3201,88.0,61.0,43.0
1784619752.927316,357.306,1980,3201,88.0,61.0,43.0
1784619752.937372,357.306,1980,3201,88.0,61.0,43.0
1784619752.947315,357.306,1980,3201,88.0,61.0,43.0
1784619752.957267,357.306,1980,3201,88.0,61.0,43.0
1784619752.967292,357.306,1980,3201,88.0,61.0,43.0
1784619752.977266,357.306,1980,3201,88.0,61.0,43.0
1784619752.987267,357.306,1980,3201,88.0,61.0,43.0
1784619752.997266,357.306,1980,3201,88.0,61.0,43.0
1784619753.007268,357.306,1980,3201,88.0,61.0,43.0
1784619753.017303,357.306,1980,3201,88.0,61.0,43.0
1784619753.027266,357.305,1980,3201,88.0,61.0,43.0
1784619753.037271,357.305,1980,3201,88.0,61.0,43.0
1784619753.047266,357.305,1980,3201,88.0,61.0,43.0
1784619753.057266,357.305,1980,3201,88.0,61.0,43.0
1784619753.067266,357.305,1980,3201,88.0,61.0,43.0
1784619753.077267,357.305,1980,3201,88.0,61.0,43.0
1784619753.087267,357.305,1980,3201,88.0,61.0,43.0
1784619753.097267,357.305,1980,3201,88.0,61.0,43.0
1784619753.107266,357.305,1980,3201,88.0,61.0,43.0
1784619753.117267,357.305,1980,3201,88.0,61.0,43.0
1784619753.127268,356.937,1980,3201,88.0,61.0,43.0
1784619753.137267,356.937,1980,3201,88.0,61.0,43.0
1784619753.147276,356.937,1980,3201,86.0,60.0,43.0
1784619753.157267,356.937,1980,3201,86.0,60.0,43.0
1784619753.167267,356.937,1980,3201,86.0,60.0,43.0
1784619753.177269,356.937,1980,3201,86.0,60.0,43.0
1784619753.187266,356.937,1980,3201,86.0,60.0,43.0
1784619753.197324,356.937,1980,3201,86.0,60.0,43.0
1784619753.207270,356.937,1980,3201,86.0,60.0,43.0
1784619753.217255,356.937,1980,3201,86.0,60.0,43.0
1784619753.227267,356.769,1980,3201,86.0,60.0,43.0
1784619753.237265,356.769,1980,3201,86.0,60.0,43.0
1784619753.247515,356.769,1980,3201,86.0,60.0,43.0
1784619753.257260,356.769,1980,3201,86.0,60.0,43.0
1784619753.267275,356.769,1980,3201,86.0,60.0,43.0
1784619753.277267,356.769,1980,3201,86.0,60.0,43.0
1784619753.287372,356.769,1980,3201,86.0,60.0,43.0
1784619753.297275,356.769,1980,3201,86.0,60.0,43.0
1784619753.307269,356.769,1980,3201,86.0,60.0,43.0
1784619753.317267,356.769,1980,3201,86.0,60.0,43.0
1784619753.327267,356.137,1980,3201,86.0,60.0,43.0
1784619753.337381,356.137,1980,3201,86.0,60.0,43.0
1784619753.347267,356.137,1980,3201,87.0,61.0,43.0
1784619753.357266,356.137,1980,3201,87.0,61.0,43.0
1784619753.367269,356.137,1980,3201,87.0,61.0,43.0
1784619753.377270,356.137,1980,3201,87.0,61.0,43.0
1784619753.387267,356.137,1980,3201,87.0,61.0,43.0
1784619753.397266,356.137,1980,3201,87.0,61.0,43.0
1784619753.407267,356.137,1980,3201,87.0,61.0,43.0
1784619753.417267,356.137,1980,3201,87.0,61.0,43.0
1784619753.427268,356.137,1980,3201,87.0,61.0,43.0
1784619753.437266,356.137,1980,3201,87.0,61.0,43.0
1784619753.447267,356.137,1980,3201,87.0,61.0,43.0
1784619753.457311,356.137,1980,3201,87.0,61.0,43.0
1784619753.467267,356.137,1980,3201,87.0,61.0,43.0
1784619753.477271,356.137,1980,3201,87.0,61.0,43.0
1784619753.487266,356.137,1980,3201,87.0,61.0,43.0
1784619753.497267,356.137,1980,3201,87.0,61.0,43.0
1784619753.507270,356.137,1980,3201,87.0,61.0,43.0
1784619753.517316,356.137,1980,3201,87.0,61.0,43.0
1784619753.527269,356.029,1980,3201,87.0,61.0,43.0
1784619753.537267,356.029,1980,3201,87.0,61.0,43.0
1784619753.547288,356.029,1980,3201,87.0,61.0,43.0
1784619753.557266,356.029,1980,3201,87.0,61.0,43.0
1784619753.567457,356.029,1980,3201,87.0,61.0,43.0
1784619753.577266,356.029,1980,3201,87.0,61.0,43.0
1784619753.587294,356.029,1980,3201,87.0,61.0,43.0
1784619753.597288,356.029,1980,3201,87.0,61.0,43.0
1784619753.607266,356.029,1980,3201,87.0,61.0,43.0
1784619753.617266,356.029,1980,3201,87.0,61.0,43.0
1784619753.627270,355.784,1980,3201,87.0,61.0,43.0
1784619753.637266,355.784,1980,3201,87.0,61.0,43.0
1784619753.647269,355.784,1980,3201,87.0,61.0,43.0
1784619753.657266,355.784,1980,3201,87.0,61.0,43.0
1784619753.667267,355.784,1980,3201,87.0,61.0,43.0
1784619753.677266,355.784,1980,3201,87.0,61.0,43.0
1784619753.687267,355.784,1980,3201,87.0,61.0,43.0
1784619753.697269,355.784,1980,3201,87.0,61.0,43.0
1784619753.707271,355.784,1980,3201,87.0,61.0,43.0
1784619753.717268,355.784,1980,3201,87.0,61.0,43.0
1784619753.727269,355.364,1980,3201,87.0,61.0,43.0
1784619753.737267,355.364,1980,3201,87.0,61.0,43.0
1784619753.747503,355.364,1980,3201,87.0,61.0,43.0
1784619753.757284,355.364,1980,3201,87.0,61.0,43.0
1784619753.767267,355.364,1980,3201,87.0,61.0,43.0
1784619753.777267,355.364,1980,3201,87.0,61.0,43.0
1784619753.787267,355.364,1980,3201,87.0,61.0,43.0
1784619753.797263,355.364,1980,3201,87.0,61.0,43.0
1784619753.807258,355.364,1980,3201,87.0,61.0,43.0
1784619753.817258,355.364,1980,3201,87.0,61.0,43.0
1784619753.827258,355.434,1980,3201,87.0,61.0,43.0
1784619753.837259,355.434,1980,3201,87.0,61.0,43.0
1784619753.847258,355.434,1980,3201,87.0,61.0,43.0
1784619753.857258,355.434,1980,3201,87.0,61.0,43.0
1784619753.867258,355.434,1980,3201,87.0,61.0,43.0
1784619753.877258,355.434,1980,3201,87.0,61.0,43.0
1784619753.887258,355.434,1980,3201,87.0,61.0,43.0
1784619753.897258,355.434,1980,3201,87.0,61.0,43.0
1784619753.907259,355.434,1980,3201,87.0,61.0,43.0
1784619753.917258,355.434,1980,3201,87.0,61.0,43.0
1784619753.927259,354.983,1980,3201,87.0,61.0,43.0
1784619753.937258,354.983,1980,3201,87.0,61.0,43.0
1784619753.947253,354.983,1980,3201,88.0,61.0,43.0
1784619753.957257,354.983,1980,3201,88.0,61.0,43.0
1784619753.967250,354.983,1980,3201,88.0,61.0,43.0
1784619753.977257,354.983,1980,3201,88.0,61.0,43.0
1784619753.987258,354.983,1980,3201,88.0,61.0,43.0
1784619753.997250,354.983,1980,3201,88.0,61.0,43.0
1784619754.007371,354.983,1980,3201,88.0,61.0,43.0
1784619754.017323,354.983,1980,3201,88.0,61.0,43.0
1784619754.027316,355.162,1980,3201,88.0,61.0,43.0
1784619754.037269,355.162,1980,3201,88.0,61.0,43.0
1784619754.047252,355.162,1980,3201,88.0,61.0,43.0
1784619754.057267,355.162,1980,3201,88.0,61.0,43.0
1784619754.067302,355.162,1980,3201,88.0,61.0,43.0
1784619754.077267,355.162,1980,3201,88.0,61.0,43.0
1784619754.087270,355.162,1980,3201,88.0,61.0,43.0
1784619754.097253,355.162,1980,3201,88.0,61.0,43.0
1784619754.107362,355.162,1980,3201,88.0,61.0,43.0
1784619754.117253,355.162,1980,3201,88.0,61.0,43.0
1784619754.127266,355.355,1980,3201,88.0,61.0,43.0
1784619754.137270,355.355,1980,3201,88.0,61.0,43.0
1784619754.147270,355.355,1980,3201,87.0,61.0,43.0
1784619754.157280,355.355,1980,3201,87.0,61.0,43.0
1784619754.167269,355.355,1980,3201,87.0,61.0,43.0
1784619754.177289,355.355,1980,3201,87.0,61.0,43.0
1784619754.187269,355.355,1980,3201,87.0,61.0,43.0
1784619754.197268,355.355,1980,3201,87.0,61.0,43.0
1784619754.207271,355.355,1980,3201,87.0,61.0,43.0
1784619754.217268,355.355,1980,3201,87.0,61.0,43.0
1784619754.227271,355.553,1980,3201,87.0,61.0,43.0
1784619754.237270,355.553,1980,3201,87.0,61.0,43.0
1784619754.247319,355.553,1980,3201,87.0,61.0,43.0
1784619754.257268,355.553,1980,3201,87.0,61.0,43.0
1784619754.267268,355.553,1980,3201,87.0,61.0,43.0
1784619754.277301,355.553,1980,3201,87.0,61.0,43.0
1784619754.287266,355.553,1980,3201,87.0,61.0,43.0
1784619754.297266,355.553,1980,3201,87.0,61.0,43.0
1784619754.307311,355.553,1980,3201,87.0,61.0,43.0
1784619754.317266,355.553,1980,3201,87.0,61.0,43.0
1784619754.327319,356.190,1980,3201,87.0,61.0,43.0
1784619754.337266,356.190,1980,3201,87.0,61.0,43.0
1784619754.347266,356.190,1980,3201,87.0,60.0,43.0
1784619754.357280,356.190,1980,3201,87.0,60.0,43.0
1784619754.367266,356.190,1980,3201,87.0,60.0,43.0
1784619754.377512,356.190,1980,3201,87.0,60.0,43.0
1784619754.387266,356.190,1980,3201,87.0,60.0,43.0
1784619754.397267,356.190,1980,3201,87.0,60.0,43.0
1784619754.407269,356.190,1980,3201,87.0,60.0,43.0
1784619754.417266,356.190,1980,3201,87.0,60.0,43.0
1784619754.427321,355.774,1980,3201,87.0,60.0,43.0
1784619754.437267,355.774,1980,3201,87.0,60.0,43.0
1784619754.447318,355.774,1980,3201,87.0,60.0,43.0
1784619754.457266,355.774,1980,3201,87.0,60.0,43.0
1784619754.467287,355.774,1980,3201,87.0,60.0,43.0
1784619754.477271,355.774,1980,3201,87.0,60.0,43.0
1784619754.487338,355.774,1980,3201,87.0,60.0,43.0
1784619754.497268,355.774,1980,3201,87.0,60.0,43.0
1784619754.507266,355.774,1980,3201,87.0,60.0,43.0
1784619754.517267,355.774,1980,3201,87.0,60.0,43.0
1784619754.527269,355.406,1980,3201,87.0,60.0,43.0
1784619754.537266,355.406,1980,3201,87.0,60.0,43.0
1784619754.547269,355.406,1980,3201,88.0,61.0,43.0
1784619754.557396,355.406,1980,3201,88.0,61.0,43.0
1784619754.567267,355.406,1980,3201,88.0,61.0,43.0
1784619754.577266,355.406,1980,3201,88.0,61.0,43.0
1784619754.587266,355.406,1980,3201,88.0,61.0,43.0
1784619754.597266,355.406,1980,3201,88.0,61.0,43.0
1784619754.607266,355.406,1980,3201,88.0,61.0,43.0
1784619754.617268,355.406,1980,3201,88.0,61.0,43.0
1784619754.627252,355.410,1980,3201,88.0,61.0,43.0
1784619754.637266,355.410,1980,3201,88.0,61.0,43.0
1784619754.647266,355.410,1980,3201,88.0,61.0,43.0
1784619754.657269,355.410,1980,3201,88.0,61.0,43.0
1784619754.667266,355.410,1980,3201,88.0,61.0,43.0
1784619754.677266,355.410,1980,3201,88.0,61.0,43.0
1784619754.687267,355.410,1980,3201,88.0,61.0,43.0
1784619754.697254,355.410,1980,3201,88.0,61.0,43.0
1784619754.707266,355.410,1980,3201,88.0,61.0,43.0
1784619754.717263,355.410,1980,3201,88.0,61.0,43.0
1784619754.727267,354.203,1980,3201,88.0,61.0,43.0
1784619754.737268,354.203,1980,3201,88.0,61.0,43.0
1784619754.747253,354.203,1980,3201,77.0,52.0,43.0
1784619754.757266,354.203,1980,3201,77.0,52.0,43.0
1784619754.767266,354.203,1980,3201,77.0,52.0,43.0
1784619754.777267,354.203,1980,3201,77.0,52.0,43.0
1784619754.787268,354.203,1980,3201,77.0,52.0,43.0
1784619754.797252,354.203,1980,3201,77.0,52.0,43.0
1784619754.807265,354.203,1980,3201,77.0,52.0,43.0
1784619754.817263,354.203,1980,3201,77.0,52.0,43.0
1784619754.827267,354.203,1980,3201,77.0,52.0,43.0
1784619754.837266,353.873,1980,3201,77.0,52.0,43.0
1784619754.847715,353.873,1980,3201,77.0,52.0,43.0
1784619754.857266,353.873,1980,3201,77.0,52.0,43.0
1784619754.867262,353.873,1980,3201,77.0,52.0,43.0
1784619754.877280,353.873,1980,3201,77.0,52.0,43.0
1784619754.887294,353.873,1980,3201,77.0,52.0,43.0
1784619754.897480,353.873,1980,3201,77.0,52.0,43.0
1784619754.907267,353.873,1980,3201,77.0,52.0,43.0
1784619754.917264,353.873,1980,3201,77.0,52.0,43.0
1784619754.927273,353.873,1980,3201,77.0,52.0,43.0
1784619754.937267,354.483,1980,3201,77.0,52.0,43.0
1784619754.947257,354.483,1980,3201,77.0,52.0,43.0
1784619754.957268,354.483,1980,3201,88.0,61.0,43.0
1784619754.967263,354.483,1980,3201,88.0,61.0,43.0
1784619754.977271,354.483,1980,3201,88.0,61.0,43.0
1784619754.987267,354.483,1980,3201,88.0,61.0,43.0
1784619754.997365,354.483,1980,3201,88.0,61.0,43.0
1784619755.007269,354.483,1980,3201,88.0,61.0,43.0
1784619755.017267,354.483,1980,3201,88.0,61.0,43.0
1784619755.027266,354.483,1980,3201,88.0,61.0,43.0
1784619755.037268,353.962,1980,3201,88.0,61.0,43.0
1784619755.047275,353.962,1980,3201,88.0,61.0,43.0
1784619755.057266,353.962,1980,3201,88.0,61.0,43.0
1784619755.067266,353.962,1980,3201,88.0,61.0,43.0
1784619755.077269,353.962,1980,3201,88.0,61.0,43.0
1784619755.087267,353.962,1980,3201,88.0,61.0,43.0
1784619755.097361,353.962,1980,3201,88.0,61.0,43.0
1784619755.107268,353.962,1980,3201,88.0,61.0,43.0
1784619755.117268,353.962,1980,3201,88.0,61.0,43.0
1784619755.127267,353.962,1980,3201,88.0,61.0,43.0
1784619755.137268,353.716,1980,3201,88.0,61.0,43.0
1784619755.147442,353.716,1980,3201,88.0,61.0,43.0
1784619755.157267,353.716,1980,3201,88.0,61.0,43.0
1784619755.167265,353.716,1980,3201,88.0,61.0,43.0
1784619755.177267,353.716,1980,3201,88.0,61.0,43.0
1784619755.187267,353.716,1980,3201,88.0,61.0,43.0
1784619755.197442,353.716,1980,3201,88.0,61.0,43.0
1784619755.207266,353.716,1980,3201,88.0,61.0,43.0
1784619755.217263,353.716,1980,3201,88.0,61.0,43.0
1784619755.227267,353.716,1980,3201,88.0,61.0,43.0
1784619755.237267,353.754,1980,3201,88.0,61.0,43.0
1784619755.247281,353.754,1980,3201,88.0,61.0,43.0
1784619755.257267,353.754,1980,3201,88.0,61.0,43.0
1784619755.267264,353.754,1980,3201,88.0,61.0,43.0
1784619755.277267,353.754,1980,3201,88.0,61.0,43.0
1784619755.287268,353.754,1980,3201,88.0,61.0,43.0
1784619755.297267,353.754,1980,3201,88.0,61.0,43.0
1784619755.307268,353.754,1980,3201,88.0,61.0,43.0
1784619755.317259,353.754,1980,3201,88.0,61.0,43.0
1784619755.327306,353.754,1980,3201,88.0,61.0,43.0
1784619755.337268,352.842,1980,3201,88.0,61.0,43.0
1784619755.347314,352.842,1980,3201,88.0,61.0,43.0
1784619755.357267,352.842,1980,3201,88.0,61.0,43.0
1784619755.367258,352.842,1980,3201,88.0,61.0,43.0
1784619755.377267,352.842,1980,3201,88.0,61.0,43.0
1784619755.387269,352.842,1980,3201,88.0,61.0,43.0
1784619755.397273,352.842,1980,3201,88.0,61.0,43.0
1784619755.407267,352.842,1980,3201,88.0,61.0,43.0
1784619755.417258,352.842,1980,3201,88.0,61.0,43.0
1784619755.427266,352.842,1980,3201,88.0,61.0,43.0
1784619755.437255,352.665,1980,3201,88.0,61.0,43.0
1784619755.447267,352.665,1980,3201,88.0,61.0,43.0
1784619755.457299,352.665,1980,3201,88.0,61.0,43.0
1784619755.467255,352.665,1980,3201,88.0,61.0,43.0
1784619755.477259,352.665,1980,3201,88.0,61.0,43.0
1784619755.487255,352.665,1980,3201,88.0,61.0,43.0
1784619755.497268,352.665,1980,3201,88.0,61.0,43.0
1784619755.507269,352.665,1980,3201,88.0,61.0,43.0
1784619755.517320,352.665,1980,3201,88.0,61.0,43.0
1784619755.527270,352.665,1980,3201,88.0,61.0,43.0
1784619755.537261,352.511,1980,3201,88.0,61.0,43.0
1784619755.547269,352.511,1980,3201,88.0,61.0,43.0
1784619755.557267,352.511,1980,3201,88.0,60.0,43.0
1784619755.567370,352.511,1980,3201,88.0,60.0,43.0
1784619755.577268,352.511,1980,3201,88.0,60.0,43.0
1784619755.587299,352.511,1980,3201,88.0,60.0,43.0
1784619755.597266,352.511,1980,3201,88.0,60.0,43.0
1784619755.607266,352.511,1980,3201,88.0,60.0,43.0
1784619755.617266,352.511,1980,3201,88.0,60.0,43.0
1784619755.627305,352.511,1980,3201,88.0,60.0,43.0
1784619755.637288,352.341,1980,3201,88.0,60.0,43.0
1784619755.647267,352.341,1980,3201,88.0,60.0,43.0
1784619755.657297,352.341,1980,3201,88.0,60.0,43.0
1784619755.667281,352.341,1980,3201,88.0,60.0,43.0
1784619755.677269,352.341,1980,3201,88.0,60.0,43.0
1784619755.687269,352.341,1980,3201,88.0,60.0,43.0
1784619755.697267,352.341,1980,3201,88.0,60.0,43.0
1784619755.707277,352.341,1980,3201,88.0,60.0,43.0
1784619755.717266,352.341,1980,3201,88.0,60.0,43.0
1784619755.727268,352.341,1980,3201,88.0,60.0,43.0
1784619755.737303,353.638,1980,3201,88.0,60.0,43.0
1784619755.747266,353.638,1980,3201,88.0,60.0,43.0
1784619755.757460,353.638,1980,3201,88.0,60.0,43.0
1784619755.767267,353.638,1980,3201,88.0,60.0,43.0
1784619755.777267,353.638,1980,3201,88.0,60.0,43.0
1784619755.787270,353.638,1980,3201,88.0,60.0,43.0
1784619755.797267,353.638,1980,3201,88.0,60.0,43.0
1784619755.807268,353.638,1980,3201,88.0,60.0,43.0
1784619755.817266,353.638,1980,3201,88.0,60.0,43.0
1784619755.827266,353.638,1980,3201,88.0,60.0,43.0
1784619755.837271,353.505,1980,3201,88.0,60.0,43.0
1784619755.847267,353.505,1980,3201,88.0,60.0,43.0
1784619755.857269,353.505,1980,3201,88.0,60.0,43.0
1784619755.867266,353.505,1980,3201,88.0,60.0,43.0
1784619755.877471,353.505,1980,3201,88.0,60.0,43.0
1784619755.887266,353.505,1980,3201,88.0,60.0,43.0
1784619755.897266,353.505,1980,3201,88.0,60.0,43.0
1784619755.907270,353.505,1980,3201,88.0,60.0,43.0
1784619755.917266,353.505,1980,3201,88.0,60.0,43.0
1784619755.927268,353.505,1980,3201,88.0,60.0,43.0
1784619755.937267,353.444,1980,3201,88.0,60.0,43.0
1784619755.947253,353.444,1980,3201,88.0,60.0,43.0
1784619755.957265,353.444,1980,3201,88.0,60.0,43.0
1784619755.967252,353.444,1980,3201,88.0,60.0,43.0
1784619755.977289,353.444,1980,3201,88.0,60.0,43.0
1784619755.987267,353.444,1980,3201,88.0,60.0,43.0
1784619755.997269,353.444,1980,3201,88.0,60.0,43.0
1784619756.007267,353.444,1980,3201,88.0,60.0,43.0
1784619756.017253,353.444,1980,3201,88.0,60.0,43.0
1784619756.027266,353.444,1980,3201,88.0,60.0,43.0
1784619756.037263,353.297,1980,3201,88.0,60.0,43.0
1784619756.047307,353.297,1980,3201,88.0,60.0,43.0
1784619756.057266,353.297,1980,3201,88.0,60.0,43.0
1784619756.067254,353.297,1980,3201,88.0,60.0,43.0
1784619756.077266,353.297,1980,3201,88.0,60.0,43.0
1784619756.087252,353.297,1980,3201,88.0,60.0,43.0
1784619756.097277,353.297,1980,3201,88.0,60.0,43.0
1784619756.107267,353.297,1980,3201,88.0,60.0,43.0
1784619756.117361,353.297,1980,3201,88.0,60.0,43.0
1784619756.127268,353.297,1980,3201,88.0,60.0,43.0
1784619756.137290,353.058,1980,3201,88.0,60.0,43.0
1784619756.147417,353.058,1980,3201,88.0,60.0,43.0
1784619756.157268,353.058,1980,3201,88.0,60.0,43.0
1784619756.167267,353.058,1980,3201,88.0,60.0,43.0
1784619756.177278,353.058,1980,3201,88.0,60.0,43.0
1784619756.187270,353.058,1980,3201,88.0,60.0,43.0
1784619756.197266,353.058,1980,3201,88.0,60.0,43.0
1784619756.207269,353.058,1980,3201,88.0,60.0,43.0
1784619756.217267,353.058,1980,3201,88.0,60.0,43.0
1784619756.227275,353.058,1980,3201,88.0,60.0,43.0
1784619756.237267,352.627,1980,3201,88.0,60.0,43.0
1784619756.247267,352.627,1980,3201,88.0,60.0,43.0
1784619756.257267,352.627,1980,3201,88.0,60.0,43.0
1784619756.267267,352.627,1980,3201,88.0,60.0,43.0
1784619756.277267,352.627,1980,3201,88.0,60.0,43.0
1784619756.287266,352.627,1980,3201,88.0,60.0,43.0
1784619756.297267,352.627,1980,3201,88.0,60.0,43.0
1784619756.307268,352.627,1980,3201,88.0,60.0,43.0
1784619756.317267,352.627,1980,3201,88.0,60.0,43.0
1784619756.327266,352.627,1980,3201,88.0,60.0,43.0
1784619756.337267,350.899,1980,3201,88.0,60.0,43.0
1784619756.347266,350.899,1980,3201,88.0,60.0,43.0
1784619756.357269,350.899,1980,3201,78.0,54.0,43.0
1784619756.367266,350.899,1980,3201,78.0,54.0,43.0
1784619756.377267,350.899,1980,3201,78.0,54.0,43.0
1784619756.387267,350.899,1980,3201,78.0,54.0,43.0
1784619756.397267,350.899,1980,3201,78.0,54.0,43.0
1784619756.407269,350.899,1980,3201,78.0,54.0,43.0
1784619756.417269,350.899,1980,3201,78.0,54.0,43.0
1784619756.427267,350.899,1980,3201,78.0,54.0,43.0
1784619756.437266,351.287,1980,3201,78.0,54.0,43.0
1784619756.447266,351.287,1980,3201,78.0,54.0,43.0
1784619756.457267,351.287,1980,3201,78.0,54.0,43.0
1784619756.467305,351.287,1980,3201,78.0,54.0,43.0
1784619756.477268,351.287,1980,3201,78.0,54.0,43.0
1784619756.487266,351.287,1980,3201,78.0,54.0,43.0
1784619756.497258,351.287,1980,3201,78.0,54.0,43.0
1784619756.507259,351.287,1980,3201,78.0,54.0,43.0
1784619756.517260,351.287,1980,3201,78.0,54.0,43.0
1784619756.527269,351.287,1980,3201,78.0,54.0,43.0
1784619756.537268,351.135,1980,3201,78.0,54.0,43.0
1784619756.547267,351.135,1980,3201,78.0,54.0,43.0
1784619756.557267,351.135,1980,3201,87.0,61.0,43.0
1784619756.567316,351.135,1980,3201,87.0,61.0,43.0
1784619756.577259,351.135,1980,3201,87.0,61.0,43.0
1784619756.587267,351.135,1980,3201,87.0,61.0,43.0
1784619756.597267,351.135,1980,3201,87.0,61.0,43.0
1784619756.607267,351.135,1980,3201,87.0,61.0,43.0
1784619756.617266,351.135,1980,3201,87.0,61.0,43.0
1784619756.627270,351.135,1980,3201,87.0,61.0,43.0
1784619756.637267,351.353,1980,3201,87.0,61.0,43.0
1784619756.647263,351.353,1980,3201,87.0,61.0,43.0
1784619756.657259,351.353,1980,3201,87.0,61.0,43.0
1784619756.667259,351.353,1980,3201,87.0,61.0,43.0
1784619756.677442,351.353,1980,3201,87.0,61.0,43.0
1784619756.687259,351.353,1980,3201,87.0,61.0,43.0
1784619756.697258,351.353,1980,3201,87.0,61.0,43.0
1784619756.707259,351.353,1980,3201,87.0,61.0,43.0
1784619756.717258,351.353,1980,3201,87.0,61.0,43.0
1784619756.727444,351.353,1980,3201,87.0,61.0,43.0
1784619756.737260,351.190,1980,3201,87.0,61.0,43.0
1784619756.747263,351.190,1980,3201,87.0,61.0,43.0
1784619756.757259,351.190,1980,3201,87.0,61.0,43.0
1784619756.767259,351.190,1980,3201,87.0,61.0,43.0
1784619756.777259,351.190,1980,3201,87.0,61.0,43.0
1784619756.787259,351.190,1980,3201,87.0,61.0,43.0
1784619756.797260,351.190,1980,3201,87.0,61.0,43.0
1784619756.807259,351.190,1980,3201,87.0,61.0,43.0
1784619756.817259,351.190,1980,3201,87.0,61.0,43.0
1784619756.827259,351.190,1980,3201,87.0,61.0,43.0
1784619756.837322,351.447,1980,3201,87.0,61.0,43.0
1784619756.847259,351.447,1980,3201,87.0,61.0,43.0
1784619756.857253,351.447,1980,3201,87.0,61.0,43.0
1784619756.867258,351.447,1980,3201,87.0,61.0,43.0
1784619756.877259,351.447,1980,3201,87.0,61.0,43.0
1784619756.887258,351.447,1980,3201,87.0,61.0,43.0
1784619756.897258,351.447,1980,3201,87.0,61.0,43.0
1784619756.907258,351.447,1980,3201,87.0,61.0,43.0
1784619756.917262,351.447,1980,3201,87.0,61.0,43.0
1784619756.927257,351.447,1980,3201,87.0,61.0,43.0
1784619756.937268,351.962,1980,3201,87.0,61.0,43.0
1784619756.947268,351.962,1980,3201,87.0,61.0,43.0
1784619756.957267,351.962,1980,3201,87.0,60.0,43.0
1784619756.967267,351.962,1980,3201,87.0,60.0,43.0
1784619756.977261,351.962,1980,3201,87.0,60.0,43.0
1784619756.987267,351.962,1980,3201,87.0,60.0,43.0
1784619756.997303,351.962,1980,3201,87.0,60.0,43.0
1784619757.007663,351.962,1980,3201,87.0,60.0,43.0
1784619757.017260,351.962,1980,3201,87.0,60.0,43.0
1784619757.027258,351.962,1980,3201,87.0,60.0,43.0
1784619757.037258,352.478,1980,3201,87.0,60.0,43.0
1784619757.047258,352.478,1980,3201,87.0,60.0,43.0
1784619757.057252,352.478,1980,3201,87.0,60.0,43.0
1784619757.067255,352.478,1980,3201,87.0,60.0,43.0
1784619757.077258,352.478,1980,3201,87.0,60.0,43.0
1784619757.087259,352.478,1980,3201,87.0,60.0,43.0
1784619757.097259,352.478,1980,3201,87.0,60.0,43.0
1784619757.107461,352.478,1980,3201,87.0,60.0,43.0
1784619757.117334,352.478,1980,3201,87.0,60.0,43.0
1784619757.127264,352.478,1980,3201,87.0,60.0,43.0
1784619757.137301,353.257,1980,3201,87.0,60.0,43.0
1784619757.147267,353.257,1980,3201,87.0,60.0,43.0
1784619757.157471,353.257,1980,3201,88.0,61.0,43.0
1784619757.167261,353.257,1980,3201,88.0,61.0,43.0
1784619757.177271,353.257,1980,3201,88.0,61.0,43.0
1784619757.187266,353.257,1980,3201,88.0,61.0,43.0
1784619757.197267,353.257,1980,3201,88.0,61.0,43.0
1784619757.207300,353.257,1980,3201,88.0,61.0,43.0
1784619757.217294,353.257,1980,3201,88.0,61.0,43.0
1784619757.227267,353.257,1980,3201,88.0,61.0,43.0
1784619757.237266,353.547,1980,3201,88.0,61.0,43.0
1784619757.247269,353.547,1980,3201,88.0,61.0,43.0
1784619757.257266,353.547,1980,3201,88.0,61.0,43.0
1784619757.267294,353.547,1980,3201,88.0,61.0,43.0
1784619757.277359,353.547,1980,3201,88.0,61.0,43.0
1784619757.287266,353.547,1980,3201,88.0,61.0,43.0
1784619757.297266,353.547,1980,3201,88.0,61.0,43.0
1784619757.307266,353.547,1980,3201,88.0,61.0,43.0
1784619757.317267,353.547,1980,3201,88.0,61.0,43.0
1784619757.327266,353.547,1980,3201,88.0,61.0,43.0
1784619757.337272,355.865,1980,3201,88.0,61.0,43.0
1784619757.347269,355.865,1980,3201,88.0,61.0,43.0
1784619757.357291,355.865,1980,3201,88.0,61.0,43.0
1784619757.367267,355.865,1980,3201,88.0,61.0,43.0
1784619757.377269,355.865,1980,3201,88.0,61.0,43.0
1784619757.387268,355.865,1980,3201,88.0,61.0,43.0
1784619757.397267,355.865,1980,3201,88.0,61.0,43.0
1784619757.407271,355.865,1980,3201,88.0,61.0,43.0
1784619757.417267,355.865,1980,3201,88.0,61.0,43.0
1784619757.427270,355.865,1980,3201,88.0,61.0,43.0
1784619757.437315,355.908,1980,3201,88.0,61.0,43.0
1784619757.447268,355.908,1980,3201,88.0,61.0,43.0
1784619757.457266,355.908,1980,3201,88.0,61.0,43.0
1784619757.467267,355.908,1980,3201,88.0,61.0,43.0
1784619757.477267,355.908,1980,3201,88.0,61.0,43.0
1784619757.487315,355.908,1980,3201,88.0,61.0,43.0
1784619757.497267,355.908,1980,3201,88.0,61.0,43.0
1784619757.507266,355.908,1980,3201,88.0,61.0,43.0
1784619757.517267,355.908,1980,3201,88.0,61.0,43.0
1784619757.527273,355.908,1980,3201,88.0,61.0,43.0
1784619757.537266,356.494,1980,3201,88.0,61.0,43.0
1784619757.547266,356.494,1980,3201,88.0,61.0,43.0
1784619757.557266,356.494,1980,3201,88.0,61.0,43.0
1784619757.567318,356.494,1980,3201,88.0,61.0,43.0
1784619757.577267,356.494,1980,3201,88.0,61.0,43.0
1784619757.587316,356.494,1980,3201,88.0,61.0,43.0
1784619757.597267,356.494,1980,3201,88.0,61.0,43.0
1784619757.607266,356.494,1980,3201,88.0,61.0,43.0
1784619757.617278,356.494,1980,3201,88.0,61.0,43.0
1784619757.627295,356.494,1980,3201,88.0,61.0,43.0
1784619757.637307,356.544,1980,3201,88.0,61.0,43.0
1784619757.647311,356.544,1980,3201,88.0,61.0,43.0
1784619757.657267,356.544,1980,3201,88.0,61.0,43.0
1784619757.667268,356.544,1980,3201,88.0,61.0,43.0
1784619757.677266,356.544,1980,3201,88.0,61.0,43.0
1784619757.687318,356.544,1980,3201,88.0,61.0,43.0
1784619757.697266,356.544,1980,3201,88.0,61.0,43.0
1784619757.707267,356.544,1980,3201,88.0,61.0,43.0
1784619757.717269,356.544,1980,3201,88.0,61.0,43.0
1784619757.727283,356.544,1980,3201,88.0,61.0,43.0
1784619757.737267,356.742,1980,3201,88.0,61.0,43.0
1784619757.747302,356.742,1980,3201,88.0,61.0,43.0
1784619757.757296,356.742,1980,3201,88.0,60.0,43.0
1784619757.767270,356.742,1980,3201,88.0,60.0,43.0
1784619757.777267,356.742,1980,3201,88.0,60.0,43.0
1784619757.787270,356.742,1980,3201,88.0,60.0,43.0
1784619757.797266,356.742,1980,3201,88.0,60.0,43.0
1784619757.807266,356.742,1980,3201,88.0,60.0,43.0
1784619757.817267,356.742,1980,3201,88.0,60.0,43.0
1784619757.827267,356.742,1980,3201,88.0,60.0,43.0
1784619757.837258,355.957,1980,3201,88.0,60.0,43.0
1784619757.847259,355.957,1980,3201,88.0,60.0,43.0
1784619757.857462,355.957,1980,3201,88.0,60.0,43.0
1784619757.867266,355.957,1980,3201,88.0,60.0,43.0
1784619757.877267,355.957,1980,3201,88.0,60.0,43.0
1784619757.887269,355.957,1980,3201,88.0,60.0,43.0
1784619757.897273,355.957,1980,3201,88.0,60.0,43.0
1784619757.907267,355.957,1980,3201,88.0,60.0,43.0
1784619757.917267,355.957,1980,3201,88.0,60.0,43.0
1784619757.927267,355.957,1980,3201,88.0,60.0,43.0
1784619757.937269,356.065,1980,3201,88.0,60.0,43.0
1784619757.947305,356.065,1980,3201,88.0,60.0,43.0
1784619757.957259,356.065,1980,3201,86.0,59.0,43.0
1784619757.967261,356.065,1980,3201,86.0,59.0,43.0
1784619757.977345,356.065,1980,3201,86.0,59.0,43.0
1784619757.987262,356.065,1980,3201,86.0,59.0,43.0
1784619757.997284,356.065,1980,3201,86.0,59.0,43.0
1784619758.007268,356.065,1980,3201,86.0,59.0,43.0
1784619758.017267,356.065,1980,3201,86.0,59.0,43.0
1784619758.027448,356.065,1980,3201,86.0,59.0,43.0
1784619758.037259,356.149,1980,3201,86.0,59.0,43.0
1784619758.047259,356.149,1980,3201,86.0,59.0,43.0
1784619758.057259,356.149,1980,3201,86.0,59.0,43.0
1784619758.067258,356.149,1980,3201,86.0,59.0,43.0
1784619758.077259,356.149,1980,3201,86.0,59.0,43.0
1784619758.087258,356.149,1980,3201,86.0,59.0,43.0
1784619758.097259,356.149,1980,3201,86.0,59.0,43.0
1784619758.107258,356.149,1980,3201,86.0,59.0,43.0
1784619758.117258,356.149,1980,3201,86.0,59.0,43.0
1784619758.127258,356.149,1980,3201,86.0,59.0,43.0
1784619758.137259,355.756,1980,3201,86.0,59.0,43.0
1784619758.147259,355.756,1980,3201,86.0,59.0,43.0
1784619758.157259,355.756,1980,3201,88.0,61.0,43.0
1784619758.167258,355.756,1980,3201,88.0,61.0,43.0
1784619758.177262,355.756,1980,3201,88.0,61.0,43.0
1784619758.187258,355.756,1980,3201,88.0,61.0,43.0
1784619758.197322,355.756,1980,3201,88.0,61.0,43.0
1784619758.207500,355.756,1980,3201,88.0,61.0,43.0
1784619758.217271,355.756,1980,3201,88.0,61.0,43.0
1784619758.227256,355.756,1980,3201,88.0,61.0,43.0
1784619758.237265,356.606,1980,3201,88.0,61.0,43.0
1784619758.247267,356.606,1980,3201,88.0,61.0,43.0
1784619758.257268,356.606,1980,3201,88.0,61.0,43.0
1784619758.267266,356.606,1980,3201,88.0,61.0,43.0
1784619758.277267,356.606,1980,3201,88.0,61.0,43.0
1784619758.287267,356.606,1980,3201,88.0,61.0,43.0
1784619758.297266,356.606,1980,3201,88.0,61.0,43.0
1784619758.307255,356.606,1980,3201,88.0,61.0,43.0
1784619758.317257,356.606,1980,3201,88.0,61.0,43.0
1784619758.327258,356.606,1980,3201,88.0,61.0,43.0
1784619758.337256,356.402,1980,3201,88.0,61.0,43.0
1784619758.347257,356.402,1980,3201,88.0,61.0,43.0
1784619758.357258,356.402,1980,3201,88.0,61.0,43.0
1784619758.367259,356.402,1980,3201,88.0,61.0,43.0
1784619758.377258,356.402,1980,3201,88.0,61.0,43.0
1784619758.387473,356.402,1980,3201,88.0,61.0,43.0
1784619758.397258,356.402,1980,3201,88.0,61.0,43.0
1784619758.407258,356.402,1980,3201,88.0,61.0,43.0
1784619758.417258,356.402,1980,3201,88.0,61.0,43.0
1784619758.427258,356.402,1980,3201,88.0,61.0,43.0
1784619758.437484,355.858,1980,3201,88.0,61.0,43.0
1784619758.447258,355.858,1980,3201,88.0,61.0,43.0
1784619758.457255,355.858,1980,3201,88.0,61.0,43.0
1784619758.467250,355.858,1980,3201,88.0,61.0,43.0
1784619758.477257,355.858,1980,3201,88.0,61.0,43.0
1784619758.487259,355.858,1980,3201,88.0,61.0,43.0
1784619758.497258,355.858,1980,3201,88.0,61.0,43.0
1784619758.507270,355.858,1980,3201,88.0,61.0,43.0
1784619758.517256,355.858,1980,3201,88.0,61.0,43.0
1784619758.527269,355.858,1980,3201,88.0,61.0,43.0
1784619758.537457,355.978,1980,3201,88.0,61.0,43.0
1784619758.547267,355.978,1980,3201,88.0,61.0,43.0
1784619758.557266,355.978,1980,3201,87.0,60.0,43.0
1784619758.567268,355.978,1980,3201,87.0,60.0,43.0
1784619758.577266,355.978,1980,3201,87.0,60.0,43.0
1784619758.587458,355.978,1980,3201,87.0,60.0,43.0
1784619758.597267,355.978,1980,3201,87.0,60.0,43.0
1784619758.607266,355.978,1980,3201,87.0,60.0,43.0
1784619758.617266,355.978,1980,3201,87.0,60.0,43.0
1784619758.627267,355.978,1980,3201,87.0,60.0,43.0
1784619758.637268,355.509,1980,3201,87.0,60.0,43.0
1784619758.647268,355.509,1980,3201,87.0,60.0,43.0
1784619758.657323,355.509,1980,3201,87.0,60.0,43.0
1784619758.667266,355.509,1980,3201,87.0,60.0,43.0
1784619758.677271,355.509,1980,3201,87.0,60.0,43.0
1784619758.687259,355.509,1980,3201,87.0,60.0,43.0
1784619758.697266,355.509,1980,3201,87.0,60.0,43.0
1784619758.707266,355.509,1980,3201,87.0,60.0,43.0
1784619758.717267,355.509,1980,3201,87.0,60.0,43.0
1784619758.727266,355.509,1980,3201,87.0,60.0,43.0
1784619758.737267,355.394,1980,3201,87.0,60.0,43.0
1784619758.747269,355.394,1980,3201,87.0,60.0,43.0
1784619758.757267,355.394,1980,3201,87.0,61.0,43.0
1784619758.767268,355.394,1980,3201,87.0,61.0,43.0
1784619758.777266,355.394,1980,3201,87.0,61.0,43.0
1784619758.787266,355.394,1980,3201,87.0,61.0,43.0
1784619758.797267,355.394,1980,3201,87.0,61.0,43.0
1784619758.807266,355.394,1980,3201,87.0,61.0,43.0
1784619758.817268,355.394,1980,3201,87.0,61.0,43.0
1784619758.827267,355.394,1980,3201,87.0,61.0,43.0
1784619758.837266,355.438,1980,3201,87.0,61.0,43.0
1784619758.847266,355.438,1980,3201,87.0,61.0,43.0
1784619758.857266,355.438,1980,3201,87.0,61.0,43.0
1784619758.867267,355.438,1980,3201,87.0,61.0,43.0
1784619758.877267,355.438,1980,3201,87.0,61.0,43.0
1784619758.887267,355.438,1980,3201,87.0,61.0,43.0
1784619758.897266,355.438,1980,3201,87.0,61.0,43.0
1784619758.907267,355.438,1980,3201,87.0,61.0,43.0
1784619758.917267,355.438,1980,3201,87.0,61.0,43.0
1784619758.927266,355.438,1980,3201,87.0,61.0,43.0
1784619758.937267,355.064,1980,3201,87.0,61.0,43.0
1784619758.947267,355.064,1980,3201,87.0,61.0,43.0
1784619758.957267,355.064,1980,3201,87.0,61.0,43.0
1784619758.967260,355.064,1980,3201,87.0,61.0,43.0
1784619758.977294,355.064,1980,3201,87.0,61.0,43.0
1784619758.987299,355.064,1980,3201,87.0,61.0,43.0
1784619758.997267,355.064,1980,3201,87.0,61.0,43.0
1784619759.007318,355.064,1980,3201,87.0,61.0,43.0
1784619759.017260,355.064,1980,3201,87.0,61.0,43.0
1784619759.027267,355.064,1980,3201,87.0,61.0,43.0
1784619759.037266,354.320,1980,3201,87.0,61.0,43.0
1784619759.047267,354.320,1980,3201,87.0,61.0,43.0
1784619759.057267,354.320,1980,3201,87.0,61.0,43.0
1784619759.067254,354.320,1980,3201,87.0,61.0,43.0
1784619759.077267,354.320,1980,3201,87.0,61.0,43.0
1784619759.087267,354.320,1980,3201,87.0,61.0,43.0
1784619759.097266,354.320,1980,3201,87.0,61.0,43.0
1784619759.107279,354.320,1980,3201,87.0,61.0,43.0
1784619759.117477,354.320,1980,3201,87.0,61.0,43.0
1784619759.127266,354.320,1980,3201,87.0,61.0,43.0
1784619759.137270,354.519,1980,3201,87.0,61.0,43.0
1784619759.147253,354.519,1980,3201,87.0,61.0,43.0
1784619759.157266,354.519,1980,3201,87.0,61.0,43.0
1784619759.167360,354.519,1980,3201,87.0,61.0,43.0
1784619759.177267,354.519,1980,3201,87.0,61.0,43.0
1784619759.187268,354.519,1980,3201,87.0,61.0,43.0
1784619759.197266,354.519,1980,3201,87.0,61.0,43.0
1784619759.207268,354.519,1980,3201,87.0,61.0,43.0
1784619759.217496,354.519,1980,3201,87.0,61.0,43.0
1784619759.227267,354.519,1980,3201,87.0,61.0,43.0
1784619759.237302,353.665,1980,3201,87.0,61.0,43.0
1784619759.247266,353.665,1980,3201,87.0,61.0,43.0
1784619759.257271,353.665,1980,3201,87.0,61.0,43.0
1784619759.267359,353.665,1980,3201,87.0,61.0,43.0
1784619759.277267,353.665,1980,3201,87.0,61.0,43.0
1784619759.287267,353.665,1980,3201,87.0,61.0,43.0
1784619759.297267,353.665,1980,3201,87.0,61.0,43.0
1784619759.307267,353.665,1980,3201,87.0,61.0,43.0
1784619759.317285,353.665,1980,3201,87.0,61.0,43.0
1784619759.327252,353.665,1980,3201,87.0,61.0,43.0
1784619759.337266,353.663,1980,3201,87.0,61.0,43.0
1784619759.347277,353.663,1980,3201,87.0,61.0,43.0
1784619759.357266,353.663,1980,3201,87.0,60.0,43.0
1784619759.367682,353.663,1980,3201,87.0,60.0,43.0
1784619759.377266,353.663,1980,3201,87.0,60.0,43.0
1784619759.387266,353.663,1980,3201,87.0,60.0,43.0
1784619759.397267,353.663,1980,3201,87.0,60.0,43.0
1784619759.407267,353.663,1980,3201,87.0,60.0,43.0
1784619759.417264,353.663,1980,3201,87.0,60.0,43.0
1784619759.427310,353.663,1980,3201,87.0,60.0,43.0
1784619759.437266,353.956,1980,3201,87.0,60.0,43.0
1784619759.447267,353.956,1980,3201,87.0,60.0,43.0
1784619759.457266,353.956,1980,3201,87.0,60.0,43.0
1784619759.467267,353.956,1980,3201,87.0,60.0,43.0
1784619759.477267,353.956,1980,3201,87.0,60.0,43.0
1784619759.487507,353.956,1980,3201,87.0,60.0,43.0
1784619759.497268,353.956,1980,3201,87.0,60.0,43.0
1784619759.507267,353.956,1980,3201,87.0,60.0,43.0
1784619759.517348,353.956,1980,3201,87.0,60.0,43.0
1784619759.527266,353.956,1980,3201,87.0,60.0,43.0
1784619759.537285,353.409,1980,3201,87.0,60.0,43.0
1784619759.547269,353.409,1980,3201,87.0,60.0,43.0
1784619759.557253,353.409,1980,3201,82.0,57.0,43.0
1784619759.567267,353.409,1980,3201,82.0,57.0,43.0
1784619759.577266,353.409,1980,3201,82.0,57.0,43.0
1784619759.587266,353.409,1980,3201,82.0,57.0,43.0
1784619759.597260,353.409,1980,3201,82.0,57.0,43.0
1784619759.607266,353.409,1980,3201,82.0,57.0,43.0
1784619759.617267,353.409,1980,3201,82.0,57.0,43.0
1784619759.627266,353.409,1980,3201,82.0,57.0,43.0
1784619759.637266,353.548,1980,3201,82.0,57.0,43.0
1784619759.647268,353.548,1980,3201,82.0,57.0,43.0
1784619759.657274,353.548,1980,3201,82.0,57.0,43.0
1784619759.667268,353.548,1980,3201,82.0,57.0,43.0
1784619759.677272,353.548,1980,3201,82.0,57.0,43.0
1784619759.687259,353.548,1980,3201,82.0,57.0,43.0
1784619759.697255,353.548,1980,3201,82.0,57.0,43.0
1784619759.707259,353.548,1980,3201,82.0,57.0,43.0
1784619759.717261,353.548,1980,3201,82.0,57.0,43.0
1784619759.727259,353.548,1980,3201,82.0,57.0,43.0
1784619759.737258,353.421,1980,3201,82.0,57.0,43.0
1784619759.747255,353.421,1980,3201,82.0,57.0,43.0
1784619759.757258,353.421,1980,3201,87.0,61.0,43.0
1784619759.767258,353.421,1980,3201,87.0,61.0,43.0
1784619759.777258,353.421,1980,3201,87.0,61.0,43.0
1784619759.787258,353.421,1980,3201,87.0,61.0,43.0
1784619759.797258,353.421,1980,3201,87.0,61.0,43.0
1784619759.807258,353.421,1980,3201,87.0,61.0,43.0
1784619759.817355,353.421,1980,3201,87.0,61.0,43.0
1784619759.827279,353.421,1980,3201,87.0,61.0,43.0
1784619759.837285,353.880,1980,3201,87.0,61.0,43.0
1784619759.847267,353.880,1980,3201,87.0,61.0,43.0
1784619759.857266,353.880,1980,3201,87.0,61.0,43.0
1784619759.867266,353.880,1980,3201,87.0,61.0,43.0
1784619759.877299,353.880,1980,3201,87.0,61.0,43.0
1784619759.887269,353.880,1980,3201,87.0,61.0,43.0
1784619759.897267,353.880,1980,3201,87.0,61.0,43.0
1784619759.907267,353.880,1980,3201,87.0,61.0,43.0
1784619759.917267,353.880,1980,3201,87.0,61.0,43.0
1784619759.927269,353.880,1980,3201,87.0,61.0,43.0
1784619759.937267,354.329,1980,3201,87.0,61.0,43.0
1784619759.947268,354.329,1980,3201,87.0,61.0,43.0
1784619759.957266,354.329,1980,3201,87.0,61.0,43.0
1784619759.967267,354.329,1980,3201,87.0,61.0,43.0
1784619759.977266,354.329,1980,3201,87.0,61.0,43.0
1784619759.987284,354.329,1980,3201,87.0,61.0,43.0
1784619759.997299,354.329,1980,3201,87.0,61.0,43.0
1784619760.007266,354.329,1980,3201,87.0,61.0,43.0
1784619760.017267,354.329,1980,3201,87.0,61.0,43.0
1784619760.027302,354.329,1980,3201,87.0,61.0,43.0
1784619760.037267,354.514,1980,3201,87.0,61.0,43.0
1784619760.047270,354.514,1980,3201,87.0,61.0,43.0
1784619760.057267,354.514,1980,3201,87.0,61.0,43.0
1784619760.067268,354.514,1980,3201,87.0,61.0,43.0
1784619760.077269,354.514,1980,3201,87.0,61.0,43.0
1784619760.087268,354.514,1980,3201,87.0,61.0,43.0
1784619760.097267,354.514,1980,3201,87.0,61.0,43.0
1784619760.107660,354.514,1980,3201,87.0,61.0,43.0
1784619760.117268,354.514,1980,3201,87.0,61.0,43.0
1784619760.127258,354.514,1980,3201,87.0,61.0,43.0
1784619760.137267,355.258,1980,3201,87.0,61.0,43.0
1784619760.147269,355.258,1980,3201,87.0,61.0,43.0
1784619760.157497,355.258,1980,3201,88.0,61.0,43.0
1784619760.167278,355.258,1980,3201,88.0,61.0,43.0
1784619760.177267,355.258,1980,3201,88.0,61.0,43.0
1784619760.187267,355.258,1980,3201,88.0,61.0,43.0
1784619760.197269,355.258,1980,3201,88.0,61.0,43.0
1784619760.207508,355.258,1980,3201,88.0,61.0,43.0
1784619760.217267,355.258,1980,3201,88.0,61.0,43.0
1784619760.227258,355.258,1980,3201,88.0,61.0,43.0
1784619760.237267,355.565,1980,3201,88.0,61.0,43.0
1784619760.247267,355.565,1980,3201,88.0,61.0,43.0
1784619760.257296,355.565,1980,3201,88.0,61.0,43.0
1784619760.267267,355.565,1980,3201,88.0,61.0,43.0
1784619760.277267,355.565,1980,3201,88.0,61.0,43.0
1784619760.287268,355.565,1980,3201,88.0,61.0,43.0
1784619760.297268,355.565,1980,3201,88.0,61.0,43.0
1784619760.307317,355.565,1980,3201,88.0,61.0,43.0
1784619760.317270,355.565,1980,3201,88.0,61.0,43.0
1784619760.327258,355.565,1980,3201,88.0,61.0,43.0
1784619760.337269,356.000,1980,3201,88.0,61.0,43.0
1784619760.347267,356.000,1980,3201,88.0,61.0,43.0
1784619760.357289,356.000,1980,3201,87.0,60.0,43.0
1784619760.367266,356.000,1980,3201,87.0,60.0,43.0
1784619760.377266,356.000,1980,3201,87.0,60.0,43.0
1784619760.387271,356.000,1980,3201,87.0,60.0,43.0
1784619760.397269,356.000,1980,3201,87.0,60.0,43.0
1784619760.407270,356.000,1980,3201,87.0,60.0,43.0
1784619760.417267,356.000,1980,3201,87.0,60.0,43.0
1784619760.427258,356.000,1980,3201,87.0,60.0,43.0
1784619760.437267,355.985,1980,3201,87.0,60.0,43.0
1784619760.447267,355.985,1980,3201,87.0,60.0,43.0
1784619760.457268,355.985,1980,3201,87.0,60.0,43.0
1784619760.467274,355.985,1980,3201,87.0,60.0,43.0
1784619760.477267,355.985,1980,3201,87.0,60.0,43.0
1784619760.487269,355.985,1980,3201,87.0,60.0,43.0
1784619760.497267,355.985,1980,3201,87.0,60.0,43.0
1784619760.507271,355.985,1980,3201,87.0,60.0,43.0
1784619760.517267,355.985,1980,3201,87.0,60.0,43.0
1784619760.527258,355.985,1980,3201,87.0,60.0,43.0
1784619760.537267,356.683,1980,3201,87.0,60.0,43.0
1784619760.547266,356.683,1980,3201,87.0,60.0,43.0
1784619760.557259,356.683,1980,3201,87.0,61.0,43.0
1784619760.567259,356.683,1980,3201,87.0,61.0,43.0
1784619760.577259,356.683,1980,3201,87.0,61.0,43.0
1784619760.587261,356.683,1980,3201,87.0,61.0,43.0
1784619760.597267,356.683,1980,3201,87.0,61.0,43.0
1784619760.607270,356.683,1980,3201,87.0,61.0,43.0
1784619760.617267,356.683,1980,3201,87.0,61.0,43.0
1784619760.627258,356.683,1980,3201,87.0,61.0,43.0
1784619760.637259,356.779,1980,3201,87.0,61.0,43.0
1784619760.647266,356.779,1980,3201,87.0,61.0,43.0
1784619760.657266,356.779,1980,3201,87.0,61.0,43.0
1784619760.667267,356.779,1980,3201,87.0,61.0,43.0
1784619760.677269,356.779,1980,3201,87.0,61.0,43.0
1784619760.687273,356.779,1980,3201,87.0,61.0,43.0
1784619760.697266,356.779,1980,3201,87.0,61.0,43.0
1784619760.707301,356.779,1980,3201,87.0,61.0,43.0
1784619760.717270,356.779,1980,3201,87.0,61.0,43.0
1784619760.727257,356.779,1980,3201,87.0,61.0,43.0
1784619760.737259,356.694,1980,3201,87.0,61.0,43.0
1784619760.747258,356.694,1980,3201,87.0,61.0,43.0
1784619760.757259,356.694,1980,3201,87.0,61.0,43.0
1784619760.767259,356.694,1980,3201,87.0,61.0,43.0
1784619760.777260,356.694,1980,3201,87.0,61.0,43.0
1784619760.787260,356.694,1980,3201,87.0,61.0,43.0
1784619760.797259,356.694,1980,3201,87.0,61.0,43.0
1784619760.807259,356.694,1980,3201,87.0,61.0,43.0
1784619760.817259,356.694,1980,3201,87.0,61.0,43.0
1784619760.827258,356.694,1980,3201,87.0,61.0,43.0
1784619760.837259,356.694,1980,3201,87.0,61.0,43.0
1784619760.847260,356.862,1980,3201,87.0,61.0,43.0
1784619760.857257,356.862,1980,3201,87.0,61.0,43.0
1784619760.867259,356.862,1980,3201,87.0,61.0,43.0
1784619760.877337,356.862,1980,3201,87.0,61.0,43.0
1784619760.887267,356.862,1980,3201,87.0,61.0,43.0
1784619760.897266,356.862,1980,3201,87.0,61.0,43.0
1784619760.907267,356.862,1980,3201,87.0,61.0,43.0
1784619760.917274,356.862,1980,3201,87.0,61.0,43.0
1784619760.927268,356.862,1980,3201,87.0,61.0,43.0
1784619760.937266,356.862,1980,3201,87.0,61.0,43.0
1784619760.947270,356.613,1980,3201,87.0,61.0,43.0
1784619760.957323,356.613,1980,3201,87.0,61.0,43.0
1784619760.967267,356.613,1980,3201,87.0,61.0,43.0
1784619760.977267,356.613,1980,3201,87.0,61.0,43.0
1784619760.987252,356.613,1980,3201,87.0,61.0,43.0
1784619760.997266,356.613,1980,3201,87.0,61.0,43.0
1784619761.007270,356.613,1980,3201,87.0,61.0,43.0
1784619761.017268,356.613,1980,3201,87.0,61.0,43.0
1784619761.027269,356.613,1980,3201,87.0,61.0,43.0
1784619761.037266,356.613,1980,3201,87.0,61.0,43.0
1784619761.047258,356.464,1980,3201,87.0,61.0,43.0
1784619761.057254,356.464,1980,3201,87.0,61.0,43.0
1784619761.067258,356.464,1980,3201,87.0,61.0,43.0
1784619761.077258,356.464,1980,3201,87.0,61.0,43.0
1784619761.087259,356.464,1980,3201,87.0,61.0,43.0
1784619761.097259,356.464,1980,3201,87.0,61.0,43.0
1784619761.107257,356.464,1980,3201,87.0,61.0,43.0
1784619761.117259,356.464,1980,3201,87.0,61.0,43.0
1784619761.127253,356.464,1980,3201,87.0,61.0,43.0
1784619761.137259,356.464,1980,3201,87.0,61.0,43.0
1784619761.147254,356.360,1980,3201,87.0,61.0,43.0
1784619761.157258,356.360,1980,3201,87.0,61.0,43.0
1784619761.167258,356.360,1980,3201,86.0,59.0,43.0
1784619761.177277,356.360,1980,3201,86.0,59.0,43.0
1784619761.187258,356.360,1980,3201,86.0,59.0,43.0
1784619761.197344,356.360,1980,3201,86.0,59.0,43.0
1784619761.207318,356.360,1980,3201,86.0,59.0,43.0
1784619761.217271,356.360,1980,3201,86.0,59.0,43.0
1784619761.227257,356.360,1980,3201,86.0,59.0,43.0
1784619761.237269,356.360,1980,3201,86.0,59.0,43.0
1784619761.247267,356.305,1980,3201,86.0,59.0,43.0
1784619761.257267,356.305,1980,3201,86.0,59.0,43.0
1784619761.267267,356.305,1980,3201,86.0,59.0,43.0
1784619761.277259,356.305,1980,3201,86.0,59.0,43.0
1784619761.287267,356.305,1980,3201,86.0,59.0,43.0
1784619761.297268,356.305,1980,3201,86.0,59.0,43.0
1784619761.307259,356.305,1980,3201,86.0,59.0,43.0
1784619761.317283,356.305,1980,3201,86.0,59.0,43.0
1784619761.327257,356.305,1980,3201,86.0,59.0,43.0
1784619761.337271,356.305,1980,3201,86.0,59.0,43.0
1784619761.347267,356.641,1980,3201,86.0,59.0,43.0
1784619761.357492,356.641,1980,3201,86.0,59.0,43.0
1784619761.367267,356.641,1980,3201,88.0,61.0,43.0
1784619761.377267,356.641,1980,3201,88.0,61.0,43.0
1784619761.387269,356.641,1980,3201,88.0,61.0,43.0
1784619761.397267,356.641,1980,3201,88.0,61.0,43.0
1784619761.407258,356.641,1980,3201,88.0,61.0,43.0
1784619761.417269,356.641,1980,3201,88.0,61.0,43.0
1784619761.427258,356.641,1980,3201,88.0,61.0,43.0
1784619761.437266,356.641,1980,3201,88.0,61.0,43.0
1784619761.447267,356.932,1980,3201,88.0,61.0,43.0
1784619761.457259,356.932,1980,3201,88.0,61.0,43.0
1784619761.467267,356.932,1980,3201,88.0,61.0,43.0
1784619761.477279,356.932,1980,3201,88.0,61.0,43.0
1784619761.487273,356.932,1980,3201,88.0,61.0,43.0
1784619761.497267,356.932,1980,3201,88.0,61.0,43.0
1784619761.507270,356.932,1980,3201,88.0,61.0,43.0
1784619761.517269,356.932,1980,3201,88.0,61.0,43.0
1784619761.527258,356.932,1980,3201,88.0,61.0,43.0
1784619761.537266,356.932,1980,3201,88.0,61.0,43.0
1784619761.547268,356.975,1980,3201,88.0,61.0,43.0
1784619761.557302,356.975,1980,3201,88.0,61.0,43.0
1784619761.567267,356.975,1980,3201,87.0,61.0,43.0
1784619761.577266,356.975,1980,3201,87.0,61.0,43.0
1784619761.587547,356.975,1980,3201,87.0,61.0,43.0
1784619761.597267,356.975,1980,3201,87.0,61.0,43.0
1784619761.607267,356.975,1980,3201,87.0,61.0,43.0
1784619761.617267,356.975,1980,3201,87.0,61.0,43.0
1784619761.627225,356.975,1980,3201,87.0,61.0,43.0
1784619761.637315,356.975,1980,3201,87.0,61.0,43.0
1784619761.647299,356.764,1980,3201,87.0,61.0,43.0
1784619761.657303,356.764,1980,3201,87.0,61.0,43.0
1784619761.667267,356.764,1980,3201,87.0,61.0,43.0
1784619761.677268,356.764,1980,3201,87.0,61.0,43.0
1784619761.687258,356.764,1980,3201,87.0,61.0,43.0
1784619761.697269,356.764,1980,3201,87.0,61.0,43.0
1784619761.707267,356.764,1980,3201,87.0,61.0,43.0
1784619761.717267,356.764,1980,3201,87.0,61.0,43.0
1784619761.727258,356.764,1980,3201,87.0,61.0,43.0
1784619761.737259,356.764,1980,3201,87.0,61.0,43.0
1784619761.747267,356.991,1980,3201,87.0,61.0,43.0
1784619761.757267,356.991,1980,3201,87.0,61.0,43.0
1784619761.767259,356.991,1980,3201,87.0,61.0,43.0
1784619761.777266,356.991,1980,3201,87.0,61.0,43.0
1784619761.787258,356.991,1980,3201,87.0,61.0,43.0
1784619761.797267,356.991,1980,3201,87.0,61.0,43.0
1784619761.807266,356.991,1980,3201,87.0,61.0,43.0
1784619761.817440,356.991,1980,3201,87.0,61.0,43.0
1784619761.827257,356.991,1980,3201,87.0,61.0,43.0
1784619761.837264,356.991,1980,3201,87.0,61.0,43.0
1784619761.847267,356.935,1980,3201,87.0,61.0,43.0
1784619761.857267,356.935,1980,3201,87.0,61.0,43.0
1784619761.867492,356.935,1980,3201,87.0,61.0,43.0
1784619761.877267,356.935,1980,3201,87.0,61.0,43.0
1784619761.887267,356.935,1980,3201,87.0,61.0,43.0
1784619761.897267,356.935,1980,3201,87.0,61.0,43.0
1784619761.907306,356.935,1980,3201,87.0,61.0,43.0
1784619761.917255,356.935,1980,3201,87.0,61.0,43.0
1784619761.927258,356.935,1980,3201,87.0,61.0,43.0
1784619761.937258,356.935,1980,3201,87.0,61.0,43.0
1784619761.947260,356.887,1980,3201,87.0,61.0,43.0
1784619761.957269,356.887,1980,3201,87.0,61.0,43.0
1784619761.967259,356.887,1980,3201,87.0,61.0,43.0
1784619761.977266,356.887,1980,3201,87.0,61.0,43.0
1784619761.987267,356.887,1980,3201,87.0,61.0,43.0
1784619761.997267,356.887,1980,3201,87.0,61.0,43.0
1784619762.007267,356.887,1980,3201,87.0,61.0,43.0
1784619762.017258,356.887,1980,3201,87.0,61.0,43.0
1784619762.027268,356.887,1980,3201,87.0,61.0,43.0
1784619762.037269,356.887,1980,3201,87.0,61.0,43.0
1784619762.047267,356.775,1980,3201,87.0,61.0,43.0
1784619762.057267,356.775,1980,3201,87.0,61.0,43.0
1784619762.067258,356.775,1980,3201,87.0,61.0,43.0
1784619762.077267,356.775,1980,3201,87.0,61.0,43.0
1784619762.087267,356.775,1980,3201,87.0,61.0,43.0
1784619762.097266,356.775,1980,3201,87.0,61.0,43.0
1784619762.107268,356.775,1980,3201,87.0,61.0,43.0
1784619762.117259,356.775,1980,3201,87.0,61.0,43.0
1784619762.127267,356.775,1980,3201,87.0,61.0,43.0
1784619762.137267,356.775,1980,3201,87.0,61.0,43.0
1784619762.147484,356.442,1980,3201,87.0,61.0,43.0
1784619762.157267,356.442,1980,3201,87.0,61.0,43.0
1784619762.167269,356.442,1980,3201,88.0,61.0,43.0
1784619762.177270,356.442,1980,3201,88.0,61.0,43.0
1784619762.187277,356.442,1980,3201,88.0,61.0,43.0
1784619762.197260,356.442,1980,3201,88.0,61.0,43.0
1784619762.207257,356.442,1980,3201,88.0,61.0,43.0
1784619762.217267,356.442,1980,3201,88.0,61.0,43.0
1784619762.227266,356.442,1980,3201,88.0,61.0,43.0
1784619762.237288,356.442,1980,3201,88.0,61.0,43.0
1784619762.247260,356.488,1980,3201,88.0,61.0,43.0
1784619762.257265,356.488,1980,3201,88.0,61.0,43.0
1784619762.267265,356.488,1980,3201,88.0,61.0,43.0
1784619762.277267,356.488,1980,3201,88.0,61.0,43.0
1784619762.287268,356.488,1980,3201,88.0,61.0,43.0
1784619762.297664,356.488,1980,3201,88.0,61.0,43.0
1784619762.307271,356.488,1980,3201,88.0,61.0,43.0
1784619762.317260,356.488,1980,3201,88.0,61.0,43.0
1784619762.327268,356.488,1980,3201,88.0,61.0,43.0
1784619762.337272,356.488,1980,3201,88.0,61.0,43.0
1784619762.347477,355.919,1980,3201,88.0,61.0,43.0
1784619762.357267,355.919,1980,3201,88.0,61.0,43.0
1784619762.367259,355.919,1980,3201,88.0,61.0,43.0
1784619762.377267,355.919,1980,3201,88.0,61.0,43.0
1784619762.387267,355.919,1980,3201,88.0,61.0,43.0
1784619762.397470,355.919,1980,3201,88.0,61.0,43.0
1784619762.407266,355.919,1980,3201,88.0,61.0,43.0
1784619762.417259,355.919,1980,3201,88.0,61.0,43.0
1784619762.427263,355.919,1980,3201,88.0,61.0,43.0
1784619762.437267,355.919,1980,3201,88.0,61.0,43.0
1784619762.447259,355.505,1980,3201,88.0,61.0,43.0
1784619762.457272,355.505,1980,3201,88.0,61.0,43.0
1784619762.467257,355.505,1980,3201,88.0,61.0,43.0
1784619762.477301,355.505,1980,3201,88.0,61.0,43.0
1784619762.487258,355.505,1980,3201,88.0,61.0,43.0
1784619762.497255,355.505,1980,3201,88.0,61.0,43.0
1784619762.507259,355.505,1980,3201,88.0,61.0,43.0
1784619762.517259,355.505,1980,3201,88.0,61.0,43.0
1784619762.527267,355.505,1980,3201,88.0,61.0,43.0
1784619762.537267,355.505,1980,3201,88.0,61.0,43.0
1784619762.547259,355.212,1980,3201,88.0,61.0,43.0
1784619762.557273,355.212,1980,3201,88.0,61.0,43.0
1784619762.567259,355.212,1980,3201,88.0,61.0,43.0
1784619762.577322,355.212,1980,3201,88.0,61.0,43.0
1784619762.587368,355.212,1980,3201,88.0,61.0,43.0
1784619762.597258,355.212,1980,3201,88.0,61.0,43.0
1784619762.607325,355.212,1980,3201,88.0,61.0,43.0
1784619762.617264,355.212,1980,3201,88.0,61.0,43.0
1784619762.627313,355.212,1980,3201,88.0,61.0,43.0
1784619762.637267,355.212,1980,3201,88.0,61.0,43.0
1784619762.647442,355.077,1980,3201,88.0,61.0,43.0
1784619762.657315,355.077,1980,3201,88.0,61.0,43.0
1784619762.667264,355.077,1980,3201,88.0,61.0,43.0
1784619762.677270,355.077,1980,3201,88.0,61.0,43.0
1784619762.687389,355.077,1980,3201,88.0,61.0,43.0
1784619762.697269,355.077,1980,3201,88.0,61.0,43.0
1784619762.707260,355.077,1980,3201,88.0,61.0,43.0
1784619762.717268,355.077,1980,3201,88.0,61.0,43.0
1784619762.727267,355.077,1980,3201,88.0,61.0,43.0
1784619762.737269,355.077,1980,3201,88.0,61.0,43.0
1784619762.747269,357.880,1980,3201,88.0,61.0,43.0
1784619762.757260,357.880,1980,3201,88.0,61.0,43.0
1784619762.767266,357.880,1980,3201,78.0,52.0,43.0
1784619762.777260,357.880,1980,3201,78.0,52.0,43.0
1784619762.787288,357.880,1980,3201,78.0,52.0,43.0
1784619762.797267,357.880,1980,3201,78.0,52.0,43.0
1784619762.807569,357.880,1980,3201,78.0,52.0,43.0
1784619762.817268,357.880,1980,3201,78.0,52.0,43.0
1784619762.827272,357.880,1980,3201,78.0,52.0,43.0
1784619762.837266,357.880,1980,3201,78.0,52.0,43.0
1784619762.847270,358.014,1980,3201,78.0,52.0,43.0
1784619762.857266,358.014,1980,3201,78.0,52.0,43.0
1784619762.867269,358.014,1980,3201,78.0,52.0,43.0
1784619762.877253,358.014,1980,3201,78.0,52.0,43.0
1784619762.887316,358.014,1980,3201,78.0,52.0,43.0
1784619762.897263,358.014,1980,3201,78.0,52.0,43.0
1784619762.907267,358.014,1980,3201,78.0,52.0,43.0
1784619762.917268,358.014,1980,3201,78.0,52.0,43.0
1784619762.927571,358.014,1980,3201,78.0,52.0,43.0
1784619762.937271,358.014,1980,3201,78.0,52.0,43.0
1784619762.947259,358.120,1980,3201,78.0,52.0,43.0
1784619762.957268,358.120,1980,3201,78.0,52.0,43.0
1784619762.967283,358.120,1980,3201,88.0,60.0,43.0
1784619762.977287,358.120,1980,3201,88.0,60.0,43.0
1784619762.987267,358.120,1980,3201,88.0,60.0,43.0
1784619762.997258,358.120,1980,3201,88.0,60.0,43.0
1784619763.007267,358.120,1980,3201,88.0,60.0,43.0
1784619763.017303,358.120,1980,3201,88.0,60.0,43.0
1784619763.027268,358.120,1980,3201,88.0,60.0,43.0
1784619763.037266,358.120,1980,3201,88.0,60.0,43.0
1784619763.047275,357.753,1980,3201,88.0,60.0,43.0
1784619763.057267,357.753,1980,3201,88.0,60.0,43.0
1784619763.067259,357.753,1980,3201,88.0,60.0,43.0
1784619763.077269,357.753,1980,3201,88.0,60.0,43.0
1784619763.087274,357.753,1980,3201,88.0,60.0,43.0
1784619763.097267,357.753,1980,3201,88.0,60.0,43.0
1784619763.107311,357.753,1980,3201,88.0,60.0,43.0
1784619763.117259,357.753,1980,3201,88.0,60.0,43.0
1784619763.127268,357.753,1980,3201,88.0,60.0,43.0
1784619763.137259,357.753,1980,3201,88.0,60.0,43.0
1784619763.147266,357.369,1980,3201,88.0,60.0,43.0
1784619763.157267,357.369,1980,3201,88.0,60.0,43.0
1784619763.167259,357.369,1980,3201,88.0,60.0,43.0
1784619763.177269,357.369,1980,3201,88.0,60.0,43.0
1784619763.187258,357.369,1980,3201,88.0,60.0,43.0
1784619763.197267,357.369,1980,3201,88.0,60.0,43.0
1784619763.207281,357.369,1980,3201,88.0,60.0,43.0
1784619763.217270,357.369,1980,3201,88.0,60.0,43.0
1784619763.227270,357.369,1980,3201,88.0,60.0,43.0
1784619763.237474,357.369,1980,3201,88.0,60.0,43.0
1784619763.247269,357.110,1980,3201,88.0,60.0,43.0
1784619763.257256,357.110,1980,3201,88.0,60.0,43.0
1784619763.267266,357.110,1980,3201,88.0,60.0,43.0
1784619763.277258,357.110,1980,3201,88.0,60.0,43.0
1784619763.287259,357.110,1980,3201,88.0,60.0,43.0
1784619763.297260,357.110,1980,3201,88.0,60.0,43.0
1784619763.307261,357.110,1980,3201,88.0,60.0,43.0
1784619763.317267,357.110,1980,3201,88.0,60.0,43.0
1784619763.327342,357.110,1980,3201,88.0,60.0,43.0
1784619763.337268,357.110,1980,3201,88.0,60.0,43.0
1784619763.347269,356.737,1980,3201,88.0,60.0,43.0
1784619763.357465,356.737,1980,3201,88.0,60.0,43.0
1784619763.367267,356.737,1980,3201,88.0,60.0,43.0
1784619763.377259,356.737,1980,3201,88.0,60.0,43.0
1784619763.387267,356.737,1980,3201,88.0,60.0,43.0
1784619763.397290,356.737,1980,3201,88.0,60.0,43.0
1784619763.407259,356.737,1980,3201,88.0,60.0,43.0
1784619763.417268,356.737,1980,3201,88.0,60.0,43.0
1784619763.427267,356.737,1980,3201,88.0,60.0,43.0
1784619763.437266,356.737,1980,3201,88.0,60.0,43.0
1784619763.447267,354.812,1980,3201,88.0,60.0,43.0
1784619763.457259,354.812,1980,3201,88.0,60.0,43.0
1784619763.467269,354.812,1980,3201,88.0,60.0,43.0
1784619763.477267,354.812,1980,3201,88.0,60.0,43.0
1784619763.487267,354.812,1980,3201,88.0,60.0,43.0
1784619763.497267,354.812,1980,3201,88.0,60.0,43.0
1784619763.507260,354.812,1980,3201,88.0,60.0,43.0
1784619763.517267,354.812,1980,3201,88.0,60.0,43.0
1784619763.527267,354.812,1980,3201,88.0,60.0,43.0
1784619763.537267,354.812,1980,3201,88.0,60.0,43.0
1784619763.547267,354.495,1980,3201,88.0,60.0,43.0
1784619763.557259,354.495,1980,3201,88.0,60.0,43.0
1784619763.567266,354.495,1980,3201,86.0,60.0,43.0
1784619763.577263,354.495,1980,3201,86.0,60.0,43.0
1784619763.587263,354.495,1980,3201,86.0,60.0,43.0
1784619763.597268,354.495,1980,3201,86.0,60.0,43.0
1784619763.607259,354.495,1980,3201,86.0,60.0,43.0
1784619763.617267,354.495,1980,3201,86.0,60.0,43.0
1784619763.627267,354.495,1980,3201,86.0,60.0,43.0
1784619763.637508,354.495,1980,3201,86.0,60.0,43.0
1784619763.647313,354.964,1980,3201,86.0,60.0,43.0
1784619763.657259,354.964,1980,3201,86.0,60.0,43.0
1784619763.667267,354.964,1980,3201,86.0,60.0,43.0
1784619763.677275,354.964,1980,3201,86.0,60.0,43.0
1784619763.687259,354.964,1980,3201,86.0,60.0,43.0
1784619763.697266,354.964,1980,3201,86.0,60.0,43.0
1784619763.707264,354.964,1980,3201,86.0,60.0,43.0
1784619763.717266,354.964,1980,3201,86.0,60.0,43.0
1784619763.727269,354.964,1980,3201,86.0,60.0,43.0
1784619763.737258,354.964,1980,3201,86.0,60.0,43.0
1784619763.747267,352.112,1980,3201,86.0,60.0,43.0
1784619763.757267,352.112,1980,3201,86.0,60.0,43.0
1784619763.767267,352.112,1980,3201,87.0,61.0,43.0
1784619763.777327,352.112,1980,3201,87.0,61.0,43.0
1784619763.787255,352.112,1980,3201,87.0,61.0,43.0
1784619763.797346,352.112,1980,3201,87.0,61.0,43.0
1784619763.807259,352.112,1980,3201,87.0,61.0,43.0
1784619763.817260,352.112,1980,3201,87.0,61.0,43.0
1784619763.827266,352.112,1980,3201,87.0,61.0,43.0
1784619763.837259,352.112,1980,3201,87.0,61.0,43.0
1784619763.847267,352.173,1980,3201,87.0,61.0,43.0
1784619763.857262,352.173,1980,3201,87.0,61.0,43.0
1784619763.867266,352.173,1980,3201,87.0,61.0,43.0
1784619763.877266,352.173,1980,3201,87.0,61.0,43.0
1784619763.887260,352.173,1980,3201,87.0,61.0,43.0
1784619763.897267,352.173,1980,3201,87.0,61.0,43.0
1784619763.907301,352.173,1980,3201,87.0,61.0,43.0
1784619763.917543,352.173,1980,3201,87.0,61.0,43.0
1784619763.927271,352.173,1980,3201,87.0,61.0,43.0
1784619763.937320,352.173,1980,3201,87.0,61.0,43.0
1784619763.947267,352.197,1980,3201,87.0,61.0,43.0
1784619763.957270,352.197,1980,3201,87.0,61.0,43.0
1784619763.967505,352.197,1980,3201,87.0,60.0,43.0
1784619763.977267,352.197,1980,3201,87.0,60.0,43.0
1784619763.987269,352.197,1980,3201,87.0,60.0,43.0
1784619763.997266,352.197,1980,3201,87.0,60.0,43.0
1784619764.007260,352.197,1980,3201,87.0,60.0,43.0
1784619764.017431,352.197,1980,3201,87.0,60.0,43.0
1784619764.027270,352.197,1980,3201,87.0,60.0,43.0
1784619764.037266,352.197,1980,3201,87.0,60.0,43.0
1784619764.047267,352.996,1980,3201,87.0,60.0,43.0
1784619764.057267,352.996,1980,3201,87.0,60.0,43.0
1784619764.067258,352.996,1980,3201,87.0,60.0,43.0
1784619764.077267,352.996,1980,3201,87.0,60.0,43.0
1784619764.087266,352.996,1980,3201,87.0,60.0,43.0
1784619764.097268,352.996,1980,3201,87.0,60.0,43.0
1784619764.107267,352.996,1980,3201,87.0,60.0,43.0
1784619764.117260,352.996,1980,3201,87.0,60.0,43.0
1784619764.127267,352.996,1980,3201,87.0,60.0,43.0
1784619764.137267,352.996,1980,3201,87.0,60.0,43.0
1784619764.147309,353.141,1980,3201,87.0,60.0,43.0
1784619764.157267,353.141,1980,3201,87.0,60.0,43.0
1784619764.167266,353.141,1980,3201,87.0,61.0,43.0
1784619764.177271,353.141,1980,3201,87.0,61.0,43.0
1784619764.187268,353.141,1980,3201,87.0,61.0,43.0
1784619764.197266,353.141,1980,3201,87.0,61.0,43.0
1784619764.207267,353.141,1980,3201,87.0,61.0,43.0
1784619764.217267,353.141,1980,3201,87.0,61.0,43.0
1784619764.227267,353.141,1980,3201,87.0,61.0,43.0
1784619764.237267,353.141,1980,3201,87.0,61.0,43.0
1784619764.247301,353.187,1980,3201,87.0,61.0,43.0
1784619764.257267,353.187,1980,3201,87.0,61.0,43.0
1784619764.267267,353.187,1980,3201,87.0,61.0,43.0
1784619764.277267,353.187,1980,3201,87.0,61.0,43.0
1784619764.287267,353.187,1980,3201,87.0,61.0,43.0
1784619764.297267,353.187,1980,3201,87.0,61.0,43.0
1784619764.307267,353.187,1980,3201,87.0,61.0,43.0
1784619764.317268,353.187,1980,3201,87.0,61.0,43.0
1784619764.327266,353.187,1980,3201,87.0,61.0,43.0
1784619764.337266,353.187,1980,3201,87.0,61.0,43.0
1784619764.347268,353.659,1980,3201,87.0,61.0,43.0
1784619764.357266,353.659,1980,3201,87.0,61.0,43.0
1784619764.367267,353.659,1980,3201,88.0,61.0,43.0
1784619764.377267,353.659,1980,3201,88.0,61.0,43.0
1784619764.387267,353.659,1980,3201,88.0,61.0,43.0
1784619764.397291,353.659,1980,3201,88.0,61.0,43.0
1784619764.407267,353.659,1980,3201,88.0,61.0,43.0
1784619764.417267,353.659,1980,3201,88.0,61.0,43.0
1784619764.427266,353.659,1980,3201,88.0,61.0,43.0
1784619764.437268,353.659,1980,3201,88.0,61.0,43.0
1784619764.447267,355.880,1980,3201,88.0,61.0,43.0
1784619764.457267,355.880,1980,3201,88.0,61.0,43.0
1784619764.467266,355.880,1980,3201,88.0,61.0,43.0
1784619764.477267,355.880,1980,3201,88.0,61.0,43.0
1784619764.487267,355.880,1980,3201,88.0,61.0,43.0
1784619764.497267,355.880,1980,3201,88.0,61.0,43.0
1784619764.507269,355.880,1980,3201,88.0,61.0,43.0
1784619764.517267,355.880,1980,3201,88.0,61.0,43.0
1784619764.527267,355.880,1980,3201,88.0,61.0,43.0
1784619764.537268,355.880,1980,3201,88.0,61.0,43.0
1784619764.547266,355.838,1980,3201,88.0,61.0,43.0
1784619764.557267,355.838,1980,3201,88.0,61.0,43.0
1784619764.567266,355.838,1980,3201,88.0,61.0,43.0
1784619764.577259,355.838,1980,3201,88.0,61.0,43.0
1784619764.587259,355.838,1980,3201,88.0,61.0,43.0
1784619764.597262,355.838,1980,3201,88.0,61.0,43.0
1784619764.607268,355.838,1980,3201,88.0,61.0,43.0
1784619764.617267,355.838,1980,3201,88.0,61.0,43.0
1784619764.627267,355.838,1980,3201,88.0,61.0,43.0
1784619764.637266,355.838,1980,3201,88.0,61.0,43.0
1784619764.647268,355.431,1980,3201,88.0,61.0,43.0
1784619764.657267,355.431,1980,3201,88.0,61.0,43.0
1784619764.667271,355.431,1980,3201,88.0,61.0,43.0
1784619764.677267,355.431,1980,3201,88.0,61.0,43.0
1784619764.687301,355.431,1980,3201,88.0,61.0,43.0
1784619764.697457,355.431,1980,3201,88.0,61.0,43.0
1784619764.707269,355.431,1980,3201,88.0,61.0,43.0
1784619764.717267,355.431,1980,3201,88.0,61.0,43.0
1784619764.727267,355.431,1980,3201,88.0,61.0,43.0
1784619764.737267,355.431,1980,3201,88.0,61.0,43.0
1784619764.747269,355.406,1980,3201,88.0,61.0,43.0
1784619764.757267,355.406,1980,3201,88.0,61.0,43.0
1784619764.767267,355.406,1980,3201,88.0,61.0,43.0
1784619764.777268,355.406,1980,3201,88.0,61.0,43.0
1784619764.787292,355.406,1980,3201,88.0,61.0,43.0
1784619764.797269,355.406,1980,3201,88.0,61.0,43.0
1784619764.807267,355.406,1980,3201,88.0,61.0,43.0
1784619764.817267,355.406,1980,3201,88.0,61.0,43.0
1784619764.827266,355.406,1980,3201,88.0,61.0,43.0
1784619764.837267,355.406,1980,3201,88.0,61.0,43.0
1784619764.847458,355.098,1980,3201,88.0,61.0,43.0
1784619764.857266,355.098,1980,3201,88.0,61.0,43.0
1784619764.867267,355.098,1980,3201,88.0,61.0,43.0
1784619764.877267,355.098,1980,3201,88.0,61.0,43.0
1784619764.887266,355.098,1980,3201,88.0,61.0,43.0
1784619764.897470,355.098,1980,3201,88.0,61.0,43.0
1784619764.907267,355.098,1980,3201,88.0,61.0,43.0
1784619764.917306,355.098,1980,3201,88.0,61.0,43.0
1784619764.927270,355.098,1980,3201,88.0,61.0,43.0
1784619764.937267,355.098,1980,3201,88.0,61.0,43.0
1784619764.947288,354.958,1980,3201,88.0,61.0,43.0
1784619764.957266,354.958,1980,3201,88.0,61.0,43.0
1784619764.967266,354.958,1980,3201,88.0,60.0,43.0
1784619764.977267,354.958,1980,3201,88.0,60.0,43.0
1784619764.987266,354.958,1980,3201,88.0,60.0,43.0
1784619764.997268,354.958,1980,3201,88.0,60.0,43.0
1784619765.007267,354.958,1980,3201,88.0,60.0,43.0
1784619765.017266,354.958,1980,3201,88.0,60.0,43.0
1784619765.027259,354.958,1980,3201,88.0,60.0,43.0
1784619765.037258,354.958,1980,3201,88.0,60.0,43.0
1784619765.047259,357.933,1980,3201,88.0,60.0,43.0
1784619765.057259,357.933,1980,3201,88.0,60.0,43.0
1784619765.067259,357.933,1980,3201,88.0,60.0,43.0
1784619765.077260,357.933,1980,3201,88.0,60.0,43.0
1784619765.087259,357.933,1980,3201,88.0,60.0,43.0
1784619765.097259,357.933,1980,3201,88.0,60.0,43.0
1784619765.107259,357.933,1980,3201,88.0,60.0,43.0
1784619765.117259,357.933,1980,3201,88.0,60.0,43.0
1784619765.127258,357.933,1980,3201,88.0,60.0,43.0
1784619765.137259,357.933,1980,3201,88.0,60.0,43.0
1784619765.147260,358.164,1980,3201,88.0,60.0,43.0
1784619765.157259,358.164,1980,3201,88.0,60.0,43.0
1784619765.167258,358.164,1980,3201,87.0,60.0,43.0
1784619765.177259,358.164,1980,3201,87.0,60.0,43.0
1784619765.187258,358.164,1980,3201,87.0,60.0,43.0
1784619765.197259,358.164,1980,3201,87.0,60.0,43.0
1784619765.207310,358.164,1980,3201,87.0,60.0,43.0
1784619765.217251,358.164,1980,3201,87.0,60.0,43.0
1784619765.227257,358.164,1980,3201,87.0,60.0,43.0
1784619765.237251,358.164,1980,3201,87.0,60.0,43.0
1784619765.247258,357.744,1980,3201,87.0,60.0,43.0
1784619765.257259,357.744,1980,3201,87.0,60.0,43.0
1784619765.267471,357.744,1980,3201,87.0,60.0,43.0
1784619765.277272,357.744,1980,3201,87.0,60.0,43.0
1784619765.287257,357.744,1980,3201,87.0,60.0,43.0
1784619765.297301,357.744,1980,3201,87.0,60.0,43.0
1784619765.307259,357.744,1980,3201,87.0,60.0,43.0
1784619765.317268,357.744,1980,3201,87.0,60.0,43.0
1784619765.327267,357.744,1980,3201,87.0,60.0,43.0
1784619765.337258,357.744,1980,3201,87.0,60.0,43.0
1784619765.347322,357.183,1980,3201,87.0,60.0,43.0
1784619765.357267,357.183,1980,3201,87.0,60.0,43.0
1784619765.367310,357.183,1980,3201,88.0,60.0,43.0
1784619765.377267,357.183,1980,3201,88.0,60.0,43.0
1784619765.387256,357.183,1980,3201,88.0,60.0,43.0
1784619765.397267,357.183,1980,3201,88.0,60.0,43.0
1784619765.407255,357.183,1980,3201,88.0,60.0,43.0
1784619765.417267,357.183,1980,3201,88.0,60.0,43.0
1784619765.427315,357.183,1980,3201,88.0,60.0,43.0
1784619765.437267,357.183,1980,3201,88.0,60.0,43.0
1784619765.447257,356.969,1980,3201,88.0,60.0,43.0
1784619765.457254,356.969,1980,3201,88.0,60.0,43.0
1784619765.467267,356.969,1980,3201,88.0,60.0,43.0
1784619765.477264,356.969,1980,3201,88.0,60.0,43.0
1784619765.487268,356.969,1980,3201,88.0,60.0,43.0
1784619765.497272,356.969,1980,3201,88.0,60.0,43.0
1784619765.507256,356.969,1980,3201,88.0,60.0,43.0
1784619765.517267,356.969,1980,3201,88.0,60.0,43.0
1784619765.527256,356.969,1980,3201,88.0,60.0,43.0
1784619765.537266,356.969,1980,3201,88.0,60.0,43.0
1784619765.547267,357.157,1980,3201,88.0,60.0,43.0
1784619765.557268,357.157,1980,3201,88.0,60.0,43.0
1784619765.567268,357.157,1980,3201,88.0,60.0,43.0
1784619765.577255,357.157,1980,3201,88.0,60.0,43.0
1784619765.587267,357.157,1980,3201,88.0,60.0,43.0
1784619765.597263,357.157,1980,3201,88.0,60.0,43.0
1784619765.607259,357.157,1980,3201,88.0,60.0,43.0
1784619765.617313,357.157,1980,3201,88.0,60.0,43.0
1784619765.627261,357.157,1980,3201,88.0,60.0,43.0
1784619765.637266,357.157,1980,3201,88.0,60.0,43.0
1784619765.647274,357.668,1980,3201,88.0,60.0,43.0
1784619765.657269,357.668,1980,3201,88.0,60.0,43.0
1784619765.667268,357.668,1980,3201,88.0,60.0,43.0
1784619765.677268,357.668,1980,3201,88.0,60.0,43.0
1784619765.687267,357.668,1980,3201,88.0,60.0,43.0
1784619765.697262,357.668,1980,3201,88.0,60.0,43.0
1784619765.707374,357.668,1980,3201,88.0,60.0,43.0
1784619765.717268,357.668,1980,3201,88.0,60.0,43.0
1784619765.727267,357.668,1980,3201,88.0,60.0,43.0
1784619765.737268,357.668,1980,3201,88.0,60.0,43.0
1784619765.747265,357.745,1980,3201,88.0,60.0,43.0
1784619765.757271,357.745,1980,3201,88.0,60.0,43.0
1784619765.767268,357.745,1980,3201,87.0,60.0,43.0
1784619765.777268,357.745,1980,3201,87.0,60.0,43.0
1784619765.787282,357.745,1980,3201,87.0,60.0,43.0
1784619765.797267,357.745,1980,3201,87.0,60.0,43.0
1784619765.807268,357.745,1980,3201,87.0,60.0,43.0
1784619765.817267,357.745,1980,3201,87.0,60.0,43.0
1784619765.827268,357.745,1980,3201,87.0,60.0,43.0
1784619765.837267,357.745,1980,3201,87.0,60.0,43.0
1784619765.847268,357.745,1980,3201,87.0,60.0,43.0
1784619765.857268,358.099,1980,3201,87.0,60.0,43.0
1784619765.867268,358.099,1980,3201,87.0,60.0,43.0
1784619765.877267,358.099,1980,3201,87.0,60.0,43.0
1784619765.887269,358.099,1980,3201,87.0,60.0,43.0
1784619765.897267,358.099,1980,3201,87.0,60.0,43.0
1784619765.907268,358.099,1980,3201,87.0,60.0,43.0
1784619765.917268,358.099,1980,3201,87.0,60.0,43.0
1784619765.927267,358.099,1980,3201,87.0,60.0,43.0
1784619765.937268,358.099,1980,3201,87.0,60.0,43.0
1784619765.947268,358.099,1980,3201,87.0,60.0,43.0
1784619765.957267,358.059,1980,3201,87.0,60.0,43.0
1784619765.967358,358.059,1980,3201,87.0,60.0,43.0
1784619765.977270,358.059,1980,3201,87.0,61.0,43.0
1784619765.987268,358.059,1980,3201,87.0,61.0,43.0
1784619765.997269,358.059,1980,3201,87.0,61.0,43.0
1784619766.007267,358.059,1980,3201,87.0,61.0,43.0
1784619766.017458,358.059,1980,3201,87.0,61.0,43.0
1784619766.027272,358.059,1980,3201,87.0,61.0,43.0
1784619766.037268,358.059,1980,3201,87.0,61.0,43.0
1784619766.047269,358.059,1980,3201,87.0,61.0,43.0
1784619766.057283,355.213,1980,3201,87.0,61.0,43.0
1784619766.067267,355.213,1980,3201,87.0,61.0,43.0
1784619766.077268,355.213,1980,3201,87.0,61.0,43.0
1784619766.087268,355.213,1980,3201,87.0,61.0,43.0
1784619766.097268,355.213,1980,3201,87.0,61.0,43.0
1784619766.107267,355.213,1980,3201,87.0,61.0,43.0
1784619766.117491,355.213,1980,3201,87.0,61.0,43.0
1784619766.127267,355.213,1980,3201,87.0,61.0,43.0
1784619766.137269,355.213,1980,3201,87.0,61.0,43.0
1784619766.147270,355.213,1980,3201,87.0,61.0,43.0
1784619766.157268,355.532,1980,3201,87.0,61.0,43.0
1784619766.167502,355.532,1980,3201,87.0,61.0,43.0
1784619766.177268,355.532,1980,3201,87.0,61.0,43.0
1784619766.187268,355.532,1980,3201,87.0,61.0,43.0
1784619766.197268,355.532,1980,3201,87.0,61.0,43.0
1784619766.207277,355.532,1980,3201,87.0,61.0,43.0
1784619766.217257,355.532,1980,3201,87.0,61.0,43.0
1784619766.227267,355.532,1980,3201,87.0,61.0,43.0
1784619766.237268,355.532,1980,3201,87.0,61.0,43.0
1784619766.247269,355.532,1980,3201,87.0,61.0,43.0
1784619766.257268,355.485,1980,3201,87.0,61.0,43.0
1784619766.267270,355.485,1980,3201,87.0,61.0,43.0
1784619766.277267,355.485,1980,3201,87.0,61.0,43.0
1784619766.287268,355.485,1980,3201,87.0,61.0,43.0
1784619766.297267,355.485,1980,3201,87.0,61.0,43.0
1784619766.307268,355.485,1980,3201,87.0,61.0,43.0
1784619766.317261,355.485,1980,3201,87.0,61.0,43.0
1784619766.327270,355.485,1980,3201,87.0,61.0,43.0
1784619766.337279,355.485,1980,3201,87.0,61.0,43.0
1784619766.347268,355.485,1980,3201,87.0,61.0,43.0
1784619766.357267,356.062,1980,3201,87.0,61.0,43.0
1784619766.367261,356.062,1980,3201,87.0,61.0,43.0
1784619766.377270,356.062,1980,3201,87.0,60.0,43.0
1784619766.387273,356.062,1980,3201,87.0,60.0,43.0
1784619766.397267,356.062,1980,3201,87.0,60.0,43.0
1784619766.407267,356.062,1980,3201,87.0,60.0,43.0
1784619766.417377,356.062,1980,3201,87.0,60.0,43.0
1784619766.427269,356.062,1980,3201,87.0,60.0,43.0
1784619766.437267,356.062,1980,3201,87.0,60.0,43.0
1784619766.447274,356.062,1980,3201,87.0,60.0,43.0
1784619766.457268,356.825,1980,3201,87.0,60.0,43.0
1784619766.467495,356.825,1980,3201,87.0,60.0,43.0
1784619766.477271,356.825,1980,3201,87.0,60.0,43.0
1784619766.487315,356.825,1980,3201,87.0,60.0,43.0
1784619766.497267,356.825,1980,3201,87.0,60.0,43.0
1784619766.507259,356.825,1980,3201,87.0,60.0,43.0
1784619766.517261,356.825,1980,3201,87.0,60.0,43.0
1784619766.527260,356.825,1980,3201,87.0,60.0,43.0
1784619766.537265,356.825,1980,3201,87.0,60.0,43.0
1784619766.547259,356.825,1980,3201,87.0,60.0,43.0
1784619766.557260,357.016,1980,3201,87.0,60.0,43.0
1784619766.567256,357.016,1980,3201,87.0,60.0,43.0
1784619766.577256,357.016,1980,3201,88.0,61.0,43.0
1784619766.587255,357.016,1980,3201,88.0,61.0,43.0
1784619766.597256,357.016,1980,3201,88.0,61.0,43.0
1784619766.607256,357.016,1980,3201,88.0,61.0,43.0
1784619766.617256,357.016,1980,3201,88.0,61.0,43.0
1784619766.627260,357.016,1980,3201,88.0,61.0,43.0
1784619766.637261,357.016,1980,3201,88.0,61.0,43.0
1784619766.647259,357.016,1980,3201,88.0,61.0,43.0
1784619766.657352,356.175,1980,3201,88.0,61.0,43.0
1784619766.667255,356.175,1980,3201,88.0,61.0,43.0
1784619766.677255,356.175,1980,3201,88.0,61.0,43.0
1784619766.687258,356.175,1980,3201,88.0,61.0,43.0
1784619766.697250,356.175,1980,3201,88.0,61.0,43.0
1784619766.707261,356.175,1980,3201,88.0,61.0,43.0
1784619766.717259,356.175,1980,3201,88.0,61.0,43.0
1784619766.727255,356.175,1980,3201,88.0,61.0,43.0
1784619766.737268,356.175,1980,3201,88.0,61.0,43.0
1784619766.747270,356.175,1980,3201,88.0,61.0,43.0
1784619766.757306,356.346,1980,3201,88.0,61.0,43.0
1784619766.767321,356.346,1980,3201,88.0,61.0,43.0
1784619766.777255,356.346,1980,3201,88.0,61.0,43.0
1784619766.787268,356.346,1980,3201,88.0,61.0,43.0
1784619766.797267,356.346,1980,3201,88.0,61.0,43.0
1784619766.807269,356.346,1980,3201,88.0,61.0,43.0
1784619766.817266,356.346,1980,3201,88.0,61.0,43.0
1784619766.827254,356.346,1980,3201,88.0,61.0,43.0
1784619766.837268,356.346,1980,3201,88.0,61.0,43.0
1784619766.847267,356.346,1980,3201,88.0,61.0,43.0
1784619766.857253,356.780,1980,3201,88.0,61.0,43.0
1784619766.867269,356.780,1980,3201,88.0,61.0,43.0
1784619766.877267,356.780,1980,3201,88.0,61.0,43.0
1784619766.887287,356.780,1980,3201,88.0,61.0,43.0
1784619766.897267,356.780,1980,3201,88.0,61.0,43.0
1784619766.907254,356.780,1980,3201,88.0,61.0,43.0
1784619766.917266,356.780,1980,3201,88.0,61.0,43.0
1784619766.927266,356.780,1980,3201,88.0,61.0,43.0
1784619766.937268,356.780,1980,3201,88.0,61.0,43.0
1784619766.947269,356.780,1980,3201,88.0,61.0,43.0
1784619766.957268,357.364,1980,3201,88.0,61.0,43.0
1784619766.967268,357.364,1980,3201,88.0,61.0,43.0
1784619766.977268,357.364,1980,3201,88.0,61.0,43.0
1784619766.987449,357.364,1980,3201,88.0,61.0,43.0
1784619766.997266,357.364,1980,3201,88.0,61.0,43.0
1784619767.007263,357.364,1980,3201,88.0,61.0,43.0
1784619767.017267,357.364,1980,3201,88.0,61.0,43.0
1784619767.027267,357.364,1980,3201,88.0,61.0,43.0
1784619767.037252,357.364,1980,3201,88.0,61.0,43.0
1784619767.047266,357.364,1980,3201,88.0,61.0,43.0
1784619767.057288,357.454,1980,3201,88.0,61.0,43.0
1784619767.067267,357.454,1980,3201,88.0,61.0,43.0
1784619767.077267,357.454,1980,3201,88.0,61.0,43.0
1784619767.087250,357.454,1980,3201,88.0,61.0,43.0
1784619767.097265,357.454,1980,3201,88.0,61.0,43.0
1784619767.107267,357.454,1980,3201,88.0,61.0,43.0
1784619767.117364,357.454,1980,3201,88.0,61.0,43.0
1784619767.127267,357.454,1980,3201,88.0,61.0,43.0
1784619767.137254,357.454,1980,3201,88.0,61.0,43.0
1784619767.147266,357.454,1980,3201,88.0,61.0,43.0
1784619767.157269,357.117,1980,3201,88.0,61.0,43.0
1784619767.167267,357.117,1980,3201,88.0,61.0,43.0
1784619767.177267,357.117,1980,3201,87.0,61.0,43.0
1784619767.187254,357.117,1980,3201,87.0,61.0,43.0
1784619767.197305,357.117,1980,3201,87.0,61.0,43.0
1784619767.207267,357.117,1980,3201,87.0,61.0,43.0
1784619767.217393,357.117,1980,3201,87.0,61.0,43.0
1784619767.227269,357.117,1980,3201,87.0,61.0,43.0
1784619767.237302,357.117,1980,3201,87.0,61.0,43.0
1784619767.247269,357.117,1980,3201,87.0,61.0,43.0
1784619767.257272,357.827,1980,3201,87.0,61.0,43.0
1784619767.267272,357.827,1980,3201,87.0,61.0,43.0
1784619767.277268,357.827,1980,3201,87.0,61.0,43.0
1784619767.287270,357.827,1980,3201,87.0,61.0,43.0
1784619767.297267,357.827,1980,3201,87.0,61.0,43.0
1784619767.307268,357.827,1980,3201,87.0,61.0,43.0
1784619767.317259,357.827,1980,3201,87.0,61.0,43.0
1784619767.327260,357.827,1980,3201,87.0,61.0,43.0
1784619767.337260,357.827,1980,3201,87.0,61.0,43.0
1784619767.347260,357.827,1980,3201,87.0,61.0,43.0
1784619767.357259,358.000,1980,3201,87.0,61.0,43.0
1784619767.367265,358.000,1980,3201,87.0,61.0,43.0
1784619767.377260,358.000,1980,3201,87.0,61.0,43.0
1784619767.387260,358.000,1980,3201,87.0,61.0,43.0
1784619767.397259,358.000,1980,3201,87.0,61.0,43.0
1784619767.407259,358.000,1980,3201,87.0,61.0,43.0
1784619767.417259,358.000,1980,3201,87.0,61.0,43.0
1784619767.427259,358.000,1980,3201,87.0,61.0,43.0
1784619767.437259,358.000,1980,3201,87.0,61.0,43.0
1784619767.447259,358.000,1980,3201,87.0,61.0,43.0
1784619767.457331,357.536,1980,3201,87.0,61.0,43.0
1784619767.467280,357.536,1980,3201,87.0,61.0,43.0
1784619767.477290,357.536,1980,3201,87.0,61.0,43.0
1784619767.487254,357.536,1980,3201,87.0,61.0,43.0
1784619767.497268,357.536,1980,3201,87.0,61.0,43.0
1784619767.507264,357.536,1980,3201,87.0,61.0,43.0
1784619767.517267,357.536,1980,3201,87.0,61.0,43.0
1784619767.527263,357.536,1980,3201,87.0,61.0,43.0
1784619767.537267,357.536,1980,3201,87.0,61.0,43.0
1784619767.547267,357.536,1980,3201,87.0,61.0,43.0
1784619767.557267,355.922,1980,3201,87.0,61.0,43.0
1784619767.567267,355.922,1980,3201,87.0,61.0,43.0
1784619767.577266,355.922,1980,3201,84.0,58.0,43.0
1784619767.587264,355.922,1980,3201,84.0,58.0,43.0
1784619767.597262,355.922,1980,3201,84.0,58.0,43.0
1784619767.607263,355.922,1980,3201,84.0,58.0,43.0
1784619767.617263,355.922,1980,3201,84.0,58.0,43.0
1784619767.627264,355.922,1980,3201,84.0,58.0,43.0
1784619767.637262,355.922,1980,3201,84.0,58.0,43.0
1784619767.647262,355.922,1980,3201,84.0,58.0,43.0
1784619767.657261,355.808,1980,3201,84.0,58.0,43.0
1784619767.667264,355.808,1980,3201,84.0,58.0,43.0
1784619767.677263,355.808,1980,3201,84.0,58.0,43.0
1784619767.687261,355.808,1980,3201,84.0,58.0,43.0
1784619767.697264,355.808,1980,3201,84.0,58.0,43.0
1784619767.707263,355.808,1980,3201,84.0,58.0,43.0
1784619767.717262,355.808,1980,3201,84.0,58.0,43.0
1784619767.727264,355.808,1980,3201,84.0,58.0,43.0
1784619767.737260,355.808,1980,3201,84.0,58.0,43.0
1784619767.747264,355.808,1980,3201,84.0,58.0,43.0
1784619767.757259,355.902,1980,3201,84.0,58.0,43.0
1784619767.767262,355.902,1980,3201,84.0,58.0,43.0
1784619767.777263,355.902,1980,3201,88.0,61.0,43.0
1784619767.787262,355.902,1980,3201,88.0,61.0,43.0
1784619767.797262,355.902,1980,3201,88.0,61.0,43.0
1784619767.807329,355.902,1980,3201,88.0,61.0,43.0
1784619767.817261,355.902,1980,3201,88.0,61.0,43.0
1784619767.827264,355.902,1980,3201,88.0,61.0,43.0
1784619767.837262,355.902,1980,3201,88.0,61.0,43.0
1784619767.847258,355.902,1980,3201,88.0,61.0,43.0
1784619767.857369,355.210,1980,3201,88.0,61.0,43.0
1784619767.867259,355.210,1980,3201,88.0,61.0,43.0
1784619767.877260,355.210,1980,3201,88.0,61.0,43.0
1784619767.887261,355.210,1980,3201,88.0,61.0,43.0
1784619767.897259,355.210,1980,3201,88.0,61.0,43.0
1784619767.907263,355.210,1980,3201,88.0,61.0,43.0
1784619767.917258,355.210,1980,3201,88.0,61.0,43.0
1784619767.927260,355.210,1980,3201,88.0,61.0,43.0
1784619767.937262,355.210,1980,3201,88.0,61.0,43.0
1784619767.947257,355.210,1980,3201,88.0,61.0,43.0
1784619767.957258,354.765,1980,3201,88.0,61.0,43.0
1784619767.967257,354.765,1980,3201,88.0,61.0,43.0
1784619767.977256,354.765,1980,3201,88.0,61.0,43.0
1784619767.987254,354.765,1980,3201,88.0,61.0,43.0
1784619767.997256,354.765,1980,3201,88.0,61.0,43.0
1784619768.007257,354.765,1980,3201,88.0,61.0,43.0
1784619768.017256,354.765,1980,3201,88.0,61.0,43.0
1784619768.027256,354.765,1980,3201,88.0,61.0,43.0
1784619768.037254,354.765,1980,3201,88.0,61.0,43.0
1784619768.047259,354.765,1980,3201,88.0,61.0,43.0
1784619768.057257,353.855,1980,3201,88.0,61.0,43.0
1784619768.067258,353.855,1980,3201,88.0,61.0,43.0
1784619768.077256,353.855,1980,3201,88.0,61.0,43.0
1784619768.087427,353.855,1980,3201,88.0,61.0,43.0
1784619768.097256,353.855,1980,3201,88.0,61.0,43.0
1784619768.107256,353.855,1980,3201,88.0,61.0,43.0
1784619768.117256,353.855,1980,3201,88.0,61.0,43.0
1784619768.127254,353.855,1980,3201,88.0,61.0,43.0
1784619768.137339,353.855,1980,3201,88.0,61.0,43.0
1784619768.147367,353.855,1980,3201,88.0,61.0,43.0
1784619768.157267,354.097,1980,3201,88.0,61.0,43.0
1784619768.167267,354.097,1980,3201,88.0,61.0,43.0
1784619768.177268,354.097,1980,3201,88.0,61.0,43.0
1784619768.187253,354.097,1980,3201,88.0,61.0,43.0
1784619768.197263,354.097,1980,3201,88.0,61.0,43.0
1784619768.207256,354.097,1980,3201,88.0,61.0,43.0
1784619768.217251,354.097,1980,3201,88.0,61.0,43.0
1784619768.227344,354.097,1980,3201,88.0,61.0,43.0
1784619768.237367,354.097,1980,3201,88.0,61.0,43.0
1784619768.247269,354.097,1980,3201,88.0,61.0,43.0
1784619768.257254,363.829,1980,3201,88.0,61.0,43.0
1784619768.267265,363.829,1980,3201,88.0,61.0,43.0
1784619768.277263,363.829,1980,3201,88.0,61.0,43.0
1784619768.287249,363.829,1980,3201,88.0,61.0,43.0
1784619768.297267,363.829,1980,3201,88.0,61.0,46.0
1784619768.307253,363.829,1980,3201,88.0,61.0,46.0
1784619768.317266,363.829,1980,3201,88.0,61.0,46.0
1784619768.327254,363.829,1980,3201,88.0,61.0,46.0
1784619768.337249,363.829,1980,3201,88.0,61.0,46.0
1784619768.347265,363.829,1980,3201,88.0,61.0,46.0
1784619768.357253,366.278,1980,3201,88.0,61.0,46.0
1784619768.367267,366.278,1980,3201,88.0,61.0,46.0
1784619768.377263,366.278,1980,3201,88.0,59.0,46.0
1784619768.387256,366.278,1980,3201,88.0,59.0,46.0
1784619768.397269,366.278,1980,3201,88.0,59.0,44.0
1784619768.407253,366.278,1980,3201,88.0,59.0,44.0
1784619768.417268,366.278,1980,3201,88.0,59.0,44.0
1784619768.427263,366.278,1980,3201,88.0,59.0,44.0
1784619768.437255,366.278,1980,3201,88.0,59.0,44.0
1784619768.447266,366.278,1980,3201,88.0,59.0,44.0
1784619768.457253,366.261,1980,3201,88.0,59.0,44.0
1784619768.467266,366.261,1980,3201,88.0,59.0,44.0
1784619768.477263,366.261,1980,3201,88.0,59.0,44.0
1784619768.487252,366.261,1980,3201,88.0,59.0,44.0
1784619768.497265,366.261,1980,3201,88.0,59.0,43.0
1784619768.507253,366.261,1980,3201,88.0,59.0,43.0
1784619768.517267,366.261,1980,3201,88.0,59.0,43.0
1784619768.527266,366.261,1980,3201,88.0,59.0,43.0
1784619768.537489,366.261,1980,3201,88.0,59.0,43.0
1784619768.547266,366.261,1980,3201,88.0,59.0,43.0
1784619768.557253,368.145,1980,3201,88.0,59.0,43.0
1784619768.567266,368.145,1980,3201,88.0,59.0,43.0
1784619768.577253,368.145,1980,3201,88.0,61.0,43.0
1784619768.587633,368.145,1980,3201,88.0,61.0,43.0
1784619768.597266,368.145,1980,3201,88.0,61.0,43.0
1784619768.607254,368.145,1980,3201,88.0,61.0,43.0
1784619768.617268,368.145,1980,3201,88.0,61.0,43.0
1784619768.627277,368.145,1980,3201,88.0,61.0,43.0
1784619768.637250,368.145,1980,3201,88.0,61.0,43.0
1784619768.647267,368.145,1980,3201,88.0,61.0,43.0
1784619768.657254,368.869,1980,3201,88.0,61.0,43.0
1784619768.667266,368.869,1980,3201,88.0,61.0,43.0
1784619768.677264,368.869,1980,3201,88.0,61.0,43.0
1784619768.687249,368.869,1980,3201,88.0,61.0,43.0
1784619768.697263,368.869,1980,3201,88.0,61.0,43.0
1784619768.707249,368.869,1980,3201,88.0,61.0,43.0
1784619768.717261,368.869,1980,3201,88.0,61.0,43.0
1784619768.727252,368.869,1980,3201,88.0,61.0,43.0
1784619768.737248,368.869,1980,3201,88.0,61.0,43.0
1784619768.747265,368.869,1980,3201,88.0,61.0,43.0
1784619768.757257,369.074,1980,3201,88.0,61.0,43.0
1784619768.767265,369.074,1980,3201,88.0,61.0,43.0
1784619768.777267,369.074,1980,3201,88.0,61.0,43.0
1784619768.787251,369.074,1980,3201,88.0,61.0,43.0
1784619768.797265,369.074,1980,3201,88.0,61.0,43.0
1784619768.807253,369.074,1980,3201,88.0,61.0,43.0
1784619768.817265,369.074,1980,3201,88.0,61.0,43.0
1784619768.827253,369.074,1980,3201,88.0,61.0,43.0
1784619768.837254,369.074,1980,3201,88.0,61.0,43.0
1784619768.847265,369.074,1980,3201,88.0,61.0,43.0
1784619768.857252,369.007,1980,3201,88.0,61.0,43.0
1784619768.867265,369.007,1980,3201,88.0,61.0,43.0
1784619768.877264,369.007,1980,3201,88.0,61.0,43.0
1784619768.887265,369.007,1980,3201,88.0,61.0,43.0
1784619768.897256,369.007,1980,3201,88.0,61.0,43.0
1784619768.907258,369.007,1980,3201,88.0,61.0,43.0
1784619768.917256,369.007,1980,3201,88.0,61.0,43.0
1784619768.927257,369.007,1980,3201,88.0,61.0,43.0
1784619768.937258,369.007,1980,3201,88.0,61.0,43.0
1784619768.947256,369.007,1980,3201,88.0,61.0,43.0
1784619768.957258,368.897,1980,3201,88.0,61.0,43.0
1784619768.967256,368.897,1980,3201,88.0,61.0,43.0
1784619768.977255,368.897,1980,3201,87.0,60.0,43.0
1784619768.987257,368.897,1980,3201,87.0,60.0,43.0
1784619768.997258,368.897,1980,3201,87.0,60.0,43.0
1784619769.007254,368.897,1980,3201,87.0,60.0,43.0
1784619769.017255,368.897,1980,3201,87.0,60.0,43.0
1784619769.027465,368.897,1980,3201,87.0,60.0,43.0
1784619769.037363,368.897,1980,3201,87.0,60.0,43.0
1784619769.047252,368.897,1980,3201,87.0,60.0,43.0
1784619769.057266,369.774,1980,3201,87.0,60.0,43.0
1784619769.067267,369.774,1980,3201,87.0,60.0,43.0
1784619769.077254,369.774,1980,3201,87.0,60.0,43.0
1784619769.087265,369.774,1980,3201,87.0,60.0,43.0
1784619769.097253,369.774,1980,3201,87.0,60.0,43.0
1784619769.107292,369.774,1980,3201,87.0,60.0,43.0
1784619769.117263,369.774,1980,3201,87.0,60.0,43.0
1784619769.127637,369.774,1980,3201,87.0,60.0,43.0
1784619769.137269,369.774,1980,3201,87.0,60.0,43.0
1784619769.147253,369.774,1980,3201,87.0,60.0,43.0
1784619769.157313,370.299,1980,3201,87.0,60.0,43.0
1784619769.167254,370.299,1980,3201,87.0,60.0,43.0
1784619769.177250,370.299,1980,3201,88.0,61.0,43.0
1784619769.187267,370.299,1980,3201,88.0,61.0,43.0
1784619769.197253,370.299,1980,3201,88.0,61.0,43.0
1784619769.207304,370.299,1980,3201,88.0,61.0,43.0
1784619769.217263,370.299,1980,3201,88.0,61.0,43.0
1784619769.227252,370.299,1980,3201,88.0,61.0,43.0
1784619769.237275,370.299,1980,3201,88.0,61.0,43.0
1784619769.247270,370.299,1980,3201,88.0,61.0,43.0
1784619769.257328,369.520,1980,3201,88.0,61.0,43.0
1784619769.267279,369.520,1980,3201,88.0,61.0,43.0
1784619769.277267,369.520,1980,3201,88.0,61.0,43.0
1784619769.287286,369.520,1980,3201,88.0,61.0,43.0
1784619769.297292,369.520,1980,3201,88.0,61.0,43.0
1784619769.307266,369.520,1980,3201,88.0,61.0,43.0
1784619769.317268,369.520,1980,3201,88.0,61.0,43.0
1784619769.327268,369.520,1980,3201,88.0,61.0,43.0
1784619769.337266,369.520,1980,3201,88.0,61.0,43.0
1784619769.347266,369.520,1980,3201,88.0,61.0,43.0
1784619769.357267,358.944,1980,3201,88.0,61.0,43.0
1784619769.367271,358.944,1980,3201,88.0,61.0,43.0
1784619769.377266,358.944,1980,3201,88.0,61.0,43.0
1784619769.387297,358.944,1980,3201,88.0,61.0,43.0
1784619769.397304,358.944,1980,3201,88.0,61.0,43.0
1784619769.407267,358.944,1980,3201,88.0,61.0,43.0
1784619769.417268,358.944,1980,3201,88.0,61.0,43.0
1784619769.427262,358.944,1980,3201,88.0,61.0,43.0
1784619769.437259,358.944,1980,3201,88.0,61.0,43.0
1784619769.447709,358.944,1980,3201,88.0,61.0,43.0
1784619769.457352,359.067,1980,3201,88.0,61.0,43.0
1784619769.467281,359.067,1980,3201,88.0,61.0,43.0
1784619769.477268,359.067,1980,3201,88.0,61.0,43.0
1784619769.487270,359.067,1980,3201,88.0,61.0,43.0
1784619769.497264,359.067,1980,3201,88.0,61.0,43.0
1784619769.507289,359.067,1980,3201,88.0,61.0,43.0
1784619769.517264,359.067,1980,3201,88.0,61.0,43.0
1784619769.527269,359.067,1980,3201,88.0,61.0,43.0
1784619769.537266,359.067,1980,3201,88.0,61.0,43.0
1784619769.547306,359.067,1980,3201,88.0,61.0,43.0
1784619769.557269,358.893,1980,3201,88.0,61.0,43.0
1784619769.567355,358.893,1980,3201,88.0,61.0,43.0
1784619769.577268,358.893,1980,3201,88.0,61.0,43.0
1784619769.587322,358.893,1980,3201,88.0,61.0,43.0
1784619769.597270,358.893,1980,3201,88.0,61.0,43.0
1784619769.607271,358.893,1980,3201,88.0,61.0,43.0
1784619769.617454,358.893,1980,3201,88.0,61.0,43.0
1784619769.627270,358.893,1980,3201,88.0,61.0,43.0
1784619769.637272,358.893,1980,3201,88.0,61.0,43.0
1784619769.647270,358.893,1980,3201,88.0,61.0,43.0
1784619769.657272,358.874,1980,3201,88.0,61.0,43.0
1784619769.667264,358.874,1980,3201,88.0,61.0,43.0
1784619769.677269,358.874,1980,3201,88.0,61.0,43.0
1784619769.687274,358.874,1980,3201,88.0,61.0,43.0
1784619769.697271,358.874,1980,3201,88.0,61.0,43.0
1784619769.707269,358.874,1980,3201,88.0,61.0,43.0
1784619769.717265,358.874,1980,3201,88.0,61.0,43.0
1784619769.727269,358.874,1980,3201,88.0,61.0,43.0
1784619769.737267,358.874,1980,3201,88.0,61.0,43.0
1784619769.747269,358.874,1980,3201,88.0,61.0,43.0
1784619769.757268,358.941,1980,3201,88.0,61.0,43.0
1784619769.767255,358.941,1980,3201,88.0,61.0,43.0
1784619769.777265,358.941,1980,3201,88.0,61.0,43.0
1784619769.787253,358.941,1980,3201,88.0,61.0,43.0
1784619769.797269,358.941,1980,3201,88.0,61.0,43.0
1784619769.807266,358.941,1980,3201,88.0,61.0,43.0
1784619769.817270,358.941,1980,3201,88.0,61.0,43.0
1784619769.827266,358.941,1980,3201,88.0,61.0,43.0
1784619769.837267,358.941,1980,3201,88.0,61.0,43.0
1784619769.847265,358.941,1980,3201,88.0,61.0,43.0
1784619769.857265,359.195,1980,3201,88.0,61.0,43.0
1784619769.867264,359.195,1980,3201,88.0,61.0,43.0
1784619769.877264,359.195,1980,3201,88.0,61.0,43.0
1784619769.887264,359.195,1980,3201,88.0,61.0,43.0
1784619769.897266,359.195,1980,3201,88.0,61.0,43.0
1784619769.907259,359.195,1980,3201,88.0,61.0,43.0
1784619769.917265,359.195,1980,3201,88.0,61.0,43.0
1784619769.927264,359.195,1980,3201,88.0,61.0,43.0
1784619769.937266,359.195,1980,3201,88.0,61.0,43.0
1784619769.947266,359.195,1980,3201,88.0,61.0,43.0
1784619769.957264,359.410,1980,3201,88.0,61.0,43.0
1784619769.967263,359.410,1980,3201,88.0,61.0,43.0
1784619769.977265,359.410,1980,3201,86.0,60.0,43.0
1784619769.987265,359.410,1980,3201,86.0,60.0,43.0
1784619769.997264,359.410,1980,3201,86.0,60.0,43.0
1784619770.007263,359.410,1980,3201,86.0,60.0,43.0
1784619770.017261,359.410,1980,3201,86.0,60.0,43.0
1784619770.027263,359.410,1980,3201,86.0,60.0,43.0
1784619770.037264,359.410,1980,3201,86.0,60.0,43.0
1784619770.047260,359.410,1980,3201,86.0,60.0,43.0
1784619770.057264,358.665,1980,3201,86.0,60.0,43.0
1784619770.067263,358.665,1980,3201,86.0,60.0,43.0
1784619770.077263,358.665,1980,3201,86.0,60.0,43.0
1784619770.087324,358.665,1980,3201,86.0,60.0,43.0
1784619770.097262,358.665,1980,3201,86.0,60.0,43.0
1784619770.107262,358.665,1980,3201,86.0,60.0,43.0
1784619770.117263,358.665,1980,3201,86.0,60.0,43.0
1784619770.127260,358.665,1980,3201,86.0,60.0,43.0
1784619770.137261,358.665,1980,3201,86.0,60.0,43.0
1784619770.147261,358.665,1980,3201,86.0,60.0,43.0
1784619770.157264,358.813,1980,3201,86.0,60.0,43.0
1784619770.167259,358.813,1980,3201,86.0,60.0,43.0
1784619770.177260,358.813,1980,3201,87.0,61.0,43.0
1784619770.187261,358.813,1980,3201,87.0,61.0,43.0
1784619770.197262,358.813,1980,3201,87.0,61.0,43.0
1784619770.207259,358.813,1980,3201,87.0,61.0,43.0
1784619770.217263,358.813,1980,3201,87.0,61.0,43.0
1784619770.227260,358.813,1980,3201,87.0,61.0,43.0
1784619770.237263,358.813,1980,3201,87.0,61.0,43.0
1784619770.247262,358.813,1980,3201,87.0,61.0,43.0
1784619770.257260,358.604,1980,3201,87.0,61.0,43.0
1784619770.267263,358.604,1980,3201,87.0,61.0,43.0
1784619770.277259,358.604,1980,3201,87.0,61.0,43.0
1784619770.287260,358.604,1980,3201,87.0,61.0,43.0
1784619770.297384,358.604,1980,3201,87.0,61.0,43.0
1784619770.307259,358.604,1980,3201,87.0,61.0,43.0
1784619770.317261,358.604,1980,3201,87.0,61.0,43.0
1784619770.327262,358.604,1980,3201,87.0,61.0,43.0
1784619770.337259,358.604,1980,3201,87.0,61.0,43.0
1784619770.347398,358.604,1980,3201,87.0,61.0,43.0
1784619770.357258,357.913,1980,3201,87.0,61.0,43.0
1784619770.367257,357.913,1980,3201,87.0,61.0,43.0
1784619770.377258,357.913,1980,3201,88.0,61.0,43.0
1784619770.387255,357.913,1980,3201,88.0,61.0,43.0
1784619770.397257,357.913,1980,3201,88.0,61.0,43.0
1784619770.407257,357.913,1980,3201,88.0,61.0,43.0
1784619770.417257,357.913,1980,3201,88.0,61.0,43.0
1784619770.427259,357.913,1980,3201,88.0,61.0,43.0
1784619770.437256,357.913,1980,3201,88.0,61.0,43.0
1784619770.447256,357.913,1980,3201,88.0,61.0,43.0
1784619770.457258,357.077,1980,3201,88.0,61.0,43.0
1784619770.467256,357.077,1980,3201,88.0,61.0,43.0
1784619770.477287,357.077,1980,3201,88.0,61.0,43.0
1784619770.487257,357.077,1980,3201,88.0,61.0,43.0
1784619770.497255,357.077,1980,3201,88.0,61.0,43.0
1784619770.507255,357.077,1980,3201,88.0,61.0,43.0
1784619770.517255,357.077,1980,3201,88.0,61.0,43.0
1784619770.527256,357.077,1980,3201,88.0,61.0,43.0
1784619770.537256,357.077,1980,3201,88.0,61.0,43.0
1784619770.547255,357.077,1980,3201,88.0,61.0,43.0
1784619770.557339,357.401,1980,3201,88.0,61.0,43.0
1784619770.567294,357.401,1980,3201,88.0,61.0,43.0
1784619770.577268,357.401,1980,3201,88.0,61.0,43.0
1784619770.587271,357.401,1980,3201,88.0,61.0,43.0
1784619770.597277,357.401,1980,3201,88.0,61.0,43.0
1784619770.607290,357.401,1980,3201,88.0,61.0,43.0
1784619770.617294,357.401,1980,3201,88.0,61.0,43.0
1784619770.627268,357.401,1980,3201,88.0,61.0,43.0
1784619770.637266,357.401,1980,3201,88.0,61.0,43.0
1784619770.647307,357.401,1980,3201,88.0,61.0,43.0
1784619770.657270,357.213,1980,3201,88.0,61.0,43.0
1784619770.667315,357.213,1980,3201,88.0,61.0,43.0
1784619770.677309,357.213,1980,3201,88.0,61.0,43.0
1784619770.687266,357.213,1980,3201,88.0,61.0,43.0
1784619770.697317,357.213,1980,3201,88.0,61.0,43.0
1784619770.707267,357.213,1980,3201,88.0,61.0,43.0
1784619770.717266,357.213,1980,3201,88.0,61.0,43.0
1784619770.727269,357.213,1980,3201,88.0,61.0,43.0
1784619770.737297,357.213,1980,3201,88.0,61.0,43.0
1784619770.747267,357.213,1980,3201,88.0,61.0,43.0
1784619770.757267,356.731,1980,3201,88.0,61.0,43.0
1784619770.767266,356.731,1980,3201,88.0,61.0,43.0
1784619770.777266,356.731,1980,3201,88.0,61.0,43.0
1784619770.787266,356.731,1980,3201,88.0,61.0,43.0
1784619770.797288,356.731,1980,3201,88.0,61.0,43.0
1784619770.807302,356.731,1980,3201,88.0,61.0,43.0
1784619770.817307,356.731,1980,3201,88.0,61.0,43.0
1784619770.827311,356.731,1980,3201,88.0,61.0,43.0
1784619770.837274,356.731,1980,3201,88.0,61.0,43.0
1784619770.847268,356.731,1980,3201,88.0,61.0,43.0
1784619770.857258,356.754,1980,3201,88.0,61.0,43.0
1784619770.867340,356.754,1980,3201,88.0,61.0,43.0
1784619770.877260,356.754,1980,3201,88.0,61.0,43.0
1784619770.887263,356.754,1980,3201,88.0,61.0,43.0
1784619770.897267,356.754,1980,3201,88.0,61.0,43.0
1784619770.907274,356.754,1980,3201,88.0,61.0,43.0
1784619770.917262,356.754,1980,3201,88.0,61.0,43.0
1784619770.927266,356.754,1980,3201,88.0,61.0,43.0
1784619770.937266,356.754,1980,3201,88.0,61.0,43.0
1784619770.947313,356.754,1980,3201,88.0,61.0,43.0
1784619770.957266,356.590,1980,3201,88.0,61.0,43.0
1784619770.967267,356.590,1980,3201,88.0,61.0,43.0
1784619770.977267,356.590,1980,3201,88.0,61.0,43.0
1784619770.987267,356.590,1980,3201,88.0,61.0,43.0
1784619770.997267,356.590,1980,3201,88.0,61.0,43.0
1784619771.007267,356.590,1980,3201,88.0,61.0,43.0
1784619771.017267,356.590,1980,3201,88.0,61.0,43.0
1784619771.027267,356.590,1980,3201,88.0,61.0,43.0
1784619771.037267,356.590,1980,3201,88.0,61.0,43.0
1784619771.047266,356.590,1980,3201,88.0,61.0,43.0
1784619771.057266,356.640,1980,3201,88.0,61.0,43.0
1784619771.067267,356.640,1980,3201,88.0,61.0,43.0
1784619771.077266,356.640,1980,3201,88.0,61.0,43.0
1784619771.087277,356.640,1980,3201,88.0,61.0,43.0
1784619771.097266,356.640,1980,3201,88.0,61.0,43.0
1784619771.107267,356.640,1980,3201,88.0,61.0,43.0
1784619771.117267,356.640,1980,3201,88.0,61.0,43.0
1784619771.127267,356.640,1980,3201,88.0,61.0,43.0
1784619771.137270,356.640,1980,3201,88.0,61.0,43.0
1784619771.147267,356.640,1980,3201,88.0,61.0,43.0
1784619771.157267,356.508,1980,3201,88.0,61.0,43.0
1784619771.167266,356.508,1980,3201,88.0,61.0,43.0
1784619771.177268,356.508,1980,3201,88.0,61.0,43.0
1784619771.187270,356.508,1980,3201,88.0,61.0,43.0
1784619771.197266,356.508,1980,3201,88.0,61.0,43.0
1784619771.207269,356.508,1980,3201,88.0,61.0,43.0
1784619771.217271,356.508,1980,3201,88.0,61.0,43.0
1784619771.227266,356.508,1980,3201,88.0,61.0,43.0
1784619771.237267,356.508,1980,3201,88.0,61.0,43.0
1784619771.247266,356.508,1980,3201,88.0,61.0,43.0
1784619771.257269,356.420,1980,3201,88.0,61.0,43.0
1784619771.267266,356.420,1980,3201,88.0,61.0,43.0
1784619771.277266,356.420,1980,3201,88.0,61.0,43.0
1784619771.287266,356.420,1980,3201,88.0,61.0,43.0
1784619771.297274,356.420,1980,3201,88.0,61.0,43.0
1784619771.307270,356.420,1980,3201,88.0,61.0,43.0
1784619771.317266,356.420,1980,3201,88.0,61.0,43.0
1784619771.327268,356.420,1980,3201,88.0,61.0,43.0
1784619771.337266,356.420,1980,3201,88.0,61.0,43.0
1784619771.347267,356.420,1980,3201,88.0,61.0,43.0
1784619771.357299,356.085,1980,3201,88.0,61.0,43.0
1784619771.367267,356.085,1980,3201,88.0,61.0,43.0
1784619771.377266,356.085,1980,3201,88.0,61.0,43.0
1784619771.387283,356.085,1980,3201,88.0,61.0,43.0
1784619771.397266,356.085,1980,3201,88.0,61.0,43.0
1784619771.407310,356.085,1980,3201,88.0,61.0,43.0
1784619771.417267,356.085,1980,3201,88.0,61.0,43.0
1784619771.427267,356.085,1980,3201,88.0,61.0,43.0
1784619771.437266,356.085,1980,3201,88.0,61.0,43.0
1784619771.447267,356.085,1980,3201,88.0,61.0,43.0
1784619771.457269,357.948,1980,3201,88.0,61.0,43.0
1784619771.467267,357.948,1980,3201,88.0,61.0,43.0
1784619771.477267,357.948,1980,3201,88.0,61.0,43.0
1784619771.487268,357.948,1980,3201,88.0,61.0,43.0
1784619771.497267,357.948,1980,3201,88.0,61.0,49.0
1784619771.507266,357.948,1980,3201,88.0,61.0,49.0
1784619771.517271,357.948,1980,3201,88.0,61.0,49.0
1784619771.527267,357.948,1980,3201,88.0,61.0,49.0
1784619771.537267,357.948,1980,3201,88.0,61.0,49.0
1784619771.547266,357.948,1980,3201,88.0,61.0,49.0
1784619771.557266,368.973,1980,3201,88.0,61.0,49.0
1784619771.567266,368.973,1980,3201,88.0,61.0,49.0
1784619771.577269,368.973,1980,3201,90.0,53.0,49.0
1784619771.587266,368.973,1980,3201,90.0,53.0,49.0
1784619771.597267,368.973,1980,3201,90.0,53.0,44.0
1784619771.607272,368.973,1980,3201,90.0,53.0,44.0
1784619771.617277,368.973,1980,3201,90.0,53.0,44.0
1784619771.627290,368.973,1980,3201,90.0,53.0,44.0
1784619771.637266,368.973,1980,3201,90.0,53.0,44.0
1784619771.647268,368.973,1980,3201,90.0,53.0,44.0
1784619771.657267,368.987,1980,3201,90.0,53.0,44.0
1784619771.667267,368.987,1980,3201,90.0,53.0,44.0
1784619771.677266,368.987,1980,3201,90.0,53.0,44.0
1784619771.687267,368.987,1980,3201,90.0,53.0,44.0
1784619771.697267,368.987,1980,3201,90.0,53.0,44.0
1784619771.707268,368.987,1980,3201,90.0,53.0,44.0
1784619771.717287,368.987,1980,3201,90.0,53.0,44.0
1784619771.727271,368.987,1980,3201,90.0,53.0,44.0
1784619771.737299,368.987,1980,3201,90.0,53.0,44.0
1784619771.747271,368.987,1980,3201,90.0,53.0,44.0
1784619771.757619,368.767,1980,3201,90.0,53.0,44.0
1784619771.767267,368.767,1980,3201,90.0,53.0,44.0
1784619771.777267,368.767,1980,3201,88.0,61.0,44.0
1784619771.787266,368.767,1980,3201,88.0,61.0,44.0
1784619771.797267,368.767,1980,3201,88.0,61.0,44.0
1784619771.807266,368.767,1980,3201,88.0,61.0,43.0
1784619771.817268,368.767,1980,3201,88.0,61.0,43.0
1784619771.827267,368.767,1980,3201,88.0,61.0,43.0
1784619771.837266,368.767,1980,3201,88.0,61.0,43.0
1784619771.847267,368.767,1980,3201,88.0,61.0,43.0
1784619771.857467,368.767,1980,3201,88.0,61.0,43.0
1784619771.867267,369.242,1980,3201,88.0,61.0,43.0
1784619771.877283,369.242,1980,3201,88.0,61.0,43.0
1784619771.887267,369.242,1980,3201,88.0,61.0,43.0
1784619771.897271,369.242,1980,3201,88.0,61.0,43.0
1784619771.907481,369.242,1980,3201,88.0,61.0,43.0
1784619771.917266,369.242,1980,3201,88.0,61.0,43.0
1784619771.927267,369.242,1980,3201,88.0,61.0,43.0
1784619771.937288,369.242,1980,3201,88.0,61.0,43.0
1784619771.947312,369.242,1980,3201,88.0,61.0,43.0
1784619771.957775,369.630,1980,3201,88.0,61.0,43.0
1784619771.967266,369.630,1980,3201,88.0,61.0,43.0
1784619771.977267,369.630,1980,3201,88.0,61.0,43.0
1784619771.987258,369.630,1980,3201,88.0,61.0,43.0
1784619771.997263,369.630,1980,3201,88.0,61.0,43.0
1784619772.007258,369.630,1980,3201,88.0,61.0,43.0
1784619772.017260,369.630,1980,3201,88.0,61.0,43.0
1784619772.027267,369.630,1980,3201,88.0,61.0,43.0
1784619772.037268,369.630,1980,3201,88.0,61.0,43.0
1784619772.047266,369.630,1980,3201,88.0,61.0,43.0
1784619772.057287,369.630,1980,3201,88.0,61.0,43.0
1784619772.067269,369.780,1980,3201,88.0,61.0,43.0
1784619772.077266,369.780,1980,3201,88.0,61.0,43.0
1784619772.087269,369.780,1980,3201,88.0,61.0,43.0
1784619772.097266,369.780,1980,3201,88.0,61.0,43.0
1784619772.107267,369.780,1980,3201,88.0,61.0,43.0
1784619772.117302,369.780,1980,3201,88.0,61.0,43.0
1784619772.127260,369.780,1980,3201,88.0,61.0,43.0
1784619772.137311,369.780,1980,3201,88.0,61.0,43.0
1784619772.147269,369.780,1980,3201,88.0,61.0,43.0
1784619772.157312,369.780,1980,3201,88.0,61.0,43.0
1784619772.167269,370.047,1980,3201,88.0,61.0,43.0
1784619772.177269,370.047,1980,3201,88.0,61.0,43.0
1784619772.187271,370.047,1980,3201,88.0,61.0,43.0
1784619772.197270,370.047,1980,3201,88.0,61.0,43.0
1784619772.207269,370.047,1980,3201,88.0,61.0,43.0
1784619772.217314,370.047,1980,3201,88.0,61.0,43.0
1784619772.227359,370.047,1980,3201,88.0,61.0,43.0
1784619772.237302,370.047,1980,3201,88.0,61.0,43.0
1784619772.247267,370.047,1980,3201,88.0,61.0,43.0
1784619772.257267,370.047,1980,3201,88.0,61.0,43.0
1784619772.267267,370.313,1980,3201,88.0,61.0,43.0
1784619772.277312,370.313,1980,3201,88.0,61.0,43.0
1784619772.287266,370.313,1980,3201,88.0,61.0,43.0
1784619772.297258,370.313,1980,3201,88.0,61.0,43.0
1784619772.307262,370.313,1980,3201,88.0,61.0,43.0
1784619772.317274,370.313,1980,3201,88.0,61.0,43.0
1784619772.327263,370.313,1980,3201,88.0,61.0,43.0
1784619772.337267,370.313,1980,3201,88.0,61.0,43.0
1784619772.347265,370.313,1980,3201,88.0,61.0,43.0
1784619772.357267,370.313,1980,3201,88.0,61.0,43.0
1784619772.367269,369.954,1980,3201,88.0,61.0,43.0
1784619772.377268,369.954,1980,3201,88.0,61.0,43.0
1784619772.387268,369.954,1980,3201,88.0,61.0,43.0
1784619772.397318,369.954,1980,3201,88.0,61.0,43.0
1784619772.407267,369.954,1980,3201,88.0,61.0,43.0
1784619772.417268,369.954,1980,3201,88.0,61.0,43.0
1784619772.427267,369.954,1980,3201,88.0,61.0,43.0
1784619772.437262,369.954,1980,3201,88.0,61.0,43.0
1784619772.447255,369.954,1980,3201,88.0,61.0,43.0
1784619772.457259,369.954,1980,3201,88.0,61.0,43.0
1784619772.467260,369.452,1980,3201,88.0,61.0,43.0
1784619772.477259,369.452,1980,3201,88.0,61.0,43.0
1784619772.487259,369.452,1980,3201,88.0,61.0,43.0
1784619772.497440,369.452,1980,3201,88.0,61.0,43.0
1784619772.507259,369.452,1980,3201,88.0,61.0,43.0
1784619772.517259,369.452,1980,3201,88.0,61.0,43.0
1784619772.527258,369.452,1980,3201,88.0,61.0,43.0
1784619772.537259,369.452,1980,3201,88.0,61.0,43.0
1784619772.547441,369.452,1980,3201,88.0,61.0,43.0
1784619772.557258,369.452,1980,3201,88.0,61.0,43.0
1784619772.567258,358.693,1980,3201,88.0,61.0,43.0
1784619772.577259,358.693,1980,3201,88.0,61.0,43.0
1784619772.587259,358.693,1980,3201,88.0,61.0,43.0
1784619772.597255,358.693,1980,3201,88.0,61.0,43.0
1784619772.607276,358.693,1980,3201,88.0,61.0,43.0
1784619772.617263,358.693,1980,3201,88.0,61.0,43.0
1784619772.627264,358.693,1980,3201,88.0,61.0,43.0
1784619772.637264,358.693,1980,3201,88.0,61.0,43.0
1784619772.647403,358.693,1980,3201,88.0,61.0,43.0
1784619772.657269,358.693,1980,3201,88.0,61.0,43.0
1784619772.667268,358.700,1980,3201,88.0,61.0,43.0
1784619772.677271,358.700,1980,3201,88.0,61.0,43.0
1784619772.687267,358.700,1980,3201,88.0,61.0,43.0
1784619772.697266,358.700,1980,3201,88.0,61.0,43.0
1784619772.707269,358.700,1980,3201,88.0,61.0,43.0
1784619772.717270,358.700,1980,3201,88.0,61.0,43.0
1784619772.727267,358.700,1980,3201,88.0,61.0,43.0
1784619772.737266,358.700,1980,3201,88.0,61.0,43.0
1784619772.747271,358.700,1980,3201,88.0,61.0,43.0
1784619772.757267,358.700,1980,3201,88.0,61.0,43.0
1784619772.767267,358.741,1980,3201,88.0,61.0,43.0
1784619772.777267,358.741,1980,3201,88.0,61.0,43.0
1784619772.787268,358.741,1980,3201,88.0,61.0,43.0
1784619772.797274,358.741,1980,3201,88.0,61.0,43.0
1784619772.807276,358.741,1980,3201,88.0,61.0,43.0
1784619772.817261,358.741,1980,3201,88.0,61.0,43.0
1784619772.827269,358.741,1980,3201,88.0,61.0,43.0
1784619772.837267,358.741,1980,3201,88.0,61.0,43.0
1784619772.847267,358.741,1980,3201,88.0,61.0,43.0
1784619772.857267,358.741,1980,3201,88.0,61.0,43.0
1784619772.867352,358.916,1980,3201,88.0,61.0,43.0
1784619772.877267,358.916,1980,3201,88.0,61.0,43.0
1784619772.887267,358.916,1980,3201,88.0,61.0,43.0
1784619772.897266,358.916,1980,3201,88.0,61.0,43.0
1784619772.907268,358.916,1980,3201,88.0,61.0,43.0
1784619772.917266,358.916,1980,3201,88.0,61.0,43.0
1784619772.927268,358.916,1980,3201,88.0,61.0,43.0
1784619772.937442,358.916,1980,3201,88.0,61.0,43.0
1784619772.947267,358.916,1980,3201,88.0,61.0,43.0
1784619772.957268,358.916,1980,3201,88.0,61.0,43.0
1784619772.967274,358.714,1980,3201,88.0,61.0,43.0
1784619772.977276,358.714,1980,3201,88.0,61.0,43.0
1784619772.987291,358.714,1980,3201,87.0,60.0,43.0
1784619772.997267,358.714,1980,3201,87.0,60.0,43.0
1784619773.007268,358.714,1980,3201,87.0,60.0,43.0
1784619773.017293,358.714,1980,3201,87.0,60.0,43.0
1784619773.027268,358.714,1980,3201,87.0,60.0,43.0
1784619773.037267,358.714,1980,3201,87.0,60.0,43.0
1784619773.047267,358.714,1980,3201,87.0,60.0,43.0
1784619773.057266,358.714,1980,3201,87.0,60.0,43.0
1784619773.067267,358.354,1980,3201,87.0,60.0,43.0
1784619773.077267,358.354,1980,3201,87.0,60.0,43.0
1784619773.087282,358.354,1980,3201,87.0,60.0,43.0
1784619773.097267,358.354,1980,3201,87.0,60.0,43.0
1784619773.107301,358.354,1980,3201,87.0,60.0,43.0
1784619773.117284,358.354,1980,3201,87.0,60.0,43.0
1784619773.127269,358.354,1980,3201,87.0,60.0,43.0
1784619773.137267,358.354,1980,3201,87.0,60.0,43.0
1784619773.147267,358.354,1980,3201,87.0,60.0,43.0
1784619773.157291,358.354,1980,3201,87.0,60.0,43.0
1784619773.167267,366.966,1980,3201,87.0,60.0,43.0
1784619773.177268,366.966,1980,3201,87.0,60.0,43.0
1784619773.187267,366.966,1980,3201,82.0,51.0,43.0
1784619773.197267,366.966,1980,3201,82.0,51.0,43.0
1784619773.207271,366.966,1980,3201,82.0,51.0,44.0
1784619773.217267,366.966,1980,3201,82.0,51.0,44.0
1784619773.227267,366.966,1980,3201,82.0,51.0,44.0
1784619773.237267,366.966,1980,3201,82.0,51.0,44.0
1784619773.247298,366.966,1980,3201,82.0,51.0,44.0
1784619773.257271,366.966,1980,3201,82.0,51.0,44.0
1784619773.267266,366.820,1980,3201,82.0,51.0,44.0
1784619773.277267,366.820,1980,3201,82.0,51.0,44.0
1784619773.287267,366.820,1980,3201,82.0,51.0,44.0
1784619773.297266,366.820,1980,3201,82.0,51.0,44.0
1784619773.307267,366.820,1980,3201,82.0,51.0,44.0
1784619773.317459,366.820,1980,3201,82.0,51.0,44.0
1784619773.327270,366.820,1980,3201,82.0,51.0,44.0
1784619773.337267,366.820,1980,3201,82.0,51.0,44.0
1784619773.347267,366.820,1980,3201,82.0,51.0,44.0
1784619773.357258,366.820,1980,3201,82.0,51.0,44.0
1784619773.367260,366.788,1980,3201,82.0,51.0,44.0
1784619773.377258,366.788,1980,3201,82.0,51.0,44.0
1784619773.387266,366.788,1980,3201,86.0,60.0,44.0
1784619773.397269,366.788,1980,3201,86.0,60.0,44.0
1784619773.407268,366.788,1980,3201,86.0,60.0,43.0
1784619773.417268,366.788,1980,3201,86.0,60.0,43.0
1784619773.427292,366.788,1980,3201,86.0,60.0,43.0
1784619773.437267,366.788,1980,3201,86.0,60.0,43.0
1784619773.447301,366.788,1980,3201,86.0,60.0,43.0
1784619773.457304,366.788,1980,3201,86.0,60.0,43.0
1784619773.467267,365.879,1980,3201,86.0,60.0,43.0
1784619773.477268,365.879,1980,3201,86.0,60.0,43.0
1784619773.487266,365.879,1980,3201,86.0,60.0,43.0
1784619773.497267,365.879,1980,3201,86.0,60.0,43.0
1784619773.507266,365.879,1980,3201,86.0,60.0,43.0
1784619773.517299,365.879,1980,3201,86.0,60.0,43.0
1784619773.527303,365.879,1980,3201,86.0,60.0,43.0
1784619773.537277,365.879,1980,3201,86.0,60.0,43.0
1784619773.547267,365.879,1980,3201,86.0,60.0,43.0
1784619773.557267,365.879,1980,3201,86.0,60.0,43.0
1784619773.567269,365.748,1980,3201,86.0,60.0,43.0
1784619773.577267,365.748,1980,3201,86.0,60.0,43.0
1784619773.587267,365.748,1980,3201,86.0,60.0,43.0
1784619773.597322,365.748,1980,3201,86.0,60.0,43.0
1784619773.607267,365.748,1980,3201,86.0,60.0,43.0
1784619773.617270,365.748,1980,3201,86.0,60.0,43.0
1784619773.627284,365.748,1980,3201,86.0,60.0,43.0
1784619773.637269,365.748,1980,3201,86.0,60.0,43.0
1784619773.647266,365.748,1980,3201,86.0,60.0,43.0
1784619773.657267,365.748,1980,3201,86.0,60.0,43.0
1784619773.667266,365.234,1980,3201,86.0,60.0,43.0
1784619773.677266,365.234,1980,3201,86.0,60.0,43.0
1784619773.687259,365.234,1980,3201,86.0,60.0,43.0
1784619773.697258,365.234,1980,3201,86.0,60.0,43.0
1784619773.707260,365.234,1980,3201,86.0,60.0,43.0
1784619773.717268,365.234,1980,3201,86.0,60.0,43.0
1784619773.727267,365.234,1980,3201,86.0,60.0,43.0
1784619773.737267,365.234,1980,3201,86.0,60.0,43.0
1784619773.747267,365.234,1980,3201,86.0,60.0,43.0
1784619773.757278,365.234,1980,3201,86.0,60.0,43.0
1784619773.767259,364.544,1980,3201,86.0,60.0,43.0
1784619773.777286,364.544,1980,3201,86.0,60.0,43.0
1784619773.787270,364.544,1980,3201,87.0,60.0,43.0
1784619773.797266,364.544,1980,3201,87.0,60.0,43.0
1784619773.807267,364.544,1980,3201,87.0,60.0,43.0
1784619773.817267,364.544,1980,3201,87.0,60.0,43.0
1784619773.827267,364.544,1980,3201,87.0,60.0,43.0
1784619773.837270,364.544,1980,3201,87.0,60.0,43.0
1784619773.847263,364.544,1980,3201,87.0,60.0,43.0
1784619773.857259,364.544,1980,3201,87.0,60.0,43.0
1784619773.867259,364.384,1980,3201,87.0,60.0,43.0
1784619773.877258,364.384,1980,3201,87.0,60.0,43.0
1784619773.887259,364.384,1980,3201,87.0,60.0,43.0
1784619773.897259,364.384,1980,3201,87.0,60.0,43.0
1784619773.907258,364.384,1980,3201,87.0,60.0,43.0
1784619773.917259,364.384,1980,3201,87.0,60.0,43.0
1784619773.927259,364.384,1980,3201,87.0,60.0,43.0
1784619773.937259,364.384,1980,3201,87.0,60.0,43.0
1784619773.947259,364.384,1980,3201,87.0,60.0,43.0
1784619773.957258,364.384,1980,3201,87.0,60.0,43.0
1784619773.967259,364.092,1980,3201,87.0,60.0,43.0
1784619773.977258,364.092,1980,3201,87.0,60.0,43.0
1784619773.987259,364.092,1980,3201,86.0,60.0,43.0
1784619773.997259,364.092,1980,3201,86.0,60.0,43.0
1784619774.007220,364.092,1980,3201,86.0,60.0,43.0
1784619774.017263,364.092,1980,3201,86.0,60.0,43.0
1784619774.027262,364.092,1980,3201,86.0,60.0,43.0
1784619774.037256,364.092,1980,3201,86.0,60.0,43.0
1784619774.047263,364.092,1980,3201,86.0,60.0,43.0
1784619774.057257,364.092,1980,3201,86.0,60.0,43.0
1784619774.067263,363.786,1980,3201,86.0,60.0,43.0
1784619774.077262,363.786,1980,3201,86.0,60.0,43.0
1784619774.087263,363.786,1980,3201,86.0,60.0,43.0
1784619774.097258,363.786,1980,3201,86.0,60.0,43.0
1784619774.107256,363.786,1980,3201,86.0,60.0,43.0
1784619774.117259,363.786,1980,3201,86.0,60.0,43.0
1784619774.127257,363.786,1980,3201,86.0,60.0,43.0
1784619774.137264,363.786,1980,3201,86.0,60.0,43.0
1784619774.147263,363.786,1980,3201,86.0,60.0,43.0
1784619774.157265,363.786,1980,3201,86.0,60.0,43.0
1784619774.167266,354.924,1980,3201,86.0,60.0,43.0
1784619774.177254,354.924,1980,3201,86.0,60.0,43.0
1784619774.187263,354.924,1980,3201,86.0,60.0,43.0
1784619774.197257,354.924,1980,3201,86.0,60.0,43.0
1784619774.207264,354.924,1980,3201,86.0,60.0,43.0
1784619774.217262,354.924,1980,3201,86.0,60.0,43.0
1784619774.227264,354.924,1980,3201,86.0,60.0,43.0
1784619774.237262,354.924,1980,3201,86.0,60.0,43.0
1784619774.247566,354.924,1980,3201,86.0,60.0,43.0
1784619774.257268,354.924,1980,3201,86.0,60.0,43.0
1784619774.267269,354.661,1980,3201,86.0,60.0,43.0
1784619774.277266,354.661,1980,3201,86.0,60.0,43.0
1784619774.287266,354.661,1980,3201,86.0,60.0,43.0
1784619774.297266,354.661,1980,3201,86.0,60.0,43.0
1784619774.307267,354.661,1980,3201,86.0,60.0,43.0
1784619774.317533,354.661,1980,3201,86.0,60.0,43.0
1784619774.327266,354.661,1980,3201,86.0,60.0,43.0
1784619774.337267,354.661,1980,3201,86.0,60.0,43.0
1784619774.347267,354.661,1980,3201,86.0,60.0,43.0
1784619774.357275,354.661,1980,3201,86.0,60.0,43.0
1784619774.367267,354.610,1980,3201,86.0,60.0,43.0
1784619774.377267,354.610,1980,3201,86.0,60.0,43.0
1784619774.387573,354.610,1980,3201,86.0,60.0,43.0
1784619774.397268,354.610,1980,3201,86.0,60.0,43.0
1784619774.407267,354.610,1980,3201,86.0,60.0,43.0
1784619774.417266,354.610,1980,3201,86.0,60.0,43.0
1784619774.427267,354.610,1980,3201,86.0,60.0,43.0
1784619774.437268,354.610,1980,3201,86.0,60.0,43.0
1784619774.447272,354.610,1980,3201,86.0,60.0,43.0
1784619774.457266,354.610,1980,3201,86.0,60.0,43.0
1784619774.467267,354.925,1980,3201,86.0,60.0,43.0
1784619774.477267,354.925,1980,3201,86.0,60.0,43.0
1784619774.487267,354.925,1980,3201,86.0,60.0,43.0
1784619774.497267,354.925,1980,3201,86.0,60.0,43.0
1784619774.507297,354.925,1980,3201,86.0,60.0,43.0
1784619774.517266,354.925,1980,3201,86.0,60.0,43.0
1784619774.527270,354.925,1980,3201,86.0,60.0,43.0
1784619774.537258,354.925,1980,3201,86.0,60.0,43.0
1784619774.547268,354.925,1980,3201,86.0,60.0,43.0
1784619774.557300,354.925,1980,3201,86.0,60.0,43.0
1784619774.567266,354.575,1980,3201,86.0,60.0,43.0
1784619774.577306,354.575,1980,3201,86.0,60.0,43.0
1784619774.587267,354.575,1980,3201,86.0,60.0,43.0
1784619774.597266,354.575,1980,3201,86.0,60.0,43.0
1784619774.607268,354.575,1980,3201,86.0,60.0,43.0
1784619774.617266,354.575,1980,3201,86.0,60.0,43.0
1784619774.627267,354.575,1980,3201,86.0,60.0,43.0
1784619774.637266,354.575,1980,3201,86.0,60.0,43.0
1784619774.647267,354.575,1980,3201,86.0,60.0,43.0
1784619774.657269,354.575,1980,3201,86.0,60.0,43.0
1784619774.667272,355.021,1980,3201,86.0,60.0,43.0
1784619774.677286,355.021,1980,3201,86.0,60.0,43.0
1784619774.687342,355.021,1980,3201,86.0,60.0,43.0
1784619774.697266,355.021,1980,3201,86.0,60.0,43.0
1784619774.707290,355.021,1980,3201,86.0,60.0,43.0
1784619774.717267,355.021,1980,3201,86.0,60.0,43.0
1784619774.727277,355.021,1980,3201,86.0,60.0,43.0
1784619774.737259,355.021,1980,3201,86.0,60.0,43.0
1784619774.747257,355.021,1980,3201,86.0,60.0,43.0
1784619774.757259,355.021,1980,3201,86.0,60.0,43.0
1784619774.767267,356.366,1980,3201,86.0,60.0,43.0
1784619774.777267,356.366,1980,3201,86.0,60.0,43.0
1784619774.787266,356.366,1980,3201,79.0,53.0,43.0
1784619774.797267,356.366,1980,3201,79.0,53.0,43.0
1784619774.807267,356.366,1980,3201,79.0,53.0,43.0
1784619774.817267,356.366,1980,3201,79.0,53.0,44.0
1784619774.827268,356.366,1980,3201,79.0,53.0,44.0
1784619774.837258,356.366,1980,3201,79.0,53.0,44.0
1784619774.847470,356.366,1980,3201,79.0,53.0,44.0
1784619774.857268,356.366,1980,3201,79.0,53.0,44.0
1784619774.867268,356.366,1980,3201,79.0,53.0,44.0
1784619774.877266,356.711,1980,3201,79.0,53.0,44.0
1784619774.887267,356.711,1980,3201,79.0,53.0,44.0
1784619774.897287,356.711,1980,3201,79.0,53.0,44.0
1784619774.907281,356.711,1980,3201,79.0,53.0,44.0
1784619774.917267,356.711,1980,3201,79.0,53.0,43.0
1784619774.927289,356.711,1980,3201,79.0,53.0,43.0
1784619774.937259,356.711,1980,3201,79.0,53.0,43.0
1784619774.947266,356.711,1980,3201,79.0,53.0,43.0
1784619774.957267,356.711,1980,3201,79.0,53.0,43.0
1784619774.967268,356.711,1980,3201,79.0,53.0,43.0
1784619774.977267,356.713,1980,3201,79.0,53.0,43.0
1784619774.987295,356.713,1980,3201,79.0,53.0,43.0
1784619774.997278,356.713,1980,3201,86.0,60.0,43.0
1784619775.007266,356.713,1980,3201,86.0,60.0,43.0
1784619775.017329,356.713,1980,3201,86.0,60.0,43.0
1784619775.027261,356.713,1980,3201,86.0,60.0,43.0
1784619775.037258,356.713,1980,3201,86.0,60.0,43.0
1784619775.047260,356.713,1980,3201,86.0,60.0,43.0
1784619775.057263,356.713,1980,3201,86.0,60.0,43.0
1784619775.067267,356.713,1980,3201,86.0,60.0,43.0
1784619775.077271,356.577,1980,3201,86.0,60.0,43.0
1784619775.087268,356.577,1980,3201,86.0,60.0,43.0
1784619775.097261,356.577,1980,3201,86.0,60.0,43.0
1784619775.107267,356.577,1980,3201,86.0,60.0,43.0
1784619775.117268,356.577,1980,3201,86.0,60.0,43.0
1784619775.127267,356.577,1980,3201,86.0,60.0,43.0
1784619775.137258,356.577,1980,3201,86.0,60.0,43.0
1784619775.147270,356.577,1980,3201,86.0,60.0,43.0
1784619775.157268,356.577,1980,3201,86.0,60.0,43.0
1784619775.167268,356.577,1980,3201,86.0,60.0,43.0
1784619775.177267,356.296,1980,3201,86.0,60.0,43.0
1784619775.187267,356.296,1980,3201,86.0,60.0,43.0
1784619775.197262,356.296,1980,3201,86.0,60.0,43.0
1784619775.207260,356.296,1980,3201,86.0,60.0,43.0
1784619775.217259,356.296,1980,3201,86.0,60.0,43.0
1784619775.227258,356.296,1980,3201,86.0,60.0,43.0
1784619775.237260,356.296,1980,3201,86.0,60.0,43.0
1784619775.247259,356.296,1980,3201,86.0,60.0,43.0
1784619775.257260,356.296,1980,3201,86.0,60.0,43.0
1784619775.267262,356.296,1980,3201,86.0,60.0,43.0
1784619775.277258,355.806,1980,3201,86.0,60.0,43.0
1784619775.287259,355.806,1980,3201,86.0,60.0,43.0
1784619775.297259,355.806,1980,3201,86.0,60.0,43.0
1784619775.307259,355.806,1980,3201,86.0,60.0,43.0
1784619775.317259,355.806,1980,3201,86.0,60.0,43.0
1784619775.327258,355.806,1980,3201,86.0,60.0,43.0
1784619775.337258,355.806,1980,3201,86.0,60.0,43.0
1784619775.347259,355.806,1980,3201,86.0,60.0,43.0
1784619775.357228,355.806,1980,3201,86.0,60.0,43.0
1784619775.367262,355.806,1980,3201,86.0,60.0,43.0
1784619775.377259,355.243,1980,3201,86.0,60.0,43.0
1784619775.387264,355.243,1980,3201,86.0,60.0,43.0
1784619775.397256,355.243,1980,3201,86.0,60.0,43.0
1784619775.407268,355.243,1980,3201,86.0,60.0,43.0
1784619775.417264,355.243,1980,3201,86.0,60.0,43.0
1784619775.427264,355.243,1980,3201,86.0,60.0,43.0
1784619775.437263,355.243,1980,3201,86.0,60.0,43.0
1784619775.447467,355.243,1980,3201,86.0,60.0,43.0
1784619775.457268,355.243,1980,3201,86.0,60.0,43.0
1784619775.467283,355.243,1980,3201,86.0,60.0,43.0
1784619775.477307,354.714,1980,3201,86.0,60.0,43.0
1784619775.487312,354.714,1980,3201,86.0,60.0,43.0
1784619775.497267,354.714,1980,3201,86.0,60.0,43.0
1784619775.507269,354.714,1980,3201,86.0,60.0,43.0
1784619775.517267,354.714,1980,3201,86.0,60.0,43.0
1784619775.527267,354.714,1980,3201,86.0,60.0,43.0
1784619775.537273,354.714,1980,3201,86.0,60.0,43.0
1784619775.547267,354.714,1980,3201,86.0,60.0,43.0
1784619775.557266,354.714,1980,3201,86.0,60.0,43.0
1784619775.567497,354.714,1980,3201,86.0,60.0,43.0
1784619775.577267,354.791,1980,3201,86.0,60.0,43.0
1784619775.587267,354.791,1980,3201,86.0,60.0,43.0
1784619775.597269,354.791,1980,3201,86.0,60.0,43.0
1784619775.607266,354.791,1980,3201,86.0,60.0,43.0
1784619775.617267,354.791,1980,3201,86.0,60.0,43.0
1784619775.627268,354.791,1980,3201,86.0,60.0,43.0
1784619775.637455,354.791,1980,3201,86.0,60.0,43.0
1784619775.647267,354.791,1980,3201,86.0,60.0,43.0
1784619775.657271,354.791,1980,3201,86.0,60.0,43.0
1784619775.667269,354.791,1980,3201,86.0,60.0,43.0
1784619775.677279,354.406,1980,3201,86.0,60.0,43.0
1784619775.687304,354.406,1980,3201,86.0,60.0,43.0
1784619775.697268,354.406,1980,3201,86.0,60.0,43.0
1784619775.707267,354.406,1980,3201,86.0,60.0,43.0
1784619775.717267,354.406,1980,3201,86.0,60.0,43.0
1784619775.727332,354.406,1980,3201,86.0,60.0,43.0
1784619775.737266,354.406,1980,3201,86.0,60.0,43.0
1784619775.747267,354.406,1980,3201,86.0,60.0,43.0
1784619775.757266,354.406,1980,3201,86.0,60.0,43.0
1784619775.767266,354.406,1980,3201,86.0,60.0,43.0
1784619775.777271,352.400,1980,3201,86.0,60.0,43.0
1784619775.787266,352.400,1980,3201,86.0,60.0,43.0
1784619775.797268,352.400,1980,3201,86.0,60.0,43.0
1784619775.807267,352.400,1980,3201,86.0,60.0,43.0
1784619775.817267,352.400,1980,3201,86.0,60.0,43.0
1784619775.827266,352.400,1980,3201,86.0,60.0,43.0
1784619775.837268,352.400,1980,3201,86.0,60.0,43.0
1784619775.847267,352.400,1980,3201,86.0,60.0,43.0
1784619775.857267,352.400,1980,3201,86.0,60.0,43.0
1784619775.867269,352.400,1980,3201,86.0,60.0,43.0
1784619775.877267,352.294,1980,3201,86.0,60.0,43.0
1784619775.887267,352.294,1980,3201,86.0,60.0,43.0
1784619775.897266,352.294,1980,3201,86.0,60.0,43.0
1784619775.907266,352.294,1980,3201,86.0,60.0,43.0
1784619775.917267,352.294,1980,3201,86.0,60.0,43.0
1784619775.927268,352.294,1980,3201,86.0,60.0,43.0
1784619775.937296,352.294,1980,3201,86.0,60.0,43.0
1784619775.947267,352.294,1980,3201,86.0,60.0,43.0
1784619775.957495,352.294,1980,3201,86.0,60.0,43.0
1784619775.967267,352.294,1980,3201,86.0,60.0,43.0
1784619775.977302,352.862,1980,3201,86.0,60.0,43.0
1784619775.987266,352.862,1980,3201,86.0,60.0,43.0
1784619775.997266,352.862,1980,3201,88.0,61.0,43.0
1784619776.007346,352.862,1980,3201,88.0,61.0,43.0
1784619776.017266,352.862,1980,3201,88.0,61.0,43.0
1784619776.027258,352.862,1980,3201,88.0,61.0,43.0
1784619776.037261,352.862,1980,3201,88.0,61.0,43.0
1784619776.047268,352.862,1980,3201,88.0,61.0,43.0
1784619776.057317,352.862,1980,3201,88.0,61.0,43.0
1784619776.067330,352.862,1980,3201,88.0,61.0,43.0
1784619776.077283,353.133,1980,3201,88.0,61.0,43.0
1784619776.087267,353.133,1980,3201,88.0,61.0,43.0
1784619776.097261,353.133,1980,3201,88.0,61.0,43.0
1784619776.107267,353.133,1980,3201,88.0,61.0,43.0
1784619776.117267,353.133,1980,3201,88.0,61.0,43.0
1784619776.127267,353.133,1980,3201,88.0,61.0,43.0
1784619776.137489,353.133,1980,3201,88.0,61.0,43.0
1784619776.147266,353.133,1980,3201,88.0,61.0,43.0
1784619776.157267,353.133,1980,3201,88.0,61.0,43.0
1784619776.167266,353.133,1980,3201,88.0,61.0,43.0
1784619776.177275,353.712,1980,3201,88.0,61.0,43.0
1784619776.187268,353.712,1980,3201,88.0,61.0,43.0
1784619776.197258,353.712,1980,3201,88.0,61.0,43.0
1784619776.207267,353.712,1980,3201,88.0,61.0,43.0
1784619776.217267,353.712,1980,3201,88.0,61.0,43.0
1784619776.227267,353.712,1980,3201,88.0,61.0,43.0
1784619776.237271,353.712,1980,3201,88.0,61.0,43.0
1784619776.247267,353.712,1980,3201,88.0,61.0,43.0
1784619776.257267,353.712,1980,3201,88.0,61.0,43.0
1784619776.267267,353.712,1980,3201,88.0,61.0,43.0
1784619776.277267,353.998,1980,3201,88.0,61.0,43.0
1784619776.287266,353.998,1980,3201,88.0,61.0,43.0
1784619776.297258,353.998,1980,3201,88.0,61.0,43.0
1784619776.307268,353.998,1980,3201,88.0,61.0,43.0
1784619776.317292,353.998,1980,3201,88.0,61.0,43.0
1784619776.327276,353.998,1980,3201,88.0,61.0,43.0
1784619776.337271,353.998,1980,3201,88.0,61.0,43.0
1784619776.347285,353.998,1980,3201,88.0,61.0,43.0
1784619776.357250,353.998,1980,3201,88.0,61.0,43.0
1784619776.367257,353.998,1980,3201,88.0,61.0,43.0
1784619776.377259,355.209,1980,3201,88.0,61.0,43.0
1784619776.387264,355.209,1980,3201,88.0,61.0,43.0
1784619776.397262,355.209,1980,3201,88.0,60.0,43.0
1784619776.407310,355.209,1980,3201,88.0,60.0,43.0
1784619776.417314,355.209,1980,3201,88.0,60.0,43.0
1784619776.427267,355.209,1980,3201,88.0,60.0,43.0
1784619776.437464,355.209,1980,3201,88.0,60.0,43.0
1784619776.447267,355.209,1980,3201,88.0,60.0,43.0
1784619776.457266,355.209,1980,3201,88.0,60.0,43.0
1784619776.467267,355.209,1980,3201,88.0,60.0,43.0
1784619776.477268,355.450,1980,3201,88.0,60.0,43.0
1784619776.487505,355.450,1980,3201,88.0,60.0,43.0
1784619776.497267,355.450,1980,3201,88.0,60.0,43.0
1784619776.507267,355.450,1980,3201,88.0,60.0,43.0
1784619776.517267,355.450,1980,3201,88.0,60.0,43.0
1784619776.527267,355.450,1980,3201,88.0,60.0,43.0
1784619776.537267,355.450,1980,3201,88.0,60.0,43.0
1784619776.547267,355.450,1980,3201,88.0,60.0,43.0
1784619776.557266,355.450,1980,3201,88.0,60.0,43.0
1784619776.567266,355.450,1980,3201,88.0,60.0,43.0
1784619776.577310,354.918,1980,3201,88.0,60.0,43.0
1784619776.587266,354.918,1980,3201,88.0,60.0,43.0
1784619776.597268,354.918,1980,3201,88.0,61.0,43.0
1784619776.607258,354.918,1980,3201,88.0,61.0,43.0
1784619776.617437,354.918,1980,3201,88.0,61.0,43.0
1784619776.627258,354.918,1980,3201,88.0,61.0,43.0
1784619776.637260,354.918,1980,3201,88.0,61.0,43.0
1784619776.647259,354.918,1980,3201,88.0,61.0,43.0
1784619776.657259,354.918,1980,3201,88.0,61.0,43.0
1784619776.667259,354.918,1980,3201,88.0,61.0,43.0
1784619776.677259,355.808,1980,3201,88.0,61.0,43.0
1784619776.687259,355.808,1980,3201,88.0,61.0,43.0
1784619776.697259,355.808,1980,3201,88.0,61.0,43.0
1784619776.707258,355.808,1980,3201,88.0,61.0,43.0
1784619776.717259,355.808,1980,3201,88.0,61.0,43.0
1784619776.727258,355.808,1980,3201,88.0,61.0,43.0
1784619776.737258,355.808,1980,3201,88.0,61.0,43.0
1784619776.747259,355.808,1980,3201,88.0,61.0,43.0
1784619776.757242,355.808,1980,3201,88.0,61.0,43.0
1784619776.767263,355.808,1980,3201,88.0,61.0,43.0
1784619776.777265,357.121,1980,3201,88.0,61.0,43.0
1784619776.787265,357.121,1980,3201,88.0,61.0,43.0
1784619776.797260,357.121,1980,3201,88.0,61.0,43.0
1784619776.807263,357.121,1980,3201,88.0,61.0,43.0
1784619776.817264,357.121,1980,3201,88.0,61.0,43.0
1784619776.827264,357.121,1980,3201,88.0,61.0,43.0
1784619776.837264,357.121,1980,3201,88.0,61.0,43.0
1784619776.847258,357.121,1980,3201,88.0,61.0,43.0
1784619776.857267,357.121,1980,3201,88.0,61.0,43.0
1784619776.867264,357.121,1980,3201,88.0,61.0,43.0
1784619776.877263,357.393,1980,3201,88.0,61.0,43.0
1784619776.887264,357.393,1980,3201,88.0,61.0,43.0
1784619776.897259,357.393,1980,3201,88.0,61.0,43.0
1784619776.907265,357.393,1980,3201,88.0,61.0,43.0
1784619776.917263,357.393,1980,3201,88.0,61.0,43.0
1784619776.927253,357.393,1980,3201,88.0,61.0,43.0
1784619776.937265,357.393,1980,3201,88.0,61.0,43.0
1784619776.947263,357.393,1980,3201,88.0,61.0,43.0
1784619776.957264,357.393,1980,3201,88.0,61.0,43.0
1784619776.967265,357.393,1980,3201,88.0,61.0,43.0
1784619776.977259,356.319,1980,3201,88.0,61.0,43.0
1784619776.987264,356.319,1980,3201,88.0,61.0,43.0
1784619776.997263,356.319,1980,3201,87.0,61.0,43.0
1784619777.007263,356.319,1980,3201,87.0,61.0,43.0
1784619777.017263,356.319,1980,3201,87.0,61.0,43.0
1784619777.027259,356.319,1980,3201,87.0,61.0,43.0
1784619777.037264,356.319,1980,3201,87.0,61.0,43.0
1784619777.047259,356.319,1980,3201,87.0,61.0,43.0
1784619777.057270,356.319,1980,3201,87.0,61.0,43.0
1784619777.067263,356.319,1980,3201,87.0,61.0,43.0
1784619777.077561,355.792,1980,3201,87.0,61.0,43.0
1784619777.087280,355.792,1980,3201,87.0,61.0,43.0
1784619777.097267,355.792,1980,3201,87.0,61.0,43.0
1784619777.107288,355.792,1980,3201,87.0,61.0,43.0
1784619777.117267,355.792,1980,3201,87.0,61.0,43.0
1784619777.127267,355.792,1980,3201,87.0,61.0,43.0
1784619777.137270,355.792,1980,3201,87.0,61.0,43.0
1784619777.147271,355.792,1980,3201,87.0,61.0,43.0
1784619777.157268,355.792,1980,3201,87.0,61.0,43.0
1784619777.167268,355.792,1980,3201,87.0,61.0,43.0
1784619777.177267,355.651,1980,3201,87.0,61.0,43.0
1784619777.187267,355.651,1980,3201,87.0,61.0,43.0
1784619777.197318,355.651,1980,3201,86.0,60.0,43.0
1784619777.207267,355.651,1980,3201,86.0,60.0,43.0
1784619777.217268,355.651,1980,3201,86.0,60.0,43.0
1784619777.227267,355.651,1980,3201,86.0,60.0,43.0
1784619777.237268,355.651,1980,3201,86.0,60.0,43.0
1784619777.247266,355.651,1980,3201,86.0,60.0,43.0
1784619777.257267,355.651,1980,3201,86.0,60.0,43.0
1784619777.267267,355.651,1980,3201,86.0,60.0,43.0
1784619777.277268,355.023,1980,3201,86.0,60.0,43.0
1784619777.287267,355.023,1980,3201,86.0,60.0,43.0
1784619777.297307,355.023,1980,3201,86.0,60.0,43.0
1784619777.307270,355.023,1980,3201,86.0,60.0,43.0
1784619777.317266,355.023,1980,3201,86.0,60.0,43.0
1784619777.327268,355.023,1980,3201,86.0,60.0,43.0
1784619777.337354,355.023,1980,3201,86.0,60.0,43.0
1784619777.347277,355.023,1980,3201,86.0,60.0,43.0
1784619777.357267,355.023,1980,3201,86.0,60.0,43.0
1784619777.367285,355.023,1980,3201,86.0,60.0,43.0
1784619777.377259,354.620,1980,3201,86.0,60.0,43.0
1784619777.387258,354.620,1980,3201,86.0,60.0,43.0
1784619777.397262,354.620,1980,3201,86.0,60.0,43.0
1784619777.407526,354.620,1980,3201,86.0,60.0,43.0
1784619777.417261,354.620,1980,3201,86.0,60.0,43.0
1784619777.427268,354.620,1980,3201,86.0,60.0,43.0
1784619777.437274,354.620,1980,3201,86.0,60.0,43.0
1784619777.447278,354.620,1980,3201,86.0,60.0,43.0
1784619777.457269,354.620,1980,3201,86.0,60.0,43.0
1784619777.467267,354.620,1980,3201,86.0,60.0,43.0
1784619777.477300,354.147,1980,3201,86.0,60.0,43.0
1784619777.487267,354.147,1980,3201,86.0,60.0,43.0
1784619777.497268,354.147,1980,3201,86.0,60.0,43.0
1784619777.507267,354.147,1980,3201,86.0,60.0,43.0
1784619777.517261,354.147,1980,3201,86.0,60.0,43.0
1784619777.527266,354.147,1980,3201,86.0,60.0,43.0
1784619777.537275,354.147,1980,3201,86.0,60.0,43.0
1784619777.547595,354.147,1980,3201,86.0,60.0,43.0
1784619777.557267,354.147,1980,3201,86.0,60.0,43.0
1784619777.567268,354.147,1980,3201,86.0,60.0,43.0
1784619777.577267,354.524,1980,3201,86.0,60.0,43.0
1784619777.587269,354.524,1980,3201,86.0,60.0,43.0
1784619777.597269,354.524,1980,3201,85.0,59.0,43.0
1784619777.607266,354.524,1980,3201,85.0,59.0,43.0
1784619777.617265,354.524,1980,3201,85.0,59.0,43.0
1784619777.627272,354.524,1980,3201,85.0,59.0,43.0
1784619777.637266,354.524,1980,3201,85.0,59.0,43.0
1784619777.647266,354.524,1980,3201,85.0,59.0,43.0
1784619777.657266,354.524,1980,3201,85.0,59.0,43.0
1784619777.667268,354.524,1980,3201,85.0,59.0,43.0
1784619777.677272,353.940,1980,3201,85.0,59.0,43.0
1784619777.687297,353.940,1980,3201,85.0,59.0,43.0
1784619777.697301,353.940,1980,3201,85.0,59.0,43.0
1784619777.707269,353.940,1980,3201,85.0,59.0,43.0
1784619777.717265,353.940,1980,3201,85.0,59.0,43.0
1784619777.727259,353.940,1980,3201,85.0,59.0,43.0
1784619777.737259,353.940,1980,3201,85.0,59.0,43.0
1784619777.747263,353.940,1980,3201,85.0,59.0,43.0
1784619777.757268,353.940,1980,3201,85.0,59.0,43.0
1784619777.767365,353.940,1980,3201,85.0,59.0,43.0
1784619777.777267,353.029,1980,3201,85.0,59.0,43.0
1784619777.787268,353.029,1980,3201,85.0,59.0,43.0
1784619777.797303,353.029,1980,3201,86.0,60.0,43.0
1784619777.807263,353.029,1980,3201,86.0,60.0,43.0
1784619777.817313,353.029,1980,3201,86.0,60.0,43.0
1784619777.827267,353.029,1980,3201,86.0,60.0,43.0
1784619777.837269,353.029,1980,3201,86.0,60.0,43.0
1784619777.847267,353.029,1980,3201,86.0,60.0,43.0
1784619777.857267,353.029,1980,3201,86.0,60.0,43.0
1784619777.867267,353.029,1980,3201,86.0,60.0,43.0
1784619777.877267,352.101,1980,3201,86.0,60.0,43.0
1784619777.887299,352.101,1980,3201,86.0,60.0,43.0
1784619777.897267,352.101,1980,3201,86.0,60.0,43.0
1784619777.907308,352.101,1980,3201,86.0,60.0,43.0
1784619777.917267,352.101,1980,3201,86.0,60.0,43.0
1784619777.927267,352.101,1980,3201,86.0,60.0,43.0
1784619777.937262,352.101,1980,3201,86.0,60.0,43.0
1784619777.947262,352.101,1980,3201,86.0,60.0,43.0
1784619777.957262,352.101,1980,3201,86.0,60.0,43.0
1784619777.967629,352.101,1980,3201,86.0,60.0,43.0
1784619777.977260,352.208,1980,3201,86.0,60.0,43.0
1784619777.987260,352.208,1980,3201,86.0,60.0,43.0
1784619777.997260,352.208,1980,3201,86.0,59.0,43.0
1784619778.007259,352.208,1980,3201,86.0,59.0,43.0
1784619778.017259,352.208,1980,3201,86.0,59.0,43.0
1784619778.027259,352.208,1980,3201,86.0,59.0,43.0
1784619778.037258,352.208,1980,3201,86.0,59.0,43.0
1784619778.047259,352.208,1980,3201,86.0,59.0,43.0
1784619778.057260,352.208,1980,3201,86.0,59.0,43.0
1784619778.067259,352.208,1980,3201,86.0,59.0,43.0
1784619778.077259,353.527,1980,3201,86.0,59.0,43.0
1784619778.087258,353.527,1980,3201,86.0,59.0,43.0
1784619778.097259,353.527,1980,3201,86.0,59.0,43.0
1784619778.107243,353.527,1980,3201,86.0,59.0,43.0
1784619778.117269,353.527,1980,3201,86.0,59.0,43.0
1784619778.127260,353.527,1980,3201,86.0,59.0,43.0
1784619778.137265,353.527,1980,3201,86.0,59.0,43.0
1784619778.147265,353.527,1980,3201,86.0,59.0,43.0
1784619778.157381,353.527,1980,3201,86.0,59.0,43.0
1784619778.167265,353.527,1980,3201,86.0,59.0,43.0
1784619778.177259,353.515,1980,3201,86.0,59.0,43.0
1784619778.187268,353.515,1980,3201,86.0,59.0,43.0
1784619778.197263,353.515,1980,3201,87.0,60.0,43.0
1784619778.207259,353.515,1980,3201,87.0,60.0,43.0
1784619778.217268,353.515,1980,3201,87.0,60.0,43.0
1784619778.227263,353.515,1980,3201,87.0,60.0,43.0
1784619778.237264,353.515,1980,3201,87.0,60.0,43.0
1784619778.247262,353.515,1980,3201,87.0,60.0,43.0
1784619778.257258,353.515,1980,3201,87.0,60.0,43.0
1784619778.267265,353.515,1980,3201,87.0,60.0,43.0
1784619778.277261,353.903,1980,3201,87.0,60.0,43.0
1784619778.287264,353.903,1980,3201,87.0,60.0,43.0
1784619778.297265,353.903,1980,3201,87.0,60.0,43.0
1784619778.307259,353.903,1980,3201,87.0,60.0,43.0
1784619778.317264,353.903,1980,3201,87.0,60.0,43.0
1784619778.327264,353.903,1980,3201,87.0,60.0,43.0
1784619778.337264,353.903,1980,3201,87.0,60.0,43.0
1784619778.347267,353.903,1980,3201,87.0,60.0,43.0
1784619778.357261,353.903,1980,3201,87.0,60.0,43.0
1784619778.367271,353.903,1980,3201,87.0,60.0,43.0
1784619778.377264,354.360,1980,3201,87.0,60.0,43.0
1784619778.387263,354.360,1980,3201,87.0,60.0,43.0
1784619778.397265,354.360,1980,3201,88.0,61.0,43.0
1784619778.407260,354.360,1980,3201,88.0,61.0,43.0
1784619778.417265,354.360,1980,3201,88.0,61.0,43.0
1784619778.427264,354.360,1980,3201,88.0,61.0,43.0
1784619778.437254,354.360,1980,3201,88.0,61.0,43.0
1784619778.447263,354.360,1980,3201,88.0,61.0,43.0
1784619778.457258,354.360,1980,3201,88.0,61.0,43.0
1784619778.467266,354.360,1980,3201,88.0,61.0,43.0
1784619778.477265,354.929,1980,3201,88.0,61.0,43.0
1784619778.487333,354.929,1980,3201,88.0,61.0,43.0
1784619778.497264,354.929,1980,3201,88.0,61.0,43.0
1784619778.507260,354.929,1980,3201,88.0,61.0,43.0
1784619778.517265,354.929,1980,3201,88.0,61.0,43.0
1784619778.527265,354.929,1980,3201,88.0,61.0,43.0
1784619778.537298,354.929,1980,3201,88.0,61.0,43.0
1784619778.547265,354.929,1980,3201,88.0,61.0,43.0
1784619778.557256,354.929,1980,3201,88.0,61.0,43.0
1784619778.567267,354.929,1980,3201,88.0,61.0,43.0
1784619778.577264,354.867,1980,3201,88.0,61.0,43.0
1784619778.587255,354.867,1980,3201,88.0,61.0,43.0
1784619778.597265,354.867,1980,3201,88.0,61.0,43.0
1784619778.607261,354.867,1980,3201,88.0,61.0,43.0
1784619778.617263,354.867,1980,3201,88.0,61.0,43.0
1784619778.627263,354.867,1980,3201,88.0,61.0,43.0
1784619778.637258,354.867,1980,3201,88.0,61.0,43.0
1784619778.647265,354.867,1980,3201,88.0,61.0,43.0
1784619778.657261,354.867,1980,3201,88.0,61.0,43.0
1784619778.667263,354.867,1980,3201,88.0,61.0,43.0
1784619778.677264,355.385,1980,3201,88.0,61.0,43.0
1784619778.687299,355.385,1980,3201,88.0,61.0,43.0
1784619778.697264,355.385,1980,3201,88.0,61.0,43.0
1784619778.707261,355.385,1980,3201,88.0,61.0,43.0
1784619778.717262,355.385,1980,3201,88.0,61.0,43.0
1784619778.727263,355.385,1980,3201,88.0,61.0,43.0
1784619778.737257,355.385,1980,3201,88.0,61.0,43.0
1784619778.747263,355.385,1980,3201,88.0,61.0,43.0
1784619778.757263,355.385,1980,3201,88.0,61.0,43.0
1784619778.767263,355.385,1980,3201,88.0,61.0,43.0
1784619778.777264,355.285,1980,3201,88.0,61.0,43.0
1784619778.787455,355.285,1980,3201,88.0,61.0,43.0
1784619778.797263,355.285,1980,3201,88.0,61.0,43.0
1784619778.807259,355.285,1980,3201,88.0,61.0,43.0
1784619778.817263,355.285,1980,3201,88.0,61.0,43.0
1784619778.827262,355.285,1980,3201,88.0,61.0,43.0
1784619778.837257,355.285,1980,3201,88.0,61.0,43.0
1784619778.847262,355.285,1980,3201,88.0,61.0,43.0
1784619778.857262,355.285,1980,3201,88.0,61.0,43.0
1784619778.867263,355.285,1980,3201,88.0,61.0,43.0
1784619778.877264,355.560,1980,3201,88.0,61.0,43.0
1784619778.887457,355.560,1980,3201,88.0,61.0,43.0
1784619778.897262,355.560,1980,3201,88.0,61.0,43.0
1784619778.907264,355.560,1980,3201,88.0,61.0,43.0
1784619778.917263,355.560,1980,3201,88.0,61.0,43.0
1784619778.927261,355.560,1980,3201,88.0,61.0,43.0
1784619778.937264,355.560,1980,3201,88.0,61.0,43.0
1784619778.947260,355.560,1980,3201,88.0,61.0,43.0
1784619778.957264,355.560,1980,3201,88.0,61.0,43.0
1784619778.967266,355.560,1980,3201,88.0,61.0,43.0
1784619778.977266,356.190,1980,3201,88.0,61.0,43.0
1784619778.987291,356.190,1980,3201,88.0,61.0,43.0
1784619778.997260,356.190,1980,3201,88.0,61.0,43.0
1784619779.007258,356.190,1980,3201,88.0,61.0,43.0
1784619779.017263,356.190,1980,3201,88.0,61.0,43.0
1784619779.027260,356.190,1980,3201,88.0,61.0,43.0
1784619779.037425,356.190,1980,3201,88.0,61.0,43.0
1784619779.047261,356.190,1980,3201,88.0,61.0,43.0
1784619779.057260,356.190,1980,3201,88.0,61.0,43.0
1784619779.067259,356.190,1980,3201,88.0,61.0,43.0
1784619779.077260,355.458,1980,3201,88.0,61.0,43.0
1784619779.087263,355.458,1980,3201,88.0,61.0,43.0
1784619779.097257,355.458,1980,3201,88.0,61.0,43.0
1784619779.107260,355.458,1980,3201,88.0,61.0,43.0
1784619779.117258,355.458,1980,3201,88.0,61.0,43.0
1784619779.127259,355.458,1980,3201,88.0,61.0,43.0
1784619779.137254,355.458,1980,3201,88.0,61.0,43.0
1784619779.147257,355.458,1980,3201,88.0,61.0,43.0
1784619779.157257,355.458,1980,3201,88.0,61.0,43.0
1784619779.167257,355.458,1980,3201,88.0,61.0,43.0
1784619779.177257,355.681,1980,3201,88.0,61.0,43.0
1784619779.187260,355.681,1980,3201,88.0,61.0,43.0
1784619779.197256,355.681,1980,3201,88.0,60.0,43.0
1784619779.207257,355.681,1980,3201,88.0,60.0,43.0
1784619779.217257,355.681,1980,3201,88.0,60.0,43.0
1784619779.227256,355.681,1980,3201,88.0,60.0,43.0
1784619779.237257,355.681,1980,3201,88.0,60.0,43.0
1784619779.247256,355.681,1980,3201,88.0,60.0,43.0
1784619779.257257,355.681,1980,3201,88.0,60.0,43.0
1784619779.267256,355.681,1980,3201,88.0,60.0,43.0
1784619779.277256,356.076,1980,3201,88.0,60.0,43.0
1784619779.287256,356.076,1980,3201,88.0,60.0,43.0
1784619779.297255,356.076,1980,3201,88.0,60.0,43.0
1784619779.307255,356.076,1980,3201,88.0,60.0,43.0
1784619779.317255,356.076,1980,3201,88.0,60.0,43.0
1784619779.327255,356.076,1980,3201,88.0,60.0,43.0
1784619779.337562,356.076,1980,3201,88.0,60.0,43.0
1784619779.347260,356.076,1980,3201,88.0,60.0,43.0
1784619779.357259,356.076,1980,3201,88.0,60.0,43.0
1784619779.367260,356.076,1980,3201,88.0,60.0,43.0
1784619779.377258,355.288,1980,3201,88.0,60.0,43.0
1784619779.387259,355.288,1980,3201,88.0,60.0,43.0
1784619779.397261,355.288,1980,3201,88.0,61.0,43.0
1784619779.407258,355.288,1980,3201,88.0,61.0,43.0
1784619779.417258,355.288,1980,3201,88.0,61.0,43.0
1784619779.427258,355.288,1980,3201,88.0,61.0,43.0
1784619779.437258,355.288,1980,3201,88.0,61.0,43.0
1784619779.447259,355.288,1980,3201,88.0,61.0,43.0
1784619779.457258,355.288,1980,3201,88.0,61.0,43.0
1784619779.467258,355.288,1980,3201,88.0,61.0,43.0
1784619779.477259,355.761,1980,3201,88.0,61.0,43.0
1784619779.487264,355.761,1980,3201,88.0,61.0,43.0
1784619779.497264,355.761,1980,3201,88.0,61.0,43.0
1784619779.507263,355.761,1980,3201,88.0,61.0,43.0
1784619779.517264,355.761,1980,3201,88.0,61.0,43.0
1784619779.527261,355.761,1980,3201,88.0,61.0,43.0
1784619779.537262,355.761,1980,3201,88.0,61.0,43.0
1784619779.547262,355.761,1980,3201,88.0,61.0,43.0
1784619779.557263,355.761,1980,3201,88.0,61.0,43.0
1784619779.567265,355.761,1980,3201,88.0,61.0,43.0
1784619779.577265,355.723,1980,3201,88.0,61.0,43.0
