t_wall,power_w,sm_mhz,mem_mhz,gpu_util,mem_util,temp_c
1784617700.991300,165.044,1980,3201,0.0,0.0,37.0
1784617701.001383,165.044,1980,3201,0.0,0.0,37.0
1784617701.011380,165.044,1980,3201,0.0,0.0,37.0
1784617701.021633,151.072,1980,3201,0.0,0.0,37.0
1784617701.031370,151.072,1980,3201,0.0,0.0,37.0
1784617701.041375,151.072,1980,3201,0.0,0.0,37.0
1784617701.051448,151.072,1980,3201,0.0,0.0,37.0
1784617701.061381,151.072,1980,3201,0.0,0.0,37.0
1784617701.071383,151.072,1980,3201,0.0,0.0,37.0
1784617701.081380,151.072,1980,3201,0.0,0.0,37.0
1784617701.091381,151.072,1980,3201,0.0,0.0,37.0
1784617701.101372,151.072,1980,3201,0.0,0.0,37.0
1784617701.111369,151.072,1980,3201,0.0,0.0,37.0
1784617701.121372,169.639,1980,3201,0.0,0.0,37.0
1784617701.131372,169.639,1980,3201,0.0,0.0,37.0
1784617701.141372,169.639,1980,3201,84.0,62.0,37.0
1784617701.151372,169.639,1980,3201,84.0,62.0,37.0
1784617701.161372,169.639,1980,3201,84.0,62.0,39.0
1784617701.171372,169.639,1980,3201,84.0,62.0,39.0
1784617701.181373,169.639,1980,3201,84.0,62.0,39.0
1784617701.191372,169.639,1980,3201,84.0,62.0,39.0
1784617701.201369,169.639,1980,3201,84.0,62.0,39.0
1784617701.211371,169.639,1980,3201,84.0,62.0,39.0
1784617701.221372,194.196,1980,3201,84.0,62.0,39.0
1784617701.231372,194.196,1980,3201,84.0,62.0,39.0
1784617701.241372,194.196,1980,3201,84.0,62.0,39.0
1784617701.251372,194.196,1980,3201,84.0,62.0,39.0
1784617701.261475,194.196,1980,3201,84.0,62.0,40.0
1784617701.271405,194.196,1980,3201,84.0,62.0,40.0
1784617701.281430,194.196,1980,3201,84.0,62.0,40.0
1784617701.291382,194.196,1980,3201,84.0,62.0,40.0
1784617701.301380,194.196,1980,3201,84.0,62.0,40.0
1784617701.311384,194.196,1980,3201,84.0,62.0,40.0
1784617701.321385,219.181,1980,3201,84.0,62.0,40.0
1784617701.331380,219.181,1980,3201,84.0,62.0,40.0
1784617701.341382,219.181,1980,3201,87.0,64.0,40.0
1784617701.351379,219.181,1980,3201,87.0,64.0,40.0
1784617701.361391,219.181,1980,3201,87.0,64.0,40.0
1784617701.371382,219.181,1980,3201,87.0,64.0,40.0
1784617701.381374,219.181,1980,3201,87.0,64.0,40.0
1784617701.391379,219.181,1980,3201,87.0,64.0,40.0
1784617701.401428,219.181,1980,3201,87.0,64.0,40.0
1784617701.411415,219.181,1980,3201,87.0,64.0,40.0
1784617701.421380,220.655,1980,3201,87.0,64.0,40.0
1784617701.431381,220.655,1980,3201,87.0,64.0,40.0
1784617701.441380,220.655,1980,3201,87.0,64.0,40.0
1784617701.451389,220.655,1980,3201,87.0,64.0,40.0
1784617701.461380,220.655,1980,3201,87.0,64.0,40.0
1784617701.471383,220.655,1980,3201,87.0,64.0,40.0
1784617701.481382,220.655,1980,3201,87.0,64.0,40.0
1784617701.491382,220.655,1980,3201,87.0,64.0,40.0
1784617701.501382,220.655,1980,3201,87.0,64.0,40.0
1784617701.511435,220.655,1980,3201,87.0,64.0,40.0
1784617701.521381,237.468,1980,3201,87.0,64.0,40.0
1784617701.531393,237.468,1980,3201,87.0,64.0,40.0
1784617701.541380,237.468,1980,3201,87.0,64.0,40.0
1784617701.551380,237.468,1980,3201,87.0,64.0,40.0
1784617701.561382,237.468,1980,3201,87.0,64.0,40.0
1784617701.571380,237.468,1980,3201,87.0,64.0,40.0
1784617701.581382,237.468,1980,3201,87.0,64.0,40.0
1784617701.591387,237.468,1980,3201,87.0,64.0,40.0
1784617701.601442,237.468,1980,3201,87.0,64.0,40.0
1784617701.611567,237.468,1980,3201,87.0,64.0,40.0
1784617701.621382,263.213,1980,3201,87.0,64.0,40.0
1784617701.631382,263.213,1980,3201,87.0,64.0,40.0
1784617701.641382,263.213,1980,3201,87.0,64.0,40.0
1784617701.651381,263.213,1980,3201,87.0,64.0,40.0
1784617701.661380,263.213,1980,3201,87.0,64.0,41.0
1784617701.671379,263.213,1980,3201,87.0,64.0,41.0
1784617701.681408,263.213,1980,3201,87.0,64.0,41.0
1784617701.691399,263.213,1980,3201,87.0,64.0,41.0
1784617701.701382,263.213,1980,3201,87.0,64.0,41.0
1784617701.711414,263.213,1980,3201,87.0,64.0,41.0
1784617701.721380,288.312,1980,3201,87.0,64.0,41.0
1784617701.731380,288.312,1980,3201,87.0,64.0,41.0
1784617701.741379,288.312,1980,3201,87.0,64.0,41.0
1784617701.751382,288.312,1980,3201,87.0,64.0,41.0
1784617701.761380,288.312,1980,3201,87.0,64.0,40.0
1784617701.771381,288.312,1980,3201,87.0,64.0,40.0
1784617701.781397,288.312,1980,3201,87.0,64.0,40.0
1784617701.791380,288.312,1980,3201,87.0,64.0,40.0
1784617701.801393,288.312,1980,3201,87.0,64.0,40.0
1784617701.811382,288.312,1980,3201,87.0,64.0,40.0
1784617701.821381,313.333,1980,3201,87.0,64.0,40.0
1784617701.831380,313.333,1980,3201,87.0,64.0,40.0
1784617701.841380,313.333,1980,3201,87.0,64.0,40.0
1784617701.851384,313.333,1980,3201,87.0,64.0,40.0
1784617701.861380,313.333,1980,3201,87.0,64.0,41.0
1784617701.871381,313.333,1980,3201,87.0,64.0,41.0
1784617701.881382,313.333,1980,3201,87.0,64.0,41.0
1784617701.891391,313.333,1980,3201,87.0,64.0,41.0
1784617701.901380,313.333,1980,3201,87.0,64.0,41.0
1784617701.911734,313.333,1980,3201,87.0,64.0,41.0
1784617701.921380,335.211,1980,3201,87.0,64.0,41.0
1784617701.931380,335.211,1980,3201,87.0,64.0,41.0
1784617701.941380,335.211,1980,3201,87.0,64.0,41.0
1784617701.951380,335.211,1980,3201,87.0,64.0,41.0
1784617701.961399,335.211,1980,3201,87.0,64.0,41.0
1784617701.971383,335.211,1980,3201,87.0,64.0,41.0
1784617701.981428,335.211,1980,3201,87.0,64.0,41.0
1784617701.991385,335.211,1980,3201,87.0,64.0,41.0
1784617702.001381,335.211,1980,3201,87.0,64.0,41.0
1784617702.011380,335.211,1980,3201,87.0,64.0,41.0
1784617702.021384,335.211,1980,3201,87.0,64.0,41.0
1784617702.031380,359.798,1980,3201,87.0,64.0,41.0
1784617702.041382,359.798,1980,3201,87.0,64.0,41.0
1784617702.051381,359.798,1980,3201,87.0,64.0,41.0
1784617702.061380,359.798,1980,3201,87.0,64.0,41.0
1784617702.071381,359.798,1980,3201,87.0,64.0,41.0
1784617702.081380,359.798,1980,3201,87.0,64.0,41.0
1784617702.091380,359.798,1980,3201,87.0,64.0,41.0
1784617702.101380,359.798,1980,3201,87.0,64.0,41.0
1784617702.111379,359.798,1980,3201,87.0,64.0,41.0
1784617702.121385,359.798,1980,3201,87.0,64.0,41.0
1784617702.131382,370.105,1980,3201,87.0,64.0,41.0
1784617702.141403,370.105,1980,3201,69.0,50.0,41.0
1784617702.151379,370.105,1980,3201,69.0,50.0,41.0
1784617702.161403,370.105,1980,3201,69.0,50.0,41.0
1784617702.171380,370.105,1980,3201,69.0,50.0,41.0
1784617702.181400,370.105,1980,3201,69.0,50.0,41.0
1784617702.191384,370.105,1980,3201,69.0,50.0,41.0
1784617702.201380,370.105,1980,3201,69.0,50.0,41.0
1784617702.211380,370.105,1980,3201,69.0,50.0,41.0
1784617702.221380,370.105,1980,3201,69.0,50.0,41.0
1784617702.231380,365.371,1980,3201,69.0,50.0,41.0
1784617702.241381,365.371,1980,3201,69.0,50.0,41.0
1784617702.251380,365.371,1980,3201,69.0,50.0,41.0
1784617702.261380,365.371,1980,3201,69.0,50.0,41.0
1784617702.271380,365.371,1980,3201,69.0,50.0,41.0
1784617702.281381,365.371,1980,3201,69.0,50.0,41.0
1784617702.291380,365.371,1980,3201,69.0,50.0,41.0
1784617702.301380,365.371,1980,3201,69.0,50.0,41.0
1784617702.311380,365.371,1980,3201,69.0,50.0,41.0
1784617702.321418,365.371,1980,3201,69.0,50.0,41.0
1784617702.331381,362.539,1980,3201,69.0,50.0,41.0
1784617702.341380,362.539,1980,3201,69.0,50.0,41.0
1784617702.351380,362.539,1980,3201,79.0,58.0,41.0
1784617702.361380,362.539,1980,3201,79.0,58.0,41.0
1784617702.371398,362.539,1980,3201,79.0,58.0,41.0
1784617702.381381,362.539,1980,3201,79.0,58.0,41.0
1784617702.391381,362.539,1980,3201,79.0,58.0,41.0
1784617702.401380,362.539,1980,3201,79.0,58.0,41.0
1784617702.411379,362.539,1980,3201,79.0,58.0,41.0
1784617702.421371,362.539,1980,3201,79.0,58.0,41.0
1784617702.431372,363.358,1980,3201,79.0,58.0,41.0
1784617702.441372,363.358,1980,3201,79.0,58.0,41.0
1784617702.451372,363.358,1980,3201,79.0,58.0,41.0
1784617702.461372,363.358,1980,3201,79.0,58.0,41.0
1784617702.471373,363.358,1980,3201,79.0,58.0,41.0
1784617702.481372,363.358,1980,3201,79.0,58.0,41.0
1784617702.491372,363.358,1980,3201,79.0,58.0,41.0
1784617702.501372,363.358,1980,3201,79.0,58.0,41.0
1784617702.511372,363.358,1980,3201,79.0,58.0,41.0
1784617702.521372,363.358,1980,3201,79.0,58.0,41.0
1784617702.531372,361.824,1980,3201,79.0,58.0,41.0
1784617702.541372,361.824,1980,3201,79.0,58.0,41.0
1784617702.551372,361.824,1980,3201,79.0,57.0,41.0
1784617702.561478,361.824,1980,3201,79.0,57.0,41.0
1784617702.571365,361.824,1980,3201,79.0,57.0,41.0
1784617702.581378,361.824,1980,3201,79.0,57.0,41.0
1784617702.591411,361.824,1980,3201,79.0,57.0,41.0
1784617702.601379,361.824,1980,3201,79.0,57.0,41.0
1784617702.611361,361.824,1980,3201,79.0,57.0,41.0
1784617702.621378,361.824,1980,3201,79.0,57.0,41.0
1784617702.631379,362.079,1980,3201,79.0,57.0,41.0
1784617702.641361,362.079,1980,3201,79.0,57.0,41.0
1784617702.651370,362.079,1980,3201,79.0,57.0,41.0
1784617702.661371,362.079,1980,3201,79.0,57.0,41.0
1784617702.671361,362.079,1980,3201,79.0,57.0,41.0
1784617702.681381,362.079,1980,3201,79.0,57.0,41.0
1784617702.691392,362.079,1980,3201,79.0,57.0,41.0
1784617702.701381,362.079,1980,3201,79.0,57.0,41.0
1784617702.711366,362.079,1980,3201,79.0,57.0,41.0
1784617702.721379,362.079,1980,3201,79.0,57.0,41.0
1784617702.731365,363.902,1980,3201,79.0,57.0,41.0
1784617702.741364,363.902,1980,3201,79.0,57.0,41.0
1784617702.751378,363.902,1980,3201,83.0,60.0,41.0
1784617702.761380,363.902,1980,3201,83.0,60.0,41.0
1784617702.771367,363.902,1980,3201,83.0,60.0,41.0
1784617702.781380,363.902,1980,3201,83.0,60.0,41.0
1784617702.791475,363.902,1980,3201,83.0,60.0,41.0
1784617702.801490,363.902,1980,3201,83.0,60.0,41.0
1784617702.811420,363.902,1980,3201,83.0,60.0,41.0
1784617702.821380,363.902,1980,3201,83.0,60.0,41.0
1784617702.831377,364.998,1980,3201,83.0,60.0,41.0
1784617702.841384,364.998,1980,3201,83.0,60.0,41.0
1784617702.851380,364.998,1980,3201,83.0,60.0,41.0
1784617702.861379,364.998,1980,3201,83.0,60.0,41.0
1784617702.871386,364.998,1980,3201,83.0,60.0,41.0
1784617702.881380,364.998,1980,3201,83.0,60.0,41.0
1784617702.891381,364.998,1980,3201,83.0,60.0,41.0
1784617702.901382,364.998,1980,3201,83.0,60.0,41.0
1784617702.911380,364.998,1980,3201,83.0,60.0,41.0
1784617702.921380,364.998,1980,3201,83.0,60.0,41.0
1784617702.931388,364.759,1980,3201,83.0,60.0,41.0
1784617702.941381,364.759,1980,3201,83.0,60.0,41.0
1784617702.951373,364.759,1980,3201,87.0,63.0,41.0
1784617702.961375,364.759,1980,3201,87.0,63.0,41.0
1784617702.971371,364.759,1980,3201,87.0,63.0,42.0
1784617702.981379,364.759,1980,3201,87.0,63.0,42.0
1784617702.991383,364.759,1980,3201,87.0,63.0,42.0
1784617703.001382,364.759,1980,3201,87.0,63.0,42.0
1784617703.011381,364.759,1980,3201,87.0,63.0,42.0
1784617703.021380,364.759,1980,3201,87.0,63.0,42.0
1784617703.031383,364.550,1980,3201,87.0,63.0,42.0
1784617703.041384,364.550,1980,3201,87.0,63.0,42.0
1784617703.051380,364.550,1980,3201,87.0,63.0,42.0
1784617703.061380,364.550,1980,3201,87.0,63.0,42.0
1784617703.071377,364.550,1980,3201,87.0,63.0,42.0
1784617703.081380,364.550,1980,3201,87.0,63.0,42.0
1784617703.091375,364.550,1980,3201,87.0,63.0,42.0
1784617703.101380,364.550,1980,3201,87.0,63.0,42.0
1784617703.111383,364.550,1980,3201,87.0,63.0,42.0
1784617703.121380,364.550,1980,3201,87.0,63.0,42.0
1784617703.131380,366.970,1980,3201,87.0,63.0,42.0
1784617703.141384,366.970,1980,3201,87.0,63.0,42.0
1784617703.151381,366.970,1980,3201,76.0,55.0,42.0
1784617703.161380,366.970,1980,3201,76.0,55.0,42.0
1784617703.171378,366.970,1980,3201,76.0,55.0,42.0
1784617703.181382,366.970,1980,3201,76.0,55.0,42.0
1784617703.191383,366.970,1980,3201,76.0,55.0,42.0
1784617703.201380,366.970,1980,3201,76.0,55.0,42.0
1784617703.211394,366.970,1980,3201,76.0,55.0,42.0
1784617703.221400,366.970,1980,3201,76.0,55.0,42.0
1784617703.231382,372.382,1980,3201,76.0,55.0,42.0
1784617703.241379,372.382,1980,3201,76.0,55.0,42.0
1784617703.251380,372.382,1980,3201,76.0,55.0,42.0
1784617703.261381,372.382,1980,3201,76.0,55.0,42.0
1784617703.271380,372.382,1980,3201,76.0,55.0,42.0
1784617703.281380,372.382,1980,3201,76.0,55.0,42.0
1784617703.291380,372.382,1980,3201,76.0,55.0,42.0
1784617703.301380,372.382,1980,3201,76.0,55.0,42.0
1784617703.311380,372.382,1980,3201,76.0,55.0,42.0
1784617703.321380,372.382,1980,3201,76.0,55.0,42.0
1784617703.331380,376.928,1980,3201,76.0,55.0,42.0
1784617703.341380,376.928,1980,3201,76.0,55.0,42.0
1784617703.351382,376.928,1980,3201,85.0,62.0,42.0
1784617703.361380,376.928,1980,3201,85.0,62.0,42.0
1784617703.371381,376.928,1980,3201,85.0,62.0,42.0
1784617703.381404,376.928,1980,3201,85.0,62.0,42.0
1784617703.391490,376.928,1980,3201,85.0,62.0,42.0
1784617703.401380,376.928,1980,3201,85.0,62.0,42.0
1784617703.411427,376.928,1980,3201,85.0,62.0,42.0
1784617703.421372,376.928,1980,3201,85.0,62.0,42.0
1784617703.431380,377.257,1980,3201,85.0,62.0,42.0
1784617703.441380,377.257,1980,3201,85.0,62.0,42.0
1784617703.451383,377.257,1980,3201,85.0,62.0,42.0
1784617703.461408,377.257,1980,3201,85.0,62.0,42.0
1784617703.471380,377.257,1980,3201,85.0,62.0,42.0
1784617703.481382,377.257,1980,3201,85.0,62.0,42.0
1784617703.491380,377.257,1980,3201,85.0,62.0,42.0
1784617703.501383,377.257,1980,3201,85.0,62.0,42.0
1784617703.511384,377.257,1980,3201,85.0,62.0,42.0
1784617703.521381,377.257,1980,3201,85.0,62.0,42.0
1784617703.531447,380.470,1980,3201,85.0,62.0,42.0
1784617703.541379,380.470,1980,3201,85.0,62.0,42.0
1784617703.551445,380.470,1980,3201,86.0,62.0,42.0
1784617703.561651,380.470,1980,3201,86.0,62.0,42.0
1784617703.571380,380.470,1980,3201,86.0,62.0,42.0
1784617703.581381,380.470,1980,3201,86.0,62.0,42.0
1784617703.591380,380.470,1980,3201,86.0,62.0,42.0
1784617703.601380,380.470,1980,3201,86.0,62.0,42.0
1784617703.611381,380.470,1980,3201,86.0,62.0,42.0
1784617703.621384,380.470,1980,3201,86.0,62.0,42.0
1784617703.631381,382.060,1980,3201,86.0,62.0,42.0
1784617703.641381,382.060,1980,3201,86.0,62.0,42.0
1784617703.651381,382.060,1980,3201,86.0,62.0,42.0
1784617703.661380,382.060,1980,3201,86.0,62.0,42.0
1784617703.671382,382.060,1980,3201,86.0,62.0,42.0
1784617703.681380,382.060,1980,3201,86.0,62.0,42.0
1784617703.691380,382.060,1980,3201,86.0,62.0,42.0
1784617703.701366,382.060,1980,3201,86.0,62.0,42.0
1784617703.711378,382.060,1980,3201,86.0,62.0,42.0
1784617703.721380,382.060,1980,3201,86.0,62.0,42.0
1784617703.731367,381.688,1980,3201,86.0,62.0,42.0
1784617703.741379,381.688,1980,3201,86.0,62.0,42.0
1784617703.751386,381.688,1980,3201,86.0,62.0,42.0
1784617703.761380,381.688,1980,3201,86.0,62.0,42.0
1784617703.771395,381.688,1980,3201,86.0,62.0,42.0
1784617703.781373,381.688,1980,3201,86.0,62.0,42.0
1784617703.791373,381.688,1980,3201,86.0,62.0,42.0
1784617703.801372,381.688,1980,3201,86.0,62.0,42.0
1784617703.811373,381.688,1980,3201,86.0,62.0,42.0
1784617703.821372,381.688,1980,3201,86.0,62.0,42.0
1784617703.831373,382.691,1980,3201,86.0,62.0,42.0
1784617703.841372,382.691,1980,3201,86.0,62.0,42.0
1784617703.851371,382.691,1980,3201,86.0,62.0,42.0
1784617703.861373,382.691,1980,3201,86.0,62.0,42.0
1784617703.871372,382.691,1980,3201,86.0,62.0,42.0
1784617703.881371,382.691,1980,3201,86.0,62.0,42.0
1784617703.891371,382.691,1980,3201,86.0,62.0,42.0
1784617703.901371,382.691,1980,3201,86.0,62.0,42.0
1784617703.911372,382.691,1980,3201,86.0,62.0,42.0
1784617703.921372,382.691,1980,3201,86.0,62.0,42.0
1784617703.931371,382.218,1980,3201,86.0,62.0,42.0
1784617703.941437,382.218,1980,3201,86.0,62.0,42.0
1784617703.951368,382.218,1980,3201,85.0,62.0,42.0
1784617703.961385,382.218,1980,3201,85.0,62.0,42.0
1784617703.971380,382.218,1980,3201,85.0,62.0,42.0
1784617703.981790,382.218,1980,3201,85.0,62.0,42.0
1784617703.991379,382.218,1980,3201,85.0,62.0,42.0
1784617704.001379,382.218,1980,3201,85.0,62.0,42.0
1784617704.011382,382.218,1980,3201,85.0,62.0,42.0
1784617704.021379,382.218,1980,3201,85.0,62.0,42.0
1784617704.031380,383.805,1980,3201,85.0,62.0,42.0
1784617704.041382,383.805,1980,3201,85.0,62.0,42.0
1784617704.051379,383.805,1980,3201,85.0,62.0,42.0
1784617704.061425,383.805,1980,3201,85.0,62.0,42.0
1784617704.071381,383.805,1980,3201,85.0,62.0,42.0
1784617704.081394,383.805,1980,3201,85.0,62.0,42.0
1784617704.091381,383.805,1980,3201,85.0,62.0,42.0
1784617704.101380,383.805,1980,3201,85.0,62.0,42.0
1784617704.111380,383.805,1980,3201,85.0,62.0,42.0
1784617704.121379,383.805,1980,3201,85.0,62.0,42.0
1784617704.131383,385.297,1980,3201,85.0,62.0,42.0
1784617704.141375,385.297,1980,3201,85.0,62.0,42.0
1784617704.151381,385.297,1980,3201,86.0,63.0,42.0
1784617704.161380,385.297,1980,3201,86.0,63.0,42.0
1784617704.171381,385.297,1980,3201,86.0,63.0,42.0
1784617704.181383,385.297,1980,3201,86.0,63.0,42.0
1784617704.191380,385.297,1980,3201,86.0,63.0,42.0
1784617704.201453,385.297,1980,3201,86.0,63.0,42.0
1784617704.211509,385.297,1980,3201,86.0,63.0,42.0
1784617704.221390,385.297,1980,3201,86.0,63.0,42.0
1784617704.231414,384.933,1980,3201,86.0,63.0,42.0
1784617704.241380,384.933,1980,3201,86.0,63.0,42.0
1784617704.251384,384.933,1980,3201,86.0,63.0,42.0
1784617704.261379,384.933,1980,3201,86.0,63.0,42.0
1784617704.271380,384.933,1980,3201,86.0,63.0,42.0
1784617704.281384,384.933,1980,3201,86.0,63.0,42.0
1784617704.291380,384.933,1980,3201,86.0,63.0,42.0
1784617704.301380,384.933,1980,3201,86.0,63.0,42.0
1784617704.311382,384.933,1980,3201,86.0,63.0,42.0
1784617704.321371,384.933,1980,3201,86.0,63.0,42.0
1784617704.331372,382.334,1980,3201,86.0,63.0,42.0
1784617704.341373,382.334,1980,3201,86.0,63.0,42.0
1784617704.351383,382.334,1980,3201,84.0,61.0,42.0
1784617704.361381,382.334,1980,3201,84.0,61.0,42.0
1784617704.371413,382.334,1980,3201,84.0,61.0,42.0
1784617704.381380,382.334,1980,3201,84.0,61.0,42.0
1784617704.391380,382.334,1980,3201,84.0,61.0,42.0
1784617704.401380,382.334,1980,3201,84.0,61.0,42.0
1784617704.411381,382.334,1980,3201,84.0,61.0,42.0
1784617704.421379,382.334,1980,3201,84.0,61.0,42.0
1784617704.431380,381.496,1980,3201,84.0,61.0,42.0
1784617704.441381,381.496,1980,3201,84.0,61.0,42.0
1784617704.451381,381.496,1980,3201,84.0,61.0,42.0
1784617704.461381,381.496,1980,3201,84.0,61.0,42.0
1784617704.471381,381.496,1980,3201,84.0,61.0,42.0
1784617704.481397,381.496,1980,3201,84.0,61.0,42.0
1784617704.491394,381.496,1980,3201,84.0,61.0,42.0
1784617704.501380,381.496,1980,3201,84.0,61.0,42.0
1784617704.511410,381.496,1980,3201,84.0,61.0,42.0
1784617704.521383,381.496,1980,3201,84.0,61.0,42.0
1784617704.531380,381.287,1980,3201,84.0,61.0,42.0
1784617704.541402,381.287,1980,3201,84.0,61.0,42.0
1784617704.551417,381.287,1980,3201,85.0,61.0,42.0
1784617704.561401,381.287,1980,3201,85.0,61.0,42.0
1784617704.571384,381.287,1980,3201,85.0,61.0,42.0
1784617704.581388,381.287,1980,3201,85.0,61.0,42.0
1784617704.591474,381.287,1980,3201,85.0,61.0,42.0
1784617704.601380,381.287,1980,3201,85.0,61.0,42.0
1784617704.611381,381.287,1980,3201,85.0,61.0,42.0
1784617704.621380,381.287,1980,3201,85.0,61.0,42.0
1784617704.631380,381.172,1980,3201,85.0,61.0,42.0
1784617704.641381,381.172,1980,3201,85.0,61.0,42.0
1784617704.651570,381.172,1980,3201,85.0,61.0,42.0
1784617704.661381,381.172,1980,3201,85.0,61.0,42.0
1784617704.671381,381.172,1980,3201,85.0,61.0,42.0
1784617704.681571,381.172,1980,3201,85.0,61.0,42.0
1784617704.691383,381.172,1980,3201,85.0,61.0,42.0
1784617704.701380,381.172,1980,3201,85.0,61.0,42.0
1784617704.711625,381.172,1980,3201,85.0,61.0,42.0
1784617704.721381,381.172,1980,3201,85.0,61.0,42.0
1784617704.731380,381.206,1980,3201,85.0,61.0,42.0
1784617704.741415,381.206,1980,3201,85.0,61.0,42.0
1784617704.751380,381.206,1980,3201,86.0,63.0,42.0
1784617704.761381,381.206,1980,3201,86.0,63.0,42.0
1784617704.771382,381.206,1980,3201,86.0,63.0,42.0
1784617704.781380,381.206,1980,3201,86.0,63.0,42.0
1784617704.791380,381.206,1980,3201,86.0,63.0,42.0
1784617704.801381,381.206,1980,3201,86.0,63.0,42.0
1784617704.811383,381.206,1980,3201,86.0,63.0,42.0
1784617704.821381,381.206,1980,3201,86.0,63.0,42.0
1784617704.831382,379.310,1980,3201,86.0,63.0,42.0
1784617704.841380,379.310,1980,3201,86.0,63.0,42.0
1784617704.851381,379.310,1980,3201,86.0,63.0,42.0
1784617704.861380,379.310,1980,3201,86.0,63.0,42.0
1784617704.871365,379.310,1980,3201,86.0,63.0,42.0
1784617704.881412,379.310,1980,3201,86.0,63.0,42.0
1784617704.891382,379.310,1980,3201,86.0,63.0,42.0
1784617704.901380,379.310,1980,3201,86.0,63.0,42.0
1784617704.911437,379.310,1980,3201,86.0,63.0,42.0
1784617704.921380,379.310,1980,3201,86.0,63.0,42.0
1784617704.931365,379.303,1980,3201,86.0,63.0,42.0
1784617704.941375,379.303,1980,3201,86.0,63.0,42.0
1784617704.951381,379.303,1980,3201,86.0,63.0,42.0
1784617704.961365,379.303,1980,3201,86.0,63.0,42.0
1784617704.971378,379.303,1980,3201,86.0,63.0,42.0
1784617704.981380,379.303,1980,3201,86.0,63.0,42.0
1784617704.991366,379.303,1980,3201,86.0,63.0,42.0
1784617705.001381,379.303,1980,3201,86.0,63.0,42.0
1784617705.011380,379.303,1980,3201,86.0,63.0,42.0
1784617705.021366,379.303,1980,3201,86.0,63.0,42.0
1784617705.031378,377.661,1980,3201,86.0,63.0,42.0
1784617705.041378,377.661,1980,3201,86.0,63.0,42.0
1784617705.051381,377.661,1980,3201,86.0,63.0,42.0
1784617705.061366,377.661,1980,3201,86.0,63.0,42.0
1784617705.071412,377.661,1980,3201,86.0,63.0,42.0
1784617705.081380,377.661,1980,3201,86.0,63.0,42.0
1784617705.091601,377.661,1980,3201,86.0,63.0,42.0
1784617705.101377,377.661,1980,3201,86.0,63.0,42.0
1784617705.111375,377.661,1980,3201,86.0,63.0,42.0
1784617705.121612,377.661,1980,3201,86.0,63.0,42.0
1784617705.131378,376.193,1980,3201,86.0,63.0,42.0
1784617705.141377,376.193,1980,3201,86.0,63.0,42.0
1784617705.151372,376.193,1980,3201,84.0,61.0,42.0
1784617705.161377,376.193,1980,3201,84.0,61.0,42.0
1784617705.171377,376.193,1980,3201,84.0,61.0,42.0
1784617705.181371,376.193,1980,3201,84.0,61.0,42.0
1784617705.191377,376.193,1980,3201,84.0,61.0,42.0
1784617705.201377,376.193,1980,3201,84.0,61.0,42.0
1784617705.211371,376.193,1980,3201,84.0,61.0,42.0
1784617705.221378,376.193,1980,3201,84.0,61.0,42.0
1784617705.231375,376.610,1980,3201,84.0,61.0,42.0
1784617705.241375,376.610,1980,3201,84.0,61.0,42.0
1784617705.251375,376.610,1980,3201,84.0,61.0,42.0
1784617705.261377,376.610,1980,3201,84.0,61.0,42.0
1784617705.271375,376.610,1980,3201,84.0,61.0,42.0
1784617705.281377,376.610,1980,3201,84.0,61.0,42.0
1784617705.291376,376.610,1980,3201,84.0,61.0,42.0
1784617705.301375,376.610,1980,3201,84.0,61.0,42.0
1784617705.311377,376.610,1980,3201,84.0,61.0,42.0
1784617705.321399,376.610,1980,3201,84.0,61.0,42.0
1784617705.331376,377.994,1980,3201,84.0,61.0,42.0
1784617705.341378,377.994,1980,3201,84.0,61.0,42.0
1784617705.351401,377.994,1980,3201,86.0,62.0,42.0
1784617705.361376,377.994,1980,3201,86.0,62.0,42.0
1784617705.371377,377.994,1980,3201,86.0,62.0,43.0
1784617705.381377,377.994,1980,3201,86.0,62.0,43.0
1784617705.391375,377.994,1980,3201,86.0,62.0,43.0
1784617705.401374,377.994,1980,3201,86.0,62.0,43.0
1784617705.411371,377.994,1980,3201,86.0,62.0,43.0
1784617705.421374,377.994,1980,3201,86.0,62.0,43.0
1784617705.431376,379.001,1980,3201,86.0,62.0,43.0
1784617705.441374,379.001,1980,3201,86.0,62.0,43.0
1784617705.451373,379.001,1980,3201,86.0,62.0,43.0
1784617705.461376,379.001,1980,3201,86.0,62.0,43.0
1784617705.471375,379.001,1980,3201,86.0,62.0,42.0
1784617705.481372,379.001,1980,3201,86.0,62.0,42.0
1784617705.491376,379.001,1980,3201,86.0,62.0,42.0
1784617705.501374,379.001,1980,3201,86.0,62.0,42.0
1784617705.511373,379.001,1980,3201,86.0,62.0,42.0
1784617705.521377,379.001,1980,3201,86.0,62.0,42.0
1784617705.531376,378.802,1980,3201,86.0,62.0,42.0
1784617705.541373,378.802,1980,3201,86.0,62.0,42.0
1784617705.551377,378.802,1980,3201,86.0,63.0,42.0
1784617705.561374,378.802,1980,3201,86.0,63.0,42.0
1784617705.571374,378.802,1980,3201,86.0,63.0,42.0
1784617705.581376,378.802,1980,3201,86.0,63.0,42.0
1784617705.591372,378.802,1980,3201,86.0,63.0,42.0
1784617705.601471,378.802,1980,3201,86.0,63.0,42.0
1784617705.611373,378.802,1980,3201,86.0,63.0,42.0
1784617705.621372,378.802,1980,3201,86.0,63.0,42.0
1784617705.631371,378.997,1980,3201,86.0,63.0,42.0
1784617705.641369,378.997,1980,3201,86.0,63.0,42.0
1784617705.651371,378.997,1980,3201,86.0,63.0,42.0
1784617705.661369,378.997,1980,3201,86.0,63.0,42.0
1784617705.671369,378.997,1980,3201,86.0,63.0,42.0
1784617705.681370,378.997,1980,3201,86.0,63.0,42.0
1784617705.691369,378.997,1980,3201,86.0,63.0,42.0
1784617705.701369,378.997,1980,3201,86.0,63.0,42.0
1784617705.711371,378.997,1980,3201,86.0,63.0,42.0
1784617705.721374,378.997,1980,3201,86.0,63.0,42.0
1784617705.731369,379.425,1980,3201,86.0,63.0,42.0
1784617705.741370,379.425,1980,3201,86.0,63.0,42.0
1784617705.751368,379.425,1980,3201,86.0,62.0,42.0
1784617705.761369,379.425,1980,3201,86.0,62.0,42.0
1784617705.771369,379.425,1980,3201,86.0,62.0,42.0
1784617705.781368,379.425,1980,3201,86.0,62.0,42.0
1784617705.791369,379.425,1980,3201,86.0,62.0,42.0
1784617705.801495,379.425,1980,3201,86.0,62.0,42.0
1784617705.811368,379.425,1980,3201,86.0,62.0,42.0
1784617705.821438,379.425,1980,3201,86.0,62.0,42.0
1784617705.831374,381.260,1980,3201,86.0,62.0,42.0
1784617705.841398,381.260,1980,3201,86.0,62.0,42.0
1784617705.851412,381.260,1980,3201,86.0,62.0,42.0
1784617705.861380,381.260,1980,3201,86.0,62.0,42.0
1784617705.871380,381.260,1980,3201,86.0,62.0,43.0
1784617705.883707,381.260,1980,3201,86.0,62.0,43.0
1784617705.891382,381.260,1980,3201,86.0,62.0,43.0
1784617705.901382,381.260,1980,3201,86.0,62.0,43.0
1784617705.911379,381.260,1980,3201,86.0,62.0,43.0
1784617705.921381,381.260,1980,3201,86.0,62.0,43.0
1784617705.931394,380.749,1980,3201,86.0,62.0,43.0
1784617705.941380,380.749,1980,3201,86.0,62.0,43.0
1784617705.951383,380.749,1980,3201,84.0,61.0,43.0
1784617705.961382,380.749,1980,3201,84.0,61.0,43.0
1784617705.971381,380.749,1980,3201,84.0,61.0,42.0
1784617705.981567,380.749,1980,3201,84.0,61.0,42.0
1784617705.991380,380.749,1980,3201,84.0,61.0,42.0
1784617706.001384,380.749,1980,3201,84.0,61.0,42.0
1784617706.011380,380.749,1980,3201,84.0,61.0,42.0
1784617706.021381,380.749,1980,3201,84.0,61.0,42.0
1784617706.031377,381.447,1980,3201,84.0,61.0,42.0
1784617706.041380,381.447,1980,3201,84.0,61.0,42.0
1784617706.051385,381.447,1980,3201,84.0,61.0,42.0
1784617706.061380,381.447,1980,3201,84.0,61.0,42.0
1784617706.071380,381.447,1980,3201,84.0,61.0,42.0
1784617706.081569,381.447,1980,3201,84.0,61.0,42.0
1784617706.091380,381.447,1980,3201,84.0,61.0,42.0
1784617706.101380,381.447,1980,3201,84.0,61.0,42.0
1784617706.111379,381.447,1980,3201,84.0,61.0,42.0
1784617706.121382,381.447,1980,3201,84.0,61.0,42.0
1784617706.131381,382.926,1980,3201,84.0,61.0,42.0
1784617706.141391,382.926,1980,3201,84.0,61.0,42.0
1784617706.151381,382.926,1980,3201,83.0,61.0,42.0
1784617706.161380,382.926,1980,3201,83.0,61.0,42.0
1784617706.171384,382.926,1980,3201,83.0,61.0,43.0
1784617706.181383,382.926,1980,3201,83.0,61.0,43.0
1784617706.191383,382.926,1980,3201,83.0,61.0,43.0
1784617706.201380,382.926,1980,3201,83.0,61.0,43.0
1784617706.211448,382.926,1980,3201,83.0,61.0,43.0
1784617706.221382,382.926,1980,3201,83.0,61.0,43.0
1784617706.231388,383.068,1980,3201,83.0,61.0,43.0
1784617706.241382,383.068,1980,3201,83.0,61.0,43.0
1784617706.251383,383.068,1980,3201,83.0,61.0,43.0
1784617706.261381,383.068,1980,3201,83.0,61.0,43.0
1784617706.271380,383.068,1980,3201,83.0,61.0,43.0
1784617706.281380,383.068,1980,3201,83.0,61.0,43.0
1784617706.291379,383.068,1980,3201,83.0,61.0,43.0
1784617706.301380,383.068,1980,3201,83.0,61.0,43.0
1784617706.311371,383.068,1980,3201,83.0,61.0,43.0
1784617706.321379,383.068,1980,3201,83.0,61.0,43.0
1784617706.331420,382.439,1980,3201,83.0,61.0,43.0
1784617706.341373,382.439,1980,3201,83.0,61.0,43.0
1784617706.351381,382.439,1980,3201,84.0,61.0,43.0
1784617706.361382,382.439,1980,3201,84.0,61.0,43.0
1784617706.371380,382.439,1980,3201,84.0,61.0,42.0
1784617706.381382,382.439,1980,3201,84.0,61.0,42.0
1784617706.391577,382.439,1980,3201,84.0,61.0,42.0
1784617706.401380,382.439,1980,3201,84.0,61.0,42.0
1784617706.411371,382.439,1980,3201,84.0,61.0,42.0
1784617706.421407,382.439,1980,3201,84.0,61.0,42.0
1784617706.431380,380.103,1980,3201,84.0,61.0,42.0
1784617706.441385,380.103,1980,3201,84.0,61.0,42.0
1784617706.451380,380.103,1980,3201,84.0,61.0,42.0
1784617706.461380,380.103,1980,3201,84.0,61.0,42.0
1784617706.471380,380.103,1980,3201,84.0,61.0,43.0
1784617706.481565,380.103,1980,3201,84.0,61.0,43.0
1784617706.491381,380.103,1980,3201,84.0,61.0,43.0
1784617706.501380,380.103,1980,3201,84.0,61.0,43.0
1784617706.511371,380.103,1980,3201,84.0,61.0,43.0
1784617706.521380,380.103,1980,3201,84.0,61.0,43.0
1784617706.531381,378.595,1980,3201,84.0,61.0,43.0
1784617706.541383,378.595,1980,3201,84.0,61.0,43.0
1784617706.551379,378.595,1980,3201,83.0,60.0,43.0
1784617706.561380,378.595,1980,3201,83.0,60.0,43.0
1784617706.571379,378.595,1980,3201,83.0,60.0,43.0
1784617706.581381,378.595,1980,3201,83.0,60.0,43.0
1784617706.591380,378.595,1980,3201,83.0,60.0,43.0
1784617706.601503,378.595,1980,3201,83.0,60.0,43.0
1784617706.611385,378.595,1980,3201,83.0,60.0,43.0
1784617706.621379,378.595,1980,3201,83.0,60.0,43.0
1784617706.631627,378.360,1980,3201,83.0,60.0,43.0
1784617706.641380,378.360,1980,3201,83.0,60.0,43.0
1784617706.651381,378.360,1980,3201,83.0,60.0,43.0
1784617706.661376,378.360,1980,3201,83.0,60.0,43.0
1784617706.671380,378.360,1980,3201,83.0,60.0,43.0
1784617706.681380,378.360,1980,3201,83.0,60.0,43.0
1784617706.691377,378.360,1980,3201,83.0,60.0,43.0
1784617706.701380,378.360,1980,3201,83.0,60.0,43.0
1784617706.711380,378.360,1980,3201,83.0,60.0,43.0
1784617706.721380,378.360,1980,3201,83.0,60.0,43.0
1784617706.731384,377.657,1980,3201,83.0,60.0,43.0
1784617706.741380,377.657,1980,3201,83.0,60.0,43.0
1784617706.751464,377.657,1980,3201,86.0,63.0,43.0
1784617706.761427,377.657,1980,3201,86.0,63.0,43.0
1784617706.771380,377.657,1980,3201,86.0,63.0,43.0
1784617706.781384,377.657,1980,3201,86.0,63.0,43.0
1784617706.791380,377.657,1980,3201,86.0,63.0,43.0
1784617706.801373,377.657,1980,3201,86.0,63.0,43.0
1784617706.811372,377.657,1980,3201,86.0,63.0,43.0
1784617706.821372,377.657,1980,3201,86.0,63.0,43.0
1784617706.831802,376.064,1980,3201,86.0,63.0,43.0
1784617706.841372,376.064,1980,3201,86.0,63.0,43.0
1784617706.851372,376.064,1980,3201,86.0,63.0,43.0
1784617706.861370,376.064,1980,3201,86.0,63.0,43.0
1784617706.871372,376.064,1980,3201,86.0,63.0,43.0
1784617706.881372,376.064,1980,3201,86.0,63.0,43.0
1784617706.891371,376.064,1980,3201,86.0,63.0,43.0
1784617706.901373,376.064,1980,3201,86.0,63.0,43.0
1784617706.911366,376.064,1980,3201,86.0,63.0,43.0
1784617706.921370,376.064,1980,3201,86.0,63.0,43.0
1784617706.931372,369.080,1980,3201,86.0,63.0,43.0
1784617706.941357,376.558,1980,3201,86.0,63.0,43.0
1784617706.951375,376.558,1980,3201,87.0,63.0,43.0
1784617706.961376,376.558,1980,3201,87.0,63.0,43.0
1784617706.971372,376.558,1980,3201,87.0,63.0,43.0
1784617706.981377,376.558,1980,3201,87.0,63.0,43.0
1784617706.991366,376.558,1980,3201,87.0,63.0,43.0
1784617707.001372,376.558,1980,3201,87.0,63.0,43.0
1784617707.011377,376.558,1980,3201,87.0,63.0,43.0
1784617707.021375,376.558,1980,3201,87.0,63.0,43.0
1784617707.031371,376.558,1980,3201,87.0,63.0,43.0
1784617707.041376,376.605,1980,3201,87.0,63.0,43.0
1784617707.051373,376.605,1980,3201,87.0,63.0,43.0
1784617707.061371,376.605,1980,3201,87.0,63.0,43.0
1784617707.071378,376.605,1980,3201,87.0,63.0,43.0
1784617707.081380,376.605,1980,3201,87.0,63.0,43.0
1784617707.091369,376.605,1980,3201,87.0,63.0,43.0
1784617707.101376,376.605,1980,3201,87.0,63.0,43.0
1784617707.111382,376.605,1980,3201,87.0,63.0,43.0
1784617707.121377,376.605,1980,3201,87.0,63.0,43.0
1784617707.131375,376.605,1980,3201,87.0,63.0,43.0
1784617707.141370,374.275,1980,3201,87.0,63.0,43.0
1784617707.151370,374.275,1980,3201,87.0,63.0,43.0
1784617707.161370,374.275,1980,3201,75.0,55.0,43.0
1784617707.171371,374.275,1980,3201,75.0,55.0,43.0
1784617707.181371,374.275,1980,3201,75.0,55.0,43.0
1784617707.191369,374.275,1980,3201,75.0,55.0,43.0
1784617707.201388,374.275,1980,3201,75.0,55.0,43.0
1784617707.211369,374.275,1980,3201,75.0,55.0,43.0
1784617707.221368,374.275,1980,3201,75.0,55.0,43.0
1784617707.231367,374.275,1980,3201,75.0,55.0,43.0
1784617707.241367,373.849,1980,3201,75.0,55.0,43.0
1784617707.251368,373.849,1980,3201,75.0,55.0,43.0
1784617707.261367,373.849,1980,3201,75.0,55.0,43.0
1784617707.271378,373.849,1980,3201,75.0,55.0,43.0
1784617707.281376,373.849,1980,3201,75.0,55.0,43.0
1784617707.291374,373.849,1980,3201,75.0,55.0,43.0
1784617707.301381,373.849,1980,3201,75.0,55.0,43.0
1784617707.311380,373.849,1980,3201,75.0,55.0,43.0
1784617707.321370,373.849,1980,3201,75.0,55.0,43.0
1784617707.331375,373.849,1980,3201,75.0,55.0,43.0
1784617707.341376,372.325,1980,3201,75.0,55.0,43.0
1784617707.351376,372.325,1980,3201,75.0,55.0,43.0
1784617707.361375,372.325,1980,3201,80.0,58.0,43.0
1784617707.371371,372.325,1980,3201,80.0,58.0,43.0
1784617707.381376,372.325,1980,3201,80.0,58.0,43.0
1784617707.391371,372.325,1980,3201,80.0,58.0,43.0
1784617707.401376,372.325,1980,3201,80.0,58.0,43.0
1784617707.411376,372.325,1980,3201,80.0,58.0,43.0
1784617707.421373,372.325,1980,3201,80.0,58.0,43.0
1784617707.431376,372.325,1980,3201,80.0,58.0,43.0
1784617707.441377,373.182,1980,3201,80.0,58.0,43.0
1784617707.451372,373.182,1980,3201,80.0,58.0,43.0
1784617707.461376,373.182,1980,3201,80.0,58.0,43.0
1784617707.471375,373.182,1980,3201,80.0,58.0,43.0
1784617707.481373,373.182,1980,3201,80.0,58.0,43.0
1784617707.491376,373.182,1980,3201,80.0,58.0,43.0
1784617707.501380,373.182,1980,3201,80.0,58.0,43.0
1784617707.511371,373.182,1980,3201,80.0,58.0,43.0
1784617707.521376,373.182,1980,3201,80.0,58.0,43.0
1784617707.531376,373.182,1980,3201,80.0,58.0,43.0
1784617707.541370,374.478,1980,3201,80.0,58.0,43.0
1784617707.551372,374.478,1980,3201,80.0,58.0,43.0
1784617707.561377,374.478,1980,3201,86.0,63.0,43.0
1784617707.571376,374.478,1980,3201,86.0,63.0,43.0
1784617707.581371,374.478,1980,3201,86.0,63.0,43.0
1784617707.591379,374.478,1980,3201,86.0,63.0,43.0
1784617707.601375,374.478,1980,3201,86.0,63.0,43.0
1784617707.611371,374.478,1980,3201,86.0,63.0,43.0
1784617707.621380,374.478,1980,3201,86.0,63.0,43.0
1784617707.631376,374.478,1980,3201,86.0,63.0,43.0
1784617707.641372,373.200,1980,3201,86.0,63.0,43.0
1784617707.651376,373.200,1980,3201,86.0,63.0,43.0
1784617707.661377,373.200,1980,3201,86.0,63.0,43.0
1784617707.671370,373.200,1980,3201,86.0,63.0,43.0
1784617707.681380,373.200,1980,3201,86.0,63.0,43.0
1784617707.691379,373.200,1980,3201,86.0,63.0,43.0
1784617707.701375,373.200,1980,3201,86.0,63.0,43.0
1784617707.711371,373.200,1980,3201,86.0,63.0,43.0
1784617707.721377,373.200,1980,3201,86.0,63.0,43.0
1784617707.731378,373.200,1980,3201,86.0,63.0,43.0
1784617707.741370,371.597,1980,3201,86.0,63.0,43.0
1784617707.751378,371.597,1980,3201,86.0,63.0,43.0
1784617707.761373,371.597,1980,3201,83.0,60.0,43.0
1784617707.771377,371.597,1980,3201,83.0,60.0,43.0
1784617707.781388,371.597,1980,3201,83.0,60.0,43.0
1784617707.791377,371.597,1980,3201,83.0,60.0,43.0
1784617707.801379,371.597,1980,3201,83.0,60.0,43.0
1784617707.811744,371.597,1980,3201,83.0,60.0,43.0
1784617707.821383,371.597,1980,3201,83.0,60.0,43.0
1784617707.831380,371.597,1980,3201,83.0,60.0,43.0
1784617707.841381,372.555,1980,3201,83.0,60.0,43.0
1784617707.851406,372.555,1980,3201,83.0,60.0,43.0
1784617707.861381,372.555,1980,3201,83.0,60.0,43.0
1784617707.871380,372.555,1980,3201,83.0,60.0,43.0
1784617707.881380,372.555,1980,3201,83.0,60.0,43.0
1784617707.891380,372.555,1980,3201,83.0,60.0,43.0
1784617707.901386,372.555,1980,3201,83.0,60.0,43.0
1784617707.911381,372.555,1980,3201,83.0,60.0,43.0
1784617707.921381,372.555,1980,3201,83.0,60.0,43.0
1784617707.931381,372.555,1980,3201,83.0,60.0,43.0
1784617707.941385,372.806,1980,3201,83.0,60.0,43.0
1784617707.951382,372.806,1980,3201,83.0,60.0,43.0
1784617707.961381,372.806,1980,3201,86.0,63.0,43.0
1784617707.971380,372.806,1980,3201,86.0,63.0,43.0
1784617707.981380,372.806,1980,3201,86.0,63.0,43.0
1784617707.991380,372.806,1980,3201,86.0,63.0,43.0
1784617708.001382,372.806,1980,3201,86.0,63.0,43.0
1784617708.011381,372.806,1980,3201,86.0,63.0,43.0
1784617708.021380,372.806,1980,3201,86.0,63.0,43.0
1784617708.031380,372.806,1980,3201,86.0,63.0,43.0
1784617708.041380,372.753,1980,3201,86.0,63.0,43.0
1784617708.051379,372.753,1980,3201,86.0,63.0,43.0
1784617708.061381,372.753,1980,3201,86.0,63.0,43.0
1784617708.071386,372.753,1980,3201,86.0,63.0,43.0
1784617708.081411,372.753,1980,3201,86.0,63.0,43.0
1784617708.091372,372.753,1980,3201,86.0,63.0,43.0
1784617708.101371,372.753,1980,3201,86.0,63.0,43.0
1784617708.111401,372.753,1980,3201,86.0,63.0,43.0
1784617708.121372,372.753,1980,3201,86.0,63.0,43.0
1784617708.131372,372.753,1980,3201,86.0,63.0,43.0
1784617708.141731,374.005,1980,3201,86.0,63.0,43.0
1784617708.151372,374.005,1980,3201,86.0,63.0,43.0
1784617708.161371,374.005,1980,3201,83.0,60.0,43.0
1784617708.171373,374.005,1980,3201,83.0,60.0,43.0
1784617708.181374,374.005,1980,3201,83.0,60.0,43.0
1784617708.191374,374.005,1980,3201,83.0,60.0,43.0
1784617708.201372,374.005,1980,3201,83.0,60.0,43.0
1784617708.211363,374.005,1980,3201,83.0,60.0,43.0
1784617708.221377,374.005,1980,3201,83.0,60.0,43.0
1784617708.231375,374.005,1980,3201,83.0,60.0,43.0
1784617708.241377,374.109,1980,3201,83.0,60.0,43.0
1784617708.251376,374.109,1980,3201,83.0,60.0,43.0
1784617708.261376,374.109,1980,3201,83.0,60.0,43.0
1784617708.271377,374.109,1980,3201,83.0,60.0,43.0
1784617708.281379,374.109,1980,3201,83.0,60.0,43.0
1784617708.291375,374.109,1980,3201,83.0,60.0,43.0
1784617708.301376,374.109,1980,3201,83.0,60.0,43.0
1784617708.311372,374.109,1980,3201,83.0,60.0,43.0
1784617708.321374,374.109,1980,3201,83.0,60.0,43.0
1784617708.331377,374.109,1980,3201,83.0,60.0,43.0
1784617708.341371,376.501,1980,3201,83.0,60.0,43.0
1784617708.351374,376.501,1980,3201,83.0,60.0,43.0
1784617708.361377,376.501,1980,3201,86.0,62.0,43.0
1784617708.371375,376.501,1980,3201,86.0,62.0,43.0
1784617708.381475,376.501,1980,3201,86.0,62.0,43.0
1784617708.391381,376.501,1980,3201,86.0,62.0,43.0
1784617708.401382,376.501,1980,3201,86.0,62.0,43.0
1784617708.411380,376.501,1980,3201,86.0,62.0,43.0
1784617708.421380,376.501,1980,3201,86.0,62.0,43.0
1784617708.431380,376.501,1980,3201,86.0,62.0,43.0
1784617708.441380,377.095,1980,3201,86.0,62.0,43.0
1784617708.451383,377.095,1980,3201,86.0,62.0,43.0
1784617708.461417,377.095,1980,3201,86.0,62.0,43.0
1784617708.471391,377.095,1980,3201,86.0,62.0,43.0
1784617708.481380,377.095,1980,3201,86.0,62.0,43.0
1784617708.491380,377.095,1980,3201,86.0,62.0,43.0
1784617708.501385,377.095,1980,3201,86.0,62.0,43.0
1784617708.511380,377.095,1980,3201,86.0,62.0,43.0
1784617708.521790,377.095,1980,3201,86.0,62.0,43.0
1784617708.531379,377.095,1980,3201,86.0,62.0,43.0
1784617708.541380,377.468,1980,3201,86.0,62.0,43.0
1784617708.551383,377.468,1980,3201,86.0,62.0,43.0
1784617708.561379,377.468,1980,3201,82.0,60.0,43.0
1784617708.571380,377.468,1980,3201,82.0,60.0,43.0
1784617708.581382,377.468,1980,3201,82.0,60.0,43.0
1784617708.591390,377.468,1980,3201,82.0,60.0,43.0
1784617708.601379,377.468,1980,3201,82.0,60.0,43.0
1784617708.611380,377.468,1980,3201,82.0,60.0,43.0
1784617708.621380,377.468,1980,3201,82.0,60.0,43.0
1784617708.631543,377.468,1980,3201,82.0,60.0,43.0
1784617708.641381,379.933,1980,3201,82.0,60.0,43.0
1784617708.651380,379.933,1980,3201,82.0,60.0,43.0
1784617708.661389,379.933,1980,3201,82.0,60.0,43.0
1784617708.671380,379.933,1980,3201,82.0,60.0,43.0
1784617708.681380,379.933,1980,3201,82.0,60.0,43.0
1784617708.691381,379.933,1980,3201,82.0,60.0,43.0
1784617708.701380,379.933,1980,3201,82.0,60.0,43.0
1784617708.711380,379.933,1980,3201,82.0,60.0,43.0
1784617708.721425,379.933,1980,3201,82.0,60.0,43.0
1784617708.731380,379.933,1980,3201,82.0,60.0,43.0
1784617708.741382,381.981,1980,3201,82.0,60.0,43.0
1784617708.751380,381.981,1980,3201,82.0,60.0,43.0
1784617708.761380,381.981,1980,3201,86.0,63.0,43.0
1784617708.771394,381.981,1980,3201,86.0,63.0,43.0
1784617708.781380,381.981,1980,3201,86.0,63.0,43.0
1784617708.791380,381.981,1980,3201,86.0,63.0,43.0
1784617708.801379,381.981,1980,3201,86.0,63.0,43.0
1784617708.811411,381.981,1980,3201,86.0,63.0,43.0
1784617708.821405,381.981,1980,3201,86.0,63.0,43.0
1784617708.831470,381.981,1980,3201,86.0,63.0,43.0
1784617708.841380,382.928,1980,3201,86.0,63.0,43.0
1784617708.851418,382.928,1980,3201,86.0,63.0,43.0
1784617708.861376,382.928,1980,3201,86.0,63.0,43.0
1784617708.871380,382.928,1980,3201,86.0,63.0,43.0
1784617708.881381,382.928,1980,3201,86.0,63.0,43.0
1784617708.891382,382.928,1980,3201,86.0,63.0,43.0
1784617708.901383,382.928,1980,3201,86.0,63.0,43.0
1784617708.911382,382.928,1980,3201,86.0,63.0,43.0
1784617708.921568,382.928,1980,3201,86.0,63.0,43.0
1784617708.931383,382.928,1980,3201,86.0,63.0,43.0
1784617708.941380,382.988,1980,3201,86.0,63.0,43.0
1784617708.951372,382.988,1980,3201,86.0,63.0,43.0
1784617708.961381,382.988,1980,3201,87.0,63.0,43.0
1784617708.971380,382.988,1980,3201,87.0,63.0,43.0
1784617708.981381,382.988,1980,3201,87.0,63.0,43.0
1784617708.991380,382.988,1980,3201,87.0,63.0,43.0
1784617709.001380,382.988,1980,3201,87.0,63.0,43.0
1784617709.011380,382.988,1980,3201,87.0,63.0,43.0
1784617709.021380,382.988,1980,3201,87.0,63.0,43.0
1784617709.031382,382.988,1980,3201,87.0,63.0,43.0
1784617709.041381,383.055,1980,3201,87.0,63.0,43.0
1784617709.051380,383.055,1980,3201,87.0,63.0,43.0
1784617709.061382,383.055,1980,3201,87.0,63.0,43.0
1784617709.071380,383.055,1980,3201,87.0,63.0,43.0
1784617709.081380,383.055,1980,3201,87.0,63.0,43.0
1784617709.091383,383.055,1980,3201,87.0,63.0,43.0
1784617709.101381,383.055,1980,3201,87.0,63.0,43.0
1784617709.111380,383.055,1980,3201,87.0,63.0,43.0
1784617709.121380,383.055,1980,3201,87.0,63.0,43.0
1784617709.131380,383.055,1980,3201,87.0,63.0,43.0
1784617709.141407,383.784,1980,3201,87.0,63.0,43.0
1784617709.151423,383.784,1980,3201,87.0,63.0,43.0
1784617709.161488,383.784,1980,3201,86.0,63.0,43.0
1784617709.171381,383.784,1980,3201,86.0,63.0,43.0
1784617709.181373,383.784,1980,3201,86.0,63.0,43.0
1784617709.191383,383.784,1980,3201,86.0,63.0,43.0
1784617709.201382,383.784,1980,3201,86.0,63.0,43.0
1784617709.211380,383.784,1980,3201,86.0,63.0,43.0
1784617709.221380,383.784,1980,3201,86.0,63.0,43.0
1784617709.388746,383.990,1980,3201,86.0,63.0,43.0
1784617709.388803,383.990,1980,3201,86.0,63.0,43.0
1784617709.398896,383.990,1980,3201,86.0,63.0,43.0
1784617709.408920,383.990,1980,3201,86.0,63.0,43.0
1784617709.418895,383.990,1980,3201,86.0,63.0,43.0
1784617709.428897,383.990,1980,3201,86.0,63.0,43.0
1784617709.438900,383.782,1980,3201,86.0,63.0,43.0
1784617709.448895,383.782,1980,3201,86.0,63.0,43.0
1784617709.458897,383.782,1980,3201,86.0,63.0,43.0
1784617709.468875,383.782,1980,3201,86.0,63.0,43.0
1784617709.478892,383.782,1980,3201,86.0,63.0,43.0
1784617709.488878,383.782,1980,3201,86.0,63.0,43.0
1784617709.498895,383.782,1980,3201,86.0,63.0,43.0
1784617709.508878,383.782,1980,3201,86.0,63.0,43.0
1784617709.518878,383.782,1980,3201,86.0,63.0,43.0
1784617709.529112,383.782,1980,3201,86.0,63.0,43.0
1784617709.538878,384.100,1980,3201,86.0,63.0,43.0
1784617709.548879,384.100,1980,3201,86.0,63.0,43.0
1784617709.558878,384.100,1980,3201,83.0,60.0,43.0
1784617709.568878,384.100,1980,3201,83.0,60.0,43.0
1784617709.578878,384.100,1980,3201,83.0,60.0,43.0
1784617709.588879,384.100,1980,3201,83.0,60.0,43.0
1784617709.598878,384.100,1980,3201,83.0,60.0,43.0
1784617709.608879,384.100,1980,3201,83.0,60.0,43.0
1784617709.618878,384.100,1980,3201,83.0,60.0,43.0
1784617709.628878,384.100,1980,3201,83.0,60.0,43.0
1784617709.638897,383.081,1980,3201,83.0,60.0,43.0
1784617709.649142,383.081,1980,3201,83.0,60.0,43.0
1784617709.658914,383.081,1980,3201,83.0,60.0,43.0
1784617709.668906,383.081,1980,3201,83.0,60.0,43.0
1784617709.678883,383.081,1980,3201,83.0,60.0,43.0
1784617709.688896,383.081,1980,3201,83.0,60.0,43.0
1784617709.698894,383.081,1980,3201,83.0,60.0,43.0
1784617709.708894,383.081,1980,3201,83.0,60.0,43.0
1784617709.718895,383.081,1980,3201,83.0,60.0,43.0
1784617709.728894,383.081,1980,3201,83.0,60.0,43.0
1784617709.738906,382.783,1980,3201,83.0,60.0,43.0
1784617709.748897,382.783,1980,3201,83.0,60.0,43.0
1784617709.758895,382.783,1980,3201,87.0,63.0,43.0
1784617709.768897,382.783,1980,3201,87.0,63.0,43.0
1784617709.778894,382.783,1980,3201,87.0,63.0,43.0
1784617709.788898,382.783,1980,3201,87.0,63.0,43.0
1784617709.798933,382.783,1980,3201,87.0,63.0,43.0
1784617709.808894,382.783,1980,3201,87.0,63.0,43.0
1784617709.818898,382.783,1980,3201,87.0,63.0,43.0
1784617709.828934,382.783,1980,3201,87.0,63.0,43.0
1784617709.838896,383.045,1980,3201,87.0,63.0,43.0
1784617709.848896,383.045,1980,3201,87.0,63.0,43.0
1784617709.858896,383.045,1980,3201,87.0,63.0,43.0
1784617709.868897,383.045,1980,3201,87.0,63.0,43.0
1784617709.879178,383.045,1980,3201,87.0,63.0,43.0
1784617709.888896,383.045,1980,3201,87.0,63.0,43.0
1784617709.898897,383.045,1980,3201,87.0,63.0,43.0
1784617709.908896,383.045,1980,3201,87.0,63.0,43.0
1784617709.918896,383.045,1980,3201,87.0,63.0,43.0
1784617709.928897,383.045,1980,3201,87.0,63.0,43.0
1784617709.938896,383.699,1980,3201,87.0,63.0,43.0
1784617709.948896,383.699,1980,3201,87.0,63.0,43.0
1784617709.958895,383.699,1980,3201,86.0,62.0,43.0
1784617709.968895,383.699,1980,3201,86.0,62.0,43.0
1784617709.978895,383.699,1980,3201,86.0,62.0,43.0
1784617709.988898,383.699,1980,3201,86.0,62.0,43.0
1784617709.998896,383.699,1980,3201,86.0,62.0,43.0
1784617710.008918,383.699,1980,3201,86.0,62.0,43.0
1784617710.018896,383.699,1980,3201,86.0,62.0,43.0
1784617710.028894,383.699,1980,3201,86.0,62.0,43.0
1784617710.038896,383.208,1980,3201,86.0,62.0,43.0
1784617710.048895,383.208,1980,3201,86.0,62.0,43.0
1784617710.058897,383.208,1980,3201,86.0,62.0,43.0
1784617710.068895,383.208,1980,3201,86.0,62.0,43.0
1784617710.078894,383.208,1980,3201,86.0,62.0,43.0
1784617710.088896,383.208,1980,3201,86.0,62.0,43.0
1784617710.098896,383.208,1980,3201,86.0,62.0,43.0
1784617710.108897,383.208,1980,3201,86.0,62.0,43.0
1784617710.118896,383.208,1980,3201,86.0,62.0,43.0
1784617710.128897,383.208,1980,3201,86.0,62.0,43.0
1784617710.138896,383.009,1980,3201,86.0,62.0,43.0
1784617710.148895,383.009,1980,3201,86.0,62.0,43.0
1784617710.158909,383.009,1980,3201,86.0,62.0,43.0
1784617710.168896,383.009,1980,3201,86.0,62.0,43.0
1784617710.178907,383.009,1980,3201,86.0,62.0,44.0
1784617710.188898,383.009,1980,3201,86.0,62.0,44.0
1784617710.198898,383.009,1980,3201,86.0,62.0,44.0
1784617710.208897,383.009,1980,3201,86.0,62.0,44.0
1784617710.218880,383.009,1980,3201,86.0,62.0,44.0
1784617710.228895,383.009,1980,3201,86.0,62.0,44.0
1784617710.238901,383.243,1980,3201,86.0,62.0,44.0
1784617710.248922,383.243,1980,3201,86.0,62.0,44.0
1784617710.258896,383.243,1980,3201,86.0,62.0,44.0
1784617710.268901,383.243,1980,3201,86.0,62.0,44.0
1784617710.278897,383.243,1980,3201,86.0,62.0,44.0
1784617710.288901,383.243,1980,3201,86.0,62.0,44.0
1784617710.298897,383.243,1980,3201,86.0,62.0,44.0
1784617710.308897,383.243,1980,3201,86.0,62.0,44.0
1784617710.318895,383.243,1980,3201,86.0,62.0,44.0
1784617710.328897,383.243,1980,3201,86.0,62.0,44.0
1784617710.338902,382.585,1980,3201,86.0,62.0,44.0
1784617710.348896,382.585,1980,3201,86.0,62.0,44.0
1784617710.358897,382.585,1980,3201,79.0,58.0,44.0
1784617710.368896,382.585,1980,3201,79.0,58.0,44.0
1784617710.378897,382.585,1980,3201,79.0,58.0,44.0
1784617710.388897,382.585,1980,3201,79.0,58.0,44.0
1784617710.398902,382.585,1980,3201,79.0,58.0,44.0
1784617710.408911,382.585,1980,3201,79.0,58.0,44.0
1784617710.418917,382.585,1980,3201,79.0,58.0,44.0
1784617710.428923,382.585,1980,3201,79.0,58.0,44.0
1784617710.438896,384.074,1980,3201,79.0,58.0,44.0
1784617710.448895,384.074,1980,3201,79.0,58.0,44.0
1784617710.458897,384.074,1980,3201,79.0,58.0,44.0
1784617710.468895,384.074,1980,3201,79.0,58.0,44.0
1784617710.478931,384.074,1980,3201,79.0,58.0,44.0
1784617710.488897,384.074,1980,3201,79.0,58.0,44.0
1784617710.498899,384.074,1980,3201,79.0,58.0,44.0
1784617710.508895,384.074,1980,3201,79.0,58.0,44.0
1784617710.518896,384.074,1980,3201,79.0,58.0,44.0
1784617710.528896,384.074,1980,3201,79.0,58.0,44.0
1784617710.538894,384.896,1980,3201,79.0,58.0,44.0
1784617710.548899,384.896,1980,3201,79.0,58.0,44.0
1784617710.558896,384.896,1980,3201,86.0,63.0,44.0
1784617710.568897,384.896,1980,3201,86.0,63.0,44.0
1784617710.578896,384.896,1980,3201,86.0,63.0,44.0
1784617710.588895,384.896,1980,3201,86.0,63.0,44.0
1784617710.598878,384.896,1980,3201,86.0,63.0,44.0
1784617710.608878,384.896,1980,3201,86.0,63.0,44.0
1784617710.618878,384.896,1980,3201,86.0,63.0,44.0
1784617710.628896,384.896,1980,3201,86.0,63.0,44.0
1784617710.638896,384.896,1980,3201,86.0,63.0,44.0
1784617710.648923,385.553,1980,3201,86.0,63.0,44.0
1784617710.658925,385.553,1980,3201,86.0,63.0,44.0
1784617710.668898,385.553,1980,3201,86.0,63.0,44.0
1784617710.678892,385.553,1980,3201,86.0,63.0,44.0
1784617710.688895,385.553,1980,3201,86.0,63.0,44.0
1784617710.698910,385.553,1980,3201,86.0,63.0,44.0
1784617710.708900,385.553,1980,3201,86.0,63.0,44.0
1784617710.718896,385.553,1980,3201,86.0,63.0,44.0
1784617710.728895,385.553,1980,3201,86.0,63.0,44.0
1784617710.738896,385.553,1980,3201,86.0,63.0,44.0
1784617710.748896,387.193,1980,3201,86.0,63.0,44.0
1784617710.758895,387.193,1980,3201,86.0,63.0,44.0
1784617710.768894,387.193,1980,3201,86.0,63.0,44.0
1784617710.778896,387.193,1980,3201,86.0,63.0,44.0
1784617710.788895,387.193,1980,3201,86.0,63.0,44.0
1784617710.798896,387.193,1980,3201,86.0,63.0,44.0
1784617710.808905,387.193,1980,3201,86.0,63.0,44.0
1784617710.818983,387.193,1980,3201,86.0,63.0,44.0
1784617710.828906,387.193,1980,3201,86.0,63.0,44.0
1784617710.838897,387.193,1980,3201,86.0,63.0,44.0
1784617710.849128,386.978,1980,3201,86.0,63.0,44.0
1784617710.858892,386.978,1980,3201,86.0,63.0,44.0
1784617710.868893,386.978,1980,3201,86.0,63.0,44.0
1784617710.878880,386.978,1980,3201,86.0,63.0,44.0
1784617710.888878,386.978,1980,3201,86.0,63.0,44.0
1784617710.898896,386.978,1980,3201,86.0,63.0,44.0
1784617710.908879,386.978,1980,3201,86.0,63.0,44.0
1784617710.918879,386.978,1980,3201,86.0,63.0,44.0
1784617710.928878,386.978,1980,3201,86.0,63.0,44.0
1784617710.938878,386.978,1980,3201,86.0,63.0,44.0
1784617710.948878,385.804,1980,3201,86.0,63.0,44.0
1784617710.958880,385.804,1980,3201,86.0,63.0,44.0
1784617710.968878,385.804,1980,3201,87.0,63.0,44.0
1784617710.978878,385.804,1980,3201,87.0,63.0,44.0
1784617710.989113,385.804,1980,3201,87.0,63.0,44.0
1784617710.998878,385.804,1980,3201,87.0,63.0,44.0
1784617711.008878,385.804,1980,3201,87.0,63.0,44.0
1784617711.018878,385.804,1980,3201,87.0,63.0,44.0
1784617711.028897,385.804,1980,3201,87.0,63.0,44.0
1784617711.038876,385.804,1980,3201,87.0,63.0,44.0
1784617711.048877,385.258,1980,3201,87.0,63.0,44.0
1784617711.058892,385.258,1980,3201,87.0,63.0,44.0
1784617711.068883,385.258,1980,3201,87.0,63.0,44.0
1784617711.078892,385.258,1980,3201,87.0,63.0,44.0
1784617711.088883,385.258,1980,3201,87.0,63.0,43.0
1784617711.098883,385.258,1980,3201,87.0,63.0,43.0
1784617711.108884,385.258,1980,3201,87.0,63.0,43.0
1784617711.118882,385.258,1980,3201,87.0,63.0,43.0
1784617711.128881,385.258,1980,3201,87.0,63.0,43.0
1784617711.138883,385.258,1980,3201,87.0,63.0,43.0
1784617711.148883,385.356,1980,3201,87.0,63.0,43.0
1784617711.158883,385.356,1980,3201,87.0,63.0,43.0
1784617711.168882,385.356,1980,3201,87.0,63.0,43.0
1784617711.178882,385.356,1980,3201,87.0,63.0,43.0
1784617711.188883,385.356,1980,3201,87.0,63.0,43.0
1784617711.198883,385.356,1980,3201,87.0,63.0,43.0
1784617711.208891,385.356,1980,3201,87.0,63.0,43.0
1784617711.218883,385.356,1980,3201,87.0,63.0,43.0
1784617711.228882,385.356,1980,3201,87.0,63.0,43.0
1784617711.238883,385.356,1980,3201,87.0,63.0,43.0
1784617711.248883,384.900,1980,3201,87.0,63.0,43.0
1784617711.258881,384.900,1980,3201,87.0,63.0,43.0
1784617711.268882,384.900,1980,3201,87.0,63.0,43.0
1784617711.278883,384.900,1980,3201,87.0,63.0,43.0
1784617711.288883,384.900,1980,3201,87.0,63.0,43.0
1784617711.298883,384.900,1980,3201,87.0,63.0,43.0
1784617711.308883,384.900,1980,3201,87.0,63.0,43.0
1784617711.318883,384.900,1980,3201,87.0,63.0,43.0
1784617711.328883,384.900,1980,3201,87.0,63.0,43.0
1784617711.338884,384.900,1980,3201,87.0,63.0,43.0
1784617711.348883,385.316,1980,3201,87.0,63.0,43.0
1784617711.358883,385.316,1980,3201,87.0,63.0,43.0
1784617711.368894,385.316,1980,3201,86.0,63.0,43.0
1784617711.378883,385.316,1980,3201,86.0,63.0,43.0
1784617711.388883,385.316,1980,3201,86.0,63.0,43.0
1784617711.398881,385.316,1980,3201,86.0,63.0,43.0
1784617711.408884,385.316,1980,3201,86.0,63.0,43.0
1784617711.418882,385.316,1980,3201,86.0,63.0,43.0
1784617711.428891,385.316,1980,3201,86.0,63.0,43.0
1784617711.438883,385.316,1980,3201,86.0,63.0,43.0
1784617711.448877,385.130,1980,3201,86.0,63.0,43.0
1784617711.458894,385.130,1980,3201,86.0,63.0,43.0
1784617711.468892,385.130,1980,3201,86.0,63.0,43.0
1784617711.478881,385.130,1980,3201,86.0,63.0,43.0
1784617711.488894,385.130,1980,3201,86.0,63.0,44.0
1784617711.498882,385.130,1980,3201,86.0,63.0,44.0
1784617711.508882,385.130,1980,3201,86.0,63.0,44.0
1784617711.518882,385.130,1980,3201,86.0,63.0,44.0
1784617711.528883,385.130,1980,3201,86.0,63.0,44.0
1784617711.538878,385.130,1980,3201,86.0,63.0,44.0
1784617711.548883,383.363,1980,3201,86.0,63.0,44.0
1784617711.558883,383.363,1980,3201,86.0,63.0,44.0
1784617711.568882,383.363,1980,3201,84.0,61.0,44.0
1784617711.578882,383.363,1980,3201,84.0,61.0,44.0
1784617711.588883,383.363,1980,3201,84.0,61.0,44.0
1784617711.598883,383.363,1980,3201,84.0,61.0,44.0
1784617711.608883,383.363,1980,3201,84.0,61.0,44.0
1784617711.618883,383.363,1980,3201,84.0,61.0,44.0
1784617711.628883,383.363,1980,3201,84.0,61.0,44.0
1784617711.638871,383.363,1980,3201,84.0,61.0,44.0
1784617711.648876,383.891,1980,3201,84.0,61.0,44.0
1784617711.658883,383.891,1980,3201,84.0,61.0,44.0
1784617711.668890,383.891,1980,3201,84.0,61.0,44.0
1784617711.678881,383.891,1980,3201,84.0,61.0,44.0
1784617711.688882,383.891,1980,3201,84.0,61.0,44.0
1784617711.699056,383.891,1980,3201,84.0,61.0,44.0
1784617711.708893,383.891,1980,3201,84.0,61.0,44.0
1784617711.718891,383.891,1980,3201,84.0,61.0,44.0
1784617711.728968,383.891,1980,3201,84.0,61.0,44.0
1784617711.738892,383.891,1980,3201,84.0,61.0,44.0
1784617711.748883,382.465,1980,3201,84.0,61.0,44.0
1784617711.758874,382.465,1980,3201,84.0,61.0,44.0
1784617711.768893,382.465,1980,3201,86.0,62.0,44.0
1784617711.778884,382.465,1980,3201,86.0,62.0,44.0
1784617711.788880,382.465,1980,3201,86.0,62.0,44.0
1784617711.798892,382.465,1980,3201,86.0,62.0,44.0
1784617711.808882,382.465,1980,3201,86.0,62.0,44.0
1784617711.818882,382.465,1980,3201,86.0,62.0,44.0
1784617711.828883,382.465,1980,3201,86.0,62.0,44.0
1784617711.838884,382.465,1980,3201,86.0,62.0,44.0
1784617711.848882,383.524,1980,3201,86.0,62.0,44.0
1784617711.858883,383.524,1980,3201,86.0,62.0,44.0
1784617711.868884,383.524,1980,3201,86.0,62.0,44.0
1784617711.878894,383.524,1980,3201,86.0,62.0,44.0
1784617711.888882,383.524,1980,3201,86.0,62.0,44.0
1784617711.898883,383.524,1980,3201,86.0,62.0,44.0
1784617711.908882,383.524,1980,3201,86.0,62.0,44.0
1784617711.918883,383.524,1980,3201,86.0,62.0,44.0
1784617711.928960,383.524,1980,3201,86.0,62.0,44.0
1784617711.938896,383.524,1980,3201,86.0,62.0,44.0
1784617711.948890,384.238,1980,3201,86.0,62.0,44.0
1784617711.958880,384.238,1980,3201,86.0,62.0,44.0
1784617711.968891,384.238,1980,3201,86.0,63.0,44.0
1784617711.978884,384.238,1980,3201,86.0,63.0,44.0
1784617711.988880,384.238,1980,3201,86.0,63.0,44.0
1784617711.998883,384.238,1980,3201,86.0,63.0,44.0
1784617712.008881,384.238,1980,3201,86.0,63.0,44.0
1784617712.018883,384.238,1980,3201,86.0,63.0,44.0
1784617712.028883,384.238,1980,3201,86.0,63.0,44.0
1784617712.038874,384.238,1980,3201,86.0,63.0,44.0
1784617712.048883,383.071,1980,3201,86.0,63.0,44.0
1784617712.058892,383.071,1980,3201,86.0,63.0,44.0
1784617712.068892,383.071,1980,3201,86.0,63.0,44.0
1784617712.078883,383.071,1980,3201,86.0,63.0,44.0
1784617712.088895,383.071,1980,3201,86.0,63.0,44.0
1784617712.098883,383.071,1980,3201,86.0,63.0,44.0
1784617712.108882,383.071,1980,3201,86.0,63.0,44.0
1784617712.119138,383.071,1980,3201,86.0,63.0,44.0
1784617712.128891,383.071,1980,3201,86.0,63.0,44.0
1784617712.138883,383.071,1980,3201,86.0,63.0,44.0
1784617712.148878,384.358,1980,3201,86.0,63.0,44.0
1784617712.158884,384.358,1980,3201,86.0,63.0,44.0
1784617712.168884,384.358,1980,3201,86.0,62.0,44.0
1784617712.178895,384.358,1980,3201,86.0,62.0,44.0
1784617712.188883,384.358,1980,3201,86.0,62.0,44.0
1784617712.198881,384.358,1980,3201,86.0,62.0,44.0
1784617712.208883,384.358,1980,3201,86.0,62.0,44.0
1784617712.218883,384.358,1980,3201,86.0,62.0,44.0
1784617712.228883,384.358,1980,3201,86.0,62.0,44.0
1784617712.238883,384.358,1980,3201,86.0,62.0,44.0
1784617712.248883,385.250,1980,3201,86.0,62.0,44.0
1784617712.258893,385.250,1980,3201,86.0,62.0,44.0
1784617712.268883,385.250,1980,3201,86.0,62.0,44.0
1784617712.278892,385.250,1980,3201,86.0,62.0,44.0
1784617712.288894,385.250,1980,3201,86.0,62.0,44.0
1784617712.298883,385.250,1980,3201,86.0,62.0,44.0
1784617712.308883,385.250,1980,3201,86.0,62.0,44.0
1784617712.318894,385.250,1980,3201,86.0,62.0,44.0
1784617712.328893,385.250,1980,3201,86.0,62.0,44.0
1784617712.338883,385.250,1980,3201,86.0,62.0,44.0
1784617712.349147,386.643,1980,3201,86.0,62.0,44.0
1784617712.358894,386.643,1980,3201,86.0,62.0,44.0
1784617712.368883,386.643,1980,3201,86.0,63.0,44.0
1784617712.378878,386.643,1980,3201,86.0,63.0,44.0
1784617712.388883,386.643,1980,3201,86.0,63.0,44.0
1784617712.398882,386.643,1980,3201,86.0,63.0,44.0
1784617712.408875,386.643,1980,3201,86.0,63.0,44.0
1784617712.418896,386.643,1980,3201,86.0,63.0,44.0
1784617712.428881,386.643,1980,3201,86.0,63.0,44.0
1784617712.438877,386.643,1980,3201,86.0,63.0,44.0
1784617712.448883,386.110,1980,3201,86.0,63.0,44.0
1784617712.458893,386.110,1980,3201,86.0,63.0,44.0
1784617712.468883,386.110,1980,3201,86.0,63.0,44.0
1784617712.478883,386.110,1980,3201,86.0,63.0,44.0
1784617712.488899,386.110,1980,3201,86.0,63.0,44.0
1784617712.498892,386.110,1980,3201,86.0,63.0,44.0
1784617712.508892,386.110,1980,3201,86.0,63.0,44.0
1784617712.518895,386.110,1980,3201,86.0,63.0,44.0
1784617712.528891,386.110,1980,3201,86.0,63.0,44.0
1784617712.538883,386.110,1980,3201,86.0,63.0,44.0
1784617712.548944,388.128,1980,3201,86.0,63.0,44.0
1784617712.558884,388.128,1980,3201,86.0,63.0,44.0
1784617712.568897,388.128,1980,3201,85.0,62.0,44.0
1784617712.578878,388.128,1980,3201,85.0,62.0,44.0
1784617712.588883,388.128,1980,3201,85.0,62.0,44.0
1784617712.598893,388.128,1980,3201,85.0,62.0,44.0
1784617712.608877,388.128,1980,3201,85.0,62.0,44.0
1784617712.618883,388.128,1980,3201,85.0,62.0,44.0
1784617712.628891,388.128,1980,3201,85.0,62.0,44.0
1784617712.638883,388.128,1980,3201,85.0,62.0,44.0
1784617712.648883,387.327,1980,3201,85.0,62.0,44.0
1784617712.658883,387.327,1980,3201,85.0,62.0,44.0
1784617712.668883,387.327,1980,3201,85.0,62.0,44.0
1784617712.678882,387.327,1980,3201,85.0,62.0,44.0
1784617712.688884,387.327,1980,3201,85.0,62.0,44.0
1784617712.698883,387.327,1980,3201,85.0,62.0,44.0
1784617712.708893,387.327,1980,3201,85.0,62.0,44.0
1784617712.718883,387.327,1980,3201,85.0,62.0,44.0
1784617712.728883,387.327,1980,3201,85.0,62.0,44.0
1784617712.738883,387.327,1980,3201,85.0,62.0,44.0
1784617712.748878,386.626,1980,3201,85.0,62.0,44.0
1784617712.758891,386.626,1980,3201,85.0,62.0,44.0
1784617712.768891,386.626,1980,3201,86.0,63.0,44.0
1784617712.778893,386.626,1980,3201,86.0,63.0,44.0
1784617712.788890,386.626,1980,3201,86.0,63.0,44.0
1784617712.798892,386.626,1980,3201,86.0,63.0,44.0
1784617712.808891,386.626,1980,3201,86.0,63.0,44.0
1784617712.818882,386.626,1980,3201,86.0,63.0,44.0
1784617712.828883,386.626,1980,3201,86.0,63.0,44.0
1784617712.838893,386.626,1980,3201,86.0,63.0,44.0
1784617712.848892,385.944,1980,3201,86.0,63.0,44.0
1784617712.858893,385.944,1980,3201,86.0,63.0,44.0
1784617712.868884,385.944,1980,3201,86.0,63.0,44.0
1784617712.878884,385.944,1980,3201,86.0,63.0,44.0
1784617712.888883,385.944,1980,3201,86.0,63.0,44.0
1784617712.898883,385.944,1980,3201,86.0,63.0,44.0
1784617712.908881,385.944,1980,3201,86.0,63.0,44.0
1784617712.918883,385.944,1980,3201,86.0,63.0,44.0
1784617712.928891,385.944,1980,3201,86.0,63.0,44.0
1784617712.938893,385.944,1980,3201,86.0,63.0,44.0
1784617712.948882,384.807,1980,3201,86.0,63.0,44.0
1784617712.958884,384.807,1980,3201,86.0,63.0,44.0
1784617712.968894,384.807,1980,3201,87.0,63.0,44.0
1784617712.978884,384.807,1980,3201,87.0,63.0,44.0
1784617712.988893,384.807,1980,3201,87.0,63.0,44.0
1784617712.998921,384.807,1980,3201,87.0,63.0,44.0
1784617713.008883,384.807,1980,3201,87.0,63.0,44.0
1784617713.018882,384.807,1980,3201,87.0,63.0,44.0
1784617713.028883,384.807,1980,3201,87.0,63.0,44.0
1784617713.038878,384.807,1980,3201,87.0,63.0,44.0
1784617713.048882,386.325,1980,3201,87.0,63.0,44.0
1784617713.058958,386.325,1980,3201,87.0,63.0,44.0
1784617713.068894,386.325,1980,3201,87.0,63.0,44.0
1784617713.078883,386.325,1980,3201,87.0,63.0,44.0
1784617713.088959,386.325,1980,3201,87.0,63.0,44.0
1784617713.098883,386.325,1980,3201,87.0,63.0,44.0
1784617713.108893,386.325,1980,3201,87.0,63.0,44.0
1784617713.118897,386.325,1980,3201,87.0,63.0,44.0
1784617713.128883,386.325,1980,3201,87.0,63.0,44.0
1784617713.138884,386.325,1980,3201,87.0,63.0,44.0
1784617713.148893,385.498,1980,3201,87.0,63.0,44.0
1784617713.158893,385.498,1980,3201,87.0,63.0,44.0
1784617713.168884,385.498,1980,3201,86.0,63.0,44.0
1784617713.178893,385.498,1980,3201,86.0,63.0,44.0
1784617713.188892,385.498,1980,3201,86.0,63.0,44.0
1784617713.198901,385.498,1980,3201,86.0,63.0,44.0
1784617713.209366,385.498,1980,3201,86.0,63.0,44.0
1784617713.218986,385.498,1980,3201,86.0,63.0,44.0
1784617713.228903,385.498,1980,3201,86.0,63.0,44.0
1784617713.238993,385.498,1980,3201,86.0,63.0,44.0
1784617713.248875,384.260,1980,3201,86.0,63.0,44.0
1784617713.258875,384.260,1980,3201,86.0,63.0,44.0
1784617713.268878,384.260,1980,3201,86.0,63.0,44.0
1784617713.278878,384.260,1980,3201,86.0,63.0,44.0
1784617713.288877,384.260,1980,3201,86.0,63.0,44.0
1784617713.298878,384.260,1980,3201,86.0,63.0,44.0
1784617713.308878,384.260,1980,3201,86.0,63.0,44.0
1784617713.318877,384.260,1980,3201,86.0,63.0,44.0
1784617713.328878,384.260,1980,3201,86.0,63.0,44.0
1784617713.338878,384.260,1980,3201,86.0,63.0,44.0
1784617713.348878,380.295,1980,3201,86.0,63.0,44.0
1784617713.358878,380.295,1980,3201,86.0,63.0,44.0
1784617713.368909,380.295,1980,3201,77.0,56.0,44.0
1784617713.378896,380.295,1980,3201,77.0,56.0,44.0
1784617713.388880,380.295,1980,3201,77.0,56.0,44.0
1784617713.398883,380.295,1980,3201,77.0,56.0,44.0
1784617713.408881,380.295,1980,3201,77.0,56.0,44.0
1784617713.418882,380.295,1980,3201,77.0,56.0,44.0
1784617713.428881,380.295,1980,3201,77.0,56.0,44.0
1784617713.438883,380.295,1980,3201,77.0,56.0,44.0
1784617713.448883,379.885,1980,3201,77.0,56.0,44.0
1784617713.458883,379.885,1980,3201,77.0,56.0,44.0
1784617713.468881,379.885,1980,3201,77.0,56.0,44.0
1784617713.478883,379.885,1980,3201,77.0,56.0,44.0
1784617713.488883,379.885,1980,3201,77.0,56.0,44.0
1784617713.498879,379.885,1980,3201,77.0,56.0,44.0
1784617713.508895,379.885,1980,3201,77.0,56.0,44.0
1784617713.518881,379.885,1980,3201,77.0,56.0,44.0
1784617713.528880,379.885,1980,3201,77.0,56.0,44.0
1784617713.538883,379.885,1980,3201,77.0,56.0,44.0
1784617713.548894,377.879,1980,3201,77.0,56.0,44.0
1784617713.558879,377.879,1980,3201,77.0,56.0,44.0
1784617713.568882,377.879,1980,3201,86.0,63.0,44.0
1784617713.578882,377.879,1980,3201,86.0,63.0,44.0
1784617713.588881,377.879,1980,3201,86.0,63.0,44.0
1784617713.598882,377.879,1980,3201,86.0,63.0,44.0
1784617713.608882,377.879,1980,3201,86.0,63.0,44.0
1784617713.618879,377.879,1980,3201,86.0,63.0,44.0
1784617713.628882,377.879,1980,3201,86.0,63.0,44.0
1784617713.638881,377.879,1980,3201,86.0,63.0,44.0
1784617713.648882,377.900,1980,3201,86.0,63.0,44.0
1784617713.658873,377.900,1980,3201,86.0,63.0,44.0
1784617713.668895,377.900,1980,3201,86.0,63.0,44.0
1784617713.678881,377.900,1980,3201,86.0,63.0,44.0
1784617713.689077,377.900,1980,3201,86.0,63.0,44.0
1784617713.698883,377.900,1980,3201,86.0,63.0,44.0
1784617713.708877,377.900,1980,3201,86.0,63.0,44.0
1784617713.718882,377.900,1980,3201,86.0,63.0,44.0
1784617713.728882,377.900,1980,3201,86.0,63.0,44.0
1784617713.738881,377.900,1980,3201,86.0,63.0,44.0
1784617713.748872,377.916,1980,3201,86.0,63.0,44.0
1784617713.758882,377.916,1980,3201,86.0,63.0,44.0
1784617713.768881,377.916,1980,3201,86.0,63.0,44.0
1784617713.778876,377.916,1980,3201,86.0,63.0,44.0
1784617713.788883,377.916,1980,3201,86.0,63.0,44.0
1784617713.798877,377.916,1980,3201,86.0,63.0,44.0
1784617713.808878,377.916,1980,3201,86.0,63.0,44.0
1784617713.818882,377.916,1980,3201,86.0,63.0,44.0
1784617713.828881,377.916,1980,3201,86.0,63.0,44.0
1784617713.838994,377.916,1980,3201,86.0,63.0,44.0
1784617713.848892,377.604,1980,3201,86.0,63.0,44.0
1784617713.858891,377.604,1980,3201,86.0,63.0,44.0
1784617713.868873,377.604,1980,3201,86.0,63.0,44.0
1784617713.878894,377.604,1980,3201,86.0,63.0,44.0
1784617713.888882,377.604,1980,3201,86.0,63.0,44.0
1784617713.898896,377.604,1980,3201,86.0,63.0,44.0
1784617713.908884,377.604,1980,3201,86.0,63.0,44.0
1784617713.918883,377.604,1980,3201,86.0,63.0,44.0
1784617713.928902,377.604,1980,3201,86.0,63.0,44.0
1784617713.938896,377.604,1980,3201,86.0,63.0,44.0
1784617713.948896,378.150,1980,3201,86.0,63.0,44.0
1784617713.958894,378.150,1980,3201,86.0,63.0,44.0
1784617713.968895,378.150,1980,3201,86.0,63.0,44.0
1784617713.978895,378.150,1980,3201,86.0,63.0,44.0
1784617713.988897,378.150,1980,3201,86.0,63.0,44.0
1784617713.998896,378.150,1980,3201,86.0,63.0,44.0
1784617714.008894,378.150,1980,3201,86.0,63.0,44.0
1784617714.018881,378.150,1980,3201,86.0,63.0,44.0
1784617714.028900,378.150,1980,3201,86.0,63.0,44.0
1784617714.038895,378.150,1980,3201,86.0,63.0,44.0
1784617714.048882,378.062,1980,3201,86.0,63.0,44.0
1784617714.058896,378.062,1980,3201,86.0,63.0,44.0
1784617714.068893,378.062,1980,3201,86.0,63.0,44.0
1784617714.078898,378.062,1980,3201,86.0,63.0,44.0
1784617714.088895,378.062,1980,3201,86.0,63.0,44.0
1784617714.098894,378.062,1980,3201,86.0,63.0,44.0
1784617714.108894,378.062,1980,3201,86.0,63.0,44.0
1784617714.118895,378.062,1980,3201,86.0,63.0,44.0
1784617714.128894,378.062,1980,3201,86.0,63.0,44.0
1784617714.138904,378.062,1980,3201,86.0,63.0,44.0
1784617714.148918,378.421,1980,3201,86.0,63.0,44.0
1784617714.158897,378.421,1980,3201,86.0,63.0,44.0
1784617714.168894,378.421,1980,3201,87.0,63.0,44.0
1784617714.178878,378.421,1980,3201,87.0,63.0,44.0
1784617714.188879,378.421,1980,3201,87.0,63.0,44.0
1784617714.198879,378.421,1980,3201,87.0,63.0,44.0
1784617714.208896,378.421,1980,3201,87.0,63.0,44.0
1784617714.219135,378.421,1980,3201,87.0,63.0,44.0
1784617714.228881,378.421,1980,3201,87.0,63.0,44.0
1784617714.238894,378.421,1980,3201,87.0,63.0,44.0
1784617714.248903,379.243,1980,3201,87.0,63.0,44.0
1784617714.258894,379.243,1980,3201,87.0,63.0,44.0
1784617714.268894,379.243,1980,3201,87.0,63.0,44.0
1784617714.278894,379.243,1980,3201,87.0,63.0,44.0
1784617714.288897,379.243,1980,3201,87.0,63.0,44.0
1784617714.298897,379.243,1980,3201,87.0,63.0,44.0
1784617714.308896,379.243,1980,3201,87.0,63.0,44.0
1784617714.318894,379.243,1980,3201,87.0,63.0,44.0
1784617714.328881,379.243,1980,3201,87.0,63.0,44.0
1784617714.338993,379.243,1980,3201,87.0,63.0,44.0
1784617714.348894,381.798,1980,3201,87.0,63.0,44.0
1784617714.358896,381.798,1980,3201,87.0,63.0,44.0
1784617714.368896,381.798,1980,3201,86.0,63.0,44.0
1784617714.378895,381.798,1980,3201,86.0,63.0,44.0
1784617714.388893,381.798,1980,3201,86.0,63.0,44.0
1784617714.398894,381.798,1980,3201,86.0,63.0,44.0
1784617714.408894,381.798,1980,3201,86.0,63.0,44.0
1784617714.418894,381.798,1980,3201,86.0,63.0,44.0
1784617714.428905,381.798,1980,3201,86.0,63.0,44.0
1784617714.438903,381.798,1980,3201,86.0,63.0,44.0
1784617714.448895,382.178,1980,3201,86.0,63.0,44.0
1784617714.458894,382.178,1980,3201,86.0,63.0,44.0
1784617714.468894,382.178,1980,3201,86.0,63.0,44.0
1784617714.478895,382.178,1980,3201,86.0,63.0,44.0
1784617714.488894,382.178,1980,3201,86.0,63.0,44.0
1784617714.498893,382.178,1980,3201,86.0,63.0,44.0
1784617714.508895,382.178,1980,3201,86.0,63.0,44.0
1784617714.518903,382.178,1980,3201,86.0,63.0,44.0
1784617714.528894,382.178,1980,3201,86.0,63.0,44.0
1784617714.538895,382.178,1980,3201,86.0,63.0,44.0
1784617714.548894,382.937,1980,3201,86.0,63.0,44.0
1784617714.558912,382.937,1980,3201,86.0,63.0,44.0
1784617714.568894,382.937,1980,3201,86.0,63.0,44.0
1784617714.578923,382.937,1980,3201,86.0,63.0,44.0
1784617714.588891,382.937,1980,3201,86.0,63.0,44.0
1784617714.598894,382.937,1980,3201,86.0,63.0,44.0
1784617714.608875,382.937,1980,3201,86.0,63.0,44.0
1784617714.618875,382.937,1980,3201,86.0,63.0,44.0
1784617714.628873,382.937,1980,3201,86.0,63.0,44.0
1784617714.638875,382.937,1980,3201,86.0,63.0,44.0
1784617714.648875,382.914,1980,3201,86.0,63.0,44.0
1784617714.658874,382.914,1980,3201,86.0,63.0,44.0
1784617714.668875,382.914,1980,3201,86.0,63.0,44.0
1784617714.678875,382.914,1980,3201,86.0,63.0,44.0
1784617714.688875,382.914,1980,3201,86.0,63.0,44.0
1784617714.698874,382.914,1980,3201,86.0,63.0,44.0
1784617714.708876,382.914,1980,3201,86.0,63.0,44.0
1784617714.718875,382.914,1980,3201,86.0,63.0,44.0
1784617714.728860,382.914,1980,3201,86.0,63.0,44.0
1784617714.738883,382.914,1980,3201,86.0,63.0,44.0
1784617714.748893,383.402,1980,3201,86.0,63.0,44.0
1784617714.758880,383.402,1980,3201,86.0,63.0,44.0
1784617714.768882,383.402,1980,3201,84.0,61.0,44.0
1784617714.778882,383.402,1980,3201,84.0,61.0,44.0
1784617714.788880,383.402,1980,3201,84.0,61.0,44.0
1784617714.798882,383.402,1980,3201,84.0,61.0,44.0
1784617714.808882,383.402,1980,3201,84.0,61.0,44.0
1784617714.818881,383.402,1980,3201,84.0,61.0,44.0
1784617714.828891,383.402,1980,3201,84.0,61.0,44.0
1784617714.838883,383.402,1980,3201,84.0,61.0,44.0
1784617714.848879,383.768,1980,3201,84.0,61.0,44.0
1784617714.858884,383.768,1980,3201,84.0,61.0,44.0
1784617714.868882,383.768,1980,3201,84.0,61.0,44.0
1784617714.878876,383.768,1980,3201,84.0,61.0,44.0
1784617714.888882,383.768,1980,3201,84.0,61.0,44.0
1784617714.898882,383.768,1980,3201,84.0,61.0,44.0
1784617714.908893,383.768,1980,3201,84.0,61.0,44.0
1784617714.918884,383.768,1980,3201,84.0,61.0,44.0
1784617714.928882,383.768,1980,3201,84.0,61.0,44.0
1784617714.938877,383.768,1980,3201,84.0,61.0,44.0
1784617714.948884,384.377,1980,3201,84.0,61.0,44.0
1784617714.958890,384.377,1980,3201,84.0,61.0,44.0
1784617714.968881,384.377,1980,3201,87.0,63.0,44.0
1784617714.978891,384.377,1980,3201,87.0,63.0,44.0
1784617714.988883,384.377,1980,3201,87.0,63.0,44.0
1784617714.998894,384.377,1980,3201,87.0,63.0,44.0
1784617715.008891,384.377,1980,3201,87.0,63.0,44.0
1784617715.018883,384.377,1980,3201,87.0,63.0,44.0
1784617715.028883,384.377,1980,3201,87.0,63.0,44.0
1784617715.038875,384.377,1980,3201,87.0,63.0,44.0
1784617715.048882,384.963,1980,3201,87.0,63.0,44.0
1784617715.058883,384.963,1980,3201,87.0,63.0,44.0
1784617715.068882,384.963,1980,3201,87.0,63.0,44.0
1784617715.078879,384.963,1980,3201,87.0,63.0,44.0
1784617715.088893,384.963,1980,3201,87.0,63.0,44.0
1784617715.098883,384.963,1980,3201,87.0,63.0,44.0
1784617715.108877,384.963,1980,3201,87.0,63.0,44.0
1784617715.118883,384.963,1980,3201,87.0,63.0,44.0
1784617715.128883,384.963,1980,3201,87.0,63.0,44.0
1784617715.138882,384.963,1980,3201,87.0,63.0,44.0
1784617715.148883,384.578,1980,3201,87.0,63.0,44.0
1784617715.158892,384.578,1980,3201,87.0,63.0,44.0
1784617715.168877,384.578,1980,3201,86.0,63.0,44.0
1784617715.178893,384.578,1980,3201,86.0,63.0,44.0
1784617715.188884,384.578,1980,3201,86.0,63.0,44.0
1784617715.198882,384.578,1980,3201,86.0,63.0,44.0
1784617715.208884,384.578,1980,3201,86.0,63.0,44.0
1784617715.218884,384.578,1980,3201,86.0,63.0,44.0
1784617715.228882,384.578,1980,3201,86.0,63.0,44.0
1784617715.238883,384.578,1980,3201,86.0,63.0,44.0
1784617715.248883,384.818,1980,3201,86.0,63.0,44.0
1784617715.258881,384.818,1980,3201,86.0,63.0,44.0
1784617715.268883,384.818,1980,3201,86.0,63.0,44.0
1784617715.278880,384.818,1980,3201,86.0,63.0,44.0
1784617715.288883,384.818,1980,3201,86.0,63.0,44.0
1784617715.298882,384.818,1980,3201,86.0,63.0,44.0
1784617715.308880,384.818,1980,3201,86.0,63.0,44.0
1784617715.318892,384.818,1980,3201,86.0,63.0,44.0
1784617715.328895,384.818,1980,3201,86.0,63.0,44.0
1784617715.338880,384.818,1980,3201,86.0,63.0,44.0
1784617715.348894,384.756,1980,3201,86.0,63.0,44.0
1784617715.358883,384.756,1980,3201,86.0,63.0,44.0
1784617715.368879,384.756,1980,3201,86.0,62.0,44.0
1784617715.378893,384.756,1980,3201,86.0,62.0,44.0
1784617715.388883,384.756,1980,3201,86.0,62.0,44.0
1784617715.398940,384.756,1980,3201,86.0,62.0,44.0
1784617715.408893,384.756,1980,3201,86.0,62.0,44.0
1784617715.418882,384.756,1980,3201,86.0,62.0,44.0
1784617715.428873,384.756,1980,3201,86.0,62.0,44.0
1784617715.438891,384.756,1980,3201,86.0,62.0,44.0
1784617715.448880,383.657,1980,3201,86.0,62.0,44.0
1784617715.458883,383.657,1980,3201,86.0,62.0,44.0
1784617715.468882,383.657,1980,3201,86.0,62.0,44.0
1784617715.478877,383.657,1980,3201,86.0,62.0,44.0
1784617715.488892,383.657,1980,3201,86.0,62.0,44.0
1784617715.498920,383.657,1980,3201,86.0,62.0,44.0
1784617715.508883,383.657,1980,3201,86.0,62.0,44.0
1784617715.518893,383.657,1980,3201,86.0,62.0,44.0
1784617715.528932,383.657,1980,3201,86.0,62.0,44.0
1784617715.538883,383.657,1980,3201,86.0,62.0,44.0
1784617715.548883,383.275,1980,3201,86.0,62.0,44.0
1784617715.558947,383.275,1980,3201,86.0,62.0,44.0
1784617715.568883,383.275,1980,3201,83.0,61.0,44.0
1784617715.578881,383.275,1980,3201,83.0,61.0,44.0
1784617715.588879,383.275,1980,3201,83.0,61.0,44.0
1784617715.598891,383.275,1980,3201,83.0,61.0,44.0
1784617715.608882,383.275,1980,3201,83.0,61.0,44.0
1784617715.618877,383.275,1980,3201,83.0,61.0,44.0
1784617715.628891,383.275,1980,3201,83.0,61.0,44.0
1784617715.638882,383.275,1980,3201,83.0,61.0,44.0
1784617715.648877,382.338,1980,3201,83.0,61.0,44.0
1784617715.658895,382.338,1980,3201,83.0,61.0,44.0
1784617715.668883,382.338,1980,3201,83.0,61.0,44.0
1784617715.678943,382.338,1980,3201,83.0,61.0,44.0
1784617715.688896,382.338,1980,3201,83.0,61.0,44.0
1784617715.698883,382.338,1980,3201,83.0,61.0,44.0
1784617715.709106,382.338,1980,3201,83.0,61.0,44.0
1784617715.718893,382.338,1980,3201,83.0,61.0,44.0
1784617715.728895,382.338,1980,3201,83.0,61.0,44.0
1784617715.739038,382.338,1980,3201,83.0,61.0,44.0
1784617715.748883,382.338,1980,3201,83.0,61.0,44.0
1784617715.758882,382.039,1980,3201,83.0,61.0,44.0
1784617715.768879,382.039,1980,3201,83.0,61.0,44.0
1784617715.778884,382.039,1980,3201,87.0,63.0,44.0
1784617715.788883,382.039,1980,3201,87.0,63.0,44.0
1784617715.798879,382.039,1980,3201,87.0,63.0,44.0
1784617715.808883,382.039,1980,3201,87.0,63.0,44.0
1784617715.818884,382.039,1980,3201,87.0,63.0,44.0
1784617715.828879,382.039,1980,3201,87.0,63.0,44.0
1784617715.838883,382.039,1980,3201,87.0,63.0,44.0
1784617715.848882,382.039,1980,3201,87.0,63.0,44.0
1784617715.858876,381.573,1980,3201,87.0,63.0,44.0
1784617715.868882,381.573,1980,3201,87.0,63.0,44.0
1784617715.878880,381.573,1980,3201,87.0,63.0,44.0
1784617715.888881,381.573,1980,3201,87.0,63.0,44.0
1784617715.898893,381.573,1980,3201,87.0,63.0,44.0
1784617715.908881,381.573,1980,3201,87.0,63.0,44.0
1784617715.918881,381.573,1980,3201,87.0,63.0,44.0
1784617715.928883,381.573,1980,3201,87.0,63.0,44.0
1784617715.938882,381.573,1980,3201,87.0,63.0,44.0
1784617715.948879,381.573,1980,3201,87.0,63.0,44.0
1784617715.958883,380.788,1980,3201,87.0,63.0,44.0
1784617715.968892,380.788,1980,3201,87.0,63.0,44.0
1784617715.978879,380.788,1980,3201,86.0,63.0,44.0
1784617715.988878,380.788,1980,3201,86.0,63.0,44.0
1784617715.998892,380.788,1980,3201,86.0,63.0,44.0
1784617716.008883,380.788,1980,3201,86.0,63.0,44.0
1784617716.018878,380.788,1980,3201,86.0,63.0,44.0
1784617716.028883,380.788,1980,3201,86.0,63.0,44.0
1784617716.038878,380.788,1980,3201,86.0,63.0,44.0
1784617716.048875,380.788,1980,3201,86.0,63.0,44.0
1784617716.058883,380.379,1980,3201,86.0,63.0,44.0
1784617716.068883,380.379,1980,3201,86.0,63.0,44.0
1784617716.078878,380.379,1980,3201,86.0,63.0,44.0
1784617716.088882,380.379,1980,3201,86.0,63.0,44.0
1784617716.098892,380.379,1980,3201,86.0,63.0,44.0
1784617716.108880,380.379,1980,3201,86.0,63.0,44.0
1784617716.118882,380.379,1980,3201,86.0,63.0,44.0
1784617716.128883,380.379,1980,3201,86.0,63.0,44.0
1784617716.138883,380.379,1980,3201,86.0,63.0,44.0
1784617716.149069,380.379,1980,3201,86.0,63.0,44.0
1784617716.158893,379.807,1980,3201,86.0,63.0,44.0
1784617716.168882,379.807,1980,3201,86.0,63.0,44.0
1784617716.178895,379.807,1980,3201,86.0,63.0,44.0
1784617716.188884,379.807,1980,3201,86.0,63.0,44.0
1784617716.198882,379.807,1980,3201,86.0,63.0,44.0
1784617716.208922,379.807,1980,3201,86.0,63.0,44.0
1784617716.218883,379.807,1980,3201,86.0,63.0,44.0
1784617716.228881,379.807,1980,3201,86.0,63.0,44.0
1784617716.238878,379.807,1980,3201,86.0,63.0,44.0
1784617716.248883,379.807,1980,3201,86.0,63.0,44.0
1784617716.258879,379.518,1980,3201,86.0,63.0,44.0
1784617716.268880,379.518,1980,3201,86.0,63.0,44.0
1784617716.278884,379.518,1980,3201,86.0,63.0,44.0
1784617716.288883,379.518,1980,3201,86.0,63.0,44.0
1784617716.298879,379.518,1980,3201,86.0,63.0,44.0
1784617716.308883,379.518,1980,3201,86.0,63.0,44.0
1784617716.318883,379.518,1980,3201,86.0,63.0,44.0
1784617716.328878,379.518,1980,3201,86.0,63.0,44.0
1784617716.338877,379.518,1980,3201,86.0,63.0,44.0
1784617716.348892,379.518,1980,3201,86.0,63.0,44.0
1784617716.358893,378.819,1980,3201,86.0,63.0,44.0
1784617716.368922,378.819,1980,3201,86.0,63.0,44.0
1784617716.378894,378.819,1980,3201,86.0,63.0,44.0
1784617716.388892,378.819,1980,3201,86.0,63.0,44.0
1784617716.398894,378.819,1980,3201,86.0,63.0,44.0
1784617716.408896,378.819,1980,3201,86.0,63.0,44.0
1784617716.418883,378.819,1980,3201,86.0,63.0,44.0
1784617716.428881,378.819,1980,3201,86.0,63.0,44.0
1784617716.438891,378.819,1980,3201,86.0,63.0,44.0
1784617716.448893,378.819,1980,3201,86.0,63.0,44.0
1784617716.458894,378.870,1980,3201,86.0,63.0,44.0
1784617716.468877,378.870,1980,3201,86.0,63.0,44.0
1784617716.478883,378.870,1980,3201,86.0,63.0,44.0
1784617716.488892,378.870,1980,3201,86.0,63.0,44.0
1784617716.498878,378.870,1980,3201,86.0,63.0,44.0
1784617716.508892,378.870,1980,3201,86.0,63.0,44.0
1784617716.518893,378.870,1980,3201,86.0,63.0,44.0
1784617716.528998,378.870,1980,3201,86.0,63.0,44.0
1784617716.538891,378.870,1980,3201,86.0,63.0,44.0
1784617716.548882,378.870,1980,3201,86.0,63.0,44.0
1784617716.558879,378.807,1980,3201,86.0,63.0,44.0
1784617716.568883,378.807,1980,3201,86.0,63.0,44.0
1784617716.578894,378.807,1980,3201,87.0,63.0,44.0
1784617716.588878,378.807,1980,3201,87.0,63.0,44.0
1784617716.598892,378.807,1980,3201,87.0,63.0,44.0
1784617716.608883,378.807,1980,3201,87.0,63.0,44.0
1784617716.618880,378.807,1980,3201,87.0,63.0,44.0
1784617716.628884,378.807,1980,3201,87.0,63.0,44.0
1784617716.638881,378.807,1980,3201,87.0,63.0,44.0
1784617716.648876,378.807,1980,3201,87.0,63.0,44.0
1784617716.658891,378.728,1980,3201,87.0,63.0,44.0
1784617716.668893,378.728,1980,3201,87.0,63.0,44.0
1784617716.678883,378.728,1980,3201,87.0,63.0,44.0
1784617716.688890,378.728,1980,3201,87.0,63.0,44.0
1784617716.698893,378.728,1980,3201,87.0,63.0,44.0
1784617716.708883,378.728,1980,3201,87.0,63.0,44.0
1784617716.718882,378.728,1980,3201,87.0,63.0,44.0
1784617716.728877,378.728,1980,3201,87.0,63.0,44.0
1784617716.738871,378.728,1980,3201,87.0,63.0,44.0
1784617716.748883,378.728,1980,3201,87.0,63.0,44.0
1784617716.758882,378.365,1980,3201,87.0,63.0,44.0
1784617716.768873,378.365,1980,3201,87.0,63.0,44.0
1784617716.778892,378.365,1980,3201,86.0,62.0,44.0
1784617716.788882,378.365,1980,3201,86.0,62.0,44.0
1784617716.798981,378.365,1980,3201,86.0,62.0,44.0
1784617716.808894,378.365,1980,3201,86.0,62.0,44.0
1784617716.818880,378.365,1980,3201,86.0,62.0,44.0
1784617716.828873,378.365,1980,3201,86.0,62.0,44.0
1784617716.838884,378.365,1980,3201,86.0,62.0,44.0
1784617716.848880,378.365,1980,3201,86.0,62.0,44.0
1784617716.859114,379.036,1980,3201,86.0,62.0,44.0
1784617716.868891,379.036,1980,3201,86.0,62.0,44.0
1784617716.878878,379.036,1980,3201,86.0,62.0,44.0
1784617716.889096,379.036,1980,3201,86.0,62.0,44.0
1784617716.898878,379.036,1980,3201,86.0,62.0,44.0
1784617716.908878,379.036,1980,3201,86.0,62.0,44.0
1784617716.918948,379.036,1980,3201,86.0,62.0,44.0
1784617716.928884,379.036,1980,3201,86.0,62.0,44.0
1784617716.938881,379.036,1980,3201,86.0,62.0,44.0
1784617716.949099,379.036,1980,3201,86.0,62.0,44.0
1784617716.958883,379.173,1980,3201,86.0,62.0,44.0
1784617716.968884,379.173,1980,3201,86.0,62.0,44.0
1784617716.978873,379.173,1980,3201,86.0,63.0,44.0
1784617716.988883,379.173,1980,3201,86.0,63.0,44.0
1784617716.998889,379.173,1980,3201,86.0,63.0,44.0
1784617717.008872,379.173,1980,3201,86.0,63.0,44.0
1784617717.018883,379.173,1980,3201,86.0,63.0,44.0
1784617717.028881,379.173,1980,3201,86.0,63.0,44.0
1784617717.038875,379.173,1980,3201,86.0,63.0,44.0
1784617717.048882,379.173,1980,3201,86.0,63.0,44.0
1784617717.058883,379.213,1980,3201,86.0,63.0,44.0
1784617717.068878,379.213,1980,3201,86.0,63.0,44.0
1784617717.078882,379.213,1980,3201,86.0,63.0,44.0
1784617717.088882,379.213,1980,3201,86.0,63.0,44.0
1784617717.098880,379.213,1980,3201,86.0,63.0,44.0
1784617717.108883,379.213,1980,3201,86.0,63.0,44.0
1784617717.118881,379.213,1980,3201,86.0,63.0,44.0
1784617717.128877,379.213,1980,3201,86.0,63.0,44.0
1784617717.138893,379.213,1980,3201,86.0,63.0,44.0
1784617717.148883,379.213,1980,3201,86.0,63.0,44.0
1784617717.158879,379.435,1980,3201,86.0,63.0,44.0
1784617717.168883,379.435,1980,3201,86.0,63.0,44.0
1784617717.178883,379.435,1980,3201,86.0,63.0,44.0
1784617717.188879,379.435,1980,3201,86.0,63.0,44.0
1784617717.198879,379.435,1980,3201,86.0,63.0,44.0
1784617717.208881,379.435,1980,3201,86.0,63.0,44.0
1784617717.218882,379.435,1980,3201,86.0,63.0,44.0
1784617717.228881,379.435,1980,3201,86.0,63.0,44.0
1784617717.238882,379.435,1980,3201,86.0,63.0,44.0
1784617717.248883,379.435,1980,3201,86.0,63.0,44.0
1784617717.258879,379.843,1980,3201,86.0,63.0,44.0
1784617717.268883,379.843,1980,3201,86.0,63.0,44.0
1784617717.278883,379.843,1980,3201,86.0,63.0,44.0
1784617717.288880,379.843,1980,3201,86.0,63.0,44.0
1784617717.298882,379.843,1980,3201,86.0,63.0,44.0
1784617717.308883,379.843,1980,3201,86.0,63.0,44.0
1784617717.318883,379.843,1980,3201,86.0,63.0,44.0
1784617717.328876,379.843,1980,3201,86.0,63.0,44.0
1784617717.338883,379.843,1980,3201,86.0,63.0,44.0
1784617717.348882,379.843,1980,3201,86.0,63.0,44.0
1784617717.358880,379.377,1980,3201,86.0,63.0,44.0
1784617717.368891,379.377,1980,3201,86.0,63.0,44.0
1784617717.378882,379.377,1980,3201,83.0,61.0,44.0
1784617717.388879,379.377,1980,3201,83.0,61.0,44.0
1784617717.398891,379.377,1980,3201,83.0,61.0,44.0
1784617717.408882,379.377,1980,3201,83.0,61.0,44.0
1784617717.418879,379.377,1980,3201,83.0,61.0,44.0
1784617717.428883,379.377,1980,3201,83.0,61.0,44.0
1784617717.438882,379.377,1980,3201,83.0,61.0,44.0
1784617717.448878,379.377,1980,3201,83.0,61.0,44.0
1784617717.458878,380.029,1980,3201,83.0,61.0,44.0
1784617717.468884,380.029,1980,3201,83.0,61.0,44.0
1784617717.479024,380.029,1980,3201,83.0,61.0,44.0
1784617717.488892,380.029,1980,3201,83.0,61.0,44.0
1784617717.498881,380.029,1980,3201,83.0,61.0,44.0
1784617717.508877,380.029,1980,3201,83.0,61.0,44.0
1784617717.518883,380.029,1980,3201,83.0,61.0,44.0
1784617717.528879,380.029,1980,3201,83.0,61.0,44.0
1784617717.538882,380.029,1980,3201,83.0,61.0,44.0
1784617717.548883,380.029,1980,3201,83.0,61.0,44.0
1784617717.558879,381.592,1980,3201,83.0,61.0,44.0
1784617717.568883,381.592,1980,3201,83.0,61.0,44.0
1784617717.578882,381.592,1980,3201,86.0,63.0,44.0
1784617717.588879,381.592,1980,3201,86.0,63.0,44.0
1784617717.598883,381.592,1980,3201,86.0,63.0,44.0
1784617717.608883,381.592,1980,3201,86.0,63.0,44.0
1784617717.618880,381.592,1980,3201,86.0,63.0,44.0
1784617717.628891,381.592,1980,3201,86.0,63.0,44.0
1784617717.638882,381.592,1980,3201,86.0,63.0,44.0
1784617717.648880,381.592,1980,3201,86.0,63.0,44.0
1784617717.658883,382.426,1980,3201,86.0,63.0,44.0
1784617717.668883,382.426,1980,3201,86.0,63.0,44.0
1784617717.678880,382.426,1980,3201,86.0,63.0,44.0
1784617717.688883,382.426,1980,3201,86.0,63.0,44.0
1784617717.698893,382.426,1980,3201,86.0,63.0,44.0
1784617717.708872,382.426,1980,3201,86.0,63.0,44.0
1784617717.718896,382.426,1980,3201,86.0,63.0,44.0
1784617717.728883,382.426,1980,3201,86.0,63.0,44.0
1784617717.738883,382.426,1980,3201,86.0,63.0,44.0
1784617717.748871,382.426,1980,3201,86.0,63.0,44.0
1784617717.758883,382.543,1980,3201,86.0,63.0,44.0
1784617717.768880,382.543,1980,3201,86.0,63.0,44.0
1784617717.778884,382.543,1980,3201,83.0,60.0,44.0
1784617717.788883,382.543,1980,3201,83.0,60.0,44.0
1784617717.798881,382.543,1980,3201,83.0,60.0,45.0
1784617717.808883,382.543,1980,3201,83.0,60.0,45.0
1784617717.818882,382.543,1980,3201,83.0,60.0,45.0
1784617717.828878,382.543,1980,3201,83.0,60.0,45.0
1784617717.838883,382.543,1980,3201,83.0,60.0,45.0
1784617717.848882,382.543,1980,3201,83.0,60.0,45.0
1784617717.858882,382.818,1980,3201,83.0,60.0,45.0
1784617717.868883,382.818,1980,3201,83.0,60.0,45.0
1784617717.878881,382.818,1980,3201,83.0,60.0,45.0
1784617717.889038,382.818,1980,3201,83.0,60.0,45.0
1784617717.898894,382.818,1980,3201,83.0,60.0,44.0
1784617717.908882,382.818,1980,3201,83.0,60.0,44.0
1784617717.918881,382.818,1980,3201,83.0,60.0,44.0
1784617717.928891,382.818,1980,3201,83.0,60.0,44.0
1784617717.938882,382.818,1980,3201,83.0,60.0,44.0
1784617717.948881,382.818,1980,3201,83.0,60.0,44.0
1784617717.958883,383.606,1980,3201,83.0,60.0,44.0
1784617717.968880,383.606,1980,3201,83.0,60.0,44.0
1784617717.978884,383.606,1980,3201,85.0,62.0,44.0
1784617717.988884,383.606,1980,3201,85.0,62.0,44.0
1784617717.998918,383.606,1980,3201,85.0,62.0,44.0
1784617718.008884,383.606,1980,3201,85.0,62.0,44.0
1784617718.018883,383.606,1980,3201,85.0,62.0,44.0
1784617718.028880,383.606,1980,3201,85.0,62.0,44.0
1784617718.038875,383.606,1980,3201,85.0,62.0,44.0
1784617718.048880,383.606,1980,3201,85.0,62.0,44.0
1784617718.058895,384.423,1980,3201,85.0,62.0,44.0
1784617718.068884,384.423,1980,3201,85.0,62.0,44.0
1784617718.078878,384.423,1980,3201,85.0,62.0,44.0
1784617718.088883,384.423,1980,3201,85.0,62.0,44.0
1784617718.098883,384.423,1980,3201,85.0,62.0,45.0
1784617718.108882,384.423,1980,3201,85.0,62.0,45.0
1784617718.118883,384.423,1980,3201,85.0,62.0,45.0
1784617718.128878,384.423,1980,3201,85.0,62.0,45.0
1784617718.138884,384.423,1980,3201,85.0,62.0,45.0
1784617718.148895,384.423,1980,3201,85.0,62.0,45.0
1784617718.158875,385.879,1980,3201,85.0,62.0,45.0
1784617718.168884,385.879,1980,3201,85.0,62.0,45.0
1784617718.178883,385.879,1980,3201,85.0,62.0,45.0
1784617718.189121,385.879,1980,3201,85.0,62.0,45.0
1784617718.198893,385.879,1980,3201,85.0,62.0,45.0
1784617718.208878,385.879,1980,3201,85.0,62.0,45.0
1784617718.218881,385.879,1980,3201,85.0,62.0,45.0
1784617718.228881,385.879,1980,3201,85.0,62.0,45.0
1784617718.238879,385.879,1980,3201,85.0,62.0,45.0
1784617718.248883,385.879,1980,3201,85.0,62.0,45.0
1784617718.258882,387.314,1980,3201,85.0,62.0,45.0
1784617718.268881,387.314,1980,3201,85.0,62.0,45.0
1784617718.278895,387.314,1980,3201,85.0,62.0,45.0
1784617718.288883,387.314,1980,3201,85.0,62.0,45.0
1784617718.298879,387.314,1980,3201,85.0,62.0,45.0
1784617718.308894,387.314,1980,3201,85.0,62.0,45.0
1784617718.318882,387.314,1980,3201,85.0,62.0,45.0
1784617718.329064,387.314,1980,3201,85.0,62.0,45.0
1784617718.338895,387.314,1980,3201,85.0,62.0,45.0
1784617718.348879,387.314,1980,3201,85.0,62.0,45.0
1784617718.358881,390.449,1980,3201,85.0,62.0,45.0
1784617718.368883,390.449,1980,3201,85.0,62.0,45.0
1784617718.378880,390.449,1980,3201,86.0,62.0,45.0
1784617718.388892,390.449,1980,3201,86.0,62.0,45.0
1784617718.398883,390.449,1980,3201,86.0,62.0,45.0
1784617718.408880,390.449,1980,3201,86.0,62.0,45.0
1784617718.418892,390.449,1980,3201,86.0,62.0,45.0
1784617718.428882,390.449,1980,3201,86.0,62.0,45.0
1784617718.438877,390.449,1980,3201,86.0,62.0,45.0
1784617718.448883,390.449,1980,3201,86.0,62.0,45.0
1784617718.458883,391.181,1980,3201,86.0,62.0,45.0
1784617718.468970,391.181,1980,3201,86.0,62.0,45.0
1784617718.478883,391.181,1980,3201,86.0,62.0,45.0
1784617718.488892,391.181,1980,3201,86.0,62.0,45.0
1784617718.498872,391.181,1980,3201,86.0,62.0,44.0
1784617718.508883,391.181,1980,3201,86.0,62.0,44.0
1784617718.518881,391.181,1980,3201,86.0,62.0,44.0
1784617718.528883,391.181,1980,3201,86.0,62.0,44.0
1784617718.538882,391.181,1980,3201,86.0,62.0,44.0
1784617718.548881,391.181,1980,3201,86.0,62.0,44.0
1784617718.558883,391.088,1980,3201,86.0,62.0,44.0
1784617718.568890,391.088,1980,3201,86.0,62.0,44.0
1784617718.578881,391.088,1980,3201,85.0,62.0,44.0
1784617718.588892,391.088,1980,3201,85.0,62.0,44.0
1784617718.598882,391.088,1980,3201,85.0,62.0,44.0
1784617718.608879,391.088,1980,3201,85.0,62.0,44.0
1784617718.618883,391.088,1980,3201,85.0,62.0,44.0
1784617718.628881,391.088,1980,3201,85.0,62.0,44.0
1784617718.638873,391.088,1980,3201,85.0,62.0,44.0
1784617718.648892,391.088,1980,3201,85.0,62.0,44.0
1784617718.658882,391.068,1980,3201,85.0,62.0,44.0
1784617718.668893,391.068,1980,3201,85.0,62.0,44.0
1784617718.678883,391.068,1980,3201,85.0,62.0,44.0
1784617718.688881,391.068,1980,3201,85.0,62.0,44.0
1784617718.698896,391.068,1980,3201,85.0,62.0,44.0
1784617718.708883,391.068,1980,3201,85.0,62.0,44.0
1784617718.718881,391.068,1980,3201,85.0,62.0,44.0
1784617718.728892,391.068,1980,3201,85.0,62.0,44.0
1784617718.738881,391.068,1980,3201,85.0,62.0,44.0
1784617718.748927,391.068,1980,3201,85.0,62.0,44.0
1784617718.758893,391.781,1980,3201,85.0,62.0,44.0
1784617718.768883,391.781,1980,3201,85.0,62.0,44.0
1784617718.778876,391.781,1980,3201,85.0,62.0,44.0
1784617718.788884,391.781,1980,3201,85.0,62.0,44.0
1784617718.798882,391.781,1980,3201,85.0,62.0,45.0
1784617718.808882,391.781,1980,3201,85.0,62.0,45.0
1784617718.818882,391.781,1980,3201,85.0,62.0,45.0
1784617718.828943,391.781,1980,3201,85.0,62.0,45.0
1784617718.838883,391.781,1980,3201,85.0,62.0,45.0
1784617718.848883,391.781,1980,3201,85.0,62.0,45.0
1784617718.859051,393.112,1980,3201,85.0,62.0,45.0
1784617718.868883,393.112,1980,3201,85.0,62.0,45.0
1784617718.878877,393.112,1980,3201,85.0,62.0,45.0
1784617718.888882,393.112,1980,3201,85.0,62.0,45.0
1784617718.898883,393.112,1980,3201,85.0,62.0,45.0
1784617718.908879,393.112,1980,3201,85.0,62.0,45.0
1784617718.918884,393.112,1980,3201,85.0,62.0,45.0
1784617718.928893,393.112,1980,3201,85.0,62.0,45.0
1784617718.938881,393.112,1980,3201,85.0,62.0,45.0
1784617718.948892,393.112,1980,3201,85.0,62.0,45.0
1784617718.958881,394.286,1980,3201,85.0,62.0,45.0
1784617718.968956,394.286,1980,3201,85.0,62.0,45.0
1784617718.978883,394.286,1980,3201,86.0,63.0,45.0
1784617718.988882,394.286,1980,3201,86.0,63.0,45.0
1784617718.998877,394.286,1980,3201,86.0,63.0,45.0
1784617719.008883,394.286,1980,3201,86.0,63.0,45.0
1784617719.018878,394.286,1980,3201,86.0,63.0,45.0
1784617719.028883,394.286,1980,3201,86.0,63.0,45.0
1784617719.038874,394.286,1980,3201,86.0,63.0,45.0
1784617719.048878,394.286,1980,3201,86.0,63.0,45.0
1784617719.058883,393.327,1980,3201,86.0,63.0,45.0
1784617719.068880,393.327,1980,3201,86.0,63.0,45.0
1784617719.078878,393.327,1980,3201,86.0,63.0,45.0
1784617719.088895,393.327,1980,3201,86.0,63.0,45.0
1784617719.098882,393.327,1980,3201,86.0,63.0,45.0
1784617719.109013,393.327,1980,3201,86.0,63.0,45.0
1784617719.118881,393.327,1980,3201,86.0,63.0,45.0
1784617719.128880,393.327,1980,3201,86.0,63.0,45.0
1784617719.138894,393.327,1980,3201,86.0,63.0,45.0
1784617719.148883,393.327,1980,3201,86.0,63.0,45.0
1784617719.158878,393.340,1980,3201,86.0,63.0,45.0
1784617719.168884,393.340,1980,3201,86.0,63.0,45.0
1784617719.178882,393.340,1980,3201,86.0,62.0,45.0
1784617719.188875,393.340,1980,3201,86.0,62.0,45.0
1784617719.198883,393.340,1980,3201,86.0,62.0,45.0
1784617719.208882,393.340,1980,3201,86.0,62.0,45.0
1784617719.218924,393.340,1980,3201,86.0,62.0,45.0
1784617719.228881,393.340,1980,3201,86.0,62.0,45.0
1784617719.238880,393.340,1980,3201,86.0,62.0,45.0
1784617719.248881,393.340,1980,3201,86.0,62.0,45.0
1784617719.258882,393.164,1980,3201,86.0,62.0,45.0
1784617719.268878,393.164,1980,3201,86.0,62.0,45.0
1784617719.278894,393.164,1980,3201,86.0,62.0,45.0
1784617719.288883,393.164,1980,3201,86.0,62.0,45.0
1784617719.298893,393.164,1980,3201,86.0,62.0,45.0
1784617719.308877,393.164,1980,3201,86.0,62.0,45.0
1784617719.318893,393.164,1980,3201,86.0,62.0,45.0
1784617719.328882,393.164,1980,3201,86.0,62.0,45.0
1784617719.339120,393.164,1980,3201,86.0,62.0,45.0
1784617719.348894,393.164,1980,3201,86.0,62.0,45.0
1784617719.358880,390.180,1980,3201,86.0,62.0,45.0
1784617719.368882,390.180,1980,3201,86.0,62.0,45.0
1784617719.378883,390.180,1980,3201,82.0,60.0,45.0
1784617719.388879,390.180,1980,3201,82.0,60.0,45.0
1784617719.398883,390.180,1980,3201,82.0,60.0,45.0
1784617719.408883,390.180,1980,3201,82.0,60.0,45.0
1784617719.418877,390.180,1980,3201,82.0,60.0,45.0
1784617719.428892,390.180,1980,3201,82.0,60.0,45.0
1784617719.438883,390.180,1980,3201,82.0,60.0,45.0
1784617719.448873,390.180,1980,3201,82.0,60.0,45.0
1784617719.458896,389.617,1980,3201,82.0,60.0,45.0
1784617719.468880,389.617,1980,3201,82.0,60.0,45.0
1784617719.478878,389.617,1980,3201,82.0,60.0,45.0
1784617719.488884,389.617,1980,3201,82.0,60.0,45.0
1784617719.498878,389.617,1980,3201,82.0,60.0,45.0
1784617719.508882,389.617,1980,3201,82.0,60.0,45.0
1784617719.518883,389.617,1980,3201,82.0,60.0,45.0
1784617719.528877,389.617,1980,3201,82.0,60.0,45.0
1784617719.538892,389.617,1980,3201,82.0,60.0,45.0
1784617719.548883,389.617,1980,3201,82.0,60.0,45.0
1784617719.558978,390.389,1980,3201,82.0,60.0,45.0
1784617719.568893,390.389,1980,3201,82.0,60.0,45.0
1784617719.578882,390.389,1980,3201,86.0,63.0,45.0
1784617719.588881,390.389,1980,3201,86.0,63.0,45.0
1784617719.598882,390.389,1980,3201,86.0,63.0,45.0
1784617719.608882,390.389,1980,3201,86.0,63.0,45.0
1784617719.618882,390.389,1980,3201,86.0,63.0,45.0
1784617719.628882,390.389,1980,3201,86.0,63.0,45.0
1784617719.638880,390.389,1980,3201,86.0,63.0,45.0
1784617719.648883,390.389,1980,3201,86.0,63.0,45.0
1784617719.658883,391.431,1980,3201,86.0,63.0,45.0
1784617719.668884,391.431,1980,3201,86.0,63.0,45.0
1784617719.678893,391.431,1980,3201,86.0,63.0,45.0
1784617719.688897,391.431,1980,3201,86.0,63.0,45.0
1784617719.698895,391.431,1980,3201,86.0,63.0,45.0
1784617719.708884,391.431,1980,3201,86.0,63.0,45.0
1784617719.718880,391.431,1980,3201,86.0,63.0,45.0
1784617719.728882,391.431,1980,3201,86.0,63.0,45.0
1784617719.738883,391.431,1980,3201,86.0,63.0,45.0
1784617719.748882,391.431,1980,3201,86.0,63.0,45.0
1784617719.758891,391.193,1980,3201,86.0,63.0,45.0
1784617719.768883,391.193,1980,3201,86.0,63.0,45.0
1784617719.778881,391.193,1980,3201,85.0,62.0,45.0
1784617719.788883,391.193,1980,3201,85.0,62.0,45.0
1784617719.798893,391.193,1980,3201,85.0,62.0,44.0
1784617719.808882,391.193,1980,3201,85.0,62.0,44.0
1784617719.818882,391.193,1980,3201,85.0,62.0,44.0
1784617719.828878,391.193,1980,3201,85.0,62.0,44.0
1784617719.838883,391.193,1980,3201,85.0,62.0,44.0
1784617719.848883,391.193,1980,3201,85.0,62.0,44.0
1784617719.858879,390.547,1980,3201,85.0,62.0,44.0
1784617719.868883,390.547,1980,3201,85.0,62.0,44.0
1784617719.878882,390.547,1980,3201,85.0,62.0,44.0
1784617719.888880,390.547,1980,3201,85.0,62.0,44.0
1784617719.898883,390.547,1980,3201,85.0,62.0,45.0
1784617719.908882,390.547,1980,3201,85.0,62.0,45.0
1784617719.918879,390.547,1980,3201,85.0,62.0,45.0
1784617719.928883,390.547,1980,3201,85.0,62.0,45.0
1784617719.938882,390.547,1980,3201,85.0,62.0,45.0
1784617719.948875,390.547,1980,3201,85.0,62.0,45.0
1784617719.958884,389.686,1980,3201,85.0,62.0,45.0
1784617719.968882,389.686,1980,3201,85.0,62.0,45.0
1784617719.978877,389.686,1980,3201,86.0,62.0,45.0
1784617719.988895,389.686,1980,3201,86.0,62.0,45.0
1784617719.998883,389.686,1980,3201,86.0,62.0,44.0
1784617720.008881,389.686,1980,3201,86.0,62.0,44.0
1784617720.018881,389.686,1980,3201,86.0,62.0,44.0
1784617720.028879,389.686,1980,3201,86.0,62.0,44.0
1784617720.038873,389.686,1980,3201,86.0,62.0,44.0
1784617720.048883,389.686,1980,3201,86.0,62.0,44.0
1784617720.058879,388.762,1980,3201,86.0,62.0,44.0
1784617720.068883,388.762,1980,3201,86.0,62.0,44.0
1784617720.078881,388.762,1980,3201,86.0,62.0,44.0
1784617720.088879,388.762,1980,3201,86.0,62.0,44.0
1784617720.098891,388.762,1980,3201,86.0,62.0,44.0
1784617720.108883,388.762,1980,3201,86.0,62.0,44.0
1784617720.118878,388.762,1980,3201,86.0,62.0,44.0
1784617720.128883,388.762,1980,3201,86.0,62.0,44.0
1784617720.138877,388.762,1980,3201,86.0,62.0,44.0
1784617720.148876,388.762,1980,3201,86.0,62.0,44.0
1784617720.158891,387.789,1980,3201,86.0,62.0,44.0
1784617720.168883,387.789,1980,3201,86.0,62.0,44.0
1784617720.178876,387.789,1980,3201,85.0,62.0,44.0
1784617720.188883,387.789,1980,3201,85.0,62.0,44.0
1784617720.198896,387.789,1980,3201,85.0,62.0,44.0
1784617720.208881,387.789,1980,3201,85.0,62.0,44.0
1784617720.218879,387.789,1980,3201,85.0,62.0,44.0
1784617720.228878,387.789,1980,3201,85.0,62.0,44.0
1784617720.238883,387.789,1980,3201,85.0,62.0,44.0
1784617720.248882,387.789,1980,3201,85.0,62.0,44.0
1784617720.258881,386.170,1980,3201,85.0,62.0,44.0
1784617720.268883,386.170,1980,3201,85.0,62.0,44.0
1784617720.278883,386.170,1980,3201,85.0,62.0,44.0
1784617720.288872,386.170,1980,3201,85.0,62.0,44.0
1784617720.298884,386.170,1980,3201,85.0,62.0,44.0
1784617720.308883,386.170,1980,3201,85.0,62.0,44.0
1784617720.318883,386.170,1980,3201,85.0,62.0,44.0
1784617720.328882,386.170,1980,3201,85.0,62.0,44.0
1784617720.338878,386.170,1980,3201,85.0,62.0,44.0
1784617720.348883,386.170,1980,3201,85.0,62.0,44.0
1784617720.358883,387.834,1980,3201,85.0,62.0,44.0
1784617720.368880,387.834,1980,3201,85.0,62.0,44.0
1784617720.378891,387.834,1980,3201,85.0,62.0,44.0
1784617720.388882,387.834,1980,3201,85.0,62.0,44.0
1784617720.398878,387.834,1980,3201,85.0,62.0,44.0
1784617720.408892,387.834,1980,3201,85.0,62.0,44.0
1784617720.418880,387.834,1980,3201,85.0,62.0,44.0
1784617720.428876,387.834,1980,3201,85.0,62.0,44.0
1784617720.438891,387.834,1980,3201,85.0,62.0,44.0
1784617720.448879,387.834,1980,3201,85.0,62.0,44.0
1784617720.458881,386.146,1980,3201,85.0,62.0,44.0
1784617720.468881,386.146,1980,3201,85.0,62.0,44.0
1784617720.478880,386.146,1980,3201,85.0,62.0,44.0
1784617720.488883,386.146,1980,3201,85.0,62.0,44.0
1784617720.498883,386.146,1980,3201,85.0,62.0,44.0
1784617720.508880,386.146,1980,3201,85.0,62.0,44.0
1784617720.518892,386.146,1980,3201,85.0,62.0,44.0
1784617720.528883,386.146,1980,3201,85.0,62.0,44.0
1784617720.538877,386.146,1980,3201,85.0,62.0,44.0
1784617720.548883,386.146,1980,3201,85.0,62.0,44.0
1784617720.558883,385.771,1980,3201,85.0,62.0,44.0
1784617720.568913,385.771,1980,3201,85.0,62.0,44.0
1784617720.578883,385.771,1980,3201,86.0,62.0,44.0
1784617720.588882,385.771,1980,3201,86.0,62.0,44.0
1784617720.598876,385.771,1980,3201,86.0,62.0,44.0
1784617720.608893,385.771,1980,3201,86.0,62.0,44.0
1784617720.618878,385.771,1980,3201,86.0,62.0,44.0
1784617720.628882,385.771,1980,3201,86.0,62.0,44.0
1784617720.638883,385.771,1980,3201,86.0,62.0,44.0
1784617720.648879,385.771,1980,3201,86.0,62.0,44.0
1784617720.658883,384.725,1980,3201,86.0,62.0,44.0
1784617720.668884,384.725,1980,3201,86.0,62.0,44.0
1784617720.678880,384.725,1980,3201,86.0,62.0,44.0
1784617720.688883,384.725,1980,3201,86.0,62.0,44.0
1784617720.698883,384.725,1980,3201,86.0,62.0,44.0
1784617720.708881,384.725,1980,3201,86.0,62.0,44.0
1784617720.718883,384.725,1980,3201,86.0,62.0,44.0
1784617720.728881,384.725,1980,3201,86.0,62.0,44.0
1784617720.738880,384.725,1980,3201,86.0,62.0,44.0
1784617720.748892,384.725,1980,3201,86.0,62.0,44.0
1784617720.758883,385.001,1980,3201,86.0,62.0,44.0
1784617720.768879,385.001,1980,3201,86.0,62.0,44.0
1784617720.778884,385.001,1980,3201,87.0,63.0,44.0
1784617720.788883,385.001,1980,3201,87.0,63.0,44.0
1784617720.798879,385.001,1980,3201,87.0,63.0,44.0
1784617720.808883,385.001,1980,3201,87.0,63.0,44.0
1784617720.818883,385.001,1980,3201,87.0,63.0,44.0
1784617720.829134,385.001,1980,3201,87.0,63.0,44.0
1784617720.838883,385.001,1980,3201,87.0,63.0,44.0
1784617720.848882,385.001,1980,3201,87.0,63.0,44.0
1784617720.858879,384.783,1980,3201,87.0,63.0,44.0
1784617720.868882,384.783,1980,3201,87.0,63.0,44.0
1784617720.878877,384.783,1980,3201,87.0,63.0,44.0
1784617720.888882,384.783,1980,3201,87.0,63.0,44.0
1784617720.898910,384.783,1980,3201,87.0,63.0,44.0
1784617720.908877,384.783,1980,3201,87.0,63.0,44.0
1784617720.918891,384.783,1980,3201,87.0,63.0,44.0
1784617720.928883,384.783,1980,3201,87.0,63.0,44.0
1784617720.938878,384.783,1980,3201,87.0,63.0,44.0
1784617720.948883,384.783,1980,3201,87.0,63.0,44.0
1784617720.958882,384.655,1980,3201,87.0,63.0,44.0
1784617720.968921,384.655,1980,3201,87.0,63.0,44.0
1784617720.978883,384.655,1980,3201,86.0,63.0,44.0
1784617720.988878,384.655,1980,3201,86.0,63.0,44.0
1784617720.998880,384.655,1980,3201,86.0,63.0,45.0
1784617721.008883,384.655,1980,3201,86.0,63.0,45.0
1784617721.018895,384.655,1980,3201,86.0,63.0,45.0
1784617721.028884,384.655,1980,3201,86.0,63.0,45.0
1784617721.038874,384.655,1980,3201,86.0,63.0,45.0
1784617721.048882,384.655,1980,3201,86.0,63.0,45.0
1784617721.058882,386.024,1980,3201,86.0,63.0,45.0
1784617721.068893,386.024,1980,3201,86.0,63.0,45.0
1784617721.078883,386.024,1980,3201,86.0,63.0,45.0
1784617721.088894,386.024,1980,3201,86.0,63.0,45.0
1784617721.098896,386.024,1980,3201,86.0,63.0,45.0
1784617721.108880,386.024,1980,3201,86.0,63.0,45.0
1784617721.118893,386.024,1980,3201,86.0,63.0,45.0
1784617721.128896,386.024,1980,3201,86.0,63.0,45.0
1784617721.138881,386.024,1980,3201,86.0,63.0,45.0
1784617721.148894,386.024,1980,3201,86.0,63.0,45.0
1784617721.158884,387.029,1980,3201,86.0,63.0,45.0
1784617721.168880,387.029,1980,3201,86.0,63.0,45.0
1784617721.178883,387.029,1980,3201,87.0,63.0,45.0
1784617721.188883,387.029,1980,3201,87.0,63.0,45.0
1784617721.198894,387.029,1980,3201,87.0,63.0,45.0
1784617721.208883,387.029,1980,3201,87.0,63.0,45.0
1784617721.218882,387.029,1980,3201,87.0,63.0,45.0
1784617721.228883,387.029,1980,3201,87.0,63.0,45.0
1784617721.238883,387.029,1980,3201,87.0,63.0,45.0
1784617721.248880,387.029,1980,3201,87.0,63.0,45.0
1784617721.258893,387.869,1980,3201,87.0,63.0,45.0
1784617721.268875,387.869,1980,3201,87.0,63.0,45.0
1784617721.278879,387.869,1980,3201,87.0,63.0,45.0
1784617721.288893,387.869,1980,3201,87.0,63.0,45.0
1784617721.298882,387.869,1980,3201,87.0,63.0,45.0
1784617721.308883,387.869,1980,3201,87.0,63.0,45.0
1784617721.318882,387.869,1980,3201,87.0,63.0,45.0
1784617721.328893,387.869,1980,3201,87.0,63.0,45.0
1784617721.338882,387.869,1980,3201,87.0,63.0,45.0
1784617721.349062,387.869,1980,3201,87.0,63.0,45.0
1784617721.358894,385.529,1980,3201,87.0,63.0,45.0
1784617721.368892,385.529,1980,3201,87.0,63.0,45.0
1784617721.378880,385.529,1980,3201,78.0,57.0,45.0
1784617721.388894,385.529,1980,3201,78.0,57.0,45.0
1784617721.398883,385.529,1980,3201,78.0,57.0,45.0
1784617721.408883,385.529,1980,3201,78.0,57.0,45.0
1784617721.418894,385.529,1980,3201,78.0,57.0,45.0
1784617721.428879,385.529,1980,3201,78.0,57.0,45.0
1784617721.438893,385.529,1980,3201,78.0,57.0,45.0
1784617721.448891,385.529,1980,3201,78.0,57.0,45.0
1784617721.458929,387.528,1980,3201,78.0,57.0,45.0
1784617721.468883,387.528,1980,3201,78.0,57.0,45.0
1784617721.478890,387.528,1980,3201,78.0,57.0,45.0
1784617721.488961,387.528,1980,3201,78.0,57.0,45.0
1784617721.498895,387.528,1980,3201,78.0,57.0,45.0
1784617721.508882,387.528,1980,3201,78.0,57.0,45.0
1784617721.518882,387.528,1980,3201,78.0,57.0,45.0
1784617721.528883,387.528,1980,3201,78.0,57.0,45.0
1784617721.538882,387.528,1980,3201,78.0,57.0,45.0
1784617721.548882,387.528,1980,3201,78.0,57.0,45.0
1784617721.558894,388.925,1980,3201,78.0,57.0,45.0
1784617721.568883,388.925,1980,3201,78.0,57.0,45.0
1784617721.578893,388.925,1980,3201,86.0,62.0,45.0
1784617721.588883,388.925,1980,3201,86.0,62.0,45.0
1784617721.598883,388.925,1980,3201,86.0,62.0,45.0
1784617721.608894,388.925,1980,3201,86.0,62.0,45.0
1784617721.618883,388.925,1980,3201,86.0,62.0,45.0
1784617721.628974,388.925,1980,3201,86.0,62.0,45.0
1784617721.638891,388.925,1980,3201,86.0,62.0,45.0
1784617721.648894,388.925,1980,3201,86.0,62.0,45.0
1784617721.658881,388.925,1980,3201,86.0,62.0,45.0
1784617721.668890,389.866,1980,3201,86.0,62.0,45.0
1784617721.678893,389.866,1980,3201,86.0,62.0,45.0
1784617721.688889,389.866,1980,3201,86.0,62.0,45.0
1784617721.698883,389.866,1980,3201,86.0,62.0,45.0
1784617721.708891,389.866,1980,3201,86.0,62.0,45.0
1784617721.718883,389.866,1980,3201,86.0,62.0,45.0
1784617721.728883,389.866,1980,3201,86.0,62.0,45.0
1784617721.738894,389.866,1980,3201,86.0,62.0,45.0
1784617721.748890,389.866,1980,3201,86.0,62.0,45.0
1784617721.758891,389.866,1980,3201,86.0,62.0,45.0
1784617721.768929,391.312,1980,3201,86.0,62.0,45.0
1784617721.778883,391.312,1980,3201,86.0,62.0,45.0
1784617721.788883,391.312,1980,3201,86.0,63.0,45.0
1784617721.798880,391.312,1980,3201,86.0,63.0,45.0
1784617721.808883,391.312,1980,3201,86.0,63.0,45.0
1784617721.818893,391.312,1980,3201,86.0,63.0,45.0
1784617721.828883,391.312,1980,3201,86.0,63.0,45.0
1784617721.838883,391.312,1980,3201,86.0,63.0,45.0
1784617721.848895,391.312,1980,3201,86.0,63.0,45.0
1784617721.858883,391.312,1980,3201,86.0,63.0,45.0
1784617721.868891,392.030,1980,3201,86.0,63.0,45.0
1784617721.878895,392.030,1980,3201,86.0,63.0,45.0
1784617721.888893,392.030,1980,3201,86.0,63.0,45.0
1784617721.898891,392.030,1980,3201,86.0,63.0,45.0
1784617721.909134,392.030,1980,3201,86.0,63.0,45.0
1784617721.918890,392.030,1980,3201,86.0,63.0,45.0
1784617721.928877,392.030,1980,3201,86.0,63.0,45.0
1784617721.938883,392.030,1980,3201,86.0,63.0,45.0
1784617721.948893,392.030,1980,3201,86.0,63.0,45.0
1784617721.958894,392.030,1980,3201,86.0,63.0,45.0
1784617721.968891,394.017,1980,3201,86.0,63.0,45.0
1784617721.978883,394.017,1980,3201,86.0,63.0,45.0
1784617721.988892,394.017,1980,3201,86.0,63.0,45.0
1784617721.998883,394.017,1980,3201,86.0,63.0,45.0
1784617722.008893,394.017,1980,3201,86.0,63.0,45.0
1784617722.018880,394.017,1980,3201,86.0,63.0,45.0
1784617722.028893,394.017,1980,3201,86.0,63.0,45.0
1784617722.038875,394.017,1980,3201,86.0,63.0,45.0
1784617722.048879,394.017,1980,3201,86.0,63.0,45.0
1784617722.058883,394.017,1980,3201,86.0,63.0,45.0
1784617722.068891,393.835,1980,3201,86.0,63.0,45.0
1784617722.078892,393.835,1980,3201,86.0,63.0,45.0
1784617722.088883,393.835,1980,3201,86.0,63.0,45.0
1784617722.098891,393.835,1980,3201,86.0,63.0,45.0
1784617722.108884,393.835,1980,3201,86.0,63.0,45.0
1784617722.118883,393.835,1980,3201,86.0,63.0,45.0
1784617722.128912,393.835,1980,3201,86.0,63.0,45.0
1784617722.138894,393.835,1980,3201,86.0,63.0,45.0
1784617722.148892,393.835,1980,3201,86.0,63.0,45.0
1784617722.159142,393.835,1980,3201,86.0,63.0,45.0
1784617722.168893,395.130,1980,3201,86.0,63.0,45.0
1784617722.178895,395.130,1980,3201,86.0,63.0,45.0
1784617722.188881,395.130,1980,3201,86.0,63.0,45.0
1784617722.198883,395.130,1980,3201,86.0,63.0,45.0
1784617722.208883,395.130,1980,3201,86.0,63.0,45.0
1784617722.218891,395.130,1980,3201,86.0,63.0,45.0
1784617722.228883,395.130,1980,3201,86.0,63.0,45.0
1784617722.238882,395.130,1980,3201,86.0,63.0,45.0
1784617722.248891,395.130,1980,3201,86.0,63.0,45.0
1784617722.258893,395.130,1980,3201,86.0,63.0,45.0
1784617722.268966,395.755,1980,3201,86.0,63.0,45.0
1784617722.278895,395.755,1980,3201,86.0,63.0,45.0
1784617722.288881,395.755,1980,3201,86.0,63.0,45.0
1784617722.298883,395.755,1980,3201,86.0,63.0,45.0
1784617722.308894,395.755,1980,3201,86.0,63.0,45.0
1784617722.318882,395.755,1980,3201,86.0,63.0,45.0
1784617722.328884,395.755,1980,3201,86.0,63.0,45.0
1784617722.338884,395.755,1980,3201,86.0,63.0,45.0
1784617722.348882,395.755,1980,3201,86.0,63.0,45.0
1784617722.358892,395.755,1980,3201,86.0,63.0,45.0
1784617722.368894,398.904,1980,3201,86.0,63.0,45.0
1784617722.378881,398.904,1980,3201,86.0,63.0,45.0
1784617722.388883,398.904,1980,3201,85.0,62.0,45.0
1784617722.398882,398.904,1980,3201,85.0,62.0,45.0
1784617722.408880,398.904,1980,3201,85.0,62.0,45.0
1784617722.418894,398.904,1980,3201,85.0,62.0,45.0
1784617722.428879,398.904,1980,3201,85.0,62.0,45.0
1784617722.438883,398.904,1980,3201,85.0,62.0,45.0
1784617722.448881,398.904,1980,3201,85.0,62.0,45.0
1784617722.458880,398.904,1980,3201,85.0,62.0,45.0
1784617722.468892,399.026,1980,3201,85.0,62.0,45.0
1784617722.478882,399.026,1980,3201,85.0,62.0,45.0
1784617722.488900,399.026,1980,3201,85.0,62.0,45.0
1784617722.498883,399.026,1980,3201,85.0,62.0,45.0
1784617722.508880,399.026,1980,3201,85.0,62.0,45.0
1784617722.518888,399.026,1980,3201,85.0,62.0,45.0
1784617722.528883,399.026,1980,3201,85.0,62.0,45.0
1784617722.538879,399.026,1980,3201,85.0,62.0,45.0
1784617722.548883,399.026,1980,3201,85.0,62.0,45.0
1784617722.558883,399.026,1980,3201,85.0,62.0,45.0
1784617722.568881,399.288,1980,3201,85.0,62.0,45.0
1784617722.578890,399.288,1980,3201,85.0,62.0,45.0
1784617722.588893,399.288,1980,3201,85.0,62.0,45.0
1784617722.598878,399.288,1980,3201,85.0,62.0,45.0
1784617722.608892,399.288,1980,3201,85.0,62.0,45.0
1784617722.618882,399.288,1980,3201,85.0,62.0,45.0
1784617722.629011,399.288,1980,3201,85.0,62.0,45.0
1784617722.638898,399.288,1980,3201,85.0,62.0,45.0
1784617722.648894,399.288,1980,3201,85.0,62.0,45.0
1784617722.658897,399.288,1980,3201,85.0,62.0,45.0
1784617722.668900,397.831,1980,3201,85.0,62.0,45.0
1784617722.678950,397.831,1980,3201,85.0,62.0,45.0
1784617722.688906,397.831,1980,3201,85.0,62.0,45.0
1784617722.698894,397.831,1980,3201,85.0,62.0,45.0
1784617722.708897,397.831,1980,3201,85.0,62.0,45.0
1784617722.718894,397.831,1980,3201,85.0,62.0,45.0
1784617722.728938,397.831,1980,3201,85.0,62.0,45.0
1784617722.738894,397.831,1980,3201,85.0,62.0,45.0
1784617722.748926,397.831,1980,3201,85.0,62.0,45.0
1784617722.758930,397.831,1980,3201,85.0,62.0,45.0
1784617722.768896,397.804,1980,3201,85.0,62.0,45.0
1784617722.778895,397.804,1980,3201,85.0,62.0,45.0
1784617722.789073,397.804,1980,3201,85.0,62.0,45.0
1784617722.798906,397.804,1980,3201,85.0,62.0,45.0
1784617722.808894,397.804,1980,3201,85.0,62.0,45.0
1784617722.818895,397.804,1980,3201,85.0,62.0,45.0
1784617722.828896,397.804,1980,3201,85.0,62.0,45.0
1784617722.838895,397.804,1980,3201,85.0,62.0,45.0
1784617722.848894,397.804,1980,3201,85.0,62.0,45.0
1784617722.858895,397.804,1980,3201,85.0,62.0,45.0
1784617722.868894,396.389,1980,3201,85.0,62.0,45.0
1784617722.878894,396.389,1980,3201,85.0,62.0,45.0
1784617722.888900,396.389,1980,3201,85.0,62.0,45.0
1784617722.898893,396.389,1980,3201,85.0,62.0,45.0
1784617722.908894,396.389,1980,3201,85.0,62.0,45.0
1784617722.918894,396.389,1980,3201,85.0,62.0,45.0
1784617722.928893,396.389,1980,3201,85.0,62.0,45.0
1784617722.938895,396.389,1980,3201,85.0,62.0,45.0
1784617722.948894,396.389,1980,3201,85.0,62.0,45.0
1784617722.958895,396.389,1980,3201,85.0,62.0,45.0
1784617722.968893,394.352,1980,3201,85.0,62.0,45.0
1784617722.978894,394.352,1980,3201,85.0,62.0,45.0
1784617722.988894,394.352,1980,3201,86.0,63.0,45.0
1784617722.998895,394.352,1980,3201,86.0,63.0,45.0
1784617723.008893,394.352,1980,3201,86.0,63.0,44.0
1784617723.018893,394.352,1980,3201,86.0,63.0,44.0
1784617723.028900,394.352,1980,3201,86.0,63.0,44.0
1784617723.038894,394.352,1980,3201,86.0,63.0,44.0
1784617723.048910,394.352,1980,3201,86.0,63.0,44.0
1784617723.058894,394.352,1980,3201,86.0,63.0,44.0
1784617723.068896,393.138,1980,3201,86.0,63.0,44.0
1784617723.078899,393.138,1980,3201,86.0,63.0,44.0
1784617723.089353,393.138,1980,3201,86.0,63.0,44.0
1784617723.098896,393.138,1980,3201,86.0,63.0,44.0
1784617723.108894,393.138,1980,3201,86.0,63.0,44.0
1784617723.118918,393.138,1980,3201,86.0,63.0,44.0
1784617723.128933,393.138,1980,3201,86.0,63.0,44.0
1784617723.138894,393.138,1980,3201,86.0,63.0,44.0
1784617723.149276,393.138,1980,3201,86.0,63.0,44.0
1784617723.158875,393.138,1980,3201,86.0,63.0,44.0
1784617723.168874,391.061,1980,3201,86.0,63.0,44.0
1784617723.179074,391.061,1980,3201,86.0,63.0,44.0
1784617723.188875,391.061,1980,3201,86.0,63.0,44.0
1784617723.198874,391.061,1980,3201,86.0,63.0,44.0
1784617723.209056,391.061,1980,3201,86.0,63.0,44.0
1784617723.218875,391.061,1980,3201,86.0,63.0,44.0
1784617723.228878,391.061,1980,3201,86.0,63.0,44.0
1784617723.239160,391.061,1980,3201,86.0,63.0,44.0
1784617723.248878,391.061,1980,3201,86.0,63.0,44.0
1784617723.258879,391.061,1980,3201,86.0,63.0,44.0
1784617723.268878,389.178,1980,3201,86.0,63.0,44.0
1784617723.278878,389.178,1980,3201,86.0,63.0,44.0
1784617723.288877,389.178,1980,3201,86.0,63.0,44.0
1784617723.298878,389.178,1980,3201,86.0,63.0,44.0
1784617723.308913,389.178,1980,3201,86.0,63.0,44.0
1784617723.318883,389.178,1980,3201,86.0,63.0,44.0
1784617723.328882,389.178,1980,3201,86.0,63.0,44.0
1784617723.338882,389.178,1980,3201,86.0,63.0,44.0
1784617723.348882,389.178,1980,3201,86.0,63.0,44.0
1784617723.358882,389.178,1980,3201,86.0,63.0,44.0
1784617723.368883,387.122,1980,3201,86.0,63.0,44.0
1784617723.379091,387.122,1980,3201,86.0,63.0,44.0
1784617723.388892,387.122,1980,3201,86.0,63.0,44.0
1784617723.398880,387.122,1980,3201,86.0,63.0,44.0
1784617723.408877,387.122,1980,3201,86.0,63.0,44.0
1784617723.418882,387.122,1980,3201,86.0,63.0,44.0
1784617723.428880,387.122,1980,3201,86.0,63.0,44.0
1784617723.438883,387.122,1980,3201,86.0,63.0,44.0
1784617723.448891,387.122,1980,3201,86.0,63.0,44.0
1784617723.458879,387.122,1980,3201,86.0,63.0,44.0
1784617723.468883,385.240,1980,3201,86.0,63.0,44.0
1784617723.478882,385.240,1980,3201,86.0,63.0,44.0
1784617723.488877,385.240,1980,3201,86.0,63.0,44.0
1784617723.498893,385.240,1980,3201,86.0,63.0,44.0
1784617723.508883,385.240,1980,3201,86.0,63.0,44.0
1784617723.518879,385.240,1980,3201,86.0,63.0,44.0
1784617723.528882,385.240,1980,3201,86.0,63.0,44.0
1784617723.538883,385.240,1980,3201,86.0,63.0,44.0
1784617723.548880,385.240,1980,3201,86.0,63.0,44.0
1784617723.558893,385.240,1980,3201,86.0,63.0,44.0
1784617723.568882,383.088,1980,3201,86.0,63.0,44.0
1784617723.578881,383.088,1980,3201,86.0,63.0,44.0
1784617723.588882,383.088,1980,3201,86.0,63.0,44.0
1784617723.598882,383.088,1980,3201,86.0,63.0,44.0
1784617723.608879,383.088,1980,3201,86.0,63.0,44.0
1784617723.618883,383.088,1980,3201,86.0,63.0,44.0
1784617723.628883,383.088,1980,3201,86.0,63.0,44.0
1784617723.638881,383.088,1980,3201,86.0,63.0,44.0
1784617723.648883,383.088,1980,3201,86.0,63.0,44.0
1784617723.658883,383.088,1980,3201,86.0,63.0,44.0
1784617723.668880,383.249,1980,3201,86.0,63.0,44.0
1784617723.678891,383.249,1980,3201,86.0,63.0,44.0
1784617723.688882,383.249,1980,3201,86.0,63.0,44.0
1784617723.698897,383.249,1980,3201,86.0,63.0,44.0
1784617723.708884,383.249,1980,3201,86.0,63.0,45.0
1784617723.718883,383.249,1980,3201,86.0,63.0,45.0
1784617723.728871,383.249,1980,3201,86.0,63.0,45.0
1784617723.738883,383.249,1980,3201,86.0,63.0,45.0
1784617723.748882,383.249,1980,3201,86.0,63.0,45.0
1784617723.758881,383.249,1980,3201,86.0,63.0,45.0
1784617723.768883,381.380,1980,3201,86.0,63.0,45.0
1784617723.778879,381.380,1980,3201,86.0,63.0,45.0
1784617723.788883,381.380,1980,3201,86.0,62.0,45.0
1784617723.798882,381.380,1980,3201,86.0,62.0,45.0
1784617723.808880,381.380,1980,3201,86.0,62.0,45.0
1784617723.818883,381.380,1980,3201,86.0,62.0,45.0
1784617723.828882,381.380,1980,3201,86.0,62.0,45.0
1784617723.838879,381.380,1980,3201,86.0,62.0,45.0
1784617723.848883,381.380,1980,3201,86.0,62.0,45.0
1784617723.858883,381.380,1980,3201,86.0,62.0,45.0
1784617723.868881,382.310,1980,3201,86.0,62.0,45.0
1784617723.878881,382.310,1980,3201,86.0,62.0,45.0
1784617723.888879,382.310,1980,3201,86.0,62.0,45.0
1784617723.898893,382.310,1980,3201,86.0,62.0,45.0
1784617723.908873,382.310,1980,3201,86.0,62.0,45.0
1784617723.918880,382.310,1980,3201,86.0,62.0,45.0
1784617723.928895,382.310,1980,3201,86.0,62.0,45.0
1784617723.938894,382.310,1980,3201,86.0,62.0,45.0
1784617723.948879,382.310,1980,3201,86.0,62.0,45.0
1784617723.958883,382.310,1980,3201,86.0,62.0,45.0
1784617723.968882,383.350,1980,3201,86.0,62.0,45.0
1784617723.978873,383.350,1980,3201,86.0,62.0,45.0
1784617723.988874,383.350,1980,3201,85.0,62.0,45.0
1784617723.998883,383.350,1980,3201,85.0,62.0,45.0
1784617724.008883,383.350,1980,3201,85.0,62.0,45.0
1784617724.018872,383.350,1980,3201,85.0,62.0,45.0
1784617724.028883,383.350,1980,3201,85.0,62.0,45.0
1784617724.038875,383.350,1980,3201,85.0,62.0,45.0
1784617724.048881,383.350,1980,3201,85.0,62.0,45.0
1784617724.058883,383.350,1980,3201,85.0,62.0,45.0
1784617724.068879,384.394,1980,3201,85.0,62.0,45.0
1784617724.078883,384.394,1980,3201,85.0,62.0,45.0
1784617724.088881,384.394,1980,3201,85.0,62.0,45.0
1784617724.098880,384.394,1980,3201,85.0,62.0,45.0
1784617724.108883,384.394,1980,3201,85.0,62.0,45.0
1784617724.118883,384.394,1980,3201,85.0,62.0,45.0
1784617724.129131,384.394,1980,3201,85.0,62.0,45.0
1784617724.138894,384.394,1980,3201,85.0,62.0,45.0
1784617724.148880,384.394,1980,3201,85.0,62.0,45.0
1784617724.158883,384.394,1980,3201,85.0,62.0,45.0
1784617724.168882,385.407,1980,3201,85.0,62.0,45.0
1784617724.178881,385.407,1980,3201,85.0,62.0,45.0
1784617724.188884,385.407,1980,3201,86.0,62.0,45.0
1784617724.198882,385.407,1980,3201,86.0,62.0,45.0
1784617724.208955,385.407,1980,3201,86.0,62.0,45.0
1784617724.218893,385.407,1980,3201,86.0,62.0,45.0
1784617724.228883,385.407,1980,3201,86.0,62.0,45.0
1784617724.238877,385.407,1980,3201,86.0,62.0,45.0
1784617724.248883,385.407,1980,3201,86.0,62.0,45.0
1784617724.258882,385.407,1980,3201,86.0,62.0,45.0
1784617724.268894,387.450,1980,3201,86.0,62.0,45.0
1784617724.278883,387.450,1980,3201,86.0,62.0,45.0
1784617724.288883,387.450,1980,3201,86.0,62.0,45.0
1784617724.298877,387.450,1980,3201,86.0,62.0,45.0
1784617724.308900,387.450,1980,3201,86.0,62.0,45.0
1784617724.318897,387.450,1980,3201,86.0,62.0,45.0
1784617724.329429,387.450,1980,3201,86.0,62.0,45.0
1784617724.338934,387.450,1980,3201,86.0,62.0,45.0
1784617724.349137,387.450,1980,3201,86.0,62.0,45.0
1784617724.358897,387.450,1980,3201,86.0,62.0,45.0
1784617724.368906,387.009,1980,3201,86.0,62.0,45.0
1784617724.378898,387.009,1980,3201,86.0,62.0,45.0
1784617724.388892,387.009,1980,3201,81.0,59.0,45.0
1784617724.399356,387.009,1980,3201,81.0,59.0,45.0
1784617724.408895,387.009,1980,3201,81.0,59.0,45.0
1784617724.418938,387.009,1980,3201,81.0,59.0,45.0
1784617724.428932,387.009,1980,3201,81.0,59.0,45.0
1784617724.438895,387.009,1980,3201,81.0,59.0,45.0
1784617724.449081,387.009,1980,3201,81.0,59.0,45.0
1784617724.458896,387.009,1980,3201,81.0,59.0,45.0
1784617724.468894,388.584,1980,3201,81.0,59.0,45.0
1784617724.478894,388.584,1980,3201,81.0,59.0,45.0
1784617724.488905,388.584,1980,3201,81.0,59.0,45.0
1784617724.499286,388.584,1980,3201,81.0,59.0,45.0
1784617724.508894,388.584,1980,3201,81.0,59.0,45.0
1784617724.518904,388.584,1980,3201,81.0,59.0,45.0
1784617724.528894,388.584,1980,3201,81.0,59.0,45.0
1784617724.538894,388.584,1980,3201,81.0,59.0,45.0
1784617724.548895,388.584,1980,3201,81.0,59.0,45.0
1784617724.558915,388.584,1980,3201,81.0,59.0,45.0
1784617724.568882,388.851,1980,3201,81.0,59.0,45.0
1784617724.578878,388.851,1980,3201,81.0,59.0,45.0
1784617724.588882,388.851,1980,3201,84.0,61.0,45.0
1784617724.598880,388.851,1980,3201,84.0,61.0,45.0
1784617724.608893,388.851,1980,3201,84.0,61.0,45.0
1784617724.619214,388.851,1980,3201,84.0,61.0,45.0
1784617724.628894,388.851,1980,3201,84.0,61.0,45.0
1784617724.638904,388.851,1980,3201,84.0,61.0,45.0
1784617724.648982,388.851,1980,3201,84.0,61.0,45.0
1784617724.658926,388.851,1980,3201,84.0,61.0,45.0
1784617724.668896,387.720,1980,3201,84.0,61.0,45.0
1784617724.678933,387.720,1980,3201,84.0,61.0,45.0
1784617724.688896,387.720,1980,3201,84.0,61.0,45.0
1784617724.699125,387.720,1980,3201,84.0,61.0,45.0
1784617724.708894,387.720,1980,3201,84.0,61.0,45.0
1784617724.718894,387.720,1980,3201,84.0,61.0,45.0
1784617724.728895,387.720,1980,3201,84.0,61.0,45.0
1784617724.738895,387.720,1980,3201,84.0,61.0,45.0
1784617724.748894,387.720,1980,3201,84.0,61.0,45.0
1784617724.758895,387.720,1980,3201,84.0,61.0,45.0
1784617724.768923,388.214,1980,3201,84.0,61.0,45.0
1784617724.778924,388.214,1980,3201,84.0,61.0,45.0
1784617724.788895,388.214,1980,3201,84.0,60.0,45.0
1784617724.798894,388.214,1980,3201,84.0,60.0,45.0
1784617724.808894,388.214,1980,3201,84.0,60.0,45.0
1784617724.818908,388.214,1980,3201,84.0,60.0,45.0
1784617724.828895,388.214,1980,3201,84.0,60.0,45.0
1784617724.838895,388.214,1980,3201,84.0,60.0,45.0
1784617724.849096,388.214,1980,3201,84.0,60.0,45.0
1784617724.858917,388.214,1980,3201,84.0,60.0,45.0
1784617724.868894,387.392,1980,3201,84.0,60.0,45.0
1784617724.878883,387.392,1980,3201,84.0,60.0,45.0
1784617724.888895,387.392,1980,3201,84.0,60.0,45.0
1784617724.898894,387.392,1980,3201,84.0,60.0,45.0
1784617724.908882,387.392,1980,3201,84.0,60.0,45.0
1784617724.918901,387.392,1980,3201,84.0,60.0,45.0
1784617724.928894,387.392,1980,3201,84.0,60.0,45.0
1784617724.938896,387.392,1980,3201,84.0,60.0,45.0
1784617724.948914,387.392,1980,3201,84.0,60.0,45.0
1784617724.958894,387.392,1980,3201,84.0,60.0,45.0
1784617724.968895,386.702,1980,3201,84.0,60.0,45.0
1784617724.978897,386.702,1980,3201,84.0,60.0,45.0
1784617724.988894,386.702,1980,3201,83.0,60.0,45.0
1784617724.998894,386.702,1980,3201,83.0,60.0,45.0
1784617725.008897,386.702,1980,3201,83.0,60.0,45.0
1784617725.019127,386.702,1980,3201,83.0,60.0,45.0
1784617725.028895,386.702,1980,3201,83.0,60.0,45.0
1784617725.038877,386.702,1980,3201,83.0,60.0,45.0
1784617725.048895,386.702,1980,3201,83.0,60.0,45.0
1784617725.058896,386.702,1980,3201,83.0,60.0,45.0
1784617725.068904,386.890,1980,3201,83.0,60.0,45.0
1784617725.078897,386.890,1980,3201,83.0,60.0,45.0
1784617725.088892,386.890,1980,3201,83.0,60.0,45.0
1784617725.098894,386.890,1980,3201,83.0,60.0,45.0
1784617725.108894,386.890,1980,3201,83.0,60.0,45.0
1784617725.118878,386.890,1980,3201,83.0,60.0,45.0
1784617725.128898,386.890,1980,3201,83.0,60.0,45.0
1784617725.138896,386.890,1980,3201,83.0,60.0,45.0
1784617725.148898,386.890,1980,3201,83.0,60.0,45.0
1784617725.158898,386.890,1980,3201,83.0,60.0,45.0
1784617725.168879,386.561,1980,3201,83.0,60.0,45.0
1784617725.178897,386.561,1980,3201,83.0,60.0,45.0
1784617725.188895,386.561,1980,3201,83.0,61.0,45.0
1784617725.199315,386.561,1980,3201,83.0,61.0,45.0
1784617725.208895,386.561,1980,3201,83.0,61.0,45.0
1784617725.218939,386.561,1980,3201,83.0,61.0,45.0
1784617725.228898,386.561,1980,3201,83.0,61.0,45.0
1784617725.238895,386.561,1980,3201,83.0,61.0,45.0
1784617725.248897,386.561,1980,3201,83.0,61.0,45.0
1784617725.258893,386.561,1980,3201,83.0,61.0,45.0
1784617725.268894,386.005,1980,3201,83.0,61.0,45.0
1784617725.278893,386.005,1980,3201,83.0,61.0,45.0
1784617725.288938,386.005,1980,3201,83.0,61.0,45.0
1784617725.298901,386.005,1980,3201,83.0,61.0,45.0
1784617725.308894,386.005,1980,3201,83.0,61.0,45.0
1784617725.318883,386.005,1980,3201,83.0,61.0,45.0
1784617725.329339,386.005,1980,3201,83.0,61.0,45.0
1784617725.338937,386.005,1980,3201,83.0,61.0,45.0
1784617725.348897,386.005,1980,3201,83.0,61.0,45.0
1784617725.358895,386.005,1980,3201,83.0,61.0,45.0
1784617725.368896,385.986,1980,3201,83.0,61.0,45.0
1784617725.379370,385.986,1980,3201,83.0,61.0,45.0
1784617725.388894,385.986,1980,3201,85.0,62.0,45.0
1784617725.398930,385.986,1980,3201,85.0,62.0,45.0
1784617725.408893,385.986,1980,3201,85.0,62.0,45.0
1784617725.418895,385.986,1980,3201,85.0,62.0,45.0
1784617725.429187,385.986,1980,3201,85.0,62.0,45.0
1784617725.438895,385.986,1980,3201,85.0,62.0,45.0
1784617725.448895,385.986,1980,3201,85.0,62.0,45.0
1784617725.458894,385.986,1980,3201,85.0,62.0,45.0
1784617725.468895,385.782,1980,3201,85.0,62.0,45.0
1784617725.479228,385.782,1980,3201,85.0,62.0,45.0
1784617725.488896,385.782,1980,3201,85.0,62.0,45.0
1784617725.498912,385.782,1980,3201,85.0,62.0,45.0
1784617725.508925,385.782,1980,3201,85.0,62.0,45.0
1784617725.518897,385.782,1980,3201,85.0,62.0,45.0
1784617725.528903,385.782,1980,3201,85.0,62.0,45.0
1784617725.538895,385.782,1980,3201,85.0,62.0,45.0
1784617725.548875,385.782,1980,3201,85.0,62.0,45.0
1784617725.558895,385.782,1980,3201,85.0,62.0,45.0
1784617725.568895,386.940,1980,3201,85.0,62.0,45.0
1784617725.578899,386.940,1980,3201,85.0,62.0,45.0
1784617725.588894,386.940,1980,3201,83.0,60.0,45.0
1784617725.598875,386.940,1980,3201,83.0,60.0,45.0
1784617725.608894,386.940,1980,3201,83.0,60.0,45.0
1784617725.618894,386.940,1980,3201,83.0,60.0,45.0
1784617725.628881,386.940,1980,3201,83.0,60.0,45.0
1784617725.638891,386.940,1980,3201,83.0,60.0,45.0
1784617725.648892,386.940,1980,3201,83.0,60.0,45.0
1784617725.658889,386.940,1980,3201,83.0,60.0,45.0
1784617725.668873,388.049,1980,3201,83.0,60.0,45.0
1784617725.678874,388.049,1980,3201,83.0,60.0,45.0
1784617725.688892,388.049,1980,3201,83.0,60.0,45.0
1784617725.698895,388.049,1980,3201,83.0,60.0,45.0
1784617725.708928,388.049,1980,3201,83.0,60.0,45.0
1784617725.718892,388.049,1980,3201,83.0,60.0,45.0
1784617725.728873,388.049,1980,3201,83.0,60.0,45.0
1784617725.738892,388.049,1980,3201,83.0,60.0,45.0
1784617725.748898,388.049,1980,3201,83.0,60.0,45.0
1784617725.758876,388.049,1980,3201,83.0,60.0,45.0
1784617725.768893,386.438,1980,3201,83.0,60.0,45.0
1784617725.778893,386.438,1980,3201,83.0,60.0,45.0
1784617725.788894,386.438,1980,3201,84.0,61.0,45.0
1784617725.798893,386.438,1980,3201,84.0,61.0,45.0
1784617725.808917,386.438,1980,3201,84.0,61.0,45.0
1784617725.818893,386.438,1980,3201,84.0,61.0,45.0
1784617725.828893,386.438,1980,3201,84.0,61.0,45.0
1784617725.838892,386.438,1980,3201,84.0,61.0,45.0
1784617725.848893,386.438,1980,3201,84.0,61.0,45.0
1784617725.858894,386.438,1980,3201,84.0,61.0,45.0
1784617725.868905,386.527,1980,3201,84.0,61.0,45.0
1784617725.878892,386.527,1980,3201,84.0,61.0,45.0
1784617725.888891,386.527,1980,3201,84.0,61.0,45.0
1784617725.898875,386.527,1980,3201,84.0,61.0,45.0
1784617725.908874,386.527,1980,3201,84.0,61.0,45.0
1784617725.918875,386.527,1980,3201,84.0,61.0,45.0
1784617725.928871,386.527,1980,3201,84.0,61.0,45.0
1784617725.939064,386.527,1980,3201,84.0,61.0,45.0
1784617725.948874,386.527,1980,3201,84.0,61.0,45.0
1784617725.958870,386.527,1980,3201,84.0,61.0,45.0
1784617725.968873,385.519,1980,3201,84.0,61.0,45.0
1784617725.978872,385.519,1980,3201,84.0,61.0,45.0
1784617725.988871,385.519,1980,3201,84.0,61.0,45.0
1784617725.998874,385.519,1980,3201,84.0,61.0,45.0
1784617726.008874,385.519,1980,3201,84.0,61.0,45.0
1784617726.018875,385.519,1980,3201,84.0,61.0,45.0
1784617726.028875,385.519,1980,3201,84.0,61.0,45.0
1784617726.038877,385.519,1980,3201,84.0,61.0,45.0
1784617726.048893,385.519,1980,3201,84.0,61.0,45.0
1784617726.058894,385.519,1980,3201,84.0,61.0,45.0
1784617726.068926,384.582,1980,3201,84.0,61.0,45.0
1784617726.078897,384.582,1980,3201,84.0,61.0,45.0
1784617726.088872,384.582,1980,3201,84.0,61.0,45.0
1784617726.098894,384.582,1980,3201,84.0,61.0,45.0
1784617726.108894,384.582,1980,3201,84.0,61.0,45.0
1784617726.118893,384.582,1980,3201,84.0,61.0,45.0
1784617726.128896,384.582,1980,3201,84.0,61.0,45.0
1784617726.138902,384.582,1980,3201,84.0,61.0,45.0
1784617726.148899,384.582,1980,3201,84.0,61.0,45.0
1784617726.158895,384.582,1980,3201,84.0,61.0,45.0
1784617726.168879,384.725,1980,3201,84.0,61.0,45.0
1784617726.178931,384.725,1980,3201,84.0,61.0,45.0
1784617726.188881,384.725,1980,3201,84.0,61.0,45.0
1784617726.198879,384.725,1980,3201,84.0,61.0,45.0
1784617726.208895,384.725,1980,3201,84.0,61.0,45.0
1784617726.218910,384.725,1980,3201,84.0,61.0,45.0
1784617726.228884,384.725,1980,3201,84.0,61.0,45.0
1784617726.238894,384.725,1980,3201,84.0,61.0,45.0
1784617726.248878,384.725,1980,3201,84.0,61.0,45.0
1784617726.258903,384.725,1980,3201,84.0,61.0,45.0
1784617726.268897,383.686,1980,3201,84.0,61.0,45.0
1784617726.278879,383.686,1980,3201,84.0,61.0,45.0
1784617726.288893,383.686,1980,3201,84.0,61.0,45.0
1784617726.298897,383.686,1980,3201,84.0,61.0,45.0
1784617726.308894,383.686,1980,3201,84.0,61.0,45.0
1784617726.318894,383.686,1980,3201,84.0,61.0,45.0
1784617726.329269,383.686,1980,3201,84.0,61.0,45.0
1784617726.338894,383.686,1980,3201,84.0,61.0,45.0
1784617726.348895,383.686,1980,3201,84.0,61.0,45.0
1784617726.358893,383.686,1980,3201,84.0,61.0,45.0
1784617726.368896,383.687,1980,3201,84.0,61.0,45.0
1784617726.379321,383.687,1980,3201,84.0,61.0,45.0
1784617726.388894,383.687,1980,3201,84.0,61.0,45.0
1784617726.398893,383.687,1980,3201,84.0,61.0,45.0
1784617726.408893,383.687,1980,3201,84.0,61.0,45.0
1784617726.418896,383.687,1980,3201,84.0,61.0,45.0
1784617726.428892,383.687,1980,3201,84.0,61.0,45.0
1784617726.438896,383.687,1980,3201,84.0,61.0,45.0
1784617726.448893,383.687,1980,3201,84.0,61.0,45.0
1784617726.458893,383.687,1980,3201,84.0,61.0,45.0
1784617726.468897,382.460,1980,3201,84.0,61.0,45.0
1784617726.478894,382.460,1980,3201,84.0,61.0,45.0
1784617726.488893,382.460,1980,3201,84.0,61.0,45.0
1784617726.498893,382.460,1980,3201,84.0,61.0,45.0
1784617726.508895,382.460,1980,3201,84.0,61.0,45.0
1784617726.518895,382.460,1980,3201,84.0,61.0,45.0
1784617726.528902,382.460,1980,3201,84.0,61.0,45.0
1784617726.538893,382.460,1980,3201,84.0,61.0,45.0
1784617726.548893,382.460,1980,3201,84.0,61.0,45.0
1784617726.558895,382.460,1980,3201,84.0,61.0,45.0
1784617726.568893,381.918,1980,3201,84.0,61.0,45.0
1784617726.578894,381.918,1980,3201,84.0,61.0,45.0
1784617726.588897,381.918,1980,3201,84.0,61.0,45.0
1784617726.598892,381.918,1980,3201,84.0,61.0,45.0
1784617726.608895,381.918,1980,3201,84.0,61.0,45.0
1784617726.618901,381.918,1980,3201,84.0,61.0,45.0
1784617726.628903,381.918,1980,3201,84.0,61.0,45.0
1784617726.638894,381.918,1980,3201,84.0,61.0,45.0
1784617726.648893,381.918,1980,3201,84.0,61.0,45.0
1784617726.658895,381.918,1980,3201,84.0,61.0,45.0
1784617726.669075,382.648,1980,3201,84.0,61.0,45.0
1784617726.678894,382.648,1980,3201,84.0,61.0,45.0
1784617726.688894,382.648,1980,3201,84.0,61.0,45.0
1784617726.698893,382.648,1980,3201,84.0,61.0,45.0
1784617726.708877,382.648,1980,3201,84.0,61.0,45.0
1784617726.718878,382.648,1980,3201,84.0,61.0,45.0
1784617726.728878,382.648,1980,3201,84.0,61.0,45.0
1784617726.738879,382.648,1980,3201,84.0,61.0,45.0
1784617726.748893,382.648,1980,3201,84.0,61.0,45.0
1784617726.758895,382.648,1980,3201,84.0,61.0,45.0
1784617726.768894,383.420,1980,3201,84.0,61.0,45.0
1784617726.778895,383.420,1980,3201,84.0,61.0,45.0
1784617726.788878,383.420,1980,3201,83.0,61.0,45.0
1784617726.798893,383.420,1980,3201,83.0,61.0,45.0
1784617726.808892,383.420,1980,3201,83.0,61.0,45.0
1784617726.818892,383.420,1980,3201,83.0,61.0,45.0
1784617726.828894,383.420,1980,3201,83.0,61.0,45.0
1784617726.839065,383.420,1980,3201,83.0,61.0,45.0
1784617726.848894,383.420,1980,3201,83.0,61.0,45.0
1784617726.858893,383.420,1980,3201,83.0,61.0,45.0
1784617726.868892,383.041,1980,3201,83.0,61.0,45.0
1784617726.878909,383.041,1980,3201,83.0,61.0,45.0
1784617726.888893,383.041,1980,3201,83.0,61.0,45.0
1784617726.898880,383.041,1980,3201,83.0,61.0,45.0
1784617726.908895,383.041,1980,3201,83.0,61.0,45.0
1784617726.918893,383.041,1980,3201,83.0,61.0,45.0
1784617726.928898,383.041,1980,3201,83.0,61.0,45.0
1784617726.938895,383.041,1980,3201,83.0,61.0,45.0
1784617726.949070,383.041,1980,3201,83.0,61.0,45.0
1784617726.958893,383.041,1980,3201,83.0,61.0,45.0
1784617726.968895,384.474,1980,3201,83.0,61.0,45.0
1784617726.978895,384.474,1980,3201,83.0,61.0,45.0
1784617726.988895,384.474,1980,3201,80.0,59.0,45.0
1784617726.998878,384.474,1980,3201,80.0,59.0,45.0
1784617727.008895,384.474,1980,3201,80.0,59.0,45.0
1784617727.018898,384.474,1980,3201,80.0,59.0,45.0
1784617727.028894,384.474,1980,3201,80.0,59.0,45.0
1784617727.038878,384.474,1980,3201,80.0,59.0,45.0
1784617727.049062,384.474,1980,3201,80.0,59.0,45.0
1784617727.058899,384.474,1980,3201,80.0,59.0,45.0
1784617727.068892,384.620,1980,3201,80.0,59.0,45.0
1784617727.078896,384.620,1980,3201,80.0,59.0,45.0
1784617727.088895,384.620,1980,3201,80.0,59.0,45.0
1784617727.099062,384.620,1980,3201,80.0,59.0,45.0
1784617727.108895,384.620,1980,3201,80.0,59.0,45.0
1784617727.118892,384.620,1980,3201,80.0,59.0,45.0
1784617727.128895,384.620,1980,3201,80.0,59.0,45.0
1784617727.138896,384.620,1980,3201,80.0,59.0,45.0
1784617727.148879,384.620,1980,3201,80.0,59.0,45.0
1784617727.158895,384.620,1980,3201,80.0,59.0,45.0
1784617727.168892,384.291,1980,3201,80.0,59.0,45.0
1784617727.178894,384.291,1980,3201,80.0,59.0,45.0
1784617727.188927,384.291,1980,3201,83.0,61.0,45.0
1784617727.199104,384.291,1980,3201,83.0,61.0,45.0
1784617727.208895,384.291,1980,3201,83.0,61.0,45.0
1784617727.218891,384.291,1980,3201,83.0,61.0,45.0
1784617727.228934,384.291,1980,3201,83.0,61.0,45.0
1784617727.238896,384.291,1980,3201,83.0,61.0,45.0
1784617727.249116,384.291,1980,3201,83.0,61.0,45.0
1784617727.258895,384.291,1980,3201,83.0,61.0,45.0
1784617727.268897,384.811,1980,3201,83.0,61.0,45.0
1784617727.278895,384.811,1980,3201,83.0,61.0,45.0
1784617727.288894,384.811,1980,3201,83.0,61.0,45.0
1784617727.298892,384.811,1980,3201,83.0,61.0,45.0
1784617727.308894,384.811,1980,3201,83.0,61.0,45.0
1784617727.318931,384.811,1980,3201,83.0,61.0,45.0
1784617727.328877,384.811,1980,3201,83.0,61.0,45.0
1784617727.338896,384.811,1980,3201,83.0,61.0,45.0
1784617727.348894,384.811,1980,3201,83.0,61.0,45.0
1784617727.358877,384.811,1980,3201,83.0,61.0,45.0
1784617727.368895,387.122,1980,3201,83.0,61.0,45.0
1784617727.378893,387.122,1980,3201,83.0,61.0,45.0
1784617727.389082,387.122,1980,3201,86.0,62.0,45.0
1784617727.398895,387.122,1980,3201,86.0,62.0,45.0
1784617727.408908,387.122,1980,3201,86.0,62.0,45.0
1784617727.418894,387.122,1980,3201,86.0,62.0,45.0
1784617727.428893,387.122,1980,3201,86.0,62.0,45.0
1784617727.438921,387.122,1980,3201,86.0,62.0,45.0
1784617727.448894,387.122,1980,3201,86.0,62.0,45.0
1784617727.458939,387.122,1980,3201,86.0,62.0,45.0
1784617727.468873,388.961,1980,3201,86.0,62.0,45.0
1784617727.478878,388.961,1980,3201,86.0,62.0,45.0
1784617727.488877,388.961,1980,3201,86.0,62.0,45.0
1784617727.498875,388.961,1980,3201,86.0,62.0,45.0
1784617727.508898,388.961,1980,3201,86.0,62.0,45.0
1784617727.518895,388.961,1980,3201,86.0,62.0,45.0
1784617727.528914,388.961,1980,3201,86.0,62.0,45.0
1784617727.538880,388.961,1980,3201,86.0,62.0,45.0
1784617727.548877,388.961,1980,3201,86.0,62.0,45.0
1784617727.558878,388.961,1980,3201,86.0,62.0,45.0
1784617727.568879,389.139,1980,3201,86.0,62.0,45.0
1784617727.578874,389.139,1980,3201,86.0,62.0,45.0
1784617727.588877,389.139,1980,3201,86.0,63.0,45.0
1784617727.598878,389.139,1980,3201,86.0,63.0,45.0
1784617727.608875,389.139,1980,3201,86.0,63.0,45.0
1784617727.618877,389.139,1980,3201,86.0,63.0,45.0
1784617727.628878,389.139,1980,3201,86.0,63.0,45.0
1784617727.638992,389.139,1980,3201,86.0,63.0,45.0
1784617727.648935,389.139,1980,3201,86.0,63.0,45.0
1784617727.658928,389.139,1980,3201,86.0,63.0,45.0
1784617727.668876,391.124,1980,3201,86.0,63.0,45.0
1784617727.678896,391.124,1980,3201,86.0,63.0,45.0
1784617727.688895,391.124,1980,3201,86.0,63.0,45.0
1784617727.698894,391.124,1980,3201,86.0,63.0,45.0
1784617727.708896,391.124,1980,3201,86.0,63.0,45.0
1784617727.718881,391.124,1980,3201,86.0,63.0,45.0
1784617727.728895,391.124,1980,3201,86.0,63.0,45.0
1784617727.738899,391.124,1980,3201,86.0,63.0,45.0
1784617727.748882,391.124,1980,3201,86.0,63.0,45.0
1784617727.758897,391.124,1980,3201,86.0,63.0,45.0
1784617727.768895,392.201,1980,3201,86.0,63.0,45.0
1784617727.779266,392.201,1980,3201,86.0,63.0,45.0
1784617727.788895,392.201,1980,3201,85.0,62.0,45.0
1784617727.798896,392.201,1980,3201,85.0,62.0,45.0
1784617727.808880,392.201,1980,3201,85.0,62.0,46.0
1784617727.818896,392.201,1980,3201,85.0,62.0,46.0
1784617727.828894,392.201,1980,3201,85.0,62.0,46.0
1784617727.838894,392.201,1980,3201,85.0,62.0,46.0
1784617727.848897,392.201,1980,3201,85.0,62.0,46.0
1784617727.858909,392.201,1980,3201,85.0,62.0,46.0
1784617727.868895,395.584,1980,3201,85.0,62.0,46.0
1784617727.878894,395.584,1980,3201,85.0,62.0,46.0
1784617727.888880,395.584,1980,3201,85.0,62.0,46.0
1784617727.898895,395.584,1980,3201,85.0,62.0,46.0
1784617727.908895,395.584,1980,3201,85.0,62.0,45.0
1784617727.918903,395.584,1980,3201,85.0,62.0,45.0
1784617727.928894,395.584,1980,3201,85.0,62.0,45.0
1784617727.938872,395.584,1980,3201,85.0,62.0,45.0
1784617727.948895,395.584,1980,3201,85.0,62.0,45.0
1784617727.958893,395.584,1980,3201,85.0,62.0,45.0
1784617727.968913,397.191,1980,3201,85.0,62.0,45.0
1784617727.978894,397.191,1980,3201,85.0,62.0,45.0
1784617727.988894,397.191,1980,3201,85.0,62.0,45.0
1784617727.998895,397.191,1980,3201,85.0,62.0,45.0
1784617728.008901,397.191,1980,3201,85.0,62.0,45.0
1784617728.018871,397.191,1980,3201,85.0,62.0,45.0
1784617728.028893,397.191,1980,3201,85.0,62.0,45.0
1784617728.038894,397.191,1980,3201,85.0,62.0,45.0
1784617728.048871,397.191,1980,3201,85.0,62.0,45.0
1784617728.058893,397.191,1980,3201,85.0,62.0,45.0
1784617728.068893,397.950,1980,3201,85.0,62.0,45.0
1784617728.078905,397.950,1980,3201,85.0,62.0,45.0
1784617728.088892,397.950,1980,3201,85.0,62.0,45.0
1784617728.098923,397.950,1980,3201,85.0,62.0,45.0
1784617728.108871,397.950,1980,3201,85.0,62.0,45.0
1784617728.118908,397.950,1980,3201,85.0,62.0,45.0
1784617728.128893,397.950,1980,3201,85.0,62.0,45.0
1784617728.138897,397.950,1980,3201,85.0,62.0,45.0
1784617728.148894,397.950,1980,3201,85.0,62.0,45.0
1784617728.158891,397.950,1980,3201,85.0,62.0,45.0
1784617728.168894,399.101,1980,3201,85.0,62.0,45.0
1784617728.178943,399.101,1980,3201,85.0,62.0,45.0
1784617728.189109,399.101,1980,3201,86.0,63.0,45.0
1784617728.198884,399.101,1980,3201,86.0,63.0,45.0
1784617728.208874,399.101,1980,3201,86.0,63.0,45.0
1784617728.218897,399.101,1980,3201,86.0,63.0,45.0
1784617728.228910,399.101,1980,3201,86.0,63.0,45.0
1784617728.238873,399.101,1980,3201,86.0,63.0,45.0
1784617728.248891,399.101,1980,3201,86.0,63.0,45.0
1784617728.258894,399.101,1980,3201,86.0,63.0,45.0
1784617728.269092,397.680,1980,3201,86.0,63.0,45.0
1784617728.278894,397.680,1980,3201,86.0,63.0,45.0
1784617728.288894,397.680,1980,3201,86.0,63.0,45.0
1784617728.299115,397.680,1980,3201,86.0,63.0,45.0
1784617728.308882,397.680,1980,3201,86.0,63.0,45.0
1784617728.318873,397.680,1980,3201,86.0,63.0,45.0
1784617728.329100,397.680,1980,3201,86.0,63.0,45.0
1784617728.338882,397.680,1980,3201,86.0,63.0,45.0
1784617728.348904,397.680,1980,3201,86.0,63.0,45.0
1784617728.358918,397.680,1980,3201,86.0,63.0,45.0
1784617728.368895,396.182,1980,3201,86.0,63.0,45.0
1784617728.378880,396.182,1980,3201,86.0,63.0,45.0
1784617728.389122,396.182,1980,3201,86.0,63.0,45.0
1784617728.398896,396.182,1980,3201,86.0,63.0,45.0
1784617728.408894,396.182,1980,3201,86.0,63.0,45.0
1784617728.419047,396.182,1980,3201,86.0,63.0,45.0
1784617728.428897,396.182,1980,3201,86.0,63.0,45.0
1784617728.438882,396.182,1980,3201,86.0,63.0,45.0
1784617728.448937,396.182,1980,3201,86.0,63.0,45.0
1784617728.458894,396.182,1980,3201,86.0,63.0,45.0
1784617728.468894,393.726,1980,3201,86.0,63.0,45.0
1784617728.478875,393.726,1980,3201,86.0,63.0,45.0
1784617728.488899,393.726,1980,3201,86.0,63.0,45.0
1784617728.498904,393.726,1980,3201,86.0,63.0,45.0
1784617728.508893,393.726,1980,3201,86.0,63.0,44.0
1784617728.518925,393.726,1980,3201,86.0,63.0,44.0
1784617728.528893,393.726,1980,3201,86.0,63.0,44.0
1784617728.538875,393.726,1980,3201,86.0,63.0,44.0
1784617728.548893,393.726,1980,3201,86.0,63.0,44.0
1784617728.558896,393.726,1980,3201,86.0,63.0,44.0
1784617728.568893,391.958,1980,3201,86.0,63.0,44.0
1784617728.578893,391.958,1980,3201,86.0,63.0,44.0
1784617728.588896,391.958,1980,3201,87.0,63.0,44.0
1784617728.598929,391.958,1980,3201,87.0,63.0,44.0
1784617728.608941,391.958,1980,3201,87.0,63.0,44.0
1784617728.618904,391.958,1980,3201,87.0,63.0,44.0
1784617728.628899,391.958,1980,3201,87.0,63.0,44.0
1784617728.638878,391.958,1980,3201,87.0,63.0,44.0
1784617728.648904,391.958,1980,3201,87.0,63.0,44.0
1784617728.658892,391.958,1980,3201,87.0,63.0,44.0
1784617728.669148,391.958,1980,3201,87.0,63.0,44.0
1784617728.678895,390.254,1980,3201,87.0,63.0,44.0
1784617728.688895,390.254,1980,3201,87.0,63.0,44.0
1784617728.699140,390.254,1980,3201,87.0,63.0,44.0
1784617728.708894,390.254,1980,3201,87.0,63.0,44.0
1784617728.718895,390.254,1980,3201,87.0,63.0,44.0
1784617728.729132,390.254,1980,3201,87.0,63.0,44.0
1784617728.738882,390.254,1980,3201,87.0,63.0,44.0
1784617728.748895,390.254,1980,3201,87.0,63.0,44.0
1784617728.758874,390.254,1980,3201,87.0,63.0,44.0
1784617728.768878,390.254,1980,3201,87.0,63.0,44.0
1784617728.778878,388.861,1980,3201,87.0,63.0,44.0
1784617728.789065,388.861,1980,3201,87.0,63.0,44.0
1784617728.798881,388.861,1980,3201,86.0,63.0,44.0
1784617728.808882,388.861,1980,3201,86.0,63.0,44.0
1784617728.818897,388.861,1980,3201,86.0,63.0,45.0
1784617728.828889,388.861,1980,3201,86.0,63.0,45.0
1784617728.838893,388.861,1980,3201,86.0,63.0,45.0
1784617728.848879,388.861,1980,3201,86.0,63.0,45.0
1784617728.858878,388.861,1980,3201,86.0,63.0,45.0
1784617728.868891,388.861,1980,3201,86.0,63.0,45.0
1784617728.878880,385.481,1980,3201,86.0,63.0,45.0
1784617728.888942,385.481,1980,3201,86.0,63.0,45.0
1784617728.898878,385.481,1980,3201,86.0,63.0,45.0
1784617728.908871,385.481,1980,3201,86.0,63.0,45.0
1784617728.918877,385.481,1980,3201,86.0,63.0,45.0
1784617728.928877,385.481,1980,3201,86.0,63.0,45.0
1784617728.938878,385.481,1980,3201,86.0,63.0,45.0
1784617728.948877,385.481,1980,3201,86.0,63.0,45.0
1784617728.958878,385.481,1980,3201,86.0,63.0,45.0
1784617728.968874,385.481,1980,3201,86.0,63.0,45.0
1784617728.978878,383.612,1980,3201,86.0,63.0,45.0
1784617728.988877,383.612,1980,3201,86.0,63.0,45.0
1784617728.998975,383.612,1980,3201,87.0,63.0,45.0
1784617729.008898,383.612,1980,3201,87.0,63.0,45.0
1784617729.018921,383.612,1980,3201,87.0,63.0,44.0
1784617729.028881,383.612,1980,3201,87.0,63.0,44.0
1784617729.038919,383.612,1980,3201,87.0,63.0,44.0
1784617729.048897,383.612,1980,3201,87.0,63.0,44.0
1784617729.058882,383.612,1980,3201,87.0,63.0,44.0
1784617729.068911,383.612,1980,3201,87.0,63.0,44.0
1784617729.078898,382.846,1980,3201,87.0,63.0,44.0
1784617729.088879,382.846,1980,3201,87.0,63.0,44.0
1784617729.098897,382.846,1980,3201,87.0,63.0,44.0
1784617729.108895,382.846,1980,3201,87.0,63.0,44.0
1784617729.118879,382.846,1980,3201,87.0,63.0,45.0
1784617729.128897,382.846,1980,3201,87.0,63.0,45.0
1784617729.138895,382.846,1980,3201,87.0,63.0,45.0
1784617729.148880,382.846,1980,3201,87.0,63.0,45.0
1784617729.158896,382.846,1980,3201,87.0,63.0,45.0
1784617729.168896,382.846,1980,3201,87.0,63.0,45.0
1784617729.179140,380.970,1980,3201,87.0,63.0,45.0
1784617729.188901,380.970,1980,3201,87.0,63.0,45.0
1784617729.198915,380.970,1980,3201,86.0,63.0,45.0
1784617729.208919,380.970,1980,3201,86.0,63.0,45.0
1784617729.218924,380.970,1980,3201,86.0,63.0,44.0
1784617729.228898,380.970,1980,3201,86.0,63.0,44.0
1784617729.239135,380.970,1980,3201,86.0,63.0,44.0
1784617729.248895,380.970,1980,3201,86.0,63.0,44.0
1784617729.258897,380.970,1980,3201,86.0,63.0,44.0
1784617729.268924,380.970,1980,3201,86.0,63.0,44.0
1784617729.278896,381.655,1980,3201,86.0,63.0,44.0
1784617729.288895,381.655,1980,3201,86.0,63.0,44.0
1784617729.298896,381.655,1980,3201,86.0,63.0,44.0
1784617729.308894,381.655,1980,3201,86.0,63.0,44.0
1784617729.318896,381.655,1980,3201,86.0,63.0,44.0
1784617729.328896,381.655,1980,3201,86.0,63.0,44.0
1784617729.338895,381.655,1980,3201,86.0,63.0,44.0
1784617729.348907,381.655,1980,3201,86.0,63.0,44.0
1784617729.358896,381.655,1980,3201,86.0,63.0,44.0
1784617729.368895,381.655,1980,3201,86.0,63.0,44.0
1784617729.378897,381.343,1980,3201,86.0,63.0,44.0
1784617729.388895,381.343,1980,3201,86.0,63.0,44.0
1784617729.398938,381.343,1980,3201,87.0,63.0,44.0
1784617729.408900,381.343,1980,3201,87.0,63.0,44.0
1784617729.418926,381.343,1980,3201,87.0,63.0,44.0
1784617729.428878,381.343,1980,3201,87.0,63.0,44.0
1784617729.438895,381.343,1980,3201,87.0,63.0,44.0
1784617729.448898,381.343,1980,3201,87.0,63.0,44.0
1784617729.458882,381.343,1980,3201,87.0,63.0,44.0
1784617729.468896,381.343,1980,3201,87.0,63.0,44.0
1784617729.478895,381.555,1980,3201,87.0,63.0,44.0
1784617729.489077,381.555,1980,3201,87.0,63.0,44.0
1784617729.498939,381.555,1980,3201,87.0,63.0,44.0
1784617729.508898,381.555,1980,3201,87.0,63.0,44.0
1784617729.518897,381.555,1980,3201,87.0,63.0,44.0
1784617729.528879,381.555,1980,3201,87.0,63.0,44.0
1784617729.538895,381.555,1980,3201,87.0,63.0,44.0
1784617729.548896,381.555,1980,3201,87.0,63.0,44.0
1784617729.558899,381.555,1980,3201,87.0,63.0,44.0
1784617729.568894,381.555,1980,3201,87.0,63.0,44.0
1784617729.578897,381.669,1980,3201,87.0,63.0,44.0
1784617729.588897,381.669,1980,3201,87.0,63.0,44.0
1784617729.598897,381.669,1980,3201,86.0,63.0,44.0
1784617729.608954,381.669,1980,3201,86.0,63.0,44.0
1784617729.618899,381.669,1980,3201,86.0,63.0,45.0
1784617729.628903,381.669,1980,3201,86.0,63.0,45.0
1784617729.638899,381.669,1980,3201,86.0,63.0,45.0
1784617729.648897,381.669,1980,3201,86.0,63.0,45.0
1784617729.658906,381.669,1980,3201,86.0,63.0,45.0
1784617729.668895,381.669,1980,3201,86.0,63.0,45.0
1784617729.678896,382.375,1980,3201,86.0,63.0,45.0
1784617729.688896,382.375,1980,3201,86.0,63.0,45.0
1784617729.698898,382.375,1980,3201,86.0,63.0,45.0
1784617729.708896,382.375,1980,3201,86.0,63.0,45.0
1784617729.718896,382.375,1980,3201,86.0,63.0,45.0
1784617729.728895,382.375,1980,3201,86.0,63.0,45.0
1784617729.738909,382.375,1980,3201,86.0,63.0,45.0
1784617729.748897,382.375,1980,3201,86.0,63.0,45.0
1784617729.758903,382.375,1980,3201,86.0,63.0,45.0
1784617729.768897,382.375,1980,3201,86.0,63.0,45.0
1784617729.778896,381.357,1980,3201,86.0,63.0,45.0
1784617729.789114,381.357,1980,3201,86.0,63.0,45.0
1784617729.798896,381.357,1980,3201,86.0,63.0,45.0
1784617729.808896,381.357,1980,3201,86.0,63.0,45.0
1784617729.819083,381.357,1980,3201,86.0,63.0,44.0
1784617729.828926,381.357,1980,3201,86.0,63.0,44.0
1784617729.838896,381.357,1980,3201,86.0,63.0,44.0
1784617729.849085,381.357,1980,3201,86.0,63.0,44.0
1784617729.858895,381.357,1980,3201,86.0,63.0,44.0
1784617729.868899,381.357,1980,3201,86.0,63.0,44.0
1784617729.879138,381.260,1980,3201,86.0,63.0,44.0
1784617729.888896,381.260,1980,3201,86.0,63.0,44.0
1784617729.898945,381.260,1980,3201,86.0,63.0,44.0
1784617729.908896,381.260,1980,3201,86.0,63.0,44.0
1784617729.918912,381.260,1980,3201,86.0,63.0,44.0
1784617729.928895,381.260,1980,3201,86.0,63.0,44.0
1784617729.938900,381.260,1980,3201,86.0,63.0,44.0
1784617729.948902,381.260,1980,3201,86.0,63.0,44.0
1784617729.958893,381.260,1980,3201,86.0,63.0,44.0
1784617729.968898,381.260,1980,3201,86.0,63.0,44.0
1784617729.978908,380.340,1980,3201,86.0,63.0,44.0
1784617729.988900,380.340,1980,3201,86.0,63.0,44.0
1784617729.998898,380.340,1980,3201,87.0,64.0,44.0
1784617730.008897,380.340,1980,3201,87.0,64.0,44.0
1784617730.018898,380.340,1980,3201,87.0,64.0,44.0
1784617730.028897,380.340,1980,3201,87.0,64.0,44.0
1784617730.038879,380.340,1980,3201,87.0,64.0,44.0
1784617730.048879,380.340,1980,3201,87.0,64.0,44.0
1784617730.058898,380.340,1980,3201,87.0,64.0,44.0
1784617730.069086,380.340,1980,3201,87.0,64.0,44.0
1784617730.078878,379.903,1980,3201,87.0,64.0,44.0
1784617730.088879,379.903,1980,3201,87.0,64.0,44.0
1784617730.098895,379.903,1980,3201,87.0,64.0,44.0
1784617730.108893,379.903,1980,3201,87.0,64.0,44.0
1784617730.118878,379.903,1980,3201,87.0,64.0,44.0
1784617730.128879,379.903,1980,3201,87.0,64.0,44.0
1784617730.138879,379.903,1980,3201,87.0,64.0,44.0
1784617730.148879,379.903,1980,3201,87.0,64.0,44.0
1784617730.158879,379.903,1980,3201,87.0,64.0,44.0
1784617730.168878,379.903,1980,3201,87.0,64.0,44.0
1784617730.178879,379.753,1980,3201,87.0,64.0,44.0
1784617730.188879,379.753,1980,3201,87.0,64.0,44.0
1784617730.198879,379.753,1980,3201,87.0,63.0,44.0
1784617730.208879,379.753,1980,3201,87.0,63.0,44.0
1784617730.218879,379.753,1980,3201,87.0,63.0,44.0
1784617730.228878,379.753,1980,3201,87.0,63.0,44.0
1784617730.238879,379.753,1980,3201,87.0,63.0,44.0
1784617730.248988,379.753,1980,3201,87.0,63.0,44.0
1784617730.258878,379.753,1980,3201,87.0,63.0,44.0
1784617730.268879,379.753,1980,3201,87.0,63.0,44.0
1784617730.278878,379.404,1980,3201,87.0,63.0,44.0
1784617730.288877,379.404,1980,3201,87.0,63.0,44.0
1784617730.298878,379.404,1980,3201,87.0,63.0,44.0
1784617730.308878,379.404,1980,3201,87.0,63.0,44.0
1784617730.319068,379.404,1980,3201,87.0,63.0,44.0
1784617730.328877,379.404,1980,3201,87.0,63.0,44.0
1784617730.338877,379.404,1980,3201,87.0,63.0,44.0
1784617730.349081,379.404,1980,3201,87.0,63.0,44.0
1784617730.358963,379.404,1980,3201,87.0,63.0,44.0
1784617730.368899,379.404,1980,3201,87.0,63.0,44.0
1784617730.378932,379.015,1980,3201,87.0,63.0,44.0
1784617730.388899,379.015,1980,3201,87.0,63.0,44.0
1784617730.398898,379.015,1980,3201,87.0,63.0,44.0
1784617730.408896,379.015,1980,3201,87.0,63.0,44.0
1784617730.418898,379.015,1980,3201,87.0,63.0,44.0
1784617730.428896,379.015,1980,3201,87.0,63.0,44.0
1784617730.438895,379.015,1980,3201,87.0,63.0,44.0
1784617730.449133,379.015,1980,3201,87.0,63.0,44.0
1784617730.458896,379.015,1980,3201,87.0,63.0,44.0
1784617730.468896,379.015,1980,3201,87.0,63.0,44.0
1784617730.478895,378.760,1980,3201,87.0,63.0,44.0
1784617730.488896,378.760,1980,3201,87.0,63.0,44.0
1784617730.498896,378.760,1980,3201,87.0,63.0,44.0
1784617730.508896,378.760,1980,3201,87.0,63.0,44.0
1784617730.518899,378.760,1980,3201,87.0,63.0,44.0
1784617730.528897,378.760,1980,3201,87.0,63.0,44.0
1784617730.538897,378.760,1980,3201,87.0,63.0,44.0
1784617730.548924,378.760,1980,3201,87.0,63.0,44.0
1784617730.558897,378.760,1980,3201,87.0,63.0,44.0
1784617730.568899,378.760,1980,3201,87.0,63.0,44.0
1784617730.578905,378.930,1980,3201,87.0,63.0,44.0
1784617730.588897,378.930,1980,3201,87.0,63.0,44.0
1784617730.598900,378.930,1980,3201,87.0,64.0,44.0
1784617730.608894,378.930,1980,3201,87.0,64.0,44.0
1784617730.618898,378.930,1980,3201,87.0,64.0,44.0
1784617730.628898,378.930,1980,3201,87.0,64.0,44.0
1784617730.638897,378.930,1980,3201,87.0,64.0,44.0
1784617730.648899,378.930,1980,3201,87.0,64.0,44.0
1784617730.658938,378.930,1980,3201,87.0,64.0,44.0
1784617730.669093,378.930,1980,3201,87.0,64.0,44.0
1784617730.678898,378.279,1980,3201,87.0,64.0,44.0
1784617730.688898,378.279,1980,3201,87.0,64.0,44.0
1784617730.698897,378.279,1980,3201,87.0,64.0,44.0
1784617730.708896,378.279,1980,3201,87.0,64.0,44.0
1784617730.718896,378.279,1980,3201,87.0,64.0,44.0
1784617730.728897,378.279,1980,3201,87.0,64.0,44.0
1784617730.738897,378.279,1980,3201,87.0,64.0,44.0
1784617730.748897,378.279,1980,3201,87.0,64.0,44.0
1784617730.758896,378.279,1980,3201,87.0,64.0,44.0
1784617730.768897,378.279,1980,3201,87.0,64.0,44.0
1784617730.778896,378.184,1980,3201,87.0,64.0,44.0
1784617730.788896,378.184,1980,3201,87.0,64.0,44.0
1784617730.798924,378.184,1980,3201,87.0,63.0,44.0
1784617730.808898,378.184,1980,3201,87.0,63.0,44.0
1784617730.818902,378.184,1980,3201,87.0,63.0,44.0
1784617730.828904,378.184,1980,3201,87.0,63.0,44.0
1784617730.838905,378.184,1980,3201,87.0,63.0,44.0
1784617730.848905,378.184,1980,3201,87.0,63.0,44.0
1784617730.858896,378.184,1980,3201,87.0,63.0,44.0
1784617730.868898,378.184,1980,3201,87.0,63.0,44.0
1784617730.878896,379.050,1980,3201,87.0,63.0,44.0
1784617730.888896,379.050,1980,3201,87.0,63.0,44.0
1784617730.898896,379.050,1980,3201,87.0,63.0,44.0
1784617730.909044,379.050,1980,3201,87.0,63.0,44.0
1784617730.918898,379.050,1980,3201,87.0,63.0,44.0
1784617730.928899,379.050,1980,3201,87.0,63.0,44.0
1784617730.938982,379.050,1980,3201,87.0,63.0,44.0
1784617730.948898,379.050,1980,3201,87.0,63.0,44.0
1784617730.959144,379.050,1980,3201,87.0,63.0,44.0
1784617730.968897,379.050,1980,3201,87.0,63.0,44.0
1784617730.978898,379.453,1980,3201,87.0,63.0,44.0
1784617730.988897,379.453,1980,3201,87.0,63.0,44.0
1784617730.998927,379.453,1980,3201,87.0,64.0,44.0
1784617731.008899,379.453,1980,3201,87.0,64.0,44.0
1784617731.018896,379.453,1980,3201,87.0,64.0,44.0
1784617731.028971,379.453,1980,3201,87.0,64.0,44.0
1784617731.038900,379.453,1980,3201,87.0,64.0,44.0
1784617731.048962,379.453,1980,3201,87.0,64.0,44.0
1784617731.058899,379.453,1980,3201,87.0,64.0,44.0
1784617731.068897,379.453,1980,3201,87.0,64.0,44.0
1784617731.078899,379.457,1980,3201,87.0,64.0,44.0
1784617731.088897,379.457,1980,3201,87.0,64.0,44.0
1784617731.098906,379.457,1980,3201,87.0,64.0,44.0
1784617731.108897,379.457,1980,3201,87.0,64.0,44.0
1784617731.118896,379.457,1980,3201,87.0,64.0,44.0
1784617731.128993,379.457,1980,3201,87.0,64.0,44.0
1784617731.138904,379.457,1980,3201,87.0,64.0,44.0
1784617731.148897,379.457,1980,3201,87.0,64.0,44.0
1784617731.158902,379.457,1980,3201,87.0,64.0,44.0
1784617731.168897,379.457,1980,3201,87.0,64.0,44.0
1784617731.178897,380.168,1980,3201,87.0,64.0,44.0
1784617731.188899,380.168,1980,3201,87.0,64.0,44.0
1784617731.198898,380.168,1980,3201,87.0,64.0,44.0
1784617731.208902,380.168,1980,3201,87.0,64.0,44.0
1784617731.218898,380.168,1980,3201,87.0,64.0,44.0
1784617731.228894,380.168,1980,3201,87.0,64.0,44.0
1784617731.238899,380.168,1980,3201,87.0,64.0,44.0
1784617731.248914,380.168,1980,3201,87.0,64.0,44.0
1784617731.259188,380.168,1980,3201,87.0,64.0,44.0
1784617731.268897,380.168,1980,3201,87.0,64.0,44.0
1784617731.278898,380.239,1980,3201,87.0,64.0,44.0
1784617731.288897,380.239,1980,3201,87.0,64.0,44.0
1784617731.298982,380.239,1980,3201,87.0,64.0,44.0
1784617731.308897,380.239,1980,3201,87.0,64.0,44.0
1784617731.318908,380.239,1980,3201,87.0,64.0,44.0
1784617731.328897,380.239,1980,3201,87.0,64.0,44.0
1784617731.338917,380.239,1980,3201,87.0,64.0,44.0
1784617731.348932,380.239,1980,3201,87.0,64.0,44.0
1784617731.358986,380.239,1980,3201,87.0,64.0,44.0
1784617731.368907,380.239,1980,3201,87.0,64.0,44.0
1784617731.378893,380.893,1980,3201,87.0,64.0,44.0
1784617731.388989,380.893,1980,3201,87.0,64.0,44.0
1784617731.398896,380.893,1980,3201,87.0,64.0,44.0
1784617731.408895,380.893,1980,3201,87.0,64.0,44.0
1784617731.418877,380.893,1980,3201,87.0,64.0,44.0
1784617731.428896,380.893,1980,3201,87.0,64.0,44.0
1784617731.438897,380.893,1980,3201,87.0,64.0,44.0
1784617731.448872,380.893,1980,3201,87.0,64.0,44.0
1784617731.458895,380.893,1980,3201,87.0,64.0,44.0
1784617731.468895,380.893,1980,3201,87.0,64.0,44.0
1784617731.478918,381.286,1980,3201,87.0,64.0,44.0
1784617731.488896,381.286,1980,3201,87.0,64.0,44.0
1784617731.498892,381.286,1980,3201,87.0,64.0,44.0
1784617731.508878,381.286,1980,3201,87.0,64.0,44.0
1784617731.518895,381.286,1980,3201,87.0,64.0,44.0
1784617731.528894,381.286,1980,3201,87.0,64.0,44.0
1784617731.538905,381.286,1980,3201,87.0,64.0,44.0
1784617731.548892,381.286,1980,3201,87.0,64.0,44.0
1784617731.558892,381.286,1980,3201,87.0,64.0,44.0
1784617731.569359,381.286,1980,3201,87.0,64.0,44.0
1784617731.578891,381.499,1980,3201,87.0,64.0,44.0
1784617731.588878,381.499,1980,3201,87.0,64.0,44.0
1784617731.598894,381.499,1980,3201,87.0,64.0,44.0
1784617731.608895,381.499,1980,3201,87.0,64.0,44.0
1784617731.618899,381.499,1980,3201,87.0,64.0,44.0
1784617731.628875,381.499,1980,3201,87.0,64.0,44.0
1784617731.638894,381.499,1980,3201,87.0,64.0,44.0
1784617731.648894,381.499,1980,3201,87.0,64.0,44.0
1784617731.658874,381.499,1980,3201,87.0,64.0,44.0
1784617731.668895,381.499,1980,3201,87.0,64.0,44.0
1784617731.678875,382.584,1980,3201,87.0,64.0,44.0
1784617731.688877,382.584,1980,3201,87.0,64.0,44.0
1784617731.698896,382.584,1980,3201,87.0,64.0,44.0
1784617731.708894,382.584,1980,3201,87.0,64.0,44.0
1784617731.718879,382.584,1980,3201,87.0,64.0,45.0
1784617731.728904,382.584,1980,3201,87.0,64.0,45.0
1784617731.738898,382.584,1980,3201,87.0,64.0,45.0
1784617731.748876,382.584,1980,3201,87.0,64.0,45.0
1784617731.758893,382.584,1980,3201,87.0,64.0,45.0
1784617731.768881,382.584,1980,3201,87.0,64.0,45.0
1784617731.778895,381.492,1980,3201,87.0,64.0,45.0
1784617731.788893,381.492,1980,3201,87.0,64.0,45.0
1784617731.798884,381.492,1980,3201,86.0,63.0,45.0
1784617731.808893,381.492,1980,3201,86.0,63.0,45.0
1784617731.818894,381.492,1980,3201,86.0,63.0,45.0
1784617731.828897,381.492,1980,3201,86.0,63.0,45.0
1784617731.838895,381.492,1980,3201,86.0,63.0,45.0
1784617731.848894,381.492,1980,3201,86.0,63.0,45.0
1784617731.858894,381.492,1980,3201,86.0,63.0,45.0
1784617731.868893,381.492,1980,3201,86.0,63.0,45.0
1784617731.878894,382.092,1980,3201,86.0,63.0,45.0
1784617731.888903,382.092,1980,3201,86.0,63.0,45.0
1784617731.898917,382.092,1980,3201,86.0,63.0,45.0
1784617731.908932,382.092,1980,3201,86.0,63.0,45.0
1784617731.918916,382.092,1980,3201,86.0,63.0,45.0
1784617731.928903,382.092,1980,3201,86.0,63.0,45.0
1784617731.938893,382.092,1980,3201,86.0,63.0,45.0
1784617731.948905,382.092,1980,3201,86.0,63.0,45.0
1784617731.958893,382.092,1980,3201,86.0,63.0,45.0
1784617731.968902,382.092,1980,3201,86.0,63.0,45.0
1784617731.978893,382.403,1980,3201,86.0,63.0,45.0
1784617731.988902,382.403,1980,3201,86.0,63.0,45.0
1784617731.999059,382.403,1980,3201,87.0,63.0,45.0
1784617732.008901,382.403,1980,3201,87.0,63.0,45.0
1784617732.018893,382.403,1980,3201,87.0,63.0,45.0
1784617732.028876,382.403,1980,3201,87.0,63.0,45.0
1784617732.038877,382.403,1980,3201,87.0,63.0,45.0
1784617732.048902,382.403,1980,3201,87.0,63.0,45.0
1784617732.059105,382.403,1980,3201,87.0,63.0,45.0
1784617732.068901,382.403,1980,3201,87.0,63.0,45.0
1784617732.078899,383.377,1980,3201,87.0,63.0,45.0
1784617732.088901,383.377,1980,3201,87.0,63.0,45.0
1784617732.098898,383.377,1980,3201,87.0,63.0,45.0
1784617732.108880,383.377,1980,3201,87.0,63.0,45.0
1784617732.118894,383.377,1980,3201,87.0,63.0,45.0
1784617732.128899,383.377,1980,3201,87.0,63.0,45.0
1784617732.138894,383.377,1980,3201,87.0,63.0,45.0
1784617732.148899,383.377,1980,3201,87.0,63.0,45.0
1784617732.158895,383.377,1980,3201,87.0,63.0,45.0
1784617732.168899,383.377,1980,3201,87.0,63.0,45.0
1784617732.178894,383.909,1980,3201,87.0,63.0,45.0
1784617732.188897,383.909,1980,3201,87.0,63.0,45.0
1784617732.198876,383.909,1980,3201,86.0,62.0,45.0
1784617732.208901,383.909,1980,3201,86.0,62.0,45.0
1784617732.218894,383.909,1980,3201,86.0,62.0,45.0
1784617732.229074,383.909,1980,3201,86.0,62.0,45.0
1784617732.238896,383.909,1980,3201,86.0,62.0,45.0
1784617732.248915,383.909,1980,3201,86.0,62.0,45.0
1784617732.258930,383.909,1980,3201,86.0,62.0,45.0
1784617732.268915,383.909,1980,3201,86.0,62.0,45.0
1784617732.278901,384.703,1980,3201,86.0,62.0,45.0
1784617732.289110,384.703,1980,3201,86.0,62.0,45.0
1784617732.298895,384.703,1980,3201,86.0,62.0,45.0
1784617732.308895,384.703,1980,3201,86.0,62.0,45.0
1784617732.318924,384.703,1980,3201,86.0,62.0,45.0
1784617732.328986,384.703,1980,3201,86.0,62.0,45.0
1784617732.338896,384.703,1980,3201,86.0,62.0,45.0
1784617732.348876,384.703,1980,3201,86.0,62.0,45.0
1784617732.358897,384.703,1980,3201,86.0,62.0,45.0
1784617732.368911,384.703,1980,3201,86.0,62.0,45.0
1784617732.379128,384.929,1980,3201,86.0,62.0,45.0
1784617732.388896,384.929,1980,3201,86.0,62.0,45.0
1784617732.398893,384.929,1980,3201,86.0,63.0,45.0
1784617732.409314,384.929,1980,3201,86.0,63.0,45.0
1784617732.418899,384.929,1980,3201,86.0,63.0,45.0
1784617732.428936,384.929,1980,3201,86.0,63.0,45.0
1784617732.439084,384.929,1980,3201,86.0,63.0,45.0
1784617732.448907,384.929,1980,3201,86.0,63.0,45.0
1784617732.458893,384.929,1980,3201,86.0,63.0,45.0
1784617732.469082,384.929,1980,3201,86.0,63.0,45.0
1784617732.478893,385.693,1980,3201,86.0,63.0,45.0
1784617732.488896,385.693,1980,3201,86.0,63.0,45.0
1784617732.498893,385.693,1980,3201,86.0,63.0,45.0
1784617732.508898,385.693,1980,3201,86.0,63.0,45.0
1784617732.518894,385.693,1980,3201,86.0,63.0,45.0
1784617732.528923,385.693,1980,3201,86.0,63.0,45.0
1784617732.538894,385.693,1980,3201,86.0,63.0,45.0
1784617732.548893,385.693,1980,3201,86.0,63.0,45.0
1784617732.558874,385.693,1980,3201,86.0,63.0,45.0
1784617732.568897,385.693,1980,3201,86.0,63.0,45.0
1784617732.578894,386.042,1980,3201,86.0,63.0,45.0
1784617732.588914,386.042,1980,3201,86.0,63.0,45.0
1784617732.598894,386.042,1980,3201,81.0,59.0,45.0
1784617732.608901,386.042,1980,3201,81.0,59.0,45.0
1784617732.618894,386.042,1980,3201,81.0,59.0,45.0
1784617732.628903,386.042,1980,3201,81.0,59.0,45.0
1784617732.638902,386.042,1980,3201,81.0,59.0,45.0
1784617732.648900,386.042,1980,3201,81.0,59.0,45.0
1784617732.658921,386.042,1980,3201,81.0,59.0,45.0
1784617732.668913,386.042,1980,3201,81.0,59.0,45.0
1784617732.678894,385.426,1980,3201,81.0,59.0,45.0
1784617732.688894,385.426,1980,3201,81.0,59.0,45.0
1784617732.698894,385.426,1980,3201,81.0,59.0,45.0
1784617732.708897,385.426,1980,3201,81.0,59.0,45.0
1784617732.718893,385.426,1980,3201,81.0,59.0,45.0
1784617732.728992,385.426,1980,3201,81.0,59.0,45.0
1784617732.738895,385.426,1980,3201,81.0,59.0,45.0
1784617732.748904,385.426,1980,3201,81.0,59.0,45.0
1784617732.758876,385.426,1980,3201,81.0,59.0,45.0
1784617732.768893,385.426,1980,3201,81.0,59.0,45.0
1784617732.778893,385.664,1980,3201,81.0,59.0,45.0
1784617732.788882,385.664,1980,3201,81.0,59.0,45.0
1784617732.798893,385.664,1980,3201,87.0,63.0,45.0
1784617732.808894,385.664,1980,3201,87.0,63.0,45.0
1784617732.818894,385.664,1980,3201,87.0,63.0,45.0
1784617732.828893,385.664,1980,3201,87.0,63.0,45.0
1784617732.838917,385.664,1980,3201,87.0,63.0,45.0
1784617732.848893,385.664,1980,3201,87.0,63.0,45.0
1784617732.858894,385.664,1980,3201,87.0,63.0,45.0
1784617732.868893,385.664,1980,3201,87.0,63.0,45.0
1784617732.878894,386.100,1980,3201,87.0,63.0,45.0
1784617732.888893,386.100,1980,3201,87.0,63.0,45.0
1784617732.898872,386.100,1980,3201,87.0,63.0,45.0
1784617732.908894,386.100,1980,3201,87.0,63.0,45.0
1784617732.918894,386.100,1980,3201,87.0,63.0,45.0
1784617732.928872,386.100,1980,3201,87.0,63.0,45.0
1784617732.938894,386.100,1980,3201,87.0,63.0,45.0
1784617732.948895,386.100,1980,3201,87.0,63.0,45.0
1784617732.958905,386.100,1980,3201,87.0,63.0,45.0
1784617732.968911,386.100,1980,3201,87.0,63.0,45.0
1784617732.978905,385.959,1980,3201,87.0,63.0,45.0
1784617732.988873,385.959,1980,3201,87.0,63.0,45.0
1784617732.998871,385.959,1980,3201,87.0,63.0,45.0
1784617733.008900,385.959,1980,3201,87.0,63.0,45.0
1784617733.018878,385.959,1980,3201,87.0,63.0,44.0
1784617733.028874,385.959,1980,3201,87.0,63.0,44.0
1784617733.038875,385.959,1980,3201,87.0,63.0,44.0
1784617733.048877,385.959,1980,3201,87.0,63.0,44.0
1784617733.058871,385.959,1980,3201,87.0,63.0,44.0
1784617733.068877,385.959,1980,3201,87.0,63.0,44.0
1784617733.078878,386.355,1980,3201,87.0,63.0,44.0
1784617733.088871,386.355,1980,3201,87.0,63.0,44.0
1784617733.098876,386.355,1980,3201,87.0,63.0,44.0
1784617733.108877,386.355,1980,3201,87.0,63.0,44.0
1784617733.118871,386.355,1980,3201,87.0,63.0,45.0
1784617733.128876,386.355,1980,3201,87.0,63.0,45.0
1784617733.138878,386.355,1980,3201,87.0,63.0,45.0
1784617733.149107,386.355,1980,3201,87.0,63.0,45.0
1784617733.158880,386.355,1980,3201,87.0,63.0,45.0
1784617733.168878,386.355,1980,3201,87.0,63.0,45.0
1784617733.178874,385.236,1980,3201,87.0,63.0,45.0
1784617733.188879,385.236,1980,3201,87.0,63.0,45.0
1784617733.198973,385.236,1980,3201,86.0,63.0,45.0
1784617733.209130,385.236,1980,3201,86.0,63.0,45.0
1784617733.218899,385.236,1980,3201,86.0,63.0,44.0
1784617733.228905,385.236,1980,3201,86.0,63.0,44.0
1784617733.239052,385.236,1980,3201,86.0,63.0,44.0
1784617733.248897,385.236,1980,3201,86.0,63.0,44.0
1784617733.258905,385.236,1980,3201,86.0,63.0,44.0
1784617733.268874,385.236,1980,3201,86.0,63.0,44.0
1784617733.278895,384.653,1980,3201,86.0,63.0,44.0
1784617733.288898,384.653,1980,3201,86.0,63.0,44.0
1784617733.299311,384.653,1980,3201,86.0,63.0,44.0
1784617733.308896,384.653,1980,3201,86.0,63.0,44.0
1784617733.318895,384.653,1980,3201,86.0,63.0,44.0
1784617733.328903,384.653,1980,3201,86.0,63.0,44.0
1784617733.338894,384.653,1980,3201,86.0,63.0,44.0
1784617733.348895,384.653,1980,3201,86.0,63.0,44.0
1784617733.358880,384.653,1980,3201,86.0,63.0,44.0
1784617733.368894,384.653,1980,3201,86.0,63.0,44.0
1784617733.378894,384.653,1980,3201,86.0,63.0,44.0
1784617733.388900,384.791,1980,3201,86.0,63.0,44.0
1784617733.398893,384.791,1980,3201,86.0,63.0,44.0
1784617733.408930,384.791,1980,3201,86.0,63.0,44.0
1784617733.418880,384.791,1980,3201,86.0,63.0,45.0
1784617733.428898,384.791,1980,3201,86.0,63.0,45.0
1784617733.438893,384.791,1980,3201,86.0,63.0,45.0
1784617733.448902,384.791,1980,3201,86.0,63.0,45.0
1784617733.458898,384.791,1980,3201,86.0,63.0,45.0
1784617733.468903,384.791,1980,3201,86.0,63.0,45.0
1784617733.478877,384.791,1980,3201,86.0,63.0,45.0
1784617733.488907,384.745,1980,3201,86.0,63.0,45.0
1784617733.498895,384.745,1980,3201,86.0,63.0,45.0
1784617733.508904,384.745,1980,3201,86.0,63.0,45.0
1784617733.518894,384.745,1980,3201,86.0,63.0,45.0
1784617733.528895,384.745,1980,3201,86.0,63.0,45.0
1784617733.538877,384.745,1980,3201,86.0,63.0,45.0
1784617733.548893,384.745,1980,3201,86.0,63.0,45.0
1784617733.558894,384.745,1980,3201,86.0,63.0,45.0
1784617733.568900,384.745,1980,3201,86.0,63.0,45.0
1784617733.578893,384.745,1980,3201,86.0,63.0,45.0
1784617733.588894,385.215,1980,3201,86.0,63.0,45.0
1784617733.598883,385.215,1980,3201,87.0,63.0,45.0
1784617733.608909,385.215,1980,3201,87.0,63.0,45.0
1784617733.618894,385.215,1980,3201,87.0,63.0,45.0
1784617733.628879,385.215,1980,3201,87.0,63.0,45.0
1784617733.638895,385.215,1980,3201,87.0,63.0,45.0
1784617733.648905,385.215,1980,3201,87.0,63.0,45.0
1784617733.658881,385.215,1980,3201,87.0,63.0,45.0
1784617733.668905,385.215,1980,3201,87.0,63.0,45.0
1784617733.678895,385.215,1980,3201,87.0,63.0,45.0
1784617733.688905,385.312,1980,3201,87.0,63.0,45.0
1784617733.698897,385.312,1980,3201,87.0,63.0,45.0
1784617733.708894,385.312,1980,3201,87.0,63.0,45.0
1784617733.718893,385.312,1980,3201,87.0,63.0,45.0
1784617733.728905,385.312,1980,3201,87.0,63.0,45.0
1784617733.738894,385.312,1980,3201,87.0,63.0,45.0
1784617733.748880,385.312,1980,3201,87.0,63.0,45.0
1784617733.758915,385.312,1980,3201,87.0,63.0,45.0
1784617733.768902,385.312,1980,3201,87.0,63.0,45.0
1784617733.778878,385.312,1980,3201,87.0,63.0,45.0
1784617733.788902,386.141,1980,3201,87.0,63.0,45.0
1784617733.798920,386.141,1980,3201,87.0,63.0,45.0
1784617733.808875,386.141,1980,3201,86.0,63.0,45.0
1784617733.818894,386.141,1980,3201,86.0,63.0,45.0
1784617733.828893,386.141,1980,3201,86.0,63.0,45.0
1784617733.839119,386.141,1980,3201,86.0,63.0,45.0
1784617733.848896,386.141,1980,3201,86.0,63.0,45.0
1784617733.858894,386.141,1980,3201,86.0,63.0,45.0
1784617733.868896,386.141,1980,3201,86.0,63.0,45.0
1784617733.878900,386.141,1980,3201,86.0,63.0,45.0
1784617733.888901,386.507,1980,3201,86.0,63.0,45.0
1784617733.898895,386.507,1980,3201,86.0,63.0,45.0
1784617733.908899,386.507,1980,3201,86.0,63.0,45.0
1784617733.918940,386.507,1980,3201,86.0,63.0,45.0
1784617733.928899,386.507,1980,3201,86.0,63.0,44.0
1784617733.938895,386.507,1980,3201,86.0,63.0,44.0
1784617733.948898,386.507,1980,3201,86.0,63.0,44.0
1784617733.958876,386.507,1980,3201,86.0,63.0,44.0
1784617733.968894,386.507,1980,3201,86.0,63.0,44.0
1784617733.978894,386.507,1980,3201,86.0,63.0,44.0
1784617733.988876,386.601,1980,3201,86.0,63.0,44.0
1784617733.998896,386.601,1980,3201,86.0,63.0,44.0
1784617734.008969,386.601,1980,3201,81.0,59.0,44.0
1784617734.018877,386.601,1980,3201,81.0,59.0,44.0
1784617734.028893,386.601,1980,3201,81.0,59.0,45.0
1784617734.038880,386.601,1980,3201,81.0,59.0,45.0
1784617734.048881,386.601,1980,3201,81.0,59.0,45.0
1784617734.058929,386.601,1980,3201,81.0,59.0,45.0
1784617734.068897,386.601,1980,3201,81.0,59.0,45.0
1784617734.078936,386.601,1980,3201,81.0,59.0,45.0
1784617734.088895,386.433,1980,3201,81.0,59.0,45.0
1784617734.098895,386.433,1980,3201,81.0,59.0,45.0
1784617734.108894,386.433,1980,3201,81.0,59.0,45.0
1784617734.118896,386.433,1980,3201,81.0,59.0,45.0
1784617734.128896,386.433,1980,3201,81.0,59.0,45.0
1784617734.138895,386.433,1980,3201,81.0,59.0,45.0
1784617734.148895,386.433,1980,3201,81.0,59.0,45.0
1784617734.158879,386.433,1980,3201,81.0,59.0,45.0
1784617734.168894,386.433,1980,3201,81.0,59.0,45.0
1784617734.178895,386.433,1980,3201,81.0,59.0,45.0
1784617734.188895,387.162,1980,3201,81.0,59.0,45.0
1784617734.198894,387.162,1980,3201,81.0,59.0,45.0
1784617734.208896,387.162,1980,3201,87.0,63.0,45.0
1784617734.218894,387.162,1980,3201,87.0,63.0,45.0
1784617734.228895,387.162,1980,3201,87.0,63.0,45.0
1784617734.238895,387.162,1980,3201,87.0,63.0,45.0
1784617734.248925,387.162,1980,3201,87.0,63.0,45.0
1784617734.258895,387.162,1980,3201,87.0,63.0,45.0
1784617734.268896,387.162,1980,3201,87.0,63.0,45.0
1784617734.278921,387.162,1980,3201,87.0,63.0,45.0
1784617734.288896,387.971,1980,3201,87.0,63.0,45.0
1784617734.298917,387.971,1980,3201,87.0,63.0,45.0
1784617734.308875,387.971,1980,3201,87.0,63.0,45.0
1784617734.318894,387.971,1980,3201,87.0,63.0,45.0
1784617734.328896,387.971,1980,3201,87.0,63.0,45.0
1784617734.338877,387.971,1980,3201,87.0,63.0,45.0
1784617734.348894,387.971,1980,3201,87.0,63.0,45.0
1784617734.358891,387.971,1980,3201,87.0,63.0,45.0
1784617734.368878,387.971,1980,3201,87.0,63.0,45.0
1784617734.378896,387.971,1980,3201,87.0,63.0,45.0
1784617734.388891,388.320,1980,3201,87.0,63.0,45.0
1784617734.398878,388.320,1980,3201,87.0,63.0,45.0
1784617734.408891,388.320,1980,3201,87.0,63.0,45.0
1784617734.418874,388.320,1980,3201,87.0,63.0,45.0
1784617734.428891,388.320,1980,3201,87.0,63.0,45.0
1784617734.438877,388.320,1980,3201,87.0,63.0,45.0
1784617734.448892,388.320,1980,3201,87.0,63.0,45.0
1784617734.458898,388.320,1980,3201,87.0,63.0,45.0
1784617734.468878,388.320,1980,3201,87.0,63.0,45.0
1784617734.478873,388.320,1980,3201,87.0,63.0,45.0
1784617734.488877,388.318,1980,3201,87.0,63.0,45.0
1784617734.498877,388.318,1980,3201,87.0,63.0,45.0
1784617734.508878,388.318,1980,3201,87.0,63.0,45.0
1784617734.518878,388.318,1980,3201,87.0,63.0,45.0
1784617734.528877,388.318,1980,3201,87.0,63.0,45.0
1784617734.539107,388.318,1980,3201,87.0,63.0,45.0
1784617734.548877,388.318,1980,3201,87.0,63.0,45.0
1784617734.558878,388.318,1980,3201,87.0,63.0,45.0
1784617734.568870,388.318,1980,3201,87.0,63.0,45.0
1784617734.578876,388.318,1980,3201,87.0,63.0,45.0
1784617734.588877,389.312,1980,3201,87.0,63.0,45.0
1784617734.598892,389.312,1980,3201,87.0,63.0,45.0
1784617734.608893,389.312,1980,3201,82.0,59.0,45.0
1784617734.618895,389.312,1980,3201,82.0,59.0,45.0
1784617734.628896,389.312,1980,3201,82.0,59.0,45.0
1784617734.638894,389.312,1980,3201,82.0,59.0,45.0
1784617734.648881,389.312,1980,3201,82.0,59.0,45.0
1784617734.658898,389.312,1980,3201,82.0,59.0,45.0
1784617734.668911,389.312,1980,3201,82.0,59.0,45.0
1784617734.679077,389.312,1980,3201,82.0,59.0,45.0
1784617734.688896,389.970,1980,3201,82.0,59.0,45.0
1784617734.698895,389.970,1980,3201,82.0,59.0,45.0
1784617734.709458,389.970,1980,3201,82.0,59.0,45.0
1784617734.718899,389.970,1980,3201,82.0,59.0,45.0
1784617734.728896,389.970,1980,3201,82.0,59.0,45.0
1784617734.738895,389.970,1980,3201,82.0,59.0,45.0
1784617734.748911,389.970,1980,3201,82.0,59.0,45.0
1784617734.758895,389.970,1980,3201,82.0,59.0,45.0
1784617734.768898,389.970,1980,3201,82.0,59.0,45.0
1784617734.778897,389.970,1980,3201,82.0,59.0,45.0
1784617734.788880,390.775,1980,3201,82.0,59.0,45.0
1784617734.798899,390.775,1980,3201,82.0,59.0,45.0
1784617734.808896,390.775,1980,3201,86.0,63.0,45.0
1784617734.818878,390.775,1980,3201,86.0,63.0,45.0
1784617734.828896,390.775,1980,3201,86.0,63.0,45.0
1784617734.838896,390.775,1980,3201,86.0,63.0,45.0
1784617734.848904,390.775,1980,3201,86.0,63.0,45.0
1784617734.858897,390.775,1980,3201,86.0,63.0,45.0
1784617734.868897,390.775,1980,3201,86.0,63.0,45.0
1784617734.878896,390.775,1980,3201,86.0,63.0,45.0
1784617734.888897,391.720,1980,3201,86.0,63.0,45.0
1784617734.898880,391.720,1980,3201,86.0,63.0,45.0
1784617734.908896,391.720,1980,3201,86.0,63.0,45.0
1784617734.918878,391.720,1980,3201,86.0,63.0,45.0
1784617734.929079,391.720,1980,3201,86.0,63.0,45.0
1784617734.938898,391.720,1980,3201,86.0,63.0,45.0
1784617734.948904,391.720,1980,3201,86.0,63.0,45.0
1784617734.959050,391.720,1980,3201,86.0,63.0,45.0
1784617734.968897,391.720,1980,3201,86.0,63.0,45.0
1784617734.978894,391.720,1980,3201,86.0,63.0,45.0
1784617734.988894,392.526,1980,3201,86.0,63.0,45.0
1784617734.998900,392.526,1980,3201,86.0,63.0,45.0
1784617735.008893,392.526,1980,3201,86.0,63.0,45.0
1784617735.018899,392.526,1980,3201,86.0,63.0,45.0
1784617735.028894,392.526,1980,3201,86.0,63.0,45.0
1784617735.038878,392.526,1980,3201,86.0,63.0,45.0
1784617735.048894,392.526,1980,3201,86.0,63.0,45.0
1784617735.058894,392.526,1980,3201,86.0,63.0,45.0
1784617735.068894,392.526,1980,3201,86.0,63.0,45.0
1784617735.078894,392.526,1980,3201,86.0,63.0,45.0
1784617735.088895,391.390,1980,3201,86.0,63.0,45.0
1784617735.098897,391.390,1980,3201,86.0,63.0,45.0
1784617735.108894,391.390,1980,3201,86.0,63.0,45.0
1784617735.118924,391.390,1980,3201,86.0,63.0,45.0
1784617735.128931,391.390,1980,3201,86.0,63.0,45.0
1784617735.138895,391.390,1980,3201,86.0,63.0,45.0
1784617735.148903,391.390,1980,3201,86.0,63.0,45.0
1784617735.159144,391.390,1980,3201,86.0,63.0,45.0
1784617735.168895,391.390,1980,3201,86.0,63.0,45.0
1784617735.178896,391.390,1980,3201,86.0,63.0,45.0
1784617735.189065,391.371,1980,3201,86.0,63.0,45.0
1784617735.198896,391.371,1980,3201,86.0,63.0,45.0
1784617735.208897,391.371,1980,3201,86.0,63.0,45.0
1784617735.218883,391.371,1980,3201,86.0,63.0,45.0
1784617735.228896,391.371,1980,3201,86.0,63.0,45.0
1784617735.238895,391.371,1980,3201,86.0,63.0,45.0
1784617735.248877,391.371,1980,3201,86.0,63.0,45.0
1784617735.258893,391.371,1980,3201,86.0,63.0,45.0
1784617735.268893,391.371,1980,3201,86.0,63.0,45.0
1784617735.278879,391.371,1980,3201,86.0,63.0,45.0
1784617735.288893,390.137,1980,3201,86.0,63.0,45.0
1784617735.298878,390.137,1980,3201,86.0,63.0,45.0
1784617735.308894,390.137,1980,3201,86.0,63.0,45.0
1784617735.318895,390.137,1980,3201,86.0,63.0,45.0
1784617735.328894,390.137,1980,3201,86.0,63.0,45.0
1784617735.338904,390.137,1980,3201,86.0,63.0,45.0
1784617735.348894,390.137,1980,3201,86.0,63.0,45.0
1784617735.358922,390.137,1980,3201,86.0,63.0,45.0
1784617735.368917,390.137,1980,3201,86.0,63.0,45.0
1784617735.378895,390.137,1980,3201,86.0,63.0,45.0
1784617735.388894,390.283,1980,3201,86.0,63.0,45.0
1784617735.398894,390.283,1980,3201,86.0,63.0,45.0
1784617735.408893,390.283,1980,3201,87.0,63.0,45.0
1784617735.418905,390.283,1980,3201,87.0,63.0,45.0
1784617735.428893,390.283,1980,3201,87.0,63.0,45.0
1784617735.438893,390.283,1980,3201,87.0,63.0,45.0
1784617735.448897,390.283,1980,3201,87.0,63.0,45.0
1784617735.458893,390.283,1980,3201,87.0,63.0,45.0
1784617735.468894,390.283,1980,3201,87.0,63.0,45.0
1784617735.478872,390.283,1980,3201,87.0,63.0,45.0
1784617735.488894,389.929,1980,3201,87.0,63.0,45.0
1784617735.498892,389.929,1980,3201,87.0,63.0,45.0
1784617735.508883,389.929,1980,3201,87.0,63.0,45.0
1784617735.518894,389.929,1980,3201,87.0,63.0,45.0
1784617735.528893,389.929,1980,3201,87.0,63.0,45.0
1784617735.538895,389.929,1980,3201,87.0,63.0,45.0
1784617735.548894,389.929,1980,3201,87.0,63.0,45.0
1784617735.558877,389.929,1980,3201,87.0,63.0,45.0
1784617735.568896,389.929,1980,3201,87.0,63.0,45.0
1784617735.578894,389.929,1980,3201,87.0,63.0,45.0
1784617735.588872,390.194,1980,3201,87.0,63.0,45.0
1784617735.598894,390.194,1980,3201,87.0,63.0,45.0
1784617735.608892,390.194,1980,3201,86.0,63.0,45.0
1784617735.619093,390.194,1980,3201,86.0,63.0,45.0
1784617735.628893,390.194,1980,3201,86.0,63.0,45.0
1784617735.638895,390.194,1980,3201,86.0,63.0,45.0
1784617735.649013,390.194,1980,3201,86.0,63.0,45.0
1784617735.658896,390.194,1980,3201,86.0,63.0,45.0
1784617735.668895,390.194,1980,3201,86.0,63.0,45.0
1784617735.678896,390.194,1980,3201,86.0,63.0,45.0
1784617735.688896,389.462,1980,3201,86.0,63.0,45.0
1784617735.698893,389.462,1980,3201,86.0,63.0,45.0
1784617735.708895,389.462,1980,3201,86.0,63.0,45.0
1784617735.718898,389.462,1980,3201,86.0,63.0,45.0
1784617735.728928,389.462,1980,3201,86.0,63.0,45.0
1784617735.738930,389.462,1980,3201,86.0,63.0,45.0
1784617735.748896,389.462,1980,3201,86.0,63.0,45.0
1784617735.758880,389.462,1980,3201,86.0,63.0,45.0
1784617735.768896,389.462,1980,3201,86.0,63.0,45.0
1784617735.778895,389.462,1980,3201,86.0,63.0,45.0
1784617735.788896,388.508,1980,3201,86.0,63.0,45.0
1784617735.798893,388.508,1980,3201,86.0,63.0,45.0
1784617735.808871,388.508,1980,3201,86.0,63.0,45.0
1784617735.818891,388.508,1980,3201,86.0,63.0,45.0
1784617735.828891,388.508,1980,3201,86.0,63.0,45.0
1784617735.838871,388.508,1980,3201,86.0,63.0,45.0
1784617735.848879,388.508,1980,3201,86.0,63.0,45.0
1784617735.858877,388.508,1980,3201,86.0,63.0,45.0
1784617735.868874,388.508,1980,3201,86.0,63.0,45.0
1784617735.878877,388.508,1980,3201,86.0,63.0,45.0
1784617735.888878,388.803,1980,3201,86.0,63.0,45.0
1784617735.898874,388.803,1980,3201,86.0,63.0,45.0
1784617735.908877,388.803,1980,3201,86.0,63.0,45.0
1784617735.918878,388.803,1980,3201,86.0,63.0,45.0
1784617735.929335,388.803,1980,3201,86.0,63.0,45.0
1784617735.938877,388.803,1980,3201,86.0,63.0,45.0
1784617735.948877,388.803,1980,3201,86.0,63.0,45.0
1784617735.958877,388.803,1980,3201,86.0,63.0,45.0
1784617735.968878,388.803,1980,3201,86.0,63.0,45.0
1784617735.978874,388.803,1980,3201,86.0,63.0,45.0
1784617735.989003,388.710,1980,3201,86.0,63.0,45.0
1784617735.998918,388.710,1980,3201,86.0,63.0,45.0
1784617736.008878,388.710,1980,3201,86.0,62.0,45.0
1784617736.018897,388.710,1980,3201,86.0,62.0,45.0
1784617736.028900,388.710,1980,3201,86.0,62.0,45.0
1784617736.038876,388.710,1980,3201,86.0,62.0,45.0
1784617736.048897,388.710,1980,3201,86.0,62.0,45.0
1784617736.058899,388.710,1980,3201,86.0,62.0,45.0
1784617736.068882,388.710,1980,3201,86.0,62.0,45.0
1784617736.078892,388.710,1980,3201,86.0,62.0,45.0
1784617736.088896,389.534,1980,3201,86.0,62.0,45.0
1784617736.098882,389.534,1980,3201,86.0,62.0,45.0
1784617736.108894,389.534,1980,3201,86.0,62.0,45.0
1784617736.118892,389.534,1980,3201,86.0,62.0,45.0
1784617736.128898,389.534,1980,3201,86.0,62.0,45.0
1784617736.138894,389.534,1980,3201,86.0,62.0,45.0
1784617736.148892,389.534,1980,3201,86.0,62.0,45.0
1784617736.158904,389.534,1980,3201,86.0,62.0,45.0
1784617736.168895,389.534,1980,3201,86.0,62.0,45.0
1784617736.178892,389.534,1980,3201,86.0,62.0,45.0
1784617736.188895,389.636,1980,3201,86.0,62.0,45.0
1784617736.198898,389.636,1980,3201,86.0,62.0,45.0
1784617736.208872,389.636,1980,3201,85.0,62.0,45.0
1784617736.218896,389.636,1980,3201,85.0,62.0,45.0
1784617736.228895,389.636,1980,3201,85.0,62.0,45.0
1784617736.239118,389.636,1980,3201,85.0,62.0,45.0
1784617736.248894,389.636,1980,3201,85.0,62.0,45.0
1784617736.258895,389.636,1980,3201,85.0,62.0,45.0
1784617736.269242,389.636,1980,3201,85.0,62.0,45.0
1784617736.278895,389.636,1980,3201,85.0,62.0,45.0
1784617736.288895,389.780,1980,3201,85.0,62.0,45.0
1784617736.298881,389.780,1980,3201,85.0,62.0,45.0
1784617736.308897,389.780,1980,3201,85.0,62.0,45.0
1784617736.318897,389.780,1980,3201,85.0,62.0,45.0
1784617736.328874,389.780,1980,3201,85.0,62.0,45.0
1784617736.338939,389.780,1980,3201,85.0,62.0,45.0
1784617736.348910,389.780,1980,3201,85.0,62.0,45.0
1784617736.359209,389.780,1980,3201,85.0,62.0,45.0
1784617736.368897,389.780,1980,3201,85.0,62.0,45.0
1784617736.378897,389.780,1980,3201,85.0,62.0,45.0
1784617736.389130,389.153,1980,3201,85.0,62.0,45.0
1784617736.398893,389.153,1980,3201,85.0,62.0,45.0
1784617736.408896,389.153,1980,3201,86.0,62.0,45.0
1784617736.418875,389.153,1980,3201,86.0,62.0,45.0
1784617736.428893,389.153,1980,3201,86.0,62.0,45.0
1784617736.438879,389.153,1980,3201,86.0,62.0,45.0
1784617736.449380,389.153,1980,3201,86.0,62.0,45.0
1784617736.458904,389.153,1980,3201,86.0,62.0,45.0
1784617736.468893,389.153,1980,3201,86.0,62.0,45.0
1784617736.478879,389.153,1980,3201,86.0,62.0,45.0
1784617736.488904,389.458,1980,3201,86.0,62.0,45.0
1784617736.498879,389.458,1980,3201,86.0,62.0,45.0
1784617736.509089,389.458,1980,3201,86.0,62.0,45.0
1784617736.518909,389.458,1980,3201,86.0,62.0,45.0
1784617736.528877,389.458,1980,3201,86.0,62.0,45.0
1784617736.539152,389.458,1980,3201,86.0,62.0,45.0
1784617736.548878,389.458,1980,3201,86.0,62.0,45.0
1784617736.558880,389.458,1980,3201,86.0,62.0,45.0
1784617736.568880,389.458,1980,3201,86.0,62.0,45.0
1784617736.578894,389.458,1980,3201,86.0,62.0,45.0
1784617736.588892,387.169,1980,3201,86.0,62.0,45.0
1784617736.598881,387.169,1980,3201,86.0,62.0,45.0
1784617736.608895,387.169,1980,3201,87.0,63.0,45.0
1784617736.618880,387.169,1980,3201,87.0,63.0,45.0
1784617736.628883,387.169,1980,3201,87.0,63.0,45.0
1784617736.638893,387.169,1980,3201,87.0,63.0,45.0
1784617736.648894,387.169,1980,3201,87.0,63.0,45.0
1784617736.658880,387.169,1980,3201,87.0,63.0,45.0
1784617736.668894,387.169,1980,3201,87.0,63.0,45.0
1784617736.678906,387.169,1980,3201,87.0,63.0,45.0
1784617736.688879,386.495,1980,3201,87.0,63.0,45.0
1784617736.698895,386.495,1980,3201,87.0,63.0,45.0
1784617736.708929,386.495,1980,3201,87.0,63.0,45.0
1784617736.718879,386.495,1980,3201,87.0,63.0,45.0
1784617736.728896,386.495,1980,3201,87.0,63.0,45.0
1784617736.738894,386.495,1980,3201,87.0,63.0,45.0
1784617736.748881,386.495,1980,3201,87.0,63.0,45.0
1784617736.758896,386.495,1980,3201,87.0,63.0,45.0
1784617736.768895,386.495,1980,3201,87.0,63.0,45.0
1784617736.778938,386.495,1980,3201,87.0,63.0,45.0
1784617736.788894,385.699,1980,3201,87.0,63.0,45.0
1784617736.798894,385.699,1980,3201,87.0,63.0,45.0
1784617736.809182,385.699,1980,3201,86.0,63.0,45.0
1784617736.818894,385.699,1980,3201,86.0,63.0,45.0
1784617736.828897,385.699,1980,3201,86.0,63.0,45.0
1784617736.839247,385.699,1980,3201,86.0,63.0,45.0
1784617736.848894,385.699,1980,3201,86.0,63.0,45.0
1784617736.858894,385.699,1980,3201,86.0,63.0,45.0
1784617736.868881,385.699,1980,3201,86.0,63.0,45.0
1784617736.878895,385.699,1980,3201,86.0,63.0,45.0
1784617736.888935,384.932,1980,3201,86.0,63.0,45.0
1784617736.898896,384.932,1980,3201,86.0,63.0,45.0
1784617736.908933,384.932,1980,3201,86.0,63.0,45.0
1784617736.918895,384.932,1980,3201,86.0,63.0,45.0
1784617736.928909,384.932,1980,3201,86.0,63.0,45.0
1784617736.938892,384.932,1980,3201,86.0,63.0,45.0
1784617736.948895,384.932,1980,3201,86.0,63.0,45.0
1784617736.958897,384.932,1980,3201,86.0,63.0,45.0
1784617736.968882,384.932,1980,3201,86.0,63.0,45.0
1784617736.978881,384.932,1980,3201,86.0,63.0,45.0
1784617736.988878,385.266,1980,3201,86.0,63.0,45.0
1784617736.998876,385.266,1980,3201,86.0,63.0,45.0
1784617737.008876,385.266,1980,3201,86.0,62.0,45.0
1784617737.018876,385.266,1980,3201,86.0,62.0,45.0
1784617737.028876,385.266,1980,3201,86.0,62.0,45.0
1784617737.038876,385.266,1980,3201,86.0,62.0,45.0
1784617737.048876,385.266,1980,3201,86.0,62.0,45.0
1784617737.058877,385.266,1980,3201,86.0,62.0,45.0
1784617737.068880,385.266,1980,3201,86.0,62.0,45.0
1784617737.078876,385.266,1980,3201,86.0,62.0,45.0
1784617737.088876,382.855,1980,3201,86.0,62.0,45.0
1784617737.098874,382.855,1980,3201,86.0,62.0,45.0
1784617737.108876,382.855,1980,3201,86.0,62.0,45.0
1784617737.118998,382.855,1980,3201,86.0,62.0,45.0
1784617737.128881,382.855,1980,3201,86.0,62.0,44.0
1784617737.138891,382.855,1980,3201,86.0,62.0,44.0
1784617737.148895,382.855,1980,3201,86.0,62.0,44.0
1784617737.158876,382.855,1980,3201,86.0,62.0,44.0
1784617737.168894,382.855,1980,3201,86.0,62.0,44.0
1784617737.178895,382.855,1980,3201,86.0,62.0,44.0
1784617737.188891,384.334,1980,3201,86.0,62.0,44.0
1784617737.198873,384.334,1980,3201,86.0,62.0,44.0
1784617737.208879,384.334,1980,3201,80.0,58.0,44.0
1784617737.218892,384.334,1980,3201,80.0,58.0,44.0
1784617737.228873,384.334,1980,3201,80.0,58.0,45.0
1784617737.238893,384.334,1980,3201,80.0,58.0,45.0
1784617737.248878,384.334,1980,3201,80.0,58.0,45.0
1784617737.258874,384.334,1980,3201,80.0,58.0,45.0
1784617737.268877,384.334,1980,3201,80.0,58.0,45.0
1784617737.278877,384.334,1980,3201,80.0,58.0,45.0
1784617737.288878,385.541,1980,3201,80.0,58.0,45.0
1784617737.298877,385.541,1980,3201,80.0,58.0,45.0
1784617737.308878,385.541,1980,3201,80.0,58.0,45.0
1784617737.318874,385.541,1980,3201,80.0,58.0,45.0
1784617737.328878,385.541,1980,3201,80.0,58.0,45.0
1784617737.338877,385.541,1980,3201,80.0,58.0,45.0
1784617737.348899,385.541,1980,3201,80.0,58.0,45.0
1784617737.358877,385.541,1980,3201,80.0,58.0,45.0
1784617737.368877,385.541,1980,3201,80.0,58.0,45.0
1784617737.378967,385.541,1980,3201,80.0,58.0,45.0
1784617737.388940,386.323,1980,3201,80.0,58.0,45.0
1784617737.398897,386.323,1980,3201,80.0,58.0,45.0
1784617737.409118,386.323,1980,3201,86.0,63.0,45.0
1784617737.418899,386.323,1980,3201,86.0,63.0,45.0
1784617737.428896,386.323,1980,3201,86.0,63.0,45.0
1784617737.438999,386.323,1980,3201,86.0,63.0,45.0
1784617737.448896,386.323,1980,3201,86.0,63.0,45.0
1784617737.458897,386.323,1980,3201,86.0,63.0,45.0
1784617737.468896,386.323,1980,3201,86.0,63.0,45.0
1784617737.478898,386.323,1980,3201,86.0,63.0,45.0
1784617737.488895,387.291,1980,3201,86.0,63.0,45.0
1784617737.498895,387.291,1980,3201,86.0,63.0,45.0
1784617737.508896,387.291,1980,3201,86.0,63.0,45.0
1784617737.518895,387.291,1980,3201,86.0,63.0,45.0
1784617737.528895,387.291,1980,3201,86.0,63.0,45.0
1784617737.538902,387.291,1980,3201,86.0,63.0,45.0
1784617737.548894,387.291,1980,3201,86.0,63.0,45.0
1784617737.558919,387.291,1980,3201,86.0,63.0,45.0
1784617737.568894,387.291,1980,3201,86.0,63.0,45.0
1784617737.578895,387.291,1980,3201,86.0,63.0,45.0
1784617737.588894,389.378,1980,3201,86.0,63.0,45.0
1784617737.598879,389.378,1980,3201,86.0,63.0,45.0
1784617737.608878,389.378,1980,3201,86.0,63.0,45.0
1784617737.618895,389.378,1980,3201,86.0,63.0,45.0
1784617737.628879,389.378,1980,3201,86.0,63.0,45.0
1784617737.638895,389.378,1980,3201,86.0,63.0,45.0
1784617737.648895,389.378,1980,3201,86.0,63.0,45.0
1784617737.658894,389.378,1980,3201,86.0,63.0,45.0
1784617737.668898,389.378,1980,3201,86.0,63.0,45.0
1784617737.678896,389.378,1980,3201,86.0,63.0,45.0
1784617737.688894,392.078,1980,3201,86.0,63.0,45.0
1784617737.698894,392.078,1980,3201,86.0,63.0,45.0
1784617737.708894,392.078,1980,3201,86.0,63.0,45.0
1784617737.718878,392.078,1980,3201,86.0,63.0,45.0
1784617737.728895,392.078,1980,3201,86.0,63.0,45.0
1784617737.738895,392.078,1980,3201,86.0,63.0,45.0
1784617737.748897,392.078,1980,3201,86.0,63.0,45.0
1784617737.758965,392.078,1980,3201,86.0,63.0,45.0
1784617737.768894,392.078,1980,3201,86.0,63.0,45.0
1784617737.778894,392.078,1980,3201,86.0,63.0,45.0
1784617737.788894,393.484,1980,3201,86.0,63.0,45.0
1784617737.798880,393.484,1980,3201,86.0,63.0,45.0
1784617737.808894,393.484,1980,3201,85.0,62.0,45.0
1784617737.818893,393.484,1980,3201,85.0,62.0,45.0
1784617737.828880,393.484,1980,3201,85.0,62.0,45.0
1784617737.838895,393.484,1980,3201,85.0,62.0,45.0
1784617737.848895,393.484,1980,3201,85.0,62.0,45.0
1784617737.858879,393.484,1980,3201,85.0,62.0,45.0
1784617737.868894,393.484,1980,3201,85.0,62.0,45.0
1784617737.878893,393.484,1980,3201,85.0,62.0,45.0
1784617737.888883,393.791,1980,3201,85.0,62.0,45.0
1784617737.898919,393.791,1980,3201,85.0,62.0,45.0
1784617737.908893,393.791,1980,3201,85.0,62.0,45.0
1784617737.918927,393.791,1980,3201,85.0,62.0,45.0
1784617737.928895,393.791,1980,3201,85.0,62.0,45.0
1784617737.938893,393.791,1980,3201,85.0,62.0,45.0
1784617737.948896,393.791,1980,3201,85.0,62.0,45.0
1784617737.958893,393.791,1980,3201,85.0,62.0,45.0
1784617737.968894,393.791,1980,3201,85.0,62.0,45.0
1784617737.978893,393.791,1980,3201,85.0,62.0,45.0
1784617737.988896,394.023,1980,3201,85.0,62.0,45.0
1784617737.998879,394.023,1980,3201,85.0,62.0,45.0
1784617738.008902,394.023,1980,3201,86.0,63.0,45.0
1784617738.018893,394.023,1980,3201,86.0,63.0,45.0
1784617738.028879,394.023,1980,3201,86.0,63.0,45.0
1784617738.038876,394.023,1980,3201,86.0,63.0,45.0
1784617738.048894,394.023,1980,3201,86.0,63.0,45.0
1784617738.059076,394.023,1980,3201,86.0,63.0,45.0
1784617738.068877,394.023,1980,3201,86.0,63.0,45.0
1784617738.078878,394.023,1980,3201,86.0,63.0,45.0
1784617738.089089,394.681,1980,3201,86.0,63.0,45.0
1784617738.098877,394.681,1980,3201,86.0,63.0,45.0
1784617738.108878,394.681,1980,3201,86.0,63.0,45.0
1784617738.119120,394.681,1980,3201,86.0,63.0,45.0
1784617738.128879,394.681,1980,3201,86.0,63.0,45.0
1784617738.138877,394.681,1980,3201,86.0,63.0,45.0
1784617738.148871,394.681,1980,3201,86.0,63.0,45.0
1784617738.158876,394.681,1980,3201,86.0,63.0,45.0
1784617738.168878,394.681,1980,3201,86.0,63.0,45.0
1784617738.178871,394.681,1980,3201,86.0,63.0,45.0
1784617738.188877,394.733,1980,3201,86.0,63.0,45.0
1784617738.198953,394.733,1980,3201,86.0,63.0,45.0
1784617738.208898,394.733,1980,3201,86.0,63.0,45.0
1784617738.218899,394.733,1980,3201,86.0,63.0,45.0
1784617738.228894,394.733,1980,3201,86.0,63.0,45.0
1784617738.238897,394.733,1980,3201,86.0,63.0,45.0
1784617738.248895,394.733,1980,3201,86.0,63.0,45.0
1784617738.258910,394.733,1980,3201,86.0,63.0,45.0
1784617738.268895,394.733,1980,3201,86.0,63.0,45.0
1784617738.278916,394.733,1980,3201,86.0,63.0,45.0
1784617738.288878,394.564,1980,3201,86.0,63.0,45.0
1784617738.298896,394.564,1980,3201,86.0,63.0,45.0
1784617738.308893,394.564,1980,3201,86.0,63.0,45.0
1784617738.319095,394.564,1980,3201,86.0,63.0,45.0
1784617738.328879,394.564,1980,3201,86.0,63.0,45.0
1784617738.338893,394.564,1980,3201,86.0,63.0,45.0
1784617738.348974,394.564,1980,3201,86.0,63.0,45.0
1784617738.358894,394.564,1980,3201,86.0,63.0,45.0
1784617738.368896,394.564,1980,3201,86.0,63.0,45.0
1784617738.378879,394.564,1980,3201,86.0,63.0,45.0
1784617738.388893,395.162,1980,3201,86.0,63.0,45.0
1784617738.398893,395.162,1980,3201,86.0,63.0,45.0
1784617738.408893,395.162,1980,3201,86.0,62.0,45.0
1784617738.418894,395.162,1980,3201,86.0,62.0,45.0
1784617738.428894,395.162,1980,3201,86.0,62.0,45.0
1784617738.438893,395.162,1980,3201,86.0,62.0,45.0
1784617738.448895,395.162,1980,3201,86.0,62.0,45.0
1784617738.458893,395.162,1980,3201,86.0,62.0,45.0
1784617738.468893,395.162,1980,3201,86.0,62.0,45.0
1784617738.478893,395.162,1980,3201,86.0,62.0,45.0
1784617738.489084,395.218,1980,3201,86.0,62.0,45.0
1784617738.498937,395.218,1980,3201,86.0,62.0,45.0
1784617738.508894,395.218,1980,3201,86.0,62.0,45.0
1784617738.518881,395.218,1980,3201,86.0,62.0,45.0
1784617738.528895,395.218,1980,3201,86.0,62.0,45.0
1784617738.538893,395.218,1980,3201,86.0,62.0,45.0
1784617738.548938,395.218,1980,3201,86.0,62.0,45.0
1784617738.558895,395.218,1980,3201,86.0,62.0,45.0
1784617738.568893,395.218,1980,3201,86.0,62.0,45.0
1784617738.578894,395.218,1980,3201,86.0,62.0,45.0
1784617738.588894,395.542,1980,3201,86.0,62.0,45.0
1784617738.598894,395.542,1980,3201,86.0,62.0,45.0
1784617738.608894,395.542,1980,3201,85.0,62.0,45.0
1784617738.618876,395.542,1980,3201,85.0,62.0,45.0
1784617738.629472,395.542,1980,3201,85.0,62.0,45.0
1784617738.638935,395.542,1980,3201,85.0,62.0,45.0
1784617738.648895,395.542,1980,3201,85.0,62.0,45.0
1784617738.658898,395.542,1980,3201,85.0,62.0,45.0
1784617738.668896,395.542,1980,3201,85.0,62.0,45.0
1784617738.678892,395.542,1980,3201,85.0,62.0,45.0
1784617738.688895,395.168,1980,3201,85.0,62.0,45.0
1784617738.698920,395.168,1980,3201,85.0,62.0,45.0
1784617738.708879,395.168,1980,3201,85.0,62.0,45.0
1784617738.718879,395.168,1980,3201,85.0,62.0,45.0
1784617738.728878,395.168,1980,3201,85.0,62.0,45.0
1784617738.738876,395.168,1980,3201,85.0,62.0,45.0
1784617738.748897,395.168,1980,3201,85.0,62.0,45.0
1784617738.758904,395.168,1980,3201,85.0,62.0,45.0
1784617738.768897,395.168,1980,3201,85.0,62.0,45.0
1784617738.778922,395.168,1980,3201,85.0,62.0,45.0
1784617738.788893,395.312,1980,3201,85.0,62.0,45.0
1784617738.798941,395.312,1980,3201,85.0,62.0,45.0
1784617738.808901,395.312,1980,3201,86.0,63.0,45.0
1784617738.818895,395.312,1980,3201,86.0,63.0,45.0
1784617738.828896,395.312,1980,3201,86.0,63.0,46.0
1784617738.838876,395.312,1980,3201,86.0,63.0,46.0
1784617738.848897,395.312,1980,3201,86.0,63.0,46.0
1784617738.858896,395.312,1980,3201,86.0,63.0,46.0
1784617738.868879,395.312,1980,3201,86.0,63.0,46.0
1784617738.878896,395.312,1980,3201,86.0,63.0,46.0
1784617738.888930,395.622,1980,3201,86.0,63.0,46.0
1784617738.898896,395.622,1980,3201,86.0,63.0,46.0
1784617738.908900,395.622,1980,3201,86.0,63.0,46.0
1784617738.918898,395.622,1980,3201,86.0,63.0,46.0
1784617738.928897,395.622,1980,3201,86.0,63.0,46.0
1784617738.938896,395.622,1980,3201,86.0,63.0,46.0
1784617738.949248,395.622,1980,3201,86.0,63.0,46.0
1784617738.958896,395.622,1980,3201,86.0,63.0,46.0
1784617738.968897,395.622,1980,3201,86.0,63.0,46.0
1784617738.978897,395.622,1980,3201,86.0,63.0,46.0
1784617738.988897,396.494,1980,3201,86.0,63.0,46.0
1784617738.998893,396.494,1980,3201,86.0,63.0,46.0
1784617739.008899,396.494,1980,3201,85.0,62.0,46.0
1784617739.018897,396.494,1980,3201,85.0,62.0,46.0
1784617739.028876,396.494,1980,3201,85.0,62.0,46.0
1784617739.038898,396.494,1980,3201,85.0,62.0,46.0
1784617739.048893,396.494,1980,3201,85.0,62.0,46.0
1784617739.059069,396.494,1980,3201,85.0,62.0,46.0
1784617739.068913,396.494,1980,3201,85.0,62.0,46.0
1784617739.078896,396.494,1980,3201,85.0,62.0,46.0
1784617739.088899,398.215,1980,3201,85.0,62.0,46.0
1784617739.098895,398.215,1980,3201,85.0,62.0,46.0
1784617739.108895,398.215,1980,3201,85.0,62.0,46.0
1784617739.118890,398.215,1980,3201,85.0,62.0,46.0
1784617739.128894,398.215,1980,3201,85.0,62.0,45.0
1784617739.138894,398.215,1980,3201,85.0,62.0,45.0
1784617739.148893,398.215,1980,3201,85.0,62.0,45.0
1784617739.158896,398.215,1980,3201,85.0,62.0,45.0
1784617739.168933,398.215,1980,3201,85.0,62.0,45.0
1784617739.178894,398.215,1980,3201,85.0,62.0,45.0
1784617739.188896,398.473,1980,3201,85.0,62.0,45.0
1784617739.198882,398.473,1980,3201,85.0,62.0,45.0
1784617739.208896,398.473,1980,3201,86.0,63.0,45.0
1784617739.218882,398.473,1980,3201,86.0,63.0,45.0
1784617739.228894,398.473,1980,3201,86.0,63.0,45.0
1784617739.238893,398.473,1980,3201,86.0,63.0,45.0
1784617739.248877,398.473,1980,3201,86.0,63.0,45.0
1784617739.258895,398.473,1980,3201,86.0,63.0,45.0
1784617739.268894,398.473,1980,3201,86.0,63.0,45.0
1784617739.279450,398.473,1980,3201,86.0,63.0,45.0
1784617739.288897,397.970,1980,3201,86.0,63.0,45.0
1784617739.298898,397.970,1980,3201,86.0,63.0,45.0
1784617739.308898,397.970,1980,3201,86.0,63.0,45.0
1784617739.318905,397.970,1980,3201,86.0,63.0,45.0
1784617739.328894,397.970,1980,3201,86.0,63.0,45.0
1784617739.338899,397.970,1980,3201,86.0,63.0,45.0
1784617739.348897,397.970,1980,3201,86.0,63.0,45.0
1784617739.359063,397.970,1980,3201,86.0,63.0,45.0
1784617739.368903,397.970,1980,3201,86.0,63.0,45.0
1784617739.378897,397.970,1980,3201,86.0,63.0,45.0
1784617739.389350,397.565,1980,3201,86.0,63.0,45.0
1784617739.398880,397.565,1980,3201,86.0,63.0,45.0
1784617739.408882,397.565,1980,3201,86.0,62.0,45.0
1784617739.419044,397.565,1980,3201,86.0,62.0,45.0
1784617739.428895,397.565,1980,3201,86.0,62.0,45.0
1784617739.438932,397.565,1980,3201,86.0,62.0,45.0
1784617739.448895,397.565,1980,3201,86.0,62.0,45.0
1784617739.458894,397.565,1980,3201,86.0,62.0,45.0
1784617739.468894,397.565,1980,3201,86.0,62.0,45.0
1784617739.478897,397.565,1980,3201,86.0,62.0,45.0
1784617739.488894,397.565,1980,3201,86.0,62.0,45.0
1784617739.498894,398.395,1980,3201,86.0,62.0,45.0
1784617739.508895,398.395,1980,3201,86.0,62.0,45.0
1784617739.518895,398.395,1980,3201,86.0,62.0,45.0
1784617739.528897,398.395,1980,3201,86.0,62.0,45.0
1784617739.538899,398.395,1980,3201,86.0,62.0,45.0
1784617739.548875,398.395,1980,3201,86.0,62.0,45.0
1784617739.558894,398.395,1980,3201,86.0,62.0,45.0
1784617739.568903,398.395,1980,3201,86.0,62.0,45.0
1784617739.578896,398.395,1980,3201,86.0,62.0,45.0
1784617739.588893,398.395,1980,3201,86.0,62.0,45.0
1784617739.599115,397.191,1980,3201,86.0,62.0,45.0
1784617739.608893,397.191,1980,3201,86.0,62.0,45.0
1784617739.618906,397.191,1980,3201,85.0,62.0,45.0
1784617739.628930,397.191,1980,3201,85.0,62.0,45.0
1784617739.638895,397.191,1980,3201,85.0,62.0,45.0
1784617739.648918,397.191,1980,3201,85.0,62.0,45.0
1784617739.658894,397.191,1980,3201,85.0,62.0,45.0
1784617739.668900,397.191,1980,3201,85.0,62.0,45.0
1784617739.678882,397.191,1980,3201,85.0,62.0,45.0
1784617739.688893,397.191,1980,3201,85.0,62.0,45.0
1784617739.698894,397.199,1980,3201,85.0,62.0,45.0
1784617739.708878,397.199,1980,3201,85.0,62.0,45.0
1784617739.718894,397.199,1980,3201,85.0,62.0,45.0
1784617739.728897,397.199,1980,3201,85.0,62.0,45.0
1784617739.738993,397.199,1980,3201,85.0,62.0,45.0
1784617739.748876,397.199,1980,3201,85.0,62.0,45.0
1784617739.758878,397.199,1980,3201,85.0,62.0,45.0
1784617739.768878,397.199,1980,3201,85.0,62.0,45.0
1784617739.778878,397.199,1980,3201,85.0,62.0,45.0
1784617739.788872,397.199,1980,3201,85.0,62.0,45.0
1784617739.798877,396.975,1980,3201,85.0,62.0,45.0
1784617739.808877,396.975,1980,3201,85.0,62.0,45.0
1784617739.818870,396.975,1980,3201,86.0,63.0,45.0
1784617739.828876,396.975,1980,3201,86.0,63.0,45.0
1784617739.838870,396.975,1980,3201,86.0,63.0,45.0
1784617739.848865,396.975,1980,3201,86.0,63.0,45.0
1784617739.858876,396.975,1980,3201,86.0,63.0,45.0
1784617739.868866,396.975,1980,3201,86.0,63.0,45.0
1784617739.878868,396.975,1980,3201,86.0,63.0,45.0
1784617739.888892,396.975,1980,3201,86.0,63.0,45.0
1784617739.898872,396.651,1980,3201,86.0,63.0,45.0
1784617739.908893,396.651,1980,3201,86.0,63.0,45.0
1784617739.918896,396.651,1980,3201,86.0,63.0,45.0
1784617739.928895,396.651,1980,3201,86.0,63.0,45.0
1784617739.938895,396.651,1980,3201,86.0,63.0,45.0
1784617739.948894,396.651,1980,3201,86.0,63.0,45.0
1784617739.958926,396.651,1980,3201,86.0,63.0,45.0
1784617739.968899,396.651,1980,3201,86.0,63.0,45.0
1784617739.978925,396.651,1980,3201,86.0,63.0,45.0
1784617739.988899,396.651,1980,3201,86.0,63.0,45.0
1784617739.998896,395.287,1980,3201,86.0,63.0,45.0
1784617740.008895,395.287,1980,3201,86.0,63.0,45.0
1784617740.018930,395.287,1980,3201,86.0,63.0,45.0
1784617740.028897,395.287,1980,3201,86.0,63.0,45.0
1784617740.038895,395.287,1980,3201,86.0,63.0,45.0
1784617740.048882,395.287,1980,3201,86.0,63.0,45.0
1784617740.058895,395.287,1980,3201,86.0,63.0,45.0
1784617740.068895,395.287,1980,3201,86.0,63.0,45.0
1784617740.078895,395.287,1980,3201,86.0,63.0,45.0
1784617740.088900,395.287,1980,3201,86.0,63.0,45.0
1784617740.098902,394.140,1980,3201,86.0,63.0,45.0
1784617740.108895,394.140,1980,3201,86.0,63.0,45.0
1784617740.118897,394.140,1980,3201,86.0,63.0,45.0
1784617740.128906,394.140,1980,3201,86.0,63.0,45.0
1784617740.138895,394.140,1980,3201,86.0,63.0,45.0
1784617740.148871,394.140,1980,3201,86.0,63.0,45.0
1784617740.158869,394.140,1980,3201,86.0,63.0,45.0
1784617740.168894,394.140,1980,3201,86.0,63.0,45.0
1784617740.178883,394.140,1980,3201,86.0,63.0,45.0
1784617740.188993,394.140,1980,3201,86.0,63.0,45.0
1784617740.198894,393.022,1980,3201,86.0,63.0,45.0
1784617740.208896,393.022,1980,3201,86.0,63.0,45.0
1784617740.218873,393.022,1980,3201,87.0,63.0,45.0
1784617740.228894,393.022,1980,3201,87.0,63.0,45.0
1784617740.238882,393.022,1980,3201,87.0,63.0,45.0
1784617740.248876,393.022,1980,3201,87.0,63.0,45.0
1784617740.258897,393.022,1980,3201,87.0,63.0,45.0
1784617740.268871,393.022,1980,3201,87.0,63.0,45.0
1784617740.278893,393.022,1980,3201,87.0,63.0,45.0
1784617740.288896,393.022,1980,3201,87.0,63.0,45.0
1784617740.298872,392.404,1980,3201,87.0,63.0,45.0
1784617740.308872,392.404,1980,3201,87.0,63.0,45.0
1784617740.318870,392.404,1980,3201,87.0,63.0,45.0
1784617740.328868,392.404,1980,3201,87.0,63.0,45.0
1784617740.338893,392.404,1980,3201,87.0,63.0,45.0
1784617740.348878,392.404,1980,3201,87.0,63.0,45.0
1784617740.358869,392.404,1980,3201,87.0,63.0,45.0
1784617740.368896,392.404,1980,3201,87.0,63.0,45.0
1784617740.378892,392.404,1980,3201,87.0,63.0,45.0
1784617740.388892,392.404,1980,3201,87.0,63.0,45.0
1784617740.398895,391.600,1980,3201,87.0,63.0,45.0
1784617740.408893,391.600,1980,3201,87.0,63.0,45.0
1784617740.418869,391.600,1980,3201,87.0,63.0,45.0
1784617740.428895,391.600,1980,3201,87.0,63.0,45.0
1784617740.438893,391.600,1980,3201,87.0,63.0,45.0
1784617740.448868,391.600,1980,3201,87.0,63.0,45.0
1784617740.458922,391.600,1980,3201,87.0,63.0,45.0
1784617740.468872,391.600,1980,3201,87.0,63.0,45.0
1784617740.478868,391.600,1980,3201,87.0,63.0,45.0
1784617740.488893,391.600,1980,3201,87.0,63.0,45.0
1784617740.498873,390.290,1980,3201,87.0,63.0,45.0
1784617740.508869,390.290,1980,3201,87.0,63.0,45.0
1784617740.518893,390.290,1980,3201,87.0,63.0,45.0
1784617740.528895,390.290,1980,3201,87.0,63.0,45.0
1784617740.538870,390.290,1980,3201,87.0,63.0,45.0
1784617740.548876,390.290,1980,3201,87.0,63.0,45.0
1784617740.558872,390.290,1980,3201,87.0,63.0,45.0
1784617740.568868,390.290,1980,3201,87.0,63.0,45.0
1784617740.578893,390.290,1980,3201,87.0,63.0,45.0
1784617740.588873,390.290,1980,3201,87.0,63.0,45.0
1784617740.598868,388.831,1980,3201,87.0,63.0,45.0
1784617740.608892,388.831,1980,3201,87.0,63.0,45.0
1784617740.618892,388.831,1980,3201,86.0,63.0,45.0
1784617740.628871,388.831,1980,3201,86.0,63.0,45.0
1784617740.638894,388.831,1980,3201,86.0,63.0,45.0
1784617740.648869,388.831,1980,3201,86.0,63.0,45.0
1784617740.658869,388.831,1980,3201,86.0,63.0,45.0
1784617740.668893,388.831,1980,3201,86.0,63.0,45.0
1784617740.678881,388.831,1980,3201,86.0,63.0,45.0
1784617740.688870,388.831,1980,3201,86.0,63.0,45.0
1784617740.698892,386.976,1980,3201,86.0,63.0,45.0
1784617740.708935,386.976,1980,3201,86.0,63.0,45.0
1784617740.718869,386.976,1980,3201,86.0,63.0,45.0
1784617740.728893,386.976,1980,3201,86.0,63.0,45.0
1784617740.738902,386.976,1980,3201,86.0,63.0,45.0
1784617740.748869,386.976,1980,3201,86.0,63.0,45.0
1784617740.758907,386.976,1980,3201,86.0,63.0,45.0
1784617740.768895,386.976,1980,3201,86.0,63.0,45.0
1784617740.778870,386.976,1980,3201,86.0,63.0,45.0
1784617740.788897,386.976,1980,3201,86.0,63.0,45.0
1784617740.798933,385.560,1980,3201,86.0,63.0,45.0
1784617740.808870,385.560,1980,3201,86.0,63.0,45.0
1784617740.818892,385.560,1980,3201,86.0,63.0,45.0
1784617740.828893,385.560,1980,3201,86.0,63.0,45.0
1784617740.838870,385.560,1980,3201,86.0,63.0,45.0
1784617740.848892,385.560,1980,3201,86.0,63.0,45.0
1784617740.858883,385.560,1980,3201,86.0,63.0,45.0
1784617740.868873,385.560,1980,3201,86.0,63.0,45.0
1784617740.878892,385.560,1980,3201,86.0,63.0,45.0
1784617740.888893,385.560,1980,3201,86.0,63.0,45.0
1784617740.898870,384.211,1980,3201,86.0,63.0,45.0
1784617740.908892,384.211,1980,3201,86.0,63.0,45.0
1784617740.918871,384.211,1980,3201,86.0,63.0,45.0
1784617740.928871,384.211,1980,3201,86.0,63.0,45.0
1784617740.938920,384.211,1980,3201,86.0,63.0,45.0
1784617740.948892,384.211,1980,3201,86.0,63.0,45.0
1784617740.958902,384.211,1980,3201,86.0,63.0,45.0
1784617740.968893,384.211,1980,3201,86.0,63.0,45.0
1784617740.978883,384.211,1980,3201,86.0,63.0,45.0
1784617740.988951,384.211,1980,3201,86.0,63.0,45.0
1784617740.998893,383.743,1980,3201,86.0,63.0,45.0
1784617741.008872,383.743,1980,3201,86.0,63.0,45.0
1784617741.018872,383.743,1980,3201,86.0,62.0,45.0
1784617741.028893,383.743,1980,3201,86.0,62.0,45.0
1784617741.038883,383.743,1980,3201,86.0,62.0,45.0
1784617741.048874,383.743,1980,3201,86.0,62.0,45.0
1784617741.058893,383.743,1980,3201,86.0,62.0,45.0
1784617741.068869,383.743,1980,3201,86.0,62.0,45.0
1784617741.078870,383.743,1980,3201,86.0,62.0,45.0
1784617741.088894,383.743,1980,3201,86.0,62.0,45.0
1784617741.098872,383.317,1980,3201,86.0,62.0,45.0
1784617741.108904,383.317,1980,3201,86.0,62.0,45.0
1784617741.118880,383.317,1980,3201,86.0,62.0,45.0
1784617741.128882,383.317,1980,3201,86.0,62.0,45.0
1784617741.138881,383.317,1980,3201,86.0,62.0,45.0
1784617741.148875,383.317,1980,3201,86.0,62.0,45.0
1784617741.158883,383.317,1980,3201,86.0,62.0,45.0
1784617741.168881,383.317,1980,3201,86.0,62.0,45.0
1784617741.178880,383.317,1980,3201,86.0,62.0,45.0
1784617741.188880,383.317,1980,3201,86.0,62.0,45.0
1784617741.198883,382.389,1980,3201,86.0,62.0,45.0
1784617741.208879,382.389,1980,3201,86.0,62.0,45.0
1784617741.218882,382.389,1980,3201,87.0,63.0,45.0
1784617741.228882,382.389,1980,3201,87.0,63.0,45.0
1784617741.238881,382.389,1980,3201,87.0,63.0,45.0
1784617741.248877,382.389,1980,3201,87.0,63.0,45.0
1784617741.258881,382.389,1980,3201,87.0,63.0,45.0
1784617741.268879,382.389,1980,3201,87.0,63.0,45.0
1784617741.278883,382.389,1980,3201,87.0,63.0,45.0
1784617741.288881,382.389,1980,3201,87.0,63.0,45.0
1784617741.298878,382.737,1980,3201,87.0,63.0,45.0
1784617741.308882,382.737,1980,3201,87.0,63.0,45.0
1784617741.318877,382.737,1980,3201,87.0,63.0,45.0
1784617741.328877,382.737,1980,3201,87.0,63.0,45.0
1784617741.338902,382.737,1980,3201,87.0,63.0,45.0
1784617741.348877,382.737,1980,3201,87.0,63.0,45.0
1784617741.358876,382.737,1980,3201,87.0,63.0,45.0
1784617741.368924,382.737,1980,3201,87.0,63.0,45.0
1784617741.378875,382.737,1980,3201,87.0,63.0,45.0
1784617741.388876,382.737,1980,3201,87.0,63.0,45.0
1784617741.398873,382.949,1980,3201,87.0,63.0,45.0
1784617741.408875,382.949,1980,3201,87.0,63.0,45.0
1784617741.418876,382.949,1980,3201,86.0,63.0,45.0
1784617741.428874,382.949,1980,3201,86.0,63.0,45.0
1784617741.438874,382.949,1980,3201,86.0,63.0,45.0
1784617741.448874,382.949,1980,3201,86.0,63.0,45.0
1784617741.458891,382.949,1980,3201,86.0,63.0,45.0
1784617741.468882,382.949,1980,3201,86.0,63.0,45.0
1784617741.478894,382.949,1980,3201,86.0,63.0,45.0
1784617741.488883,382.949,1980,3201,86.0,63.0,45.0
1784617741.498882,383.199,1980,3201,86.0,63.0,45.0
1784617741.508893,383.199,1980,3201,86.0,63.0,45.0
1784617741.518880,383.199,1980,3201,86.0,63.0,45.0
1784617741.528880,383.199,1980,3201,86.0,63.0,45.0
1784617741.539051,383.199,1980,3201,86.0,63.0,45.0
1784617741.548879,383.199,1980,3201,86.0,63.0,45.0
1784617741.558879,383.199,1980,3201,86.0,63.0,45.0
1784617741.568876,383.199,1980,3201,86.0,63.0,45.0
1784617741.578877,383.199,1980,3201,86.0,63.0,45.0
1784617741.588878,383.199,1980,3201,86.0,63.0,45.0
1784617741.598877,383.057,1980,3201,86.0,63.0,45.0
1784617741.608877,383.057,1980,3201,86.0,63.0,45.0
1784617741.618880,383.057,1980,3201,86.0,63.0,45.0
1784617741.628875,383.057,1980,3201,86.0,63.0,45.0
1784617741.638875,383.057,1980,3201,86.0,63.0,45.0
1784617741.648877,383.057,1980,3201,86.0,63.0,45.0
1784617741.658875,383.057,1980,3201,86.0,63.0,45.0
1784617741.668875,383.057,1980,3201,86.0,63.0,45.0
1784617741.678876,383.057,1980,3201,86.0,63.0,45.0
1784617741.688874,383.057,1980,3201,86.0,63.0,45.0
1784617741.698874,383.034,1980,3201,86.0,63.0,45.0
1784617741.708874,383.034,1980,3201,86.0,63.0,45.0
1784617741.718980,383.034,1980,3201,86.0,63.0,45.0
1784617741.728903,383.034,1980,3201,86.0,63.0,45.0
1784617741.738870,383.034,1980,3201,86.0,63.0,45.0
1784617741.748875,383.034,1980,3201,86.0,63.0,45.0
1784617741.758895,383.034,1980,3201,86.0,63.0,45.0
1784617741.768870,383.034,1980,3201,86.0,63.0,45.0
1784617741.778894,383.034,1980,3201,86.0,63.0,45.0
1784617741.788890,383.034,1980,3201,86.0,63.0,45.0
1784617741.798869,382.802,1980,3201,86.0,63.0,45.0
1784617741.808895,382.802,1980,3201,86.0,63.0,45.0
1784617741.818894,382.802,1980,3201,86.0,63.0,45.0
1784617741.828874,382.802,1980,3201,86.0,63.0,45.0
1784617741.838881,382.802,1980,3201,86.0,63.0,45.0
1784617741.848870,382.802,1980,3201,86.0,63.0,45.0
1784617741.858897,382.802,1980,3201,86.0,63.0,45.0
1784617741.868895,382.802,1980,3201,86.0,63.0,45.0
1784617741.878872,382.802,1980,3201,86.0,63.0,45.0
1784617741.889077,382.802,1980,3201,86.0,63.0,45.0
1784617741.898894,382.497,1980,3201,86.0,63.0,45.0
1784617741.908872,382.497,1980,3201,86.0,63.0,45.0
1784617741.918871,382.497,1980,3201,86.0,63.0,45.0
1784617741.928894,382.497,1980,3201,86.0,63.0,45.0
1784617741.938893,382.497,1980,3201,86.0,63.0,45.0
1784617741.948883,382.497,1980,3201,86.0,63.0,45.0
1784617741.959018,382.497,1980,3201,86.0,63.0,45.0
1784617741.968881,382.497,1980,3201,86.0,63.0,45.0
1784617741.978894,382.497,1980,3201,86.0,63.0,45.0
1784617741.988883,382.497,1980,3201,86.0,63.0,45.0
1784617741.998940,383.042,1980,3201,86.0,63.0,45.0
1784617742.008892,383.042,1980,3201,86.0,63.0,45.0
1784617742.018893,383.042,1980,3201,86.0,62.0,45.0
1784617742.028873,383.042,1980,3201,86.0,62.0,45.0
1784617742.038893,383.042,1980,3201,86.0,62.0,45.0
1784617742.048893,383.042,1980,3201,86.0,62.0,45.0
1784617742.059011,383.042,1980,3201,86.0,62.0,45.0
1784617742.068894,383.042,1980,3201,86.0,62.0,45.0
1784617742.078893,383.042,1980,3201,86.0,62.0,45.0
1784617742.088901,383.042,1980,3201,86.0,62.0,45.0
1784617742.098896,383.589,1980,3201,86.0,62.0,45.0
1784617742.108895,383.589,1980,3201,86.0,62.0,45.0
1784617742.118897,383.589,1980,3201,86.0,62.0,45.0
1784617742.128897,383.589,1980,3201,86.0,62.0,45.0
1784617742.138895,383.589,1980,3201,86.0,62.0,45.0
1784617742.148858,383.589,1980,3201,86.0,62.0,45.0
1784617742.158922,383.589,1980,3201,86.0,62.0,45.0
1784617742.168872,383.589,1980,3201,86.0,62.0,45.0
1784617742.178922,383.589,1980,3201,86.0,62.0,45.0
1784617742.188896,383.589,1980,3201,86.0,62.0,45.0
1784617742.198881,383.946,1980,3201,86.0,62.0,45.0
1784617742.208892,383.946,1980,3201,86.0,62.0,45.0
1784617742.218893,383.946,1980,3201,86.0,63.0,45.0
1784617742.228883,383.946,1980,3201,86.0,63.0,45.0
1784617742.238894,383.946,1980,3201,86.0,63.0,45.0
1784617742.248897,383.946,1980,3201,86.0,63.0,45.0
1784617742.258894,383.946,1980,3201,86.0,63.0,45.0
1784617742.268891,383.946,1980,3201,86.0,63.0,45.0
1784617742.278896,383.946,1980,3201,86.0,63.0,45.0
1784617742.288894,383.946,1980,3201,86.0,63.0,45.0
1784617742.298892,385.744,1980,3201,86.0,63.0,45.0
1784617742.309041,385.744,1980,3201,86.0,63.0,45.0
1784617742.318898,385.744,1980,3201,86.0,63.0,45.0
1784617742.328894,385.744,1980,3201,86.0,63.0,45.0
1784617742.338894,385.744,1980,3201,86.0,63.0,45.0
1784617742.348892,385.744,1980,3201,86.0,63.0,45.0
1784617742.358884,385.744,1980,3201,86.0,63.0,45.0
1784617742.368891,385.744,1980,3201,86.0,63.0,45.0
1784617742.378883,385.744,1980,3201,86.0,63.0,45.0
1784617742.388895,385.744,1980,3201,86.0,63.0,45.0
1784617742.398891,386.091,1980,3201,86.0,63.0,45.0
1784617742.408894,386.091,1980,3201,86.0,63.0,45.0
1784617742.418884,386.091,1980,3201,86.0,63.0,45.0
1784617742.428895,386.091,1980,3201,86.0,63.0,45.0
1784617742.438893,386.091,1980,3201,86.0,63.0,45.0
1784617742.448884,386.091,1980,3201,86.0,63.0,45.0
1784617742.458892,386.091,1980,3201,86.0,63.0,45.0
1784617742.468883,386.091,1980,3201,86.0,63.0,45.0
1784617742.478893,386.091,1980,3201,86.0,63.0,45.0
1784617742.488891,386.091,1980,3201,86.0,63.0,45.0
1784617742.498879,387.262,1980,3201,86.0,63.0,45.0
1784617742.508882,387.262,1980,3201,86.0,63.0,45.0
1784617742.518893,387.262,1980,3201,86.0,63.0,45.0
1784617742.528878,387.262,1980,3201,86.0,63.0,45.0
1784617742.538882,387.262,1980,3201,86.0,63.0,45.0
1784617742.548892,387.262,1980,3201,86.0,63.0,45.0
1784617742.558882,387.262,1980,3201,86.0,63.0,45.0
1784617742.568882,387.262,1980,3201,86.0,63.0,45.0
1784617742.578895,387.262,1980,3201,86.0,63.0,45.0
1784617742.588883,387.262,1980,3201,86.0,63.0,45.0
1784617742.598882,388.597,1980,3201,86.0,63.0,45.0
1784617742.608881,388.597,1980,3201,86.0,63.0,45.0
1784617742.618879,388.597,1980,3201,85.0,62.0,45.0
1784617742.628890,388.597,1980,3201,85.0,62.0,45.0
1784617742.638890,388.597,1980,3201,85.0,62.0,45.0
1784617742.648881,388.597,1980,3201,85.0,62.0,45.0
1784617742.658953,388.597,1980,3201,85.0,62.0,45.0
1784617742.668880,388.597,1980,3201,85.0,62.0,45.0
1784617742.678882,388.597,1980,3201,85.0,62.0,45.0
1784617742.688877,388.597,1980,3201,85.0,62.0,45.0
1784617742.698881,390.440,1980,3201,85.0,62.0,45.0
1784617742.708895,390.440,1980,3201,85.0,62.0,45.0
1784617742.718882,390.440,1980,3201,85.0,62.0,45.0
1784617742.728880,390.440,1980,3201,85.0,62.0,45.0
1784617742.738936,390.440,1980,3201,85.0,62.0,45.0
1784617742.748878,390.440,1980,3201,85.0,62.0,45.0
1784617742.758879,390.440,1980,3201,85.0,62.0,45.0
1784617742.768877,390.440,1980,3201,85.0,62.0,45.0
1784617742.778877,390.440,1980,3201,85.0,62.0,45.0
1784617742.788877,390.440,1980,3201,85.0,62.0,45.0
1784617742.798879,392.553,1980,3201,85.0,62.0,45.0
1784617742.808877,392.553,1980,3201,85.0,62.0,45.0
1784617742.818879,392.553,1980,3201,85.0,62.0,45.0
1784617742.828877,392.553,1980,3201,85.0,62.0,45.0
1784617742.838877,392.553,1980,3201,85.0,62.0,45.0
1784617742.848875,392.553,1980,3201,85.0,62.0,45.0
1784617742.858876,392.553,1980,3201,85.0,62.0,45.0
1784617742.868876,392.553,1980,3201,85.0,62.0,45.0
1784617742.878873,392.553,1980,3201,85.0,62.0,45.0
1784617742.888875,392.553,1980,3201,85.0,62.0,45.0
1784617742.898876,393.935,1980,3201,85.0,62.0,45.0
1784617742.908875,393.935,1980,3201,85.0,62.0,45.0
1784617742.918877,393.935,1980,3201,85.0,62.0,45.0
1784617742.929085,393.935,1980,3201,85.0,62.0,45.0
1784617742.938941,393.935,1980,3201,85.0,62.0,46.0
1784617742.948873,393.935,1980,3201,85.0,62.0,46.0
1784617742.958893,393.935,1980,3201,85.0,62.0,46.0
1784617742.968894,393.935,1980,3201,85.0,62.0,46.0
1784617742.978895,393.935,1980,3201,85.0,62.0,46.0
1784617742.988896,393.935,1980,3201,85.0,62.0,46.0
1784617742.998894,396.156,1980,3201,85.0,62.0,46.0
1784617743.009012,396.156,1980,3201,85.0,62.0,46.0
1784617743.018896,396.156,1980,3201,85.0,62.0,46.0
1784617743.028894,396.156,1980,3201,85.0,62.0,46.0
1784617743.038878,396.156,1980,3201,85.0,62.0,45.0
1784617743.048896,396.156,1980,3201,85.0,62.0,45.0
1784617743.058900,396.156,1980,3201,85.0,62.0,45.0
1784617743.068894,396.156,1980,3201,85.0,62.0,45.0
1784617743.078896,396.156,1980,3201,85.0,62.0,45.0
1784617743.088896,396.156,1980,3201,85.0,62.0,45.0
1784617743.098896,397.556,1980,3201,85.0,62.0,45.0
1784617743.108895,397.556,1980,3201,85.0,62.0,45.0
1784617743.118895,397.556,1980,3201,85.0,62.0,45.0
1784617743.128895,397.556,1980,3201,85.0,62.0,45.0
1784617743.139058,397.556,1980,3201,85.0,62.0,45.0
1784617743.148894,397.556,1980,3201,85.0,62.0,45.0
1784617743.158895,397.556,1980,3201,85.0,62.0,45.0
1784617743.168895,397.556,1980,3201,85.0,62.0,45.0
1784617743.178898,397.556,1980,3201,85.0,62.0,45.0
1784617743.189334,397.556,1980,3201,85.0,62.0,45.0
1784617743.198895,398.624,1980,3201,85.0,62.0,45.0
1784617743.208901,398.624,1980,3201,85.0,62.0,45.0
1784617743.218905,398.624,1980,3201,84.0,61.0,45.0
1784617743.229050,398.624,1980,3201,84.0,61.0,45.0
1784617743.238882,398.624,1980,3201,84.0,61.0,45.0
1784617743.248897,398.624,1980,3201,84.0,61.0,45.0
1784617743.258896,398.624,1980,3201,84.0,61.0,45.0
1784617743.268894,398.624,1980,3201,84.0,61.0,45.0
1784617743.278883,398.624,1980,3201,84.0,61.0,45.0
1784617743.289034,398.624,1980,3201,84.0,61.0,45.0
1784617743.298898,396.657,1980,3201,84.0,61.0,45.0
1784617743.308908,396.657,1980,3201,84.0,61.0,45.0
1784617743.318897,396.657,1980,3201,84.0,61.0,45.0
1784617743.328894,396.657,1980,3201,84.0,61.0,45.0
1784617743.338877,396.657,1980,3201,84.0,61.0,45.0
1784617743.348904,396.657,1980,3201,84.0,61.0,45.0
1784617743.358906,396.657,1980,3201,84.0,61.0,45.0
1784617743.368932,396.657,1980,3201,84.0,61.0,45.0
1784617743.378896,396.657,1980,3201,84.0,61.0,45.0
1784617743.388895,396.657,1980,3201,84.0,61.0,45.0
1784617743.398878,395.831,1980,3201,84.0,61.0,45.0
1784617743.408905,395.831,1980,3201,84.0,61.0,45.0
1784617743.418892,395.831,1980,3201,82.0,60.0,45.0
1784617743.428907,395.831,1980,3201,82.0,60.0,45.0
1784617743.438877,395.831,1980,3201,82.0,60.0,45.0
1784617743.448901,395.831,1980,3201,82.0,60.0,45.0
1784617743.458896,395.831,1980,3201,82.0,60.0,45.0
1784617743.468895,395.831,1980,3201,82.0,60.0,45.0
1784617743.478882,395.831,1980,3201,82.0,60.0,45.0
1784617743.488898,395.831,1980,3201,82.0,60.0,45.0
1784617743.498907,395.085,1980,3201,82.0,60.0,45.0
1784617743.508908,395.085,1980,3201,82.0,60.0,45.0
1784617743.518903,395.085,1980,3201,82.0,60.0,45.0
1784617743.528895,395.085,1980,3201,82.0,60.0,45.0
1784617743.538881,395.085,1980,3201,82.0,60.0,45.0
1784617743.548937,395.085,1980,3201,82.0,60.0,45.0
1784617743.558883,395.085,1980,3201,82.0,60.0,45.0
1784617743.568896,395.085,1980,3201,82.0,60.0,45.0
1784617743.578979,395.085,1980,3201,82.0,60.0,45.0
1784617743.588899,395.085,1980,3201,82.0,60.0,45.0
1784617743.598926,395.252,1980,3201,82.0,60.0,45.0
1784617743.608907,395.252,1980,3201,82.0,60.0,45.0
1784617743.618954,395.252,1980,3201,86.0,63.0,45.0
1784617743.628896,395.252,1980,3201,86.0,63.0,45.0
1784617743.638876,395.252,1980,3201,86.0,63.0,45.0
1784617743.648947,395.252,1980,3201,86.0,63.0,45.0
1784617743.658899,395.252,1980,3201,86.0,63.0,45.0
1784617743.668905,395.252,1980,3201,86.0,63.0,45.0
1784617743.678895,395.252,1980,3201,86.0,63.0,45.0
1784617743.688897,395.252,1980,3201,86.0,63.0,45.0
1784617743.698894,393.678,1980,3201,86.0,63.0,45.0
1784617743.708898,393.678,1980,3201,86.0,63.0,45.0
1784617743.718892,393.678,1980,3201,86.0,63.0,45.0
1784617743.728897,393.678,1980,3201,86.0,63.0,45.0
1784617743.738873,393.678,1980,3201,86.0,63.0,45.0
1784617743.748895,393.678,1980,3201,86.0,63.0,45.0
1784617743.758895,393.678,1980,3201,86.0,63.0,45.0
1784617743.768878,393.678,1980,3201,86.0,63.0,45.0
1784617743.778877,393.678,1980,3201,86.0,63.0,45.0
1784617743.788877,393.678,1980,3201,86.0,63.0,45.0
1784617743.798898,392.579,1980,3201,86.0,63.0,45.0
1784617743.809211,392.579,1980,3201,86.0,63.0,45.0
1784617743.818891,392.579,1980,3201,86.0,62.0,45.0
1784617743.828896,392.579,1980,3201,86.0,62.0,45.0
1784617743.838877,392.579,1980,3201,86.0,62.0,45.0
1784617743.848928,392.579,1980,3201,86.0,62.0,45.0
1784617743.858895,392.579,1980,3201,86.0,62.0,45.0
1784617743.868927,392.579,1980,3201,86.0,62.0,45.0
1784617743.878931,392.579,1980,3201,86.0,62.0,45.0
1784617743.888935,392.579,1980,3201,86.0,62.0,45.0
1784617743.898929,392.049,1980,3201,86.0,62.0,45.0
1784617743.908896,392.049,1980,3201,86.0,62.0,45.0
1784617743.918875,392.049,1980,3201,86.0,62.0,45.0
1784617743.928921,392.049,1980,3201,86.0,62.0,45.0
1784617743.938877,392.049,1980,3201,86.0,62.0,45.0
1784617743.948910,392.049,1980,3201,86.0,62.0,45.0
1784617743.958894,392.049,1980,3201,86.0,62.0,45.0
1784617743.968893,392.049,1980,3201,86.0,62.0,45.0
1784617743.978932,392.049,1980,3201,86.0,62.0,45.0
1784617743.988897,392.049,1980,3201,86.0,62.0,45.0
1784617743.999001,390.950,1980,3201,86.0,62.0,45.0
1784617744.008897,390.950,1980,3201,86.0,62.0,45.0
1784617744.018895,390.950,1980,3201,85.0,62.0,45.0
1784617744.028894,390.950,1980,3201,85.0,62.0,45.0
1784617744.038876,390.950,1980,3201,85.0,62.0,45.0
1784617744.048894,390.950,1980,3201,85.0,62.0,45.0
1784617744.058895,390.950,1980,3201,85.0,62.0,45.0
1784617744.068894,390.950,1980,3201,85.0,62.0,45.0
1784617744.079009,390.950,1980,3201,85.0,62.0,45.0
1784617744.088874,390.950,1980,3201,85.0,62.0,45.0
1784617744.098891,389.103,1980,3201,85.0,62.0,45.0
1784617744.108901,389.103,1980,3201,85.0,62.0,45.0
1784617744.118871,389.103,1980,3201,85.0,62.0,45.0
1784617744.128876,389.103,1980,3201,85.0,62.0,45.0
1784617744.138876,389.103,1980,3201,85.0,62.0,45.0
1784617744.148926,389.103,1980,3201,85.0,62.0,45.0
1784617744.158876,389.103,1980,3201,85.0,62.0,45.0
1784617744.168878,389.103,1980,3201,85.0,62.0,45.0
1784617744.178880,389.103,1980,3201,85.0,62.0,45.0
1784617744.188877,389.103,1980,3201,85.0,62.0,45.0
1784617744.198878,388.382,1980,3201,85.0,62.0,45.0
1784617744.208878,388.382,1980,3201,85.0,62.0,45.0
1784617744.218876,388.382,1980,3201,86.0,62.0,45.0
1784617744.228878,388.382,1980,3201,86.0,62.0,45.0
1784617744.238947,388.382,1980,3201,86.0,62.0,45.0
1784617744.248897,388.382,1980,3201,86.0,62.0,45.0
1784617744.258878,388.382,1980,3201,86.0,62.0,45.0
1784617744.268893,388.382,1980,3201,86.0,62.0,45.0
1784617744.278893,388.382,1980,3201,86.0,62.0,45.0
1784617744.288893,388.382,1980,3201,86.0,62.0,45.0
1784617744.298893,389.212,1980,3201,86.0,62.0,45.0
1784617744.308893,389.212,1980,3201,86.0,62.0,45.0
1784617744.318878,389.212,1980,3201,86.0,62.0,45.0
1784617744.328893,389.212,1980,3201,86.0,62.0,45.0
1784617744.338908,389.212,1980,3201,86.0,62.0,45.0
1784617744.348878,389.212,1980,3201,86.0,62.0,45.0
1784617744.358893,389.212,1980,3201,86.0,62.0,45.0
1784617744.368893,389.212,1980,3201,86.0,62.0,45.0
1784617744.379066,389.212,1980,3201,86.0,62.0,45.0
1784617744.388894,389.212,1980,3201,86.0,62.0,45.0
1784617744.398893,389.298,1980,3201,86.0,62.0,45.0
1784617744.408878,389.298,1980,3201,86.0,62.0,45.0
1784617744.418895,389.298,1980,3201,86.0,63.0,45.0
1784617744.428893,389.298,1980,3201,86.0,63.0,45.0
1784617744.438894,389.298,1980,3201,86.0,63.0,45.0
1784617744.448893,389.298,1980,3201,86.0,63.0,45.0
1784617744.458892,389.298,1980,3201,86.0,63.0,45.0
1784617744.468894,389.298,1980,3201,86.0,63.0,45.0
1784617744.478893,389.298,1980,3201,86.0,63.0,45.0
1784617744.488891,389.298,1980,3201,86.0,63.0,45.0
1784617744.498900,389.298,1980,3201,86.0,63.0,45.0
1784617744.508909,388.712,1980,3201,86.0,63.0,45.0
1784617744.518894,388.712,1980,3201,86.0,63.0,45.0
1784617744.528894,388.712,1980,3201,86.0,63.0,45.0
1784617744.538894,388.712,1980,3201,86.0,63.0,45.0
1784617744.548877,388.712,1980,3201,86.0,63.0,45.0
1784617744.558895,388.712,1980,3201,86.0,63.0,45.0
1784617744.568893,388.712,1980,3201,86.0,63.0,45.0
1784617744.578877,388.712,1980,3201,86.0,63.0,45.0
1784617744.588907,388.712,1980,3201,86.0,63.0,45.0
1784617744.598905,388.712,1980,3201,86.0,63.0,45.0
1784617744.609091,387.071,1980,3201,86.0,63.0,45.0
1784617744.618895,387.071,1980,3201,86.0,63.0,45.0
1784617744.628895,387.071,1980,3201,86.0,62.0,45.0
1784617744.638878,387.071,1980,3201,86.0,62.0,45.0
1784617744.648897,387.071,1980,3201,86.0,62.0,45.0
1784617744.658897,387.071,1980,3201,86.0,62.0,45.0
1784617744.668985,387.071,1980,3201,86.0,62.0,45.0
1784617744.678894,387.071,1980,3201,86.0,62.0,45.0
1784617744.688894,387.071,1980,3201,86.0,62.0,45.0
1784617744.698894,387.071,1980,3201,86.0,62.0,45.0
1784617744.708889,387.731,1980,3201,86.0,62.0,45.0
1784617744.718871,387.731,1980,3201,86.0,62.0,45.0
1784617744.728893,387.731,1980,3201,86.0,62.0,45.0
1784617744.738894,387.731,1980,3201,86.0,62.0,45.0
1784617744.748873,387.731,1980,3201,86.0,62.0,45.0
1784617744.758893,387.731,1980,3201,86.0,62.0,45.0
1784617744.768895,387.731,1980,3201,86.0,62.0,45.0
1784617744.778963,387.731,1980,3201,86.0,62.0,45.0
1784617744.788905,387.731,1980,3201,86.0,62.0,45.0
1784617744.798932,387.731,1980,3201,86.0,62.0,45.0
1784617744.809011,388.497,1980,3201,86.0,62.0,45.0
1784617744.818895,388.497,1980,3201,86.0,62.0,45.0
1784617744.828872,388.497,1980,3201,85.0,62.0,45.0
1784617744.838893,388.497,1980,3201,85.0,62.0,45.0
1784617744.848897,388.497,1980,3201,85.0,62.0,45.0
1784617744.859279,388.497,1980,3201,85.0,62.0,45.0
1784617744.868906,388.497,1980,3201,85.0,62.0,45.0
1784617744.878894,388.497,1980,3201,85.0,62.0,45.0
1784617744.888904,388.497,1980,3201,85.0,62.0,45.0
1784617744.898894,388.497,1980,3201,85.0,62.0,45.0
1784617744.908890,390.357,1980,3201,85.0,62.0,45.0
1784617744.918894,390.357,1980,3201,85.0,62.0,45.0
1784617744.928893,390.357,1980,3201,85.0,62.0,45.0
1784617744.938879,390.357,1980,3201,85.0,62.0,45.0
1784617744.948941,390.357,1980,3201,85.0,62.0,45.0
1784617744.958892,390.357,1980,3201,85.0,62.0,45.0
1784617744.969297,390.357,1980,3201,85.0,62.0,45.0
1784617744.978894,390.357,1980,3201,85.0,62.0,45.0
1784617744.988892,390.357,1980,3201,85.0,62.0,45.0
1784617744.999260,390.357,1980,3201,85.0,62.0,45.0
1784617745.008895,391.598,1980,3201,85.0,62.0,45.0
1784617745.018893,391.598,1980,3201,85.0,62.0,45.0
1784617745.028893,391.598,1980,3201,86.0,63.0,45.0
1784617745.038897,391.598,1980,3201,86.0,63.0,45.0
1784617745.048912,391.598,1980,3201,86.0,63.0,45.0
1784617745.058894,391.598,1980,3201,86.0,63.0,45.0
1784617745.068921,391.598,1980,3201,86.0,63.0,45.0
1784617745.078915,391.598,1980,3201,86.0,63.0,45.0
1784617745.088896,391.598,1980,3201,86.0,63.0,45.0
1784617745.098923,391.598,1980,3201,86.0,63.0,45.0
1784617745.108879,392.665,1980,3201,86.0,63.0,45.0
1784617745.118894,392.665,1980,3201,86.0,63.0,45.0
1784617745.128896,392.665,1980,3201,86.0,63.0,45.0
1784617745.139169,392.665,1980,3201,86.0,63.0,45.0
1784617745.148893,392.665,1980,3201,86.0,63.0,45.0
1784617745.158896,392.665,1980,3201,86.0,63.0,45.0
1784617745.168895,392.665,1980,3201,86.0,63.0,45.0
1784617745.178882,392.665,1980,3201,86.0,63.0,45.0
1784617745.188896,392.665,1980,3201,86.0,63.0,45.0
1784617745.198895,392.665,1980,3201,86.0,63.0,45.0
1784617745.208894,394.263,1980,3201,86.0,63.0,45.0
1784617745.218963,394.263,1980,3201,86.0,63.0,45.0
1784617745.228896,394.263,1980,3201,86.0,63.0,45.0
1784617745.238895,394.263,1980,3201,86.0,63.0,45.0
1784617745.249013,394.263,1980,3201,86.0,63.0,45.0
1784617745.258897,394.263,1980,3201,86.0,63.0,45.0
1784617745.268895,394.263,1980,3201,86.0,63.0,45.0
1784617745.278905,394.263,1980,3201,86.0,63.0,45.0
1784617745.288894,394.263,1980,3201,86.0,63.0,45.0
1784617745.298894,394.263,1980,3201,86.0,63.0,45.0
1784617745.308907,392.124,1980,3201,86.0,63.0,45.0
1784617745.318965,392.124,1980,3201,86.0,63.0,45.0
1784617745.328897,392.124,1980,3201,86.0,63.0,45.0
1784617745.338894,392.124,1980,3201,86.0,63.0,45.0
1784617745.348895,392.124,1980,3201,86.0,63.0,46.0
1784617745.358911,392.124,1980,3201,86.0,63.0,46.0
1784617745.368896,392.124,1980,3201,86.0,63.0,46.0
1784617745.378896,392.124,1980,3201,86.0,63.0,46.0
1784617745.388894,392.124,1980,3201,86.0,63.0,46.0
1784617745.398877,392.124,1980,3201,86.0,63.0,46.0
1784617745.408871,394.366,1980,3201,86.0,63.0,46.0
1784617745.418875,394.366,1980,3201,86.0,63.0,46.0
1784617745.428878,394.366,1980,3201,81.0,59.0,46.0
1784617745.438872,394.366,1980,3201,81.0,59.0,46.0
1784617745.448877,394.366,1980,3201,81.0,59.0,45.0
1784617745.458872,394.366,1980,3201,81.0,59.0,45.0
1784617745.468877,394.366,1980,3201,81.0,59.0,45.0
1784617745.478878,394.366,1980,3201,81.0,59.0,45.0
1784617745.488896,394.366,1980,3201,81.0,59.0,45.0
1784617745.498878,394.366,1980,3201,81.0,59.0,45.0
1784617745.508878,396.632,1980,3201,81.0,59.0,45.0
1784617745.518878,396.632,1980,3201,81.0,59.0,45.0
1784617745.528878,396.632,1980,3201,81.0,59.0,45.0
1784617745.538878,396.632,1980,3201,81.0,59.0,45.0
1784617745.548877,396.632,1980,3201,81.0,59.0,46.0
1784617745.558981,396.632,1980,3201,81.0,59.0,46.0
1784617745.568879,396.632,1980,3201,81.0,59.0,46.0
1784617745.578894,396.632,1980,3201,81.0,59.0,46.0
1784617745.588891,396.632,1980,3201,81.0,59.0,46.0
1784617745.598893,396.632,1980,3201,81.0,59.0,46.0
1784617745.608892,397.915,1980,3201,81.0,59.0,46.0
1784617745.618876,397.915,1980,3201,81.0,59.0,46.0
1784617745.628893,397.915,1980,3201,85.0,62.0,46.0
1784617745.638893,397.915,1980,3201,85.0,62.0,46.0
1784617745.649334,397.915,1980,3201,85.0,62.0,46.0
1784617745.658963,397.915,1980,3201,85.0,62.0,46.0
1784617745.668892,397.915,1980,3201,85.0,62.0,46.0
1784617745.678897,397.915,1980,3201,85.0,62.0,46.0
1784617745.688893,397.915,1980,3201,85.0,62.0,46.0
1784617745.698879,397.915,1980,3201,85.0,62.0,46.0
1784617745.708895,398.868,1980,3201,85.0,62.0,46.0
1784617745.718879,398.868,1980,3201,85.0,62.0,46.0
1784617745.729348,398.868,1980,3201,85.0,62.0,46.0
1784617745.738895,398.868,1980,3201,85.0,62.0,46.0
1784617745.748891,398.868,1980,3201,85.0,62.0,45.0
1784617745.758893,398.868,1980,3201,85.0,62.0,45.0
1784617745.768894,398.868,1980,3201,85.0,62.0,45.0
1784617745.778884,398.868,1980,3201,85.0,62.0,45.0
1784617745.788894,398.868,1980,3201,85.0,62.0,45.0
1784617745.798893,398.868,1980,3201,85.0,62.0,45.0
1784617745.809116,399.241,1980,3201,85.0,62.0,45.0
1784617745.818879,399.241,1980,3201,85.0,62.0,45.0
1784617745.828912,399.241,1980,3201,86.0,62.0,45.0
1784617745.839030,399.241,1980,3201,86.0,62.0,45.0
1784617745.848893,399.241,1980,3201,86.0,62.0,45.0
1784617745.858927,399.241,1980,3201,86.0,62.0,45.0
1784617745.868898,399.241,1980,3201,86.0,62.0,45.0
1784617745.878896,399.241,1980,3201,86.0,62.0,45.0
1784617745.888896,399.241,1980,3201,86.0,62.0,45.0
1784617745.898964,399.241,1980,3201,86.0,62.0,45.0
1784617745.908897,396.483,1980,3201,86.0,62.0,45.0
1784617745.918875,396.483,1980,3201,86.0,62.0,45.0
1784617745.928915,396.483,1980,3201,86.0,62.0,45.0
1784617745.938897,396.483,1980,3201,86.0,62.0,45.0
1784617745.948894,396.483,1980,3201,86.0,62.0,45.0
1784617745.958895,396.483,1980,3201,86.0,62.0,45.0
1784617745.968895,396.483,1980,3201,86.0,62.0,45.0
1784617745.978898,396.483,1980,3201,86.0,62.0,45.0
1784617745.988897,396.483,1980,3201,86.0,62.0,45.0
1784617745.998878,396.483,1980,3201,86.0,62.0,45.0
1784617746.008894,396.627,1980,3201,86.0,62.0,45.0
1784617746.018895,396.627,1980,3201,86.0,62.0,45.0
1784617746.028922,396.627,1980,3201,85.0,62.0,45.0
1784617746.038894,396.627,1980,3201,85.0,62.0,45.0
1784617746.048895,396.627,1980,3201,85.0,62.0,45.0
1784617746.058898,396.627,1980,3201,85.0,62.0,45.0
1784617746.068896,396.627,1980,3201,85.0,62.0,45.0
1784617746.078895,396.627,1980,3201,85.0,62.0,45.0
1784617746.088896,396.627,1980,3201,85.0,62.0,45.0
1784617746.098896,396.627,1980,3201,85.0,62.0,45.0
1784617746.108894,396.610,1980,3201,85.0,62.0,45.0
1784617746.118882,396.610,1980,3201,85.0,62.0,45.0
1784617746.128882,396.610,1980,3201,85.0,62.0,45.0
1784617746.138873,396.610,1980,3201,85.0,62.0,45.0
1784617746.148880,396.610,1980,3201,85.0,62.0,45.0
1784617746.158895,396.610,1980,3201,85.0,62.0,45.0
1784617746.169092,396.610,1980,3201,85.0,62.0,45.0
1784617746.178928,396.610,1980,3201,85.0,62.0,45.0
1784617746.188895,396.610,1980,3201,85.0,62.0,45.0
1784617746.199145,396.610,1980,3201,85.0,62.0,45.0
1784617746.208895,395.623,1980,3201,85.0,62.0,45.0
1784617746.218906,395.623,1980,3201,85.0,62.0,45.0
1784617746.228894,395.623,1980,3201,86.0,63.0,45.0
1784617746.238913,395.623,1980,3201,86.0,63.0,45.0
1784617746.248894,395.623,1980,3201,86.0,63.0,45.0
1784617746.259023,395.623,1980,3201,86.0,63.0,45.0
1784617746.268936,395.623,1980,3201,86.0,63.0,45.0
1784617746.278930,395.623,1980,3201,86.0,63.0,45.0
1784617746.288895,395.623,1980,3201,86.0,63.0,45.0
1784617746.298896,395.623,1980,3201,86.0,63.0,45.0
1784617746.308898,396.972,1980,3201,86.0,63.0,45.0
1784617746.318895,396.972,1980,3201,86.0,63.0,45.0
1784617746.328894,396.972,1980,3201,86.0,63.0,45.0
1784617746.338894,396.972,1980,3201,86.0,63.0,45.0
1784617746.348895,396.972,1980,3201,86.0,63.0,45.0
1784617746.358894,396.972,1980,3201,86.0,63.0,45.0
1784617746.368876,396.972,1980,3201,86.0,63.0,45.0
1784617746.378894,396.972,1980,3201,86.0,63.0,45.0
1784617746.388894,396.972,1980,3201,86.0,63.0,45.0
1784617746.398940,396.972,1980,3201,86.0,63.0,45.0
1784617746.408893,395.071,1980,3201,86.0,63.0,45.0
1784617746.418894,395.071,1980,3201,86.0,63.0,45.0
1784617746.428877,395.071,1980,3201,86.0,63.0,45.0
1784617746.438893,395.071,1980,3201,86.0,63.0,45.0
1784617746.448893,395.071,1980,3201,86.0,63.0,45.0
1784617746.458934,395.071,1980,3201,86.0,63.0,45.0
1784617746.468894,395.071,1980,3201,86.0,63.0,45.0
1784617746.478942,395.071,1980,3201,86.0,63.0,45.0
1784617746.488893,395.071,1980,3201,86.0,63.0,45.0
1784617746.498894,395.071,1980,3201,86.0,63.0,45.0
1784617746.508895,391.596,1980,3201,86.0,63.0,45.0
1784617746.518895,391.596,1980,3201,86.0,63.0,45.0
1784617746.528894,391.596,1980,3201,86.0,63.0,45.0
1784617746.538894,391.596,1980,3201,86.0,63.0,45.0
1784617746.549026,391.596,1980,3201,86.0,63.0,45.0
1784617746.558894,391.596,1980,3201,86.0,63.0,45.0
1784617746.568896,391.596,1980,3201,86.0,63.0,45.0
1784617746.579150,391.596,1980,3201,86.0,63.0,45.0
1784617746.588894,391.596,1980,3201,86.0,63.0,45.0
1784617746.598893,391.596,1980,3201,86.0,63.0,45.0
1784617746.608895,390.619,1980,3201,86.0,63.0,45.0
1784617746.618896,390.619,1980,3201,86.0,63.0,45.0
1784617746.628871,390.619,1980,3201,86.0,62.0,45.0
1784617746.638893,390.619,1980,3201,86.0,62.0,45.0
1784617746.648894,390.619,1980,3201,86.0,62.0,45.0
1784617746.658893,390.619,1980,3201,86.0,62.0,45.0
1784617746.668894,390.619,1980,3201,86.0,62.0,45.0
1784617746.678894,390.619,1980,3201,86.0,62.0,45.0
1784617746.688894,390.619,1980,3201,86.0,62.0,45.0
1784617746.698895,390.619,1980,3201,86.0,62.0,45.0
1784617746.708894,389.116,1980,3201,86.0,62.0,45.0
1784617746.718894,389.116,1980,3201,86.0,62.0,45.0
1784617746.728877,389.116,1980,3201,86.0,62.0,45.0
1784617746.738894,389.116,1980,3201,86.0,62.0,45.0
1784617746.748893,389.116,1980,3201,86.0,62.0,45.0
1784617746.758895,389.116,1980,3201,86.0,62.0,45.0
1784617746.768895,389.116,1980,3201,86.0,62.0,45.0
1784617746.778894,389.116,1980,3201,86.0,62.0,45.0
1784617746.788878,389.116,1980,3201,86.0,62.0,45.0
1784617746.798878,389.116,1980,3201,86.0,62.0,45.0
1784617746.808871,387.487,1980,3201,86.0,62.0,45.0
1784617746.818877,387.487,1980,3201,86.0,62.0,45.0
1784617746.828875,387.487,1980,3201,86.0,62.0,45.0
1784617746.838870,387.487,1980,3201,86.0,62.0,45.0
1784617746.848877,387.487,1980,3201,86.0,62.0,45.0
1784617746.858879,387.487,1980,3201,86.0,62.0,45.0
1784617746.868874,387.487,1980,3201,86.0,62.0,45.0
1784617746.878876,387.487,1980,3201,86.0,62.0,45.0
1784617746.888878,387.487,1980,3201,86.0,62.0,45.0
1784617746.898873,387.487,1980,3201,86.0,62.0,45.0
1784617746.908877,386.496,1980,3201,86.0,62.0,45.0
1784617746.918879,386.496,1980,3201,86.0,62.0,45.0
1784617746.928880,386.496,1980,3201,86.0,62.0,45.0
1784617746.938898,386.496,1980,3201,86.0,62.0,45.0
1784617746.948936,386.496,1980,3201,86.0,62.0,45.0
1784617746.958879,386.496,1980,3201,86.0,62.0,45.0
1784617746.968894,386.496,1980,3201,86.0,62.0,45.0
1784617746.978894,386.496,1980,3201,86.0,62.0,45.0
1784617746.988895,386.496,1980,3201,86.0,62.0,45.0
1784617746.998897,386.496,1980,3201,86.0,62.0,45.0
