t_start,t_end,phase,n_running,n_waiting,kv_tokens_resident,kv_cache_pct,prefill_tokens,decode_tokens,dram_bytes
1786440542.739739,1786440542.739739,mixed,1,0,16,0.0001,10,1,
1786440542.739739,1786440542.940594,mixed,24,40,2224,0.0085,1978,23,
1786440542.940594,1786440543.152286,mixed,27,37,4304,0.0164,1987,26,
1786440543.152286,1786440543.359812,mixed,46,18,6512,0.0249,1972,45,
1786440543.359812,1786440543.572783,mixed,52,12,8608,0.0329,2147,51,
1786440543.572783,1786440543.655026,mixed,64,0,9248,0.0353,537,64,
1786440543.655026,1786440543.685999,decode,64,0,9312,0.0355,0,64,
1786440543.685999,1786440543.708412,decode,64,0,9360,0.0357,0,64,
1786440543.708412,1786440543.730386,decode,64,0,9440,0.0360,0,64,
1786440543.730386,1786440543.752740,decode,64,0,9504,0.0363,0,64,
1786440543.752740,1786440543.774891,decode,64,0,9568,0.0365,0,64,
1786440543.774891,1786440543.797443,decode,64,0,9648,0.0368,0,64,
1786440543.797443,1786440543.819299,decode,64,0,9744,0.0372,0,64,
1786440543.819299,1786440543.841201,decode,64,0,9792,0.0374,0,64,
1786440543.841201,1786440543.863553,decode,64,0,9824,0.0375,0,64,
1786440543.863553,1786440543.885822,decode,64,0,9952,0.0380,0,64,
1786440543.885822,1786440543.907785,decode,64,0,9952,0.0380,0,64,
1786440543.907785,1786440543.929909,decode,64,0,10000,0.0382,0,64,
1786440543.929909,1786440543.951740,decode,64,0,10064,0.0384,0,64,
1786440543.951740,1786440543.974107,decode,64,0,10160,0.0388,0,64,
1786440543.974107,1786440543.996247,decode,64,0,10224,0.0390,0,64,
1786440543.996247,1786440544.018354,decode,64,0,10272,0.0392,0,64,
1786440544.018354,1786440544.040337,decode,64,0,10336,0.0394,0,64,
1786440544.040337,1786440544.062364,decode,64,0,10384,0.0396,0,64,
1786440544.062364,1786440544.084729,decode,64,0,10464,0.0399,0,64,
1786440544.084729,1786440544.106748,decode,64,0,10528,0.0402,0,64,
1786440544.106748,1786440544.129067,decode,64,0,10592,0.0404,0,64,
1786440544.129067,1786440544.151176,decode,64,0,10672,0.0407,0,64,
1786440544.151176,1786440544.173065,decode,64,0,10768,0.0411,0,64,
1786440544.173065,1786440544.195332,decode,64,0,10816,0.0413,0,64,
1786440544.195332,1786440544.217441,decode,64,0,10848,0.0414,0,64,
1786440544.217441,1786440544.239307,decode,64,0,10976,0.0419,0,64,
1786440544.239307,1786440544.261777,decode,64,0,10976,0.0419,0,64,
1786440544.261777,1786440544.283714,decode,64,0,11024,0.0421,0,64,
1786440544.283714,1786440544.305857,decode,64,0,11088,0.0423,0,64,
1786440544.305857,1786440544.328078,decode,64,0,11184,0.0427,0,64,
1786440544.328078,1786440544.350199,decode,64,0,11248,0.0429,0,64,
1786440544.350199,1786440544.372324,decode,64,0,11296,0.0431,0,64,
1786440544.372324,1786440544.394319,decode,64,0,11360,0.0434,0,64,
1786440544.394319,1786440544.416736,decode,64,0,11408,0.0435,0,64,
1786440544.416736,1786440544.438882,decode,64,0,11488,0.0438,0,64,
1786440544.438882,1786440544.461142,decode,63,0,11376,0.0434,0,64,
1786440544.461142,1786440544.485389,decode,63,0,11440,0.0437,0,63,
1786440544.485389,1786440544.507744,decode,63,0,11520,0.0440,0,63,
1786440544.507744,1786440544.529852,decode,63,0,11616,0.0443,0,63,
1786440544.529852,1786440544.551973,decode,63,0,11664,0.0445,0,63,
1786440544.551973,1786440544.573934,decode,63,0,11696,0.0446,0,63,
1786440544.573934,1786440544.596072,decode,63,0,11824,0.0451,0,63,
1786440544.596072,1786440544.618329,decode,63,0,11824,0.0451,0,63,
1786440544.618329,1786440544.640510,decode,63,0,11856,0.0452,0,63,
1786440544.640510,1786440544.662724,decode,63,0,11920,0.0455,0,63,
1786440544.662724,1786440544.684844,decode,63,0,12016,0.0459,0,63,
1786440544.684844,1786440544.706826,decode,63,0,12080,0.0461,0,63,
1786440544.706826,1786440544.729234,decode,63,0,12128,0.0463,0,63,
1786440544.729234,1786440544.751247,decode,63,0,12192,0.0465,0,63,
1786440544.751247,1786440544.773382,decode,63,0,12240,0.0467,0,63,
1786440544.773382,1786440544.795471,decode,63,0,12320,0.0470,0,63,
1786440544.795471,1786440544.817514,decode,63,0,12384,0.0473,0,63,
1786440544.817514,1786440544.839769,decode,63,0,12448,0.0475,0,63,
1786440544.839769,1786440544.862170,decode,63,0,12528,0.0478,0,63,
1786440544.862170,1786440544.884301,decode,63,0,12624,0.0482,0,63,
1786440544.884301,1786440544.906321,decode,63,0,12672,0.0484,0,63,
1786440544.906321,1786440544.928602,decode,63,0,12704,0.0485,0,63,
1786440544.928602,1786440544.950768,decode,63,0,12832,0.0490,0,63,
1786440544.950768,1786440544.973111,decode,63,0,12832,0.0490,0,63,
1786440544.973111,1786440544.995341,decode,63,0,12864,0.0491,0,63,
1786440544.995341,1786440545.017570,decode,63,0,12928,0.0493,0,63,
1786440545.017570,1786440545.039741,decode,63,0,13024,0.0497,0,63,
1786440545.039741,1786440545.062109,decode,63,0,13088,0.0500,0,63,
1786440545.062109,1786440545.084224,decode,63,0,13136,0.0501,0,63,
1786440545.084224,1786440545.106575,decode,63,0,13200,0.0504,0,63,
1786440545.106575,1786440545.128866,decode,63,0,13248,0.0506,0,63,
1786440545.128866,1786440545.150893,decode,63,0,13328,0.0509,0,63,
1786440545.150893,1786440545.173453,decode,63,0,13392,0.0511,0,63,
1786440545.173453,1786440545.195449,decode,63,0,13456,0.0514,0,63,
1786440545.195449,1786440545.217911,decode,63,0,13536,0.0517,0,63,
1786440545.217911,1786440545.239947,decode,63,0,13632,0.0520,0,63,
1786440545.239947,1786440545.262579,decode,63,0,13680,0.0522,0,63,
1786440545.262579,1786440545.284370,decode,63,0,13712,0.0523,0,63,
1786440545.284370,1786440545.306862,decode,63,0,13840,0.0528,0,63,
1786440545.306862,1786440545.329013,decode,63,0,13840,0.0528,0,63,
1786440545.329013,1786440545.350988,decode,63,0,13872,0.0529,0,63,
1786440545.350988,1786440545.373554,decode,63,0,13936,0.0532,0,63,
1786440545.373554,1786440545.395745,decode,63,0,14032,0.0536,0,63,
1786440545.395745,1786440545.417994,decode,63,0,14096,0.0538,0,63,
1786440545.417994,1786440545.440183,decode,63,0,14144,0.0540,0,63,
1786440545.440183,1786440545.462188,decode,63,0,14208,0.0542,0,63,
1786440545.462188,1786440545.484717,decode,63,0,14256,0.0544,0,63,
1786440545.484717,1786440545.506944,decode,63,0,14336,0.0547,0,63,
1786440545.506944,1786440545.529191,decode,63,0,14400,0.0550,0,63,
1786440545.529191,1786440545.551533,decode,63,0,14464,0.0552,0,63,
1786440545.551533,1786440545.573512,decode,63,0,14544,0.0555,0,63,
1786440545.573512,1786440545.595913,decode,63,0,14640,0.0559,0,63,
1786440545.595913,1786440545.618728,decode,62,0,14576,0.0556,0,63,
1786440545.618728,1786440545.642799,decode,62,0,14608,0.0558,0,62,
1786440545.642799,1786440545.665135,decode,62,0,14736,0.0562,0,62,
1786440545.665135,1786440545.687399,decode,62,0,14736,0.0562,0,62,
1786440545.687399,1786440545.709697,decode,62,0,14768,0.0564,0,62,
1786440545.709697,1786440545.731928,decode,62,0,14832,0.0566,0,62,
1786440545.731928,1786440545.754105,decode,62,0,14928,0.0570,0,62,
1786440545.754105,1786440545.776566,decode,62,0,14976,0.0572,0,62,
1786440545.776566,1786440545.798901,decode,62,0,15024,0.0573,0,62,
1786440545.798901,1786440545.821047,decode,62,0,15088,0.0576,0,62,
1786440545.821047,1786440545.843485,decode,62,0,15136,0.0578,0,62,
1786440545.843485,1786440545.865460,decode,62,0,15216,0.0581,0,62,
1786440545.865460,1786440545.888057,decode,62,0,15280,0.0583,0,62,
1786440545.888057,1786440545.910432,decode,62,0,15344,0.0586,0,62,
1786440545.910432,1786440545.932700,decode,62,0,15424,0.0589,0,62,
1786440545.932700,1786440545.954775,decode,62,0,15520,0.0592,0,62,
1786440545.954775,1786440545.977129,decode,62,0,15568,0.0594,0,62,
1786440545.977129,1786440545.999571,decode,62,0,15600,0.0595,0,62,
1786440545.999571,1786440546.021861,decode,62,0,15728,0.0600,0,62,
1786440546.021861,1786440546.044238,decode,62,0,15728,0.0600,0,62,
1786440546.044238,1786440546.066230,decode,62,0,15760,0.0601,0,62,
1786440546.066230,1786440546.088751,decode,62,0,15824,0.0604,0,62,
1786440546.088751,1786440546.111102,decode,62,0,15920,0.0608,0,62,
1786440546.111102,1786440546.133416,decode,62,0,15968,0.0609,0,62,
1786440546.133416,1786440546.155661,decode,62,0,16016,0.0611,0,62,
1786440546.155661,1786440546.178347,decode,62,0,16080,0.0614,0,62,
1786440546.178347,1786440546.200479,decode,62,0,16128,0.0616,0,62,
1786440546.200479,1786440546.223006,decode,62,0,16208,0.0619,0,62,
1786440546.223006,1786440546.245319,decode,61,0,16048,0.0612,0,62,
1786440546.245319,1786440546.270087,decode,61,0,16112,0.0615,0,61,
1786440546.270087,1786440546.292571,decode,61,0,16176,0.0617,0,61,
1786440546.292571,1786440546.314906,decode,61,0,16272,0.0621,0,61,
1786440546.314906,1786440546.336970,decode,61,0,16320,0.0623,0,61,
1786440546.336970,1786440546.359613,decode,61,0,16352,0.0624,0,61,
1786440546.359613,1786440546.381893,decode,61,0,16481,0.0629,0,61,
1786440546.381893,1786440546.404224,decode,61,0,16481,0.0629,0,61,
1786440546.404224,1786440546.426464,decode,61,0,16513,0.0630,0,61,
1786440546.426464,1786440546.448911,decode,61,0,16577,0.0633,0,61,
1786440546.448911,1786440546.471346,decode,61,0,16673,0.0636,0,61,
1786440546.471346,1786440546.493836,decode,61,0,16721,0.0638,0,61,
1786440546.493836,1786440546.516130,decode,61,0,16769,0.0640,0,61,
1786440546.516130,1786440546.538561,decode,61,0,16833,0.0642,0,61,
1786440546.538561,1786440546.560984,decode,61,0,16881,0.0644,0,61,
1786440546.560984,1786440546.583518,decode,61,0,16961,0.0647,0,61,
1786440546.583518,1786440546.605950,decode,61,0,17025,0.0650,0,61,
1786440546.605950,1786440546.628205,decode,61,0,17089,0.0652,0,61,
1786440546.628205,1786440546.650649,decode,60,0,16881,0.0644,0,61,
1786440546.650649,1786440546.675480,decode,59,0,16817,0.0642,0,60,
1786440546.675480,1786440546.699797,decode,59,0,16865,0.0644,0,59,
1786440546.699797,1786440546.722426,decode,59,0,16897,0.0645,0,59,
1786440546.722426,1786440546.744550,decode,59,0,17025,0.0650,0,59,
1786440546.744550,1786440546.767071,decode,59,0,17025,0.0650,0,59,
1786440546.767071,1786440546.789209,decode,59,0,17057,0.0651,0,59,
1786440546.789209,1786440546.811804,decode,59,0,17121,0.0653,0,59,
1786440546.811804,1786440546.833893,decode,59,0,17217,0.0657,0,59,
1786440546.833893,1786440546.856259,decode,59,0,17249,0.0658,0,59,
1786440546.856259,1786440546.878585,decode,59,0,17297,0.0660,0,59,
1786440546.878585,1786440546.901428,decode,59,0,17361,0.0663,0,59,
1786440546.901428,1786440546.923969,decode,59,0,17393,0.0664,0,59,
1786440546.923969,1786440546.946480,decode,59,0,17473,0.0667,0,59,
1786440546.946480,1786440546.968951,decode,59,0,17537,0.0669,0,59,
1786440546.968951,1786440546.991340,decode,59,0,17601,0.0672,0,59,
1786440546.991340,1786440547.013568,decode,59,0,17665,0.0674,0,59,
1786440547.013568,1786440547.035876,decode,59,0,17761,0.0678,0,59,
1786440547.035876,1786440547.058609,decode,59,0,17809,0.0680,0,59,
1786440547.058609,1786440547.080641,decode,59,0,17841,0.0681,0,59,
1786440547.080641,1786440547.102834,decode,59,0,17969,0.0686,0,59,
1786440547.102834,1786440547.125439,decode,59,0,17969,0.0686,0,59,
1786440547.125439,1786440547.147715,decode,59,0,18001,0.0687,0,59,
1786440547.147715,1786440547.170215,decode,59,0,18065,0.0689,0,59,
1786440547.170215,1786440547.192607,decode,59,0,18161,0.0693,0,59,
1786440547.192607,1786440547.214984,decode,59,0,18193,0.0694,0,59,
1786440547.214984,1786440547.237405,decode,59,0,18241,0.0696,0,59,
1786440547.237405,1786440547.259794,decode,59,0,18305,0.0699,0,59,
1786440547.259794,1786440547.282123,decode,59,0,18337,0.0700,0,59,
1786440547.282123,1786440547.304550,decode,59,0,18417,0.0703,0,59,
1786440547.304550,1786440547.326668,decode,59,0,18481,0.0705,0,59,
1786440547.326668,1786440547.348993,decode,59,0,18545,0.0708,0,59,
1786440547.348993,1786440547.371626,decode,59,0,18609,0.0710,0,59,
1786440547.371626,1786440547.393854,decode,59,0,18705,0.0714,0,59,
1786440547.393854,1786440547.416109,decode,59,0,18753,0.0716,0,59,
1786440547.416109,1786440547.438737,decode,59,0,18785,0.0717,0,59,
1786440547.438737,1786440547.461072,decode,59,0,18913,0.0722,0,59,
1786440547.461072,1786440547.483485,decode,59,0,18913,0.0722,0,59,
1786440547.483485,1786440547.505945,decode,59,0,18945,0.0723,0,59,
1786440547.505945,1786440547.528394,decode,59,0,19009,0.0725,0,59,
1786440547.528394,1786440547.551088,decode,59,0,19105,0.0729,0,59,
1786440547.551088,1786440547.573548,decode,59,0,19137,0.0730,0,59,
1786440547.573548,1786440547.595877,decode,59,0,19185,0.0732,0,59,
1786440547.595877,1786440547.618001,decode,59,0,19249,0.0735,0,59,
1786440547.618001,1786440547.640706,decode,59,0,19281,0.0736,0,59,
1786440547.640706,1786440547.663311,decode,59,0,19361,0.0739,0,59,
1786440547.663311,1786440547.685363,decode,59,0,19425,0.0741,0,59,
1786440547.685363,1786440547.707735,decode,59,0,19489,0.0744,0,59,
1786440547.707735,1786440547.730536,decode,59,0,19553,0.0746,0,59,
1786440547.730536,1786440547.752698,decode,59,0,19649,0.0750,0,59,
1786440547.752698,1786440547.775289,decode,59,0,19697,0.0752,0,59,
1786440547.775289,1786440547.797600,decode,59,0,19729,0.0753,0,59,
1786440547.797600,1786440547.819871,decode,59,0,19857,0.0758,0,59,
1786440547.819871,1786440547.842615,decode,59,0,19857,0.0758,0,59,
1786440547.842615,1786440547.864895,decode,59,0,19889,0.0759,0,59,
1786440547.864895,1786440547.887529,decode,59,0,19953,0.0761,0,59,
1786440547.887529,1786440547.909847,decode,59,0,20049,0.0765,0,59,
1786440547.909847,1786440547.932423,decode,58,0,19873,0.0758,0,59,
1786440547.932423,1786440547.957136,decode,58,0,19921,0.0760,0,58,
1786440547.957136,1786440547.979627,decode,58,0,19985,0.0763,0,58,
1786440547.979627,1786440548.002406,decode,58,0,20017,0.0764,0,58,
1786440548.002406,1786440548.024550,decode,58,0,20097,0.0767,0,58,
1786440548.024550,1786440548.047055,decode,58,0,20161,0.0769,0,58,
1786440548.047055,1786440548.069536,decode,58,0,20225,0.0772,0,58,
1786440548.069536,1786440548.091928,decode,58,0,20289,0.0774,0,58,
1786440548.091928,1786440548.114669,decode,58,0,20369,0.0777,0,58,
1786440548.114669,1786440548.136934,decode,58,0,20417,0.0779,0,58,
1786440548.136934,1786440548.159478,decode,58,0,20449,0.0780,0,58,
1786440548.159478,1786440548.181826,decode,58,0,20577,0.0785,0,58,
1786440548.181826,1786440548.204596,decode,58,0,20577,0.0785,0,58,
1786440548.204596,1786440548.226889,decode,58,0,20609,0.0787,0,58,
1786440548.226889,1786440548.249429,decode,58,0,20673,0.0789,0,58,
1786440548.249429,1786440548.271813,decode,58,0,20769,0.0793,0,58,
1786440548.271813,1786440548.294436,decode,58,0,20801,0.0794,0,58,
1786440548.294436,1786440548.316768,decode,58,0,20849,0.0796,0,58,
1786440548.316768,1786440548.339270,decode,58,0,20913,0.0798,0,58,
1786440548.339270,1786440548.361740,decode,58,0,20945,0.0799,0,58,
1786440548.361740,1786440548.384156,decode,58,0,21025,0.0802,0,58,
1786440548.384156,1786440548.406710,decode,58,0,21089,0.0805,0,58,
1786440548.406710,1786440548.429312,decode,58,0,21153,0.0807,0,58,
1786440548.429312,1786440548.452126,decode,58,0,21217,0.0810,0,58,
1786440548.452126,1786440548.474350,decode,58,0,21297,0.0813,0,58,
1786440548.474350,1786440548.496979,decode,58,0,21345,0.0815,0,58,
1786440548.496979,1786440548.519454,decode,58,0,21377,0.0816,0,58,
1786440548.519454,1786440548.542125,decode,58,0,21505,0.0821,0,58,
1786440548.542125,1786440548.564341,decode,58,0,21505,0.0821,0,58,
1786440548.564341,1786440548.587181,decode,58,0,21537,0.0822,0,58,
1786440548.587181,1786440548.609608,decode,58,0,21601,0.0824,0,58,
1786440548.609608,1786440548.632275,decode,58,0,21697,0.0828,0,58,
1786440548.632275,1786440548.654633,decode,58,0,21729,0.0829,0,58,
1786440548.654633,1786440548.677458,decode,58,0,21777,0.0831,0,58,
1786440548.677458,1786440548.699750,decode,58,0,21841,0.0834,0,58,
1786440548.699750,1786440548.722296,decode,57,0,21633,0.0826,0,58,
1786440548.722296,1786440548.746823,decode,57,0,21713,0.0829,0,57,
1786440548.746823,1786440548.769629,decode,57,0,21777,0.0831,0,57,
1786440548.769629,1786440548.791983,decode,57,0,21841,0.0834,0,57,
1786440548.791983,1786440548.814547,decode,57,0,21905,0.0836,0,57,
1786440548.814547,1786440548.836993,decode,57,0,21985,0.0839,0,57,
1786440548.836993,1786440548.859824,decode,57,0,22033,0.0841,0,57,
1786440548.859824,1786440548.882214,decode,57,0,22065,0.0842,0,57,
1786440548.882214,1786440548.904859,decode,57,0,22193,0.0847,0,57,
1786440548.904859,1786440548.927130,decode,57,0,22193,0.0847,0,57,
1786440548.927130,1786440548.949975,decode,57,0,22225,0.0848,0,57,
1786440548.949975,1786440548.972493,decode,57,0,22273,0.0850,0,57,
1786440548.972493,1786440548.995101,decode,57,0,22369,0.0854,0,57,
1786440548.995101,1786440549.017375,decode,57,0,22401,0.0855,0,57,
1786440549.017375,1786440549.040223,decode,57,0,22449,0.0857,0,57,
1786440549.040223,1786440549.062760,decode,57,0,22513,0.0859,0,57,
1786440549.062760,1786440549.085294,decode,57,0,22545,0.0860,0,57,
1786440549.085294,1786440549.107816,decode,56,0,22353,0.0853,0,57,
1786440549.107816,1786440549.140304,decode,56,0,22417,0.0856,0,56,
1786440549.140304,1786440549.163960,decode,55,0,22209,0.0848,0,56,
1786440549.163960,1786440549.189552,decode,55,0,22273,0.0850,0,55,
1786440549.189552,1786440549.213562,decode,55,0,22353,0.0853,0,55,
1786440549.213562,1786440549.237144,decode,55,0,22401,0.0855,0,55,
1786440549.237144,1786440549.260882,decode,55,0,22417,0.0856,0,55,
1786440549.260882,1786440549.284568,decode,55,0,22545,0.0860,0,55,
1786440549.284568,1786440549.308908,decode,36,0,15712,0.0600,0,55,
1786440549.308908,1786440549.340713,decode,33,0,12960,0.0495,0,36,
1786440549.340713,1786440549.365477,decode,18,0,7344,0.0280,0,33,
1786440549.365477,1786440549.396024,decode,12,0,3664,0.0140,0,18,
1786440549.396024,1786440549.420125,decode,0,0,0,0.0000,0,12,
1786440549.420125,1786440549.420265,idle,0,0,0,0.0000,,,
1786440549.420265,1786440549.586010,mixed,1,0,576,0.0022,561,1,
1786440549.586010,1786440549.690889,mixed,18,40,2752,0.0105,2003,17,
1786440549.690889,1786440549.900128,mixed,38,26,4928,0.0188,1768,37,
1786440549.900128,1786440550.107781,mixed,48,16,7040,0.0269,1656,47,
1786440550.107781,1786440550.338451,mixed,60,4,9168,0.0350,1885,59,
1786440550.338451,1786440550.564352,decode,60,4,11216,0.0428,0,59,
1786440550.564352,1786440550.631620,mixed,64,0,11696,0.0446,3951,64,
1786440550.631620,1786440550.654989,decode,64,0,11728,0.0448,0,64,
1786440550.654989,1786440550.677801,decode,64,0,11840,0.0452,0,64,
1786440550.677801,1786440550.700087,decode,64,0,11984,0.0457,0,64,
1786440550.700087,1786440550.722713,decode,63,0,11920,0.0455,0,64,
1786440550.722713,1786440550.745131,decode,63,0,11952,0.0456,0,63,
1786440550.745131,1786440550.781668,mixed,64,0,12048,0.0460,13,64,
1786440550.781668,1786440550.804224,decode,64,0,12144,0.0463,0,64,
1786440550.804224,1786440550.826605,decode,64,0,12208,0.0466,0,64,
1786440550.826605,1786440550.848901,decode,64,0,12304,0.0470,0,64,
1786440550.848901,1786440550.871115,decode,64,0,12368,0.0472,0,64,
1786440550.871115,1786440550.893607,decode,64,0,12400,0.0473,0,64,
1786440550.893607,1786440550.915936,decode,64,0,12432,0.0474,0,64,
1786440550.915936,1786440550.938301,decode,64,0,12512,0.0478,0,64,
1786440550.938301,1786440550.960622,decode,64,0,12544,0.0479,0,64,
1786440550.960622,1786440550.982781,decode,64,0,12608,0.0481,0,64,
1786440550.982781,1786440551.005444,decode,64,0,12640,0.0482,0,64,
1786440551.005444,1786440551.027646,decode,64,0,12672,0.0484,0,64,
1786440551.027646,1786440551.050310,decode,64,0,12784,0.0488,0,64,
1786440551.050310,1786440551.072200,decode,64,0,12912,0.0493,0,64,
1786440551.072200,1786440551.094870,decode,64,0,12960,0.0495,0,64,
1786440551.094870,1786440551.117142,decode,64,0,12992,0.0496,0,64,
1786440551.117142,1786440551.139564,decode,64,0,13072,0.0499,0,64,
1786440551.139564,1786440551.161818,decode,64,0,13168,0.0503,0,64,
1786440551.161818,1786440551.183997,decode,64,0,13232,0.0505,0,64,
1786440551.183997,1786440551.206480,decode,64,0,13328,0.0509,0,64,
1786440551.206480,1786440551.228825,decode,64,0,13392,0.0511,0,64,
1786440551.228825,1786440551.251149,decode,64,0,13424,0.0512,0,64,
1786440551.251149,1786440551.273230,decode,64,0,13456,0.0514,0,64,
1786440551.273230,1786440551.295933,decode,63,0,13488,0.0515,0,64,
1786440551.295933,1786440551.318340,decode,63,0,13520,0.0516,0,63,
1786440551.318340,1786440551.347342,mixed,64,0,13600,0.0519,11,64,
1786440551.347342,1786440551.369627,decode,64,0,13632,0.0520,0,64,
1786440551.369627,1786440551.392048,decode,64,0,13664,0.0521,0,64,
1786440551.392048,1786440551.414157,decode,64,0,13776,0.0526,0,64,
1786440551.414157,1786440551.436794,decode,64,0,13904,0.0531,0,64,
1786440551.436794,1786440551.459230,decode,64,0,13952,0.0532,0,64,
1786440551.459230,1786440551.481580,decode,64,0,14000,0.0534,0,64,
1786440551.481580,1786440551.503969,decode,64,0,14064,0.0537,0,64,
1786440551.503969,1786440551.525945,decode,64,0,14160,0.0540,0,64,
1786440551.525945,1786440551.548728,decode,64,0,14224,0.0543,0,64,
1786440551.548728,1786440551.571150,decode,64,0,14320,0.0547,0,64,
1786440551.571150,1786440551.593447,decode,64,0,14384,0.0549,0,64,
1786440551.593447,1786440551.615841,decode,64,0,14416,0.0550,0,64,
1786440551.615841,1786440551.638200,decode,64,0,14448,0.0551,0,64,
1786440551.638200,1786440551.660562,decode,64,0,14528,0.0554,0,64,
1786440551.660562,1786440551.682953,decode,64,0,14560,0.0556,0,64,
1786440551.682953,1786440551.705343,decode,64,0,14624,0.0558,0,64,
1786440551.705343,1786440551.727632,decode,64,0,14656,0.0559,0,64,
1786440551.727632,1786440551.750243,decode,64,0,14688,0.0561,0,64,
1786440551.750243,1786440551.772763,decode,64,0,14800,0.0565,0,64,
1786440551.772763,1786440551.794937,decode,64,0,14928,0.0570,0,64,
1786440551.794937,1786440551.817166,decode,64,0,14976,0.0572,0,64,
1786440551.817166,1786440551.839659,decode,63,0,14960,0.0571,0,64,
1786440551.839659,1786440551.862197,decode,63,0,15024,0.0573,0,63,
1786440551.862197,1786440551.897422,mixed,64,0,15152,0.0578,20,64,
1786440551.897422,1786440551.919863,decode,64,0,15216,0.0581,0,64,
1786440551.919863,1786440551.942353,decode,64,0,15296,0.0584,0,64,
1786440551.942353,1786440551.964966,decode,64,0,15360,0.0586,0,64,
1786440551.964966,1786440551.987558,decode,64,0,15392,0.0587,0,64,
1786440551.987558,1786440552.010239,decode,64,0,15424,0.0589,0,64,
1786440552.010239,1786440552.032811,decode,64,0,15504,0.0592,0,64,
1786440552.032811,1786440552.055630,decode,64,0,15536,0.0593,0,64,
1786440552.055630,1786440552.077909,decode,64,0,15600,0.0595,0,64,
1786440552.077909,1786440552.100543,decode,64,0,15632,0.0597,0,64,
1786440552.100543,1786440552.123151,decode,63,0,15552,0.0594,0,64,
1786440552.123151,1786440552.145801,decode,63,0,15664,0.0598,0,63,
1786440552.145801,1786440552.178956,mixed,64,0,15840,0.0605,51,64,
1786440552.178956,1786440552.201484,decode,64,0,15904,0.0607,0,64,
1786440552.201484,1786440552.224203,decode,64,0,15952,0.0609,0,64,
1786440552.224203,1786440552.246804,decode,64,0,16016,0.0611,0,64,
1786440552.246804,1786440552.269363,decode,64,0,16112,0.0615,0,64,
1786440552.269363,1786440552.292086,decode,64,0,16176,0.0617,0,64,
1786440552.292086,1786440552.314674,decode,64,0,16256,0.0620,0,64,
1786440552.314674,1786440552.337236,decode,64,0,16320,0.0623,0,64,
1786440552.337236,1786440552.359822,decode,63,0,15696,0.0599,0,64,
1786440552.359822,1786440552.382414,decode,63,0,15728,0.0600,0,63,
1786440552.382414,1786440552.417740,mixed,64,0,15856,0.0605,39,64,
1786440552.417740,1786440552.440158,decode,64,0,15888,0.0606,0,64,
1786440552.440158,1786440552.463002,decode,64,0,15952,0.0609,0,64,
1786440552.463002,1786440552.485676,decode,64,0,15984,0.0610,0,64,
1786440552.485676,1786440552.508366,decode,64,0,16032,0.0612,0,64,
1786440552.508366,1786440552.530955,decode,64,0,16144,0.0616,0,64,
1786440552.530955,1786440552.553702,decode,64,0,16256,0.0620,0,64,
1786440552.553702,1786440552.576285,decode,64,0,16320,0.0623,0,64,
1786440552.576285,1786440552.599128,decode,64,0,16368,0.0625,0,64,
1786440552.599128,1786440552.621475,decode,64,0,16433,0.0627,0,64,
1786440552.621475,1786440552.644336,decode,64,0,16545,0.0631,0,64,
1786440552.644336,1786440552.666931,decode,64,0,16609,0.0634,0,64,
1786440552.666931,1786440552.689574,decode,64,0,16689,0.0637,0,64,
1786440552.689574,1786440552.712175,decode,64,0,16737,0.0639,0,64,
1786440552.712175,1786440552.734955,decode,64,0,16769,0.0640,0,64,
1786440552.734955,1786440552.757527,decode,64,0,16801,0.0641,0,64,
1786440552.757527,1786440552.780156,decode,64,0,16881,0.0644,0,64,
1786440552.780156,1786440552.802831,decode,64,0,16913,0.0645,0,64,
1786440552.802831,1786440552.825560,decode,64,0,16977,0.0648,0,64,
1786440552.825560,1786440552.848144,decode,64,0,17009,0.0649,0,64,
1786440552.848144,1786440552.870860,decode,64,0,17057,0.0651,0,64,
1786440552.870860,1786440552.893528,decode,64,0,17169,0.0655,0,64,
1786440552.893528,1786440552.916277,decode,64,0,17281,0.0660,0,64,
1786440552.916277,1786440552.939258,decode,64,0,17345,0.0662,0,64,
1786440552.939258,1786440552.962094,decode,64,0,17393,0.0664,0,64,
1786440552.962094,1786440552.984649,decode,64,0,17457,0.0666,0,64,
1786440552.984649,1786440553.007500,decode,64,0,17569,0.0670,0,64,
1786440553.007500,1786440553.030786,decode,64,0,17633,0.0673,0,64,
1786440553.030786,1786440553.052796,decode,64,0,17713,0.0676,0,64,
1786440553.052796,1786440553.075422,decode,64,0,17761,0.0678,0,64,
1786440553.075422,1786440553.098173,decode,64,0,17793,0.0679,0,64,
1786440553.098173,1786440553.120888,decode,64,0,17825,0.0680,0,64,
1786440553.120888,1786440553.143608,decode,64,0,17905,0.0683,0,64,
1786440553.143608,1786440553.166172,decode,64,0,17937,0.0685,0,64,
1786440553.166172,1786440553.189310,decode,64,0,18001,0.0687,0,64,
1786440553.189310,1786440553.211730,decode,64,0,18033,0.0688,0,64,
1786440553.211730,1786440553.234363,decode,64,0,18081,0.0690,0,64,
1786440553.234363,1786440553.257057,decode,64,0,18193,0.0694,0,64,
1786440553.257057,1786440553.279917,decode,64,0,18305,0.0699,0,64,
1786440553.279917,1786440553.302735,decode,64,0,18369,0.0701,0,64,
1786440553.302735,1786440553.325446,decode,64,0,18417,0.0703,0,64,
1786440553.325446,1786440553.347918,decode,64,0,18481,0.0705,0,64,
1786440553.347918,1786440553.371038,decode,64,0,18593,0.0710,0,64,
1786440553.371038,1786440553.393812,decode,64,0,18657,0.0712,0,64,
1786440553.393812,1786440553.416609,decode,64,0,18737,0.0715,0,64,
1786440553.416609,1786440553.439261,decode,64,0,18785,0.0717,0,64,
1786440553.439261,1786440553.462400,decode,63,0,18657,0.0712,0,64,
1786440553.462400,1786440553.485251,decode,63,0,18689,0.0713,0,63,
1786440553.485251,1786440553.519995,mixed,64,0,18785,0.0717,7,64,
1786440553.519995,1786440553.542955,decode,64,0,18817,0.0718,0,64,
1786440553.542955,1786440553.565744,decode,64,0,18881,0.0721,0,64,
1786440553.565744,1786440553.588429,decode,64,0,18913,0.0722,0,64,
1786440553.588429,1786440553.611418,decode,64,0,18961,0.0724,0,64,
1786440553.611418,1786440553.634191,decode,64,0,19073,0.0728,0,64,
1786440553.634191,1786440553.656953,decode,64,0,19185,0.0732,0,64,
1786440553.656953,1786440553.679822,decode,64,0,19249,0.0735,0,64,
1786440553.679822,1786440553.702605,decode,64,0,19297,0.0736,0,64,
1786440553.702605,1786440553.725401,decode,64,0,19361,0.0739,0,64,
1786440553.725401,1786440553.748246,decode,64,0,19489,0.0744,0,64,
1786440553.748246,1786440553.770934,decode,64,0,19553,0.0746,0,64,
1786440553.770934,1786440553.793880,decode,64,0,19633,0.0749,0,64,
1786440553.793880,1786440553.816662,decode,64,0,19681,0.0751,0,64,
1786440553.816662,1786440553.839512,decode,64,0,19697,0.0752,0,64,
1786440553.839512,1786440553.862459,decode,64,0,19729,0.0753,0,64,
1786440553.862459,1786440553.885333,decode,64,0,19809,0.0756,0,64,
1786440553.885333,1786440553.908184,decode,64,0,19841,0.0757,0,64,
1786440553.908184,1786440553.931049,decode,64,0,19905,0.0760,0,64,
1786440553.931049,1786440553.953902,decode,64,0,19937,0.0761,0,64,
1786440553.953902,1786440553.976859,decode,64,0,19985,0.0763,0,64,
1786440553.976859,1786440553.999719,decode,64,0,20097,0.0767,0,64,
1786440553.999719,1786440554.022441,decode,64,0,20209,0.0771,0,64,
1786440554.022441,1786440554.045457,decode,64,0,20273,0.0774,0,64,
1786440554.045457,1786440554.068366,decode,64,0,20321,0.0776,0,64,
1786440554.068366,1786440554.091208,decode,64,0,20385,0.0778,0,64,
1786440554.091208,1786440554.114205,decode,64,0,20513,0.0783,0,64,
1786440554.114205,1786440554.137085,decode,64,0,20577,0.0785,0,64,
1786440554.137085,1786440554.160208,decode,64,0,20657,0.0788,0,64,
1786440554.160208,1786440554.183031,decode,64,0,20705,0.0790,0,64,
1786440554.183031,1786440554.206128,decode,64,0,20721,0.0791,0,64,
1786440554.206128,1786440554.229052,decode,64,0,20753,0.0792,0,64,
1786440554.229052,1786440554.251951,decode,64,0,20833,0.0795,0,64,
1786440554.251951,1786440554.274697,decode,64,0,20865,0.0796,0,64,
1786440554.274697,1786440554.297761,decode,64,0,20929,0.0799,0,64,
1786440554.297761,1786440554.320679,decode,64,0,20961,0.0800,0,64,
1786440554.320679,1786440554.343581,decode,64,0,21009,0.0802,0,64,
1786440554.343581,1786440554.366604,decode,64,0,21121,0.0806,0,64,
1786440554.366604,1786440554.389571,decode,64,0,21233,0.0810,0,64,
1786440554.389571,1786440554.412564,decode,64,0,21297,0.0813,0,64,
1786440554.412564,1786440554.435057,decode,64,0,21345,0.0815,0,64,
1786440554.435057,1786440554.458301,decode,64,0,21409,0.0817,0,64,
1786440554.458301,1786440554.481326,decode,64,0,21537,0.0822,0,64,
1786440554.481326,1786440554.504258,decode,64,0,21601,0.0824,0,64,
1786440554.504258,1786440554.527180,decode,64,0,21681,0.0827,0,64,
1786440554.527180,1786440554.550323,decode,64,0,21729,0.0829,0,64,
1786440554.550323,1786440554.573033,decode,64,0,21745,0.0830,0,64,
1786440554.573033,1786440554.595859,decode,64,0,21777,0.0831,0,64,
1786440554.595859,1786440554.618960,decode,64,0,21857,0.0834,0,64,
1786440554.618960,1786440554.641974,decode,64,0,21889,0.0835,0,64,
1786440554.641974,1786440554.664833,decode,64,0,21953,0.0838,0,64,
1786440554.664833,1786440554.687555,decode,64,0,21985,0.0839,0,64,
1786440554.687555,1786440554.710992,decode,64,0,22033,0.0841,0,64,
1786440554.710992,1786440554.733608,decode,64,0,22145,0.0845,0,64,
1786440554.733608,1786440554.756757,decode,64,0,22257,0.0849,0,64,
1786440554.756757,1786440554.779972,decode,64,0,22321,0.0852,0,64,
1786440554.779972,1786440554.802982,decode,64,0,22369,0.0854,0,64,
1786440554.802982,1786440554.826073,decode,64,0,22433,0.0856,0,64,
1786440554.826073,1786440554.848854,decode,64,0,22561,0.0861,0,64,
1786440554.848854,1786440554.872010,decode,64,0,22625,0.0863,0,64,
1786440554.872010,1786440554.894972,decode,64,0,22705,0.0867,0,64,
1786440554.894972,1786440554.918029,decode,64,0,22753,0.0868,0,64,
1786440554.918029,1786440554.941088,decode,63,0,22337,0.0852,0,64,
1786440554.941088,1786440554.964034,decode,63,0,22369,0.0854,0,63,
1786440554.964034,1786440554.992828,mixed,64,0,22481,0.0858,19,64,
1786440554.992828,1786440555.015737,decode,64,0,22513,0.0859,0,64,
1786440555.015737,1786440555.038625,decode,64,0,22577,0.0862,0,64,
1786440555.038625,1786440555.061743,decode,64,0,22609,0.0863,0,64,
1786440555.061743,1786440555.084661,decode,64,0,22657,0.0865,0,64,
1786440555.084661,1786440555.107703,decode,64,0,22769,0.0869,0,64,
1786440555.107703,1786440555.130784,decode,64,0,22881,0.0873,0,64,
1786440555.130784,1786440555.153726,decode,64,0,22945,0.0876,0,64,
1786440555.153726,1786440555.176904,decode,64,0,22993,0.0878,0,64,
1786440555.176904,1786440555.199930,decode,64,0,23041,0.0879,0,64,
1786440555.199930,1786440555.223002,decode,64,0,23169,0.0884,0,64,
1786440555.223002,1786440555.246027,decode,64,0,23233,0.0887,0,64,
1786440555.246027,1786440555.269051,decode,64,0,23313,0.0890,0,64,
1786440555.269051,1786440555.291968,decode,64,0,23361,0.0892,0,64,
1786440555.291968,1786440555.315151,decode,64,0,23393,0.0893,0,64,
1786440555.315151,1786440555.338174,decode,64,0,23425,0.0894,0,64,
1786440555.338174,1786440555.361075,decode,64,0,23505,0.0897,0,64,
1786440555.361075,1786440555.384198,decode,64,0,23537,0.0898,0,64,
1786440555.384198,1786440555.407275,decode,64,0,23601,0.0901,0,64,
1786440555.407275,1786440555.430321,decode,64,0,23633,0.0902,0,64,
1786440555.430321,1786440555.453484,decode,64,0,23681,0.0904,0,64,
1786440555.453484,1786440555.476569,decode,64,0,23793,0.0908,0,64,
1786440555.476569,1786440555.499639,decode,64,0,23905,0.0912,0,64,
1786440555.499639,1786440555.522535,decode,64,0,23969,0.0915,0,64,
1786440555.522535,1786440555.545738,decode,64,0,24017,0.0917,0,64,
1786440555.545738,1786440555.568728,decode,64,0,24065,0.0918,0,64,
1786440555.568728,1786440555.591731,decode,64,0,24193,0.0923,0,64,
1786440555.591731,1786440555.614849,decode,64,0,24257,0.0926,0,64,
1786440555.614849,1786440555.638274,decode,64,0,24337,0.0929,0,64,
1786440555.638274,1786440555.660951,decode,64,0,24385,0.0931,0,64,
1786440555.660951,1786440555.683945,decode,64,0,24417,0.0932,0,64,
1786440555.683945,1786440555.707145,decode,64,0,24449,0.0933,0,64,
1786440555.707145,1786440555.730223,decode,63,0,24289,0.0927,0,64,
1786440555.730223,1786440555.753358,decode,63,0,24321,0.0928,0,63,
1786440555.753358,1786440555.789902,mixed,64,0,24417,0.0932,31,64,
1786440555.789902,1786440555.812910,decode,64,0,24449,0.0933,0,64,
1786440555.812910,1786440555.835799,decode,64,0,24513,0.0936,0,64,
1786440555.835799,1786440555.859038,decode,64,0,24625,0.0940,0,64,
1786440555.859038,1786440555.882164,decode,64,0,24737,0.0944,0,64,
1786440555.882164,1786440555.905155,decode,64,0,24801,0.0947,0,64,
1786440555.905155,1786440555.928362,decode,64,0,24833,0.0948,0,64,
1786440555.928362,1786440555.951548,decode,64,0,24881,0.0950,0,64,
1786440555.951548,1786440555.974913,decode,64,0,25009,0.0954,0,64,
1786440555.974913,1786440555.997626,decode,64,0,25073,0.0957,0,64,
1786440555.997626,1786440556.020839,decode,64,0,25153,0.0960,0,64,
1786440556.020839,1786440556.043825,decode,64,0,25201,0.0962,0,64,
1786440556.043825,1786440556.066979,decode,64,0,25233,0.0963,0,64,
1786440556.066979,1786440556.089899,decode,64,0,25265,0.0964,0,64,
1786440556.089899,1786440556.113336,decode,64,0,25345,0.0967,0,64,
1786440556.113336,1786440556.136085,decode,64,0,25377,0.0968,0,64,
1786440556.136085,1786440556.159306,decode,64,0,25441,0.0971,0,64,
1786440556.159306,1786440556.182477,decode,64,0,25473,0.0972,0,64,
1786440556.182477,1786440556.205618,decode,64,0,25537,0.0975,0,64,
1786440556.205618,1786440556.228565,decode,64,0,25649,0.0979,0,64,
1786440556.228565,1786440556.251888,decode,64,0,25761,0.0983,0,64,
1786440556.251888,1786440556.275034,decode,64,0,25825,0.0986,0,64,
1786440556.275034,1786440556.298229,decode,64,0,25857,0.0987,0,64,
1786440556.298229,1786440556.321352,decode,64,0,25905,0.0989,0,64,
1786440556.321352,1786440556.344972,decode,64,0,26033,0.0994,0,64,
1786440556.344972,1786440556.368890,decode,64,0,26097,0.0996,0,64,
1786440556.368890,1786440556.392172,decode,64,0,26177,0.0999,0,64,
1786440556.392172,1786440556.416003,decode,49,0,20273,0.0774,0,64,
1786440556.416003,1786440556.442847,decode,31,0,13840,0.0528,0,49,
1786440556.442847,1786440556.646870,mixed,35,3,12560,0.0479,447,42,
1786440556.646870,1786440556.868869,mixed,27,19,10928,0.0417,3563,36,
1786440556.868869,1786440557.087545,mixed,43,10,13104,0.0500,972,43,
1786440557.087545,1786440557.314718,mixed,43,15,9968,0.0380,2697,47,
1786440557.314718,1786440557.530704,mixed,57,2,12112,0.0462,846,56,
1786440557.530704,1786440557.744477,mixed,58,6,14160,0.0540,2034,57,
1786440557.744477,1786440557.825703,mixed,64,0,14864,0.0567,2172,64,
1786440557.825703,1786440557.848756,decode,64,0,14880,0.0568,0,64,
1786440557.848756,1786440557.871460,decode,64,0,14976,0.0572,0,64,
1786440557.871460,1786440557.893894,decode,63,0,14752,0.0563,0,64,
1786440557.893894,1786440557.916626,decode,63,0,14752,0.0563,0,63,
1786440557.916626,1786440557.950438,mixed,64,0,14912,0.0569,47,64,
1786440557.950438,1786440557.972821,decode,64,0,14992,0.0572,0,64,
1786440557.972821,1786440557.995258,decode,64,0,15184,0.0580,0,64,
1786440557.995258,1786440558.017733,decode,64,0,15216,0.0581,0,64,
1786440558.017733,1786440558.039966,decode,64,0,15232,0.0581,0,64,
1786440558.039966,1786440558.062470,decode,64,0,15328,0.0585,0,64,
1786440558.062470,1786440558.084916,decode,63,0,15312,0.0584,0,64,
1786440558.084916,1786440558.107331,decode,63,0,15328,0.0585,0,63,
1786440558.107331,1786440558.131119,mixed,64,0,15456,0.0590,39,64,
1786440558.131119,1786440558.153724,decode,64,0,15520,0.0592,0,64,
1786440558.153724,1786440558.176184,decode,64,0,15552,0.0594,0,64,
1786440558.176184,1786440558.198693,decode,64,0,15616,0.0596,0,64,
1786440558.198693,1786440558.220935,decode,64,0,15632,0.0597,0,64,
1786440558.220935,1786440558.243422,decode,64,0,15728,0.0600,0,64,
1786440558.243422,1786440558.265859,decode,64,0,15776,0.0602,0,64,
1786440558.265859,1786440558.288329,decode,64,0,15776,0.0602,0,64,
1786440558.288329,1786440558.310795,decode,64,0,15888,0.0606,0,64,
1786440558.310795,1786440558.333179,decode,64,0,15968,0.0609,0,64,
1786440558.333179,1786440558.355674,decode,64,0,16176,0.0617,0,64,
1786440558.355674,1786440558.378176,decode,64,0,16208,0.0619,0,64,
1786440558.378176,1786440558.400759,decode,64,0,16224,0.0619,0,64,
1786440558.400759,1786440558.422896,decode,64,0,16320,0.0623,0,64,
1786440558.422896,1786440558.445452,decode,64,0,16385,0.0625,0,64,
1786440558.445452,1786440558.467933,decode,63,0,16128,0.0616,0,64,
1786440558.467933,1786440558.490415,decode,63,0,16208,0.0619,0,63,
1786440558.490415,1786440558.518580,mixed,64,0,16288,0.0622,9,64,
1786440558.518580,1786440558.540955,decode,64,0,16320,0.0623,0,64,
1786440558.540955,1786440558.563293,decode,64,0,16385,0.0625,0,64,
1786440558.563293,1786440558.585881,decode,64,0,16401,0.0626,0,64,
1786440558.585881,1786440558.608257,decode,63,0,16417,0.0627,0,64,
1786440558.608257,1786440558.630819,decode,63,0,16449,0.0628,0,63,
1786440558.630819,1786440558.658762,mixed,64,0,16465,0.0628,6,64,
1786440558.658762,1786440558.681233,decode,64,0,16577,0.0633,0,64,
1786440558.681233,1786440558.703772,decode,64,0,16673,0.0636,0,64,
1786440558.703772,1786440558.726157,decode,64,0,16881,0.0644,0,64,
1786440558.726157,1786440558.748692,decode,64,0,16913,0.0645,0,64,
1786440558.748692,1786440558.771163,decode,64,0,16929,0.0646,0,64,
1786440558.771163,1786440558.793582,decode,64,0,17025,0.0650,0,64,
1786440558.793582,1786440558.815937,decode,64,0,17089,0.0652,0,64,
1786440558.815937,1786440558.838568,decode,64,0,17105,0.0653,0,64,
1786440558.838568,1786440558.860990,decode,64,0,17185,0.0656,0,64,
1786440558.860990,1786440558.883487,decode,64,0,17249,0.0658,0,64,
1786440558.883487,1786440558.905899,decode,64,0,17297,0.0660,0,64,
1786440558.905899,1786440558.928401,decode,64,0,17345,0.0662,0,64,
1786440558.928401,1786440558.950835,decode,64,0,17361,0.0663,0,64,
1786440558.950835,1786440558.973375,decode,64,0,17457,0.0666,0,64,
1786440558.973375,1786440558.995807,decode,64,0,17489,0.0667,0,64,
1786440558.995807,1786440559.018321,decode,63,0,17201,0.0656,0,64,
1786440559.018321,1786440559.040779,decode,63,0,17313,0.0661,0,63,
1786440559.040779,1786440559.069013,mixed,64,0,17441,0.0666,23,64,
1786440559.069013,1786440559.091642,decode,64,0,17649,0.0674,0,64,
1786440559.091642,1786440559.114110,decode,64,0,17681,0.0675,0,64,
1786440559.114110,1786440559.136642,decode,64,0,17697,0.0675,0,64,
1786440559.136642,1786440559.159086,decode,64,0,17793,0.0679,0,64,
1786440559.159086,1786440559.181702,decode,64,0,17857,0.0681,0,64,
1786440559.181702,1786440559.204216,decode,64,0,17873,0.0682,0,64,
1786440559.204216,1786440559.226756,decode,64,0,17953,0.0685,0,64,
1786440559.226756,1786440559.249189,decode,64,0,18017,0.0688,0,64,
1786440559.249189,1786440559.272058,decode,64,0,18065,0.0689,0,64,
1786440559.272058,1786440559.294485,decode,63,0,17809,0.0680,0,64,
1786440559.294485,1786440559.316967,decode,63,0,17825,0.0680,0,63,
1786440559.316967,1786440559.345973,mixed,64,0,17953,0.0685,41,64,
1786440559.345973,1786440559.368521,decode,64,0,17985,0.0686,0,64,
1786440559.368521,1786440559.390923,decode,64,0,17985,0.0686,0,64,
1786440559.390923,1786440559.414029,decode,64,0,18097,0.0691,0,64,
1786440559.414029,1786440559.436700,decode,64,0,18193,0.0694,0,64,
1786440559.436700,1786440559.459260,decode,64,0,18401,0.0702,0,64,
1786440559.459260,1786440559.481778,decode,64,0,18433,0.0703,0,64,
1786440559.481778,1786440559.504484,decode,64,0,18449,0.0704,0,64,
1786440559.504484,1786440559.527156,decode,63,0,18257,0.0697,0,64,
1786440559.527156,1786440559.549767,decode,63,0,18321,0.0699,0,63,
1786440559.549767,1786440559.586798,mixed,64,0,18465,0.0705,118,64,
1786440559.586798,1786440559.609596,decode,64,0,18545,0.0708,0,64,
1786440559.609596,1786440559.632223,decode,64,0,18609,0.0710,0,64,
1786440559.632223,1786440559.654938,decode,64,0,18641,0.0711,0,64,
1786440559.654938,1786440559.677608,decode,64,0,18705,0.0714,0,64,
1786440559.677608,1786440559.700141,decode,64,0,18721,0.0714,0,64,
1786440559.700141,1786440559.722618,decode,64,0,18801,0.0718,0,64,
1786440559.722618,1786440559.745350,decode,64,0,18833,0.0719,0,64,
1786440559.745350,1786440559.767970,decode,64,0,18833,0.0719,0,64,
1786440559.767970,1786440559.790701,decode,64,0,18929,0.0722,0,64,
1786440559.790701,1786440559.813194,decode,64,0,19025,0.0726,0,64,
1786440559.813194,1786440559.835935,decode,64,0,19249,0.0735,0,64,
1786440559.835935,1786440559.858541,decode,64,0,19281,0.0736,0,64,
1786440559.858541,1786440559.881259,decode,64,0,19297,0.0736,0,64,
1786440559.881259,1786440559.903658,decode,64,0,19409,0.0741,0,64,
1786440559.903658,1786440559.926433,decode,64,0,19473,0.0743,0,64,
1786440559.926433,1786440559.949046,decode,64,0,19489,0.0744,0,64,
1786440559.949046,1786440559.971709,decode,64,0,19569,0.0747,0,64,
1786440559.971709,1786440559.994118,decode,64,0,19633,0.0749,0,64,
1786440559.994118,1786440560.016806,decode,64,0,19665,0.0750,0,64,
1786440560.016806,1786440560.039431,decode,64,0,19729,0.0753,0,64,
1786440560.039431,1786440560.062043,decode,64,0,19745,0.0754,0,64,
1786440560.062043,1786440560.084634,decode,64,0,19825,0.0757,0,64,
1786440560.084634,1786440560.107332,decode,64,0,19857,0.0758,0,64,
1786440560.107332,1786440560.129992,decode,64,0,19857,0.0758,0,64,
1786440560.129992,1786440560.152635,decode,64,0,19953,0.0761,0,64,
1786440560.152635,1786440560.175172,decode,64,0,20049,0.0765,0,64,
1786440560.175172,1786440560.197958,decode,64,0,20273,0.0774,0,64,
1786440560.197958,1786440560.220648,decode,64,0,20305,0.0775,0,64,
1786440560.220648,1786440560.243197,decode,64,0,20321,0.0776,0,64,
1786440560.243197,1786440560.265830,decode,64,0,20433,0.0780,0,64,
1786440560.265830,1786440560.288571,decode,64,0,20497,0.0782,0,64,
1786440560.288571,1786440560.311163,decode,64,0,20513,0.0783,0,64,
1786440560.311163,1786440560.333891,decode,64,0,20593,0.0786,0,64,
1786440560.333891,1786440560.356324,decode,64,0,20657,0.0788,0,64,
1786440560.356324,1786440560.379071,decode,64,0,20689,0.0790,0,64,
1786440560.379071,1786440560.401841,decode,64,0,20753,0.0792,0,64,
1786440560.401841,1786440560.424458,decode,64,0,20769,0.0793,0,64,
1786440560.424458,1786440560.447039,decode,64,0,20849,0.0796,0,64,
1786440560.447039,1786440560.469870,decode,64,0,20881,0.0797,0,64,
1786440560.469870,1786440560.492716,decode,64,0,20881,0.0797,0,64,
1786440560.492716,1786440560.515425,decode,64,0,20977,0.0801,0,64,
1786440560.515425,1786440560.538076,decode,64,0,21073,0.0804,0,64,
1786440560.538076,1786440560.560982,decode,64,0,21297,0.0813,0,64,
1786440560.560982,1786440560.584080,decode,64,0,21329,0.0814,0,64,
1786440560.584080,1786440560.607047,decode,64,0,21345,0.0815,0,64,
1786440560.607047,1786440560.629972,decode,63,0,21185,0.0809,0,64,
1786440560.629972,1786440560.652969,decode,63,0,21249,0.0811,0,63,
1786440560.652969,1786440560.677109,mixed,64,0,21281,0.0812,9,64,
1786440560.677109,1786440560.699816,decode,64,0,21361,0.0815,0,64,
1786440560.699816,1786440560.722757,decode,64,0,21425,0.0818,0,64,
1786440560.722757,1786440560.745636,decode,64,0,21457,0.0819,0,64,
1786440560.745636,1786440560.768326,decode,64,0,21521,0.0821,0,64,
1786440560.768326,1786440560.791368,decode,64,0,21537,0.0822,0,64,
1786440560.791368,1786440560.813989,decode,64,0,21617,0.0825,0,64,
1786440560.813989,1786440560.836791,decode,64,0,21649,0.0826,0,64,
1786440560.836791,1786440560.859617,decode,64,0,21665,0.0827,0,64,
1786440560.859617,1786440560.882814,decode,64,0,21745,0.0830,0,64,
1786440560.882814,1786440560.905399,decode,64,0,21841,0.0834,0,64,
1786440560.905399,1786440560.928240,decode,64,0,22065,0.0842,0,64,
1786440560.928240,1786440560.950986,decode,64,0,22097,0.0843,0,64,
1786440560.950986,1786440560.973835,decode,64,0,22113,0.0844,0,64,
1786440560.973835,1786440560.996772,decode,64,0,22225,0.0848,0,64,
1786440560.996772,1786440561.019826,decode,64,0,22289,0.0851,0,64,
1786440561.019826,1786440561.042340,decode,64,0,22305,0.0851,0,64,
1786440561.042340,1786440561.065168,decode,64,0,22385,0.0854,0,64,
1786440561.065168,1786440561.088066,decode,64,0,22449,0.0857,0,64,
1786440561.088066,1786440561.110909,decode,64,0,22481,0.0858,0,64,
1786440561.110909,1786440561.133722,decode,64,0,22545,0.0860,0,64,
1786440561.133722,1786440561.156657,decode,64,0,22561,0.0861,0,64,
1786440561.156657,1786440561.179595,decode,64,0,22641,0.0864,0,64,
1786440561.179595,1786440561.202346,decode,64,0,22673,0.0865,0,64,
1786440561.202346,1786440561.225302,decode,64,0,22689,0.0866,0,64,
1786440561.225302,1786440561.248093,decode,64,0,22769,0.0869,0,64,
1786440561.248093,1786440561.271057,decode,64,0,22865,0.0873,0,64,
1786440561.271057,1786440561.293900,decode,64,0,23089,0.0881,0,64,
1786440561.293900,1786440561.316744,decode,64,0,23121,0.0882,0,64,
1786440561.316744,1786440561.339802,decode,64,0,23137,0.0883,0,64,
1786440561.339802,1786440561.362661,decode,64,0,23249,0.0887,0,64,
1786440561.362661,1786440561.385642,decode,64,0,23313,0.0890,0,64,
1786440561.385642,1786440561.408572,decode,64,0,23329,0.0890,0,64,
1786440561.408572,1786440561.431393,decode,64,0,23409,0.0893,0,64,
1786440561.431393,1786440561.454190,decode,64,0,23473,0.0896,0,64,
1786440561.454190,1786440561.477429,decode,64,0,23505,0.0897,0,64,
1786440561.477429,1786440561.500117,decode,64,0,23569,0.0899,0,64,
1786440561.500117,1786440561.523143,decode,63,0,23393,0.0893,0,64,
1786440561.523143,1786440561.545905,decode,63,0,23473,0.0896,0,63,
1786440561.545905,1786440561.575763,mixed,64,0,23521,0.0898,10,64,
1786440561.575763,1786440561.598616,decode,64,0,23537,0.0898,0,64,
1786440561.598616,1786440561.621582,decode,64,0,23617,0.0901,0,64,
1786440561.621582,1786440561.644593,decode,64,0,23713,0.0905,0,64,
1786440561.644593,1786440561.667446,decode,64,0,23937,0.0914,0,64,
1786440561.667446,1786440561.690341,decode,64,0,23969,0.0915,0,64,
1786440561.690341,1786440561.713227,decode,64,0,23985,0.0915,0,64,
1786440561.713227,1786440561.736262,decode,64,0,24113,0.0920,0,64,
1786440561.736262,1786440561.759225,decode,64,0,24177,0.0923,0,64,
1786440561.759225,1786440561.782024,decode,64,0,24193,0.0923,0,64,
1786440561.782024,1786440561.804947,decode,64,0,24257,0.0926,0,64,
1786440561.804947,1786440561.827823,decode,64,0,24321,0.0928,0,64,
1786440561.827823,1786440561.850723,decode,64,0,24353,0.0929,0,64,
1786440561.850723,1786440561.873807,decode,64,0,24417,0.0932,0,64,
1786440561.873807,1786440561.896914,decode,64,0,24433,0.0932,0,64,
1786440561.896914,1786440561.920176,decode,64,0,24513,0.0936,0,64,
1786440561.920176,1786440561.943222,decode,64,0,24545,0.0937,0,64,
1786440561.943222,1786440561.966126,decode,64,0,24561,0.0937,0,64,
1786440561.966126,1786440561.989001,decode,64,0,24641,0.0940,0,64,
1786440561.989001,1786440562.012054,decode,64,0,24737,0.0944,0,64,
1786440562.012054,1786440562.035005,decode,64,0,24961,0.0953,0,64,
1786440562.035005,1786440562.057834,decode,64,0,24993,0.0954,0,64,
1786440562.057834,1786440562.080914,decode,64,0,25009,0.0954,0,64,
1786440562.080914,1786440562.103913,decode,63,0,24849,0.0948,0,64,
1786440562.103913,1786440562.126885,decode,63,0,24913,0.0951,0,63,
1786440562.126885,1786440562.151156,mixed,64,0,24977,0.0953,39,64,
1786440562.151156,1786440562.174168,decode,64,0,25041,0.0956,0,64,
1786440562.174168,1786440562.197056,decode,64,0,25105,0.0958,0,64,
1786440562.197056,1786440562.219920,decode,63,0,24913,0.0951,0,64,
1786440562.219920,1786440562.242962,decode,63,0,24977,0.0953,0,63,
1786440562.242962,1786440562.271251,mixed,64,0,25009,0.0954,19,64,
1786440562.271251,1786440562.294312,decode,64,0,25089,0.0957,0,64,
1786440562.294312,1786440562.317707,decode,64,0,25121,0.0959,0,64,
1786440562.317707,1786440562.340379,decode,64,0,25137,0.0959,0,64,
1786440562.340379,1786440562.363266,decode,64,0,25217,0.0962,0,64,
1786440562.363266,1786440562.386121,decode,64,0,25329,0.0967,0,64,
1786440562.386121,1786440562.409067,decode,64,0,25553,0.0975,0,64,
1786440562.409067,1786440562.431998,decode,64,0,25585,0.0976,0,64,
1786440562.431998,1786440562.454886,decode,64,0,25585,0.0976,0,64,
1786440562.454886,1786440562.477907,decode,64,0,25713,0.0981,0,64,
1786440562.477907,1786440562.500854,decode,64,0,25777,0.0984,0,64,
1786440562.500854,1786440562.523872,decode,64,0,25793,0.0984,0,64,
1786440562.523872,1786440562.546836,decode,64,0,25841,0.0986,0,64,
1786440562.546836,1786440562.569833,decode,64,0,25905,0.0989,0,64,
1786440562.569833,1786440562.592653,decode,64,0,25953,0.0990,0,64,
1786440562.592653,1786440562.615661,decode,64,0,26017,0.0993,0,64,
1786440562.615661,1786440562.638640,decode,64,0,26033,0.0994,0,64,
1786440562.638640,1786440562.661625,decode,64,0,26113,0.0997,0,64,
1786440562.661625,1786440562.684462,decode,64,0,26145,0.0998,0,64,
1786440562.684462,1786440562.707438,decode,64,0,26161,0.0998,0,64,
1786440562.707438,1786440562.730651,decode,64,0,26241,0.1001,0,64,
1786440562.730651,1786440562.753554,decode,64,0,26353,0.1006,0,64,
1786440562.753554,1786440562.776528,decode,64,0,26577,0.1014,0,64,
1786440562.776528,1786440562.799441,decode,64,0,26609,0.1016,0,64,
1786440562.799441,1786440562.822408,decode,64,0,26609,0.1016,0,64,
1786440562.822408,1786440562.845491,decode,64,0,26737,0.1020,0,64,
1786440562.845491,1786440562.868345,decode,64,0,26801,0.1023,0,64,
1786440562.868345,1786440562.891470,decode,64,0,26817,0.1023,0,64,
1786440562.891470,1786440562.914826,decode,64,0,26865,0.1025,0,64,
1786440562.914826,1786440562.937816,decode,64,0,26929,0.1028,0,64,
1786440562.937816,1786440562.960804,decode,64,0,26977,0.1030,0,64,
1786440562.960804,1786440562.983823,decode,64,0,27041,0.1032,0,64,
1786440562.983823,1786440563.006882,decode,64,0,27057,0.1033,0,64,
1786440563.006882,1786440563.030005,decode,63,0,27025,0.1031,0,64,
1786440563.030005,1786440563.053117,decode,63,0,27057,0.1033,0,63,
1786440563.053117,1786440563.082749,mixed,64,0,27089,0.1034,27,64,
1786440563.082749,1786440563.105920,decode,64,0,27169,0.1037,0,64,
1786440563.105920,1786440563.129017,decode,64,0,27281,0.1041,0,64,
1786440563.129017,1786440563.152052,decode,64,0,27505,0.1050,0,64,
1786440563.152052,1786440563.175060,decode,64,0,27537,0.1051,0,64,
1786440563.175060,1786440563.198203,decode,64,0,27537,0.1051,0,64,
1786440563.198203,1786440563.221240,decode,64,0,27681,0.1056,0,64,
1786440563.221240,1786440563.244242,decode,64,0,27745,0.1059,0,64,
1786440563.244242,1786440563.267364,decode,64,0,27761,0.1059,0,64,
1786440563.267364,1786440563.290452,decode,64,0,27809,0.1061,0,64,
1786440563.290452,1786440563.313878,decode,64,0,27873,0.1064,0,64,
1786440563.313878,1786440563.336701,decode,64,0,27921,0.1066,0,64,
1786440563.336701,1786440563.359809,decode,64,0,27985,0.1068,0,64,
1786440563.359809,1786440563.382897,decode,64,0,28001,0.1069,0,64,
1786440563.382897,1786440563.405896,decode,64,0,28081,0.1072,0,64,
1786440563.405896,1786440563.429008,decode,64,0,28113,0.1073,0,64,
1786440563.429008,1786440563.452114,decode,64,0,28113,0.1073,0,64,
1786440563.452114,1786440563.475293,decode,64,0,28193,0.1076,0,64,
1786440563.475293,1786440563.498972,decode,64,0,28305,0.1080,0,64,
1786440563.498972,1786440563.522645,decode,64,0,28529,0.1089,0,64,
1786440563.522645,1786440563.546184,decode,64,0,28561,0.1090,0,64,
1786440563.546184,1786440563.569938,decode,54,0,25505,0.0973,0,64,
1786440563.569938,1786440563.596630,decode,52,0,21537,0.0822,0,54,
1786440563.596630,1786440563.773134,mixed,46,0,18609,0.0710,2110,62,
1786440563.773134,1786440563.803016,mixed,43,0,14656,0.0559,35,48,
1786440563.803016,1786440564.008082,mixed,44,2,12592,0.0481,1973,56,
1786440564.008082,1786440564.060545,mixed,50,0,10656,0.0407,322,51,
1786440564.060545,1786440564.182603,mixed,57,0,8128,0.0310,1065,63,
1786440564.182603,1786440564.207865,mixed,58,0,8240,0.0314,15,58,
1786440564.207865,1786440564.272656,mixed,64,0,8784,0.0335,467,64,
1786440564.272656,1786440564.295421,decode,64,0,8832,0.0337,0,64,
1786440564.295421,1786440564.318198,decode,63,0,8656,0.0330,0,64,
1786440564.318198,1786440564.340775,decode,62,0,8400,0.0321,0,63,
1786440564.340775,1786440564.368972,mixed,63,0,8464,0.0323,36,63,
1786440564.368972,1786440564.396387,mixed,64,0,8592,0.0328,62,64,
1786440564.396387,1786440564.418320,decode,64,0,8704,0.0332,0,64,
1786440564.418320,1786440564.440198,decode,64,0,8800,0.0336,0,64,
1786440564.440198,1786440564.462334,decode,64,0,8832,0.0337,0,64,
1786440564.462334,1786440564.484293,decode,64,0,8944,0.0341,0,64,
1786440564.484293,1786440564.506160,decode,64,0,9024,0.0344,0,64,
1786440564.506160,1786440564.528172,decode,63,0,8736,0.0333,0,64,
1786440564.528172,1786440564.550174,decode,63,0,8816,0.0336,0,63,
1786440564.550174,1786440564.578832,mixed,64,0,8848,0.0338,12,64,
1786440564.578832,1786440564.600737,decode,64,0,8928,0.0341,0,64,
1786440564.600737,1786440564.622663,decode,64,0,9008,0.0344,0,64,
1786440564.622663,1786440564.644699,decode,64,0,9040,0.0345,0,64,
1786440564.644699,1786440564.666598,decode,64,0,9104,0.0347,0,64,
1786440564.666598,1786440564.688630,decode,64,0,9216,0.0352,0,64,
1786440564.688630,1786440564.710597,decode,64,0,9264,0.0354,0,64,
1786440564.710597,1786440564.732640,decode,64,0,9280,0.0354,0,64,
1786440564.732640,1786440564.754834,decode,64,0,9344,0.0357,0,64,
1786440564.754834,1786440564.776370,decode,64,0,9440,0.0360,0,64,
1786440564.776370,1786440564.798445,decode,64,0,9536,0.0364,0,64,
1786440564.798445,1786440564.820452,decode,64,0,9568,0.0365,0,64,
1786440564.820452,1786440564.842319,decode,64,0,9680,0.0369,0,64,
1786440564.842319,1786440564.864232,decode,64,0,9760,0.0372,0,64,
1786440564.864232,1786440564.886221,decode,64,0,9776,0.0373,0,64,
1786440564.886221,1786440564.908232,decode,63,0,9584,0.0366,0,64,
1786440564.908232,1786440564.930481,decode,63,0,9600,0.0366,0,63,
1786440564.930481,1786440564.966226,mixed,64,0,9760,0.0372,69,64,
1786440564.966226,1786440564.988137,decode,64,0,9840,0.0376,0,64,
1786440564.988137,1786440565.010159,decode,64,0,9872,0.0377,0,64,
1786440565.010159,1786440565.032164,decode,64,0,9936,0.0379,0,64,
1786440565.032164,1786440565.054161,decode,63,0,9776,0.0373,0,64,
1786440565.054161,1786440565.076121,decode,63,0,9824,0.0375,0,63,
1786440565.076121,1786440565.099443,mixed,64,0,9856,0.0376,11,64,
1786440565.099443,1786440565.121599,decode,64,0,9904,0.0378,0,64,
1786440565.121599,1786440565.143537,decode,64,0,10000,0.0382,0,64,
1786440565.143537,1786440565.165371,decode,64,0,10096,0.0385,0,64,
1786440565.165371,1786440565.187553,decode,64,0,10128,0.0387,0,64,
1786440565.187553,1786440565.209358,decode,64,0,10240,0.0391,0,64,
1786440565.209358,1786440565.231383,decode,64,0,10352,0.0395,0,64,
1786440565.231383,1786440565.253415,decode,64,0,10368,0.0396,0,64,
1786440565.253415,1786440565.275339,decode,64,0,10448,0.0399,0,64,
1786440565.275339,1786440565.297351,decode,64,0,10464,0.0399,0,64,
1786440565.297351,1786440565.319342,decode,64,0,10528,0.0402,0,64,
1786440565.319342,1786440565.341354,decode,64,0,10608,0.0405,0,64,
1786440565.341354,1786440565.363646,decode,64,0,10640,0.0406,0,64,
1786440565.363646,1786440565.385401,decode,64,0,10704,0.0409,0,64,
1786440565.385401,1786440565.407334,decode,64,0,10816,0.0413,0,64,
1786440565.407334,1786440565.429323,decode,64,0,10864,0.0415,0,64,
1786440565.429323,1786440565.451377,decode,63,0,10592,0.0404,0,64,
1786440565.451377,1786440565.473588,decode,63,0,10640,0.0406,0,63,
1786440565.473588,1786440565.501859,mixed,64,0,10768,0.0411,17,64,
1786440565.501859,1786440565.523915,decode,64,0,10864,0.0415,0,64,
1786440565.523915,1786440565.545973,decode,64,0,10896,0.0416,0,64,
1786440565.545973,1786440565.567979,decode,64,0,11008,0.0420,0,64,
1786440565.567979,1786440565.590334,decode,64,0,11120,0.0424,0,64,
1786440565.590334,1786440565.612146,decode,64,0,11136,0.0425,0,64,
1786440565.612146,1786440565.634327,decode,64,0,11216,0.0428,0,64,
1786440565.634327,1786440565.656231,decode,64,0,11232,0.0429,0,64,
1786440565.656231,1786440565.678245,decode,64,0,11296,0.0431,0,64,
1786440565.678245,1786440565.700323,decode,64,0,11360,0.0434,0,64,
1786440565.700323,1786440565.722521,decode,63,0,11088,0.0423,0,64,
1786440565.722521,1786440565.744463,decode,63,0,11152,0.0426,0,63,
1786440565.744463,1786440565.767852,mixed,64,0,11312,0.0432,44,64,
1786440565.767852,1786440565.789824,decode,64,0,11360,0.0434,0,64,
1786440565.789824,1786440565.811847,decode,64,0,11376,0.0434,0,64,
1786440565.811847,1786440565.833796,decode,64,0,11424,0.0436,0,64,
1786440565.833796,1786440565.855828,decode,64,0,11536,0.0440,0,64,
1786440565.855828,1786440565.877932,decode,64,0,11648,0.0445,0,64,
1786440565.877932,1786440565.900106,decode,64,0,11680,0.0446,0,64,
1786440565.900106,1786440565.922017,decode,64,0,11776,0.0449,0,64,
1786440565.922017,1786440565.944159,decode,63,0,11504,0.0439,0,64,
1786440565.944159,1786440565.966266,decode,63,0,11520,0.0440,0,63,
1786440565.966266,1786440566.018070,mixed,64,0,11936,0.0456,331,64,
1786440566.018070,1786440566.040924,decode,63,0,11744,0.0448,0,64,
1786440566.040924,1786440566.063147,decode,63,0,11808,0.0451,0,63,
1786440566.063147,1786440566.086357,mixed,64,0,11904,0.0454,23,64,
1786440566.086357,1786440566.108542,decode,64,0,11936,0.0456,0,64,
1786440566.108542,1786440566.130505,decode,64,0,12000,0.0458,0,64,
1786440566.130505,1786440566.152647,decode,64,0,12128,0.0463,0,64,
1786440566.152647,1786440566.174824,decode,63,0,12080,0.0461,0,64,
1786440566.174824,1786440566.196799,decode,63,0,12096,0.0462,0,63,
1786440566.196799,1786440566.235807,mixed,64,0,12288,0.0469,135,64,
1786440566.235807,1786440566.257763,decode,64,0,12384,0.0473,0,64,
1786440566.257763,1786440566.279848,decode,64,0,12496,0.0477,0,64,
1786440566.279848,1786440566.301961,decode,64,0,12528,0.0478,0,64,
1786440566.301961,1786440566.324059,decode,64,0,12624,0.0482,0,64,
1786440566.324059,1786440566.346139,decode,64,0,12720,0.0485,0,64,
1786440566.346139,1786440566.368128,decode,64,0,12736,0.0486,0,64,
1786440566.368128,1786440566.390316,decode,64,0,12816,0.0489,0,64,
1786440566.390316,1786440566.412429,decode,64,0,12832,0.0490,0,64,
1786440566.412429,1786440566.434629,decode,64,0,12896,0.0492,0,64,
1786440566.434629,1786440566.456537,decode,64,0,12976,0.0495,0,64,
1786440566.456537,1786440566.478877,decode,64,0,13008,0.0496,0,64,
1786440566.478877,1786440566.501009,decode,64,0,13072,0.0499,0,64,
1786440566.501009,1786440566.522990,decode,64,0,13200,0.0504,0,64,
1786440566.522990,1786440566.545220,decode,64,0,13248,0.0506,0,64,
1786440566.545220,1786440566.567342,decode,64,0,13264,0.0506,0,64,
1786440566.567342,1786440566.589401,decode,64,0,13312,0.0508,0,64,
1786440566.589401,1786440566.611553,decode,64,0,13408,0.0512,0,64,
1786440566.611553,1786440566.633746,decode,64,0,13520,0.0516,0,64,
1786440566.633746,1786440566.655880,decode,64,0,13552,0.0517,0,64,
1786440566.655880,1786440566.678097,decode,64,0,13648,0.0521,0,64,
1786440566.678097,1786440566.700259,decode,64,0,13744,0.0525,0,64,
1786440566.700259,1786440566.722323,decode,64,0,13760,0.0525,0,64,
1786440566.722323,1786440566.744549,decode,64,0,13840,0.0528,0,64,
1786440566.744549,1786440566.766562,decode,64,0,13856,0.0529,0,64,
1786440566.766562,1786440566.788697,decode,64,0,13920,0.0531,0,64,
1786440566.788697,1786440566.811031,decode,64,0,14000,0.0534,0,64,
1786440566.811031,1786440566.833015,decode,64,0,14032,0.0536,0,64,
1786440566.833015,1786440566.856580,decode,64,0,14096,0.0538,0,64,
1786440566.856580,1786440566.878787,decode,64,0,14224,0.0543,0,64,
1786440566.878787,1786440566.900829,decode,64,0,14272,0.0545,0,64,
1786440566.900829,1786440566.923066,decode,64,0,14288,0.0545,0,64,
1786440566.923066,1786440566.945139,decode,64,0,14336,0.0547,0,64,
1786440566.945139,1786440566.967450,decode,64,0,14432,0.0551,0,64,
1786440566.967450,1786440566.989460,decode,64,0,14544,0.0555,0,64,
1786440566.989460,1786440567.012005,decode,64,0,14576,0.0556,0,64,
1786440567.012005,1786440567.033930,decode,64,0,14672,0.0560,0,64,
1786440567.033930,1786440567.055866,decode,64,0,14768,0.0564,0,64,
1786440567.055866,1786440567.078085,decode,64,0,14784,0.0564,0,64,
1786440567.078085,1786440567.100205,decode,64,0,14864,0.0567,0,64,
1786440567.100205,1786440567.122317,decode,64,0,14880,0.0568,0,64,
1786440567.122317,1786440567.144359,decode,64,0,14944,0.0570,0,64,
1786440567.144359,1786440567.167014,decode,64,0,15024,0.0573,0,64,
1786440567.167014,1786440567.188884,decode,64,0,15056,0.0575,0,64,
1786440567.188884,1786440567.210944,decode,64,0,15120,0.0577,0,64,
1786440567.210944,1786440567.233142,decode,63,0,14832,0.0566,0,64,
1786440567.233142,1786440567.255264,decode,63,0,14880,0.0568,0,63,
1786440567.255264,1786440567.282220,mixed,64,0,14944,0.0570,33,64,
1786440567.282220,1786440567.304555,decode,64,0,14992,0.0572,0,64,
1786440567.304555,1786440567.326753,decode,64,0,15088,0.0576,0,64,
1786440567.326753,1786440567.348884,decode,64,0,15200,0.0580,0,64,
1786440567.348884,1786440567.371055,decode,64,0,15232,0.0581,0,64,
1786440567.371055,1786440567.393106,decode,64,0,15328,0.0585,0,64,
1786440567.393106,1786440567.415481,decode,64,0,15424,0.0589,0,64,
1786440567.415481,1786440567.437731,decode,63,0,15280,0.0583,0,64,
1786440567.437731,1786440567.459922,decode,63,0,15360,0.0586,0,63,
1786440567.459922,1786440567.483164,mixed,64,0,15408,0.0588,18,64,
1786440567.483164,1786440567.505507,decode,64,0,15472,0.0590,0,64,
1786440567.505507,1786440567.527558,decode,64,0,15536,0.0593,0,64,
1786440567.527558,1786440567.549845,decode,64,0,15568,0.0594,0,64,
1786440567.549845,1786440567.572039,decode,64,0,15632,0.0597,0,64,
1786440567.572039,1786440567.594064,decode,64,0,15760,0.0601,0,64,
1786440567.594064,1786440567.616452,decode,64,0,15808,0.0603,0,64,
1786440567.616452,1786440567.638599,decode,64,0,15840,0.0605,0,64,
1786440567.638599,1786440567.660839,decode,64,0,15888,0.0606,0,64,
1786440567.660839,1786440567.683018,decode,64,0,15984,0.0610,0,64,
1786440567.683018,1786440567.705206,decode,64,0,16096,0.0614,0,64,
1786440567.705206,1786440567.727323,decode,64,0,16112,0.0615,0,64,
1786440567.727323,1786440567.749634,decode,64,0,16208,0.0619,0,64,
1786440567.749634,1786440567.771915,decode,64,0,16304,0.0622,0,64,
1786440567.771915,1786440567.794052,decode,64,0,16320,0.0623,0,64,
1786440567.794052,1786440567.816318,decode,64,0,16417,0.0627,0,64,
1786440567.816318,1786440567.838619,decode,64,0,16433,0.0627,0,64,
1786440567.838619,1786440567.861186,decode,64,0,16497,0.0630,0,64,
1786440567.861186,1786440567.883403,decode,64,0,16561,0.0632,0,64,
1786440567.883403,1786440567.905772,decode,64,0,16593,0.0633,0,64,
1786440567.905772,1786440567.927745,decode,63,0,16385,0.0625,0,64,
1786440567.927745,1786440567.950073,decode,63,0,16513,0.0630,0,63,
1786440567.950073,1786440568.000526,mixed,64,0,16913,0.0645,345,64,
1786440568.000526,1786440568.023579,decode,64,0,16945,0.0647,0,64,
1786440568.023579,1786440568.046055,decode,64,0,16993,0.0649,0,64,
1786440568.046055,1786440568.068621,decode,64,0,17089,0.0652,0,64,
1786440568.068621,1786440568.091056,decode,64,0,17201,0.0656,0,64,
1786440568.091056,1786440568.113334,decode,64,0,17217,0.0657,0,64,
1786440568.113334,1786440568.135651,decode,64,0,17297,0.0660,0,64,
1786440568.135651,1786440568.157948,decode,63,0,17041,0.0650,0,64,
1786440568.157948,1786440568.180426,decode,63,0,17073,0.0652,0,63,
1786440568.180426,1786440568.209059,mixed,64,0,17185,0.0656,26,64,
1786440568.209059,1786440568.231465,decode,64,0,17201,0.0656,0,64,
1786440568.231465,1786440568.253815,decode,64,0,17265,0.0659,0,64,
1786440568.253815,1786440568.276107,decode,64,0,17329,0.0661,0,64,
1786440568.276107,1786440568.298295,decode,64,0,17361,0.0663,0,64,
1786440568.298295,1786440568.320777,decode,64,0,17425,0.0665,0,64,
1786440568.320777,1786440568.343021,decode,64,0,17553,0.0670,0,64,
1786440568.343021,1786440568.365314,decode,64,0,17617,0.0672,0,64,
1786440568.365314,1786440568.387669,decode,64,0,17649,0.0674,0,64,
1786440568.387669,1786440568.409909,decode,64,0,17697,0.0675,0,64,
1786440568.409909,1786440568.432152,decode,64,0,17793,0.0679,0,64,
1786440568.432152,1786440568.454351,decode,64,0,17905,0.0683,0,64,
1786440568.454351,1786440568.476805,decode,64,0,17921,0.0684,0,64,
1786440568.476805,1786440568.499156,decode,64,0,18001,0.0687,0,64,
1786440568.499156,1786440568.521813,decode,63,0,17793,0.0679,0,64,
1786440568.521813,1786440568.544141,decode,63,0,17825,0.0680,0,63,
1786440568.544141,1786440568.567890,mixed,64,0,17921,0.0684,9,64,
1786440568.567890,1786440568.589988,decode,64,0,17937,0.0685,0,64,
1786440568.589988,1786440568.612369,decode,64,0,18001,0.0687,0,64,
1786440568.612369,1786440568.634871,decode,63,0,17777,0.0678,0,64,
1786440568.634871,1786440568.657297,decode,63,0,17809,0.0680,0,63,
1786440568.657297,1786440568.693364,mixed,64,0,17953,0.0685,76,64,
1786440568.693364,1786440568.715677,decode,64,0,18081,0.0690,0,64,
1786440568.715677,1786440568.737956,decode,64,0,18145,0.0692,0,64,
1786440568.737956,1786440568.760302,decode,64,0,18193,0.0694,0,64,
1786440568.760302,1786440568.782783,decode,64,0,18225,0.0696,0,64,
1786440568.782783,1786440568.804984,decode,64,0,18337,0.0700,0,64,
1786440568.804984,1786440568.827325,decode,64,0,18449,0.0704,0,64,
1786440568.827325,1786440568.849736,decode,64,0,18465,0.0705,0,64,
1786440568.849736,1786440568.872028,decode,64,0,18545,0.0708,0,64,
1786440568.872028,1786440568.894425,decode,64,0,18641,0.0711,0,64,
1786440568.894425,1786440568.916871,decode,64,0,18673,0.0713,0,64,
1786440568.916871,1786440568.939044,decode,64,0,18753,0.0716,0,64,
1786440568.939044,1786440568.961379,decode,64,0,18769,0.0716,0,64,
1786440568.961379,1786440568.983879,decode,64,0,18817,0.0718,0,64,
1786440568.983879,1786440569.006130,decode,64,0,18881,0.0721,0,64,
1786440569.006130,1786440569.028527,decode,64,0,18913,0.0722,0,64,
1786440569.028527,1786440569.050865,decode,64,0,18977,0.0724,0,64,
1786440569.050865,1786440569.073164,decode,64,0,19105,0.0729,0,64,
1786440569.073164,1786440569.095655,decode,64,0,19169,0.0732,0,64,
1786440569.095655,1786440569.117898,decode,64,0,19217,0.0733,0,64,
1786440569.117898,1786440569.140244,decode,64,0,19249,0.0735,0,64,
1786440569.140244,1786440569.162601,decode,64,0,19361,0.0739,0,64,
1786440569.162601,1786440569.185077,decode,63,0,19233,0.0734,0,64,
1786440569.185077,1786440569.207520,decode,63,0,19249,0.0735,0,63,
1786440569.207520,1786440569.231201,mixed,64,0,19345,0.0738,11,64,
1786440569.231201,1786440569.253547,decode,64,0,19441,0.0742,0,64,
1786440569.253547,1786440569.275917,decode,64,0,19473,0.0743,0,64,
1786440569.275917,1786440569.298294,decode,64,0,19553,0.0746,0,64,
1786440569.298294,1786440569.320784,decode,64,0,19569,0.0747,0,64,
1786440569.320784,1786440569.343098,decode,64,0,19617,0.0749,0,64,
1786440569.343098,1786440569.365302,decode,64,0,19697,0.0752,0,64,
1786440569.365302,1786440569.387785,decode,64,0,19729,0.0753,0,64,
1786440569.387785,1786440569.410244,decode,64,0,19793,0.0755,0,64,
1786440569.410244,1786440569.432717,decode,63,0,19633,0.0749,0,64,
1786440569.432717,1786440569.455129,decode,63,0,19697,0.0752,0,63,
1786440569.455129,1786440569.484080,mixed,64,0,19777,0.0755,30,64,
1786440569.484080,1786440569.506512,decode,64,0,19809,0.0756,0,64,
1786440569.506512,1786440569.529003,decode,64,0,19921,0.0760,0,64,
1786440569.529003,1786440569.551313,decode,64,0,20033,0.0765,0,64,
1786440569.551313,1786440569.573943,decode,64,0,20049,0.0765,0,64,
1786440569.573943,1786440569.596298,decode,64,0,20113,0.0768,0,64,
1786440569.596298,1786440569.618619,decode,64,0,20209,0.0771,0,64,
1786440569.618619,1786440569.641039,decode,64,0,20241,0.0772,0,64,
1786440569.641039,1786440569.663574,decode,64,0,20321,0.0776,0,64,
1786440569.663574,1786440569.685905,decode,64,0,20337,0.0776,0,64,
1786440569.685905,1786440569.708354,decode,64,0,20385,0.0778,0,64,
1786440569.708354,1786440569.730961,decode,64,0,20465,0.0781,0,64,
1786440569.730961,1786440569.753477,decode,64,0,20497,0.0782,0,64,
1786440569.753477,1786440569.775997,decode,64,0,20561,0.0785,0,64,
1786440569.775997,1786440569.798385,decode,64,0,20689,0.0790,0,64,
1786440569.798385,1786440569.820758,decode,64,0,20753,0.0792,0,64,
1786440569.820758,1786440569.843386,decode,64,0,20801,0.0794,0,64,
1786440569.843386,1786440569.865882,decode,64,0,20833,0.0795,0,64,
1786440569.865882,1786440569.888871,decode,63,0,20673,0.0789,0,64,
1786440569.888871,1786440569.911561,decode,63,0,20785,0.0793,0,63,
1786440569.911561,1786440569.940123,mixed,64,0,20833,0.0795,21,64,
1786440569.940123,1786440569.962548,decode,54,0,16176,0.0617,0,64,
1786440569.962548,1786440569.986154,decode,52,0,15680,0.0598,0,54,
1786440569.986154,1786440570.037005,mixed,53,0,12112,0.0462,555,62,
1786440570.037005,1786440570.061163,mixed,48,0,10288,0.0393,43,55,
1786440570.061163,1786440570.174213,mixed,46,0,7952,0.0303,1005,57,
1786440570.174213,1786440570.385597,mixed,47,5,9712,0.0371,20,47,
1786440570.385597,1786440570.603960,mixed,54,4,10096,0.0385,3353,58,
1786440570.603960,1786440570.833345,decode,53,5,12016,0.0459,0,53,
1786440570.833345,1786440571.056629,mixed,54,9,14048,0.0536,2665,53,
1786440571.056629,1786440571.272026,mixed,57,7,16128,0.0616,2468,56,
1786440571.272026,1786440571.434863,mixed,63,0,17425,0.0665,3009,64,
1786440571.434863,1786440571.458222,decode,62,0,17201,0.0656,0,63,
1786440571.458222,1786440571.488663,mixed,63,0,17281,0.0660,15,63,
1786440571.488663,1786440571.512720,mixed,64,0,17393,0.0664,11,64,
1786440571.512720,1786440571.535118,decode,64,0,17489,0.0667,0,64,
1786440571.535118,1786440571.557603,decode,64,0,17553,0.0670,0,64,
1786440571.557603,1786440571.580225,decode,64,0,17681,0.0675,0,64,
1786440571.580225,1786440571.602680,decode,64,0,17745,0.0677,0,64,
1786440571.602680,1786440571.625142,decode,64,0,17777,0.0678,0,64,
1786440571.625142,1786440571.647603,decode,63,0,17569,0.0670,0,64,
1786440571.647603,1786440571.670167,decode,63,0,17569,0.0670,0,63,
1786440571.670167,1786440571.713649,mixed,64,0,17873,0.0682,246,64,
1786440571.713649,1786440571.736613,decode,64,0,17937,0.0685,0,64,
1786440571.736613,1786440571.759346,decode,64,0,17985,0.0686,0,64,
1786440571.759346,1786440571.782002,decode,64,0,18017,0.0688,0,64,
1786440571.782002,1786440571.804461,decode,64,0,18065,0.0689,0,64,
1786440571.804461,1786440571.827014,decode,64,0,18129,0.0692,0,64,
1786440571.827014,1786440571.849406,decode,64,0,18225,0.0696,0,64,
1786440571.849406,1786440571.872054,decode,64,0,18289,0.0698,0,64,
1786440571.872054,1786440571.894746,decode,64,0,18385,0.0702,0,64,
1786440571.894746,1786440571.917026,decode,64,0,18481,0.0705,0,64,
1786440571.917026,1786440571.939576,decode,64,0,18545,0.0708,0,64,
1786440571.939576,1786440571.962079,decode,64,0,18689,0.0713,0,64,
1786440571.962079,1786440571.984670,decode,64,0,18753,0.0716,0,64,
1786440571.984670,1786440572.007301,decode,63,0,18737,0.0715,0,64,
1786440572.007301,1786440572.030002,decode,63,0,18801,0.0718,0,63,
1786440572.030002,1786440572.058661,mixed,63,0,22337,0.0852,3860,64,
1786440572.058661,1786440572.082081,decode,63,0,22385,0.0854,0,63,
1786440572.082081,1786440572.208038,mixed,64,0,23537,0.0898,1073,64,
1786440572.208038,1786440572.232233,decode,64,0,23585,0.0900,0,64,
1786440572.232233,1786440572.256005,decode,64,0,23617,0.0901,0,64,
1786440572.256005,1786440572.279654,decode,63,0,23553,0.0899,0,64,
1786440572.279654,1786440572.303020,decode,62,0,23345,0.0891,0,63,
1786440572.303020,1786440572.350726,mixed,63,0,23633,0.0902,204,63,
1786440572.350726,1786440572.375773,mixed,64,0,23793,0.0908,103,64,
1786440572.375773,1786440572.399130,decode,64,0,23889,0.0912,0,64,
1786440572.399130,1786440572.422540,decode,64,0,23985,0.0915,0,64,
1786440572.422540,1786440572.445853,decode,64,0,24049,0.0918,0,64,
1786440572.445853,1786440572.469148,decode,64,0,24209,0.0924,0,64,
1786440572.469148,1786440572.492337,decode,64,0,24257,0.0926,0,64,
1786440572.492337,1786440572.515768,decode,63,0,24177,0.0923,0,64,
1786440572.515768,1786440572.539058,decode,62,0,24177,0.0923,0,63,
1786440572.539058,1786440572.564480,mixed,63,0,24193,0.0923,14,63,
1786440572.564480,1786440572.589092,mixed,64,0,24273,0.0926,19,64,
1786440572.589092,1786440572.612543,decode,64,0,24369,0.0930,0,64,
1786440572.612543,1786440572.635894,decode,64,0,24417,0.0932,0,64,
1786440572.635894,1786440572.658990,decode,64,0,24449,0.0933,0,64,
1786440572.658990,1786440572.682238,decode,64,0,24497,0.0935,0,64,
1786440572.682238,1786440572.705832,decode,64,0,24561,0.0937,0,64,
1786440572.705832,1786440572.729135,decode,64,0,24641,0.0940,0,64,
1786440572.729135,1786440572.752450,decode,63,0,24417,0.0932,0,64,
1786440572.752450,1786440572.775449,decode,63,0,24497,0.0935,0,63,
1786440572.775449,1786440572.800410,mixed,64,0,24609,0.0939,23,64,
1786440572.800410,1786440572.823744,decode,64,0,24673,0.0942,0,64,
1786440572.823744,1786440572.847025,decode,64,0,24833,0.0948,0,64,
1786440572.847025,1786440572.870219,decode,64,0,24881,0.0950,0,64,
1786440572.870219,1786440572.893655,decode,64,0,24913,0.0951,0,64,
1786440572.893655,1786440572.916552,decode,64,0,24993,0.0954,0,64,
1786440572.916552,1786440572.940021,decode,63,0,24929,0.0951,0,64,
1786440572.940021,1786440572.963334,decode,63,0,24977,0.0953,0,63,
1786440572.963334,1786440572.987878,mixed,64,0,25121,0.0959,36,64,
1786440572.987878,1786440573.011084,decode,64,0,25169,0.0961,0,64,
1786440573.011084,1786440573.034357,decode,63,0,24897,0.0950,0,64,
1786440573.034357,1786440573.057822,decode,63,0,24945,0.0952,0,63,
1786440573.057822,1786440573.129999,mixed,64,0,25553,0.0975,538,64,
1786440573.129999,1786440573.154034,decode,64,0,25633,0.0978,0,64,
1786440573.154034,1786440573.177627,decode,64,0,25681,0.0980,0,64,
1786440573.177627,1786440573.201213,decode,63,0,25649,0.0979,0,64,
1786440573.201213,1786440573.224915,decode,63,0,25713,0.0981,0,63,
1786440573.224915,1786440573.260996,mixed,64,0,25921,0.0989,141,64,
1786440573.260996,1786440573.284527,decode,64,0,26081,0.0995,0,64,
1786440573.284527,1786440573.307799,decode,64,0,26145,0.0998,0,64,
1786440573.307799,1786440573.331355,decode,63,0,25585,0.0976,0,64,
1786440573.331355,1786440573.354607,decode,63,0,25697,0.0981,0,63,
1786440573.354607,1786440573.379138,mixed,64,0,25713,0.0981,6,64,
1786440573.379138,1786440573.402713,decode,63,0,25473,0.0972,0,64,
1786440573.402713,1786440573.425967,decode,63,0,25569,0.0976,0,63,
1786440573.425967,1786440573.456206,mixed,64,0,25665,0.0979,48,64,
1786440573.456206,1786440573.479238,decode,64,0,25713,0.0981,0,64,
1786440573.479238,1786440573.502672,decode,64,0,25745,0.0983,0,64,
1786440573.502672,1786440573.525788,decode,64,0,25809,0.0985,0,64,
1786440573.525788,1786440573.549105,decode,63,0,25489,0.0973,0,64,
1786440573.549105,1786440573.572570,decode,63,0,25521,0.0974,0,63,
1786440573.572570,1786440573.611759,mixed,64,0,25713,0.0981,99,64,
1786440573.611759,1786440573.634939,decode,64,0,25777,0.0984,0,64,
1786440573.634939,1786440573.658204,decode,64,0,25857,0.0987,0,64,
1786440573.658204,1786440573.681488,decode,64,0,26001,0.0992,0,64,
1786440573.681488,1786440573.704670,decode,64,0,26065,0.0995,0,64,
1786440573.704670,1786440573.727957,decode,64,0,26097,0.0996,0,64,
1786440573.727957,1786440573.751008,decode,64,0,26209,0.1000,0,64,
1786440573.751008,1786440573.774315,decode,64,0,26209,0.1000,0,64,
1786440573.774315,1786440573.797627,decode,64,0,26257,0.1002,0,64,
1786440573.797627,1786440573.820823,decode,64,0,26337,0.1005,0,64,
1786440573.820823,1786440573.844220,decode,64,0,26385,0.1007,0,64,
1786440573.844220,1786440573.867513,decode,64,0,26433,0.1009,0,64,
1786440573.867513,1786440573.890793,decode,64,0,26465,0.1010,0,64,
1786440573.890793,1786440573.914176,decode,64,0,26529,0.1012,0,64,
1786440573.914176,1786440573.937473,decode,64,0,26625,0.1016,0,64,
1786440573.937473,1786440573.960960,decode,64,0,26657,0.1017,0,64,
1786440573.960960,1786440573.984362,decode,64,0,26737,0.1020,0,64,
1786440573.984362,1786440574.007725,decode,64,0,26801,0.1023,0,64,
1786440574.007725,1786440574.031069,decode,64,0,26881,0.1026,0,64,
1786440574.031069,1786440574.054431,decode,64,0,27025,0.1031,0,64,
1786440574.054431,1786440574.077863,decode,64,0,27089,0.1034,0,64,
1786440574.077863,1786440574.101187,decode,64,0,27121,0.1035,0,64,
1786440574.101187,1786440574.124417,decode,64,0,27233,0.1039,0,64,
1786440574.124417,1786440574.147989,decode,64,0,27233,0.1039,0,64,
1786440574.147989,1786440574.171336,decode,64,0,27281,0.1041,0,64,
1786440574.171336,1786440574.194494,decode,64,0,27361,0.1044,0,64,
1786440574.194494,1786440574.218164,decode,64,0,27409,0.1046,0,64,
1786440574.218164,1786440574.241599,decode,64,0,27457,0.1048,0,64,
1786440574.241599,1786440574.264798,decode,64,0,27489,0.1049,0,64,
1786440574.264798,1786440574.288352,decode,64,0,27553,0.1052,0,64,
1786440574.288352,1786440574.311669,decode,64,0,27649,0.1055,0,64,
1786440574.311669,1786440574.335039,decode,64,0,27681,0.1056,0,64,
1786440574.335039,1786440574.358870,decode,63,0,27601,0.1053,0,64,
1786440574.358870,1786440574.382568,decode,63,0,27665,0.1056,0,63,
1786440574.382568,1786440574.417558,mixed,64,0,27873,0.1064,123,64,
1786440574.417558,1786440574.440960,decode,64,0,28017,0.1069,0,64,
1786440574.440960,1786440574.464561,decode,64,0,28081,0.1072,0,64,
1786440574.464561,1786440574.488041,decode,64,0,28113,0.1073,0,64,
1786440574.488041,1786440574.511525,decode,64,0,28225,0.1077,0,64,
1786440574.511525,1786440574.535146,decode,64,0,28225,0.1077,0,64,
1786440574.535146,1786440574.558626,decode,64,0,28289,0.1080,0,64,
1786440574.558626,1786440574.582114,decode,64,0,28369,0.1083,0,64,
1786440574.582114,1786440574.605609,decode,64,0,28417,0.1085,0,64,
1786440574.605609,1786440574.629027,decode,64,0,28465,0.1086,0,64,
1786440574.629027,1786440574.652572,decode,64,0,28481,0.1087,0,64,
1786440574.652572,1786440574.675975,decode,63,0,28257,0.1078,0,64,
1786440574.675975,1786440574.699540,decode,63,0,28337,0.1081,0,63,
1786440574.699540,1786440574.729130,mixed,64,0,28401,0.1084,24,64,
1786440574.729130,1786440574.752711,decode,63,0,28305,0.1080,0,64,
1786440574.752711,1786440574.776191,decode,62,0,28225,0.1077,0,63,
1786440574.776191,1786440574.815745,mixed,63,0,28401,0.1084,94,63,
1786440574.815745,1786440574.846571,mixed,64,0,28689,0.1095,129,64,
1786440574.846571,1786440574.870744,decode,64,0,28753,0.1097,0,64,
1786440574.870744,1786440574.894500,decode,64,0,28801,0.1099,0,64,
1786440574.894500,1786440574.918160,decode,63,0,28625,0.1092,0,64,
1786440574.918160,1786440574.941749,decode,63,0,28625,0.1092,0,63,
1786440574.941749,1786440574.971509,mixed,64,0,28849,0.1101,135,64,
1786440574.971509,1786440574.995499,decode,64,0,28929,0.1104,0,64,
1786440574.995499,1786440575.019075,decode,64,0,28977,0.1106,0,64,
1786440575.019075,1786440575.042815,decode,64,0,29025,0.1108,0,64,
1786440575.042815,1786440575.066539,decode,64,0,29041,0.1108,0,64,
1786440575.066539,1786440575.089619,decode,64,0,29105,0.1111,0,64,
1786440575.089619,1786440575.113259,decode,64,0,29185,0.1114,0,64,
1786440575.113259,1786440575.136715,decode,64,0,29217,0.1115,0,64,
1786440575.136715,1786440575.160133,decode,64,0,29281,0.1117,0,64,
1786440575.160133,1786440575.183812,decode,64,0,29345,0.1120,0,64,
1786440575.183812,1786440575.207244,decode,64,0,29441,0.1124,0,64,
1786440575.207244,1786440575.230849,decode,64,0,29601,0.1130,0,64,
1786440575.230849,1786440575.254343,decode,64,0,29665,0.1132,0,64,
1786440575.254343,1786440575.277797,decode,64,0,29713,0.1134,0,64,
1786440575.277797,1786440575.301243,decode,64,0,29793,0.1137,0,64,
1786440575.301243,1786440575.325130,decode,63,0,29569,0.1128,0,64,
1786440575.325130,1786440575.348372,decode,63,0,29649,0.1132,0,63,
1786440575.348372,1786440575.379567,mixed,64,0,29841,0.1139,114,64,
1786440575.379567,1786440575.402926,decode,64,0,29889,0.1141,0,64,
1786440575.402926,1786440575.426900,decode,64,0,29937,0.1143,0,64,
1786440575.426900,1786440575.450457,decode,63,0,29345,0.1120,0,64,
1786440575.450457,1786440575.474008,decode,63,0,29409,0.1122,0,63,
1786440575.474008,1786440575.505038,mixed,64,0,29505,0.1126,15,64,
1786440575.505038,1786440575.528617,decode,64,0,29537,0.1127,0,64,
1786440575.528617,1786440575.552145,decode,64,0,29617,0.1130,0,64,
1786440575.552145,1786440575.575773,decode,63,0,29185,0.1114,0,64,
1786440575.575773,1786440575.599437,decode,63,0,29281,0.1117,0,63,
1786440575.599437,1786440575.622924,mixed,64,0,29537,0.1127,81,64,
1786440575.622924,1786440575.646456,decode,64,0,29601,0.1130,0,64,
1786440575.646456,1786440575.669929,decode,63,0,29345,0.1120,0,64,
1786440575.669929,1786440575.693543,decode,63,0,29425,0.1123,0,63,
1786440575.693543,1786440575.723647,mixed,64,0,29569,0.1128,141,64,
1786440575.723647,1786440575.747679,decode,64,0,29665,0.1132,0,64,
1786440575.747679,1786440575.771332,decode,64,0,29729,0.1135,0,64,
1786440575.771332,1786440575.794933,decode,64,0,29777,0.1136,0,64,
1786440575.794933,1786440575.818720,decode,64,0,29841,0.1139,0,64,
1786440575.818720,1786440575.842123,decode,64,0,29857,0.1139,0,64,
1786440575.842123,1786440575.865522,decode,64,0,29905,0.1141,0,64,
1786440575.865522,1786440575.889182,decode,64,0,29985,0.1144,0,64,
1786440575.889182,1786440575.912905,decode,64,0,30017,0.1146,0,64,
1786440575.912905,1786440575.936218,decode,64,0,30081,0.1148,0,64,
1786440575.936218,1786440575.960074,decode,64,0,30145,0.1150,0,64,
1786440575.960074,1786440575.983893,decode,64,0,30241,0.1154,0,64,
1786440575.983893,1786440576.007210,decode,64,0,30417,0.1161,0,64,
1786440576.007210,1786440576.030913,decode,64,0,30481,0.1163,0,64,
1786440576.030913,1786440576.054522,decode,64,0,30513,0.1165,0,64,
1786440576.054522,1786440576.078120,decode,64,0,30593,0.1168,0,64,
1786440576.078120,1786440576.101763,decode,64,0,30593,0.1168,0,64,
1786440576.101763,1786440576.125257,decode,64,0,30689,0.1171,0,64,
1786440576.125257,1786440576.148741,decode,64,0,30753,0.1174,0,64,
1786440576.148741,1786440576.172559,decode,63,0,30465,0.1163,0,64,
1786440576.172559,1786440576.195913,decode,63,0,30529,0.1165,0,63,
1786440576.195913,1786440576.232692,mixed,64,0,30657,0.1170,110,64,
1786440576.232692,1786440576.256248,decode,64,0,30705,0.1172,0,64,
1786440576.256248,1786440576.279915,decode,64,0,30785,0.1175,0,64,
1786440576.279915,1786440576.303474,decode,64,0,30833,0.1177,0,64,
1786440576.303474,1786440576.327074,decode,64,0,30881,0.1179,0,64,
1786440576.327074,1786440576.350736,decode,64,0,30945,0.1181,0,64,
1786440576.350736,1786440576.374207,decode,64,0,31041,0.1185,0,64,
1786440576.374207,1786440576.397908,decode,64,0,31217,0.1191,0,64,
1786440576.397908,1786440576.421526,decode,64,0,31281,0.1194,0,64,
1786440576.421526,1786440576.445123,decode,64,0,31313,0.1195,0,64,
1786440576.445123,1786440576.468658,decode,64,0,31393,0.1198,0,64,
1786440576.468658,1786440576.492345,decode,64,0,31393,0.1198,0,64,
1786440576.492345,1786440576.515927,decode,64,0,31489,0.1202,0,64,
1786440576.515927,1786440576.539440,decode,64,0,31553,0.1204,0,64,
1786440576.539440,1786440576.563134,decode,64,0,31601,0.1206,0,64,
1786440576.563134,1786440576.586877,decode,64,0,31665,0.1208,0,64,
1786440576.586877,1786440576.610341,decode,64,0,31681,0.1209,0,64,
1786440576.610341,1786440576.633839,decode,64,0,31729,0.1211,0,64,
1786440576.633839,1786440576.657547,decode,64,0,31809,0.1214,0,64,
1786440576.657547,1786440576.681220,decode,64,0,31857,0.1216,0,64,
1786440576.681220,1786440576.704855,decode,64,0,31905,0.1218,0,64,
1786440576.704855,1786440576.728529,decode,64,0,31969,0.1220,0,64,
1786440576.728529,1786440576.752007,decode,63,0,31793,0.1213,0,64,
1786440576.752007,1786440576.775918,decode,63,0,31969,0.1220,0,63,
1786440576.775918,1786440576.807330,mixed,64,0,32161,0.1227,128,64,
1786440576.807330,1786440576.831114,decode,64,0,32209,0.1229,0,64,
1786440576.831114,1786440576.855104,decode,64,0,32289,0.1232,0,64,
1786440576.855104,1786440576.878808,decode,64,0,32289,0.1232,0,64,
1786440576.878808,1786440576.903223,decode,64,0,32385,0.1236,0,64,
1786440576.903223,1786440576.927193,decode,64,0,32433,0.1238,0,64,
1786440576.927193,1786440576.950993,decode,64,0,32481,0.1240,0,64,
1786440576.950993,1786440576.974724,decode,64,0,32545,0.1242,0,64,
1786440576.974724,1786440576.998561,decode,64,0,32561,0.1243,0,64,
1786440576.998561,1786440577.022095,decode,64,0,32609,0.1245,0,64,
1786440577.022095,1786440577.045998,decode,64,0,32689,0.1248,0,64,
1786440577.045998,1786440577.070052,decode,64,0,32737,0.1249,0,64,
1786440577.070052,1786440577.093577,decode,64,0,32786,0.1251,0,64,
1786440577.093577,1786440577.117229,decode,64,0,32850,0.1254,0,64,
1786440577.117229,1786440577.140941,decode,64,0,32946,0.1257,0,64,
1786440577.140941,1786440577.164817,decode,64,0,33122,0.1264,0,64,
1786440577.164817,1786440577.188371,decode,64,0,33186,0.1266,0,64,
1786440577.188371,1786440577.212240,decode,64,0,33234,0.1268,0,64,
1786440577.212240,1786440577.236106,decode,64,0,33314,0.1271,0,64,
1786440577.236106,1786440577.259871,decode,64,0,33314,0.1271,0,64,
1786440577.259871,1786440577.283507,decode,64,0,33410,0.1275,0,64,
1786440577.283507,1786440577.307147,decode,64,0,33458,0.1277,0,64,
1786440577.307147,1786440577.330917,decode,64,0,33506,0.1279,0,64,
1786440577.330917,1786440577.354606,decode,64,0,33570,0.1281,0,64,
1786440577.354606,1786440577.379012,decode,64,0,33586,0.1282,0,64,
1786440577.379012,1786440577.402777,decode,64,0,33634,0.1284,0,64,
1786440577.402777,1786440577.426750,decode,64,0,33714,0.1287,0,64,
1786440577.426750,1786440577.450767,decode,64,0,33762,0.1288,0,64,
1786440577.450767,1786440577.474838,decode,64,0,33810,0.1290,0,64,
1786440577.474838,1786440577.498998,decode,63,0,33586,0.1282,0,64,
1786440577.498998,1786440577.522960,decode,63,0,33682,0.1285,0,63,
1786440577.522960,1786440577.547828,mixed,64,0,33890,0.1293,20,64,
1786440577.547828,1786440577.571819,decode,57,0,31665,0.1208,0,64,
1786440577.571819,1786440577.595482,decode,56,0,31425,0.1199,0,57,
1786440577.595482,1786440577.664849,mixed,55,0,29905,0.1141,1452,63,
1786440577.664849,1786440577.690739,mixed,55,0,29649,0.1132,31,56,
1786440577.690739,1786440577.771340,mixed,52,0,24241,0.0925,652,63,
1786440577.771340,1786440577.794877,mixed,53,0,24289,0.0927,10,53,
1786440577.794877,1786440577.888931,mixed,63,0,22257,0.0849,764,64,
1786440577.888931,1786440577.912601,decode,60,0,19057,0.0727,0,63,
1786440577.912601,1786440577.941320,mixed,55,0,14864,0.0567,11,61,
1786440577.941320,1786440577.972437,mixed,58,0,15008,0.0573,108,58,
1786440577.972437,1786440578.180654,mixed,59,3,16577,0.0633,1952,60,
1786440578.180654,1786440578.250067,mixed,62,0,17153,0.0655,541,62,
1786440578.250067,1786440578.274840,mixed,64,0,17281,0.0660,20,64,
1786440578.274840,1786440578.297885,decode,64,0,17297,0.0660,0,64,
1786440578.297885,1786440578.320662,decode,64,0,17393,0.0664,0,64,
1786440578.320662,1786440578.343546,decode,64,0,17505,0.0668,0,64,
1786440578.343546,1786440578.366243,decode,64,0,17585,0.0671,0,64,
1786440578.366243,1786440578.388947,decode,64,0,17649,0.0674,0,64,
1786440578.388947,1786440578.411392,decode,64,0,17761,0.0678,0,64,
1786440578.411392,1786440578.434094,decode,63,0,17265,0.0659,0,64,
1786440578.434094,1786440578.456964,decode,63,0,17361,0.0663,0,63,
1786440578.456964,1786440578.481412,mixed,64,0,17409,0.0664,15,64,
1786440578.481412,1786440578.504059,decode,64,0,17441,0.0666,0,64,
1786440578.504059,1786440578.527022,decode,64,0,17553,0.0670,0,64,
1786440578.527022,1786440578.549248,decode,64,0,17601,0.0672,0,64,
1786440578.549248,1786440578.571903,decode,64,0,17617,0.0672,0,64,
1786440578.571903,1786440578.594580,decode,64,0,17681,0.0675,0,64,
1786440578.594580,1786440578.617197,decode,64,0,17729,0.0677,0,64,
1786440578.617197,1786440578.639800,decode,64,0,17825,0.0680,0,64,
1786440578.639800,1786440578.662277,decode,64,0,17841,0.0681,0,64,
1786440578.662277,1786440578.685052,decode,64,0,17937,0.0685,0,64,
1786440578.685052,1786440578.707790,decode,64,0,18033,0.0688,0,64,
1786440578.707790,1786440578.730293,decode,64,0,18113,0.0691,0,64,
1786440578.730293,1786440578.752836,decode,64,0,18177,0.0694,0,64,
1786440578.752836,1786440578.775784,decode,63,0,14160,0.0540,0,64,
1786440578.775784,1786440578.798086,decode,63,0,14176,0.0541,0,63,
1786440578.798086,1786440578.821838,mixed,63,0,12960,0.0495,24,64,
1786440578.821838,1786440578.844062,decode,63,0,12976,0.0495,0,63,
1786440578.844062,1786440578.874488,mixed,64,0,13136,0.0501,127,64,
1786440578.874488,1786440578.897067,decode,64,0,13248,0.0506,0,64,
1786440578.897067,1786440578.919766,decode,64,0,13312,0.0508,0,64,
1786440578.919766,1786440578.942025,decode,63,0,12864,0.0491,0,64,
1786440578.942025,1786440578.964566,decode,63,0,12928,0.0493,0,63,
1786440578.964566,1786440578.993227,mixed,64,0,13024,0.0497,44,64,
1786440578.993227,1786440579.015805,decode,64,0,13120,0.0501,0,64,
1786440579.015805,1786440579.038107,decode,64,0,13152,0.0502,0,64,
1786440579.038107,1786440579.060494,decode,64,0,13248,0.0506,0,64,
1786440579.060494,1786440579.082976,decode,64,0,13328,0.0509,0,64,
1786440579.082976,1786440579.105304,decode,64,0,13408,0.0512,0,64,
1786440579.105304,1786440579.127568,decode,64,0,13472,0.0514,0,64,
1786440579.127568,1786440579.150117,decode,64,0,13584,0.0518,0,64,
1786440579.150117,1786440579.172583,decode,63,0,13312,0.0508,0,64,
1786440579.172583,1786440579.195024,decode,63,0,13408,0.0512,0,63,
1786440579.195024,1786440579.218893,mixed,64,0,13440,0.0513,10,64,
1786440579.218893,1786440579.241012,decode,64,0,13472,0.0514,0,64,
1786440579.241012,1786440579.263127,decode,64,0,13584,0.0518,0,64,
1786440579.263127,1786440579.285795,decode,64,0,13648,0.0521,0,64,
1786440579.285795,1786440579.308035,decode,64,0,13664,0.0521,0,64,
1786440579.308035,1786440579.330501,decode,64,0,13728,0.0524,0,64,
1786440579.330501,1786440579.352928,decode,64,0,13776,0.0526,0,64,
1786440579.352928,1786440579.375138,decode,63,0,13600,0.0519,0,64,
1786440579.375138,1786440579.397940,decode,63,0,13632,0.0520,0,63,
1786440579.397940,1786440579.425998,mixed,63,0,13728,0.0524,61,64,
1786440579.425998,1786440579.448512,decode,63,0,13808,0.0527,0,63,
1786440579.448512,1786440579.477640,mixed,64,0,13920,0.0531,28,64,
1786440579.477640,1786440579.499843,decode,64,0,13984,0.0534,0,64,
1786440579.499843,1786440579.522576,decode,64,0,14080,0.0537,0,64,
1786440579.522576,1786440579.544992,decode,64,0,14096,0.0538,0,64,
1786440579.544992,1786440579.567408,decode,63,0,13888,0.0530,0,64,
1786440579.567408,1786440579.589893,decode,63,0,13920,0.0531,0,63,
1786440579.589893,1786440579.613490,mixed,64,0,13984,0.0534,21,64,
1786440579.613490,1786440579.635795,decode,64,0,14080,0.0537,0,64,
1786440579.635795,1786440579.658314,decode,63,0,13344,0.0509,0,64,
1786440579.658314,1786440579.680397,decode,63,0,13360,0.0510,0,63,
1786440579.680397,1786440579.704380,mixed,64,0,13440,0.0513,7,64,
1786440579.704380,1786440579.726930,decode,64,0,13488,0.0515,0,64,
1786440579.726930,1786440579.749158,decode,64,0,13600,0.0519,0,64,
1786440579.749158,1786440579.771285,decode,63,0,13232,0.0505,0,64,
1786440579.771285,1786440579.793933,decode,63,0,13328,0.0509,0,63,
1786440579.793933,1786440579.823001,mixed,64,0,13440,0.0513,29,64,
1786440579.823001,1786440579.845507,decode,64,0,13504,0.0515,0,64,
1786440579.845507,1786440579.867760,decode,64,0,13568,0.0518,0,64,
1786440579.867760,1786440579.890049,decode,63,0,13376,0.0511,0,64,
1786440579.890049,1786440579.912316,decode,63,0,13408,0.0512,0,63,
1786440579.912316,1786440579.936110,mixed,64,0,13536,0.0517,28,64,
1786440579.936110,1786440579.958579,decode,63,0,13264,0.0506,0,64,
1786440579.958579,1786440579.980791,decode,63,0,13296,0.0507,0,63,
1786440579.980791,1786440580.008852,mixed,64,0,13392,0.0511,5,64,
1786440580.008852,1786440580.031145,decode,64,0,13456,0.0514,0,64,
1786440580.031145,1786440580.053289,decode,64,0,13488,0.0515,0,64,
1786440580.053289,1786440580.075750,decode,64,0,13552,0.0517,0,64,
1786440580.075750,1786440580.098212,decode,63,0,13232,0.0505,0,64,
1786440580.098212,1786440580.120450,decode,63,0,13344,0.0509,0,63,
1786440580.120450,1786440580.151888,mixed,64,0,13488,0.0515,111,64,
1786440580.151888,1786440580.174288,decode,64,0,13568,0.0518,0,64,
1786440580.174288,1786440580.196838,decode,64,0,13664,0.0521,0,64,
1786440580.196838,1786440580.219305,decode,64,0,13728,0.0524,0,64,
1786440580.219305,1786440580.241763,decode,64,0,13792,0.0526,0,64,
1786440580.241763,1786440580.263971,decode,64,0,13872,0.0529,0,64,
1786440580.263971,1786440580.286579,decode,64,0,13920,0.0531,0,64,
1786440580.286579,1786440580.308975,decode,64,0,14032,0.0536,0,64,
1786440580.308975,1786440580.331244,decode,64,0,14064,0.0537,0,64,
1786440580.331244,1786440580.353678,decode,64,0,14096,0.0538,0,64,
1786440580.353678,1786440580.375856,decode,64,0,14176,0.0541,0,64,
1786440580.375856,1786440580.398495,decode,64,0,14240,0.0543,0,64,
1786440580.398495,1786440580.420888,decode,64,0,14272,0.0545,0,64,
1786440580.420888,1786440580.443217,decode,64,0,14320,0.0547,0,64,
1786440580.443217,1786440580.465458,decode,64,0,14368,0.0548,0,64,
1786440580.465458,1786440580.488196,decode,64,0,14480,0.0553,0,64,
1786440580.488196,1786440580.510360,decode,64,0,14512,0.0554,0,64,
1786440580.510360,1786440580.532937,decode,64,0,14592,0.0557,0,64,
1786440580.532937,1786440580.555391,decode,64,0,14688,0.0561,0,64,
1786440580.555391,1786440580.577577,decode,64,0,14752,0.0563,0,64,
1786440580.577577,1786440580.600200,decode,64,0,14816,0.0565,0,64,
1786440580.600200,1786440580.622651,decode,64,0,14896,0.0569,0,64,
1786440580.622651,1786440580.645036,decode,64,0,14944,0.0570,0,64,
1786440580.645036,1786440580.667578,decode,64,0,15056,0.0575,0,64,
1786440580.667578,1786440580.690158,decode,63,0,15008,0.0573,0,64,
1786440580.690158,1786440580.712638,decode,63,0,15040,0.0574,0,63,
1786440580.712638,1786440580.812344,mixed,64,0,16016,0.0611,884,64,
1786440580.812344,1786440580.835519,decode,64,0,16080,0.0614,0,64,
1786440580.835519,1786440580.858189,decode,64,0,16112,0.0615,0,64,
1786440580.858189,1786440580.880942,decode,64,0,16160,0.0617,0,64,
1786440580.880942,1786440580.903318,decode,64,0,16208,0.0619,0,64,
1786440580.903318,1786440580.925766,decode,64,0,16320,0.0623,0,64,
1786440580.925766,1786440580.948294,decode,63,0,15968,0.0609,0,64,
1786440580.948294,1786440580.970971,decode,63,0,16048,0.0612,0,63,
1786440580.970971,1786440581.000409,mixed,64,0,16272,0.0621,117,64,
1786440581.000409,1786440581.023036,decode,64,0,16336,0.0623,0,64,
1786440581.023036,1786440581.045650,decode,64,0,16401,0.0626,0,64,
1786440581.045650,1786440581.068433,decode,64,0,16481,0.0629,0,64,
1786440581.068433,1786440581.091099,decode,64,0,16529,0.0631,0,64,
1786440581.091099,1786440581.113890,decode,64,0,16641,0.0635,0,64,
1786440581.113890,1786440581.136129,decode,64,0,16657,0.0636,0,64,
1786440581.136129,1786440581.158688,decode,64,0,16689,0.0637,0,64,
1786440581.158688,1786440581.181004,decode,64,0,16769,0.0640,0,64,
1786440581.181004,1786440581.203488,decode,64,0,16833,0.0642,0,64,
1786440581.203488,1786440581.226305,decode,63,0,16769,0.0640,0,64,
1786440581.226305,1786440581.248895,decode,62,0,16545,0.0631,0,63,
1786440581.248895,1786440581.272564,mixed,63,0,16625,0.0634,10,63,
1786440581.272564,1786440581.352079,mixed,63,0,17249,0.0658,655,64,
1786440581.352079,1786440581.375496,decode,62,0,16929,0.0646,0,63,
1786440581.375496,1786440581.412284,mixed,62,0,16721,0.0638,84,63,
1786440581.412284,1786440581.439072,mixed,63,0,16849,0.0643,36,63,
1786440581.439072,1786440581.467544,mixed,64,0,16961,0.0647,40,64,
1786440581.467544,1786440581.490152,decode,64,0,17009,0.0649,0,64,
1786440581.490152,1786440581.512832,decode,64,0,17105,0.0653,0,64,
1786440581.512832,1786440581.535318,decode,63,0,16753,0.0639,0,64,
1786440581.535318,1786440581.557920,decode,63,0,16849,0.0643,0,63,
1786440581.557920,1786440581.582019,mixed,64,0,16913,0.0645,33,64,
1786440581.582019,1786440581.604099,decode,64,0,16945,0.0647,0,64,
1786440581.604099,1786440581.626819,decode,64,0,17025,0.0650,0,64,
1786440581.626819,1786440581.649362,decode,64,0,17089,0.0652,0,64,
1786440581.649362,1786440581.671857,decode,64,0,17121,0.0653,0,64,
1786440581.671857,1786440581.694057,decode,64,0,17169,0.0655,0,64,
1786440581.694057,1786440581.716712,decode,64,0,17249,0.0658,0,64,
1786440581.716712,1786440581.739210,decode,64,0,17377,0.0663,0,64,
1786440581.739210,1786440581.761898,decode,64,0,17409,0.0664,0,64,
1786440581.761898,1786440581.784217,decode,64,0,17473,0.0667,0,64,
1786440581.784217,1786440581.806933,decode,64,0,17553,0.0670,0,64,
1786440581.806933,1786440581.829317,decode,64,0,17617,0.0672,0,64,
1786440581.829317,1786440581.851962,decode,64,0,17665,0.0674,0,64,
1786440581.851962,1786440581.874485,decode,64,0,17761,0.0678,0,64,
1786440581.874485,1786440581.896866,decode,64,0,17809,0.0680,0,64,
1786440581.896866,1786440581.919458,decode,63,0,17521,0.0669,0,64,
1786440581.919458,1786440581.942078,decode,63,0,17553,0.0670,0,63,
1786440581.942078,1786440581.965776,mixed,64,0,17601,0.0672,6,64,
1786440581.965776,1786440581.988439,decode,63,0,17505,0.0668,0,64,
1786440581.988439,1786440582.011334,decode,63,0,17569,0.0670,0,63,
1786440582.011334,1786440582.035933,mixed,63,0,17361,0.0663,17,64,
1786440582.035933,1786440582.058722,decode,63,0,17409,0.0664,0,63,
1786440582.058722,1786440582.082766,mixed,64,0,17521,0.0669,30,64,
1786440582.082766,1786440582.105288,decode,64,0,17633,0.0673,0,64,
1786440582.105288,1786440582.127733,decode,64,0,17665,0.0674,0,64,
1786440582.127733,1786440582.150497,decode,63,0,17409,0.0664,0,64,
1786440582.150497,1786440582.172951,decode,63,0,17457,0.0666,0,63,
1786440582.172951,1786440582.196853,mixed,64,0,17553,0.0670,19,64,
1786440582.196853,1786440582.219237,decode,64,0,17617,0.0672,0,64,
1786440582.219237,1786440582.242011,decode,63,0,17313,0.0661,0,64,
1786440582.242011,1786440582.264481,decode,63,0,17361,0.0663,0,63,
1786440582.264481,1786440582.288888,mixed,64,0,17457,0.0666,14,64,
1786440582.288888,1786440582.311711,decode,64,0,17489,0.0667,0,64,
1786440582.311711,1786440582.334202,decode,64,0,17521,0.0669,0,64,
1786440582.334202,1786440582.356660,decode,64,0,17601,0.0672,0,64,
1786440582.356660,1786440582.379056,decode,64,0,17665,0.0674,0,64,
1786440582.379056,1786440582.401751,decode,64,0,17713,0.0676,0,64,
1786440582.401751,1786440582.424316,decode,64,0,17761,0.0678,0,64,
1786440582.424316,1786440582.446944,decode,64,0,17841,0.0681,0,64,
1786440582.446944,1786440582.469266,decode,64,0,17953,0.0685,0,64,
1786440582.469266,1786440582.492008,decode,64,0,17985,0.0686,0,64,
1786440582.492008,1786440582.514499,decode,64,0,18081,0.0690,0,64,
1786440582.514499,1786440582.537196,decode,64,0,18129,0.0692,0,64,
1786440582.537196,1786440582.559648,decode,64,0,18193,0.0694,0,64,
1786440582.559648,1786440582.582293,decode,64,0,18257,0.0697,0,64,
1786440582.582293,1786440582.604796,decode,64,0,18353,0.0700,0,64,
1786440582.604796,1786440582.627531,decode,64,0,18401,0.0702,0,64,
1786440582.627531,1786440582.649988,decode,64,0,18481,0.0705,0,64,
1786440582.649988,1786440582.672615,decode,64,0,18513,0.0707,0,64,
1786440582.672615,1786440582.695085,decode,64,0,18545,0.0708,0,64,
1786440582.695085,1786440582.717824,decode,63,0,18257,0.0697,0,64,
1786440582.717824,1786440582.740412,decode,63,0,18321,0.0699,0,63,
1786440582.740412,1786440582.764493,mixed,64,0,18385,0.0702,7,64,
1786440582.764493,1786440582.787138,decode,64,0,18433,0.0703,0,64,
1786440582.787138,1786440582.810078,decode,64,0,18497,0.0706,0,64,
1786440582.810078,1786440582.832159,decode,64,0,18609,0.0710,0,64,
1786440582.832159,1786440582.855014,decode,64,0,18641,0.0711,0,64,
1786440582.855014,1786440582.877465,decode,64,0,18737,0.0715,0,64,
1786440582.877465,1786440582.900243,decode,64,0,18785,0.0717,0,64,
1786440582.900243,1786440582.922736,decode,64,0,18849,0.0719,0,64,
1786440582.922736,1786440582.945392,decode,64,0,18913,0.0722,0,64,
1786440582.945392,1786440582.968132,decode,64,0,19009,0.0725,0,64,
1786440582.968132,1786440582.990713,decode,64,0,19073,0.0728,0,64,
1786440582.990713,1786440583.013159,decode,64,0,19153,0.0731,0,64,
1786440583.013159,1786440583.035816,decode,64,0,19185,0.0732,0,64,
1786440583.035816,1786440583.058487,decode,64,0,19217,0.0733,0,64,
1786440583.058487,1786440583.081034,decode,64,0,19297,0.0736,0,64,
1786440583.081034,1786440583.103747,decode,64,0,19361,0.0739,0,64,
1786440583.103747,1786440583.126311,decode,64,0,19409,0.0741,0,64,
1786440583.126311,1786440583.148992,decode,64,0,19457,0.0743,0,64,
1786440583.148992,1786440583.171637,decode,64,0,19521,0.0745,0,64,
1786440583.171637,1786440583.194019,decode,64,0,19633,0.0749,0,64,
1786440583.194019,1786440583.216937,decode,64,0,19665,0.0750,0,64,
1786440583.216937,1786440583.239671,decode,64,0,19761,0.0754,0,64,
1786440583.239671,1786440583.262213,decode,62,0,19201,0.0733,0,64,
1786440583.262213,1786440583.284611,decode,62,0,19265,0.0735,0,62,
1786440583.284611,1786440583.324530,mixed,64,0,19521,0.0745,195,64,
1786440583.324530,1786440583.348334,decode,64,0,19601,0.0748,0,64,
1786440583.348334,1786440583.371169,decode,63,0,19217,0.0733,0,64,
1786440583.371169,1786440583.394003,decode,63,0,19297,0.0736,0,63,
1786440583.394003,1786440583.441671,mixed,64,0,19601,0.0748,267,64,
1786440583.441671,1786440583.464993,decode,63,0,19489,0.0744,0,64,
1786440583.464993,1786440583.488036,decode,63,0,19569,0.0747,0,63,
1786440583.488036,1786440583.518667,mixed,64,0,19761,0.0754,125,64,
1786440583.518667,1786440583.541724,decode,64,0,19809,0.0756,0,64,
1786440583.541724,1786440583.564423,decode,64,0,19857,0.0758,0,64,
1786440583.564423,1786440583.587282,decode,64,0,19953,0.0761,0,64,
1786440583.587282,1786440583.609822,decode,64,0,20081,0.0766,0,64,
1786440583.609822,1786440583.632591,decode,64,0,20113,0.0768,0,64,
1786440583.632591,1786440583.655212,decode,64,0,20209,0.0771,0,64,
1786440583.655212,1786440583.677937,decode,64,0,20257,0.0773,0,64,
1786440583.677937,1786440583.700823,decode,64,0,20321,0.0776,0,64,
1786440583.700823,1786440583.723490,decode,64,0,20369,0.0777,0,64,
1786440583.723490,1786440583.746212,decode,64,0,20433,0.0780,0,64,
1786440583.746212,1786440583.768775,decode,64,0,20481,0.0782,0,64,
1786440583.768775,1786440583.791492,decode,64,0,20561,0.0785,0,64,
1786440583.791492,1786440583.814209,decode,64,0,20593,0.0786,0,64,
1786440583.814209,1786440583.836788,decode,64,0,20641,0.0788,0,64,
1786440583.836788,1786440583.859535,decode,64,0,20721,0.0791,0,64,
1786440583.859535,1786440583.882287,decode,64,0,20785,0.0793,0,64,
1786440583.882287,1786440583.904866,decode,64,0,20833,0.0795,0,64,
1786440583.904866,1786440583.927731,decode,64,0,20881,0.0797,0,64,
1786440583.927731,1786440583.950251,decode,64,0,20977,0.0801,0,64,
1786440583.950251,1786440583.973471,decode,64,0,21105,0.0805,0,64,
1786440583.973471,1786440583.995624,decode,64,0,21137,0.0807,0,64,
1786440583.995624,1786440584.018262,decode,63,0,20945,0.0799,0,64,
1786440584.018262,1786440584.040972,decode,63,0,20993,0.0801,0,63,
1786440584.040972,1786440584.065027,mixed,64,0,21089,0.0805,19,64,
1786440584.065027,1786440584.087939,decode,58,0,18305,0.0699,0,64,
1786440584.087939,1786440584.109903,decode,57,0,18081,0.0690,0,58,
1786440584.109903,1786440584.162277,mixed,56,0,15840,0.0605,167,63,
1786440584.162277,1786440584.369286,mixed,56,0,17633,0.0673,1979,57,
1786440584.369286,1786440584.416301,mixed,54,0,14944,0.0570,346,63,
1786440584.416301,1786440584.439472,mixed,55,0,15024,0.0573,9,55,
1786440584.439472,1786440584.535723,mixed,63,0,15920,0.0608,1040,64,
1786440584.535723,1786440584.559016,decode,60,0,15072,0.0575,0,63,
1786440584.559016,1786440584.589257,mixed,59,0,12688,0.0484,19,61,
1786440584.589257,1786440584.619994,mixed,58,0,11216,0.0428,339,62,
1786440584.619994,1786440584.648190,mixed,57,0,10704,0.0409,64,60,
1786440584.648190,1786440584.705360,mixed,61,0,11200,0.0427,361,61,
1786440584.705360,1786440584.733952,mixed,64,0,11328,0.0432,68,64,
1786440584.733952,1786440584.756634,decode,64,0,11408,0.0435,0,64,
1786440584.756634,1786440584.779136,decode,64,0,11440,0.0437,0,64,
1786440584.779136,1786440584.801335,decode,64,0,11504,0.0439,0,64,
1786440584.801335,1786440584.823690,decode,64,0,11552,0.0441,0,64,
1786440584.823690,1786440584.845989,decode,63,0,11328,0.0432,0,64,
1786440584.845989,1786440584.868444,decode,63,0,11392,0.0435,0,63,
1786440584.868444,1786440584.892104,mixed,63,0,11248,0.0429,12,64,
1786440584.892104,1786440584.914598,decode,63,0,11296,0.0431,0,63,
1786440584.914598,1786440585.124210,decode,64,0,13344,0.0509,0,63,
1786440585.124210,1786440585.298831,mixed,64,0,14880,0.0568,3486,64,
1786440585.298831,1786440585.322663,decode,64,0,14944,0.0570,0,64,
1786440585.322663,1786440585.345810,decode,64,0,15024,0.0573,0,64,
1786440585.345810,1786440585.368534,decode,64,0,15072,0.0575,0,64,
1786440585.368534,1786440585.391250,decode,64,0,15184,0.0580,0,64,
1786440585.391250,1786440585.414088,decode,64,0,15280,0.0583,0,64,
1786440585.414088,1786440585.436777,decode,64,0,15312,0.0584,0,64,
1786440585.436777,1786440585.459241,decode,64,0,15392,0.0587,0,64,
1786440585.459241,1786440585.481962,decode,64,0,15424,0.0589,0,64,
1786440585.481962,1786440585.504529,decode,64,0,15488,0.0591,0,64,
1786440585.504529,1786440585.527196,decode,64,0,15536,0.0593,0,64,
1786440585.527196,1786440585.549862,decode,64,0,15584,0.0595,0,64,
1786440585.549862,1786440585.573025,decode,63,0,15360,0.0586,0,64,
1786440585.573025,1786440585.595122,decode,63,0,15472,0.0590,0,63,
1786440585.595122,1786440585.619632,mixed,63,0,15216,0.0581,65,64,
1786440585.619632,1786440585.641980,decode,63,0,15264,0.0583,0,63,
1786440585.641980,1786440585.665768,mixed,64,0,15344,0.0586,24,64,
1786440585.665768,1786440585.688151,decode,64,0,15392,0.0587,0,64,
1786440585.688151,1786440585.710527,decode,64,0,15472,0.0590,0,64,
1786440585.710527,1786440585.733299,decode,63,0,15216,0.0581,0,64,
1786440585.733299,1786440585.755767,decode,63,0,15328,0.0585,0,63,
1786440585.755767,1786440585.781060,mixed,64,0,15504,0.0592,79,64,
1786440585.781060,1786440585.803693,decode,64,0,15520,0.0592,0,64,
1786440585.803693,1786440585.826126,decode,64,0,15616,0.0596,0,64,
1786440585.826126,1786440585.848656,decode,64,0,15648,0.0597,0,64,
1786440585.848656,1786440585.871083,decode,64,0,15712,0.0600,0,64,
1786440585.871083,1786440585.893446,decode,64,0,15760,0.0601,0,64,
1786440585.893446,1786440585.916027,decode,64,0,15808,0.0603,0,64,
1786440585.916027,1786440585.938480,decode,64,0,15872,0.0606,0,64,
1786440585.938480,1786440585.960944,decode,63,0,15712,0.0600,0,64,
1786440585.960944,1786440585.983466,decode,63,0,15776,0.0602,0,63,
1786440585.983466,1786440586.007280,mixed,64,0,15840,0.0605,10,64,
1786440586.007280,1786440586.029890,decode,64,0,15888,0.0606,0,64,
1786440586.029890,1786440586.052270,decode,64,0,15936,0.0608,0,64,
1786440586.052270,1786440586.074632,decode,64,0,16016,0.0611,0,64,
1786440586.074632,1786440586.097263,decode,64,0,16064,0.0613,0,64,
1786440586.097263,1786440586.119943,decode,63,0,15920,0.0608,0,64,
1786440586.119943,1786440586.142276,decode,63,0,16000,0.0611,0,63,
1786440586.142276,1786440586.166097,mixed,64,0,16176,0.0617,135,64,
1786440586.166097,1786440586.188509,decode,64,0,16272,0.0621,0,64,
1786440586.188509,1786440586.210986,decode,64,0,16304,0.0622,0,64,
1786440586.210986,1786440586.233192,decode,64,0,16368,0.0625,0,64,
1786440586.233192,1786440586.255902,decode,63,0,16256,0.0620,0,64,
1786440586.255902,1786440586.278449,decode,63,0,16304,0.0622,0,63,
1786440586.278449,1786440586.302788,mixed,64,0,17553,0.0670,1177,64,
1786440586.302788,1786440586.325296,decode,64,0,17649,0.0674,0,64,
1786440586.325296,1786440586.348150,decode,63,0,17425,0.0665,0,64,
1786440586.348150,1786440586.370831,decode,63,0,17457,0.0666,0,63,
1786440586.370831,1786440586.409106,mixed,64,0,17729,0.0677,205,64,
1786440586.409106,1786440586.432298,decode,64,0,17777,0.0678,0,64,
1786440586.432298,1786440586.455031,decode,64,0,17857,0.0681,0,64,
1786440586.455031,1786440586.477964,decode,64,0,17905,0.0683,0,64,
1786440586.477964,1786440586.500418,decode,64,0,18049,0.0689,0,64,
1786440586.500418,1786440586.523067,decode,64,0,18129,0.0692,0,64,
1786440586.523067,1786440586.545583,decode,64,0,18161,0.0693,0,64,
1786440586.545583,1786440586.568234,decode,63,0,17969,0.0686,0,64,
1786440586.568234,1786440586.590737,decode,63,0,18001,0.0687,0,63,
1786440586.590737,1786440586.614671,mixed,64,0,18081,0.0690,8,64,
1786440586.614671,1786440586.637111,decode,64,0,18129,0.0692,0,64,
1786440586.637111,1786440586.659770,decode,64,0,18161,0.0693,0,64,
1786440586.659770,1786440586.682437,decode,64,0,18209,0.0695,0,64,
1786440586.682437,1786440586.704840,decode,64,0,18305,0.0699,0,64,
1786440586.704840,1786440586.727152,decode,64,0,18369,0.0701,0,64,
1786440586.727152,1786440586.749803,decode,64,0,18401,0.0702,0,64,
1786440586.749803,1786440586.772306,decode,64,0,18465,0.0705,0,64,
1786440586.772306,1786440586.794859,decode,64,0,18513,0.0707,0,64,
1786440586.794859,1786440586.817310,decode,64,0,18609,0.0710,0,64,
1786440586.817310,1786440586.839984,decode,64,0,18657,0.0712,0,64,
1786440586.839984,1786440586.862592,decode,64,0,18801,0.0718,0,64,
1786440586.862592,1786440586.885007,decode,63,0,18513,0.0707,0,64,
1786440586.885007,1786440586.907805,decode,63,0,18545,0.0708,0,63,
1786440586.907805,1786440586.932153,mixed,64,0,18657,0.0712,14,64,
1786440586.932153,1786440586.954616,decode,64,0,18673,0.0713,0,64,
1786440586.954616,1786440586.977294,decode,63,0,18577,0.0709,0,64,
1786440586.977294,1786440586.999789,decode,63,0,18641,0.0711,0,63,
1786440586.999789,1786440587.023533,mixed,64,0,18705,0.0714,23,64,
1786440587.023533,1786440587.046066,decode,64,0,18753,0.0716,0,64,
1786440587.046066,1786440587.068664,decode,64,0,18849,0.0719,0,64,
1786440587.068664,1786440587.090898,decode,64,0,18913,0.0722,0,64,
1786440587.090898,1786440587.113447,decode,64,0,18945,0.0723,0,64,
1786440587.113447,1786440587.136059,decode,64,0,19009,0.0725,0,64,
1786440587.136059,1786440587.158525,decode,64,0,19057,0.0727,0,64,
1786440587.158525,1786440587.181071,decode,64,0,19153,0.0731,0,64,
1786440587.181071,1786440587.203560,decode,64,0,19201,0.0733,0,64,
1786440587.203560,1786440587.226259,decode,64,0,19329,0.0738,0,64,
1786440587.226259,1786440587.248639,decode,64,0,19425,0.0741,0,64,
1786440587.248639,1786440587.271123,decode,63,0,19297,0.0736,0,64,
1786440587.271123,1786440587.293886,decode,63,0,19393,0.0740,0,63,
1786440587.293886,1786440587.322965,mixed,64,0,19441,0.0742,32,64,
1786440587.322965,1786440587.345636,decode,64,0,19521,0.0745,0,64,
1786440587.345636,1786440587.368232,decode,64,0,19585,0.0747,0,64,
1786440587.368232,1786440587.390678,decode,64,0,19617,0.0749,0,64,
1786440587.390678,1786440587.413083,decode,64,0,19665,0.0750,0,64,
1786440587.413083,1786440587.435937,decode,64,0,19761,0.0754,0,64,
1786440587.435937,1786440587.458525,decode,64,0,19825,0.0757,0,64,
1786440587.458525,1786440587.481074,decode,63,0,18705,0.0714,0,64,
1786440587.481074,1786440587.503394,decode,62,0,18465,0.0705,0,63,
1786440587.503394,1786440587.527893,mixed,63,0,18625,0.0711,128,63,
1786440587.527893,1786440587.555909,mixed,64,0,18769,0.0716,22,64,
1786440587.555909,1786440587.578597,decode,64,0,18817,0.0718,0,64,
1786440587.578597,1786440587.600744,decode,64,0,18929,0.0722,0,64,
1786440587.600744,1786440587.623144,decode,64,0,19025,0.0726,0,64,
1786440587.623144,1786440587.645268,decode,64,0,19057,0.0727,0,64,
1786440587.645268,1786440587.668003,decode,64,0,19153,0.0731,0,64,
1786440587.668003,1786440587.690303,decode,64,0,19169,0.0732,0,64,
1786440587.690303,1786440587.712770,decode,64,0,19249,0.0735,0,64,
1786440587.712770,1786440587.735063,decode,64,0,19313,0.0737,0,64,
1786440587.735063,1786440587.757704,decode,64,0,19345,0.0738,0,64,
1786440587.757704,1786440587.780121,decode,64,0,19393,0.0740,0,64,
1786440587.780121,1786440587.802523,decode,64,0,19489,0.0744,0,64,
1786440587.802523,1786440587.824965,decode,64,0,19553,0.0746,0,64,
1786440587.824965,1786440587.847158,decode,64,0,19585,0.0747,0,64,
1786440587.847158,1786440587.869866,decode,64,0,19649,0.0750,0,64,
1786440587.869866,1786440587.892163,decode,64,0,19681,0.0751,0,64,
1786440587.892163,1786440587.914723,decode,64,0,19793,0.0755,0,64,
1786440587.914723,1786440587.937159,decode,63,0,19569,0.0747,0,64,
1786440587.937159,1786440587.959985,decode,62,0,18769,0.0716,0,63,
1786440587.959985,1786440587.983979,mixed,63,0,18881,0.0721,15,63,
1786440587.983979,1786440588.014253,mixed,63,0,18641,0.0711,75,64,
1786440588.014253,1786440588.036900,decode,62,0,18433,0.0703,0,63,
1786440588.036900,1786440588.204330,mixed,62,0,19729,0.0753,1583,63,
1786440588.204330,1786440588.229247,mixed,63,0,19825,0.0757,7,63,
1786440588.229247,1786440588.253904,mixed,64,0,19953,0.0761,36,64,
1786440588.253904,1786440588.276739,decode,63,0,19553,0.0746,0,64,
1786440588.276739,1786440588.299396,decode,63,0,19617,0.0749,0,63,
1786440588.299396,1786440588.323363,mixed,64,0,19729,0.0753,8,64,
1786440588.323363,1786440588.345851,decode,64,0,19793,0.0755,0,64,
1786440588.345851,1786440588.368391,decode,64,0,19825,0.0757,0,64,
1786440588.368391,1786440588.390614,decode,64,0,19889,0.0759,0,64,
1786440588.390614,1786440588.413066,decode,63,0,19761,0.0754,0,64,
1786440588.413066,1786440588.435717,decode,63,0,19857,0.0758,0,63,
1786440588.435717,1786440588.460131,mixed,64,0,19969,0.0762,47,64,
1786440588.460131,1786440588.482642,decode,64,0,20065,0.0766,0,64,
1786440588.482642,1786440588.505309,decode,64,0,20161,0.0769,0,64,
1786440588.505309,1786440588.527889,decode,63,0,19873,0.0758,0,64,
1786440588.527889,1786440588.550412,decode,63,0,19969,0.0762,0,63,
1786440588.550412,1786440588.574610,mixed,64,0,20049,0.0765,59,64,
1786440588.574610,1786440588.597152,decode,64,0,20113,0.0768,0,64,
1786440588.597152,1786440588.619726,decode,64,0,20193,0.0771,0,64,
1786440588.619726,1786440588.641797,decode,64,0,20209,0.0771,0,64,
1786440588.641797,1786440588.664421,decode,64,0,20273,0.0774,0,64,
1786440588.664421,1786440588.687097,decode,64,0,20369,0.0777,0,64,
1786440588.687097,1786440588.709431,decode,63,0,20177,0.0770,0,64,
1786440588.709431,1786440588.732328,decode,63,0,20209,0.0771,0,63,
1786440588.732328,1786440588.830685,mixed,64,0,21137,0.0807,864,64,
1786440588.830685,1786440588.854535,decode,62,0,20721,0.0791,0,64,
1786440588.854535,1786440588.877585,decode,62,0,20801,0.0794,0,62,
1786440588.877585,1786440588.989720,mixed,63,0,21569,0.0823,983,64,
1786440588.989720,1786440589.013712,decode,63,0,21649,0.0826,0,63,
1786440589.013712,1786440589.043103,mixed,64,0,21873,0.0835,123,64,
1786440589.043103,1786440589.066611,decode,64,0,21921,0.0837,0,64,
1786440589.066611,1786440589.089607,decode,64,0,22001,0.0840,0,64,
1786440589.089607,1786440589.112926,decode,63,0,21745,0.0830,0,64,
1786440589.112926,1786440589.135946,decode,63,0,21825,0.0833,0,63,
1786440589.135946,1786440589.160649,mixed,64,0,21905,0.0836,13,64,
1786440589.160649,1786440589.183446,decode,64,0,21937,0.0837,0,64,
1786440589.183446,1786440589.206474,decode,63,0,21729,0.0829,0,64,
1786440589.206474,1786440589.229284,decode,63,0,21809,0.0832,0,63,
1786440589.229284,1786440589.253564,mixed,64,0,21937,0.0837,28,64,
1786440589.253564,1786440589.276423,decode,64,0,21969,0.0838,0,64,
1786440589.276423,1786440589.299307,decode,64,0,22017,0.0840,0,64,
1786440589.299307,1786440589.322384,decode,64,0,22065,0.0842,0,64,
1786440589.322384,1786440589.345019,decode,64,0,22145,0.0845,0,64,
1786440589.345019,1786440589.368012,decode,64,0,22225,0.0848,0,64,
1786440589.368012,1786440589.390827,decode,64,0,22305,0.0851,0,64,
1786440589.390827,1786440589.413887,decode,64,0,22401,0.0855,0,64,
1786440589.413887,1786440589.437090,decode,64,0,22449,0.0857,0,64,
1786440589.437090,1786440589.459513,decode,64,0,22513,0.0859,0,64,
1786440589.459513,1786440589.482574,decode,64,0,22545,0.0860,0,64,
1786440589.482574,1786440589.505254,decode,64,0,22625,0.0863,0,64,
1786440589.505254,1786440589.528395,decode,64,0,22689,0.0866,0,64,
1786440589.528395,1786440589.551286,decode,64,0,22721,0.0867,0,64,
1786440589.551286,1786440589.574126,decode,64,0,22785,0.0870,0,64,
1786440589.574126,1786440589.597062,decode,64,0,22865,0.0873,0,64,
1786440589.597062,1786440589.619791,decode,64,0,22961,0.0876,0,64,
1786440589.619791,1786440589.642889,decode,64,0,22993,0.0878,0,64,
1786440589.642889,1786440589.665546,decode,64,0,23041,0.0879,0,64,
1786440589.665546,1786440589.688553,decode,63,0,22817,0.0871,0,64,
1786440589.688553,1786440589.711710,decode,63,0,22897,0.0874,0,63,
1786440589.711710,1786440589.745763,mixed,64,0,23121,0.0882,138,64,
1786440589.745763,1786440589.768965,decode,63,0,22865,0.0873,0,64,
1786440589.768965,1786440589.792332,decode,63,0,22961,0.0876,0,63,
1786440589.792332,1786440589.816620,mixed,64,0,23089,0.0881,76,64,
1786440589.816620,1786440589.839526,decode,64,0,23153,0.0884,0,64,
1786440589.839526,1786440589.862603,decode,64,0,23185,0.0885,0,64,
1786440589.862603,1786440589.885509,decode,64,0,23265,0.0888,0,64,
1786440589.885509,1786440589.908396,decode,64,0,23329,0.0890,0,64,
1786440589.908396,1786440589.931518,decode,64,0,23377,0.0892,0,64,
1786440589.931518,1786440589.954196,decode,64,0,23425,0.0894,0,64,
1786440589.954196,1786440589.977354,decode,64,0,23505,0.0897,0,64,
1786440589.977354,1786440590.000289,decode,64,0,23601,0.0901,0,64,
1786440590.000289,1786440590.023197,decode,64,0,23633,0.0902,0,64,
1786440590.023197,1786440590.046262,decode,64,0,23681,0.0904,0,64,
1786440590.046262,1786440590.069201,decode,64,0,23729,0.0906,0,64,
1786440590.069201,1786440590.092178,decode,64,0,23809,0.0909,0,64,
1786440590.092178,1786440590.115277,decode,64,0,23889,0.0912,0,64,
1786440590.115277,1786440590.138191,decode,64,0,23969,0.0915,0,64,
1786440590.138191,1786440590.161233,decode,63,0,23745,0.0906,0,64,
1786440590.161233,1786440590.184263,decode,63,0,23793,0.0908,0,63,
1786440590.184263,1786440590.213174,mixed,64,0,23905,0.0912,38,64,
1786440590.213174,1786440590.236234,decode,64,0,23937,0.0914,0,64,
1786440590.236234,1786440590.259198,decode,64,0,24017,0.0917,0,64,
1786440590.259198,1786440590.282229,decode,64,0,24081,0.0919,0,64,
1786440590.282229,1786440590.305600,decode,64,0,24129,0.0921,0,64,
1786440590.305600,1786440590.328283,decode,64,0,24177,0.0923,0,64,
1786440590.328283,1786440590.351322,decode,64,0,24257,0.0926,0,64,
1786440590.351322,1786440590.374504,decode,64,0,24353,0.0929,0,64,
1786440590.374504,1786440590.397633,decode,64,0,24369,0.0930,0,64,
1786440590.397633,1786440590.420451,decode,63,0,24033,0.0917,0,64,
1786440590.420451,1786440590.444028,decode,63,0,24081,0.0919,0,63,
1786440590.444028,1786440590.468152,mixed,64,0,24209,0.0924,19,64,
1786440590.468152,1786440590.491049,decode,64,0,24289,0.0927,0,64,
1786440590.491049,1786440590.514268,decode,64,0,24369,0.0930,0,64,
1786440590.514268,1786440590.537265,decode,64,0,24449,0.0933,0,64,
1786440590.537265,1786440590.560223,decode,64,0,24497,0.0935,0,64,
1786440590.560223,1786440590.583216,decode,64,0,24561,0.0937,0,64,
1786440590.583216,1786440590.606588,decode,64,0,24593,0.0939,0,64,
1786440590.606588,1786440590.629306,decode,64,0,24673,0.0942,0,64,
1786440590.629306,1786440590.652148,decode,64,0,24737,0.0944,0,64,
1786440590.652148,1786440590.675289,decode,64,0,24785,0.0946,0,64,
1786440590.675289,1786440590.698173,decode,64,0,24833,0.0948,0,64,
1786440590.698173,1786440590.721293,decode,64,0,24913,0.0951,0,64,
1786440590.721293,1786440590.744510,decode,64,0,25009,0.0954,0,64,
1786440590.744510,1786440590.767470,decode,64,0,25025,0.0955,0,64,
1786440590.767470,1786440590.790771,decode,64,0,25089,0.0957,0,64,
1786440590.790771,1786440590.813701,decode,64,0,25137,0.0959,0,64,
1786440590.813701,1786440590.836864,decode,64,0,25233,0.0963,0,64,
1786440590.836864,1786440590.859850,decode,64,0,25313,0.0966,0,64,
1786440590.859850,1786440590.882833,decode,64,0,25393,0.0969,0,64,
1786440590.882833,1786440590.905864,decode,64,0,25473,0.0972,0,64,
1786440590.905864,1786440590.929109,decode,64,0,25521,0.0974,0,64,
1786440590.929109,1786440590.952100,decode,64,0,25585,0.0976,0,64,
1786440590.952100,1786440590.975234,decode,63,0,25329,0.0967,0,64,
1786440590.975234,1786440590.998504,decode,63,0,25409,0.0970,0,63,
1786440590.998504,1786440591.023055,mixed,64,0,25521,0.0974,41,64,
1786440591.023055,1786440591.046131,decode,59,0,24113,0.0920,0,64,
1786440591.046131,1786440591.068969,decode,58,0,21921,0.0837,0,59,
1786440591.068969,1786440591.167377,mixed,57,0,21121,0.0806,870,63,
1786440591.167377,1786440591.192938,mixed,58,0,21233,0.0810,17,58,
1786440591.192938,1786440591.235034,mixed,55,0,18081,0.0690,209,64,
1786440591.235034,1786440591.259748,decode,55,0,18161,0.0693,0,55,
1786440591.259748,1786440591.320328,mixed,63,0,22385,0.0854,4420,64,
1786440591.320328,1786440591.344104,decode,62,0,22241,0.0849,0,63,
1786440591.344104,1786440591.369191,mixed,61,0,21761,0.0830,40,63,
1786440591.369191,1786440591.394439,mixed,60,0,21281,0.0812,52,62,
1786440591.394439,1786440591.447907,mixed,59,0,20785,0.0793,313,62,
1786440591.447907,1786440591.486977,mixed,61,0,21169,0.0808,305,61,
1786440591.486977,1786440591.609714,mixed,63,0,22209,0.0848,1072,64,
1786440591.609714,1786440591.633766,decode,63,0,22225,0.0848,0,63,
1786440591.633766,1786440591.659114,mixed,64,0,22321,0.0852,27,64,
1786440591.659114,1786440591.682102,decode,64,0,22417,0.0856,0,64,
1786440591.682102,1786440591.705059,decode,64,0,22481,0.0858,0,64,
1786440591.705059,1786440591.728186,decode,63,0,22257,0.0849,0,64,
1786440591.728186,1786440591.751065,decode,63,0,22289,0.0851,0,63,
1786440591.751065,1786440591.831892,mixed,64,0,23073,0.0881,669,64,
1786440591.831892,1786440591.855841,decode,63,0,19377,0.0739,0,64,
1786440591.855841,1786440591.879346,decode,63,0,19425,0.0741,0,63,
1786440591.879346,1786440591.932457,mixed,64,0,19873,0.0758,353,64,
1786440591.932457,1786440591.956050,decode,64,0,19985,0.0763,0,64,
1786440591.956050,1786440591.979186,decode,64,0,20033,0.0765,0,64,
1786440591.979186,1786440592.002025,decode,64,0,20065,0.0766,0,64,
1786440592.002025,1786440592.024794,decode,64,0,20113,0.0768,0,64,
1786440592.024794,1786440592.047626,decode,64,0,20177,0.0770,0,64,
1786440592.047626,1786440592.070256,decode,64,0,20273,0.0774,0,64,
1786440592.070256,1786440592.093077,decode,64,0,20289,0.0774,0,64,
1786440592.093077,1786440592.115669,decode,64,0,20353,0.0777,0,64,
1786440592.115669,1786440592.138670,decode,64,0,20449,0.0780,0,64,
1786440592.138670,1786440592.161334,decode,64,0,20513,0.0783,0,64,
1786440592.161334,1786440592.184256,decode,64,0,20561,0.0785,0,64,
1786440592.184256,1786440592.206964,decode,63,0,20273,0.0774,0,64,
1786440592.206964,1786440592.230104,decode,63,0,20369,0.0777,0,63,
1786440592.230104,1786440592.254222,mixed,63,0,21041,0.0803,904,64,
1786440592.254222,1786440592.277063,decode,63,0,21089,0.0805,0,63,
1786440592.277063,1786440592.301188,mixed,64,0,21217,0.0810,21,64,
1786440592.301188,1786440592.323997,decode,64,0,21329,0.0814,0,64,
1786440592.323997,1786440592.346844,decode,64,0,21377,0.0816,0,64,
1786440592.346844,1786440592.369711,decode,63,0,21073,0.0804,0,64,
1786440592.369711,1786440592.392546,decode,63,0,21121,0.0806,0,63,
1786440592.392546,1786440592.541070,mixed,64,0,22561,0.0861,1373,64,
1786440592.541070,1786440592.565588,decode,64,0,22641,0.0864,0,64,
1786440592.565588,1786440592.588914,decode,64,0,22673,0.0865,0,64,
1786440592.588914,1786440592.612340,decode,64,0,22721,0.0867,0,64,
1786440592.612340,1786440592.635452,decode,64,0,22833,0.0871,0,64,
1786440592.635452,1786440592.658464,decode,64,0,22897,0.0874,0,64,
1786440592.658464,1786440592.681619,decode,64,0,22945,0.0876,0,64,
1786440592.681619,1786440592.704700,decode,64,0,22993,0.0878,0,64,
1786440592.704700,1786440592.727859,decode,63,0,22817,0.0871,0,64,
1786440592.727859,1786440592.750598,decode,63,0,22865,0.0873,0,63,
1786440592.750598,1786440592.775074,mixed,64,0,23985,0.0915,1063,64,
1786440592.775074,1786440592.798091,decode,64,0,24081,0.0919,0,64,
1786440592.798091,1786440592.820955,decode,64,0,24193,0.0923,0,64,
1786440592.820955,1786440592.844061,decode,64,0,24241,0.0925,0,64,
1786440592.844061,1786440592.867045,decode,64,0,24273,0.0926,0,64,
1786440592.867045,1786440592.889934,decode,63,0,23921,0.0913,0,64,
1786440592.889934,1786440592.913074,decode,63,0,23969,0.0915,0,63,
1786440592.913074,1786440592.939215,mixed,64,0,24129,0.0921,76,64,
1786440592.939215,1786440592.961994,decode,64,0,24161,0.0922,0,64,
1786440592.961994,1786440592.984981,decode,64,0,24209,0.0924,0,64,
1786440592.984981,1786440593.007983,decode,64,0,24337,0.0929,0,64,
1786440593.007983,1786440593.031120,decode,63,0,22961,0.0876,0,64,
1786440593.031120,1786440593.053921,decode,63,0,23025,0.0879,0,63,
1786440593.053921,1786440593.078290,mixed,64,0,23089,0.0881,76,64,
1786440593.078290,1786440593.101315,decode,63,0,23153,0.0884,0,64,
1786440593.101315,1786440593.124179,decode,62,0,22737,0.0868,0,63,
1786440593.124179,1786440593.157915,mixed,63,0,22913,0.0874,132,63,
1786440593.157915,1786440593.189872,mixed,64,0,23121,0.0882,109,64,
1786440593.189872,1786440593.212731,decode,64,0,23249,0.0887,0,64,
1786440593.212731,1786440593.235720,decode,64,0,23297,0.0889,0,64,
1786440593.235720,1786440593.258810,decode,63,0,23201,0.0885,0,64,
1786440593.258810,1786440593.281783,decode,63,0,23265,0.0888,0,63,
1786440593.281783,1786440593.306740,mixed,64,0,23361,0.0892,45,64,
1786440593.306740,1786440593.329564,decode,64,0,23441,0.0895,0,64,
1786440593.329564,1786440593.352695,decode,63,0,23201,0.0885,0,64,
1786440593.352695,1786440593.375699,decode,63,0,23249,0.0887,0,63,
1786440593.375699,1786440593.406194,mixed,64,0,23489,0.0896,91,64,
1786440593.406194,1786440593.429194,decode,64,0,23553,0.0899,0,64,
1786440593.429194,1786440593.452250,decode,64,0,23601,0.0901,0,64,
1786440593.452250,1786440593.475282,decode,64,0,23665,0.0903,0,64,
1786440593.475282,1786440593.498130,decode,64,0,23761,0.0907,0,64,
1786440593.498130,1786440593.521105,decode,64,0,23809,0.0909,0,64,
1786440593.521105,1786440593.544148,decode,64,0,23857,0.0910,0,64,
1786440593.544148,1786440593.567231,decode,64,0,23953,0.0914,0,64,
1786440593.567231,1786440593.590232,decode,64,0,24049,0.0918,0,64,
1786440593.590232,1786440593.612827,decode,64,0,24097,0.0920,0,64,
1786440593.612827,1786440593.636122,decode,64,0,24097,0.0920,0,64,
1786440593.636122,1786440593.659082,decode,64,0,24161,0.0922,0,64,
1786440593.659082,1786440593.682159,decode,63,0,23937,0.0914,0,64,
1786440593.682159,1786440593.705219,decode,63,0,24017,0.0917,0,63,
1786440593.705219,1786440593.830181,mixed,64,0,25137,0.0959,1085,64,
1786440593.830181,1786440593.854216,decode,64,0,25185,0.0961,0,64,
1786440593.854216,1786440593.878061,decode,63,0,25025,0.0955,0,64,
1786440593.878061,1786440593.901540,decode,63,0,25089,0.0957,0,63,
1786440593.901540,1786440594.112309,decode,64,0,27153,0.1036,0,63,
1786440594.112309,1786440594.145983,mixed,64,0,27297,0.1042,2072,64,
1786440594.145983,1786440594.170140,decode,64,0,27393,0.1045,0,64,
1786440594.170140,1786440594.193856,decode,64,0,27441,0.1047,0,64,
1786440594.193856,1786440594.217560,decode,64,0,27489,0.1049,0,64,
1786440594.217560,1786440594.240839,decode,64,0,27585,0.1053,0,64,
1786440594.240839,1786440594.264389,decode,64,0,27681,0.1056,0,64,
1786440594.264389,1786440594.287771,decode,64,0,27729,0.1058,0,64,
1786440594.287771,1786440594.310921,decode,64,0,27729,0.1058,0,64,
1786440594.310921,1786440594.334578,decode,64,0,27777,0.1060,0,64,
1786440594.334578,1786440594.358161,decode,64,0,27841,0.1063,0,64,
1786440594.358161,1786440594.381318,decode,62,0,27457,0.1048,0,64,
1786440594.381318,1786440594.405107,decode,62,0,27489,0.1049,0,62,
1786440594.405107,1786440594.525867,mixed,64,0,28833,0.1100,1289,64,
1786440594.525867,1786440594.550949,decode,64,0,28961,0.1105,0,64,
1786440594.550949,1786440594.575006,decode,64,0,29025,0.1108,0,64,
1786440594.575006,1786440594.598517,decode,64,0,29089,0.1110,0,64,
1786440594.598517,1786440594.622265,decode,64,0,29153,0.1113,0,64,
1786440594.622265,1786440594.645666,decode,64,0,29249,0.1116,0,64,
1786440594.645666,1786440594.668956,decode,64,0,29297,0.1118,0,64,
1786440594.668956,1786440594.692992,decode,63,0,28961,0.1105,0,64,
1786440594.692992,1786440594.716105,decode,62,0,28769,0.1098,0,63,
1786440594.716105,1786440594.739260,decode,62,0,28849,0.1101,0,62,
1786440594.739260,1786440594.762615,decode,62,0,28897,0.1103,0,62,
1786440594.762615,1786440594.786186,decode,61,0,27793,0.1061,0,62,
1786440594.786186,1786440594.809462,decode,61,0,27841,0.1063,0,61,
1786440594.809462,1786440594.833203,decode,61,0,27905,0.1065,0,61,
1786440594.833203,1786440594.856614,decode,61,0,27985,0.1068,0,61,
1786440594.856614,1786440594.879760,decode,61,0,28017,0.1069,0,61,
1786440594.879760,1786440594.903315,decode,61,0,28049,0.1070,0,61,
1786440594.903315,1786440594.926875,decode,61,0,28177,0.1075,0,61,
1786440594.926875,1786440594.950133,decode,61,0,28241,0.1078,0,61,
1786440594.950133,1786440594.973569,decode,61,0,28289,0.1080,0,61,
1786440594.973569,1786440594.997050,decode,61,0,28337,0.1081,0,61,
1786440594.997050,1786440595.020292,decode,61,0,28433,0.1085,0,61,
1786440595.020292,1786440595.043895,decode,61,0,28481,0.1087,0,61,
1786440595.043895,1786440595.067087,decode,61,0,28529,0.1089,0,61,
1786440595.067087,1786440595.090755,decode,61,0,28625,0.1092,0,61,
1786440595.090755,1786440595.114185,decode,61,0,28705,0.1096,0,61,
1786440595.114185,1786440595.137676,decode,61,0,28753,0.1097,0,61,
1786440595.137676,1786440595.161111,decode,61,0,28769,0.1098,0,61,
1786440595.161111,1786440595.184631,decode,60,0,28481,0.1087,0,61,
1786440595.184631,1786440595.207929,decode,60,0,28545,0.1089,0,60,
1786440595.207929,1786440595.231352,decode,59,0,26785,0.1022,0,60,
1786440595.231352,1786440595.254422,decode,58,0,26545,0.1013,0,59,
1786440595.254422,1786440595.277137,decode,57,0,26273,0.1003,0,58,
1786440595.277137,1786440595.299875,decode,57,0,26385,0.1007,0,57,
1786440595.299875,1786440595.322520,decode,57,0,26449,0.1009,0,57,
1786440595.322520,1786440595.345301,decode,56,0,26209,0.1000,0,57,
1786440595.345301,1786440595.369137,decode,56,0,26257,0.1002,0,56,
1786440595.369137,1786440595.393012,decode,56,0,26353,0.1006,0,56,
1786440595.393012,1786440595.416838,decode,56,0,26401,0.1008,0,56,
1786440595.416838,1786440595.440758,decode,56,0,26449,0.1009,0,56,
1786440595.440758,1786440595.464644,decode,55,0,26417,0.1008,0,56,
1786440595.464644,1786440595.488482,decode,54,0,26193,0.1000,0,55,
1786440595.488482,1786440595.512020,decode,54,0,26225,0.1001,0,54,
1786440595.512020,1786440595.535855,decode,54,0,26241,0.1001,0,54,
1786440595.535855,1786440595.559923,decode,54,0,26273,0.1003,0,54,
1786440595.559923,1786440595.583527,decode,54,0,26321,0.1005,0,54,
1786440595.583527,1786440595.607379,decode,53,0,26065,0.0995,0,54,
1786440595.607379,1786440595.633213,decode,53,0,26097,0.0996,0,53,
1786440595.633213,1786440595.657110,decode,53,0,26129,0.0997,0,53,
1786440595.657110,1786440595.680789,decode,53,0,26225,0.1001,0,53,
1786440595.680789,1786440595.704550,decode,53,0,26289,0.1003,0,53,
1786440595.704550,1786440595.728347,decode,53,0,26321,0.1005,0,53,
1786440595.728347,1786440595.752037,decode,53,0,26369,0.1006,0,53,
1786440595.752037,1786440595.775894,decode,53,0,26449,0.1009,0,53,
1786440595.775894,1786440595.799727,decode,52,0,25377,0.0968,0,53,
1786440595.799727,1786440595.825658,decode,52,0,25425,0.0970,0,52,
1786440595.825658,1786440595.849267,decode,52,0,25505,0.0973,0,52,
1786440595.849267,1786440595.873052,decode,50,0,24081,0.0919,0,52,
1786440595.873052,1786440595.898695,decode,50,0,24113,0.0920,0,50,
1786440595.898695,1786440595.922661,decode,49,0,23745,0.0906,0,50,
1786440595.922661,1786440595.946198,decode,49,0,23777,0.0907,0,49,
1786440595.946198,1786440595.969875,decode,49,0,23825,0.0909,0,49,
1786440595.969875,1786440595.993873,decode,49,0,23889,0.0912,0,49,
1786440595.993873,1786440596.017174,decode,49,0,23905,0.0912,0,49,
1786440596.017174,1786440596.040846,decode,48,0,23649,0.0903,0,49,
1786440596.040846,1786440596.071990,decode,48,0,23745,0.0906,0,48,
1786440596.071990,1786440596.094885,decode,48,0,23793,0.0908,0,48,
1786440596.094885,1786440596.117817,decode,48,0,23825,0.0909,0,48,
1786440596.117817,1786440596.140799,decode,47,0,23585,0.0900,0,48,
1786440596.140799,1786440596.166901,decode,47,0,23649,0.0903,0,47,
1786440596.166901,1786440596.189763,decode,47,0,23697,0.0904,0,47,
1786440596.189763,1786440596.212775,decode,47,0,23745,0.0906,0,47,
1786440596.212775,1786440596.235540,decode,47,0,23825,0.0909,0,47,
1786440596.235540,1786440596.258356,decode,47,0,23905,0.0912,0,47,
1786440596.258356,1786440596.281169,decode,47,0,23921,0.0913,0,47,
1786440596.281169,1786440596.304009,decode,47,0,23937,0.0914,0,47,
1786440596.304009,1786440596.326863,decode,47,0,23969,0.0915,0,47,
1786440596.326863,1786440596.349787,decode,47,0,24017,0.0917,0,47,
1786440596.349787,1786440596.372570,decode,47,0,24081,0.0919,0,47,
1786440596.372570,1786440596.395428,decode,47,0,24097,0.0920,0,47,
1786440596.395428,1786440596.418410,decode,47,0,24113,0.0920,0,47,
1786440596.418410,1786440596.441403,decode,47,0,24209,0.0924,0,47,
1786440596.441403,1786440596.463973,decode,47,0,24257,0.0926,0,47,
1786440596.463973,1786440596.487044,decode,47,0,24289,0.0927,0,47,
1786440596.487044,1786440596.509792,decode,47,0,24337,0.0929,0,47,
1786440596.509792,1786440596.532770,decode,47,0,24401,0.0931,0,47,
1786440596.532770,1786440596.555770,decode,47,0,24449,0.0933,0,47,
1786440596.555770,1786440596.578918,decode,47,0,24497,0.0935,0,47,
1786440596.578918,1786440596.601501,decode,47,0,24577,0.0938,0,47,
1786440596.601501,1786440596.624258,decode,46,0,24257,0.0926,0,47,
1786440596.624258,1786440596.650394,decode,46,0,24273,0.0926,0,46,
1786440596.650394,1786440596.673423,decode,46,0,24289,0.0927,0,46,
1786440596.673423,1786440596.696190,decode,45,0,23985,0.0915,0,46,
1786440596.696190,1786440596.722245,decode,45,0,24033,0.0917,0,45,
1786440596.722245,1786440596.745243,decode,45,0,24097,0.0920,0,45,
1786440596.745243,1786440596.768183,decode,45,0,24113,0.0920,0,45,
1786440596.768183,1786440596.791021,decode,45,0,24129,0.0921,0,45,
1786440596.791021,1786440596.813892,decode,45,0,24209,0.0924,0,45,
1786440596.813892,1786440596.836860,decode,45,0,24241,0.0925,0,45,
1786440596.836860,1786440596.859748,decode,45,0,24273,0.0926,0,45,
1786440596.859748,1786440596.882641,decode,45,0,24321,0.0928,0,45,
1786440596.882641,1786440596.906001,decode,45,0,24385,0.0931,0,45,
1786440596.906001,1786440596.928492,decode,45,0,24433,0.0932,0,45,
1786440596.928492,1786440596.951494,decode,45,0,24481,0.0934,0,45,
1786440596.951494,1786440596.974289,decode,45,0,24561,0.0937,0,45,
1786440596.974289,1786440596.997187,decode,45,0,24641,0.0940,0,45,
1786440596.997187,1786440597.020200,decode,45,0,24657,0.0941,0,45,
1786440597.020200,1786440597.042980,decode,45,0,24673,0.0942,0,45,
1786440597.042980,1786440597.065820,decode,45,0,24705,0.0943,0,45,
1786440597.065820,1786440597.088939,decode,44,0,24449,0.0933,0,45,
1786440597.088939,1786440597.115219,decode,44,0,24513,0.0936,0,44,
1786440597.115219,1786440597.138111,decode,44,0,24529,0.0936,0,44,
1786440597.138111,1786440597.161155,decode,44,0,24545,0.0937,0,44,
1786440597.161155,1786440597.184136,decode,44,0,24625,0.0940,0,44,
1786440597.184136,1786440597.207224,decode,43,0,24401,0.0931,0,44,
1786440597.207224,1786440597.233483,decode,43,0,24433,0.0932,0,43,
1786440597.233483,1786440597.256626,decode,43,0,24481,0.0934,0,43,
1786440597.256626,1786440597.279321,decode,43,0,24545,0.0937,0,43,
1786440597.279321,1786440597.302829,decode,43,0,24593,0.0939,0,43,
1786440597.302829,1786440597.325850,decode,43,0,24641,0.0940,0,43,
1786440597.325850,1786440597.348979,decode,42,0,24433,0.0932,0,43,
1786440597.348979,1786440597.374825,decode,42,0,24497,0.0935,0,42,
1786440597.374825,1786440597.397739,decode,42,0,24513,0.0936,0,42,
1786440597.397739,1786440597.420416,decode,42,0,24529,0.0936,0,42,
1786440597.420416,1786440597.443692,decode,42,0,24561,0.0937,0,42,
1786440597.443692,1786440597.467044,decode,42,0,24609,0.0939,0,42,
1786440597.467044,1786440597.489728,decode,42,0,24657,0.0941,0,42,
1786440597.489728,1786440597.512737,decode,42,0,24673,0.0942,0,42,
1786440597.512737,1786440597.535780,decode,42,0,24689,0.0942,0,42,
1786440597.535780,1786440597.558789,decode,42,0,24769,0.0945,0,42,
1786440597.558789,1786440597.581833,decode,42,0,24801,0.0947,0,42,
1786440597.581833,1786440597.604800,decode,42,0,24833,0.0948,0,42,
1786440597.604800,1786440597.627660,decode,42,0,24881,0.0950,0,42,
1786440597.627660,1786440597.650974,decode,42,0,24945,0.0952,0,42,
1786440597.650974,1786440597.673765,decode,42,0,24993,0.0954,0,42,
1786440597.673765,1786440597.696726,decode,42,0,25025,0.0955,0,42,
1786440597.696726,1786440597.719831,decode,42,0,25105,0.0958,0,42,
1786440597.719831,1786440597.742715,decode,42,0,25169,0.0961,0,42,
1786440597.742715,1786440597.766012,decode,42,0,25185,0.0961,0,42,
1786440597.766012,1786440597.788979,decode,42,0,25201,0.0962,0,42,
1786440597.788979,1786440597.811944,decode,42,0,25233,0.0963,0,42,
1786440597.811944,1786440597.835054,decode,42,0,25281,0.0965,0,42,
1786440597.835054,1786440597.858063,decode,42,0,25329,0.0967,0,42,
1786440597.858063,1786440597.881196,decode,42,0,25345,0.0967,0,42,
1786440597.881196,1786440597.904114,decode,41,0,25057,0.0956,0,42,
1786440597.904114,1786440597.930601,decode,41,0,25137,0.0959,0,41,
1786440597.930601,1786440597.953741,decode,41,0,25169,0.0961,0,41,
1786440597.953741,1786440597.976909,decode,36,0,23009,0.0878,0,41,
1786440597.976909,1786440597.999569,decode,35,0,22785,0.0870,0,36,
1786440597.999569,1786440598.024825,decode,30,0,21377,0.0816,0,35,
1786440598.024825,1786440598.057987,decode,30,0,21409,0.0817,0,30,
1786440598.057987,1786440598.080457,decode,22,0,14944,0.0570,0,30,
1786440598.080457,1786440598.105154,decode,22,0,14992,0.0572,0,22,
1786440598.105154,1786440598.126910,decode,21,0,14704,0.0561,0,22,
1786440598.126910,1786440598.151913,decode,20,0,14384,0.0549,0,21,
1786440598.151913,1786440598.176479,decode,18,0,13568,0.0518,0,20,
1786440598.176479,1786440598.198427,decode,16,0,12752,0.0487,0,18,
1786440598.198427,1786440598.220879,decode,13,0,10912,0.0416,0,16,
1786440598.220879,1786440598.245703,decode,13,0,10928,0.0417,0,13,
1786440598.245703,1786440598.267016,decode,12,0,10656,0.0407,0,13,
1786440598.267016,1786440598.287668,decode,12,0,10656,0.0407,0,12,
1786440598.287668,1786440598.308698,decode,12,0,10688,0.0408,0,12,
1786440598.308698,1786440598.329695,decode,12,0,10688,0.0408,0,12,
1786440598.329695,1786440598.350700,decode,12,0,10688,0.0408,0,12,
1786440598.350700,1786440598.371585,decode,11,0,9792,0.0374,0,12,
1786440598.371585,1786440598.396066,decode,11,0,9792,0.0374,0,11,
1786440598.396066,1786440598.417317,decode,11,0,9792,0.0374,0,11,
1786440598.417317,1786440598.438212,decode,10,0,9200,0.0351,0,11,
1786440598.438212,1786440598.459070,decode,10,0,9200,0.0351,0,10,
1786440598.459070,1786440598.480150,decode,10,0,9200,0.0351,0,10,
1786440598.480150,1786440598.501233,decode,10,0,9200,0.0351,0,10,
1786440598.501233,1786440598.521712,decode,10,0,9216,0.0352,0,10,
1786440598.521712,1786440598.543167,decode,10,0,9232,0.0352,0,10,
1786440598.543167,1786440598.563737,decode,10,0,9248,0.0353,0,10,
1786440598.563737,1786440598.584771,decode,10,0,9264,0.0354,0,10,
1786440598.584771,1786440598.605517,decode,10,0,9280,0.0354,0,10,
1786440598.605517,1786440598.626384,decode,10,0,9280,0.0354,0,10,
1786440598.626384,1786440598.647273,decode,10,0,9312,0.0355,0,10,
1786440598.647273,1786440598.668238,decode,10,0,9312,0.0355,0,10,
1786440598.668238,1786440598.688961,decode,10,0,9312,0.0355,0,10,
1786440598.688961,1786440598.709939,decode,10,0,9344,0.0357,0,10,
1786440598.709939,1786440598.731055,decode,9,0,8176,0.0312,0,10,
1786440598.731055,1786440598.756058,decode,9,0,8176,0.0312,0,9,
1786440598.756058,1786440598.777425,decode,8,0,7904,0.0302,0,9,
1786440598.777425,1786440598.805224,decode,8,0,7904,0.0302,0,8,
1786440598.805224,1786440598.826112,decode,8,0,7904,0.0302,0,8,
1786440598.826112,1786440598.846793,decode,8,0,7904,0.0302,0,8,
1786440598.846793,1786440598.867481,decode,8,0,7920,0.0302,0,8,
1786440598.867481,1786440598.888463,decode,7,0,6304,0.0241,0,8,
1786440598.888463,1786440598.909906,decode,7,0,6320,0.0241,0,7,
1786440598.909906,1786440598.930511,decode,7,0,6336,0.0242,0,7,
1786440598.930511,1786440598.950917,decode,7,0,6336,0.0242,0,7,
1786440598.950917,1786440598.971895,decode,7,0,6336,0.0242,0,7,
1786440598.971895,1786440598.992093,decode,7,0,6352,0.0242,0,7,
1786440598.992093,1786440599.012601,decode,7,0,6352,0.0242,0,7,
1786440599.012601,1786440599.033255,decode,7,0,6352,0.0242,0,7,
1786440599.033255,1786440599.053844,decode,7,0,6368,0.0243,0,7,
1786440599.053844,1786440599.074348,decode,7,0,6368,0.0243,0,7,
1786440599.074348,1786440599.095238,decode,6,0,5040,0.0192,0,7,
1786440599.095238,1786440599.116745,decode,6,0,5056,0.0193,0,6,
1786440599.116745,1786440599.137031,decode,6,0,5056,0.0193,0,6,
1786440599.137031,1786440599.157665,decode,6,0,5056,0.0193,0,6,
1786440599.157665,1786440599.178185,decode,6,0,5056,0.0193,0,6,
1786440599.178185,1786440599.198458,decode,6,0,5072,0.0194,0,6,
1786440599.198458,1786440599.218939,decode,6,0,5088,0.0194,0,6,
1786440599.218939,1786440599.239411,decode,6,0,5104,0.0195,0,6,
1786440599.239411,1786440599.259835,decode,6,0,5120,0.0195,0,6,
1786440599.259835,1786440599.280303,decode,6,0,5120,0.0195,0,6,
1786440599.280303,1786440599.300671,decode,6,0,5120,0.0195,0,6,
1786440599.300671,1786440599.321105,decode,6,0,5120,0.0195,0,6,
1786440599.321105,1786440599.341558,decode,6,0,5120,0.0195,0,6,
1786440599.341558,1786440599.362010,decode,6,0,5120,0.0195,0,6,
1786440599.362010,1786440599.382457,decode,6,0,5136,0.0196,0,6,
1786440599.382457,1786440599.402945,decode,6,0,5136,0.0196,0,6,
1786440599.402945,1786440599.423446,decode,5,0,4736,0.0181,0,6,
1786440599.423446,1786440599.445348,decode,4,0,4384,0.0167,0,5,
1786440599.445348,1786440599.466865,decode,4,0,4384,0.0167,0,4,
1786440599.466865,1786440599.487043,decode,4,0,4384,0.0167,0,4,
1786440599.487043,1786440599.507504,decode,4,0,4384,0.0167,0,4,
1786440599.507504,1786440599.527695,decode,4,0,4400,0.0168,0,4,
1786440599.527695,1786440599.548047,decode,4,0,4400,0.0168,0,4,
1786440599.548047,1786440599.568511,decode,4,0,4416,0.0169,0,4,
1786440599.568511,1786440599.589167,decode,4,0,4432,0.0169,0,4,
1786440599.589167,1786440599.609082,decode,4,0,4432,0.0169,0,4,
1786440599.609082,1786440599.629544,decode,3,0,4080,0.0156,0,4,
1786440599.629544,1786440599.651196,decode,3,0,4080,0.0156,0,3,
1786440599.651196,1786440599.671485,decode,3,0,4080,0.0156,0,3,
1786440599.671485,1786440599.691915,decode,3,0,4080,0.0156,0,3,
1786440599.691915,1786440599.711965,decode,3,0,4080,0.0156,0,3,
1786440599.711965,1786440599.732372,decode,3,0,4080,0.0156,0,3,
1786440599.732372,1786440599.752769,decode,3,0,4080,0.0156,0,3,
1786440599.752769,1786440599.772864,decode,3,0,4080,0.0156,0,3,
1786440599.772864,1786440599.793402,decode,3,0,4080,0.0156,0,3,
1786440599.793402,1786440599.813451,decode,3,0,4080,0.0156,0,3,
1786440599.813451,1786440599.833765,decode,3,0,4080,0.0156,0,3,
1786440599.833765,1786440599.854061,decode,3,0,4096,0.0156,0,3,
1786440599.854061,1786440599.874448,decode,3,0,4096,0.0156,0,3,
1786440599.874448,1786440599.894672,decode,3,0,4112,0.0157,0,3,
1786440599.894672,1786440599.915079,decode,3,0,4128,0.0158,0,3,
1786440599.915079,1786440599.935294,decode,3,0,4128,0.0158,0,3,
1786440599.935294,1786440599.955680,decode,3,0,4128,0.0158,0,3,
1786440599.955680,1786440599.975889,decode,3,0,4128,0.0158,0,3,
1786440599.975889,1786440599.996310,decode,3,0,4128,0.0158,0,3,
1786440599.996310,1786440600.016720,decode,2,0,1792,0.0068,0,3,
1786440600.016720,1786440600.038452,decode,2,0,1792,0.0068,0,2,
1786440600.038452,1786440600.058215,decode,2,0,1792,0.0068,0,2,
1786440600.058215,1786440600.078233,decode,2,0,1792,0.0068,0,2,
1786440600.078233,1786440600.098375,decode,2,0,1792,0.0068,0,2,
1786440600.098375,1786440600.118342,decode,2,0,1792,0.0068,0,2,
1786440600.118342,1786440600.138421,decode,2,0,1792,0.0068,0,2,
1786440600.138421,1786440600.158560,decode,2,0,1792,0.0068,0,2,
1786440600.158560,1786440600.178835,decode,2,0,1808,0.0069,0,2,
1786440600.178835,1786440600.198387,decode,2,0,1808,0.0069,0,2,
1786440600.198387,1786440600.218456,decode,2,0,1808,0.0069,0,2,
1786440600.218456,1786440600.238505,decode,2,0,1824,0.0070,0,2,
1786440600.238505,1786440600.258779,decode,0,0,0,0.0000,0,2,
1786440600.258779,1786440600.258842,idle,0,0,0,0.0000,,,
