t_start,t_end,phase,n_running,n_waiting,kv_tokens_resident,kv_cache_pct,prefill_tokens,decode_tokens,dram_bytes
1784264455.443484,1784264455.443484,mixed,1,3,2048,0.0081,2048,1,
1784264455.443484,1784264455.464800,mixed,4,0,2112,0.0083,6144,4,
1784264455.464800,1784264455.481679,decode,4,0,2160,0.0085,0,4,
1784264455.481679,1784264455.490993,decode,4,0,2160,0.0085,0,4,
1784264455.490993,1784264455.500087,decode,4,0,2160,0.0085,0,4,
1784264455.500087,1784264455.509269,decode,4,0,2160,0.0085,0,4,
1784264455.509269,1784264455.518400,decode,4,0,2160,0.0085,0,4,
1784264455.518400,1784264455.527538,decode,4,0,2160,0.0085,0,4,
1784264455.527538,1784264455.536556,decode,4,0,2160,0.0085,0,4,
1784264455.536556,1784264455.545504,decode,4,0,2160,0.0085,0,4,
1784264455.545504,1784264455.554793,decode,4,0,2160,0.0085,0,4,
1784264455.554793,1784264455.563992,decode,4,0,2160,0.0085,0,4,
1784264455.563992,1784264455.572973,decode,4,0,2160,0.0085,0,4,
1784264455.572973,1784264455.581620,decode,4,0,2160,0.0085,0,4,
1784264455.581620,1784264455.591021,decode,4,0,2160,0.0085,0,4,
1784264455.591021,1784264455.599560,decode,4,0,2160,0.0085,0,4,
1784264455.599560,1784264455.608602,decode,4,0,2160,0.0085,0,4,
1784264455.608602,1784264455.617786,decode,4,0,2176,0.0086,0,4,
1784264455.617786,1784264455.626693,decode,4,0,2224,0.0087,0,4,
1784264455.626693,1784264455.635639,decode,4,0,2224,0.0087,0,4,
1784264455.635639,1784264455.644735,decode,4,0,2224,0.0087,0,4,
1784264455.644735,1784264455.654089,decode,4,0,2224,0.0087,0,4,
1784264455.654089,1784264455.663081,decode,4,0,2224,0.0087,0,4,
1784264455.663081,1784264455.671745,decode,4,0,2224,0.0087,0,4,
1784264455.671745,1784264455.680789,decode,4,0,2224,0.0087,0,4,
1784264455.680789,1784264455.689667,decode,4,0,2224,0.0087,0,4,
1784264455.689667,1784264455.698665,decode,4,0,2224,0.0087,0,4,
1784264455.698665,1784264455.707762,decode,4,0,2224,0.0087,0,4,
1784264455.707762,1784264455.716813,decode,4,0,2224,0.0087,0,4,
1784264455.716813,1784264455.725729,decode,4,0,2224,0.0087,0,4,
1784264455.725729,1784264455.734825,decode,4,0,2224,0.0087,0,4,
1784264455.734825,1784264455.744073,decode,4,0,2224,0.0087,0,4,
1784264455.744073,1784264455.752832,decode,4,0,2224,0.0087,0,4,
1784264455.752832,1784264455.761892,decode,4,0,2240,0.0088,0,4,
1784264455.761892,1784264455.771514,decode,4,0,2288,0.0090,0,4,
1784264455.771514,1784264455.780440,decode,4,0,2288,0.0090,0,4,
1784264455.780440,1784264455.789180,decode,4,0,2288,0.0090,0,4,
1784264455.789180,1784264455.798325,decode,4,0,2288,0.0090,0,4,
1784264455.798325,1784264455.806889,decode,4,0,2288,0.0090,0,4,
1784264455.806889,1784264455.815999,decode,4,0,2288,0.0090,0,4,
1784264455.815999,1784264455.825089,decode,4,0,2288,0.0090,0,4,
1784264455.825089,1784264455.834258,decode,4,0,2288,0.0090,0,4,
1784264455.834258,1784264455.843397,decode,4,0,2288,0.0090,0,4,
1784264455.843397,1784264455.852382,decode,4,0,2288,0.0090,0,4,
1784264455.852382,1784264455.861389,decode,4,0,2288,0.0090,0,4,
1784264455.861389,1784264455.870235,decode,4,0,2288,0.0090,0,4,
1784264455.870235,1784264455.878952,decode,4,0,2288,0.0090,0,4,
1784264455.878952,1784264455.888037,decode,4,0,2288,0.0090,0,4,
1784264455.888037,1784264455.897101,decode,4,0,2288,0.0090,0,4,
1784264455.897101,1784264455.906130,decode,4,0,2304,0.0091,0,4,
1784264455.906130,1784264455.915094,decode,4,0,2352,0.0093,0,4,
1784264455.915094,1784264455.924082,decode,4,0,2352,0.0093,0,4,
1784264455.924082,1784264455.933257,decode,4,0,2352,0.0093,0,4,
1784264455.933257,1784264455.942162,decode,4,0,2352,0.0093,0,4,
1784264455.942162,1784264455.951106,decode,4,0,2352,0.0093,0,4,
1784264455.951106,1784264455.960138,decode,4,0,2352,0.0093,0,4,
1784264455.960138,1784264455.969137,decode,4,0,2352,0.0093,0,4,
1784264455.969137,1784264455.978262,decode,4,0,2352,0.0093,0,4,
1784264455.978262,1784264455.987263,decode,4,0,2352,0.0093,0,4,
1784264455.987263,1784264455.996308,decode,4,0,2352,0.0093,0,4,
1784264455.996308,1784264456.005309,decode,4,0,2352,0.0093,0,4,
1784264456.005309,1784264456.014295,decode,4,0,2352,0.0093,0,4,
1784264456.014295,1784264456.023357,decode,4,0,2352,0.0093,0,4,
1784264456.023357,1784264456.032649,decode,4,0,2352,0.0093,0,4,
1784264456.032649,1784264456.041711,decode,4,0,2352,0.0093,0,4,
1784264456.041711,1784264456.050647,decode,4,0,2368,0.0093,0,4,
1784264456.050647,1784264456.059799,decode,4,0,2416,0.0095,0,4,
1784264456.059799,1784264456.068595,decode,4,0,2416,0.0095,0,4,
1784264456.068595,1784264456.077821,decode,4,0,2416,0.0095,0,4,
1784264456.077821,1784264456.086794,decode,4,0,2416,0.0095,0,4,
1784264456.086794,1784264456.095792,decode,4,0,2416,0.0095,0,4,
1784264456.095792,1784264456.104817,decode,4,0,2416,0.0095,0,4,
1784264456.104817,1784264456.113890,decode,4,0,2416,0.0095,0,4,
1784264456.113890,1784264456.122872,decode,4,0,2416,0.0095,0,4,
1784264456.122872,1784264456.131842,decode,4,0,2416,0.0095,0,4,
1784264456.131842,1784264456.141012,decode,4,0,2416,0.0095,0,4,
1784264456.141012,1784264456.150100,decode,4,0,2416,0.0095,0,4,
1784264456.150100,1784264456.158821,decode,4,0,2416,0.0095,0,4,
1784264456.158821,1784264456.167916,decode,4,0,2416,0.0095,0,4,
1784264456.167916,1784264456.176891,decode,4,0,2416,0.0095,0,4,
1784264456.176891,1784264456.186066,decode,4,0,2416,0.0095,0,4,
1784264456.186066,1784264456.195166,decode,4,0,2432,0.0096,0,4,
1784264456.195166,1784264456.204343,decode,4,0,2480,0.0098,0,4,
1784264456.204343,1784264456.213844,decode,4,0,2480,0.0098,0,4,
1784264456.213844,1784264456.222546,decode,4,0,2480,0.0098,0,4,
1784264456.222546,1784264456.231560,decode,4,0,2480,0.0098,0,4,
1784264456.231560,1784264456.240720,decode,4,0,2480,0.0098,0,4,
1784264456.240720,1784264456.249641,decode,4,0,2480,0.0098,0,4,
1784264456.249641,1784264456.258791,decode,4,0,2480,0.0098,0,4,
1784264456.258791,1784264456.267868,decode,4,0,2480,0.0098,0,4,
1784264456.267868,1784264456.276976,decode,4,0,2480,0.0098,0,4,
1784264456.276976,1784264456.286184,decode,4,0,2480,0.0098,0,4,
1784264456.286184,1784264456.295153,decode,4,0,2480,0.0098,0,4,
1784264456.295153,1784264456.304202,decode,4,0,2480,0.0098,0,4,
1784264456.304202,1784264456.313089,decode,4,0,2480,0.0098,0,4,
1784264456.313089,1784264456.322409,decode,4,0,2480,0.0098,0,4,
1784264456.322409,1784264456.331554,decode,4,0,2480,0.0098,0,4,
1784264456.331554,1784264456.340498,decode,4,0,2496,0.0098,0,4,
1784264456.340498,1784264456.349526,decode,4,0,2544,0.0100,0,4,
1784264456.349526,1784264456.358522,decode,4,0,2544,0.0100,0,4,
1784264456.358522,1784264456.368086,decode,4,0,2544,0.0100,0,4,
1784264456.368086,1784264456.377237,decode,4,0,2544,0.0100,0,4,
1784264456.377237,1784264456.386250,decode,4,0,2544,0.0100,0,4,
1784264456.386250,1784264456.395236,decode,4,0,2544,0.0100,0,4,
1784264456.395236,1784264456.404117,decode,4,0,2544,0.0100,0,4,
1784264456.404117,1784264456.413340,decode,4,0,2544,0.0100,0,4,
1784264456.413340,1784264456.422287,decode,4,0,2544,0.0100,0,4,
1784264456.422287,1784264456.431370,decode,4,0,2544,0.0100,0,4,
1784264456.431370,1784264456.440422,decode,4,0,2544,0.0100,0,4,
1784264456.440422,1784264456.449533,decode,4,0,2544,0.0100,0,4,
1784264456.449533,1784264456.458660,decode,4,0,2544,0.0100,0,4,
1784264456.458660,1784264456.467703,decode,4,0,2544,0.0100,0,4,
1784264456.467703,1784264456.476762,decode,4,0,2544,0.0100,0,4,
1784264456.476762,1784264456.485794,decode,4,0,2560,0.0101,0,4,
1784264456.485794,1784264456.494787,decode,4,0,2608,0.0103,0,4,
1784264456.494787,1784264456.503793,decode,4,0,2608,0.0103,0,4,
1784264456.503793,1784264456.512824,decode,4,0,2608,0.0103,0,4,
1784264456.512824,1784264456.521773,decode,4,0,2608,0.0103,0,4,
1784264456.521773,1784264456.530865,decode,4,0,2608,0.0103,0,4,
1784264456.530865,1784264456.539760,decode,4,0,2608,0.0103,0,4,
1784264456.539760,1784264456.549012,decode,4,0,2608,0.0103,0,4,
1784264456.549012,1784264456.558096,decode,4,0,2608,0.0103,0,4,
1784264456.558096,1784264456.567121,decode,4,0,2608,0.0103,0,4,
1784264456.567121,1784264456.576273,decode,4,0,2608,0.0103,0,4,
1784264456.576273,1784264456.585404,decode,4,0,2608,0.0103,0,4,
1784264456.585404,1784264456.594404,decode,4,0,2608,0.0103,0,4,
1784264456.594404,1784264456.603387,decode,4,0,2608,0.0103,0,4,
1784264456.603387,1784264456.612561,decode,3,0,2464,0.0097,0,4,
1784264456.612561,1784264456.623384,decode,0,0,0,0.0000,0,3,
1784264456.623384,1784264456.623459,idle,0,0,0,0.0000,,,
1784264456.623459,1784264456.643485,mixed,1,0,2048,0.0081,2048,1,
1784264456.643485,1784264456.653396,mixed,4,0,2112,0.0083,6144,4,
1784264456.653396,1784264456.662327,decode,4,0,2160,0.0085,0,4,
1784264456.662327,1784264456.671501,decode,4,0,2160,0.0085,0,4,
1784264456.671501,1784264456.680453,decode,4,0,2160,0.0085,0,4,
1784264456.680453,1784264456.689392,decode,4,0,2160,0.0085,0,4,
1784264456.689392,1784264456.698359,decode,4,0,2160,0.0085,0,4,
1784264456.698359,1784264456.707469,decode,4,0,2160,0.0085,0,4,
1784264456.707469,1784264456.716401,decode,4,0,2160,0.0085,0,4,
1784264456.716401,1784264456.725400,decode,4,0,2160,0.0085,0,4,
1784264456.725400,1784264456.734368,decode,4,0,2160,0.0085,0,4,
1784264456.734368,1784264456.743399,decode,4,0,2160,0.0085,0,4,
1784264456.743399,1784264456.752356,decode,4,0,2160,0.0085,0,4,
1784264456.752356,1784264456.761312,decode,4,0,2160,0.0085,0,4,
1784264456.761312,1784264456.770232,decode,4,0,2160,0.0085,0,4,
1784264456.770232,1784264456.779387,decode,4,0,2160,0.0085,0,4,
1784264456.779387,1784264456.788408,decode,4,0,2160,0.0085,0,4,
1784264456.788408,1784264456.797482,decode,4,0,2176,0.0086,0,4,
1784264456.797482,1784264456.806410,decode,4,0,2224,0.0087,0,4,
1784264456.806410,1784264456.815392,decode,4,0,2224,0.0087,0,4,
1784264456.815392,1784264456.824399,decode,4,0,2224,0.0087,0,4,
1784264456.824399,1784264456.833342,decode,4,0,2224,0.0087,0,4,
1784264456.833342,1784264456.842351,decode,4,0,2224,0.0087,0,4,
1784264456.842351,1784264456.851344,decode,4,0,2224,0.0087,0,4,
1784264456.851344,1784264456.860660,decode,4,0,2224,0.0087,0,4,
1784264456.860660,1784264456.869609,decode,4,0,2224,0.0087,0,4,
1784264456.869609,1784264456.878518,decode,4,0,2224,0.0087,0,4,
1784264456.878518,1784264456.887510,decode,4,0,2224,0.0087,0,4,
1784264456.887510,1784264456.896470,decode,4,0,2224,0.0087,0,4,
1784264456.896470,1784264456.905437,decode,4,0,2224,0.0087,0,4,
1784264456.905437,1784264456.914505,decode,4,0,2224,0.0087,0,4,
1784264456.914505,1784264456.923472,decode,4,0,2224,0.0087,0,4,
1784264456.923472,1784264456.932470,decode,4,0,2224,0.0087,0,4,
1784264456.932470,1784264456.941501,decode,4,0,2240,0.0088,0,4,
1784264456.941501,1784264456.950471,decode,4,0,2288,0.0090,0,4,
1784264456.950471,1784264456.959555,decode,4,0,2288,0.0090,0,4,
1784264456.959555,1784264456.968488,decode,4,0,2288,0.0090,0,4,
1784264456.968488,1784264456.977463,decode,4,0,2288,0.0090,0,4,
1784264456.977463,1784264456.986464,decode,4,0,2288,0.0090,0,4,
1784264456.986464,1784264456.995721,decode,4,0,2288,0.0090,0,4,
1784264456.995721,1784264457.004593,decode,4,0,2288,0.0090,0,4,
1784264457.004593,1784264457.013726,decode,4,0,2288,0.0090,0,4,
1784264457.013726,1784264457.022653,decode,4,0,2288,0.0090,0,4,
1784264457.022653,1784264457.031626,decode,4,0,2288,0.0090,0,4,
1784264457.031626,1784264457.040592,decode,4,0,2288,0.0090,0,4,
1784264457.040592,1784264457.049614,decode,4,0,2288,0.0090,0,4,
1784264457.049614,1784264457.058624,decode,4,0,2288,0.0090,0,4,
1784264457.058624,1784264457.067653,decode,4,0,2288,0.0090,0,4,
1784264457.067653,1784264457.076687,decode,4,0,2288,0.0090,0,4,
1784264457.076687,1784264457.085730,decode,4,0,2304,0.0091,0,4,
1784264457.085730,1784264457.094694,decode,4,0,2352,0.0093,0,4,
1784264457.094694,1784264457.103697,decode,4,0,2352,0.0093,0,4,
1784264457.103697,1784264457.112649,decode,4,0,2352,0.0093,0,4,
1784264457.112649,1784264457.121661,decode,4,0,2352,0.0093,0,4,
1784264457.121661,1784264457.130630,decode,4,0,2352,0.0093,0,4,
1784264457.130630,1784264457.139733,decode,4,0,2352,0.0093,0,4,
1784264457.139733,1784264457.148661,decode,4,0,2352,0.0093,0,4,
1784264457.148661,1784264457.158085,decode,4,0,2352,0.0093,0,4,
1784264457.158085,1784264457.167104,decode,4,0,2352,0.0093,0,4,
1784264457.167104,1784264457.176126,decode,4,0,2352,0.0093,0,4,
1784264457.176126,1784264457.185651,decode,4,0,2352,0.0093,0,4,
1784264457.185651,1784264457.194544,decode,4,0,2352,0.0093,0,4,
1784264457.194544,1784264457.203505,decode,4,0,2352,0.0093,0,4,
1784264457.203505,1784264457.212518,decode,4,0,2352,0.0093,0,4,
1784264457.212518,1784264457.221718,decode,4,0,2352,0.0093,0,4,
1784264457.221718,1784264457.230804,decode,4,0,2368,0.0093,0,4,
1784264457.230804,1784264457.240054,decode,4,0,2416,0.0095,0,4,
1784264457.240054,1784264457.248783,decode,4,0,2416,0.0095,0,4,
1784264457.248783,1784264457.257674,decode,4,0,2416,0.0095,0,4,
1784264457.257674,1784264457.266828,decode,4,0,2416,0.0095,0,4,
1784264457.266828,1784264457.275958,decode,4,0,2416,0.0095,0,4,
1784264457.275958,1784264457.285182,decode,4,0,2416,0.0095,0,4,
1784264457.285182,1784264457.294109,decode,4,0,2416,0.0095,0,4,
1784264457.294109,1784264457.303089,decode,4,0,2416,0.0095,0,4,
1784264457.303089,1784264457.312139,decode,4,0,2416,0.0095,0,4,
1784264457.312139,1784264457.321083,decode,4,0,2416,0.0095,0,4,
1784264457.321083,1784264457.330130,decode,4,0,2416,0.0095,0,4,
1784264457.330130,1784264457.339021,decode,4,0,2416,0.0095,0,4,
1784264457.339021,1784264457.348286,decode,4,0,2416,0.0095,0,4,
1784264457.348286,1784264457.357302,decode,4,0,2416,0.0095,0,4,
1784264457.357302,1784264457.366407,decode,4,0,2416,0.0095,0,4,
1784264457.366407,1784264457.375690,decode,4,0,2432,0.0096,0,4,
1784264457.375690,1784264457.384645,decode,4,0,2480,0.0098,0,4,
1784264457.384645,1784264457.393822,decode,4,0,2480,0.0098,0,4,
1784264457.393822,1784264457.402883,decode,4,0,2480,0.0098,0,4,
1784264457.402883,1784264457.412001,decode,4,0,2480,0.0098,0,4,
1784264457.412001,1784264457.420944,decode,4,0,2480,0.0098,0,4,
1784264457.420944,1784264457.430018,decode,4,0,2480,0.0098,0,4,
1784264457.430018,1784264457.438861,decode,4,0,2480,0.0098,0,4,
1784264457.438861,1784264457.447888,decode,4,0,2480,0.0098,0,4,
1784264457.447888,1784264457.456873,decode,4,0,2480,0.0098,0,4,
1784264457.456873,1784264457.465863,decode,4,0,2480,0.0098,0,4,
1784264457.465863,1784264457.474865,decode,4,0,2480,0.0098,0,4,
1784264457.474865,1784264457.483865,decode,4,0,2480,0.0098,0,4,
1784264457.483865,1784264457.492900,decode,4,0,2480,0.0098,0,4,
1784264457.492900,1784264457.501887,decode,4,0,2480,0.0098,0,4,
1784264457.501887,1784264457.510955,decode,4,0,2480,0.0098,0,4,
1784264457.510955,1784264457.519943,decode,4,0,2496,0.0098,0,4,
1784264457.519943,1784264457.529069,decode,4,0,2544,0.0100,0,4,
1784264457.529069,1784264457.537983,decode,4,0,2544,0.0100,0,4,
1784264457.537983,1784264457.546977,decode,4,0,2544,0.0100,0,4,
1784264457.546977,1784264457.556207,decode,4,0,2544,0.0100,0,4,
1784264457.556207,1784264457.565086,decode,4,0,2544,0.0100,0,4,
1784264457.565086,1784264457.574228,decode,4,0,2544,0.0100,0,4,
1784264457.574228,1784264457.583165,decode,4,0,2544,0.0100,0,4,
1784264457.583165,1784264457.592150,decode,4,0,2544,0.0100,0,4,
1784264457.592150,1784264457.601290,decode,4,0,2544,0.0100,0,4,
1784264457.601290,1784264457.610484,decode,4,0,2544,0.0100,0,4,
1784264457.610484,1784264457.619362,decode,4,0,2544,0.0100,0,4,
1784264457.619362,1784264457.628361,decode,4,0,2544,0.0100,0,4,
1784264457.628361,1784264457.637356,decode,4,0,2544,0.0100,0,4,
1784264457.637356,1784264457.646597,decode,4,0,2544,0.0100,0,4,
1784264457.646597,1784264457.655628,decode,4,0,2544,0.0100,0,4,
1784264457.655628,1784264457.664732,decode,4,0,2560,0.0101,0,4,
1784264457.664732,1784264457.673846,decode,4,0,2608,0.0103,0,4,
1784264457.673846,1784264457.682901,decode,4,0,2608,0.0103,0,4,
1784264457.682901,1784264457.691957,decode,4,0,2608,0.0103,0,4,
1784264457.691957,1784264457.700828,decode,4,0,2608,0.0103,0,4,
1784264457.700828,1784264457.709968,decode,4,0,2608,0.0103,0,4,
1784264457.709968,1784264457.718986,decode,4,0,2608,0.0103,0,4,
1784264457.718986,1784264457.727995,decode,4,0,2608,0.0103,0,4,
1784264457.727995,1784264457.737054,decode,4,0,2608,0.0103,0,4,
1784264457.737054,1784264457.746082,decode,4,0,2608,0.0103,0,4,
1784264457.746082,1784264457.755085,decode,4,0,2608,0.0103,0,4,
1784264457.755085,1784264457.764106,decode,4,0,2608,0.0103,0,4,
1784264457.764106,1784264457.773160,decode,4,0,2608,0.0103,0,4,
1784264457.773160,1784264457.782268,decode,4,0,2608,0.0103,0,4,
1784264457.782268,1784264457.791332,decode,3,0,2464,0.0097,0,4,
1784264457.791332,1784264457.801351,decode,0,0,0,0.0000,0,3,
1784264457.801351,1784264457.812944,mixed,1,0,2048,0.0081,2048,1,
1784264457.812944,1784264457.822891,mixed,4,0,2112,0.0083,6144,4,
1784264457.822891,1784264457.831951,decode,4,0,2160,0.0085,0,4,
1784264457.831951,1784264457.840882,decode,4,0,2160,0.0085,0,4,
1784264457.840882,1784264457.849853,decode,4,0,2160,0.0085,0,4,
1784264457.849853,1784264457.859164,decode,4,0,2160,0.0085,0,4,
1784264457.859164,1784264457.868389,decode,4,0,2160,0.0085,0,4,
1784264457.868389,1784264457.877361,decode,4,0,2160,0.0085,0,4,
1784264457.877361,1784264457.886320,decode,4,0,2160,0.0085,0,4,
1784264457.886320,1784264457.895478,decode,4,0,2160,0.0085,0,4,
1784264457.895478,1784264457.904372,decode,4,0,2160,0.0085,0,4,
1784264457.904372,1784264457.913469,decode,4,0,2160,0.0085,0,4,
1784264457.913469,1784264457.922522,decode,4,0,2160,0.0085,0,4,
1784264457.922522,1784264457.931628,decode,4,0,2160,0.0085,0,4,
1784264457.931628,1784264457.940877,decode,4,0,2160,0.0085,0,4,
1784264457.940877,1784264457.950627,decode,4,0,2160,0.0085,0,4,
1784264457.950627,1784264457.959556,decode,4,0,2160,0.0085,0,4,
1784264457.959556,1784264457.968574,decode,4,0,2176,0.0086,0,4,
1784264457.968574,1784264457.977720,decode,4,0,2224,0.0087,0,4,
1784264457.977720,1784264457.986828,decode,4,0,2224,0.0087,0,4,
1784264457.986828,1784264457.995696,decode,4,0,2224,0.0087,0,4,
1784264457.995696,1784264458.004642,decode,4,0,2224,0.0087,0,4,
1784264458.004642,1784264458.013609,decode,4,0,2224,0.0087,0,4,
1784264458.013609,1784264458.022592,decode,4,0,2224,0.0087,0,4,
1784264458.022592,1784264458.031654,decode,4,0,2224,0.0087,0,4,
1784264458.031654,1784264458.040605,decode,4,0,2224,0.0087,0,4,
1784264458.040605,1784264458.049598,decode,4,0,2224,0.0087,0,4,
1784264458.049598,1784264458.058537,decode,4,0,2224,0.0087,0,4,
1784264458.058537,1784264458.067513,decode,4,0,2224,0.0087,0,4,
1784264458.067513,1784264458.076504,decode,4,0,2224,0.0087,0,4,
1784264458.076504,1784264458.085505,decode,4,0,2224,0.0087,0,4,
1784264458.085505,1784264458.094635,decode,4,0,2224,0.0087,0,4,
1784264458.094635,1784264458.103448,decode,4,0,2224,0.0087,0,4,
1784264458.103448,1784264458.112819,decode,4,0,2240,0.0088,0,4,
1784264458.112819,1784264458.121813,decode,4,0,2288,0.0090,0,4,
1784264458.121813,1784264458.130813,decode,4,0,2288,0.0090,0,4,
1784264458.130813,1784264458.139820,decode,4,0,2288,0.0090,0,4,
1784264458.139820,1784264458.148751,decode,4,0,2288,0.0090,0,4,
1784264458.148751,1784264458.157755,decode,4,0,2288,0.0090,0,4,
1784264458.157755,1784264458.166727,decode,4,0,2288,0.0090,0,4,
1784264458.166727,1784264458.175719,decode,4,0,2288,0.0090,0,4,
1784264458.175719,1784264458.184706,decode,4,0,2288,0.0090,0,4,
1784264458.184706,1784264458.193733,decode,4,0,2288,0.0090,0,4,
1784264458.193733,1784264458.202721,decode,4,0,2288,0.0090,0,4,
1784264458.202721,1784264458.211856,decode,4,0,2288,0.0090,0,4,
1784264458.211856,1784264458.220797,decode,4,0,2288,0.0090,0,4,
1784264458.220797,1784264458.230151,decode,4,0,2288,0.0090,0,4,
1784264458.230151,1784264458.238894,decode,4,0,2288,0.0090,0,4,
1784264458.238894,1784264458.247958,decode,4,0,2288,0.0090,0,4,
1784264458.247958,1784264458.257072,decode,4,0,2304,0.0091,0,4,
1784264458.257072,1784264458.266079,decode,4,0,2352,0.0093,0,4,
1784264458.266079,1784264458.275214,decode,4,0,2352,0.0093,0,4,
1784264458.275214,1784264458.284176,decode,4,0,2352,0.0093,0,4,
1784264458.284176,1784264458.293175,decode,4,0,2352,0.0093,0,4,
1784264458.293175,1784264458.302414,decode,4,0,2352,0.0093,0,4,
1784264458.302414,1784264458.311518,decode,4,0,2352,0.0093,0,4,
1784264458.311518,1784264458.320800,decode,4,0,2352,0.0093,0,4,
1784264458.320800,1784264458.329844,decode,4,0,2352,0.0093,0,4,
1784264458.329844,1784264458.338990,decode,4,0,2352,0.0093,0,4,
1784264458.338990,1784264458.348389,decode,4,0,2352,0.0093,0,4,
1784264458.348389,1784264458.357585,decode,4,0,2352,0.0093,0,4,
1784264458.357585,1784264458.366589,decode,4,0,2352,0.0093,0,4,
1784264458.366589,1784264458.375508,decode,4,0,2352,0.0093,0,4,
1784264458.375508,1784264458.384630,decode,4,0,2352,0.0093,0,4,
1784264458.384630,1784264458.393702,decode,4,0,2352,0.0093,0,4,
1784264458.393702,1784264458.402773,decode,4,0,2368,0.0093,0,4,
1784264458.402773,1784264458.411767,decode,4,0,2416,0.0095,0,4,
1784264458.411767,1784264458.420736,decode,4,0,2416,0.0095,0,4,
1784264458.420736,1784264458.429735,decode,4,0,2416,0.0095,0,4,
1784264458.429735,1784264458.438716,decode,4,0,2416,0.0095,0,4,
1784264458.438716,1784264458.447735,decode,4,0,2416,0.0095,0,4,
1784264458.447735,1784264458.456708,decode,4,0,2416,0.0095,0,4,
1784264458.456708,1784264458.465666,decode,4,0,2416,0.0095,0,4,
1784264458.465666,1784264458.474714,decode,4,0,2416,0.0095,0,4,
1784264458.474714,1784264458.483656,decode,4,0,2416,0.0095,0,4,
1784264458.483656,1784264458.492658,decode,4,0,2416,0.0095,0,4,
1784264458.492658,1784264458.501650,decode,4,0,2416,0.0095,0,4,
1784264458.501650,1784264458.510641,decode,4,0,2416,0.0095,0,4,
1784264458.510641,1784264458.519631,decode,4,0,2416,0.0095,0,4,
1784264458.519631,1784264458.528630,decode,4,0,2416,0.0095,0,4,
1784264458.528630,1784264458.537673,decode,4,0,2416,0.0095,0,4,
1784264458.537673,1784264458.546586,decode,4,0,2432,0.0096,0,4,
1784264458.546586,1784264458.555715,decode,4,0,2480,0.0098,0,4,
1784264458.555715,1784264458.564700,decode,4,0,2480,0.0098,0,4,
1784264458.564700,1784264458.573693,decode,4,0,2480,0.0098,0,4,
1784264458.573693,1784264458.582692,decode,4,0,2480,0.0098,0,4,
1784264458.582692,1784264458.591739,decode,4,0,2480,0.0098,0,4,
1784264458.591739,1784264458.600661,decode,4,0,2480,0.0098,0,4,
1784264458.600661,1784264458.609636,decode,4,0,2480,0.0098,0,4,
1784264458.609636,1784264458.618630,decode,4,0,2480,0.0098,0,4,
1784264458.618630,1784264458.627497,decode,4,0,2480,0.0098,0,4,
1784264458.627497,1784264458.636842,decode,4,0,2480,0.0098,0,4,
1784264458.636842,1784264458.645826,decode,4,0,2480,0.0098,0,4,
1784264458.645826,1784264458.654806,decode,4,0,2480,0.0098,0,4,
1784264458.654806,1784264458.663814,decode,4,0,2480,0.0098,0,4,
1784264458.663814,1784264458.672835,decode,4,0,2480,0.0098,0,4,
1784264458.672835,1784264458.681864,decode,4,0,2480,0.0098,0,4,
1784264458.681864,1784264458.690942,decode,4,0,2496,0.0098,0,4,
1784264458.690942,1784264458.699779,decode,4,0,2544,0.0100,0,4,
1784264458.699779,1784264458.708933,decode,4,0,2544,0.0100,0,4,
1784264458.708933,1784264458.717886,decode,4,0,2544,0.0100,0,4,
1784264458.717886,1784264458.726850,decode,4,0,2544,0.0100,0,4,
1784264458.726850,1784264458.735849,decode,4,0,2544,0.0100,0,4,
1784264458.735849,1784264458.744851,decode,4,0,2544,0.0100,0,4,
1784264458.744851,1784264458.753841,decode,4,0,2544,0.0100,0,4,
1784264458.753841,1784264458.762869,decode,4,0,2544,0.0100,0,4,
1784264458.762869,1784264458.771946,decode,4,0,2544,0.0100,0,4,
1784264458.771946,1784264458.780926,decode,4,0,2544,0.0100,0,4,
1784264458.780926,1784264458.789959,decode,4,0,2544,0.0100,0,4,
1784264458.789959,1784264458.798988,decode,4,0,2544,0.0100,0,4,
1784264458.798988,1784264458.807907,decode,4,0,2544,0.0100,0,4,
1784264458.807907,1784264458.816922,decode,4,0,2544,0.0100,0,4,
1784264458.816922,1784264458.825953,decode,4,0,2544,0.0100,0,4,
1784264458.825953,1784264458.835067,decode,4,0,2560,0.0101,0,4,
1784264458.835067,1784264458.844068,decode,4,0,2608,0.0103,0,4,
1784264458.844068,1784264458.853063,decode,4,0,2608,0.0103,0,4,
1784264458.853063,1784264458.862065,decode,4,0,2608,0.0103,0,4,
1784264458.862065,1784264458.871086,decode,4,0,2608,0.0103,0,4,
1784264458.871086,1784264458.880264,decode,4,0,2608,0.0103,0,4,
1784264458.880264,1784264458.889015,decode,4,0,2608,0.0103,0,4,
1784264458.889015,1784264458.898184,decode,4,0,2608,0.0103,0,4,
1784264458.898184,1784264458.907170,decode,4,0,2608,0.0103,0,4,
1784264458.907170,1784264458.916160,decode,4,0,2608,0.0103,0,4,
1784264458.916160,1784264458.925173,decode,4,0,2608,0.0103,0,4,
1784264458.925173,1784264458.934799,decode,4,0,2608,0.0103,0,4,
1784264458.934799,1784264458.943534,decode,4,0,2608,0.0103,0,4,
1784264458.943534,1784264458.952598,decode,4,0,2608,0.0103,0,4,
1784264458.952598,1784264458.961827,decode,3,0,2464,0.0097,0,4,
1784264458.961827,1784264458.971879,decode,0,0,0,0.0000,0,3,
1784264458.971879,1784264458.982563,mixed,1,0,2048,0.0081,2048,1,
1784264458.982563,1784264458.992405,mixed,4,0,2112,0.0083,6144,4,
1784264458.992405,1784264459.001427,decode,4,0,2160,0.0085,0,4,
1784264459.001427,1784264459.010058,decode,4,0,2160,0.0085,0,4,
1784264459.010058,1784264459.019399,decode,4,0,2160,0.0085,0,4,
1784264459.019399,1784264459.028357,decode,4,0,2160,0.0085,0,4,
1784264459.028357,1784264459.037410,decode,4,0,2160,0.0085,0,4,
1784264459.037410,1784264459.046450,decode,4,0,2160,0.0085,0,4,
1784264459.046450,1784264459.055448,decode,4,0,2160,0.0085,0,4,
1784264459.055448,1784264459.064440,decode,4,0,2160,0.0085,0,4,
1784264459.064440,1784264459.073410,decode,4,0,2160,0.0085,0,4,
1784264459.073410,1784264459.082381,decode,4,0,2160,0.0085,0,4,
1784264459.082381,1784264459.091371,decode,4,0,2160,0.0085,0,4,
1784264459.091371,1784264459.100245,decode,4,0,2160,0.0085,0,4,
1784264459.100245,1784264459.109329,decode,4,0,2160,0.0085,0,4,
1784264459.109329,1784264459.118299,decode,4,0,2160,0.0085,0,4,
1784264459.118299,1784264459.127364,decode,4,0,2160,0.0085,0,4,
1784264459.127364,1784264459.136292,decode,4,0,2176,0.0086,0,4,
1784264459.136292,1784264459.145281,decode,4,0,2224,0.0087,0,4,
1784264459.145281,1784264459.154212,decode,4,0,2224,0.0087,0,4,
1784264459.154212,1784264459.163170,decode,4,0,2224,0.0087,0,4,
1784264459.163170,1784264459.172151,decode,4,0,2224,0.0087,0,4,
1784264459.172151,1784264459.181069,decode,4,0,2224,0.0087,0,4,
1784264459.181069,1784264459.190361,decode,4,0,2224,0.0087,0,4,
1784264459.190361,1784264459.199199,decode,4,0,2224,0.0087,0,4,
1784264459.199199,1784264459.208156,decode,4,0,2224,0.0087,0,4,
1784264459.208156,1784264459.217125,decode,4,0,2224,0.0087,0,4,
1784264459.217125,1784264459.226102,decode,4,0,2224,0.0087,0,4,
1784264459.226102,1784264459.235030,decode,4,0,2224,0.0087,0,4,
1784264459.235030,1784264459.244012,decode,4,0,2224,0.0087,0,4,
1784264459.244012,1784264459.253003,decode,4,0,2224,0.0087,0,4,
1784264459.253003,1784264459.261825,decode,4,0,2224,0.0087,0,4,
1784264459.261825,1784264459.270997,decode,4,0,2224,0.0087,0,4,
1784264459.270997,1784264459.280169,decode,4,0,2240,0.0088,0,4,
1784264459.280169,1784264459.289023,decode,4,0,2288,0.0090,0,4,
1784264459.289023,1784264459.298038,decode,4,0,2288,0.0090,0,4,
1784264459.298038,1784264459.306949,decode,4,0,2288,0.0090,0,4,
1784264459.306949,1784264459.315982,decode,4,0,2288,0.0090,0,4,
1784264459.315982,1784264459.325061,decode,4,0,2288,0.0090,0,4,
1784264459.325061,1784264459.334436,decode,4,0,2288,0.0090,0,4,
1784264459.334436,1784264459.343202,decode,4,0,2288,0.0090,0,4,
1784264459.343202,1784264459.352126,decode,4,0,2288,0.0090,0,4,
1784264459.352126,1784264459.361060,decode,4,0,2288,0.0090,0,4,
1784264459.361060,1784264459.370652,decode,4,0,2288,0.0090,0,4,
1784264459.370652,1784264459.379643,decode,4,0,2288,0.0090,0,4,
1784264459.379643,1784264459.388516,decode,4,0,2288,0.0090,0,4,
1784264459.388516,1784264459.397794,decode,4,0,2288,0.0090,0,4,
1784264459.397794,1784264459.406808,decode,4,0,2288,0.0090,0,4,
1784264459.406808,1784264459.416117,decode,4,0,2288,0.0090,0,4,
1784264459.416117,1784264459.424784,decode,4,0,2304,0.0091,0,4,
1784264459.424784,1784264459.434131,decode,4,0,2352,0.0093,0,4,
1784264459.434131,1784264459.443115,decode,4,0,2352,0.0093,0,4,
1784264459.443115,1784264459.452156,decode,4,0,2352,0.0093,0,4,
1784264459.452156,1784264459.461241,decode,4,0,2352,0.0093,0,4,
1784264459.461241,1784264459.470492,decode,4,0,2352,0.0093,0,4,
1784264459.470492,1784264459.479357,decode,4,0,2352,0.0093,0,4,
1784264459.479357,1784264459.488567,decode,4,0,2352,0.0093,0,4,
1784264459.488567,1784264459.497382,decode,4,0,2352,0.0093,0,4,
1784264459.497382,1784264459.506221,decode,4,0,2352,0.0093,0,4,
1784264459.506221,1784264459.515597,decode,4,0,2352,0.0093,0,4,
1784264459.515597,1784264459.524561,decode,4,0,2352,0.0093,0,4,
1784264459.524561,1784264459.533251,decode,4,0,2352,0.0093,0,4,
1784264459.533251,1784264459.542262,decode,4,0,2352,0.0093,0,4,
1784264459.542262,1784264459.551209,decode,4,0,2352,0.0093,0,4,
1784264459.551209,1784264459.560698,decode,4,0,2352,0.0093,0,4,
1784264459.560698,1784264459.569733,decode,4,0,2368,0.0093,0,4,
1784264459.569733,1784264459.578753,decode,4,0,2416,0.0095,0,4,
1784264459.578753,1784264459.587338,decode,4,0,2416,0.0095,0,4,
1784264459.587338,1784264459.596764,decode,4,0,2416,0.0095,0,4,
1784264459.596764,1784264459.605742,decode,4,0,2416,0.0095,0,4,
1784264459.605742,1784264459.614732,decode,4,0,2416,0.0095,0,4,
1784264459.614732,1784264459.623755,decode,4,0,2416,0.0095,0,4,
1784264459.623755,1784264459.632769,decode,4,0,2416,0.0095,0,4,
1784264459.632769,1784264459.642221,decode,4,0,2416,0.0095,0,4,
1784264459.642221,1784264459.650936,decode,4,0,2416,0.0095,0,4,
1784264459.650936,1784264459.659966,decode,4,0,2416,0.0095,0,4,
1784264459.659966,1784264459.668947,decode,4,0,2416,0.0095,0,4,
1784264459.668947,1784264459.677963,decode,4,0,2416,0.0095,0,4,
1784264459.677963,1784264459.687057,decode,4,0,2416,0.0095,0,4,
1784264459.687057,1784264459.696154,decode,4,0,2416,0.0095,0,4,
1784264459.696154,1784264459.705041,decode,4,0,2416,0.0095,0,4,
1784264459.705041,1784264459.714188,decode,4,0,2432,0.0096,0,4,
1784264459.714188,1784264459.723320,decode,4,0,2480,0.0098,0,4,
1784264459.723320,1784264459.732787,decode,4,0,2480,0.0098,0,4,
1784264459.732787,1784264459.742049,decode,4,0,2480,0.0098,0,4,
1784264459.742049,1784264459.751038,decode,4,0,2480,0.0098,0,4,
1784264459.751038,1784264459.760126,decode,4,0,2480,0.0098,0,4,
1784264459.760126,1784264459.769110,decode,4,0,2480,0.0098,0,4,
1784264459.769110,1784264459.778260,decode,4,0,2480,0.0098,0,4,
1784264459.778260,1784264459.787478,decode,4,0,2480,0.0098,0,4,
1784264459.787478,1784264459.796333,decode,4,0,2480,0.0098,0,4,
1784264459.796333,1784264459.805497,decode,4,0,2480,0.0098,0,4,
1784264459.805497,1784264459.814549,decode,4,0,2480,0.0098,0,4,
1784264459.814549,1784264459.823591,decode,4,0,2480,0.0098,0,4,
1784264459.823591,1784264459.832609,decode,4,0,2480,0.0098,0,4,
1784264459.832609,1784264459.841618,decode,4,0,2480,0.0098,0,4,
1784264459.841618,1784264459.850659,decode,4,0,2480,0.0098,0,4,
1784264459.850659,1784264459.859701,decode,4,0,2496,0.0098,0,4,
1784264459.859701,1784264459.868760,decode,4,0,2544,0.0100,0,4,
1784264459.868760,1784264459.877823,decode,4,0,2544,0.0100,0,4,
1784264459.877823,1784264459.887135,decode,4,0,2544,0.0100,0,4,
1784264459.887135,1784264459.896037,decode,4,0,2544,0.0100,0,4,
1784264459.896037,1784264459.905104,decode,4,0,2544,0.0100,0,4,
1784264459.905104,1784264459.914168,decode,4,0,2544,0.0100,0,4,
1784264459.914168,1784264459.923391,decode,4,0,2544,0.0100,0,4,
1784264459.923391,1784264459.932553,decode,4,0,2544,0.0100,0,4,
1784264459.932553,1784264459.941549,decode,4,0,2544,0.0100,0,4,
1784264459.941549,1784264459.950354,decode,4,0,2544,0.0100,0,4,
1784264459.950354,1784264459.959691,decode,4,0,2544,0.0100,0,4,
1784264459.959691,1784264459.968538,decode,4,0,2544,0.0100,0,4,
1784264459.968538,1784264459.977511,decode,4,0,2544,0.0100,0,4,
1784264459.977511,1784264459.986401,decode,4,0,2544,0.0100,0,4,
1784264459.986401,1784264459.995492,decode,4,0,2544,0.0100,0,4,
1784264459.995492,1784264460.004556,decode,4,0,2560,0.0101,0,4,
1784264460.004556,1784264460.013675,decode,4,0,2608,0.0103,0,4,
1784264460.013675,1784264460.023060,decode,4,0,2608,0.0103,0,4,
1784264460.023060,1784264460.032480,decode,4,0,2608,0.0103,0,4,
1784264460.032480,1784264460.041401,decode,4,0,2608,0.0103,0,4,
1784264460.041401,1784264460.049971,decode,4,0,2608,0.0103,0,4,
1784264460.049971,1784264460.059339,decode,4,0,2608,0.0103,0,4,
1784264460.059339,1784264460.068294,decode,4,0,2608,0.0103,0,4,
1784264460.068294,1784264460.077242,decode,4,0,2608,0.0103,0,4,
1784264460.077242,1784264460.086233,decode,4,0,2608,0.0103,0,4,
1784264460.086233,1784264460.095401,decode,4,0,2608,0.0103,0,4,
1784264460.095401,1784264460.104105,decode,4,0,2608,0.0103,0,4,
1784264460.104105,1784264460.113492,decode,4,0,2608,0.0103,0,4,
1784264460.113492,1784264460.122241,decode,4,0,2608,0.0103,0,4,
1784264460.122241,1784264460.131503,decode,3,0,2464,0.0097,0,4,
1784264460.131503,1784264460.141360,decode,0,0,0,0.0000,0,3,
1784264460.141360,1784264460.152536,mixed,1,0,2048,0.0081,2048,1,
1784264460.152536,1784264460.162660,mixed,4,0,2112,0.0083,6144,4,
1784264460.162660,1784264460.171634,decode,4,0,2160,0.0085,0,4,
1784264460.171634,1784264460.180523,decode,4,0,2160,0.0085,0,4,
1784264460.180523,1784264460.189263,decode,4,0,2160,0.0085,0,4,
1784264460.189263,1784264460.198148,decode,4,0,2160,0.0085,0,4,
1784264460.198148,1784264460.207117,decode,4,0,2160,0.0085,0,4,
1784264460.207117,1784264460.216158,decode,4,0,2160,0.0085,0,4,
1784264460.216158,1784264460.225109,decode,4,0,2160,0.0085,0,4,
1784264460.225109,1784264460.234549,decode,4,0,2160,0.0085,0,4,
1784264460.234549,1784264460.243256,decode,4,0,2160,0.0085,0,4,
1784264460.243256,1784264460.252412,decode,4,0,2160,0.0085,0,4,
1784264460.252412,1784264460.261577,decode,4,0,2160,0.0085,0,4,
1784264460.261577,1784264460.270470,decode,4,0,2160,0.0085,0,4,
1784264460.270470,1784264460.279068,decode,4,0,2160,0.0085,0,4,
1784264460.279068,1784264460.288039,decode,4,0,2160,0.0085,0,4,
1784264460.288039,1784264460.297083,decode,4,0,2160,0.0085,0,4,
1784264460.297083,1784264460.306175,decode,4,0,2176,0.0086,0,4,
1784264460.306175,1784264460.315389,decode,4,0,2224,0.0087,0,4,
1784264460.315389,1784264460.324065,decode,4,0,2224,0.0087,0,4,
1784264460.324065,1784264460.333315,decode,4,0,2224,0.0087,0,4,
1784264460.333315,1784264460.342300,decode,4,0,2224,0.0087,0,4,
1784264460.342300,1784264460.351353,decode,4,0,2224,0.0087,0,4,
1784264460.351353,1784264460.360587,decode,4,0,2224,0.0087,0,4,
1784264460.360587,1784264460.369336,decode,4,0,2224,0.0087,0,4,
1784264460.369336,1784264460.378582,decode,4,0,2224,0.0087,0,4,
1784264460.378582,1784264460.387534,decode,4,0,2224,0.0087,0,4,
1784264460.387534,1784264460.396523,decode,4,0,2224,0.0087,0,4,
1784264460.396523,1784264460.405664,decode,4,0,2224,0.0087,0,4,
1784264460.405664,1784264460.414247,decode,4,0,2224,0.0087,0,4,
1784264460.414247,1784264460.423565,decode,4,0,2224,0.0087,0,4,
1784264460.423565,1784264460.432577,decode,4,0,2224,0.0087,0,4,
1784264460.432577,1784264460.441504,decode,4,0,2224,0.0087,0,4,
1784264460.441504,1784264460.450187,decode,4,0,2240,0.0088,0,4,
1784264460.450187,1784264460.460307,decode,4,0,2288,0.0090,0,4,
1784264460.460307,1784264460.468880,decode,4,0,2288,0.0090,0,4,
1784264460.468880,1784264460.478113,decode,4,0,2288,0.0090,0,4,
1784264460.478113,1784264460.487184,decode,4,0,2288,0.0090,0,4,
1784264460.487184,1784264460.496472,decode,4,0,2288,0.0090,0,4,
1784264460.496472,1784264460.505591,decode,4,0,2288,0.0090,0,4,
1784264460.505591,1784264460.514795,decode,4,0,2288,0.0090,0,4,
1784264460.514795,1784264460.523837,decode,4,0,2288,0.0090,0,4,
1784264460.523837,1784264460.533104,decode,4,0,2288,0.0090,0,4,
1784264460.533104,1784264460.542128,decode,4,0,2288,0.0090,0,4,
1784264460.542128,1784264460.551175,decode,4,0,2288,0.0090,0,4,
1784264460.551175,1784264460.560478,decode,4,0,2288,0.0090,0,4,
1784264460.560478,1784264460.570177,decode,4,0,2288,0.0090,0,4,
1784264460.570177,1784264460.578948,decode,4,0,2288,0.0090,0,4,
1784264460.578948,1784264460.588008,decode,4,0,2288,0.0090,0,4,
1784264460.588008,1784264460.597309,decode,4,0,2304,0.0091,0,4,
1784264460.597309,1784264460.606330,decode,4,0,2352,0.0093,0,4,
1784264460.606330,1784264460.615820,decode,4,0,2352,0.0093,0,4,
1784264460.615820,1784264460.625007,decode,4,0,2352,0.0093,0,4,
1784264460.625007,1784264460.634235,decode,4,0,2352,0.0093,0,4,
1784264460.634235,1784264460.643327,decode,4,0,2352,0.0093,0,4,
1784264460.643327,1784264460.652616,decode,4,0,2352,0.0093,0,4,
1784264460.652616,1784264460.661715,decode,4,0,2352,0.0093,0,4,
1784264460.661715,1784264460.670878,decode,4,0,2352,0.0093,0,4,
1784264460.670878,1784264460.680108,decode,4,0,2352,0.0093,0,4,
1784264460.680108,1784264460.689285,decode,4,0,2352,0.0093,0,4,
1784264460.689285,1784264460.698346,decode,4,0,2352,0.0093,0,4,
1784264460.698346,1784264460.707570,decode,4,0,2352,0.0093,0,4,
1784264460.707570,1784264460.716767,decode,4,0,2352,0.0093,0,4,
1784264460.716767,1784264460.725772,decode,4,0,2352,0.0093,0,4,
1784264460.725772,1784264460.735104,decode,4,0,2352,0.0093,0,4,
1784264460.735104,1784264460.744220,decode,4,0,2368,0.0093,0,4,
1784264460.744220,1784264460.753653,decode,4,0,2416,0.0095,0,4,
1784264460.753653,1784264460.762743,decode,4,0,2416,0.0095,0,4,
1784264460.762743,1784264460.771787,decode,4,0,2416,0.0095,0,4,
1784264460.771787,1784264460.780992,decode,4,0,2416,0.0095,0,4,
1784264460.780992,1784264460.790481,decode,4,0,2416,0.0095,0,4,
1784264460.790481,1784264460.799636,decode,4,0,2416,0.0095,0,4,
1784264460.799636,1784264460.809127,decode,4,0,2416,0.0095,0,4,
1784264460.809127,1784264460.818418,decode,4,0,2416,0.0095,0,4,
1784264460.818418,1784264460.827678,decode,4,0,2416,0.0095,0,4,
1784264460.827678,1784264460.836778,decode,4,0,2416,0.0095,0,4,
1784264460.836778,1784264460.845908,decode,4,0,2416,0.0095,0,4,
1784264460.845908,1784264460.855558,decode,4,0,2416,0.0095,0,4,
1784264460.855558,1784264460.864613,decode,4,0,2416,0.0095,0,4,
1784264460.864613,1784264460.876596,decode,4,0,2416,0.0095,0,4,
1784264460.876596,1784264460.885747,decode,4,0,2416,0.0095,0,4,
1784264460.885747,1784264460.894830,decode,4,0,2432,0.0096,0,4,
1784264460.894830,1784264460.904106,decode,4,0,2480,0.0098,0,4,
1784264460.904106,1784264460.913031,decode,4,0,2480,0.0098,0,4,
1784264460.913031,1784264460.922467,decode,4,0,2480,0.0098,0,4,
1784264460.922467,1784264460.931505,decode,4,0,2480,0.0098,0,4,
1784264460.931505,1784264460.940626,decode,4,0,2480,0.0098,0,4,
1784264460.940626,1784264460.950019,decode,4,0,2480,0.0098,0,4,
1784264460.950019,1784264460.959275,decode,4,0,2480,0.0098,0,4,
1784264460.959275,1784264460.968429,decode,4,0,2480,0.0098,0,4,
1784264460.968429,1784264460.977612,decode,4,0,2480,0.0098,0,4,
1784264460.977612,1784264460.986667,decode,4,0,2480,0.0098,0,4,
1784264460.986667,1784264460.995919,decode,4,0,2480,0.0098,0,4,
1784264460.995919,1784264461.004946,decode,4,0,2480,0.0098,0,4,
1784264461.004946,1784264461.014085,decode,4,0,2480,0.0098,0,4,
1784264461.014085,1784264461.023519,decode,4,0,2480,0.0098,0,4,
1784264461.023519,1784264461.032779,decode,4,0,2480,0.0098,0,4,
1784264461.032779,1784264461.041727,decode,4,0,2496,0.0098,0,4,
1784264461.041727,1784264461.050904,decode,4,0,2544,0.0100,0,4,
1784264461.050904,1784264461.060355,decode,4,0,2544,0.0100,0,4,
1784264461.060355,1784264461.069252,decode,4,0,2544,0.0100,0,4,
1784264461.069252,1784264461.078671,decode,4,0,2544,0.0100,0,4,
1784264461.078671,1784264461.087688,decode,4,0,2544,0.0100,0,4,
1784264461.087688,1784264461.096762,decode,4,0,2544,0.0100,0,4,
1784264461.096762,1784264461.106083,decode,4,0,2544,0.0100,0,4,
1784264461.106083,1784264461.115145,decode,4,0,2544,0.0100,0,4,
1784264461.115145,1784264461.124290,decode,4,0,2544,0.0100,0,4,
1784264461.124290,1784264461.133506,decode,4,0,2544,0.0100,0,4,
1784264461.133506,1784264461.142590,decode,4,0,2544,0.0100,0,4,
1784264461.142590,1784264461.151857,decode,4,0,2544,0.0100,0,4,
1784264461.151857,1784264461.161402,decode,4,0,2544,0.0100,0,4,
1784264461.161402,1784264461.170176,decode,4,0,2544,0.0100,0,4,
1784264461.170176,1784264461.179549,decode,4,0,2544,0.0100,0,4,
1784264461.179549,1784264461.188717,decode,4,0,2560,0.0101,0,4,
1784264461.188717,1784264461.197737,decode,4,0,2608,0.0103,0,4,
1784264461.197737,1784264461.207125,decode,4,0,2608,0.0103,0,4,
1784264461.207125,1784264461.216470,decode,4,0,2608,0.0103,0,4,
1784264461.216470,1784264461.225610,decode,4,0,2608,0.0103,0,4,
1784264461.225610,1784264461.234827,decode,4,0,2608,0.0103,0,4,
1784264461.234827,1784264461.243955,decode,4,0,2608,0.0103,0,4,
1784264461.243955,1784264461.253129,decode,4,0,2608,0.0103,0,4,
1784264461.253129,1784264461.262593,decode,4,0,2608,0.0103,0,4,
1784264461.262593,1784264461.271577,decode,4,0,2608,0.0103,0,4,
1784264461.271577,1784264461.280715,decode,4,0,2608,0.0103,0,4,
1784264461.280715,1784264461.289967,decode,4,0,2608,0.0103,0,4,
1784264461.289967,1784264461.299170,decode,4,0,2608,0.0103,0,4,
1784264461.299170,1784264461.308438,decode,4,0,2608,0.0103,0,4,
1784264461.308438,1784264461.317672,decode,3,0,2464,0.0097,0,4,
1784264461.317672,1784264461.328315,decode,0,0,0,0.0000,0,3,
1784264461.328315,1784264461.339058,mixed,1,0,2048,0.0081,2048,1,
1784264461.339058,1784264461.348860,mixed,4,0,2112,0.0083,6144,4,
1784264461.348860,1784264461.357913,decode,4,0,2160,0.0085,0,4,
1784264461.357913,1784264461.366806,decode,4,0,2160,0.0085,0,4,
1784264461.366806,1784264461.375856,decode,4,0,2160,0.0085,0,4,
1784264461.375856,1784264461.385066,decode,4,0,2160,0.0085,0,4,
1784264461.385066,1784264461.393973,decode,4,0,2160,0.0085,0,4,
1784264461.393973,1784264461.402857,decode,4,0,2160,0.0085,0,4,
1784264461.402857,1784264461.411956,decode,4,0,2160,0.0085,0,4,
1784264461.411956,1784264461.420866,decode,4,0,2160,0.0085,0,4,
1784264461.420866,1784264461.429800,decode,4,0,2160,0.0085,0,4,
1784264461.429800,1784264461.438860,decode,4,0,2160,0.0085,0,4,
1784264461.438860,1784264461.447781,decode,4,0,2160,0.0085,0,4,
1784264461.447781,1784264461.456771,decode,4,0,2160,0.0085,0,4,
1784264461.456771,1784264461.465801,decode,4,0,2160,0.0085,0,4,
1784264461.465801,1784264461.474802,decode,4,0,2160,0.0085,0,4,
1784264461.474802,1784264461.483783,decode,4,0,2160,0.0085,0,4,
1784264461.483783,1784264461.492796,decode,4,0,2176,0.0086,0,4,
1784264461.492796,1784264461.501795,decode,4,0,2224,0.0087,0,4,
1784264461.501795,1784264461.511648,decode,4,0,2224,0.0087,0,4,
1784264461.511648,1784264461.520619,decode,4,0,2224,0.0087,0,4,
1784264461.520619,1784264461.529508,decode,4,0,2224,0.0087,0,4,
1784264461.529508,1784264461.539073,decode,4,0,2224,0.0087,0,4,
1784264461.539073,1784264461.547935,decode,4,0,2224,0.0087,0,4,
1784264461.547935,1784264461.557015,decode,4,0,2224,0.0087,0,4,
1784264461.557015,1784264461.566015,decode,4,0,2224,0.0087,0,4,
1784264461.566015,1784264461.574947,decode,4,0,2224,0.0087,0,4,
1784264461.574947,1784264461.584048,decode,4,0,2224,0.0087,0,4,
1784264461.584048,1784264461.592895,decode,4,0,2224,0.0087,0,4,
1784264461.592895,1784264461.601896,decode,4,0,2224,0.0087,0,4,
1784264461.601896,1784264461.610942,decode,4,0,2224,0.0087,0,4,
1784264461.610942,1784264461.619941,decode,4,0,2224,0.0087,0,4,
1784264461.619941,1784264461.628786,decode,4,0,2224,0.0087,0,4,
1784264461.628786,1784264461.638232,decode,4,0,2240,0.0088,0,4,
1784264461.638232,1784264461.647369,decode,4,0,2288,0.0090,0,4,
1784264461.647369,1784264461.656605,decode,4,0,2288,0.0090,0,4,
1784264461.656605,1784264461.665701,decode,4,0,2288,0.0090,0,4,
1784264461.665701,1784264461.674846,decode,4,0,2288,0.0090,0,4,
1784264461.674846,1784264461.684075,decode,4,0,2288,0.0090,0,4,
1784264461.684075,1784264461.693218,decode,4,0,2288,0.0090,0,4,
1784264461.693218,1784264461.702399,decode,4,0,2288,0.0090,0,4,
1784264461.702399,1784264461.711556,decode,4,0,2288,0.0090,0,4,
1784264461.711556,1784264461.720722,decode,4,0,2288,0.0090,0,4,
1784264461.720722,1784264461.729993,decode,4,0,2288,0.0090,0,4,
1784264461.729993,1784264461.739135,decode,4,0,2288,0.0090,0,4,
1784264461.739135,1784264461.748457,decode,4,0,2288,0.0090,0,4,
1784264461.748457,1784264461.757625,decode,4,0,2288,0.0090,0,4,
1784264461.757625,1784264461.767166,decode,4,0,2288,0.0090,0,4,
1784264461.767166,1784264461.776399,decode,4,0,2288,0.0090,0,4,
1784264461.776399,1784264461.785470,decode,4,0,2304,0.0091,0,4,
1784264461.785470,1784264461.794547,decode,4,0,2352,0.0093,0,4,
1784264461.794547,1784264461.803605,decode,4,0,2352,0.0093,0,4,
1784264461.803605,1784264461.812554,decode,4,0,2352,0.0093,0,4,
1784264461.812554,1784264461.821625,decode,4,0,2352,0.0093,0,4,
1784264461.821625,1784264461.830380,decode,4,0,2352,0.0093,0,4,
1784264461.830380,1784264461.839581,decode,4,0,2352,0.0093,0,4,
1784264461.839581,1784264461.848606,decode,4,0,2352,0.0093,0,4,
1784264461.848606,1784264461.857863,decode,4,0,2352,0.0093,0,4,
1784264461.857863,1784264461.867101,decode,4,0,2352,0.0093,0,4,
1784264461.867101,1784264461.876088,decode,4,0,2352,0.0093,0,4,
1784264461.876088,1784264461.884960,decode,4,0,2352,0.0093,0,4,
1784264461.884960,1784264461.894332,decode,4,0,2352,0.0093,0,4,
1784264461.894332,1784264461.903346,decode,4,0,2352,0.0093,0,4,
1784264461.903346,1784264461.912765,decode,4,0,2352,0.0093,0,4,
1784264461.912765,1784264461.921903,decode,4,0,2352,0.0093,0,4,
1784264461.921903,1784264461.930748,decode,4,0,2368,0.0093,0,4,
1784264461.930748,1784264461.939936,decode,4,0,2416,0.0095,0,4,
1784264461.939936,1784264461.948871,decode,4,0,2416,0.0095,0,4,
1784264461.948871,1784264461.957841,decode,4,0,2416,0.0095,0,4,
1784264461.957841,1784264461.966852,decode,4,0,2416,0.0095,0,4,
1784264461.966852,1784264461.975939,decode,4,0,2416,0.0095,0,4,
1784264461.975939,1784264461.987089,decode,4,0,2416,0.0095,0,4,
1784264461.987089,1784264461.996171,decode,4,0,2416,0.0095,0,4,
1784264461.996171,1784264462.005059,decode,4,0,2416,0.0095,0,4,
1784264462.005059,1784264462.014216,decode,4,0,2416,0.0095,0,4,
1784264462.014216,1784264462.023267,decode,4,0,2416,0.0095,0,4,
1784264462.023267,1784264462.032119,decode,4,0,2416,0.0095,0,4,
1784264462.032119,1784264462.041354,decode,4,0,2416,0.0095,0,4,
1784264462.041354,1784264462.050126,decode,4,0,2416,0.0095,0,4,
1784264462.050126,1784264462.059238,decode,4,0,2416,0.0095,0,4,
1784264462.059238,1784264462.068311,decode,4,0,2416,0.0095,0,4,
1784264462.068311,1784264462.077155,decode,4,0,2432,0.0096,0,4,
1784264462.077155,1784264462.086337,decode,4,0,2480,0.0098,0,4,
1784264462.086337,1784264462.095351,decode,4,0,2480,0.0098,0,4,
1784264462.095351,1784264462.104279,decode,4,0,2480,0.0098,0,4,
1784264462.104279,1784264462.113388,decode,4,0,2480,0.0098,0,4,
1784264462.113388,1784264462.122341,decode,4,0,2480,0.0098,0,4,
1784264462.122341,1784264462.131489,decode,4,0,2480,0.0098,0,4,
1784264462.131489,1784264462.140526,decode,4,0,2480,0.0098,0,4,
1784264462.140526,1784264462.149609,decode,4,0,2480,0.0098,0,4,
1784264462.149609,1784264462.158539,decode,4,0,2480,0.0098,0,4,
1784264462.158539,1784264462.167583,decode,4,0,2480,0.0098,0,4,
1784264462.167583,1784264462.176510,decode,4,0,2480,0.0098,0,4,
1784264462.176510,1784264462.185521,decode,4,0,2480,0.0098,0,4,
1784264462.185521,1784264462.194593,decode,4,0,2480,0.0098,0,4,
1784264462.194593,1784264462.203663,decode,4,0,2480,0.0098,0,4,
1784264462.203663,1784264462.212747,decode,4,0,2480,0.0098,0,4,
1784264462.212747,1784264462.221811,decode,4,0,2496,0.0098,0,4,
1784264462.221811,1784264462.230781,decode,4,0,2544,0.0100,0,4,
1784264462.230781,1784264462.239821,decode,4,0,2544,0.0100,0,4,
1784264462.239821,1784264462.248882,decode,4,0,2544,0.0100,0,4,
1784264462.248882,1784264462.257821,decode,4,0,2544,0.0100,0,4,
1784264462.257821,1784264462.266861,decode,4,0,2544,0.0100,0,4,
1784264462.266861,1784264462.275771,decode,4,0,2544,0.0100,0,4,
1784264462.275771,1784264462.284880,decode,4,0,2544,0.0100,0,4,
1784264462.284880,1784264462.293817,decode,4,0,2544,0.0100,0,4,
1784264462.293817,1784264462.302835,decode,4,0,2544,0.0100,0,4,
1784264462.302835,1784264462.311982,decode,4,0,2544,0.0100,0,4,
1784264462.311982,1784264462.321055,decode,4,0,2544,0.0100,0,4,
1784264462.321055,1784264462.330113,decode,4,0,2544,0.0100,0,4,
1784264462.330113,1784264462.339200,decode,4,0,2544,0.0100,0,4,
1784264462.339200,1784264462.348379,decode,4,0,2544,0.0100,0,4,
1784264462.348379,1784264462.357575,decode,4,0,2544,0.0100,0,4,
1784264462.357575,1784264462.366486,decode,4,0,2560,0.0101,0,4,
1784264462.366486,1784264462.375825,decode,4,0,2608,0.0103,0,4,
1784264462.375825,1784264462.384855,decode,4,0,2608,0.0103,0,4,
1784264462.384855,1784264462.393806,decode,4,0,2608,0.0103,0,4,
1784264462.393806,1784264462.402876,decode,4,0,2608,0.0103,0,4,
1784264462.402876,1784264462.411940,decode,4,0,2608,0.0103,0,4,
1784264462.411940,1784264462.421414,decode,4,0,2608,0.0103,0,4,
1784264462.421414,1784264462.430163,decode,4,0,2608,0.0103,0,4,
1784264462.430163,1784264462.439646,decode,4,0,2608,0.0103,0,4,
1784264462.439646,1784264462.448280,decode,4,0,2608,0.0103,0,4,
1784264462.448280,1784264462.457243,decode,4,0,2608,0.0103,0,4,
1784264462.457243,1784264462.466181,decode,4,0,2608,0.0103,0,4,
1784264462.466181,1784264462.475214,decode,4,0,2608,0.0103,0,4,
1784264462.475214,1784264462.484230,decode,4,0,2608,0.0103,0,4,
1784264462.484230,1784264462.493474,decode,3,0,2464,0.0097,0,4,
1784264462.493474,1784264462.503781,decode,0,0,0,0.0000,0,3,
1784264462.503781,1784264462.514525,mixed,1,0,2048,0.0081,2048,1,
1784264462.514525,1784264462.524358,mixed,4,0,2112,0.0083,6144,4,
1784264462.524358,1784264462.533404,decode,4,0,2160,0.0085,0,4,
1784264462.533404,1784264462.542506,decode,4,0,2160,0.0085,0,4,
1784264462.542506,1784264462.551586,decode,4,0,2160,0.0085,0,4,
1784264462.551586,1784264462.560561,decode,4,0,2160,0.0085,0,4,
1784264462.560561,1784264462.569545,decode,4,0,2160,0.0085,0,4,
1784264462.569545,1784264462.578514,decode,4,0,2160,0.0085,0,4,
1784264462.578514,1784264462.588124,decode,4,0,2160,0.0085,0,4,
1784264462.588124,1784264462.596982,decode,4,0,2160,0.0085,0,4,
1784264462.596982,1784264462.606186,decode,4,0,2160,0.0085,0,4,
1784264462.606186,1784264462.615258,decode,4,0,2160,0.0085,0,4,
1784264462.615258,1784264462.624413,decode,4,0,2160,0.0085,0,4,
1784264462.624413,1784264462.633403,decode,4,0,2160,0.0085,0,4,
1784264462.633403,1784264462.642402,decode,4,0,2160,0.0085,0,4,
1784264462.642402,1784264462.651392,decode,4,0,2160,0.0085,0,4,
1784264462.651392,1784264462.660455,decode,4,0,2160,0.0085,0,4,
1784264462.660455,1784264462.669661,decode,4,0,2176,0.0086,0,4,
1784264462.669661,1784264462.678809,decode,4,0,2224,0.0087,0,4,
1784264462.678809,1784264462.687765,decode,4,0,2224,0.0087,0,4,
1784264462.687765,1784264462.696809,decode,4,0,2224,0.0087,0,4,
1784264462.696809,1784264462.706011,decode,4,0,2224,0.0087,0,4,
1784264462.706011,1784264462.715016,decode,4,0,2224,0.0087,0,4,
1784264462.715016,1784264462.724432,decode,4,0,2224,0.0087,0,4,
1784264462.724432,1784264462.733488,decode,4,0,2224,0.0087,0,4,
1784264462.733488,1784264462.742515,decode,4,0,2224,0.0087,0,4,
1784264462.742515,1784264462.750983,decode,4,0,2224,0.0087,0,4,
1784264462.750983,1784264462.760087,decode,4,0,2224,0.0087,0,4,
1784264462.760087,1784264462.769075,decode,4,0,2224,0.0087,0,4,
1784264462.769075,1784264462.778211,decode,4,0,2224,0.0087,0,4,
1784264462.778211,1784264462.786969,decode,4,0,2224,0.0087,0,4,
1784264462.786969,1784264462.796153,decode,4,0,2224,0.0087,0,4,
1784264462.796153,1784264462.805284,decode,4,0,2224,0.0087,0,4,
1784264462.805284,1784264462.814165,decode,4,0,2240,0.0088,0,4,
1784264462.814165,1784264462.823312,decode,4,0,2288,0.0090,0,4,
1784264462.823312,1784264462.832340,decode,4,0,2288,0.0090,0,4,
1784264462.832340,1784264462.841123,decode,4,0,2288,0.0090,0,4,
1784264462.841123,1784264462.850140,decode,4,0,2288,0.0090,0,4,
1784264462.850140,1784264462.859203,decode,4,0,2288,0.0090,0,4,
1784264462.859203,1784264462.868501,decode,4,0,2288,0.0090,0,4,
1784264462.868501,1784264462.877301,decode,4,0,2288,0.0090,0,4,
1784264462.877301,1784264462.886308,decode,4,0,2288,0.0090,0,4,
1784264462.886308,1784264462.895334,decode,4,0,2288,0.0090,0,4,
1784264462.895334,1784264462.904529,decode,4,0,2288,0.0090,0,4,
1784264462.904529,1784264462.914074,decode,4,0,2288,0.0090,0,4,
1784264462.914074,1784264462.922764,decode,4,0,2288,0.0090,0,4,
1784264462.922764,1784264462.931887,decode,4,0,2288,0.0090,0,4,
1784264462.931887,1784264462.941537,decode,4,0,2288,0.0090,0,4,
1784264462.941537,1784264462.950246,decode,4,0,2288,0.0090,0,4,
1784264462.950246,1784264462.959411,decode,4,0,2304,0.0091,0,4,
1784264462.959411,1784264462.968381,decode,4,0,2352,0.0093,0,4,
1784264462.968381,1784264462.977506,decode,4,0,2352,0.0093,0,4,
1784264462.977506,1784264462.986592,decode,4,0,2352,0.0093,0,4,
1784264462.986592,1784264462.996164,decode,4,0,2352,0.0093,0,4,
1784264462.996164,1784264463.004864,decode,4,0,2352,0.0093,0,4,
1784264463.004864,1784264463.013911,decode,4,0,2352,0.0093,0,4,
1784264463.013911,1784264463.023236,decode,4,0,2352,0.0093,0,4,
1784264463.023236,1784264463.032319,decode,4,0,2352,0.0093,0,4,
1784264463.032319,1784264463.041112,decode,4,0,2352,0.0093,0,4,
1784264463.041112,1784264463.050227,decode,4,0,2352,0.0093,0,4,
1784264463.050227,1784264463.060626,decode,4,0,2352,0.0093,0,4,
1784264463.060626,1784264463.069439,decode,4,0,2352,0.0093,0,4,
1784264463.069439,1784264463.078737,decode,4,0,2352,0.0093,0,4,
1784264463.078737,1784264463.087775,decode,4,0,2352,0.0093,0,4,
1784264463.087775,1784264463.097183,decode,4,0,2352,0.0093,0,4,
1784264463.097183,1784264463.106201,decode,4,0,2368,0.0093,0,4,
1784264463.106201,1784264463.115433,decode,4,0,2416,0.0095,0,4,
1784264463.115433,1784264463.124400,decode,4,0,2416,0.0095,0,4,
1784264463.124400,1784264463.133413,decode,4,0,2416,0.0095,0,4,
1784264463.133413,1784264463.142406,decode,4,0,2416,0.0095,0,4,
1784264463.142406,1784264463.151570,decode,4,0,2416,0.0095,0,4,
1784264463.151570,1784264463.160746,decode,4,0,2416,0.0095,0,4,
1784264463.160746,1784264463.170148,decode,4,0,2416,0.0095,0,4,
1784264463.170148,1784264463.179839,decode,4,0,2416,0.0095,0,4,
1784264463.179839,1784264463.189151,decode,4,0,2416,0.0095,0,4,
1784264463.189151,1784264463.198390,decode,4,0,2416,0.0095,0,4,
1784264463.198390,1784264463.207711,decode,4,0,2416,0.0095,0,4,
1784264463.207711,1784264463.216991,decode,4,0,2416,0.0095,0,4,
1784264463.216991,1784264463.226233,decode,4,0,2416,0.0095,0,4,
1784264463.226233,1784264463.235672,decode,4,0,2416,0.0095,0,4,
1784264463.235672,1784264463.244915,decode,4,0,2416,0.0095,0,4,
1784264463.244915,1784264463.253893,decode,4,0,2432,0.0096,0,4,
1784264463.253893,1784264463.264024,decode,4,0,2480,0.0098,0,4,
1784264463.264024,1784264463.272877,decode,4,0,2480,0.0098,0,4,
1784264463.272877,1784264463.282125,decode,4,0,2480,0.0098,0,4,
1784264463.282125,1784264463.290849,decode,4,0,2480,0.0098,0,4,
1784264463.290849,1784264463.300106,decode,4,0,2480,0.0098,0,4,
1784264463.300106,1784264463.309222,decode,4,0,2480,0.0098,0,4,
1784264463.309222,1784264463.318868,decode,4,0,2480,0.0098,0,4,
1784264463.318868,1784264463.327733,decode,4,0,2480,0.0098,0,4,
1784264463.327733,1784264463.336670,decode,4,0,2480,0.0098,0,4,
1784264463.336670,1784264463.345610,decode,4,0,2480,0.0098,0,4,
1784264463.345610,1784264463.355338,decode,4,0,2480,0.0098,0,4,
1784264463.355338,1784264463.364145,decode,4,0,2480,0.0098,0,4,
1784264463.364145,1784264463.373402,decode,4,0,2480,0.0098,0,4,
1784264463.373402,1784264463.382661,decode,4,0,2480,0.0098,0,4,
1784264463.382661,1784264463.391380,decode,4,0,2480,0.0098,0,4,
1784264463.391380,1784264463.400418,decode,4,0,2496,0.0098,0,4,
1784264463.400418,1784264463.409799,decode,4,0,2544,0.0100,0,4,
1784264463.409799,1784264463.419248,decode,4,0,2544,0.0100,0,4,
1784264463.419248,1784264463.428239,decode,4,0,2544,0.0100,0,4,
1784264463.428239,1784264463.437257,decode,4,0,2544,0.0100,0,4,
1784264463.437257,1784264463.446295,decode,4,0,2544,0.0100,0,4,
1784264463.446295,1784264463.455263,decode,4,0,2544,0.0100,0,4,
1784264463.455263,1784264463.464285,decode,4,0,2544,0.0100,0,4,
1784264463.464285,1784264463.473315,decode,4,0,2544,0.0100,0,4,
1784264463.473315,1784264463.482353,decode,4,0,2544,0.0100,0,4,
1784264463.482353,1784264463.491349,decode,4,0,2544,0.0100,0,4,
1784264463.491349,1784264463.500371,decode,4,0,2544,0.0100,0,4,
1784264463.500371,1784264463.509475,decode,4,0,2544,0.0100,0,4,
1784264463.509475,1784264463.518635,decode,4,0,2544,0.0100,0,4,
1784264463.518635,1784264463.527715,decode,4,0,2544,0.0100,0,4,
1784264463.527715,1784264463.536783,decode,4,0,2544,0.0100,0,4,
1784264463.536783,1784264463.545834,decode,4,0,2560,0.0101,0,4,
1784264463.545834,1784264463.554836,decode,4,0,2608,0.0103,0,4,
1784264463.554836,1784264463.563922,decode,4,0,2608,0.0103,0,4,
1784264463.563922,1784264463.572870,decode,4,0,2608,0.0103,0,4,
1784264463.572870,1784264463.581957,decode,4,0,2608,0.0103,0,4,
1784264463.581957,1784264463.590959,decode,4,0,2608,0.0103,0,4,
1784264463.590959,1784264463.599965,decode,4,0,2608,0.0103,0,4,
1784264463.599965,1784264463.608958,decode,4,0,2608,0.0103,0,4,
1784264463.608958,1784264463.618023,decode,4,0,2608,0.0103,0,4,
1784264463.618023,1784264463.627197,decode,4,0,2608,0.0103,0,4,
1784264463.627197,1784264463.636208,decode,4,0,2608,0.0103,0,4,
1784264463.636208,1784264463.645229,decode,4,0,2608,0.0103,0,4,
1784264463.645229,1784264463.654155,decode,4,0,2608,0.0103,0,4,
1784264463.654155,1784264463.663292,decode,4,0,2608,0.0103,0,4,
1784264463.663292,1784264463.672449,decode,3,0,2464,0.0097,0,4,
1784264463.672449,1784264463.682587,decode,0,0,0,0.0000,0,3,
1784264463.682587,1784264463.693064,mixed,1,0,2048,0.0081,2048,1,
1784264463.693064,1784264463.702996,mixed,4,0,2112,0.0083,6144,4,
1784264463.702996,1784264463.711956,decode,4,0,2160,0.0085,0,4,
1784264463.711956,1784264463.720950,decode,4,0,2160,0.0085,0,4,
1784264463.720950,1784264463.729857,decode,4,0,2160,0.0085,0,4,
1784264463.729857,1784264463.738839,decode,4,0,2160,0.0085,0,4,
1784264463.738839,1784264463.748988,decode,4,0,2160,0.0085,0,4,
1784264463.748988,1784264463.757972,decode,4,0,2160,0.0085,0,4,
1784264463.757972,1784264463.766973,decode,4,0,2160,0.0085,0,4,
1784264463.766973,1784264463.775970,decode,4,0,2160,0.0085,0,4,
1784264463.775970,1784264463.785038,decode,4,0,2160,0.0085,0,4,
1784264463.785038,1784264463.793889,decode,4,0,2160,0.0085,0,4,
1784264463.793889,1784264463.802875,decode,4,0,2160,0.0085,0,4,
1784264463.802875,1784264463.811874,decode,4,0,2160,0.0085,0,4,
1784264463.811874,1784264463.820875,decode,4,0,2160,0.0085,0,4,
1784264463.820875,1784264463.829956,decode,4,0,2160,0.0085,0,4,
1784264463.829956,1784264463.838954,decode,4,0,2160,0.0085,0,4,
1784264463.838954,1784264463.847943,decode,4,0,2176,0.0086,0,4,
1784264463.847943,1784264463.856954,decode,4,0,2224,0.0087,0,4,
1784264463.856954,1784264463.865983,decode,4,0,2224,0.0087,0,4,
1784264463.865983,1784264463.874848,decode,4,0,2224,0.0087,0,4,
1784264463.874848,1784264463.883825,decode,4,0,2224,0.0087,0,4,
1784264463.883825,1784264463.892822,decode,4,0,2224,0.0087,0,4,
1784264463.892822,1784264463.901897,decode,4,0,2224,0.0087,0,4,
1784264463.901897,1784264463.910885,decode,4,0,2224,0.0087,0,4,
1784264463.910885,1784264463.919886,decode,4,0,2224,0.0087,0,4,
1784264463.919886,1784264463.928849,decode,4,0,2224,0.0087,0,4,
1784264463.928849,1784264463.937928,decode,4,0,2224,0.0087,0,4,
1784264463.937928,1784264463.946913,decode,4,0,2224,0.0087,0,4,
1784264463.946913,1784264463.955964,decode,4,0,2224,0.0087,0,4,
1784264463.955964,1784264463.964926,decode,4,0,2224,0.0087,0,4,
1784264463.964926,1784264463.973914,decode,4,0,2224,0.0087,0,4,
1784264463.973914,1784264463.982956,decode,4,0,2224,0.0087,0,4,
1784264463.982956,1784264463.992105,decode,4,0,2240,0.0088,0,4,
1784264463.992105,1784264464.001323,decode,4,0,2288,0.0090,0,4,
1784264464.001323,1784264464.010309,decode,4,0,2288,0.0090,0,4,
1784264464.010309,1784264464.019459,decode,4,0,2288,0.0090,0,4,
1784264464.019459,1784264464.028948,decode,4,0,2288,0.0090,0,4,
1784264464.028948,1784264464.037957,decode,4,0,2288,0.0090,0,4,
1784264464.037957,1784264464.046958,decode,4,0,2288,0.0090,0,4,
1784264464.046958,1784264464.056010,decode,4,0,2288,0.0090,0,4,
1784264464.056010,1784264464.065079,decode,4,0,2288,0.0090,0,4,
1784264464.065079,1784264464.074121,decode,4,0,2288,0.0090,0,4,
1784264464.074121,1784264464.083051,decode,4,0,2288,0.0090,0,4,
1784264464.083051,1784264464.091989,decode,4,0,2288,0.0090,0,4,
1784264464.091989,1784264464.102657,decode,4,0,2288,0.0090,0,4,
1784264464.102657,1784264464.111766,decode,4,0,2288,0.0090,0,4,
1784264464.111766,1784264464.120772,decode,4,0,2288,0.0090,0,4,
1784264464.120772,1784264464.129996,decode,4,0,2288,0.0090,0,4,
1784264464.129996,1784264464.139137,decode,4,0,2304,0.0091,0,4,
1784264464.139137,1784264464.148190,decode,4,0,2352,0.0093,0,4,
1784264464.148190,1784264464.157079,decode,4,0,2352,0.0093,0,4,
1784264464.157079,1784264464.166086,decode,4,0,2352,0.0093,0,4,
1784264464.166086,1784264464.175137,decode,4,0,2352,0.0093,0,4,
1784264464.175137,1784264464.184303,decode,4,0,2352,0.0093,0,4,
1784264464.184303,1784264464.194194,decode,4,0,2352,0.0093,0,4,
1784264464.194194,1784264464.204200,decode,4,0,2352,0.0093,0,4,
1784264464.204200,1784264464.213840,decode,4,0,2352,0.0093,0,4,
1784264464.213840,1784264464.223857,decode,4,0,2352,0.0093,0,4,
1784264464.223857,1784264464.233287,decode,4,0,2352,0.0093,0,4,
1784264464.233287,1784264464.246250,decode,4,0,2352,0.0093,0,4,
1784264464.246250,1784264464.255558,decode,4,0,2352,0.0093,0,4,
1784264464.255558,1784264464.264419,decode,4,0,2352,0.0093,0,4,
1784264464.264419,1784264464.273468,decode,4,0,2352,0.0093,0,4,
1784264464.273468,1784264464.282892,decode,4,0,2352,0.0093,0,4,
1784264464.282892,1784264464.291656,decode,4,0,2368,0.0093,0,4,
1784264464.291656,1784264464.300926,decode,4,0,2416,0.0095,0,4,
1784264464.300926,1784264464.309746,decode,4,0,2416,0.0095,0,4,
1784264464.309746,1784264464.318729,decode,4,0,2416,0.0095,0,4,
1784264464.318729,1784264464.328179,decode,4,0,2416,0.0095,0,4,
1784264464.328179,1784264464.337391,decode,4,0,2416,0.0095,0,4,
1784264464.337391,1784264464.346441,decode,4,0,2416,0.0095,0,4,
1784264464.346441,1784264464.355532,decode,4,0,2416,0.0095,0,4,
1784264464.355532,1784264464.364723,decode,4,0,2416,0.0095,0,4,
1784264464.364723,1784264464.373828,decode,4,0,2416,0.0095,0,4,
1784264464.373828,1784264464.383160,decode,4,0,2416,0.0095,0,4,
1784264464.383160,1784264464.392387,decode,4,0,2416,0.0095,0,4,
1784264464.392387,1784264464.401729,decode,4,0,2416,0.0095,0,4,
1784264464.401729,1784264464.410561,decode,4,0,2416,0.0095,0,4,
1784264464.410561,1784264464.419666,decode,4,0,2416,0.0095,0,4,
1784264464.419666,1784264464.428870,decode,4,0,2416,0.0095,0,4,
1784264464.428870,1784264464.438048,decode,4,0,2432,0.0096,0,4,
1784264464.438048,1784264464.447364,decode,4,0,2480,0.0098,0,4,
1784264464.447364,1784264464.456529,decode,4,0,2480,0.0098,0,4,
1784264464.456529,1784264464.465678,decode,4,0,2480,0.0098,0,4,
1784264464.465678,1784264464.474656,decode,4,0,2480,0.0098,0,4,
1784264464.474656,1784264464.484178,decode,4,0,2480,0.0098,0,4,
1784264464.484178,1784264464.493438,decode,4,0,2480,0.0098,0,4,
1784264464.493438,1784264464.502268,decode,4,0,2480,0.0098,0,4,
1784264464.502268,1784264464.511771,decode,4,0,2480,0.0098,0,4,
1784264464.511771,1784264464.520580,decode,4,0,2480,0.0098,0,4,
1784264464.520580,1784264464.529754,decode,4,0,2480,0.0098,0,4,
1784264464.529754,1784264464.538934,decode,4,0,2480,0.0098,0,4,
1784264464.538934,1784264464.548000,decode,4,0,2480,0.0098,0,4,
1784264464.548000,1784264464.557527,decode,4,0,2480,0.0098,0,4,
1784264464.557527,1784264464.566339,decode,4,0,2480,0.0098,0,4,
1784264464.566339,1784264464.575602,decode,4,0,2480,0.0098,0,4,
1784264464.575602,1784264464.584990,decode,4,0,2496,0.0098,0,4,
1784264464.584990,1784264464.593992,decode,4,0,2544,0.0100,0,4,
1784264464.593992,1784264464.603316,decode,4,0,2544,0.0100,0,4,
1784264464.603316,1784264464.612306,decode,4,0,2544,0.0100,0,4,
1784264464.612306,1784264464.621409,decode,4,0,2544,0.0100,0,4,
1784264464.621409,1784264464.630694,decode,4,0,2544,0.0100,0,4,
1784264464.630694,1784264464.639827,decode,4,0,2544,0.0100,0,4,
1784264464.639827,1784264464.648942,decode,4,0,2544,0.0100,0,4,
1784264464.648942,1784264464.658095,decode,4,0,2544,0.0100,0,4,
1784264464.658095,1784264464.667337,decode,4,0,2544,0.0100,0,4,
1784264464.667337,1784264464.676546,decode,4,0,2544,0.0100,0,4,
1784264464.676546,1784264464.685949,decode,4,0,2544,0.0100,0,4,
1784264464.685949,1784264464.695189,decode,4,0,2544,0.0100,0,4,
1784264464.695189,1784264464.704366,decode,4,0,2544,0.0100,0,4,
1784264464.704366,1784264464.713454,decode,4,0,2544,0.0100,0,4,
1784264464.713454,1784264464.722708,decode,4,0,2544,0.0100,0,4,
1784264464.722708,1784264464.731923,decode,4,0,2560,0.0101,0,4,
1784264464.731923,1784264464.741117,decode,4,0,2608,0.0103,0,4,
1784264464.741117,1784264464.750474,decode,4,0,2608,0.0103,0,4,
1784264464.750474,1784264464.759535,decode,4,0,2608,0.0103,0,4,
1784264464.759535,1784264464.768726,decode,4,0,2608,0.0103,0,4,
1784264464.768726,1784264464.777924,decode,4,0,2608,0.0103,0,4,
1784264464.777924,1784264464.787322,decode,4,0,2608,0.0103,0,4,
1784264464.787322,1784264464.796654,decode,4,0,2608,0.0103,0,4,
1784264464.796654,1784264464.805493,decode,4,0,2608,0.0103,0,4,
1784264464.805493,1784264464.814658,decode,4,0,2608,0.0103,0,4,
1784264464.814658,1784264464.823914,decode,4,0,2608,0.0103,0,4,
1784264464.823914,1784264464.833510,decode,4,0,2608,0.0103,0,4,
1784264464.833510,1784264464.842520,decode,4,0,2608,0.0103,0,4,
1784264464.842520,1784264464.851844,decode,4,0,2608,0.0103,0,4,
1784264464.851844,1784264464.861055,decode,3,0,2464,0.0097,0,4,
1784264464.861055,1784264464.871848,decode,0,0,0,0.0000,0,3,
1784264464.871848,1784264464.884881,mixed,1,0,2048,0.0081,2048,1,
1784264464.884881,1784264464.894388,mixed,4,0,2112,0.0083,6144,4,
1784264464.894388,1784264464.903952,decode,4,0,2160,0.0085,0,4,
1784264464.903952,1784264464.912826,decode,4,0,2160,0.0085,0,4,
1784264464.912826,1784264464.922426,decode,4,0,2160,0.0085,0,4,
1784264464.922426,1784264464.931274,decode,4,0,2160,0.0085,0,4,
1784264464.931274,1784264464.940295,decode,4,0,2160,0.0085,0,4,
1784264464.940295,1784264464.949524,decode,4,0,2160,0.0085,0,4,
1784264464.949524,1784264464.958596,decode,4,0,2160,0.0085,0,4,
1784264464.958596,1784264464.967700,decode,4,0,2160,0.0085,0,4,
1784264464.967700,1784264464.976828,decode,4,0,2160,0.0085,0,4,
1784264464.976828,1784264464.986002,decode,4,0,2160,0.0085,0,4,
1784264464.986002,1784264464.995164,decode,4,0,2160,0.0085,0,4,
1784264464.995164,1784264465.004205,decode,4,0,2160,0.0085,0,4,
1784264465.004205,1784264465.013498,decode,4,0,2160,0.0085,0,4,
1784264465.013498,1784264465.022697,decode,4,0,2160,0.0085,0,4,
1784264465.022697,1784264465.031789,decode,4,0,2160,0.0085,0,4,
1784264465.031789,1784264465.041270,decode,4,0,2176,0.0086,0,4,
1784264465.041270,1784264465.050310,decode,4,0,2224,0.0087,0,4,
1784264465.050310,1784264465.059261,decode,4,0,2224,0.0087,0,4,
1784264465.059261,1784264465.068259,decode,4,0,2224,0.0087,0,4,
1784264465.068259,1784264465.077235,decode,4,0,2224,0.0087,0,4,
1784264465.077235,1784264465.086244,decode,4,0,2224,0.0087,0,4,
1784264465.086244,1784264465.095178,decode,4,0,2224,0.0087,0,4,
1784264465.095178,1784264465.104259,decode,4,0,2224,0.0087,0,4,
1784264465.104259,1784264465.113167,decode,4,0,2224,0.0087,0,4,
1784264465.113167,1784264465.122184,decode,4,0,2224,0.0087,0,4,
1784264465.122184,1784264465.131253,decode,4,0,2224,0.0087,0,4,
1784264465.131253,1784264465.140301,decode,4,0,2224,0.0087,0,4,
1784264465.140301,1784264465.152415,decode,4,0,2224,0.0087,0,4,
1784264465.152415,1784264465.161458,decode,4,0,2224,0.0087,0,4,
1784264465.161458,1784264465.170491,decode,4,0,2224,0.0087,0,4,
1784264465.170491,1784264465.179543,decode,4,0,2224,0.0087,0,4,
1784264465.179543,1784264465.188562,decode,4,0,2240,0.0088,0,4,
1784264465.188562,1784264465.197608,decode,4,0,2288,0.0090,0,4,
1784264465.197608,1784264465.206593,decode,4,0,2288,0.0090,0,4,
1784264465.206593,1784264465.215638,decode,4,0,2288,0.0090,0,4,
1784264465.215638,1784264465.224750,decode,4,0,2288,0.0090,0,4,
1784264465.224750,1784264465.233758,decode,4,0,2288,0.0090,0,4,
1784264465.233758,1784264465.243129,decode,4,0,2288,0.0090,0,4,
1784264465.243129,1784264465.252327,decode,4,0,2288,0.0090,0,4,
1784264465.252327,1784264465.261359,decode,4,0,2288,0.0090,0,4,
1784264465.261359,1784264465.270373,decode,4,0,2288,0.0090,0,4,
1784264465.270373,1784264465.279470,decode,4,0,2288,0.0090,0,4,
1784264465.279470,1784264465.288502,decode,4,0,2288,0.0090,0,4,
1784264465.288502,1784264465.297646,decode,4,0,2288,0.0090,0,4,
1784264465.297646,1784264465.306588,decode,4,0,2288,0.0090,0,4,
1784264465.306588,1784264465.315712,decode,4,0,2288,0.0090,0,4,
1784264465.315712,1784264465.324894,decode,4,0,2288,0.0090,0,4,
1784264465.324894,1784264465.333982,decode,4,0,2304,0.0091,0,4,
1784264465.333982,1784264465.342947,decode,4,0,2352,0.0093,0,4,
1784264465.342947,1784264465.352068,decode,4,0,2352,0.0093,0,4,
1784264465.352068,1784264465.361096,decode,4,0,2352,0.0093,0,4,
1784264465.361096,1784264465.370246,decode,4,0,2352,0.0093,0,4,
1784264465.370246,1784264465.379358,decode,4,0,2352,0.0093,0,4,
1784264465.379358,1784264465.388486,decode,4,0,2352,0.0093,0,4,
1784264465.388486,1784264465.397799,decode,4,0,2352,0.0093,0,4,
1784264465.397799,1784264465.406938,decode,4,0,2352,0.0093,0,4,
1784264465.406938,1784264465.415845,decode,4,0,2352,0.0093,0,4,
1784264465.415845,1784264465.424815,decode,4,0,2352,0.0093,0,4,
1784264465.424815,1784264465.434181,decode,4,0,2352,0.0093,0,4,
1784264465.434181,1784264465.443296,decode,4,0,2352,0.0093,0,4,
1784264465.443296,1784264465.452215,decode,4,0,2352,0.0093,0,4,
1784264465.452215,1784264465.461419,decode,4,0,2352,0.0093,0,4,
1784264465.461419,1784264465.470955,decode,4,0,2352,0.0093,0,4,
1784264465.470955,1784264465.480139,decode,4,0,2368,0.0093,0,4,
1784264465.480139,1784264465.488937,decode,4,0,2416,0.0095,0,4,
1784264465.488937,1784264465.498029,decode,4,0,2416,0.0095,0,4,
1784264465.498029,1784264465.506937,decode,4,0,2416,0.0095,0,4,
1784264465.506937,1784264465.516062,decode,4,0,2416,0.0095,0,4,
1784264465.516062,1784264465.525095,decode,4,0,2416,0.0095,0,4,
1784264465.525095,1784264465.534092,decode,4,0,2416,0.0095,0,4,
1784264465.534092,1784264465.543306,decode,4,0,2416,0.0095,0,4,
1784264465.543306,1784264465.552237,decode,4,0,2416,0.0095,0,4,
1784264465.552237,1784264465.561189,decode,4,0,2416,0.0095,0,4,
1784264465.561189,1784264465.570168,decode,4,0,2416,0.0095,0,4,
1784264465.570168,1784264465.579232,decode,4,0,2416,0.0095,0,4,
1784264465.579232,1784264465.588243,decode,4,0,2416,0.0095,0,4,
1784264465.588243,1784264465.597548,decode,4,0,2416,0.0095,0,4,
1784264465.597548,1784264465.607071,decode,4,0,2416,0.0095,0,4,
1784264465.607071,1784264465.616256,decode,4,0,2416,0.0095,0,4,
1784264465.616256,1784264465.625192,decode,4,0,2432,0.0096,0,4,
1784264465.625192,1784264465.634173,decode,4,0,2480,0.0098,0,4,
1784264465.634173,1784264465.643164,decode,4,0,2480,0.0098,0,4,
1784264465.643164,1784264465.652226,decode,4,0,2480,0.0098,0,4,
1784264465.652226,1784264465.661277,decode,4,0,2480,0.0098,0,4,
1784264465.661277,1784264465.670410,decode,4,0,2480,0.0098,0,4,
1784264465.670410,1784264465.679396,decode,4,0,2480,0.0098,0,4,
1784264465.679396,1784264465.688320,decode,4,0,2480,0.0098,0,4,
1784264465.688320,1784264465.697504,decode,4,0,2480,0.0098,0,4,
1784264465.697504,1784264465.706610,decode,4,0,2480,0.0098,0,4,
1784264465.706610,1784264465.715844,decode,4,0,2480,0.0098,0,4,
1784264465.715844,1784264465.724963,decode,4,0,2480,0.0098,0,4,
1784264465.724963,1784264465.733813,decode,4,0,2480,0.0098,0,4,
1784264465.733813,1784264465.742706,decode,4,0,2480,0.0098,0,4,
1784264465.742706,1784264465.751576,decode,4,0,2480,0.0098,0,4,
1784264465.751576,1784264465.760747,decode,4,0,2480,0.0098,0,4,
1784264465.760747,1784264465.769772,decode,4,0,2496,0.0098,0,4,
1784264465.769772,1784264465.778823,decode,4,0,2544,0.0100,0,4,
1784264465.778823,1784264465.787863,decode,4,0,2544,0.0100,0,4,
1784264465.787863,1784264465.796892,decode,4,0,2544,0.0100,0,4,
1784264465.796892,1784264465.806247,decode,4,0,2544,0.0100,0,4,
1784264465.806247,1784264465.815346,decode,4,0,2544,0.0100,0,4,
1784264465.815346,1784264465.824501,decode,4,0,2544,0.0100,0,4,
1784264465.824501,1784264465.833746,decode,4,0,2544,0.0100,0,4,
1784264465.833746,1784264465.842548,decode,4,0,2544,0.0100,0,4,
1784264465.842548,1784264465.851822,decode,4,0,2544,0.0100,0,4,
1784264465.851822,1784264465.860610,decode,4,0,2544,0.0100,0,4,
1784264465.860610,1784264465.869591,decode,4,0,2544,0.0100,0,4,
1784264465.869591,1784264465.878939,decode,4,0,2544,0.0100,0,4,
1784264465.878939,1784264465.887886,decode,4,0,2544,0.0100,0,4,
1784264465.887886,1784264465.897311,decode,4,0,2544,0.0100,0,4,
1784264465.897311,1784264465.906298,decode,4,0,2544,0.0100,0,4,
1784264465.906298,1784264465.915726,decode,4,0,2560,0.0101,0,4,
1784264465.915726,1784264465.924788,decode,4,0,2608,0.0103,0,4,
1784264465.924788,1784264465.934007,decode,4,0,2608,0.0103,0,4,
1784264465.934007,1784264465.942878,decode,4,0,2608,0.0103,0,4,
1784264465.942878,1784264465.952345,decode,4,0,2608,0.0103,0,4,
1784264465.952345,1784264465.961054,decode,4,0,2608,0.0103,0,4,
1784264465.961054,1784264465.970013,decode,4,0,2608,0.0103,0,4,
1784264465.970013,1784264465.979191,decode,4,0,2608,0.0103,0,4,
1784264465.979191,1784264465.988479,decode,4,0,2608,0.0103,0,4,
1784264465.988479,1784264465.997756,decode,4,0,2608,0.0103,0,4,
1784264465.997756,1784264466.007615,decode,4,0,2608,0.0103,0,4,
1784264466.007615,1784264466.016423,decode,4,0,2608,0.0103,0,4,
1784264466.016423,1784264466.025399,decode,4,0,2608,0.0103,0,4,
1784264466.025399,1784264466.034568,decode,4,0,2608,0.0103,0,4,
1784264466.034568,1784264466.043556,decode,3,0,2464,0.0097,0,4,
1784264466.043556,1784264466.053659,decode,0,0,0,0.0000,0,3,
1784264466.053659,1784264466.064138,mixed,1,0,2048,0.0081,2048,1,
1784264466.064138,1784264466.074033,mixed,4,0,2112,0.0083,6144,4,
1784264466.074033,1784264466.083031,decode,4,0,2160,0.0085,0,4,
1784264466.083031,1784264466.092105,decode,4,0,2160,0.0085,0,4,
1784264466.092105,1784264466.100976,decode,4,0,2160,0.0085,0,4,
1784264466.100976,1784264466.110015,decode,4,0,2160,0.0085,0,4,
1784264466.110015,1784264466.119023,decode,4,0,2160,0.0085,0,4,
1784264466.119023,1784264466.128739,decode,4,0,2160,0.0085,0,4,
1784264466.128739,1784264466.137833,decode,4,0,2160,0.0085,0,4,
1784264466.137833,1784264466.146813,decode,4,0,2160,0.0085,0,4,
1784264466.146813,1784264466.155823,decode,4,0,2160,0.0085,0,4,
1784264466.155823,1784264466.165073,decode,4,0,2160,0.0085,0,4,
1784264466.165073,1784264466.173826,decode,4,0,2160,0.0085,0,4,
1784264466.173826,1784264466.183085,decode,4,0,2160,0.0085,0,4,
1784264466.183085,1784264466.192057,decode,4,0,2160,0.0085,0,4,
1784264466.192057,1784264466.201119,decode,4,0,2160,0.0085,0,4,
1784264466.201119,1784264466.210242,decode,4,0,2160,0.0085,0,4,
1784264466.210242,1784264466.219651,decode,4,0,2176,0.0086,0,4,
1784264466.219651,1784264466.229028,decode,4,0,2224,0.0087,0,4,
1784264466.229028,1784264466.238144,decode,4,0,2224,0.0087,0,4,
1784264466.238144,1784264466.247251,decode,4,0,2224,0.0087,0,4,
1784264466.247251,1784264466.256058,decode,4,0,2224,0.0087,0,4,
1784264466.256058,1784264466.265193,decode,4,0,2224,0.0087,0,4,
1784264466.265193,1784264466.274216,decode,4,0,2224,0.0087,0,4,
1784264466.274216,1784264466.282720,decode,4,0,2224,0.0087,0,4,
1784264466.282720,1784264466.291872,decode,4,0,2224,0.0087,0,4,
1784264466.291872,1784264466.300834,decode,4,0,2224,0.0087,0,4,
1784264466.300834,1784264466.310145,decode,4,0,2224,0.0087,0,4,
1784264466.310145,1784264466.319427,decode,4,0,2224,0.0087,0,4,
1784264466.319427,1784264466.328221,decode,4,0,2224,0.0087,0,4,
1784264466.328221,1784264466.337393,decode,4,0,2224,0.0087,0,4,
1784264466.337393,1784264466.346071,decode,4,0,2224,0.0087,0,4,
1784264466.346071,1784264466.355096,decode,4,0,2224,0.0087,0,4,
1784264466.355096,1784264466.364660,decode,4,0,2240,0.0088,0,4,
1784264466.364660,1784264466.373719,decode,4,0,2288,0.0090,0,4,
1784264466.373719,1784264466.383266,decode,4,0,2288,0.0090,0,4,
1784264466.383266,1784264466.392243,decode,4,0,2288,0.0090,0,4,
1784264466.392243,1784264466.401232,decode,4,0,2288,0.0090,0,4,
1784264466.401232,1784264466.410475,decode,4,0,2288,0.0090,0,4,
1784264466.410475,1784264466.419338,decode,4,0,2288,0.0090,0,4,
1784264466.419338,1784264466.428266,decode,4,0,2288,0.0090,0,4,
1784264466.428266,1784264466.437596,decode,4,0,2288,0.0090,0,4,
1784264466.437596,1784264466.446818,decode,4,0,2288,0.0090,0,4,
1784264466.446818,1784264466.455478,decode,4,0,2288,0.0090,0,4,
1784264466.455478,1784264466.464583,decode,4,0,2288,0.0090,0,4,
1784264466.464583,1784264466.473734,decode,4,0,2288,0.0090,0,4,
1784264466.473734,1784264466.483049,decode,4,0,2288,0.0090,0,4,
1784264466.483049,1784264466.492186,decode,4,0,2288,0.0090,0,4,
1784264466.492186,1784264466.501266,decode,4,0,2288,0.0090,0,4,
1784264466.501266,1784264466.509945,decode,4,0,2304,0.0091,0,4,
1784264466.509945,1784264466.519183,decode,4,0,2352,0.0093,0,4,
1784264466.519183,1784264466.528697,decode,4,0,2352,0.0093,0,4,
1784264466.528697,1784264466.537947,decode,4,0,2352,0.0093,0,4,
1784264466.537947,1784264466.546800,decode,4,0,2352,0.0093,0,4,
1784264466.546800,1784264466.555673,decode,4,0,2352,0.0093,0,4,
1784264466.555673,1784264466.564489,decode,4,0,2352,0.0093,0,4,
1784264466.564489,1784264466.573741,decode,4,0,2352,0.0093,0,4,
1784264466.573741,1784264466.582735,decode,4,0,2352,0.0093,0,4,
1784264466.582735,1784264466.591768,decode,4,0,2352,0.0093,0,4,
1784264466.591768,1784264466.600788,decode,4,0,2352,0.0093,0,4,
1784264466.600788,1784264466.609826,decode,4,0,2352,0.0093,0,4,
1784264466.609826,1784264466.619000,decode,4,0,2352,0.0093,0,4,
1784264466.619000,1784264466.628501,decode,4,0,2352,0.0093,0,4,
1784264466.628501,1784264466.637704,decode,4,0,2352,0.0093,0,4,
1784264466.637704,1784264466.646870,decode,4,0,2352,0.0093,0,4,
1784264466.646870,1784264466.656124,decode,4,0,2368,0.0093,0,4,
1784264466.656124,1784264466.665111,decode,4,0,2416,0.0095,0,4,
1784264466.665111,1784264466.674457,decode,4,0,2416,0.0095,0,4,
1784264466.674457,1784264466.683786,decode,4,0,2416,0.0095,0,4,
1784264466.683786,1784264466.693446,decode,4,0,2416,0.0095,0,4,
1784264466.693446,1784264466.702077,decode,4,0,2416,0.0095,0,4,
1784264466.702077,1784264466.710896,decode,4,0,2416,0.0095,0,4,
1784264466.710896,1784264466.720305,decode,4,0,2416,0.0095,0,4,
1784264466.720305,1784264466.729419,decode,4,0,2416,0.0095,0,4,
1784264466.729419,1784264466.738481,decode,4,0,2416,0.0095,0,4,
1784264466.738481,1784264466.747775,decode,4,0,2416,0.0095,0,4,
1784264466.747775,1784264466.756850,decode,4,0,2416,0.0095,0,4,
1784264466.756850,1784264466.765863,decode,4,0,2416,0.0095,0,4,
1784264466.765863,1784264466.775079,decode,4,0,2416,0.0095,0,4,
1784264466.775079,1784264466.784510,decode,4,0,2416,0.0095,0,4,
1784264466.784510,1784264466.793561,decode,4,0,2416,0.0095,0,4,
1784264466.793561,1784264466.802623,decode,4,0,2432,0.0096,0,4,
1784264466.802623,1784264466.811691,decode,4,0,2480,0.0098,0,4,
1784264466.811691,1784264466.820663,decode,4,0,2480,0.0098,0,4,
1784264466.820663,1784264466.829799,decode,4,0,2480,0.0098,0,4,
1784264466.829799,1784264466.838933,decode,4,0,2480,0.0098,0,4,
1784264466.838933,1784264466.848047,decode,4,0,2480,0.0098,0,4,
1784264466.848047,1784264466.857021,decode,4,0,2480,0.0098,0,4,
1784264466.857021,1784264466.866138,decode,4,0,2480,0.0098,0,4,
1784264466.866138,1784264466.875186,decode,4,0,2480,0.0098,0,4,
1784264466.875186,1784264466.884508,decode,4,0,2480,0.0098,0,4,
1784264466.884508,1784264466.894707,decode,4,0,2480,0.0098,0,4,
1784264466.894707,1784264466.904439,decode,4,0,2480,0.0098,0,4,
1784264466.904439,1784264466.913912,decode,4,0,2480,0.0098,0,4,
1784264466.913912,1784264466.922880,decode,4,0,2480,0.0098,0,4,
1784264466.922880,1784264466.932901,decode,4,0,2480,0.0098,0,4,
1784264466.932901,1784264466.941942,decode,4,0,2480,0.0098,0,4,
1784264466.941942,1784264466.951107,decode,4,0,2496,0.0098,0,4,
1784264466.951107,1784264466.960865,decode,4,0,2544,0.0100,0,4,
1784264466.960865,1784264466.969880,decode,4,0,2544,0.0100,0,4,
1784264466.969880,1784264466.979176,decode,4,0,2544,0.0100,0,4,
1784264466.979176,1784264466.988374,decode,4,0,2544,0.0100,0,4,
1784264466.988374,1784264466.997523,decode,4,0,2544,0.0100,0,4,
1784264466.997523,1784264467.006979,decode,4,0,2544,0.0100,0,4,
1784264467.006979,1784264467.016400,decode,4,0,2544,0.0100,0,4,
1784264467.016400,1784264467.025950,decode,4,0,2544,0.0100,0,4,
1784264467.025950,1784264467.035529,decode,4,0,2544,0.0100,0,4,
1784264467.035529,1784264467.044328,decode,4,0,2544,0.0100,0,4,
1784264467.044328,1784264467.053560,decode,4,0,2544,0.0100,0,4,
1784264467.053560,1784264467.062584,decode,4,0,2544,0.0100,0,4,
1784264467.062584,1784264467.071553,decode,4,0,2544,0.0100,0,4,
1784264467.071553,1784264467.080674,decode,4,0,2544,0.0100,0,4,
1784264467.080674,1784264467.089704,decode,4,0,2544,0.0100,0,4,
1784264467.089704,1784264467.098765,decode,4,0,2560,0.0101,0,4,
1784264467.098765,1784264467.108276,decode,4,0,2608,0.0103,0,4,
1784264467.108276,1784264467.117635,decode,4,0,2608,0.0103,0,4,
1784264467.117635,1784264467.126500,decode,4,0,2608,0.0103,0,4,
1784264467.126500,1784264467.135710,decode,4,0,2608,0.0103,0,4,
1784264467.135710,1784264467.144854,decode,4,0,2608,0.0103,0,4,
1784264467.144854,1784264467.153722,decode,4,0,2608,0.0103,0,4,
1784264467.153722,1784264467.162665,decode,4,0,2608,0.0103,0,4,
1784264467.162665,1784264467.172228,decode,4,0,2608,0.0103,0,4,
1784264467.172228,1784264467.180726,decode,4,0,2608,0.0103,0,4,
1784264467.180726,1784264467.190122,decode,4,0,2608,0.0103,0,4,
1784264467.190122,1784264467.198977,decode,4,0,2608,0.0103,0,4,
1784264467.198977,1784264467.207949,decode,4,0,2608,0.0103,0,4,
1784264467.207949,1784264467.216838,decode,4,0,2608,0.0103,0,4,
1784264467.216838,1784264467.226095,decode,3,0,2464,0.0097,0,4,
1784264467.226095,1784264467.236188,decode,0,0,0,0.0000,0,3,
1784264467.236188,1784264467.247089,mixed,1,0,2048,0.0081,2048,1,
1784264467.247089,1784264467.256980,mixed,4,0,2112,0.0083,6144,4,
1784264467.256980,1784264467.266068,decode,4,0,2160,0.0085,0,4,
1784264467.266068,1784264467.275254,decode,4,0,2160,0.0085,0,4,
1784264467.275254,1784264467.284214,decode,4,0,2160,0.0085,0,4,
1784264467.284214,1784264467.293304,decode,4,0,2160,0.0085,0,4,
1784264467.293304,1784264467.302352,decode,4,0,2160,0.0085,0,4,
1784264467.302352,1784264467.311236,decode,4,0,2160,0.0085,0,4,
1784264467.311236,1784264467.320274,decode,4,0,2160,0.0085,0,4,
1784264467.320274,1784264467.329265,decode,4,0,2160,0.0085,0,4,
1784264467.329265,1784264467.338424,decode,4,0,2160,0.0085,0,4,
1784264467.338424,1784264467.347485,decode,4,0,2160,0.0085,0,4,
1784264467.347485,1784264467.357089,decode,4,0,2160,0.0085,0,4,
1784264467.357089,1784264467.365808,decode,4,0,2160,0.0085,0,4,
1784264467.365808,1784264467.374717,decode,4,0,2160,0.0085,0,4,
1784264467.374717,1784264467.383636,decode,4,0,2160,0.0085,0,4,
1784264467.383636,1784264467.392757,decode,4,0,2160,0.0085,0,4,
1784264467.392757,1784264467.401571,decode,4,0,2176,0.0086,0,4,
1784264467.401571,1784264467.410771,decode,4,0,2224,0.0087,0,4,
1784264467.410771,1784264467.420002,decode,4,0,2224,0.0087,0,4,
1784264467.420002,1784264467.429164,decode,4,0,2224,0.0087,0,4,
1784264467.429164,1784264467.438065,decode,4,0,2224,0.0087,0,4,
1784264467.438065,1784264467.446788,decode,4,0,2224,0.0087,0,4,
1784264467.446788,1784264467.455757,decode,4,0,2224,0.0087,0,4,
1784264467.455757,1784264467.464748,decode,4,0,2224,0.0087,0,4,
1784264467.464748,1784264467.474115,decode,4,0,2224,0.0087,0,4,
1784264467.474115,1784264467.482671,decode,4,0,2224,0.0087,0,4,
1784264467.482671,1784264467.491726,decode,4,0,2224,0.0087,0,4,
1784264467.491726,1784264467.500956,decode,4,0,2224,0.0087,0,4,
1784264467.500956,1784264467.509863,decode,4,0,2224,0.0087,0,4,
1784264467.509863,1784264467.519046,decode,4,0,2224,0.0087,0,4,
1784264467.519046,1784264467.527975,decode,4,0,2224,0.0087,0,4,
1784264467.527975,1784264467.536876,decode,4,0,2224,0.0087,0,4,
1784264467.536876,1784264467.546139,decode,4,0,2240,0.0088,0,4,
1784264467.546139,1784264467.555182,decode,4,0,2288,0.0090,0,4,
1784264467.555182,1784264467.564272,decode,4,0,2288,0.0090,0,4,
1784264467.564272,1784264467.573307,decode,4,0,2288,0.0090,0,4,
1784264467.573307,1784264467.582161,decode,4,0,2288,0.0090,0,4,
1784264467.582161,1784264467.591403,decode,4,0,2288,0.0090,0,4,
1784264467.591403,1784264467.600410,decode,4,0,2288,0.0090,0,4,
1784264467.600410,1784264467.609435,decode,4,0,2288,0.0090,0,4,
1784264467.609435,1784264467.618612,decode,4,0,2288,0.0090,0,4,
1784264467.618612,1784264467.627627,decode,4,0,2288,0.0090,0,4,
1784264467.627627,1784264467.636501,decode,4,0,2288,0.0090,0,4,
1784264467.636501,1784264467.645719,decode,4,0,2288,0.0090,0,4,
1784264467.645719,1784264467.654733,decode,4,0,2288,0.0090,0,4,
1784264467.654733,1784264467.664183,decode,4,0,2288,0.0090,0,4,
1784264467.664183,1784264467.672628,decode,4,0,2288,0.0090,0,4,
1784264467.672628,1784264467.682025,decode,4,0,2288,0.0090,0,4,
1784264467.682025,1784264467.690949,decode,4,0,2304,0.0091,0,4,
1784264467.690949,1784264467.699856,decode,4,0,2352,0.0093,0,4,
1784264467.699856,1784264467.708958,decode,4,0,2352,0.0093,0,4,
1784264467.708958,1784264467.718283,decode,4,0,2352,0.0093,0,4,
1784264467.718283,1784264467.727427,decode,4,0,2352,0.0093,0,4,
1784264467.727427,1784264467.736321,decode,4,0,2352,0.0093,0,4,
1784264467.736321,1784264467.745540,decode,4,0,2352,0.0093,0,4,
1784264467.745540,1784264467.754592,decode,4,0,2352,0.0093,0,4,
1784264467.754592,1784264467.763766,decode,4,0,2352,0.0093,0,4,
1784264467.763766,1784264467.772612,decode,4,0,2352,0.0093,0,4,
1784264467.772612,1784264467.781716,decode,4,0,2352,0.0093,0,4,
1784264467.781716,1784264467.790816,decode,4,0,2352,0.0093,0,4,
1784264467.790816,1784264467.799870,decode,4,0,2352,0.0093,0,4,
1784264467.799870,1784264467.808903,decode,4,0,2352,0.0093,0,4,
1784264467.808903,1784264467.818057,decode,4,0,2352,0.0093,0,4,
1784264467.818057,1784264467.827015,decode,4,0,2352,0.0093,0,4,
1784264467.827015,1784264467.836179,decode,4,0,2368,0.0093,0,4,
1784264467.836179,1784264467.845356,decode,4,0,2416,0.0095,0,4,
1784264467.845356,1784264467.854104,decode,4,0,2416,0.0095,0,4,
1784264467.854104,1784264467.863480,decode,4,0,2416,0.0095,0,4,
1784264467.863480,1784264467.872486,decode,4,0,2416,0.0095,0,4,
1784264467.872486,1784264467.881485,decode,4,0,2416,0.0095,0,4,
1784264467.881485,1784264467.890530,decode,4,0,2416,0.0095,0,4,
1784264467.890530,1784264467.899639,decode,4,0,2416,0.0095,0,4,
1784264467.899639,1784264467.908678,decode,4,0,2416,0.0095,0,4,
1784264467.908678,1784264467.917952,decode,4,0,2416,0.0095,0,4,
1784264467.917952,1784264467.926967,decode,4,0,2416,0.0095,0,4,
1784264467.926967,1784264467.935997,decode,4,0,2416,0.0095,0,4,
1784264467.935997,1784264467.944864,decode,4,0,2416,0.0095,0,4,
1784264467.944864,1784264467.954075,decode,4,0,2416,0.0095,0,4,
1784264467.954075,1784264467.963345,decode,4,0,2416,0.0095,0,4,
1784264467.963345,1784264467.972529,decode,4,0,2416,0.0095,0,4,
1784264467.972529,1784264467.981301,decode,4,0,2432,0.0096,0,4,
1784264467.981301,1784264467.990477,decode,4,0,2480,0.0098,0,4,
1784264467.990477,1784264467.999827,decode,4,0,2480,0.0098,0,4,
1784264467.999827,1784264468.008775,decode,4,0,2480,0.0098,0,4,
1784264468.008775,1784264468.017998,decode,4,0,2480,0.0098,0,4,
1784264468.017998,1784264468.027074,decode,4,0,2480,0.0098,0,4,
1784264468.027074,1784264468.035807,decode,4,0,2480,0.0098,0,4,
1784264468.035807,1784264468.045069,decode,4,0,2480,0.0098,0,4,
1784264468.045069,1784264468.054144,decode,4,0,2480,0.0098,0,4,
1784264468.054144,1784264468.063213,decode,4,0,2480,0.0098,0,4,
1784264468.063213,1784264468.072254,decode,4,0,2480,0.0098,0,4,
1784264468.072254,1784264468.081277,decode,4,0,2480,0.0098,0,4,
1784264468.081277,1784264468.090533,decode,4,0,2480,0.0098,0,4,
1784264468.090533,1784264468.099412,decode,4,0,2480,0.0098,0,4,
1784264468.099412,1784264468.108518,decode,4,0,2480,0.0098,0,4,
1784264468.108518,1784264468.117581,decode,4,0,2480,0.0098,0,4,
1784264468.117581,1784264468.126885,decode,4,0,2496,0.0098,0,4,
1784264468.126885,1784264468.135762,decode,4,0,2544,0.0100,0,4,
1784264468.135762,1784264468.144861,decode,4,0,2544,0.0100,0,4,
1784264468.144861,1784264468.154024,decode,4,0,2544,0.0100,0,4,
1784264468.154024,1784264468.162946,decode,4,0,2544,0.0100,0,4,
1784264468.162946,1784264468.172039,decode,4,0,2544,0.0100,0,4,
1784264468.172039,1784264468.181434,decode,4,0,2544,0.0100,0,4,
1784264468.181434,1784264468.190086,decode,4,0,2544,0.0100,0,4,
1784264468.190086,1784264468.199292,decode,4,0,2544,0.0100,0,4,
1784264468.199292,1784264468.208190,decode,4,0,2544,0.0100,0,4,
1784264468.208190,1784264468.217196,decode,4,0,2544,0.0100,0,4,
1784264468.217196,1784264468.226208,decode,4,0,2544,0.0100,0,4,
1784264468.226208,1784264468.235210,decode,4,0,2544,0.0100,0,4,
1784264468.235210,1784264468.244223,decode,4,0,2544,0.0100,0,4,
1784264468.244223,1784264468.253248,decode,4,0,2544,0.0100,0,4,
1784264468.253248,1784264468.262558,decode,4,0,2544,0.0100,0,4,
1784264468.262558,1784264468.271430,decode,4,0,2560,0.0101,0,4,
1784264468.271430,1784264468.280725,decode,4,0,2608,0.0103,0,4,
1784264468.280725,1784264468.289590,decode,4,0,2608,0.0103,0,4,
1784264468.289590,1784264468.298720,decode,4,0,2608,0.0103,0,4,
1784264468.298720,1784264468.307818,decode,4,0,2608,0.0103,0,4,
1784264468.307818,1784264468.316876,decode,4,0,2608,0.0103,0,4,
1784264468.316876,1784264468.325911,decode,4,0,2608,0.0103,0,4,
1784264468.325911,1784264468.334955,decode,4,0,2608,0.0103,0,4,
1784264468.334955,1784264468.344133,decode,4,0,2608,0.0103,0,4,
1784264468.344133,1784264468.353051,decode,4,0,2608,0.0103,0,4,
1784264468.353051,1784264468.362175,decode,4,0,2608,0.0103,0,4,
1784264468.362175,1784264468.371515,decode,4,0,2608,0.0103,0,4,
1784264468.371515,1784264468.380320,decode,4,0,2608,0.0103,0,4,
1784264468.380320,1784264468.389433,decode,4,0,2608,0.0103,0,4,
1784264468.389433,1784264468.398668,decode,3,0,2464,0.0097,0,4,
1784264468.398668,1784264468.408774,decode,0,0,0,0.0000,0,3,
1784264468.408774,1784264468.419312,mixed,1,0,2048,0.0081,2048,1,
1784264468.419312,1784264468.429162,mixed,4,0,2112,0.0083,6144,4,
1784264468.429162,1784264468.438442,decode,4,0,2160,0.0085,0,4,
1784264468.438442,1784264468.447102,decode,4,0,2160,0.0085,0,4,
1784264468.447102,1784264468.456171,decode,4,0,2160,0.0085,0,4,
1784264468.456171,1784264468.465353,decode,4,0,2160,0.0085,0,4,
1784264468.465353,1784264468.474360,decode,4,0,2160,0.0085,0,4,
1784264468.474360,1784264468.483389,decode,4,0,2160,0.0085,0,4,
1784264468.483389,1784264468.492176,decode,4,0,2160,0.0085,0,4,
1784264468.492176,1784264468.501328,decode,4,0,2160,0.0085,0,4,
1784264468.501328,1784264468.509993,decode,4,0,2160,0.0085,0,4,
1784264468.509993,1784264468.519076,decode,4,0,2160,0.0085,0,4,
1784264468.519076,1784264468.528023,decode,4,0,2160,0.0085,0,4,
1784264468.528023,1784264468.537064,decode,4,0,2160,0.0085,0,4,
1784264468.537064,1784264468.545961,decode,4,0,2160,0.0085,0,4,
1784264468.545961,1784264468.554964,decode,4,0,2160,0.0085,0,4,
1784264468.554964,1784264468.564375,decode,4,0,2160,0.0085,0,4,
1784264468.564375,1784264468.572986,decode,4,0,2176,0.0086,0,4,
1784264468.572986,1784264468.582406,decode,4,0,2224,0.0087,0,4,
1784264468.582406,1784264468.590895,decode,4,0,2224,0.0087,0,4,
1784264468.590895,1784264468.599940,decode,4,0,2224,0.0087,0,4,
1784264468.599940,1784264468.608928,decode,4,0,2224,0.0087,0,4,
1784264468.608928,1784264468.617934,decode,4,0,2224,0.0087,0,4,
1784264468.617934,1784264468.626909,decode,4,0,2224,0.0087,0,4,
1784264468.626909,1784264468.636348,decode,4,0,2224,0.0087,0,4,
1784264468.636348,1784264468.645066,decode,4,0,2224,0.0087,0,4,
1784264468.645066,1784264468.654316,decode,4,0,2224,0.0087,0,4,
1784264468.654316,1784264468.663326,decode,4,0,2224,0.0087,0,4,
1784264468.663326,1784264468.672093,decode,4,0,2224,0.0087,0,4,
1784264468.672093,1784264468.680886,decode,4,0,2224,0.0087,0,4,
1784264468.680886,1784264468.689958,decode,4,0,2224,0.0087,0,4,
1784264468.689958,1784264468.698975,decode,4,0,2224,0.0087,0,4,
1784264468.698975,1784264468.707983,decode,4,0,2224,0.0087,0,4,
1784264468.707983,1784264468.717354,decode,4,0,2240,0.0088,0,4,
1784264468.717354,1784264468.726380,decode,4,0,2288,0.0090,0,4,
1784264468.726380,1784264468.735280,decode,4,0,2288,0.0090,0,4,
1784264468.735280,1784264468.744248,decode,4,0,2288,0.0090,0,4,
1784264468.744248,1784264468.753301,decode,4,0,2288,0.0090,0,4,
1784264468.753301,1784264468.762476,decode,4,0,2288,0.0090,0,4,
1784264468.762476,1784264468.771204,decode,4,0,2288,0.0090,0,4,
1784264468.771204,1784264468.780301,decode,4,0,2288,0.0090,0,4,
1784264468.780301,1784264468.789773,decode,4,0,2288,0.0090,0,4,
1784264468.789773,1784264468.798697,decode,4,0,2288,0.0090,0,4,
1784264468.798697,1784264468.807715,decode,4,0,2288,0.0090,0,4,
1784264468.807715,1784264468.816913,decode,4,0,2288,0.0090,0,4,
1784264468.816913,1784264468.825925,decode,4,0,2288,0.0090,0,4,
1784264468.825925,1784264468.834521,decode,4,0,2288,0.0090,0,4,
1784264468.834521,1784264468.843566,decode,4,0,2288,0.0090,0,4,
1784264468.843566,1784264468.852931,decode,4,0,2288,0.0090,0,4,
1784264468.852931,1784264468.861550,decode,4,0,2304,0.0091,0,4,
1784264468.861550,1784264468.870698,decode,4,0,2352,0.0093,0,4,
1784264468.870698,1784264468.879766,decode,4,0,2352,0.0093,0,4,
1784264468.879766,1784264468.889067,decode,4,0,2352,0.0093,0,4,
1784264468.889067,1784264468.898181,decode,4,0,2352,0.0093,0,4,
1784264468.898181,1784264468.907199,decode,4,0,2352,0.0093,0,4,
1784264468.907199,1784264468.916463,decode,4,0,2352,0.0093,0,4,
1784264468.916463,1784264468.925251,decode,4,0,2352,0.0093,0,4,
1784264468.925251,1784264468.934659,decode,4,0,2352,0.0093,0,4,
1784264468.934659,1784264468.943550,decode,4,0,2352,0.0093,0,4,
1784264468.943550,1784264468.952149,decode,4,0,2352,0.0093,0,4,
1784264468.952149,1784264468.961213,decode,4,0,2352,0.0093,0,4,
1784264468.961213,1784264468.970266,decode,4,0,2352,0.0093,0,4,
1784264468.970266,1784264468.979213,decode,4,0,2352,0.0093,0,4,
1784264468.979213,1784264468.988296,decode,4,0,2352,0.0093,0,4,
1784264468.988296,1784264468.997756,decode,4,0,2352,0.0093,0,4,
1784264468.997756,1784264469.006615,decode,4,0,2368,0.0093,0,4,
1784264469.006615,1784264469.015757,decode,4,0,2416,0.0095,0,4,
1784264469.015757,1784264469.024708,decode,4,0,2416,0.0095,0,4,
1784264469.024708,1784264469.033246,decode,4,0,2416,0.0095,0,4,
1784264469.033246,1784264469.042418,decode,4,0,2416,0.0095,0,4,
1784264469.042418,1784264469.051407,decode,4,0,2416,0.0095,0,4,
1784264469.051407,1784264469.060479,decode,4,0,2416,0.0095,0,4,
1784264469.060479,1784264469.069928,decode,4,0,2416,0.0095,0,4,
1784264469.069928,1784264469.078772,decode,4,0,2416,0.0095,0,4,
1784264469.078772,1784264469.087699,decode,4,0,2416,0.0095,0,4,
1784264469.087699,1784264469.096457,decode,4,0,2416,0.0095,0,4,
1784264469.096457,1784264469.105450,decode,4,0,2416,0.0095,0,4,
1784264469.105450,1784264469.114677,decode,4,0,2416,0.0095,0,4,
1784264469.114677,1784264469.123430,decode,4,0,2416,0.0095,0,4,
1784264469.123430,1784264469.132493,decode,4,0,2416,0.0095,0,4,
1784264469.132493,1784264469.141733,decode,4,0,2416,0.0095,0,4,
1784264469.141733,1784264469.150646,decode,4,0,2432,0.0096,0,4,
1784264469.150646,1784264469.159976,decode,4,0,2480,0.0098,0,4,
1784264469.159976,1784264469.168627,decode,4,0,2480,0.0098,0,4,
1784264469.168627,1784264469.177648,decode,4,0,2480,0.0098,0,4,
1784264469.177648,1784264469.186926,decode,4,0,2480,0.0098,0,4,
1784264469.186926,1784264469.196009,decode,4,0,2480,0.0098,0,4,
1784264469.196009,1784264469.204505,decode,4,0,2480,0.0098,0,4,
1784264469.204505,1784264469.213806,decode,4,0,2480,0.0098,0,4,
1784264469.213806,1784264469.222854,decode,4,0,2480,0.0098,0,4,
1784264469.222854,1784264469.231643,decode,4,0,2480,0.0098,0,4,
1784264469.231643,1784264469.240654,decode,4,0,2480,0.0098,0,4,
1784264469.240654,1784264469.249553,decode,4,0,2480,0.0098,0,4,
1784264469.249553,1784264469.258604,decode,4,0,2480,0.0098,0,4,
1784264469.258604,1784264469.267666,decode,4,0,2480,0.0098,0,4,
1784264469.267666,1784264469.276636,decode,4,0,2480,0.0098,0,4,
1784264469.276636,1784264469.285699,decode,4,0,2480,0.0098,0,4,
1784264469.285699,1784264469.294737,decode,4,0,2496,0.0098,0,4,
1784264469.294737,1784264469.303840,decode,4,0,2544,0.0100,0,4,
1784264469.303840,1784264469.312802,decode,4,0,2544,0.0100,0,4,
1784264469.312802,1784264469.321839,decode,4,0,2544,0.0100,0,4,
1784264469.321839,1784264469.330838,decode,4,0,2544,0.0100,0,4,
1784264469.330838,1784264469.339984,decode,4,0,2544,0.0100,0,4,
1784264469.339984,1784264469.348952,decode,4,0,2544,0.0100,0,4,
1784264469.348952,1784264469.357918,decode,4,0,2544,0.0100,0,4,
1784264469.357918,1784264469.367143,decode,4,0,2544,0.0100,0,4,
1784264469.367143,1784264469.376452,decode,4,0,2544,0.0100,0,4,
1784264469.376452,1784264469.385087,decode,4,0,2544,0.0100,0,4,
1784264469.385087,1784264469.394078,decode,4,0,2544,0.0100,0,4,
1784264469.394078,1784264469.403183,decode,4,0,2544,0.0100,0,4,
1784264469.403183,1784264469.412030,decode,4,0,2544,0.0100,0,4,
1784264469.412030,1784264469.421038,decode,4,0,2544,0.0100,0,4,
1784264469.421038,1784264469.430187,decode,4,0,2544,0.0100,0,4,
1784264469.430187,1784264469.439095,decode,4,0,2560,0.0101,0,4,
1784264469.439095,1784264469.448285,decode,4,0,2608,0.0103,0,4,
1784264469.448285,1784264469.457221,decode,4,0,2608,0.0103,0,4,
1784264469.457221,1784264469.466060,decode,4,0,2608,0.0103,0,4,
1784264469.466060,1784264469.475286,decode,4,0,2608,0.0103,0,4,
1784264469.475286,1784264469.484320,decode,4,0,2608,0.0103,0,4,
1784264469.484320,1784264469.493400,decode,4,0,2608,0.0103,0,4,
1784264469.493400,1784264469.502766,decode,4,0,2608,0.0103,0,4,
1784264469.502766,1784264469.511857,decode,4,0,2608,0.0103,0,4,
1784264469.511857,1784264469.520826,decode,4,0,2608,0.0103,0,4,
1784264469.520826,1784264469.529646,decode,4,0,2608,0.0103,0,4,
1784264469.529646,1784264469.538507,decode,4,0,2608,0.0103,0,4,
1784264469.538507,1784264469.547953,decode,4,0,2608,0.0103,0,4,
1784264469.547953,1784264469.556906,decode,4,0,2608,0.0103,0,4,
1784264469.556906,1784264469.566173,decode,3,0,2464,0.0097,0,4,
1784264469.566173,1784264469.576202,decode,0,0,0,0.0000,0,3,
1784264469.576202,1784264469.586921,mixed,1,0,2048,0.0081,2048,1,
1784264469.586921,1784264469.597162,mixed,4,0,2112,0.0083,6144,4,
1784264469.597162,1784264469.606163,decode,4,0,2160,0.0085,0,4,
1784264469.606163,1784264469.615562,decode,4,0,2160,0.0085,0,4,
1784264469.615562,1784264469.624193,decode,4,0,2160,0.0085,0,4,
1784264469.624193,1784264469.633034,decode,4,0,2160,0.0085,0,4,
1784264469.633034,1784264469.642461,decode,4,0,2160,0.0085,0,4,
1784264469.642461,1784264469.651351,decode,4,0,2160,0.0085,0,4,
1784264469.651351,1784264469.660515,decode,4,0,2160,0.0085,0,4,
1784264469.660515,1784264469.669151,decode,4,0,2160,0.0085,0,4,
1784264469.669151,1784264469.678252,decode,4,0,2160,0.0085,0,4,
1784264469.678252,1784264469.687578,decode,4,0,2160,0.0085,0,4,
1784264469.687578,1784264469.696580,decode,4,0,2160,0.0085,0,4,
1784264469.696580,1784264469.705369,decode,4,0,2160,0.0085,0,4,
1784264469.705369,1784264469.714710,decode,4,0,2160,0.0085,0,4,
1784264469.714710,1784264469.723665,decode,4,0,2160,0.0085,0,4,
1784264469.723665,1784264469.733065,decode,4,0,2160,0.0085,0,4,
1784264469.733065,1784264469.741676,decode,4,0,2176,0.0086,0,4,
1784264469.741676,1784264469.751168,decode,4,0,2224,0.0087,0,4,
1784264469.751168,1784264469.760127,decode,4,0,2224,0.0087,0,4,
1784264469.760127,1784264469.769064,decode,4,0,2224,0.0087,0,4,
1784264469.769064,1784264469.777879,decode,4,0,2224,0.0087,0,4,
1784264469.777879,1784264469.786856,decode,4,0,2224,0.0087,0,4,
1784264469.786856,1784264469.795966,decode,4,0,2224,0.0087,0,4,
1784264469.795966,1784264469.805037,decode,4,0,2224,0.0087,0,4,
1784264469.805037,1784264469.814159,decode,4,0,2224,0.0087,0,4,
1784264469.814159,1784264469.822759,decode,4,0,2224,0.0087,0,4,
1784264469.822759,1784264469.832203,decode,4,0,2224,0.0087,0,4,
1784264469.832203,1784264469.840909,decode,4,0,2224,0.0087,0,4,
1784264469.840909,1784264469.849880,decode,4,0,2224,0.0087,0,4,
1784264469.849880,1784264469.858679,decode,4,0,2224,0.0087,0,4,
1784264469.858679,1784264469.867769,decode,4,0,2224,0.0087,0,4,
1784264469.867769,1784264469.876817,decode,4,0,2224,0.0087,0,4,
1784264469.876817,1784264469.886112,decode,4,0,2240,0.0088,0,4,
1784264469.886112,1784264469.895019,decode,4,0,2288,0.0090,0,4,
1784264469.895019,1784264469.904247,decode,4,0,2288,0.0090,0,4,
1784264469.904247,1784264469.913147,decode,4,0,2288,0.0090,0,4,
1784264469.913147,1784264469.922114,decode,4,0,2288,0.0090,0,4,
1784264469.922114,1784264469.931192,decode,4,0,2288,0.0090,0,4,
1784264469.931192,1784264469.940142,decode,4,0,2288,0.0090,0,4,
1784264469.940142,1784264469.949042,decode,4,0,2288,0.0090,0,4,
1784264469.949042,1784264469.958035,decode,4,0,2288,0.0090,0,4,
1784264469.958035,1784264469.967456,decode,4,0,2288,0.0090,0,4,
1784264469.967456,1784264469.976133,decode,4,0,2288,0.0090,0,4,
1784264469.976133,1784264469.985237,decode,4,0,2288,0.0090,0,4,
1784264469.985237,1784264469.994435,decode,4,0,2288,0.0090,0,4,
1784264469.994435,1784264470.003285,decode,4,0,2288,0.0090,0,4,
1784264470.003285,1784264470.012103,decode,4,0,2288,0.0090,0,4,
1784264470.012103,1784264470.021336,decode,4,0,2288,0.0090,0,4,
1784264470.021336,1784264470.030428,decode,4,0,2304,0.0091,0,4,
1784264470.030428,1784264470.039378,decode,4,0,2352,0.0093,0,4,
1784264470.039378,1784264470.048172,decode,4,0,2352,0.0093,0,4,
1784264470.048172,1784264470.057469,decode,4,0,2352,0.0093,0,4,
1784264470.057469,1784264470.066422,decode,4,0,2352,0.0093,0,4,
1784264470.066422,1784264470.075670,decode,4,0,2352,0.0093,0,4,
1784264470.075670,1784264470.084866,decode,4,0,2352,0.0093,0,4,
1784264470.084866,1784264470.093945,decode,4,0,2352,0.0093,0,4,
1784264470.093945,1784264470.102901,decode,4,0,2352,0.0093,0,4,
1784264470.102901,1784264470.111832,decode,4,0,2352,0.0093,0,4,
1784264470.111832,1784264470.120736,decode,4,0,2352,0.0093,0,4,
1784264470.120736,1784264470.129840,decode,4,0,2352,0.0093,0,4,
1784264470.129840,1784264470.138905,decode,4,0,2352,0.0093,0,4,
1784264470.138905,1784264470.148322,decode,4,0,2352,0.0093,0,4,
1784264470.148322,1784264470.156973,decode,4,0,2352,0.0093,0,4,
1784264470.156973,1784264470.166165,decode,4,0,2352,0.0093,0,4,
1784264470.166165,1784264470.174977,decode,4,0,2368,0.0093,0,4,
1784264470.174977,1784264470.184595,decode,4,0,2416,0.0095,0,4,
1784264470.184595,1784264470.193810,decode,4,0,2416,0.0095,0,4,
1784264470.193810,1784264470.202669,decode,4,0,2416,0.0095,0,4,
1784264470.202669,1784264470.211320,decode,4,0,2416,0.0095,0,4,
1784264470.211320,1784264470.220718,decode,4,0,2416,0.0095,0,4,
1784264470.220718,1784264470.230017,decode,4,0,2416,0.0095,0,4,
1784264470.230017,1784264470.239109,decode,4,0,2416,0.0095,0,4,
1784264470.239109,1784264470.248293,decode,4,0,2416,0.0095,0,4,
1784264470.248293,1784264470.257643,decode,4,0,2416,0.0095,0,4,
1784264470.257643,1784264470.266889,decode,4,0,2416,0.0095,0,4,
1784264470.266889,1784264470.275997,decode,4,0,2416,0.0095,0,4,
1784264470.275997,1784264470.285722,decode,4,0,2416,0.0095,0,4,
1784264470.285722,1784264470.295123,decode,4,0,2416,0.0095,0,4,
1784264470.295123,1784264470.304163,decode,4,0,2416,0.0095,0,4,
1784264470.304163,1784264470.313345,decode,4,0,2416,0.0095,0,4,
1784264470.313345,1784264470.322211,decode,4,0,2432,0.0096,0,4,
1784264470.322211,1784264470.331391,decode,4,0,2480,0.0098,0,4,
1784264470.331391,1784264470.341080,decode,4,0,2480,0.0098,0,4,
1784264470.341080,1784264470.350162,decode,4,0,2480,0.0098,0,4,
1784264470.350162,1784264470.359172,decode,4,0,2480,0.0098,0,4,
1784264470.359172,1784264470.368317,decode,4,0,2480,0.0098,0,4,
1784264470.368317,1784264470.377193,decode,4,0,2480,0.0098,0,4,
1784264470.377193,1784264470.386500,decode,4,0,2480,0.0098,0,4,
1784264470.386500,1784264470.395210,decode,4,0,2480,0.0098,0,4,
1784264470.395210,1784264470.404227,decode,4,0,2480,0.0098,0,4,
1784264470.404227,1784264470.413348,decode,4,0,2480,0.0098,0,4,
1784264470.413348,1784264470.422467,decode,4,0,2480,0.0098,0,4,
1784264470.422467,1784264470.431623,decode,4,0,2480,0.0098,0,4,
1784264470.431623,1784264470.440844,decode,4,0,2480,0.0098,0,4,
1784264470.440844,1784264470.449741,decode,4,0,2480,0.0098,0,4,
1784264470.449741,1784264470.458861,decode,4,0,2480,0.0098,0,4,
1784264470.458861,1784264470.468523,decode,4,0,2496,0.0098,0,4,
1784264470.468523,1784264470.477764,decode,4,0,2544,0.0100,0,4,
1784264470.477764,1784264470.486973,decode,4,0,2544,0.0100,0,4,
1784264470.486973,1784264470.496118,decode,4,0,2544,0.0100,0,4,
1784264470.496118,1784264470.504778,decode,4,0,2544,0.0100,0,4,
1784264470.504778,1784264470.513757,decode,4,0,2544,0.0100,0,4,
1784264470.513757,1784264470.522752,decode,4,0,2544,0.0100,0,4,
1784264470.522752,1784264470.531790,decode,4,0,2544,0.0100,0,4,
1784264470.531790,1784264470.540815,decode,4,0,2544,0.0100,0,4,
1784264470.540815,1784264470.549788,decode,4,0,2544,0.0100,0,4,
1784264470.549788,1784264470.558712,decode,4,0,2544,0.0100,0,4,
1784264470.558712,1784264470.567836,decode,4,0,2544,0.0100,0,4,
1784264470.567836,1784264470.576857,decode,4,0,2544,0.0100,0,4,
1784264470.576857,1784264470.585767,decode,4,0,2544,0.0100,0,4,
1784264470.585767,1784264470.595086,decode,4,0,2544,0.0100,0,4,
1784264470.595086,1784264470.603970,decode,4,0,2544,0.0100,0,4,
1784264470.603970,1784264470.613211,decode,4,0,2560,0.0101,0,4,
1784264470.613211,1784264470.622273,decode,4,0,2608,0.0103,0,4,
1784264470.622273,1784264470.631500,decode,4,0,2608,0.0103,0,4,
1784264470.631500,1784264470.640211,decode,4,0,2608,0.0103,0,4,
1784264470.640211,1784264470.649329,decode,4,0,2608,0.0103,0,4,
1784264470.649329,1784264470.658322,decode,4,0,2608,0.0103,0,4,
1784264470.658322,1784264470.667373,decode,4,0,2608,0.0103,0,4,
1784264470.667373,1784264470.676630,decode,4,0,2608,0.0103,0,4,
1784264470.676630,1784264470.685955,decode,4,0,2608,0.0103,0,4,
1784264470.685955,1784264470.694679,decode,4,0,2608,0.0103,0,4,
1784264470.694679,1784264470.703738,decode,4,0,2608,0.0103,0,4,
1784264470.703738,1784264470.713195,decode,4,0,2608,0.0103,0,4,
1784264470.713195,1784264470.722051,decode,4,0,2608,0.0103,0,4,
1784264470.722051,1784264470.731091,decode,4,0,2608,0.0103,0,4,
1784264470.731091,1784264470.740405,decode,3,0,2464,0.0097,0,4,
1784264470.740405,1784264470.750471,decode,0,0,0,0.0000,0,3,
1784264470.750471,1784264470.761512,mixed,1,0,2048,0.0081,2048,1,
1784264470.761512,1784264470.771313,mixed,4,0,2112,0.0083,6144,4,
1784264470.771313,1784264470.780375,decode,4,0,2160,0.0085,0,4,
1784264470.780375,1784264470.789569,decode,4,0,2160,0.0085,0,4,
1784264470.789569,1784264470.798345,decode,4,0,2160,0.0085,0,4,
1784264470.798345,1784264470.807724,decode,4,0,2160,0.0085,0,4,
1784264470.807724,1784264470.816385,decode,4,0,2160,0.0085,0,4,
1784264470.816385,1784264470.825346,decode,4,0,2160,0.0085,0,4,
1784264470.825346,1784264470.834375,decode,4,0,2160,0.0085,0,4,
1784264470.834375,1784264470.843374,decode,4,0,2160,0.0085,0,4,
1784264470.843374,1784264470.852348,decode,4,0,2160,0.0085,0,4,
1784264470.852348,1784264470.861305,decode,4,0,2160,0.0085,0,4,
1784264470.861305,1784264470.870347,decode,4,0,2160,0.0085,0,4,
1784264470.870347,1784264470.879284,decode,4,0,2160,0.0085,0,4,
1784264470.879284,1784264470.888664,decode,4,0,2160,0.0085,0,4,
1784264470.888664,1784264470.897338,decode,4,0,2160,0.0085,0,4,
1784264470.897338,1784264470.906273,decode,4,0,2160,0.0085,0,4,
1784264470.906273,1784264470.915413,decode,4,0,2176,0.0086,0,4,
1784264470.915413,1784264470.924470,decode,4,0,2224,0.0087,0,4,
1784264470.924470,1784264470.933493,decode,4,0,2224,0.0087,0,4,
1784264470.933493,1784264470.942421,decode,4,0,2224,0.0087,0,4,
1784264470.942421,1784264470.951473,decode,4,0,2224,0.0087,0,4,
1784264470.951473,1784264470.960435,decode,4,0,2224,0.0087,0,4,
1784264470.960435,1784264470.969462,decode,4,0,2224,0.0087,0,4,
1784264470.969462,1784264470.978401,decode,4,0,2224,0.0087,0,4,
1784264470.978401,1784264470.987715,decode,4,0,2224,0.0087,0,4,
1784264470.987715,1784264470.996577,decode,4,0,2224,0.0087,0,4,
1784264470.996577,1784264471.005433,decode,4,0,2224,0.0087,0,4,
1784264471.005433,1784264471.014507,decode,4,0,2224,0.0087,0,4,
1784264471.014507,1784264471.023507,decode,4,0,2224,0.0087,0,4,
1784264471.023507,1784264471.032427,decode,4,0,2224,0.0087,0,4,
1784264471.032427,1784264471.041501,decode,4,0,2224,0.0087,0,4,
1784264471.041501,1784264471.050482,decode,4,0,2224,0.0087,0,4,
1784264471.050482,1784264471.059520,decode,4,0,2240,0.0088,0,4,
1784264471.059520,1784264471.068635,decode,4,0,2288,0.0090,0,4,
1784264471.068635,1784264471.077609,decode,4,0,2288,0.0090,0,4,
1784264471.077609,1784264471.086678,decode,4,0,2288,0.0090,0,4,
1784264471.086678,1784264471.096058,decode,4,0,2288,0.0090,0,4,
1784264471.096058,1784264471.104722,decode,4,0,2288,0.0090,0,4,
1784264471.104722,1784264471.114202,decode,4,0,2288,0.0090,0,4,
1784264471.114202,1784264471.123180,decode,4,0,2288,0.0090,0,4,
1784264471.123180,1784264471.132127,decode,4,0,2288,0.0090,0,4,
1784264471.132127,1784264471.141355,decode,4,0,2288,0.0090,0,4,
1784264471.141355,1784264471.150367,decode,4,0,2288,0.0090,0,4,
1784264471.150367,1784264471.159170,decode,4,0,2288,0.0090,0,4,
1784264471.159170,1784264471.168193,decode,4,0,2288,0.0090,0,4,
1784264471.168193,1784264471.177225,decode,4,0,2288,0.0090,0,4,
1784264471.177225,1784264471.186357,decode,4,0,2288,0.0090,0,4,
1784264471.186357,1784264471.196515,decode,4,0,2288,0.0090,0,4,
1784264471.196515,1784264471.205179,decode,4,0,2304,0.0091,0,4,
1784264471.205179,1784264471.214151,decode,4,0,2352,0.0093,0,4,
1784264471.214151,1784264471.223280,decode,4,0,2352,0.0093,0,4,
1784264471.223280,1784264471.232292,decode,4,0,2352,0.0093,0,4,
1784264471.232292,1784264471.241242,decode,4,0,2352,0.0093,0,4,
1784264471.241242,1784264471.250227,decode,4,0,2352,0.0093,0,4,
1784264471.250227,1784264471.259268,decode,4,0,2352,0.0093,0,4,
1784264471.259268,1784264471.268309,decode,4,0,2352,0.0093,0,4,
1784264471.268309,1784264471.277339,decode,4,0,2352,0.0093,0,4,
1784264471.277339,1784264471.286575,decode,4,0,2352,0.0093,0,4,
1784264471.286575,1784264471.295350,decode,4,0,2352,0.0093,0,4,
1784264471.295350,1784264471.304874,decode,4,0,2352,0.0093,0,4,
1784264471.304874,1784264471.313938,decode,4,0,2352,0.0093,0,4,
1784264471.313938,1784264471.322938,decode,4,0,2352,0.0093,0,4,
1784264471.322938,1784264471.332000,decode,4,0,2352,0.0093,0,4,
1784264471.332000,1784264471.341052,decode,4,0,2352,0.0093,0,4,
1784264471.341052,1784264471.349936,decode,4,0,2368,0.0093,0,4,
1784264471.349936,1784264471.359246,decode,4,0,2416,0.0095,0,4,
1784264471.359246,1784264471.368209,decode,4,0,2416,0.0095,0,4,
1784264471.368209,1784264471.377177,decode,4,0,2416,0.0095,0,4,
1784264471.377177,1784264471.386301,decode,4,0,2416,0.0095,0,4,
1784264471.386301,1784264471.395446,decode,4,0,2416,0.0095,0,4,
1784264471.395446,1784264471.404823,decode,4,0,2416,0.0095,0,4,
1784264471.404823,1784264471.591081,decode,4,0,2416,0.0095,0,4,
1784264471.591081,1784264471.591196,decode,4,0,2416,0.0095,0,4,
1784264471.591196,1784264471.591246,decode,4,0,2416,0.0095,0,4,
1784264471.591246,1784264471.591292,decode,4,0,2416,0.0095,0,4,
1784264471.591292,1784264471.591335,decode,4,0,2416,0.0095,0,4,
1784264471.591335,1784264471.591382,decode,4,0,2416,0.0095,0,4,
1784264471.591382,1784264471.591424,decode,4,0,2416,0.0095,0,4,
1784264471.591424,1784264471.591466,decode,4,0,2416,0.0095,0,4,
1784264471.591466,1784264471.591507,decode,4,0,2416,0.0095,0,4,
1784264471.591507,1784264471.591547,decode,4,0,2432,0.0096,0,4,
1784264471.591547,1784264471.591587,decode,4,0,2480,0.0098,0,4,
1784264471.591587,1784264471.591628,decode,4,0,2480,0.0098,0,4,
1784264471.591628,1784264471.591667,decode,4,0,2480,0.0098,0,4,
1784264471.591667,1784264471.591726,decode,4,0,2480,0.0098,0,4,
1784264471.591726,1784264471.591769,decode,4,0,2480,0.0098,0,4,
1784264471.591769,1784264471.591812,decode,4,0,2480,0.0098,0,4,
1784264471.591812,1784264471.591854,decode,4,0,2480,0.0098,0,4,
1784264471.591854,1784264471.591894,decode,4,0,2480,0.0098,0,4,
1784264471.591894,1784264471.591935,decode,4,0,2480,0.0098,0,4,
1784264471.591935,1784264471.591976,decode,4,0,2480,0.0098,0,4,
1784264471.591976,1784264471.594587,decode,4,0,2480,0.0098,0,4,
1784264471.594587,1784264471.603596,decode,4,0,2480,0.0098,0,4,
1784264471.603596,1784264471.612486,decode,4,0,2480,0.0098,0,4,
1784264471.612486,1784264471.621728,decode,4,0,2480,0.0098,0,4,
1784264471.621728,1784264471.630839,decode,4,0,2480,0.0098,0,4,
1784264471.630839,1784264471.639906,decode,4,0,2496,0.0098,0,4,
1784264471.639906,1784264471.649101,decode,4,0,2544,0.0100,0,4,
1784264471.649101,1784264471.658092,decode,4,0,2544,0.0100,0,4,
1784264471.658092,1784264471.667139,decode,4,0,2544,0.0100,0,4,
1784264471.667139,1784264471.676107,decode,4,0,2544,0.0100,0,4,
1784264471.676107,1784264471.685449,decode,4,0,2544,0.0100,0,4,
1784264471.685449,1784264471.694745,decode,4,0,2544,0.0100,0,4,
1784264471.694745,1784264471.703395,decode,4,0,2544,0.0100,0,4,
1784264471.703395,1784264471.712091,decode,4,0,2544,0.0100,0,4,
1784264471.712091,1784264471.721522,decode,4,0,2544,0.0100,0,4,
1784264471.721522,1784264471.730254,decode,4,0,2544,0.0100,0,4,
1784264471.730254,1784264471.739394,decode,4,0,2544,0.0100,0,4,
1784264471.739394,1784264471.748441,decode,4,0,2544,0.0100,0,4,
1784264471.748441,1784264471.757452,decode,4,0,2544,0.0100,0,4,
1784264471.757452,1784264471.766475,decode,4,0,2544,0.0100,0,4,
1784264471.766475,1784264471.775474,decode,4,0,2544,0.0100,0,4,
1784264471.775474,1784264471.784926,decode,4,0,2560,0.0101,0,4,
1784264471.784926,1784264471.794214,decode,4,0,2608,0.0103,0,4,
1784264471.794214,1784264471.803235,decode,4,0,2608,0.0103,0,4,
1784264471.803235,1784264471.812011,decode,4,0,2608,0.0103,0,4,
1784264471.812011,1784264471.821375,decode,4,0,2608,0.0103,0,4,
1784264471.821375,1784264471.830062,decode,4,0,2608,0.0103,0,4,
1784264471.830062,1784264471.839182,decode,4,0,2608,0.0103,0,4,
1784264471.839182,1784264471.848147,decode,4,0,2608,0.0103,0,4,
1784264471.848147,1784264471.857226,decode,4,0,2608,0.0103,0,4,
1784264471.857226,1784264471.866350,decode,4,0,2608,0.0103,0,4,
1784264471.866350,1784264471.875416,decode,4,0,2608,0.0103,0,4,
1784264471.875416,1784264471.884701,decode,4,0,2608,0.0103,0,4,
1784264471.884701,1784264471.893303,decode,4,0,2608,0.0103,0,4,
1784264471.893303,1784264471.902784,decode,4,0,2608,0.0103,0,4,
1784264471.902784,1784264471.911638,decode,3,0,2464,0.0097,0,4,
1784264471.911638,1784264471.922766,decode,0,0,0,0.0000,0,3,
1784264471.922766,1784264471.932888,mixed,1,0,2048,0.0081,2048,1,
1784264471.932888,1784264471.942789,mixed,4,0,2112,0.0083,6144,4,
1784264471.942789,1784264471.951847,decode,4,0,2160,0.0085,0,4,
1784264471.951847,1784264471.961143,decode,4,0,2160,0.0085,0,4,
1784264471.961143,1784264471.970042,decode,4,0,2160,0.0085,0,4,
1784264471.970042,1784264471.978846,decode,4,0,2160,0.0085,0,4,
1784264471.978846,1784264471.988446,decode,4,0,2160,0.0085,0,4,
1784264471.988446,1784264471.997418,decode,4,0,2160,0.0085,0,4,
1784264471.997418,1784264472.006110,decode,4,0,2160,0.0085,0,4,
1784264472.006110,1784264472.015410,decode,4,0,2160,0.0085,0,4,
1784264472.015410,1784264472.024086,decode,4,0,2160,0.0085,0,4,
1784264472.024086,1784264472.033299,decode,4,0,2160,0.0085,0,4,
1784264472.033299,1784264472.042258,decode,4,0,2160,0.0085,0,4,
1784264472.042258,1784264472.051399,decode,4,0,2160,0.0085,0,4,
1784264472.051399,1784264472.060410,decode,4,0,2160,0.0085,0,4,
1784264472.060410,1784264472.069310,decode,4,0,2160,0.0085,0,4,
1784264472.069310,1784264472.078351,decode,4,0,2160,0.0085,0,4,
1784264472.078351,1784264472.087423,decode,4,0,2176,0.0086,0,4,
1784264472.087423,1784264472.096811,decode,4,0,2224,0.0087,0,4,
1784264472.096811,1784264472.105792,decode,4,0,2224,0.0087,0,4,
1784264472.105792,1784264472.114446,decode,4,0,2224,0.0087,0,4,
1784264472.114446,1784264472.123427,decode,4,0,2224,0.0087,0,4,
1784264472.123427,1784264472.132546,decode,4,0,2224,0.0087,0,4,
1784264472.132546,1784264472.141678,decode,4,0,2224,0.0087,0,4,
1784264472.141678,1784264472.151070,decode,4,0,2224,0.0087,0,4,
1784264472.151070,1784264472.159560,decode,4,0,2224,0.0087,0,4,
1784264472.159560,1784264472.168631,decode,4,0,2224,0.0087,0,4,
1784264472.168631,1784264472.177802,decode,4,0,2224,0.0087,0,4,
1784264472.177802,1784264472.186996,decode,4,0,2224,0.0087,0,4,
1784264472.186996,1784264472.195456,decode,4,0,2224,0.0087,0,4,
1784264472.195456,1784264472.204486,decode,4,0,2224,0.0087,0,4,
1784264472.204486,1784264472.213725,decode,4,0,2224,0.0087,0,4,
1784264472.213725,1784264472.222818,decode,4,0,2224,0.0087,0,4,
1784264472.222818,1784264472.231804,decode,4,0,2240,0.0088,0,4,
1784264472.231804,1784264472.240781,decode,4,0,2288,0.0090,0,4,
1784264472.240781,1784264472.249987,decode,4,0,2288,0.0090,0,4,
1784264472.249987,1784264472.258967,decode,4,0,2288,0.0090,0,4,
1784264472.258967,1784264472.267555,decode,4,0,2288,0.0090,0,4,
1784264472.267555,1784264472.276802,decode,4,0,2288,0.0090,0,4,
1784264472.276802,1784264472.287071,decode,4,0,2288,0.0090,0,4,
1784264472.287071,1784264472.296124,decode,4,0,2288,0.0090,0,4,
1784264472.296124,1784264472.305207,decode,4,0,2288,0.0090,0,4,
1784264472.305207,1784264472.314212,decode,4,0,2288,0.0090,0,4,
1784264472.314212,1784264472.323548,decode,4,0,2288,0.0090,0,4,
1784264472.323548,1784264472.332487,decode,4,0,2288,0.0090,0,4,
1784264472.332487,1784264472.341600,decode,4,0,2288,0.0090,0,4,
1784264472.341600,1784264472.350727,decode,4,0,2288,0.0090,0,4,
1784264472.350727,1784264472.359754,decode,4,0,2288,0.0090,0,4,
1784264472.359754,1784264472.369066,decode,4,0,2288,0.0090,0,4,
1784264472.369066,1784264472.377826,decode,4,0,2304,0.0091,0,4,
1784264472.377826,1784264472.387111,decode,4,0,2352,0.0093,0,4,
1784264472.387111,1784264472.395939,decode,4,0,2352,0.0093,0,4,
1784264472.395939,1784264472.405263,decode,4,0,2352,0.0093,0,4,
1784264472.405263,1784264472.414009,decode,4,0,2352,0.0093,0,4,
1784264472.414009,1784264472.423275,decode,4,0,2352,0.0093,0,4,
1784264472.423275,1784264472.432038,decode,4,0,2352,0.0093,0,4,
1784264472.432038,1784264472.441154,decode,4,0,2352,0.0093,0,4,
1784264472.441154,1784264472.450246,decode,4,0,2352,0.0093,0,4,
1784264472.450246,1784264472.459157,decode,4,0,2352,0.0093,0,4,
1784264472.459157,1784264472.468197,decode,4,0,2352,0.0093,0,4,
1784264472.468197,1784264472.477051,decode,4,0,2352,0.0093,0,4,
1784264472.477051,1784264472.486354,decode,4,0,2352,0.0093,0,4,
1784264472.486354,1784264472.495439,decode,4,0,2352,0.0093,0,4,
1784264472.495439,1784264472.504103,decode,4,0,2352,0.0093,0,4,
1784264472.504103,1784264472.513476,decode,4,0,2352,0.0093,0,4,
1784264472.513476,1784264472.522352,decode,4,0,2368,0.0093,0,4,
1784264472.522352,1784264472.531693,decode,4,0,2416,0.0095,0,4,
1784264472.531693,1784264472.540515,decode,4,0,2416,0.0095,0,4,
1784264472.540515,1784264472.549467,decode,4,0,2416,0.0095,0,4,
1784264472.549467,1784264472.558377,decode,4,0,2416,0.0095,0,4,
1784264472.558377,1784264472.567803,decode,4,0,2416,0.0095,0,4,
1784264472.567803,1784264472.576632,decode,4,0,2416,0.0095,0,4,
1784264472.576632,1784264472.585752,decode,4,0,2416,0.0095,0,4,
1784264472.585752,1784264472.595058,decode,4,0,2416,0.0095,0,4,
1784264472.595058,1784264472.603536,decode,4,0,2416,0.0095,0,4,
1784264472.603536,1784264472.613031,decode,4,0,2416,0.0095,0,4,
1784264472.613031,1784264472.621838,decode,4,0,2416,0.0095,0,4,
1784264472.621838,1784264472.630670,decode,4,0,2416,0.0095,0,4,
1784264472.630670,1784264472.639668,decode,4,0,2416,0.0095,0,4,
1784264472.639668,1784264472.648615,decode,4,0,2416,0.0095,0,4,
1784264472.648615,1784264472.657811,decode,4,0,2416,0.0095,0,4,
1784264472.657811,1784264472.666706,decode,4,0,2432,0.0096,0,4,
1784264472.666706,1784264472.676469,decode,4,0,2480,0.0098,0,4,
1784264472.676469,1784264472.685459,decode,4,0,2480,0.0098,0,4,
1784264472.685459,1784264472.694307,decode,4,0,2480,0.0098,0,4,
1784264472.694307,1784264472.703576,decode,4,0,2480,0.0098,0,4,
1784264472.703576,1784264472.712384,decode,4,0,2480,0.0098,0,4,
1784264472.712384,1784264472.721403,decode,4,0,2480,0.0098,0,4,
1784264472.721403,1784264472.730506,decode,4,0,2480,0.0098,0,4,
1784264472.730506,1784264472.739467,decode,4,0,2480,0.0098,0,4,
1784264472.739467,1784264472.748464,decode,4,0,2480,0.0098,0,4,
1784264472.748464,1784264472.757819,decode,4,0,2480,0.0098,0,4,
1784264472.757819,1784264472.767351,decode,4,0,2480,0.0098,0,4,
1784264472.767351,1784264472.776728,decode,4,0,2480,0.0098,0,4,
1784264472.776728,1784264472.786379,decode,4,0,2480,0.0098,0,4,
1784264472.786379,1784264472.795578,decode,4,0,2480,0.0098,0,4,
1784264472.795578,1784264472.805029,decode,4,0,2480,0.0098,0,4,
1784264472.805029,1784264472.814469,decode,4,0,2496,0.0098,0,4,
1784264472.814469,1784264472.823540,decode,4,0,2544,0.0100,0,4,
1784264472.823540,1784264472.833102,decode,4,0,2544,0.0100,0,4,
1784264472.833102,1784264472.842145,decode,4,0,2544,0.0100,0,4,
1784264472.842145,1784264472.851281,decode,4,0,2544,0.0100,0,4,
1784264472.851281,1784264472.860352,decode,4,0,2544,0.0100,0,4,
1784264472.860352,1784264472.869490,decode,4,0,2544,0.0100,0,4,
1784264472.869490,1784264472.878621,decode,4,0,2544,0.0100,0,4,
1784264472.878621,1784264472.888222,decode,4,0,2544,0.0100,0,4,
1784264472.888222,1784264472.897075,decode,4,0,2544,0.0100,0,4,
1784264472.897075,1784264472.906419,decode,4,0,2544,0.0100,0,4,
1784264472.906419,1784264472.915616,decode,4,0,2544,0.0100,0,4,
1784264472.915616,1784264472.924832,decode,4,0,2544,0.0100,0,4,
1784264472.924832,1784264472.934028,decode,4,0,2544,0.0100,0,4,
1784264472.934028,1784264472.943171,decode,4,0,2544,0.0100,0,4,
1784264472.943171,1784264472.952319,decode,4,0,2544,0.0100,0,4,
1784264472.952319,1784264472.961472,decode,4,0,2560,0.0101,0,4,
1784264472.961472,1784264472.970689,decode,4,0,2608,0.0103,0,4,
1784264472.970689,1784264472.979842,decode,4,0,2608,0.0103,0,4,
1784264472.979842,1784264472.988993,decode,4,0,2608,0.0103,0,4,
1784264472.988993,1784264472.998359,decode,4,0,2608,0.0103,0,4,
1784264472.998359,1784264473.007272,decode,4,0,2608,0.0103,0,4,
1784264473.007272,1784264473.016408,decode,4,0,2608,0.0103,0,4,
1784264473.016408,1784264473.025701,decode,4,0,2608,0.0103,0,4,
1784264473.025701,1784264473.035003,decode,4,0,2608,0.0103,0,4,
1784264473.035003,1784264473.044173,decode,4,0,2608,0.0103,0,4,
1784264473.044173,1784264473.053290,decode,4,0,2608,0.0103,0,4,
1784264473.053290,1784264473.062346,decode,4,0,2608,0.0103,0,4,
1784264473.062346,1784264473.071586,decode,4,0,2608,0.0103,0,4,
1784264473.071586,1784264473.080741,decode,4,0,2608,0.0103,0,4,
1784264473.080741,1784264473.090232,decode,3,0,2464,0.0097,0,4,
1784264473.090232,1784264473.100837,decode,0,0,0,0.0000,0,3,
1784264473.100837,1784264473.112509,mixed,1,0,2048,0.0081,2048,1,
1784264473.112509,1784264473.122434,mixed,4,0,2112,0.0083,6144,4,
1784264473.122434,1784264473.131546,decode,4,0,2160,0.0085,0,4,
1784264473.131546,1784264473.141220,decode,4,0,2160,0.0085,0,4,
1784264473.141220,1784264473.150594,decode,4,0,2160,0.0085,0,4,
1784264473.150594,1784264473.159212,decode,4,0,2160,0.0085,0,4,
1784264473.159212,1784264473.168274,decode,4,0,2160,0.0085,0,4,
1784264473.168274,1784264473.177876,decode,4,0,2160,0.0085,0,4,
1784264473.177876,1784264473.187409,decode,4,0,2160,0.0085,0,4,
1784264473.187409,1784264473.196123,decode,4,0,2160,0.0085,0,4,
1784264473.196123,1784264473.205445,decode,4,0,2160,0.0085,0,4,
1784264473.205445,1784264473.214607,decode,4,0,2160,0.0085,0,4,
1784264473.214607,1784264473.223698,decode,4,0,2160,0.0085,0,4,
1784264473.223698,1784264473.232730,decode,4,0,2160,0.0085,0,4,
1784264473.232730,1784264473.241820,decode,4,0,2160,0.0085,0,4,
1784264473.241820,1784264473.250957,decode,4,0,2160,0.0085,0,4,
1784264473.250957,1784264473.260489,decode,4,0,2160,0.0085,0,4,
1784264473.260489,1784264473.269373,decode,4,0,2176,0.0086,0,4,
1784264473.269373,1784264473.278750,decode,4,0,2224,0.0087,0,4,
1784264473.278750,1784264473.287934,decode,4,0,2224,0.0087,0,4,
1784264473.287934,1784264473.296888,decode,4,0,2224,0.0087,0,4,
1784264473.296888,1784264473.306057,decode,4,0,2224,0.0087,0,4,
1784264473.306057,1784264473.315208,decode,4,0,2224,0.0087,0,4,
1784264473.315208,1784264473.324357,decode,4,0,2224,0.0087,0,4,
1784264473.324357,1784264473.333490,decode,4,0,2224,0.0087,0,4,
1784264473.333490,1784264473.342701,decode,4,0,2224,0.0087,0,4,
1784264473.342701,1784264473.352216,decode,4,0,2224,0.0087,0,4,
1784264473.352216,1784264473.361181,decode,4,0,2224,0.0087,0,4,
1784264473.361181,1784264473.370250,decode,4,0,2224,0.0087,0,4,
1784264473.370250,1784264473.379364,decode,4,0,2224,0.0087,0,4,
1784264473.379364,1784264473.388767,decode,4,0,2224,0.0087,0,4,
1784264473.388767,1784264473.397595,decode,4,0,2224,0.0087,0,4,
1784264473.397595,1784264473.407273,decode,4,0,2224,0.0087,0,4,
1784264473.407273,1784264473.416830,decode,4,0,2240,0.0088,0,4,
1784264473.416830,1784264473.425674,decode,4,0,2288,0.0090,0,4,
1784264473.425674,1784264473.435162,decode,4,0,2288,0.0090,0,4,
1784264473.435162,1784264473.444314,decode,4,0,2288,0.0090,0,4,
1784264473.444314,1784264473.453535,decode,4,0,2288,0.0090,0,4,
1784264473.453535,1784264473.462658,decode,4,0,2288,0.0090,0,4,
1784264473.462658,1784264473.471889,decode,4,0,2288,0.0090,0,4,
1784264473.471889,1784264473.480974,decode,4,0,2288,0.0090,0,4,
1784264473.480974,1784264473.490236,decode,4,0,2288,0.0090,0,4,
1784264473.490236,1784264473.499354,decode,4,0,2288,0.0090,0,4,
1784264473.499354,1784264473.508426,decode,4,0,2288,0.0090,0,4,
1784264473.508426,1784264473.517514,decode,4,0,2288,0.0090,0,4,
1784264473.517514,1784264473.526809,decode,4,0,2288,0.0090,0,4,
1784264473.526809,1784264473.535985,decode,4,0,2288,0.0090,0,4,
1784264473.535985,1784264473.545154,decode,4,0,2288,0.0090,0,4,
1784264473.545154,1784264473.554368,decode,4,0,2288,0.0090,0,4,
1784264473.554368,1784264473.563425,decode,4,0,2304,0.0091,0,4,
1784264473.563425,1784264473.572644,decode,4,0,2352,0.0093,0,4,
1784264473.572644,1784264473.581844,decode,4,0,2352,0.0093,0,4,
1784264473.581844,1784264473.591048,decode,4,0,2352,0.0093,0,4,
1784264473.591048,1784264473.600069,decode,4,0,2352,0.0093,0,4,
1784264473.600069,1784264473.609371,decode,4,0,2352,0.0093,0,4,
1784264473.609371,1784264473.618412,decode,4,0,2352,0.0093,0,4,
1784264473.618412,1784264473.627641,decode,4,0,2352,0.0093,0,4,
1784264473.627641,1784264473.636813,decode,4,0,2352,0.0093,0,4,
1784264473.636813,1784264473.646047,decode,4,0,2352,0.0093,0,4,
1784264473.646047,1784264473.655177,decode,4,0,2352,0.0093,0,4,
1784264473.655177,1784264473.664174,decode,4,0,2352,0.0093,0,4,
1784264473.664174,1784264473.673451,decode,4,0,2352,0.0093,0,4,
1784264473.673451,1784264473.683122,decode,4,0,2352,0.0093,0,4,
1784264473.683122,1784264473.691981,decode,4,0,2352,0.0093,0,4,
1784264473.691981,1784264473.701143,decode,4,0,2352,0.0093,0,4,
1784264473.701143,1784264473.710418,decode,4,0,2368,0.0093,0,4,
1784264473.710418,1784264473.719529,decode,4,0,2416,0.0095,0,4,
1784264473.719529,1784264473.728806,decode,4,0,2416,0.0095,0,4,
1784264473.728806,1784264473.737982,decode,4,0,2416,0.0095,0,4,
1784264473.737982,1784264473.747133,decode,4,0,2416,0.0095,0,4,
1784264473.747133,1784264473.756362,decode,4,0,2416,0.0095,0,4,
1784264473.756362,1784264473.765424,decode,4,0,2416,0.0095,0,4,
1784264473.765424,1784264473.774797,decode,4,0,2416,0.0095,0,4,
1784264473.774797,1784264473.783937,decode,4,0,2416,0.0095,0,4,
1784264473.783937,1784264473.793180,decode,4,0,2416,0.0095,0,4,
1784264473.793180,1784264473.802562,decode,4,0,2416,0.0095,0,4,
1784264473.802562,1784264473.811904,decode,4,0,2416,0.0095,0,4,
1784264473.811904,1784264473.821017,decode,4,0,2416,0.0095,0,4,
1784264473.821017,1784264473.830205,decode,4,0,2416,0.0095,0,4,
1784264473.830205,1784264473.839412,decode,4,0,2416,0.0095,0,4,
1784264473.839412,1784264473.849142,decode,4,0,2416,0.0095,0,4,
1784264473.849142,1784264473.857968,decode,4,0,2432,0.0096,0,4,
1784264473.857968,1784264473.867321,decode,4,0,2480,0.0098,0,4,
1784264473.867321,1784264473.876622,decode,4,0,2480,0.0098,0,4,
1784264473.876622,1784264473.885545,decode,4,0,2480,0.0098,0,4,
1784264473.885545,1784264473.894797,decode,4,0,2480,0.0098,0,4,
1784264473.894797,1784264473.903933,decode,4,0,2480,0.0098,0,4,
1784264473.903933,1784264473.912857,decode,4,0,2480,0.0098,0,4,
1784264473.912857,1784264473.921923,decode,4,0,2480,0.0098,0,4,
1784264473.921923,1784264473.931026,decode,4,0,2480,0.0098,0,4,
1784264473.931026,1784264473.939957,decode,4,0,2480,0.0098,0,4,
1784264473.939957,1784264473.948937,decode,4,0,2480,0.0098,0,4,
1784264473.948937,1784264473.958643,decode,4,0,2480,0.0098,0,4,
1784264473.958643,1784264473.967656,decode,4,0,2480,0.0098,0,4,
1784264473.967656,1784264473.976736,decode,4,0,2480,0.0098,0,4,
1784264473.976736,1784264473.986179,decode,4,0,2480,0.0098,0,4,
1784264473.986179,1784264473.995495,decode,4,0,2480,0.0098,0,4,
1784264473.995495,1784264474.004292,decode,4,0,2496,0.0098,0,4,
1784264474.004292,1784264474.013345,decode,4,0,2544,0.0100,0,4,
1784264474.013345,1784264474.022820,decode,4,0,2544,0.0100,0,4,
1784264474.022820,1784264474.031713,decode,4,0,2544,0.0100,0,4,
1784264474.031713,1784264474.040523,decode,4,0,2544,0.0100,0,4,
1784264474.040523,1784264474.049501,decode,4,0,2544,0.0100,0,4,
1784264474.049501,1784264474.058379,decode,4,0,2544,0.0100,0,4,
1784264474.058379,1784264474.067566,decode,4,0,2544,0.0100,0,4,
1784264474.067566,1784264474.076781,decode,4,0,2544,0.0100,0,4,
1784264474.076781,1784264474.085997,decode,4,0,2544,0.0100,0,4,
1784264474.085997,1784264474.094759,decode,4,0,2544,0.0100,0,4,
1784264474.094759,1784264474.103847,decode,4,0,2544,0.0100,0,4,
1784264474.103847,1784264474.112927,decode,4,0,2544,0.0100,0,4,
1784264474.112927,1784264474.121866,decode,4,0,2544,0.0100,0,4,
1784264474.121866,1784264474.130854,decode,4,0,2544,0.0100,0,4,
1784264474.130854,1784264474.139917,decode,4,0,2544,0.0100,0,4,
1784264474.139917,1784264474.148928,decode,4,0,2560,0.0101,0,4,
1784264474.148928,1784264474.158203,decode,4,0,2608,0.0103,0,4,
1784264474.158203,1784264474.167205,decode,4,0,2608,0.0103,0,4,
1784264474.167205,1784264474.176460,decode,4,0,2608,0.0103,0,4,
1784264474.176460,1784264474.185296,decode,4,0,2608,0.0103,0,4,
1784264474.185296,1784264474.194454,decode,4,0,2608,0.0103,0,4,
1784264474.194454,1784264474.203634,decode,4,0,2608,0.0103,0,4,
1784264474.203634,1784264474.212338,decode,4,0,2608,0.0103,0,4,
1784264474.212338,1784264474.221411,decode,4,0,2608,0.0103,0,4,
1784264474.221411,1784264474.230373,decode,4,0,2608,0.0103,0,4,
1784264474.230373,1784264474.239305,decode,4,0,2608,0.0103,0,4,
1784264474.239305,1784264474.248516,decode,4,0,2608,0.0103,0,4,
1784264474.248516,1784264474.258198,decode,4,0,2608,0.0103,0,4,
1784264474.258198,1784264474.267203,decode,4,0,2608,0.0103,0,4,
1784264474.267203,1784264474.276064,decode,3,0,2464,0.0097,0,4,
1784264474.276064,1784264474.286229,decode,0,0,0,0.0000,0,3,
1784264474.286229,1784264474.296584,mixed,1,0,2048,0.0081,2048,1,
1784264474.296584,1784264474.306214,mixed,4,0,2112,0.0083,6144,4,
1784264474.306214,1784264474.315564,decode,4,0,2160,0.0085,0,4,
1784264474.315564,1784264474.324407,decode,4,0,2160,0.0085,0,4,
1784264474.324407,1784264474.333171,decode,4,0,2160,0.0085,0,4,
1784264474.333171,1784264474.342706,decode,4,0,2160,0.0085,0,4,
1784264474.342706,1784264474.351216,decode,4,0,2160,0.0085,0,4,
1784264474.351216,1784264474.360137,decode,4,0,2160,0.0085,0,4,
1784264474.360137,1784264474.369398,decode,4,0,2160,0.0085,0,4,
1784264474.369398,1784264474.378474,decode,4,0,2160,0.0085,0,4,
1784264474.378474,1784264474.387364,decode,4,0,2160,0.0085,0,4,
1784264474.387364,1784264474.396177,decode,4,0,2160,0.0085,0,4,
1784264474.396177,1784264474.405455,decode,4,0,2160,0.0085,0,4,
1784264474.405455,1784264474.414383,decode,4,0,2160,0.0085,0,4,
1784264474.414383,1784264474.423262,decode,4,0,2160,0.0085,0,4,
1784264474.423262,1784264474.432022,decode,4,0,2160,0.0085,0,4,
1784264474.432022,1784264474.441567,decode,4,0,2160,0.0085,0,4,
1784264474.441567,1784264474.450141,decode,4,0,2176,0.0086,0,4,
1784264474.450141,1784264474.459124,decode,4,0,2224,0.0087,0,4,
1784264474.459124,1784264474.468246,decode,4,0,2224,0.0087,0,4,
1784264474.468246,1784264474.477060,decode,4,0,2224,0.0087,0,4,
1784264474.477060,1784264474.486286,decode,4,0,2224,0.0087,0,4,
1784264474.486286,1784264474.495072,decode,4,0,2224,0.0087,0,4,
1784264474.495072,1784264474.504174,decode,4,0,2224,0.0087,0,4,
1784264474.504174,1784264474.513351,decode,4,0,2224,0.0087,0,4,
1784264474.513351,1784264474.522049,decode,4,0,2224,0.0087,0,4,
1784264474.522049,1784264474.531190,decode,4,0,2224,0.0087,0,4,
1784264474.531190,1784264474.540379,decode,4,0,2224,0.0087,0,4,
1784264474.540379,1784264474.549455,decode,4,0,2224,0.0087,0,4,
1784264474.549455,1784264474.558729,decode,4,0,2224,0.0087,0,4,
1784264474.558729,1784264474.567996,decode,4,0,2224,0.0087,0,4,
1784264474.567996,1784264474.577339,decode,4,0,2224,0.0087,0,4,
1784264474.577339,1784264474.586467,decode,4,0,2224,0.0087,0,4,
1784264474.586467,1784264474.595645,decode,4,0,2240,0.0088,0,4,
1784264474.595645,1784264474.604667,decode,4,0,2288,0.0090,0,4,
1784264474.604667,1784264474.613793,decode,4,0,2288,0.0090,0,4,
1784264474.613793,1784264474.622882,decode,4,0,2288,0.0090,0,4,
1784264474.622882,1784264474.632128,decode,4,0,2288,0.0090,0,4,
1784264474.632128,1784264474.641276,decode,4,0,2288,0.0090,0,4,
1784264474.641276,1784264474.650417,decode,4,0,2288,0.0090,0,4,
1784264474.650417,1784264474.659630,decode,4,0,2288,0.0090,0,4,
1784264474.659630,1784264474.668809,decode,4,0,2288,0.0090,0,4,
1784264474.668809,1784264474.677943,decode,4,0,2288,0.0090,0,4,
1784264474.677943,1784264474.687186,decode,4,0,2288,0.0090,0,4,
1784264474.687186,1784264474.696185,decode,4,0,2288,0.0090,0,4,
1784264474.696185,1784264474.705472,decode,4,0,2288,0.0090,0,4,
1784264474.705472,1784264474.714460,decode,4,0,2288,0.0090,0,4,
1784264474.714460,1784264474.723645,decode,4,0,2288,0.0090,0,4,
1784264474.723645,1784264474.732831,decode,4,0,2288,0.0090,0,4,
1784264474.732831,1784264474.742108,decode,4,0,2304,0.0091,0,4,
1784264474.742108,1784264474.751483,decode,4,0,2352,0.0093,0,4,
1784264474.751483,1784264474.760575,decode,4,0,2352,0.0093,0,4,
1784264474.760575,1784264474.769614,decode,4,0,2352,0.0093,0,4,
1784264474.769614,1784264474.779113,decode,4,0,2352,0.0093,0,4,
1784264474.779113,1784264474.788385,decode,4,0,2352,0.0093,0,4,
1784264474.788385,1784264474.798118,decode,4,0,2352,0.0093,0,4,
1784264474.798118,1784264474.806792,decode,4,0,2352,0.0093,0,4,
1784264474.806792,1784264474.816363,decode,4,0,2352,0.0093,0,4,
1784264474.816363,1784264474.825447,decode,4,0,2352,0.0093,0,4,
1784264474.825447,1784264474.834789,decode,4,0,2352,0.0093,0,4,
1784264474.834789,1784264474.843529,decode,4,0,2352,0.0093,0,4,
1784264474.843529,1784264474.852394,decode,4,0,2352,0.0093,0,4,
1784264474.852394,1784264474.861484,decode,4,0,2352,0.0093,0,4,
1784264474.861484,1784264474.870507,decode,4,0,2352,0.0093,0,4,
1784264474.870507,1784264474.879969,decode,4,0,2352,0.0093,0,4,
1784264474.879969,1784264474.889019,decode,4,0,2368,0.0093,0,4,
1784264474.889019,1784264474.898021,decode,4,0,2416,0.0095,0,4,
1784264474.898021,1784264474.907032,decode,4,0,2416,0.0095,0,4,
1784264474.907032,1784264474.916113,decode,4,0,2416,0.0095,0,4,
1784264474.916113,1784264474.925199,decode,4,0,2416,0.0095,0,4,
1784264474.925199,1784264474.934014,decode,4,0,2416,0.0095,0,4,
1784264474.934014,1784264474.942965,decode,4,0,2416,0.0095,0,4,
1784264474.942965,1784264474.952044,decode,4,0,2416,0.0095,0,4,
1784264474.952044,1784264474.961093,decode,4,0,2416,0.0095,0,4,
1784264474.961093,1784264474.970165,decode,4,0,2416,0.0095,0,4,
1784264474.970165,1784264474.979162,decode,4,0,2416,0.0095,0,4,
1784264474.979162,1784264474.988168,decode,4,0,2416,0.0095,0,4,
1784264474.988168,1784264474.997470,decode,4,0,2416,0.0095,0,4,
1784264474.997470,1784264475.006092,decode,4,0,2416,0.0095,0,4,
1784264475.006092,1784264475.015069,decode,4,0,2416,0.0095,0,4,
1784264475.015069,1784264475.024320,decode,4,0,2416,0.0095,0,4,
1784264475.024320,1784264475.033230,decode,4,0,2432,0.0096,0,4,
1784264475.033230,1784264475.042344,decode,4,0,2480,0.0098,0,4,
1784264475.042344,1784264475.051581,decode,4,0,2480,0.0098,0,4,
1784264475.051581,1784264475.060995,decode,4,0,2480,0.0098,0,4,
1784264475.060995,1784264475.069971,decode,4,0,2480,0.0098,0,4,
1784264475.069971,1784264475.078694,decode,4,0,2480,0.0098,0,4,
1784264475.078694,1784264475.087544,decode,4,0,2480,0.0098,0,4,
1784264475.087544,1784264475.096447,decode,4,0,2480,0.0098,0,4,
1784264475.096447,1784264475.106323,decode,4,0,2480,0.0098,0,4,
1784264475.106323,1784264475.114820,decode,4,0,2480,0.0098,0,4,
1784264475.114820,1784264475.123951,decode,4,0,2480,0.0098,0,4,
1784264475.123951,1784264475.133008,decode,4,0,2480,0.0098,0,4,
1784264475.133008,1784264475.142543,decode,4,0,2480,0.0098,0,4,
1784264475.142543,1784264475.151572,decode,4,0,2480,0.0098,0,4,
1784264475.151572,1784264475.161096,decode,4,0,2480,0.0098,0,4,
1784264475.161096,1784264475.170535,decode,4,0,2480,0.0098,0,4,
1784264475.170535,1784264475.179316,decode,4,0,2496,0.0098,0,4,
1784264475.179316,1784264475.188423,decode,4,0,2544,0.0100,0,4,
1784264475.188423,1784264475.197568,decode,4,0,2544,0.0100,0,4,
1784264475.197568,1784264475.206822,decode,4,0,2544,0.0100,0,4,
1784264475.206822,1784264475.215458,decode,4,0,2544,0.0100,0,4,
1784264475.215458,1784264475.224835,decode,4,0,2544,0.0100,0,4,
1784264475.224835,1784264475.233845,decode,4,0,2544,0.0100,0,4,
1784264475.233845,1784264475.243487,decode,4,0,2544,0.0100,0,4,
1784264475.243487,1784264475.252400,decode,4,0,2544,0.0100,0,4,
1784264475.252400,1784264475.261320,decode,4,0,2544,0.0100,0,4,
1784264475.261320,1784264475.270620,decode,4,0,2544,0.0100,0,4,
1784264475.270620,1784264475.280173,decode,4,0,2544,0.0100,0,4,
1784264475.280173,1784264475.289565,decode,4,0,2544,0.0100,0,4,
1784264475.289565,1784264475.298469,decode,4,0,2544,0.0100,0,4,
1784264475.298469,1784264475.307255,decode,4,0,2544,0.0100,0,4,
1784264475.307255,1784264475.316330,decode,4,0,2544,0.0100,0,4,
1784264475.316330,1784264475.325377,decode,4,0,2560,0.0101,0,4,
1784264475.325377,1784264475.334493,decode,4,0,2608,0.0103,0,4,
1784264475.334493,1784264475.343623,decode,4,0,2608,0.0103,0,4,
1784264475.343623,1784264475.352694,decode,4,0,2608,0.0103,0,4,
1784264475.352694,1784264475.361776,decode,4,0,2608,0.0103,0,4,
1784264475.361776,1784264475.370883,decode,4,0,2608,0.0103,0,4,
1784264475.370883,1784264475.380202,decode,4,0,2608,0.0103,0,4,
1784264475.380202,1784264475.389607,decode,4,0,2608,0.0103,0,4,
1784264475.389607,1784264475.398508,decode,4,0,2608,0.0103,0,4,
1784264475.398508,1784264475.407394,decode,4,0,2608,0.0103,0,4,
1784264475.407394,1784264475.416798,decode,4,0,2608,0.0103,0,4,
1784264475.416798,1784264475.425610,decode,4,0,2608,0.0103,0,4,
1784264475.425610,1784264475.434714,decode,4,0,2608,0.0103,0,4,
1784264475.434714,1784264475.443775,decode,4,0,2608,0.0103,0,4,
1784264475.443775,1784264475.452920,decode,3,0,2464,0.0097,0,4,
1784264475.452920,1784264475.463081,decode,0,0,0,0.0000,0,3,
1784264475.463081,1784264475.473451,mixed,1,0,2048,0.0081,2048,1,
1784264475.473451,1784264475.483412,mixed,4,0,2112,0.0083,6144,4,
1784264475.483412,1784264475.492884,decode,4,0,2160,0.0085,0,4,
1784264475.492884,1784264475.501877,decode,4,0,2160,0.0085,0,4,
1784264475.501877,1784264475.511068,decode,4,0,2160,0.0085,0,4,
1784264475.511068,1784264475.520005,decode,4,0,2160,0.0085,0,4,
1784264475.520005,1784264475.528816,decode,4,0,2160,0.0085,0,4,
1784264475.528816,1784264475.537936,decode,4,0,2160,0.0085,0,4,
1784264475.537936,1784264475.546895,decode,4,0,2160,0.0085,0,4,
1784264475.546895,1784264475.555949,decode,4,0,2160,0.0085,0,4,
1784264475.555949,1784264475.564855,decode,4,0,2160,0.0085,0,4,
1784264475.564855,1784264475.573856,decode,4,0,2160,0.0085,0,4,
1784264475.573856,1784264475.582833,decode,4,0,2160,0.0085,0,4,
1784264475.582833,1784264475.592288,decode,4,0,2160,0.0085,0,4,
1784264475.592288,1784264475.601223,decode,4,0,2160,0.0085,0,4,
1784264475.601223,1784264475.609996,decode,4,0,2160,0.0085,0,4,
1784264475.609996,1784264475.619249,decode,4,0,2160,0.0085,0,4,
1784264475.619249,1784264475.628220,decode,4,0,2176,0.0086,0,4,
1784264475.628220,1784264475.637311,decode,4,0,2224,0.0087,0,4,
1784264475.637311,1784264475.646354,decode,4,0,2224,0.0087,0,4,
1784264475.646354,1784264475.655447,decode,4,0,2224,0.0087,0,4,
1784264475.655447,1784264475.664507,decode,4,0,2224,0.0087,0,4,
1784264475.664507,1784264475.673548,decode,4,0,2224,0.0087,0,4,
1784264475.673548,1784264475.682489,decode,4,0,2224,0.0087,0,4,
1784264475.682489,1784264475.692095,decode,4,0,2224,0.0087,0,4,
1784264475.692095,1784264475.701341,decode,4,0,2224,0.0087,0,4,
1784264475.701341,1784264475.710537,decode,4,0,2224,0.0087,0,4,
1784264475.710537,1784264475.719406,decode,4,0,2224,0.0087,0,4,
1784264475.719406,1784264475.728549,decode,4,0,2224,0.0087,0,4,
1784264475.728549,1784264475.737515,decode,4,0,2224,0.0087,0,4,
1784264475.737515,1784264475.746475,decode,4,0,2224,0.0087,0,4,
1784264475.746475,1784264475.755587,decode,4,0,2224,0.0087,0,4,
1784264475.755587,1784264475.764692,decode,4,0,2224,0.0087,0,4,
1784264475.764692,1784264475.773414,decode,4,0,2240,0.0088,0,4,
1784264475.773414,1784264475.782597,decode,4,0,2288,0.0090,0,4,
1784264475.782597,1784264475.791885,decode,4,0,2288,0.0090,0,4,
1784264475.791885,1784264475.801398,decode,4,0,2288,0.0090,0,4,
1784264475.801398,1784264475.809756,decode,4,0,2288,0.0090,0,4,
1784264475.809756,1784264475.818926,decode,4,0,2288,0.0090,0,4,
1784264475.818926,1784264475.827880,decode,4,0,2288,0.0090,0,4,
1784264475.827880,1784264475.837165,decode,4,0,2288,0.0090,0,4,
1784264475.837165,1784264475.845870,decode,4,0,2288,0.0090,0,4,
1784264475.845870,1784264475.855475,decode,4,0,2288,0.0090,0,4,
1784264475.855475,1784264475.864556,decode,4,0,2288,0.0090,0,4,
1784264475.864556,1784264475.873518,decode,4,0,2288,0.0090,0,4,
1784264475.873518,1784264475.882542,decode,4,0,2288,0.0090,0,4,
1784264475.882542,1784264475.891636,decode,4,0,2288,0.0090,0,4,
1784264475.891636,1784264475.900597,decode,4,0,2288,0.0090,0,4,
1784264475.900597,1784264475.910177,decode,4,0,2288,0.0090,0,4,
1784264475.910177,1784264475.919549,decode,4,0,2304,0.0091,0,4,
1784264475.919549,1784264475.928793,decode,4,0,2352,0.0093,0,4,
1784264475.928793,1784264475.938384,decode,4,0,2352,0.0093,0,4,
1784264475.938384,1784264475.947467,decode,4,0,2352,0.0093,0,4,
1784264475.947467,1784264475.956867,decode,4,0,2352,0.0093,0,4,
1784264475.956867,1784264475.966506,decode,4,0,2352,0.0093,0,4,
1784264475.966506,1784264475.975812,decode,4,0,2352,0.0093,0,4,
1784264475.975812,1784264475.984909,decode,4,0,2352,0.0093,0,4,
1784264475.984909,1784264475.994502,decode,4,0,2352,0.0093,0,4,
1784264475.994502,1784264476.003675,decode,4,0,2352,0.0093,0,4,
1784264476.003675,1784264476.013321,decode,4,0,2352,0.0093,0,4,
1784264476.013321,1784264476.022475,decode,4,0,2352,0.0093,0,4,
1784264476.022475,1784264476.031337,decode,4,0,2352,0.0093,0,4,
1784264476.031337,1784264476.040363,decode,4,0,2352,0.0093,0,4,
1784264476.040363,1784264476.049578,decode,4,0,2352,0.0093,0,4,
1784264476.049578,1784264476.059057,decode,4,0,2352,0.0093,0,4,
1784264476.059057,1784264476.068324,decode,4,0,2368,0.0093,0,4,
1784264476.068324,1784264476.077388,decode,4,0,2416,0.0095,0,4,
1784264476.077388,1784264476.086614,decode,4,0,2416,0.0095,0,4,
1784264476.086614,1784264476.095712,decode,4,0,2416,0.0095,0,4,
1784264476.095712,1784264476.104824,decode,4,0,2416,0.0095,0,4,
1784264476.104824,1784264476.113704,decode,4,0,2416,0.0095,0,4,
1784264476.113704,1784264476.122549,decode,4,0,2416,0.0095,0,4,
1784264476.122549,1784264476.131803,decode,4,0,2416,0.0095,0,4,
1784264476.131803,1784264476.140949,decode,4,0,2416,0.0095,0,4,
1784264476.140949,1784264476.150134,decode,4,0,2416,0.0095,0,4,
1784264476.150134,1784264476.159318,decode,4,0,2416,0.0095,0,4,
1784264476.159318,1784264476.168419,decode,4,0,2416,0.0095,0,4,
1784264476.168419,1784264476.177558,decode,4,0,2416,0.0095,0,4,
1784264476.177558,1784264476.187298,decode,4,0,2416,0.0095,0,4,
1784264476.187298,1784264476.195847,decode,4,0,2416,0.0095,0,4,
1784264476.195847,1784264476.205290,decode,4,0,2416,0.0095,0,4,
1784264476.205290,1784264476.214487,decode,4,0,2432,0.0096,0,4,
1784264476.214487,1784264476.223463,decode,4,0,2480,0.0098,0,4,
1784264476.223463,1784264476.232584,decode,4,0,2480,0.0098,0,4,
1784264476.232584,1784264476.241646,decode,4,0,2480,0.0098,0,4,
1784264476.241646,1784264476.250765,decode,4,0,2480,0.0098,0,4,
1784264476.250765,1784264476.259883,decode,4,0,2480,0.0098,0,4,
1784264476.259883,1784264476.269000,decode,4,0,2480,0.0098,0,4,
1784264476.269000,1784264476.278191,decode,4,0,2480,0.0098,0,4,
1784264476.278191,1784264476.287626,decode,4,0,2480,0.0098,0,4,
1784264476.287626,1784264476.296664,decode,4,0,2480,0.0098,0,4,
1784264476.296664,1784264476.305616,decode,4,0,2480,0.0098,0,4,
1784264476.305616,1784264476.314801,decode,4,0,2480,0.0098,0,4,
1784264476.314801,1784264476.324000,decode,4,0,2480,0.0098,0,4,
1784264476.324000,1784264476.333202,decode,4,0,2480,0.0098,0,4,
1784264476.333202,1784264476.342385,decode,4,0,2480,0.0098,0,4,
1784264476.342385,1784264476.351540,decode,4,0,2480,0.0098,0,4,
1784264476.351540,1784264476.360666,decode,4,0,2496,0.0098,0,4,
1784264476.360666,1784264476.370265,decode,4,0,2544,0.0100,0,4,
1784264476.370265,1784264476.379094,decode,4,0,2544,0.0100,0,4,
1784264476.379094,1784264476.388230,decode,4,0,2544,0.0100,0,4,
1784264476.388230,1784264476.397436,decode,4,0,2544,0.0100,0,4,
1784264476.397436,1784264476.406811,decode,4,0,2544,0.0100,0,4,
1784264476.406811,1784264476.415750,decode,4,0,2544,0.0100,0,4,
1784264476.415750,1784264476.424863,decode,4,0,2544,0.0100,0,4,
1784264476.424863,1784264476.434111,decode,4,0,2544,0.0100,0,4,
1784264476.434111,1784264476.443215,decode,4,0,2544,0.0100,0,4,
1784264476.443215,1784264476.452374,decode,4,0,2544,0.0100,0,4,
1784264476.452374,1784264476.461473,decode,4,0,2544,0.0100,0,4,
1784264476.461473,1784264476.470701,decode,4,0,2544,0.0100,0,4,
1784264476.470701,1784264476.479872,decode,4,0,2544,0.0100,0,4,
1784264476.479872,1784264476.489075,decode,4,0,2544,0.0100,0,4,
1784264476.489075,1784264476.498203,decode,4,0,2544,0.0100,0,4,
1784264476.498203,1784264476.507784,decode,4,0,2560,0.0101,0,4,
1784264476.507784,1784264476.517118,decode,4,0,2608,0.0103,0,4,
1784264476.517118,1784264476.526134,decode,4,0,2608,0.0103,0,4,
1784264476.526134,1784264476.535141,decode,4,0,2608,0.0103,0,4,
1784264476.535141,1784264476.544361,decode,4,0,2608,0.0103,0,4,
1784264476.544361,1784264476.553491,decode,4,0,2608,0.0103,0,4,
1784264476.553491,1784264476.562625,decode,4,0,2608,0.0103,0,4,
1784264476.562625,1784264476.571818,decode,4,0,2608,0.0103,0,4,
1784264476.571818,1784264476.581252,decode,4,0,2608,0.0103,0,4,
1784264476.581252,1784264476.590738,decode,4,0,2608,0.0103,0,4,
1784264476.590738,1784264476.599579,decode,4,0,2608,0.0103,0,4,
1784264476.599579,1784264476.608701,decode,4,0,2608,0.0103,0,4,
1784264476.608701,1784264476.617883,decode,4,0,2608,0.0103,0,4,
1784264476.617883,1784264476.626994,decode,4,0,2608,0.0103,0,4,
1784264476.626994,1784264476.636144,decode,3,0,2464,0.0097,0,4,
1784264476.636144,1784264476.646596,decode,0,0,0,0.0000,0,3,
1784264476.646596,1784264476.657610,mixed,1,0,2048,0.0081,2048,1,
1784264476.657610,1784264476.667473,mixed,4,0,2112,0.0083,6144,4,
1784264476.667473,1784264476.676653,decode,4,0,2160,0.0085,0,4,
1784264476.676653,1784264476.686375,decode,4,0,2160,0.0085,0,4,
1784264476.686375,1784264476.695039,decode,4,0,2160,0.0085,0,4,
1784264476.695039,1784264476.704219,decode,4,0,2160,0.0085,0,4,
1784264476.704219,1784264476.713393,decode,4,0,2160,0.0085,0,4,
1784264476.713393,1784264476.722518,decode,4,0,2160,0.0085,0,4,
1784264476.722518,1784264476.731547,decode,4,0,2160,0.0085,0,4,
1784264476.731547,1784264476.740721,decode,4,0,2160,0.0085,0,4,
1784264476.740721,1784264476.749874,decode,4,0,2160,0.0085,0,4,
1784264476.749874,1784264476.758927,decode,4,0,2160,0.0085,0,4,
1784264476.758927,1784264476.768216,decode,4,0,2160,0.0085,0,4,
1784264476.768216,1784264476.777333,decode,4,0,2160,0.0085,0,4,
1784264476.777333,1784264476.786291,decode,4,0,2160,0.0085,0,4,
1784264476.786291,1784264476.795627,decode,4,0,2160,0.0085,0,4,
1784264476.795627,1784264476.804802,decode,4,0,2160,0.0085,0,4,
1784264476.804802,1784264476.813943,decode,4,0,2176,0.0086,0,4,
1784264476.813943,1784264476.823123,decode,4,0,2224,0.0087,0,4,
1784264476.823123,1784264476.832474,decode,4,0,2224,0.0087,0,4,
1784264476.832474,1784264476.841556,decode,4,0,2224,0.0087,0,4,
1784264476.841556,1784264476.850479,decode,4,0,2224,0.0087,0,4,
1784264476.850479,1784264476.859503,decode,4,0,2224,0.0087,0,4,
1784264476.859503,1784264476.868667,decode,4,0,2224,0.0087,0,4,
1784264476.868667,1784264476.877806,decode,4,0,2224,0.0087,0,4,
1784264476.877806,1784264476.886802,decode,4,0,2224,0.0087,0,4,
1784264476.886802,1784264476.896509,decode,4,0,2224,0.0087,0,4,
1784264476.896509,1784264476.905294,decode,4,0,2224,0.0087,0,4,
1784264476.905294,1784264476.914444,decode,4,0,2224,0.0087,0,4,
1784264476.914444,1784264476.923559,decode,4,0,2224,0.0087,0,4,
1784264476.923559,1784264476.932728,decode,4,0,2224,0.0087,0,4,
1784264476.932728,1784264476.941807,decode,4,0,2224,0.0087,0,4,
1784264476.941807,1784264476.951024,decode,4,0,2224,0.0087,0,4,
1784264476.951024,1784264476.960382,decode,4,0,2240,0.0088,0,4,
1784264476.960382,1784264476.969598,decode,4,0,2288,0.0090,0,4,
1784264476.969598,1784264476.978817,decode,4,0,2288,0.0090,0,4,
1784264476.978817,1784264476.988369,decode,4,0,2288,0.0090,0,4,
1784264476.988369,1784264476.997404,decode,4,0,2288,0.0090,0,4,
1784264476.997404,1784264477.006315,decode,4,0,2288,0.0090,0,4,
1784264477.006315,1784264477.015429,decode,4,0,2288,0.0090,0,4,
1784264477.015429,1784264477.024566,decode,4,0,2288,0.0090,0,4,
1784264477.024566,1784264477.033792,decode,4,0,2288,0.0090,0,4,
1784264477.033792,1784264477.042916,decode,4,0,2288,0.0090,0,4,
1784264477.042916,1784264477.052106,decode,4,0,2288,0.0090,0,4,
1784264477.052106,1784264477.061250,decode,4,0,2288,0.0090,0,4,
1784264477.061250,1784264477.070399,decode,4,0,2288,0.0090,0,4,
1784264477.070399,1784264477.079468,decode,4,0,2288,0.0090,0,4,
1784264477.079468,1784264477.089058,decode,4,0,2288,0.0090,0,4,
1784264477.089058,1784264477.097993,decode,4,0,2288,0.0090,0,4,
1784264477.097993,1784264477.107032,decode,4,0,2304,0.0091,0,4,
1784264477.107032,1784264477.116167,decode,4,0,2352,0.0093,0,4,
1784264477.116167,1784264477.125540,decode,4,0,2352,0.0093,0,4,
1784264477.125540,1784264477.134547,decode,4,0,2352,0.0093,0,4,
1784264477.134547,1784264477.143747,decode,4,0,2352,0.0093,0,4,
1784264477.143747,1784264477.152869,decode,4,0,2352,0.0093,0,4,
1784264477.152869,1784264477.161988,decode,4,0,2352,0.0093,0,4,
1784264477.161988,1784264477.171333,decode,4,0,2352,0.0093,0,4,
1784264477.171333,1784264477.180224,decode,4,0,2352,0.0093,0,4,
1784264477.180224,1784264477.189676,decode,4,0,2352,0.0093,0,4,
1784264477.189676,1784264477.198781,decode,4,0,2352,0.0093,0,4,
1784264477.198781,1784264477.207973,decode,4,0,2352,0.0093,0,4,
1784264477.207973,1784264477.217009,decode,4,0,2352,0.0093,0,4,
1784264477.217009,1784264477.226120,decode,4,0,2352,0.0093,0,4,
1784264477.226120,1784264477.235368,decode,4,0,2352,0.0093,0,4,
1784264477.235368,1784264477.244521,decode,4,0,2352,0.0093,0,4,
1784264477.244521,1784264477.253746,decode,4,0,2368,0.0093,0,4,
1784264477.253746,1784264477.262696,decode,4,0,2416,0.0095,0,4,
1784264477.262696,1784264477.272150,decode,4,0,2416,0.0095,0,4,
1784264477.272150,1784264477.281437,decode,4,0,2416,0.0095,0,4,
1784264477.281437,1784264477.290617,decode,4,0,2416,0.0095,0,4,
1784264477.290617,1784264477.300243,decode,4,0,2416,0.0095,0,4,
1784264477.300243,1784264477.308928,decode,4,0,2416,0.0095,0,4,
1784264477.308928,1784264477.318265,decode,4,0,2416,0.0095,0,4,
1784264477.318265,1784264477.327541,decode,4,0,2416,0.0095,0,4,
1784264477.327541,1784264477.337028,decode,4,0,2416,0.0095,0,4,
1784264477.337028,1784264477.346060,decode,4,0,2416,0.0095,0,4,
1784264477.346060,1784264477.355655,decode,4,0,2416,0.0095,0,4,
1784264477.355655,1784264477.364910,decode,4,0,2416,0.0095,0,4,
1784264477.364910,1784264477.374768,decode,4,0,2416,0.0095,0,4,
1784264477.374768,1784264477.384099,decode,4,0,2416,0.0095,0,4,
1784264477.384099,1784264477.393637,decode,4,0,2416,0.0095,0,4,
1784264477.393637,1784264477.402510,decode,4,0,2432,0.0096,0,4,
1784264477.402510,1784264477.411804,decode,4,0,2480,0.0098,0,4,
1784264477.411804,1784264477.420773,decode,4,0,2480,0.0098,0,4,
1784264477.420773,1784264477.430106,decode,4,0,2480,0.0098,0,4,
1784264477.430106,1784264477.439363,decode,4,0,2480,0.0098,0,4,
1784264477.439363,1784264477.448621,decode,4,0,2480,0.0098,0,4,
1784264477.448621,1784264477.458001,decode,4,0,2480,0.0098,0,4,
1784264477.458001,1784264477.467213,decode,4,0,2480,0.0098,0,4,
1784264477.467213,1784264477.476764,decode,4,0,2480,0.0098,0,4,
1784264477.476764,1784264477.486051,decode,4,0,2480,0.0098,0,4,
1784264477.486051,1784264477.495165,decode,4,0,2480,0.0098,0,4,
1784264477.495165,1784264477.504085,decode,4,0,2480,0.0098,0,4,
1784264477.504085,1784264477.513258,decode,4,0,2480,0.0098,0,4,
1784264477.513258,1784264477.522281,decode,4,0,2480,0.0098,0,4,
1784264477.522281,1784264477.531522,decode,4,0,2480,0.0098,0,4,
1784264477.531522,1784264477.540742,decode,4,0,2480,0.0098,0,4,
1784264477.540742,1784264477.550184,decode,4,0,2496,0.0098,0,4,
1784264477.550184,1784264477.559625,decode,4,0,2544,0.0100,0,4,
1784264477.559625,1784264477.569457,decode,4,0,2544,0.0100,0,4,
1784264477.569457,1784264477.578384,decode,4,0,2544,0.0100,0,4,
1784264477.578384,1784264477.587885,decode,4,0,2544,0.0100,0,4,
1784264477.587885,1784264477.597046,decode,4,0,2544,0.0100,0,4,
1784264477.597046,1784264477.606558,decode,4,0,2544,0.0100,0,4,
1784264477.606558,1784264477.615392,decode,4,0,2544,0.0100,0,4,
1784264477.615392,1784264477.624791,decode,4,0,2544,0.0100,0,4,
1784264477.624791,1784264477.633415,decode,4,0,2544,0.0100,0,4,
1784264477.633415,1784264477.642446,decode,4,0,2544,0.0100,0,4,
1784264477.642446,1784264477.651669,decode,4,0,2544,0.0100,0,4,
1784264477.651669,1784264477.660532,decode,4,0,2544,0.0100,0,4,
1784264477.660532,1784264477.669593,decode,4,0,2544,0.0100,0,4,
1784264477.669593,1784264477.678562,decode,4,0,2544,0.0100,0,4,
1784264477.678562,1784264477.688002,decode,4,0,2544,0.0100,0,4,
1784264477.688002,1784264477.696837,decode,4,0,2560,0.0101,0,4,
1784264477.696837,1784264477.705788,decode,4,0,2608,0.0103,0,4,
1784264477.705788,1784264477.714884,decode,4,0,2608,0.0103,0,4,
1784264477.714884,1784264477.723936,decode,4,0,2608,0.0103,0,4,
1784264477.723936,1784264477.733052,decode,4,0,2608,0.0103,0,4,
1784264477.733052,1784264477.742370,decode,4,0,2608,0.0103,0,4,
1784264477.742370,1784264477.751198,decode,4,0,2608,0.0103,0,4,
1784264477.751198,1784264477.760287,decode,4,0,2608,0.0103,0,4,
1784264477.760287,1784264477.769290,decode,4,0,2608,0.0103,0,4,
1784264477.769290,1784264477.778269,decode,4,0,2608,0.0103,0,4,
1784264477.778269,1784264477.787371,decode,4,0,2608,0.0103,0,4,
1784264477.787371,1784264477.796369,decode,4,0,2608,0.0103,0,4,
1784264477.796369,1784264477.805466,decode,4,0,2608,0.0103,0,4,
1784264477.805466,1784264477.814492,decode,4,0,2608,0.0103,0,4,
1784264477.814492,1784264477.823548,decode,3,0,2464,0.0097,0,4,
1784264477.823548,1784264477.833574,decode,0,0,0,0.0000,0,3,
1784264477.833574,1784264477.843982,mixed,1,0,2048,0.0081,2048,1,
1784264477.843982,1784264477.853680,mixed,4,0,2112,0.0083,6144,4,
1784264477.853680,1784264477.862628,decode,4,0,2160,0.0085,0,4,
1784264477.862628,1784264477.871726,decode,4,0,2160,0.0085,0,4,
1784264477.871726,1784264477.880777,decode,4,0,2160,0.0085,0,4,
1784264477.880777,1784264477.889712,decode,4,0,2160,0.0085,0,4,
1784264477.889712,1784264477.898960,decode,4,0,2160,0.0085,0,4,
1784264477.898960,1784264477.907725,decode,4,0,2160,0.0085,0,4,
1784264477.907725,1784264477.916697,decode,4,0,2160,0.0085,0,4,
1784264477.916697,1784264477.925695,decode,4,0,2160,0.0085,0,4,
1784264477.925695,1784264477.934736,decode,4,0,2160,0.0085,0,4,
1784264477.934736,1784264477.943885,decode,4,0,2160,0.0085,0,4,
1784264477.943885,1784264477.952863,decode,4,0,2160,0.0085,0,4,
1784264477.952863,1784264477.962000,decode,4,0,2160,0.0085,0,4,
1784264477.962000,1784264477.970937,decode,4,0,2160,0.0085,0,4,
1784264477.970937,1784264477.979935,decode,4,0,2160,0.0085,0,4,
1784264477.979935,1784264477.989058,decode,4,0,2160,0.0085,0,4,
1784264477.989058,1784264477.997987,decode,4,0,2176,0.0086,0,4,
1784264477.997987,1784264478.007201,decode,4,0,2224,0.0087,0,4,
1784264478.007201,1784264478.016182,decode,4,0,2224,0.0087,0,4,
1784264478.016182,1784264478.025111,decode,4,0,2224,0.0087,0,4,
1784264478.025111,1784264478.034348,decode,4,0,2224,0.0087,0,4,
1784264478.034348,1784264478.043113,decode,4,0,2224,0.0087,0,4,
1784264478.043113,1784264478.051951,decode,4,0,2224,0.0087,0,4,
1784264478.051951,1784264478.060989,decode,4,0,2224,0.0087,0,4,
1784264478.060989,1784264478.069931,decode,4,0,2224,0.0087,0,4,
1784264478.069931,1784264478.079181,decode,4,0,2224,0.0087,0,4,
1784264478.079181,1784264478.088368,decode,4,0,2224,0.0087,0,4,
1784264478.088368,1784264478.097121,decode,4,0,2224,0.0087,0,4,
1784264478.097121,1784264478.106101,decode,4,0,2224,0.0087,0,4,
1784264478.106101,1784264478.115294,decode,4,0,2224,0.0087,0,4,
1784264478.115294,1784264478.124073,decode,4,0,2224,0.0087,0,4,
1784264478.124073,1784264478.133127,decode,4,0,2224,0.0087,0,4,
1784264478.133127,1784264478.142112,decode,4,0,2240,0.0088,0,4,
1784264478.142112,1784264478.151395,decode,4,0,2288,0.0090,0,4,
1784264478.151395,1784264478.160373,decode,4,0,2288,0.0090,0,4,
1784264478.160373,1784264478.169354,decode,4,0,2288,0.0090,0,4,
1784264478.169354,1784264478.178199,decode,4,0,2288,0.0090,0,4,
1784264478.178199,1784264478.187129,decode,4,0,2288,0.0090,0,4,
1784264478.187129,1784264478.196493,decode,4,0,2288,0.0090,0,4,
1784264478.196493,1784264478.205296,decode,4,0,2288,0.0090,0,4,
1784264478.205296,1784264478.214429,decode,4,0,2288,0.0090,0,4,
1784264478.214429,1784264478.223552,decode,4,0,2288,0.0090,0,4,
1784264478.223552,1784264478.232658,decode,4,0,2288,0.0090,0,4,
1784264478.232658,1784264478.241645,decode,4,0,2288,0.0090,0,4,
1784264478.241645,1784264478.250637,decode,4,0,2288,0.0090,0,4,
1784264478.250637,1784264478.259509,decode,4,0,2288,0.0090,0,4,
1784264478.259509,1784264478.268505,decode,4,0,2288,0.0090,0,4,
1784264478.268505,1784264478.277598,decode,4,0,2288,0.0090,0,4,
1784264478.277598,1784264478.286840,decode,4,0,2304,0.0091,0,4,
1784264478.286840,1784264478.295935,decode,4,0,2352,0.0093,0,4,
1784264478.295935,1784264478.304651,decode,4,0,2352,0.0093,0,4,
1784264478.304651,1784264478.313590,decode,4,0,2352,0.0093,0,4,
1784264478.313590,1784264478.322633,decode,4,0,2352,0.0093,0,4,
1784264478.322633,1784264478.331561,decode,4,0,2352,0.0093,0,4,
1784264478.331561,1784264478.340603,decode,4,0,2352,0.0093,0,4,
1784264478.340603,1784264478.349973,decode,4,0,2352,0.0093,0,4,
1784264478.349973,1784264478.358501,decode,4,0,2352,0.0093,0,4,
1784264478.358501,1784264478.367942,decode,4,0,2352,0.0093,0,4,
1784264478.367942,1784264478.377149,decode,4,0,2352,0.0093,0,4,
1784264478.377149,1784264478.386474,decode,4,0,2352,0.0093,0,4,
1784264478.386474,1784264478.395916,decode,4,0,2352,0.0093,0,4,
1784264478.395916,1784264478.404719,decode,4,0,2352,0.0093,0,4,
1784264478.404719,1784264478.413640,decode,4,0,2352,0.0093,0,4,
1784264478.413640,1784264478.422674,decode,4,0,2352,0.0093,0,4,
1784264478.422674,1784264478.431763,decode,4,0,2368,0.0093,0,4,
1784264478.431763,1784264478.441240,decode,4,0,2416,0.0095,0,4,
1784264478.441240,1784264478.449835,decode,4,0,2416,0.0095,0,4,
1784264478.449835,1784264478.458814,decode,4,0,2416,0.0095,0,4,
1784264478.458814,1784264478.467919,decode,4,0,2416,0.0095,0,4,
1784264478.467919,1784264478.476837,decode,4,0,2416,0.0095,0,4,
1784264478.476837,1784264478.486052,decode,4,0,2416,0.0095,0,4,
1784264478.486052,1784264478.495199,decode,4,0,2416,0.0095,0,4,
1784264478.495199,1784264478.504008,decode,4,0,2416,0.0095,0,4,
1784264478.504008,1784264478.512948,decode,4,0,2416,0.0095,0,4,
1784264478.512948,1784264478.521967,decode,4,0,2416,0.0095,0,4,
1784264478.521967,1784264478.530934,decode,4,0,2416,0.0095,0,4,
1784264478.530934,1784264478.540078,decode,4,0,2416,0.0095,0,4,
1784264478.540078,1784264478.549173,decode,4,0,2416,0.0095,0,4,
1784264478.549173,1784264478.558228,decode,4,0,2416,0.0095,0,4,
1784264478.558228,1784264478.567253,decode,4,0,2416,0.0095,0,4,
1784264478.567253,1784264478.576178,decode,4,0,2432,0.0096,0,4,
1784264478.576178,1784264478.585255,decode,4,0,2480,0.0098,0,4,
1784264478.585255,1784264478.594345,decode,4,0,2480,0.0098,0,4,
1784264478.594345,1784264478.603312,decode,4,0,2480,0.0098,0,4,
1784264478.603312,1784264478.612304,decode,4,0,2480,0.0098,0,4,
1784264478.612304,1784264478.621290,decode,4,0,2480,0.0098,0,4,
1784264478.621290,1784264478.630240,decode,4,0,2480,0.0098,0,4,
1784264478.630240,1784264478.639728,decode,4,0,2480,0.0098,0,4,
1784264478.639728,1784264478.648197,decode,4,0,2480,0.0098,0,4,
1784264478.648197,1784264478.657289,decode,4,0,2480,0.0098,0,4,
1784264478.657289,1784264478.666344,decode,4,0,2480,0.0098,0,4,
1784264478.666344,1784264478.675312,decode,4,0,2480,0.0098,0,4,
1784264478.675312,1784264478.684409,decode,4,0,2480,0.0098,0,4,
1784264478.684409,1784264478.693564,decode,4,0,2480,0.0098,0,4,
1784264478.693564,1784264478.702532,decode,4,0,2480,0.0098,0,4,
1784264478.702532,1784264478.711391,decode,4,0,2480,0.0098,0,4,
1784264478.711391,1784264478.720582,decode,4,0,2496,0.0098,0,4,
1784264478.720582,1784264478.729556,decode,4,0,2544,0.0100,0,4,
1784264478.729556,1784264478.738605,decode,4,0,2544,0.0100,0,4,
1784264478.738605,1784264478.748110,decode,4,0,2544,0.0100,0,4,
1784264478.748110,1784264478.756760,decode,4,0,2544,0.0100,0,4,
1784264478.756760,1784264478.765697,decode,4,0,2544,0.0100,0,4,
1784264478.765697,1784264478.774789,decode,4,0,2544,0.0100,0,4,
1784264478.774789,1784264478.783697,decode,4,0,2544,0.0100,0,4,
1784264478.783697,1784264478.793099,decode,4,0,2544,0.0100,0,4,
1784264478.793099,1784264478.801557,decode,4,0,2544,0.0100,0,4,
1784264478.801557,1784264478.811201,decode,4,0,2544,0.0100,0,4,
1784264478.811201,1784264478.819853,decode,4,0,2544,0.0100,0,4,
1784264478.819853,1784264478.828789,decode,4,0,2544,0.0100,0,4,
1784264478.828789,1784264478.838359,decode,4,0,2544,0.0100,0,4,
1784264478.838359,1784264478.847383,decode,4,0,2544,0.0100,0,4,
1784264478.847383,1784264478.856339,decode,4,0,2544,0.0100,0,4,
1784264478.856339,1784264478.865515,decode,4,0,2560,0.0101,0,4,
1784264478.865515,1784264478.874295,decode,4,0,2608,0.0103,0,4,
1784264478.874295,1784264478.883634,decode,4,0,2608,0.0103,0,4,
1784264478.883634,1784264478.892884,decode,4,0,2608,0.0103,0,4,
1784264478.892884,1784264478.901742,decode,4,0,2608,0.0103,0,4,
1784264478.901742,1784264478.910705,decode,4,0,2608,0.0103,0,4,
1784264478.910705,1784264478.920202,decode,4,0,2608,0.0103,0,4,
1784264478.920202,1784264478.929084,decode,4,0,2608,0.0103,0,4,
1784264478.929084,1784264478.938205,decode,4,0,2608,0.0103,0,4,
1784264478.938205,1784264478.947487,decode,4,0,2608,0.0103,0,4,
1784264478.947487,1784264478.956495,decode,4,0,2608,0.0103,0,4,
1784264478.956495,1784264478.965263,decode,4,0,2608,0.0103,0,4,
1784264478.965263,1784264478.974359,decode,4,0,2608,0.0103,0,4,
1784264478.974359,1784264478.983436,decode,4,0,2608,0.0103,0,4,
1784264478.983436,1784264478.992560,decode,3,0,2464,0.0097,0,4,
1784264478.992560,1784264479.002537,decode,0,0,0,0.0000,0,3,
1784264479.002537,1784264479.013540,mixed,1,0,2048,0.0081,2048,1,
1784264479.013540,1784264479.023356,mixed,4,0,2112,0.0083,6144,4,
1784264479.023356,1784264479.032643,decode,4,0,2160,0.0085,0,4,
1784264479.032643,1784264479.041988,decode,4,0,2160,0.0085,0,4,
1784264479.041988,1784264479.051144,decode,4,0,2160,0.0085,0,4,
1784264479.051144,1784264479.060405,decode,4,0,2160,0.0085,0,4,
1784264479.060405,1784264479.069535,decode,4,0,2160,0.0085,0,4,
1784264479.069535,1784264479.078505,decode,4,0,2160,0.0085,0,4,
1784264479.078505,1784264479.087555,decode,4,0,2160,0.0085,0,4,
1784264479.087555,1784264479.096525,decode,4,0,2160,0.0085,0,4,
1784264479.096525,1784264479.105490,decode,4,0,2160,0.0085,0,4,
1784264479.105490,1784264479.114488,decode,4,0,2160,0.0085,0,4,
1784264479.114488,1784264479.123453,decode,4,0,2160,0.0085,0,4,
1784264479.123453,1784264479.132390,decode,4,0,2160,0.0085,0,4,
1784264479.132390,1784264479.141448,decode,4,0,2160,0.0085,0,4,
1784264479.141448,1784264479.150520,decode,4,0,2160,0.0085,0,4,
1784264479.150520,1784264479.159693,decode,4,0,2160,0.0085,0,4,
1784264479.159693,1784264479.168863,decode,4,0,2176,0.0086,0,4,
1784264479.168863,1784264479.177478,decode,4,0,2224,0.0087,0,4,
1784264479.177478,1784264479.186701,decode,4,0,2224,0.0087,0,4,
1784264479.186701,1784264479.195833,decode,4,0,2224,0.0087,0,4,
1784264479.195833,1784264479.204552,decode,4,0,2224,0.0087,0,4,
1784264479.204552,1784264479.213439,decode,4,0,2224,0.0087,0,4,
1784264479.213439,1784264479.222330,decode,4,0,2224,0.0087,0,4,
1784264479.222330,1784264479.231400,decode,4,0,2224,0.0087,0,4,
1784264479.231400,1784264479.240760,decode,4,0,2224,0.0087,0,4,
1784264479.240760,1784264479.249449,decode,4,0,2224,0.0087,0,4,
1784264479.249449,1784264479.258363,decode,4,0,2224,0.0087,0,4,
1784264479.258363,1784264479.267568,decode,4,0,2224,0.0087,0,4,
1784264479.267568,1784264479.276352,decode,4,0,2224,0.0087,0,4,
1784264479.276352,1784264479.285354,decode,4,0,2224,0.0087,0,4,
1784264479.285354,1784264479.294481,decode,4,0,2224,0.0087,0,4,
1784264479.294481,1784264479.303602,decode,4,0,2224,0.0087,0,4,
1784264479.303602,1784264479.312559,decode,4,0,2240,0.0088,0,4,
1784264479.312559,1784264479.321610,decode,4,0,2288,0.0090,0,4,
1784264479.321610,1784264479.330593,decode,4,0,2288,0.0090,0,4,
1784264479.330593,1784264479.339654,decode,4,0,2288,0.0090,0,4,
1784264479.339654,1784264479.348646,decode,4,0,2288,0.0090,0,4,
1784264479.348646,1784264479.357693,decode,4,0,2288,0.0090,0,4,
1784264479.357693,1784264479.366605,decode,4,0,2288,0.0090,0,4,
1784264479.366605,1784264479.375894,decode,4,0,2288,0.0090,0,4,
1784264479.375894,1784264479.384676,decode,4,0,2288,0.0090,0,4,
1784264479.384676,1784264479.393917,decode,4,0,2288,0.0090,0,4,
1784264479.393917,1784264479.402581,decode,4,0,2288,0.0090,0,4,
1784264479.402581,1784264479.411593,decode,4,0,2288,0.0090,0,4,
1784264479.411593,1784264479.420627,decode,4,0,2288,0.0090,0,4,
1784264479.420627,1784264479.429581,decode,4,0,2288,0.0090,0,4,
1784264479.429581,1784264479.438630,decode,4,0,2288,0.0090,0,4,
1784264479.438630,1784264479.448082,decode,4,0,2288,0.0090,0,4,
1784264479.448082,1784264479.457043,decode,4,0,2304,0.0091,0,4,
1784264479.457043,1784264479.465746,decode,4,0,2352,0.0093,0,4,
1784264479.465746,1784264479.474819,decode,4,0,2352,0.0093,0,4,
1784264479.474819,1784264479.483836,decode,4,0,2352,0.0093,0,4,
1784264479.483836,1784264479.492922,decode,4,0,2352,0.0093,0,4,
1784264479.492922,1784264479.501891,decode,4,0,2352,0.0093,0,4,
1784264479.501891,1784264479.510927,decode,4,0,2352,0.0093,0,4,
1784264479.510927,1784264479.519939,decode,4,0,2352,0.0093,0,4,
1784264479.519939,1784264479.528883,decode,4,0,2352,0.0093,0,4,
1784264479.528883,1784264479.537888,decode,4,0,2352,0.0093,0,4,
1784264479.537888,1784264479.546911,decode,4,0,2352,0.0093,0,4,
1784264479.546911,1784264479.555979,decode,4,0,2352,0.0093,0,4,
1784264479.555979,1784264479.565145,decode,4,0,2352,0.0093,0,4,
1784264479.565145,1784264479.574245,decode,4,0,2352,0.0093,0,4,
1784264479.574245,1784264479.583178,decode,4,0,2352,0.0093,0,4,
1784264479.583178,1784264479.592432,decode,4,0,2352,0.0093,0,4,
1784264479.592432,1784264479.601476,decode,4,0,2368,0.0093,0,4,
1784264479.601476,1784264479.610614,decode,4,0,2416,0.0095,0,4,
1784264479.610614,1784264479.619278,decode,4,0,2416,0.0095,0,4,
1784264479.619278,1784264479.628342,decode,4,0,2416,0.0095,0,4,
1784264479.628342,1784264479.637365,decode,4,0,2416,0.0095,0,4,
1784264479.637365,1784264479.646520,decode,4,0,2416,0.0095,0,4,
1784264479.646520,1784264479.655723,decode,4,0,2416,0.0095,0,4,
1784264479.655723,1784264479.664584,decode,4,0,2416,0.0095,0,4,
1784264479.664584,1784264479.673480,decode,4,0,2416,0.0095,0,4,
1784264479.673480,1784264479.682511,decode,4,0,2416,0.0095,0,4,
1784264479.682511,1784264479.691895,decode,4,0,2416,0.0095,0,4,
1784264479.691895,1784264479.700732,decode,4,0,2416,0.0095,0,4,
1784264479.700732,1784264479.709707,decode,4,0,2416,0.0095,0,4,
1784264479.709707,1784264479.718490,decode,4,0,2416,0.0095,0,4,
1784264479.718490,1784264479.727884,decode,4,0,2416,0.0095,0,4,
1784264479.727884,1784264479.736923,decode,4,0,2416,0.0095,0,4,
1784264479.736923,1784264479.746505,decode,4,0,2432,0.0096,0,4,
1784264479.746505,1784264479.755354,decode,4,0,2480,0.0098,0,4,
1784264479.755354,1784264479.764299,decode,4,0,2480,0.0098,0,4,
1784264479.764299,1784264479.773104,decode,4,0,2480,0.0098,0,4,
1784264479.773104,1784264479.782113,decode,4,0,2480,0.0098,0,4,
1784264479.782113,1784264479.791112,decode,4,0,2480,0.0098,0,4,
1784264479.791112,1784264479.800311,decode,4,0,2480,0.0098,0,4,
1784264479.800311,1784264479.809128,decode,4,0,2480,0.0098,0,4,
1784264479.809128,1784264479.818251,decode,4,0,2480,0.0098,0,4,
1784264479.818251,1784264479.827241,decode,4,0,2480,0.0098,0,4,
1784264479.827241,1784264479.836067,decode,4,0,2480,0.0098,0,4,
1784264479.836067,1784264479.845222,decode,4,0,2480,0.0098,0,4,
1784264479.845222,1784264479.854159,decode,4,0,2480,0.0098,0,4,
1784264479.854159,1784264479.863410,decode,4,0,2480,0.0098,0,4,
1784264479.863410,1784264479.872249,decode,4,0,2480,0.0098,0,4,
1784264479.872249,1784264479.881347,decode,4,0,2480,0.0098,0,4,
1784264479.881347,1784264479.890675,decode,4,0,2496,0.0098,0,4,
1784264479.890675,1784264479.899318,decode,4,0,2544,0.0100,0,4,
1784264479.899318,1784264479.908339,decode,4,0,2544,0.0100,0,4,
1784264479.908339,1784264479.917401,decode,4,0,2544,0.0100,0,4,
1784264479.917401,1784264479.926231,decode,4,0,2544,0.0100,0,4,
1784264479.926231,1784264479.935279,decode,4,0,2544,0.0100,0,4,
1784264479.935279,1784264479.944251,decode,4,0,2544,0.0100,0,4,
1784264479.944251,1784264479.953315,decode,4,0,2544,0.0100,0,4,
1784264479.953315,1784264479.962367,decode,4,0,2544,0.0100,0,4,
1784264479.962367,1784264479.971418,decode,4,0,2544,0.0100,0,4,
1784264479.971418,1784264479.980357,decode,4,0,2544,0.0100,0,4,
1784264479.980357,1784264479.989360,decode,4,0,2544,0.0100,0,4,
1784264479.989360,1784264479.998436,decode,4,0,2544,0.0100,0,4,
1784264479.998436,1784264480.007580,decode,4,0,2544,0.0100,0,4,
1784264480.007580,1784264480.016351,decode,4,0,2544,0.0100,0,4,
1784264480.016351,1784264480.025467,decode,4,0,2544,0.0100,0,4,
1784264480.025467,1784264480.034615,decode,4,0,2560,0.0101,0,4,
1784264480.034615,1784264480.043774,decode,4,0,2608,0.0103,0,4,
1784264480.043774,1784264480.052490,decode,4,0,2608,0.0103,0,4,
1784264480.052490,1784264480.061557,decode,4,0,2608,0.0103,0,4,
1784264480.061557,1784264480.070589,decode,4,0,2608,0.0103,0,4,
1784264480.070589,1784264480.079674,decode,4,0,2608,0.0103,0,4,
1784264480.079674,1784264480.088900,decode,4,0,2608,0.0103,0,4,
1784264480.088900,1784264480.097703,decode,4,0,2608,0.0103,0,4,
1784264480.097703,1784264480.106702,decode,4,0,2608,0.0103,0,4,
1784264480.106702,1784264480.115941,decode,4,0,2608,0.0103,0,4,
1784264480.115941,1784264480.125072,decode,4,0,2608,0.0103,0,4,
1784264480.125072,1784264480.133818,decode,4,0,2608,0.0103,0,4,
1784264480.133818,1784264480.142927,decode,4,0,2608,0.0103,0,4,
1784264480.142927,1784264480.152184,decode,4,0,2608,0.0103,0,4,
1784264480.152184,1784264480.161072,decode,3,0,2464,0.0097,0,4,
1784264480.161072,1784264480.171033,decode,0,0,0,0.0000,0,3,
1784264480.171033,1784264480.181500,mixed,1,0,2048,0.0081,2048,1,
1784264480.181500,1784264480.191303,mixed,4,0,2112,0.0083,6144,4,
1784264480.191303,1784264480.200691,decode,4,0,2160,0.0085,0,4,
1784264480.200691,1784264480.209257,decode,4,0,2160,0.0085,0,4,
1784264480.209257,1784264480.218574,decode,4,0,2160,0.0085,0,4,
1784264480.218574,1784264480.227489,decode,4,0,2160,0.0085,0,4,
1784264480.227489,1784264480.236371,decode,4,0,2160,0.0085,0,4,
1784264480.236371,1784264480.245452,decode,4,0,2160,0.0085,0,4,
1784264480.245452,1784264480.254677,decode,4,0,2160,0.0085,0,4,
1784264480.254677,1784264480.263367,decode,4,0,2160,0.0085,0,4,
1784264480.263367,1784264480.272150,decode,4,0,2160,0.0085,0,4,
1784264480.272150,1784264480.281447,decode,4,0,2160,0.0085,0,4,
1784264480.281447,1784264480.290270,decode,4,0,2160,0.0085,0,4,
1784264480.290270,1784264480.299362,decode,4,0,2160,0.0085,0,4,
1784264480.299362,1784264480.308637,decode,4,0,2160,0.0085,0,4,
1784264480.308637,1784264480.317258,decode,4,0,2160,0.0085,0,4,
1784264480.317258,1784264480.326835,decode,4,0,2160,0.0085,0,4,
1784264480.326835,1784264480.335732,decode,4,0,2176,0.0086,0,4,
1784264480.335732,1784264480.344541,decode,4,0,2224,0.0087,0,4,
1784264480.344541,1784264480.353229,decode,4,0,2224,0.0087,0,4,
1784264480.353229,1784264480.362456,decode,4,0,2224,0.0087,0,4,
1784264480.362456,1784264480.371210,decode,4,0,2224,0.0087,0,4,
1784264480.371210,1784264480.380419,decode,4,0,2224,0.0087,0,4,
1784264480.380419,1784264480.389288,decode,4,0,2224,0.0087,0,4,
1784264480.389288,1784264480.398433,decode,4,0,2224,0.0087,0,4,
1784264480.398433,1784264480.407395,decode,4,0,2224,0.0087,0,4,
1784264480.407395,1784264480.416284,decode,4,0,2224,0.0087,0,4,
1784264480.416284,1784264480.425373,decode,4,0,2224,0.0087,0,4,
1784264480.425373,1784264480.434423,decode,4,0,2224,0.0087,0,4,
1784264480.434423,1784264480.443553,decode,4,0,2224,0.0087,0,4,
1784264480.443553,1784264480.452790,decode,4,0,2224,0.0087,0,4,
1784264480.452790,1784264480.461533,decode,4,0,2224,0.0087,0,4,
1784264480.461533,1784264480.470760,decode,4,0,2224,0.0087,0,4,
1784264480.470760,1784264480.479570,decode,4,0,2240,0.0088,0,4,
1784264480.479570,1784264480.488764,decode,4,0,2288,0.0090,0,4,
1784264480.488764,1784264480.497850,decode,4,0,2288,0.0090,0,4,
1784264480.497850,1784264480.506697,decode,4,0,2288,0.0090,0,4,
1784264480.506697,1784264480.515629,decode,4,0,2288,0.0090,0,4,
1784264480.515629,1784264480.524501,decode,4,0,2288,0.0090,0,4,
1784264480.524501,1784264480.533664,decode,4,0,2288,0.0090,0,4,
1784264480.533664,1784264480.542896,decode,4,0,2288,0.0090,0,4,
1784264480.542896,1784264480.551679,decode,4,0,2288,0.0090,0,4,
1784264480.551679,1784264480.560606,decode,4,0,2288,0.0090,0,4,
1784264480.560606,1784264480.569629,decode,4,0,2288,0.0090,0,4,
1784264480.569629,1784264480.578711,decode,4,0,2288,0.0090,0,4,
1784264480.578711,1784264480.587998,decode,4,0,2288,0.0090,0,4,
1784264480.587998,1784264480.596585,decode,4,0,2288,0.0090,0,4,
1784264480.596585,1784264480.605646,decode,4,0,2288,0.0090,0,4,
1784264480.605646,1784264480.614676,decode,4,0,2288,0.0090,0,4,
1784264480.614676,1784264480.623716,decode,4,0,2304,0.0091,0,4,
1784264480.623716,1784264480.632708,decode,4,0,2352,0.0093,0,4,
1784264480.632708,1784264480.641691,decode,4,0,2352,0.0093,0,4,
1784264480.641691,1784264480.650739,decode,4,0,2352,0.0093,0,4,
1784264480.650739,1784264480.660205,decode,4,0,2352,0.0093,0,4,
1784264480.660205,1784264480.668672,decode,4,0,2352,0.0093,0,4,
1784264480.668672,1784264480.677923,decode,4,0,2352,0.0093,0,4,
1784264480.677923,1784264480.687064,decode,4,0,2352,0.0093,0,4,
1784264480.687064,1784264480.696260,decode,4,0,2352,0.0093,0,4,
1784264480.696260,1784264480.705176,decode,4,0,2352,0.0093,0,4,
1784264480.705176,1784264480.713984,decode,4,0,2352,0.0093,0,4,
1784264480.713984,1784264480.723051,decode,4,0,2352,0.0093,0,4,
1784264480.723051,1784264480.731925,decode,4,0,2352,0.0093,0,4,
1784264480.731925,1784264480.740940,decode,4,0,2352,0.0093,0,4,
1784264480.740940,1784264480.750031,decode,4,0,2352,0.0093,0,4,
1784264480.750031,1784264480.759444,decode,4,0,2352,0.0093,0,4,
1784264480.759444,1784264480.768491,decode,4,0,2368,0.0093,0,4,
1784264480.768491,1784264480.777177,decode,4,0,2416,0.0095,0,4,
1784264480.777177,1784264480.786187,decode,4,0,2416,0.0095,0,4,
1784264480.786187,1784264480.795270,decode,4,0,2416,0.0095,0,4,
1784264480.795270,1784264480.804187,decode,4,0,2416,0.0095,0,4,
1784264480.804187,1784264480.813215,decode,4,0,2416,0.0095,0,4,
1784264480.813215,1784264480.822165,decode,4,0,2416,0.0095,0,4,
1784264480.822165,1784264480.831082,decode,4,0,2416,0.0095,0,4,
1784264480.831082,1784264480.840123,decode,4,0,2416,0.0095,0,4,
1784264480.840123,1784264480.849101,decode,4,0,2416,0.0095,0,4,
1784264480.849101,1784264480.858129,decode,4,0,2416,0.0095,0,4,
1784264480.858129,1784264480.867037,decode,4,0,2416,0.0095,0,4,
1784264480.867037,1784264480.876889,decode,4,0,2416,0.0095,0,4,
1784264480.876889,1784264480.885833,decode,4,0,2416,0.0095,0,4,
1784264480.885833,1784264480.894757,decode,4,0,2416,0.0095,0,4,
1784264480.894757,1784264480.903918,decode,4,0,2416,0.0095,0,4,
1784264480.903918,1784264480.912932,decode,4,0,2432,0.0096,0,4,
1784264480.912932,1784264480.922116,decode,4,0,2480,0.0098,0,4,
1784264480.922116,1784264480.931197,decode,4,0,2480,0.0098,0,4,
1784264480.931197,1784264480.939891,decode,4,0,2480,0.0098,0,4,
1784264480.939891,1784264480.948854,decode,4,0,2480,0.0098,0,4,
1784264480.948854,1784264480.957909,decode,4,0,2480,0.0098,0,4,
1784264480.957909,1784264480.966987,decode,4,0,2480,0.0098,0,4,
1784264480.966987,1784264480.975822,decode,4,0,2480,0.0098,0,4,
1784264480.975822,1784264480.985132,decode,4,0,2480,0.0098,0,4,
1784264480.985132,1784264480.994306,decode,4,0,2480,0.0098,0,4,
1784264480.994306,1784264481.003176,decode,4,0,2480,0.0098,0,4,
1784264481.003176,1784264481.012459,decode,4,0,2480,0.0098,0,4,
1784264481.012459,1784264481.021462,decode,4,0,2480,0.0098,0,4,
1784264481.021462,1784264481.030042,decode,4,0,2480,0.0098,0,4,
1784264481.030042,1784264481.039124,decode,4,0,2480,0.0098,0,4,
1784264481.039124,1784264481.048008,decode,4,0,2480,0.0098,0,4,
1784264481.048008,1784264481.057099,decode,4,0,2496,0.0098,0,4,
1784264481.057099,1784264481.065938,decode,4,0,2544,0.0100,0,4,
1784264481.065938,1784264481.075603,decode,4,0,2544,0.0100,0,4,
1784264481.075603,1784264481.084610,decode,4,0,2544,0.0100,0,4,
1784264481.084610,1784264481.093284,decode,4,0,2544,0.0100,0,4,
1784264481.093284,1784264481.102411,decode,4,0,2544,0.0100,0,4,
1784264481.102411,1784264481.111501,decode,4,0,2544,0.0100,0,4,
1784264481.111501,1784264481.120836,decode,4,0,2544,0.0100,0,4,
1784264481.120836,1784264481.129533,decode,4,0,2544,0.0100,0,4,
1784264481.129533,1784264481.138568,decode,4,0,2544,0.0100,0,4,
1784264481.138568,1784264481.147593,decode,4,0,2544,0.0100,0,4,
1784264481.147593,1784264481.156793,decode,4,0,2544,0.0100,0,4,
1784264481.156793,1784264481.165563,decode,4,0,2544,0.0100,0,4,
1784264481.165563,1784264481.174966,decode,4,0,2544,0.0100,0,4,
1784264481.174966,1784264481.183540,decode,4,0,2544,0.0100,0,4,
1784264481.183540,1784264481.192680,decode,4,0,2544,0.0100,0,4,
1784264481.192680,1784264481.201789,decode,4,0,2560,0.0101,0,4,
1784264481.201789,1784264481.210770,decode,4,0,2608,0.0103,0,4,
1784264481.210770,1784264481.220048,decode,4,0,2608,0.0103,0,4,
1784264481.220048,1784264481.229195,decode,4,0,2608,0.0103,0,4,
1784264481.229195,1784264481.238133,decode,4,0,2608,0.0103,0,4,
1784264481.238133,1784264481.246855,decode,4,0,2608,0.0103,0,4,
1784264481.246855,1784264481.256248,decode,4,0,2608,0.0103,0,4,
1784264481.256248,1784264481.264980,decode,4,0,2608,0.0103,0,4,
1784264481.264980,1784264481.273953,decode,4,0,2608,0.0103,0,4,
1784264481.273953,1784264481.283099,decode,4,0,2608,0.0103,0,4,
1784264481.283099,1784264481.291951,decode,4,0,2608,0.0103,0,4,
1784264481.291951,1784264481.300972,decode,4,0,2608,0.0103,0,4,
1784264481.300972,1784264481.310517,decode,4,0,2608,0.0103,0,4,
1784264481.310517,1784264481.319373,decode,4,0,2608,0.0103,0,4,
1784264481.319373,1784264481.328581,decode,3,0,2464,0.0097,0,4,
1784264481.328581,1784264481.338634,decode,0,0,0,0.0000,0,3,
1784264481.338634,1784264481.350329,mixed,1,0,2048,0.0081,2048,1,
1784264481.350329,1784264481.359951,mixed,4,0,2112,0.0083,6144,4,
1784264481.359951,1784264481.369113,decode,4,0,2160,0.0085,0,4,
1784264481.369113,1784264481.377796,decode,4,0,2160,0.0085,0,4,
1784264481.377796,1784264481.386918,decode,4,0,2160,0.0085,0,4,
1784264481.386918,1784264481.395872,decode,4,0,2160,0.0085,0,4,
1784264481.395872,1784264481.404796,decode,4,0,2160,0.0085,0,4,
1784264481.404796,1784264481.413769,decode,4,0,2160,0.0085,0,4,
1784264481.413769,1784264481.422630,decode,4,0,2160,0.0085,0,4,
1784264481.422630,1784264481.431639,decode,4,0,2160,0.0085,0,4,
1784264481.431639,1784264481.440944,decode,4,0,2160,0.0085,0,4,
1784264481.440944,1784264481.449385,decode,4,0,2160,0.0085,0,4,
1784264481.449385,1784264481.458582,decode,4,0,2160,0.0085,0,4,
1784264481.458582,1784264481.467487,decode,4,0,2160,0.0085,0,4,
1784264481.467487,1784264481.476564,decode,4,0,2160,0.0085,0,4,
1784264481.476564,1784264481.485525,decode,4,0,2160,0.0085,0,4,
1784264481.485525,1784264481.494588,decode,4,0,2160,0.0085,0,4,
1784264481.494588,1784264481.503752,decode,4,0,2176,0.0086,0,4,
1784264481.503752,1784264481.512439,decode,4,0,2224,0.0087,0,4,
1784264481.512439,1784264481.521509,decode,4,0,2224,0.0087,0,4,
1784264481.521509,1784264481.530447,decode,4,0,2224,0.0087,0,4,
1784264481.530447,1784264481.539773,decode,4,0,2224,0.0087,0,4,
1784264481.539773,1784264481.548390,decode,4,0,2224,0.0087,0,4,
1784264481.548390,1784264481.557534,decode,4,0,2224,0.0087,0,4,
1784264481.557534,1784264481.566717,decode,4,0,2224,0.0087,0,4,
1784264481.566717,1784264481.575722,decode,4,0,2224,0.0087,0,4,
1784264481.575722,1784264481.584869,decode,4,0,2224,0.0087,0,4,
1784264481.584869,1784264481.594039,decode,4,0,2224,0.0087,0,4,
1784264481.594039,1784264481.602878,decode,4,0,2224,0.0087,0,4,
1784264481.602878,1784264481.612103,decode,4,0,2224,0.0087,0,4,
1784264481.612103,1784264481.620767,decode,4,0,2224,0.0087,0,4,
1784264481.620767,1784264481.629806,decode,4,0,2224,0.0087,0,4,
1784264481.629806,1784264481.638831,decode,4,0,2224,0.0087,0,4,
1784264481.638831,1784264481.647957,decode,4,0,2240,0.0088,0,4,
1784264481.647957,1784264481.656822,decode,4,0,2288,0.0090,0,4,
1784264481.656822,1784264481.665857,decode,4,0,2288,0.0090,0,4,
1784264481.665857,1784264481.674727,decode,4,0,2288,0.0090,0,4,
1784264481.674727,1784264481.683759,decode,4,0,2288,0.0090,0,4,
1784264481.683759,1784264481.692716,decode,4,0,2288,0.0090,0,4,
1784264481.692716,1784264481.701720,decode,4,0,2288,0.0090,0,4,
1784264481.701720,1784264481.710801,decode,4,0,2288,0.0090,0,4,
1784264481.710801,1784264481.719749,decode,4,0,2288,0.0090,0,4,
1784264481.719749,1784264481.729165,decode,4,0,2288,0.0090,0,4,
1784264481.729165,1784264481.737715,decode,4,0,2288,0.0090,0,4,
1784264481.737715,1784264481.746911,decode,4,0,2288,0.0090,0,4,
1784264481.746911,1784264481.755883,decode,4,0,2288,0.0090,0,4,
1784264481.755883,1784264481.764673,decode,4,0,2288,0.0090,0,4,
1784264481.764673,1784264481.773714,decode,4,0,2288,0.0090,0,4,
1784264481.773714,1784264481.782731,decode,4,0,2288,0.0090,0,4,
1784264481.782731,1784264481.791843,decode,4,0,2304,0.0091,0,4,
1784264481.791843,1784264481.801260,decode,4,0,2352,0.0093,0,4,
1784264481.801260,1784264481.810099,decode,4,0,2352,0.0093,0,4,
1784264481.810099,1784264481.819099,decode,4,0,2352,0.0093,0,4,
1784264481.819099,1784264481.828046,decode,4,0,2352,0.0093,0,4,
1784264481.828046,1784264481.837348,decode,4,0,2352,0.0093,0,4,
1784264481.837348,1784264481.846159,decode,4,0,2352,0.0093,0,4,
1784264481.846159,1784264481.855196,decode,4,0,2352,0.0093,0,4,
1784264481.855196,1784264481.864407,decode,4,0,2352,0.0093,0,4,
1784264481.864407,1784264481.873645,decode,4,0,2352,0.0093,0,4,
1784264481.873645,1784264481.882622,decode,4,0,2352,0.0093,0,4,
1784264481.882622,1784264481.892227,decode,4,0,2352,0.0093,0,4,
1784264481.892227,1784264481.901492,decode,4,0,2352,0.0093,0,4,
1784264481.901492,1784264481.910710,decode,4,0,2352,0.0093,0,4,
1784264481.910710,1784264481.919859,decode,4,0,2352,0.0093,0,4,
1784264481.919859,1784264481.928928,decode,4,0,2352,0.0093,0,4,
1784264481.928928,1784264481.938195,decode,4,0,2368,0.0093,0,4,
1784264481.938195,1784264481.947554,decode,4,0,2416,0.0095,0,4,
1784264481.947554,1784264481.956538,decode,4,0,2416,0.0095,0,4,
1784264481.956538,1784264481.965576,decode,4,0,2416,0.0095,0,4,
1784264481.965576,1784264481.974675,decode,4,0,2416,0.0095,0,4,
1784264481.974675,1784264481.983732,decode,4,0,2416,0.0095,0,4,
1784264481.983732,1784264481.992913,decode,4,0,2416,0.0095,0,4,
1784264481.992913,1784264482.002155,decode,4,0,2416,0.0095,0,4,
1784264482.002155,1784264482.011381,decode,4,0,2416,0.0095,0,4,
1784264482.011381,1784264482.020912,decode,4,0,2416,0.0095,0,4,
1784264482.020912,1784264482.029730,decode,4,0,2416,0.0095,0,4,
1784264482.029730,1784264482.038914,decode,4,0,2416,0.0095,0,4,
1784264482.038914,1784264482.048085,decode,4,0,2416,0.0095,0,4,
1784264482.048085,1784264482.057389,decode,4,0,2416,0.0095,0,4,
1784264482.057389,1784264482.066199,decode,4,0,2416,0.0095,0,4,
1784264482.066199,1784264482.075521,decode,4,0,2416,0.0095,0,4,
1784264482.075521,1784264482.084120,decode,4,0,2432,0.0096,0,4,
1784264482.084120,1784264482.093367,decode,4,0,2480,0.0098,0,4,
1784264482.093367,1784264482.102169,decode,4,0,2480,0.0098,0,4,
1784264482.102169,1784264482.111343,decode,4,0,2480,0.0098,0,4,
1784264482.111343,1784264482.120212,decode,4,0,2480,0.0098,0,4,
1784264482.120212,1784264482.129180,decode,4,0,2480,0.0098,0,4,
1784264482.129180,1784264482.138503,decode,4,0,2480,0.0098,0,4,
1784264482.138503,1784264482.147298,decode,4,0,2480,0.0098,0,4,
1784264482.147298,1784264482.156294,decode,4,0,2480,0.0098,0,4,
1784264482.156294,1784264482.165296,decode,4,0,2480,0.0098,0,4,
1784264482.165296,1784264482.174426,decode,4,0,2480,0.0098,0,4,
1784264482.174426,1784264482.183080,decode,4,0,2480,0.0098,0,4,
1784264482.183080,1784264482.192246,decode,4,0,2480,0.0098,0,4,
1784264482.192246,1784264482.201221,decode,4,0,2480,0.0098,0,4,
1784264482.201221,1784264482.210089,decode,4,0,2480,0.0098,0,4,
1784264482.210089,1784264482.219052,decode,4,0,2480,0.0098,0,4,
1784264482.219052,1784264482.228442,decode,4,0,2496,0.0098,0,4,
1784264482.228442,1784264482.237311,decode,4,0,2544,0.0100,0,4,
1784264482.237311,1784264482.245816,decode,4,0,2544,0.0100,0,4,
1784264482.245816,1784264482.255090,decode,4,0,2544,0.0100,0,4,
1784264482.255090,1784264482.264292,decode,4,0,2544,0.0100,0,4,
1784264482.264292,1784264482.273018,decode,4,0,2544,0.0100,0,4,
1784264482.273018,1784264482.282454,decode,4,0,2544,0.0100,0,4,
1784264482.282454,1784264482.291212,decode,4,0,2544,0.0100,0,4,
1784264482.291212,1784264482.300197,decode,4,0,2544,0.0100,0,4,
1784264482.300197,1784264482.309258,decode,4,0,2544,0.0100,0,4,
1784264482.309258,1784264482.318133,decode,4,0,2544,0.0100,0,4,
1784264482.318133,1784264482.327059,decode,4,0,2544,0.0100,0,4,
1784264482.327059,1784264482.336134,decode,4,0,2544,0.0100,0,4,
1784264482.336134,1784264482.345098,decode,4,0,2544,0.0100,0,4,
1784264482.345098,1784264482.354096,decode,4,0,2544,0.0100,0,4,
1784264482.354096,1784264482.363414,decode,4,0,2544,0.0100,0,4,
1784264482.363414,1784264482.372215,decode,4,0,2560,0.0101,0,4,
1784264482.372215,1784264482.381253,decode,4,0,2608,0.0103,0,4,
1784264482.381253,1784264482.390480,decode,4,0,2608,0.0103,0,4,
1784264482.390480,1784264482.399273,decode,4,0,2608,0.0103,0,4,
1784264482.399273,1784264482.408819,decode,4,0,2608,0.0103,0,4,
1784264482.408819,1784264482.417407,decode,4,0,2608,0.0103,0,4,
1784264482.417407,1784264482.426410,decode,4,0,2608,0.0103,0,4,
1784264482.426410,1784264482.435660,decode,4,0,2608,0.0103,0,4,
1784264482.435660,1784264482.445139,decode,4,0,2608,0.0103,0,4,
1784264482.445139,1784264482.453761,decode,4,0,2608,0.0103,0,4,
1784264482.453761,1784264482.462622,decode,4,0,2608,0.0103,0,4,
1784264482.462622,1784264482.471748,decode,4,0,2608,0.0103,0,4,
1784264482.471748,1784264482.480734,decode,4,0,2608,0.0103,0,4,
1784264482.480734,1784264482.490189,decode,4,0,2608,0.0103,0,4,
1784264482.490189,1784264482.499029,decode,3,0,2464,0.0097,0,4,
1784264482.499029,1784264482.508820,decode,0,0,0,0.0000,0,3,
1784264482.508820,1784264482.519441,mixed,1,0,2048,0.0081,2048,1,
1784264482.519441,1784264482.529361,mixed,4,0,2112,0.0083,6144,4,
1784264482.529361,1784264482.538186,decode,4,0,2160,0.0085,0,4,
1784264482.538186,1784264482.547189,decode,4,0,2160,0.0085,0,4,
1784264482.547189,1784264482.556264,decode,4,0,2160,0.0085,0,4,
1784264482.556264,1784264482.565189,decode,4,0,2160,0.0085,0,4,
1784264482.565189,1784264482.574514,decode,4,0,2160,0.0085,0,4,
1784264482.574514,1784264482.583678,decode,4,0,2160,0.0085,0,4,
1784264482.583678,1784264482.592544,decode,4,0,2160,0.0085,0,4,
1784264482.592544,1784264482.601612,decode,4,0,2160,0.0085,0,4,
1784264482.601612,1784264482.611083,decode,4,0,2160,0.0085,0,4,
1784264482.611083,1784264482.619619,decode,4,0,2160,0.0085,0,4,
1784264482.619619,1784264482.628529,decode,4,0,2160,0.0085,0,4,
1784264482.628529,1784264482.637889,decode,4,0,2160,0.0085,0,4,
1784264482.637889,1784264482.646842,decode,4,0,2160,0.0085,0,4,
1784264482.646842,1784264482.655994,decode,4,0,2160,0.0085,0,4,
1784264482.655994,1784264482.665406,decode,4,0,2160,0.0085,0,4,
1784264482.665406,1784264482.674339,decode,4,0,2176,0.0086,0,4,
1784264482.674339,1784264482.683455,decode,4,0,2224,0.0087,0,4,
1784264482.683455,1784264482.692550,decode,4,0,2224,0.0087,0,4,
1784264482.692550,1784264482.702053,decode,4,0,2224,0.0087,0,4,
1784264482.702053,1784264482.710850,decode,4,0,2224,0.0087,0,4,
1784264482.710850,1784264482.719991,decode,4,0,2224,0.0087,0,4,
1784264482.719991,1784264482.729155,decode,4,0,2224,0.0087,0,4,
1784264482.729155,1784264482.738427,decode,4,0,2224,0.0087,0,4,
1784264482.738427,1784264482.747939,decode,4,0,2224,0.0087,0,4,
1784264482.747939,1784264482.756743,decode,4,0,2224,0.0087,0,4,
1784264482.756743,1784264482.766211,decode,4,0,2224,0.0087,0,4,
1784264482.766211,1784264482.775410,decode,4,0,2224,0.0087,0,4,
1784264482.775410,1784264482.784423,decode,4,0,2224,0.0087,0,4,
1784264482.784423,1784264482.794056,decode,4,0,2224,0.0087,0,4,
1784264482.794056,1784264482.802779,decode,4,0,2224,0.0087,0,4,
1784264482.802779,1784264482.811993,decode,4,0,2224,0.0087,0,4,
1784264482.811993,1784264482.821120,decode,4,0,2240,0.0088,0,4,
1784264482.821120,1784264482.830455,decode,4,0,2288,0.0090,0,4,
1784264482.830455,1784264482.839458,decode,4,0,2288,0.0090,0,4,
1784264482.839458,1784264482.848564,decode,4,0,2288,0.0090,0,4,
1784264482.848564,1784264482.857898,decode,4,0,2288,0.0090,0,4,
1784264482.857898,1784264482.866849,decode,4,0,2288,0.0090,0,4,
1784264482.866849,1784264482.875937,decode,4,0,2288,0.0090,0,4,
1784264482.875937,1784264482.885619,decode,4,0,2288,0.0090,0,4,
1784264482.885619,1784264482.894891,decode,4,0,2288,0.0090,0,4,
1784264482.894891,1784264482.903839,decode,4,0,2288,0.0090,0,4,
1784264482.903839,1784264482.912989,decode,4,0,2288,0.0090,0,4,
1784264482.912989,1784264482.922659,decode,4,0,2288,0.0090,0,4,
1784264482.922659,1784264482.931463,decode,4,0,2288,0.0090,0,4,
1784264482.931463,1784264482.940645,decode,4,0,2288,0.0090,0,4,
1784264482.940645,1784264482.949777,decode,4,0,2288,0.0090,0,4,
1784264482.949777,1784264482.959437,decode,4,0,2288,0.0090,0,4,
1784264482.959437,1784264482.968489,decode,4,0,2304,0.0091,0,4,
1784264482.968489,1784264482.977544,decode,4,0,2352,0.0093,0,4,
1784264482.977544,1784264482.986624,decode,4,0,2352,0.0093,0,4,
1784264482.986624,1784264482.995767,decode,4,0,2352,0.0093,0,4,
1784264482.995767,1784264483.005269,decode,4,0,2352,0.0093,0,4,
1784264483.005269,1784264483.014410,decode,4,0,2352,0.0093,0,4,
1784264483.014410,1784264483.023575,decode,4,0,2352,0.0093,0,4,
1784264483.023575,1784264483.032848,decode,4,0,2352,0.0093,0,4,
1784264483.032848,1784264483.042168,decode,4,0,2352,0.0093,0,4,
1784264483.042168,1784264483.051113,decode,4,0,2352,0.0093,0,4,
1784264483.051113,1784264483.060569,decode,4,0,2352,0.0093,0,4,
1784264483.060569,1784264483.069819,decode,4,0,2352,0.0093,0,4,
1784264483.069819,1784264483.078852,decode,4,0,2352,0.0093,0,4,
1784264483.078852,1784264483.087983,decode,4,0,2352,0.0093,0,4,
1784264483.087983,1784264483.097309,decode,4,0,2352,0.0093,0,4,
1784264483.097309,1784264483.106651,decode,4,0,2352,0.0093,0,4,
1784264483.106651,1784264483.115996,decode,4,0,2368,0.0093,0,4,
1784264483.115996,1784264483.125060,decode,4,0,2416,0.0095,0,4,
1784264483.125060,1784264483.134607,decode,4,0,2416,0.0095,0,4,
1784264483.134607,1784264483.143612,decode,4,0,2416,0.0095,0,4,
1784264483.143612,1784264483.152788,decode,4,0,2416,0.0095,0,4,
1784264483.152788,1784264483.161988,decode,4,0,2416,0.0095,0,4,
1784264483.161988,1784264483.171216,decode,4,0,2416,0.0095,0,4,
1784264483.171216,1784264483.180484,decode,4,0,2416,0.0095,0,4,
1784264483.180484,1784264483.189740,decode,4,0,2416,0.0095,0,4,
1784264483.189740,1784264483.199069,decode,4,0,2416,0.0095,0,4,
1784264483.199069,1784264483.208223,decode,4,0,2416,0.0095,0,4,
1784264483.208223,1784264483.217502,decode,4,0,2416,0.0095,0,4,
1784264483.217502,1784264483.226668,decode,4,0,2416,0.0095,0,4,
1784264483.226668,1784264483.236086,decode,4,0,2416,0.0095,0,4,
1784264483.236086,1784264483.245160,decode,4,0,2416,0.0095,0,4,
1784264483.245160,1784264483.254640,decode,4,0,2416,0.0095,0,4,
1784264483.254640,1784264483.263525,decode,4,0,2432,0.0096,0,4,
1784264483.263525,1784264483.272640,decode,4,0,2480,0.0098,0,4,
1784264483.272640,1784264483.281871,decode,4,0,2480,0.0098,0,4,
1784264483.281871,1784264483.291308,decode,4,0,2480,0.0098,0,4,
1784264483.291308,1784264483.300264,decode,4,0,2480,0.0098,0,4,
1784264483.300264,1784264483.309504,decode,4,0,2480,0.0098,0,4,
1784264483.309504,1784264483.318636,decode,4,0,2480,0.0098,0,4,
1784264483.318636,1784264483.327771,decode,4,0,2480,0.0098,0,4,
1784264483.327771,1784264483.337159,decode,4,0,2480,0.0098,0,4,
1784264483.337159,1784264483.346170,decode,4,0,2480,0.0098,0,4,
1784264483.346170,1784264483.355497,decode,4,0,2480,0.0098,0,4,
1784264483.355497,1784264483.364466,decode,4,0,2480,0.0098,0,4,
1784264483.364466,1784264483.373740,decode,4,0,2480,0.0098,0,4,
1784264483.373740,1784264483.382992,decode,4,0,2480,0.0098,0,4,
1784264483.382992,1784264483.392766,decode,4,0,2480,0.0098,0,4,
1784264483.392766,1784264483.401615,decode,4,0,2480,0.0098,0,4,
1784264483.401615,1784264483.410838,decode,4,0,2496,0.0098,0,4,
1784264483.410838,1784264483.420008,decode,4,0,2544,0.0100,0,4,
1784264483.420008,1784264483.429206,decode,4,0,2544,0.0100,0,4,
1784264483.429206,1784264483.438352,decode,4,0,2544,0.0100,0,4,
1784264483.438352,1784264483.447576,decode,4,0,2544,0.0100,0,4,
1784264483.447576,1784264483.456636,decode,4,0,2544,0.0100,0,4,
1784264483.456636,1784264483.465774,decode,4,0,2544,0.0100,0,4,
1784264483.465774,1784264483.474714,decode,4,0,2544,0.0100,0,4,
1784264483.474714,1784264483.484140,decode,4,0,2544,0.0100,0,4,
1784264483.484140,1784264483.493635,decode,4,0,2544,0.0100,0,4,
1784264483.493635,1784264483.502641,decode,4,0,2544,0.0100,0,4,
1784264483.502641,1784264483.512702,decode,4,0,2544,0.0100,0,4,
1784264483.512702,1784264483.521566,decode,4,0,2544,0.0100,0,4,
1784264483.521566,1784264483.530495,decode,4,0,2544,0.0100,0,4,
1784264483.530495,1784264483.540104,decode,4,0,2544,0.0100,0,4,
1784264483.540104,1784264483.549257,decode,4,0,2544,0.0100,0,4,
1784264483.549257,1784264483.558522,decode,4,0,2560,0.0101,0,4,
1784264483.558522,1784264483.568053,decode,4,0,2608,0.0103,0,4,
1784264483.568053,1784264483.576963,decode,4,0,2608,0.0103,0,4,
1784264483.576963,1784264483.586108,decode,4,0,2608,0.0103,0,4,
1784264483.586108,1784264483.595546,decode,4,0,2608,0.0103,0,4,
1784264483.595546,1784264483.604548,decode,4,0,2608,0.0103,0,4,
1784264483.604548,1784264483.613714,decode,4,0,2608,0.0103,0,4,
1784264483.613714,1784264483.623326,decode,4,0,2608,0.0103,0,4,
1784264483.623326,1784264483.632126,decode,4,0,2608,0.0103,0,4,
1784264483.632126,1784264483.641305,decode,4,0,2608,0.0103,0,4,
1784264483.641305,1784264483.650894,decode,4,0,2608,0.0103,0,4,
1784264483.650894,1784264483.660350,decode,4,0,2608,0.0103,0,4,
1784264483.660350,1784264483.669584,decode,4,0,2608,0.0103,0,4,
1784264483.669584,1784264483.678723,decode,4,0,2608,0.0103,0,4,
1784264483.678723,1784264483.688137,decode,3,0,2464,0.0097,0,4,
1784264483.688137,1784264483.698962,decode,0,0,0,0.0000,0,3,
1784264483.698962,1784264483.710160,mixed,1,0,2048,0.0081,2048,1,
1784264483.710160,1784264483.719622,mixed,4,0,2112,0.0083,6144,4,
1784264483.719622,1784264483.728788,decode,4,0,2160,0.0085,0,4,
1784264483.728788,1784264483.738112,decode,4,0,2160,0.0085,0,4,
1784264483.738112,1784264483.746979,decode,4,0,2160,0.0085,0,4,
1784264483.746979,1784264483.756323,decode,4,0,2160,0.0085,0,4,
1784264483.756323,1784264483.765384,decode,4,0,2160,0.0085,0,4,
1784264483.765384,1784264483.774498,decode,4,0,2160,0.0085,0,4,
1784264483.774498,1784264483.783647,decode,4,0,2160,0.0085,0,4,
1784264483.783647,1784264483.793229,decode,4,0,2160,0.0085,0,4,
1784264483.793229,1784264483.802590,decode,4,0,2160,0.0085,0,4,
1784264483.802590,1784264483.811786,decode,4,0,2160,0.0085,0,4,
1784264483.811786,1784264483.820624,decode,4,0,2160,0.0085,0,4,
1784264483.820624,1784264483.829865,decode,4,0,2160,0.0085,0,4,
1784264483.829865,1784264483.838995,decode,4,0,2160,0.0085,0,4,
1784264483.838995,1784264483.848140,decode,4,0,2160,0.0085,0,4,
1784264483.848140,1784264483.857790,decode,4,0,2160,0.0085,0,4,
1784264483.857790,1784264483.866550,decode,4,0,2176,0.0086,0,4,
1784264483.866550,1784264483.875742,decode,4,0,2224,0.0087,0,4,
1784264483.875742,1784264483.884873,decode,4,0,2224,0.0087,0,4,
1784264483.884873,1784264483.894026,decode,4,0,2224,0.0087,0,4,
1784264483.894026,1784264483.903346,decode,4,0,2224,0.0087,0,4,
1784264483.903346,1784264483.912284,decode,4,0,2224,0.0087,0,4,
1784264483.912284,1784264483.921509,decode,4,0,2224,0.0087,0,4,
1784264483.921509,1784264483.930602,decode,4,0,2224,0.0087,0,4,
1784264483.930602,1784264483.940175,decode,4,0,2224,0.0087,0,4,
1784264483.940175,1784264483.949256,decode,4,0,2224,0.0087,0,4,
1784264483.949256,1784264483.958138,decode,4,0,2224,0.0087,0,4,
1784264483.958138,1784264483.967483,decode,4,0,2224,0.0087,0,4,
1784264483.967483,1784264483.976406,decode,4,0,2224,0.0087,0,4,
1784264483.976406,1784264483.985529,decode,4,0,2224,0.0087,0,4,
1784264483.985529,1784264483.994692,decode,4,0,2224,0.0087,0,4,
1784264483.994692,1784264484.004095,decode,4,0,2224,0.0087,0,4,
1784264484.004095,1784264484.013588,decode,4,0,2240,0.0088,0,4,
1784264484.013588,1784264484.022711,decode,4,0,2288,0.0090,0,4,
1784264484.022711,1784264484.031573,decode,4,0,2288,0.0090,0,4,
1784264484.031573,1784264484.040773,decode,4,0,2288,0.0090,0,4,
1784264484.040773,1784264484.050025,decode,4,0,2288,0.0090,0,4,
1784264484.050025,1784264484.058986,decode,4,0,2288,0.0090,0,4,
1784264484.058986,1784264484.068295,decode,4,0,2288,0.0090,0,4,
1784264484.068295,1784264484.077691,decode,4,0,2288,0.0090,0,4,
1784264484.077691,1784264484.086641,decode,4,0,2288,0.0090,0,4,
1784264484.086641,1784264484.096212,decode,4,0,2288,0.0090,0,4,
1784264484.096212,1784264484.105592,decode,4,0,2288,0.0090,0,4,
1784264484.105592,1784264484.114404,decode,4,0,2288,0.0090,0,4,
1784264484.114404,1784264484.123501,decode,4,0,2288,0.0090,0,4,
1784264484.123501,1784264484.132632,decode,4,0,2288,0.0090,0,4,
1784264484.132632,1784264484.141900,decode,4,0,2288,0.0090,0,4,
1784264484.141900,1784264484.151258,decode,4,0,2288,0.0090,0,4,
1784264484.151258,1784264484.160560,decode,4,0,2304,0.0091,0,4,
1784264484.160560,1784264484.169582,decode,4,0,2352,0.0093,0,4,
1784264484.169582,1784264484.179003,decode,4,0,2352,0.0093,0,4,
1784264484.179003,1784264484.187995,decode,4,0,2352,0.0093,0,4,
1784264484.187995,1784264484.197153,decode,4,0,2352,0.0093,0,4,
1784264484.197153,1784264484.206272,decode,4,0,2352,0.0093,0,4,
1784264484.206272,1784264484.215650,decode,4,0,2352,0.0093,0,4,
1784264484.215650,1784264484.224662,decode,4,0,2352,0.0093,0,4,
1784264484.224662,1784264484.233801,decode,4,0,2352,0.0093,0,4,
1784264484.233801,1784264484.242907,decode,4,0,2352,0.0093,0,4,
1784264484.242907,1784264484.251986,decode,4,0,2352,0.0093,0,4,
1784264484.251986,1784264484.261230,decode,4,0,2352,0.0093,0,4,
1784264484.261230,1784264484.270540,decode,4,0,2352,0.0093,0,4,
1784264484.270540,1784264484.279598,decode,4,0,2352,0.0093,0,4,
1784264484.279598,1784264484.288708,decode,4,0,2352,0.0093,0,4,
1784264484.288708,1784264484.297921,decode,4,0,2352,0.0093,0,4,
1784264484.297921,1784264484.307183,decode,4,0,2368,0.0093,0,4,
1784264484.307183,1784264484.316359,decode,4,0,2416,0.0095,0,4,
1784264484.316359,1784264484.325516,decode,4,0,2416,0.0095,0,4,
1784264484.325516,1784264484.335172,decode,4,0,2416,0.0095,0,4,
1784264484.335172,1784264484.344293,decode,4,0,2416,0.0095,0,4,
1784264484.344293,1784264484.353514,decode,4,0,2416,0.0095,0,4,
1784264484.353514,1784264484.362973,decode,4,0,2416,0.0095,0,4,
1784264484.362973,1784264484.371971,decode,4,0,2416,0.0095,0,4,
1784264484.371971,1784264484.380988,decode,4,0,2416,0.0095,0,4,
1784264484.380988,1784264484.390235,decode,4,0,2416,0.0095,0,4,
1784264484.390235,1784264484.399547,decode,4,0,2416,0.0095,0,4,
1784264484.399547,1784264484.408665,decode,4,0,2416,0.0095,0,4,
1784264484.408665,1784264484.417980,decode,4,0,2416,0.0095,0,4,
1784264484.417980,1784264484.427377,decode,4,0,2416,0.0095,0,4,
1784264484.427377,1784264484.436621,decode,4,0,2416,0.0095,0,4,
1784264484.436621,1784264484.445912,decode,4,0,2416,0.0095,0,4,
1784264484.445912,1784264484.455391,decode,4,0,2432,0.0096,0,4,
1784264484.455391,1784264484.464528,decode,4,0,2480,0.0098,0,4,
1784264484.464528,1784264484.474078,decode,4,0,2480,0.0098,0,4,
1784264484.474078,1784264484.483211,decode,4,0,2480,0.0098,0,4,
1784264484.483211,1784264484.492725,decode,4,0,2480,0.0098,0,4,
1784264484.492725,1784264484.501849,decode,4,0,2480,0.0098,0,4,
1784264484.501849,1784264484.510994,decode,4,0,2480,0.0098,0,4,
1784264484.510994,1784264484.520105,decode,4,0,2480,0.0098,0,4,
1784264484.520105,1784264484.529205,decode,4,0,2480,0.0098,0,4,
1784264484.529205,1784264484.538598,decode,4,0,2480,0.0098,0,4,
1784264484.538598,1784264484.548077,decode,4,0,2480,0.0098,0,4,
1784264484.548077,1784264484.556895,decode,4,0,2480,0.0098,0,4,
1784264484.556895,1784264484.566176,decode,4,0,2480,0.0098,0,4,
1784264484.566176,1784264484.575756,decode,4,0,2480,0.0098,0,4,
1784264484.575756,1784264484.584677,decode,4,0,2480,0.0098,0,4,
1784264484.584677,1784264484.594101,decode,4,0,2480,0.0098,0,4,
1784264484.594101,1784264484.603067,decode,4,0,2496,0.0098,0,4,
1784264484.603067,1784264484.612287,decode,4,0,2544,0.0100,0,4,
1784264484.612287,1784264484.621742,decode,4,0,2544,0.0100,0,4,
1784264484.621742,1784264484.631190,decode,4,0,2544,0.0100,0,4,
1784264484.631190,1784264484.640403,decode,4,0,2544,0.0100,0,4,
1784264484.640403,1784264484.649579,decode,4,0,2544,0.0100,0,4,
1784264484.649579,1784264484.659006,decode,4,0,2544,0.0100,0,4,
1784264484.659006,1784264484.668214,decode,4,0,2544,0.0100,0,4,
1784264484.668214,1784264484.677938,decode,4,0,2544,0.0100,0,4,
1784264484.677938,1784264484.686611,decode,4,0,2544,0.0100,0,4,
1784264484.686611,1784264484.696306,decode,4,0,2544,0.0100,0,4,
1784264484.696306,1784264484.705264,decode,4,0,2544,0.0100,0,4,
1784264484.705264,1784264484.714609,decode,4,0,2544,0.0100,0,4,
1784264484.714609,1784264484.723701,decode,4,0,2544,0.0100,0,4,
1784264484.723701,1784264484.732815,decode,4,0,2544,0.0100,0,4,
1784264484.732815,1784264484.742482,decode,4,0,2544,0.0100,0,4,
1784264484.742482,1784264484.751747,decode,4,0,2560,0.0101,0,4,
1784264484.751747,1784264484.760562,decode,4,0,2608,0.0103,0,4,
1784264484.760562,1784264484.769728,decode,4,0,2608,0.0103,0,4,
1784264484.769728,1784264484.778924,decode,4,0,2608,0.0103,0,4,
1784264484.778924,1784264484.788014,decode,4,0,2608,0.0103,0,4,
1784264484.788014,1784264484.797712,decode,4,0,2608,0.0103,0,4,
1784264484.797712,1784264484.806526,decode,4,0,2608,0.0103,0,4,
1784264484.806526,1784264484.815738,decode,4,0,2608,0.0103,0,4,
1784264484.815738,1784264484.824929,decode,4,0,2608,0.0103,0,4,
1784264484.824929,1784264484.834057,decode,4,0,2608,0.0103,0,4,
1784264484.834057,1784264484.843725,decode,4,0,2608,0.0103,0,4,
1784264484.843725,1784264484.852614,decode,4,0,2608,0.0103,0,4,
1784264484.852614,1784264484.861781,decode,4,0,2608,0.0103,0,4,
1784264484.861781,1784264484.871015,decode,4,0,2608,0.0103,0,4,
1784264484.871015,1784264484.880236,decode,3,0,2464,0.0097,0,4,
1784264484.880236,1784264484.890690,decode,0,0,0,0.0000,0,3,
1784264484.890690,1784264484.901911,mixed,1,0,2048,0.0081,2048,1,
1784264484.901911,1784264484.911587,mixed,4,0,2112,0.0083,6144,4,
1784264484.911587,1784264484.920775,decode,4,0,2160,0.0085,0,4,
1784264484.920775,1784264484.929903,decode,4,0,2160,0.0085,0,4,
1784264484.929903,1784264484.939399,decode,4,0,2160,0.0085,0,4,
1784264484.939399,1784264484.948394,decode,4,0,2160,0.0085,0,4,
1784264484.948394,1784264484.957382,decode,4,0,2160,0.0085,0,4,
1784264484.957382,1784264484.966515,decode,4,0,2160,0.0085,0,4,
1784264484.966515,1784264484.976028,decode,4,0,2160,0.0085,0,4,
1784264484.976028,1784264484.985099,decode,4,0,2160,0.0085,0,4,
1784264484.985099,1784264484.994272,decode,4,0,2160,0.0085,0,4,
1784264484.994272,1784264485.003970,decode,4,0,2160,0.0085,0,4,
1784264485.003970,1784264485.013430,decode,4,0,2160,0.0085,0,4,
1784264485.013430,1784264485.022665,decode,4,0,2160,0.0085,0,4,
1784264485.022665,1784264485.031368,decode,4,0,2160,0.0085,0,4,
1784264485.031368,1784264485.040485,decode,4,0,2160,0.0085,0,4,
1784264485.040485,1784264485.049650,decode,4,0,2160,0.0085,0,4,
1784264485.049650,1784264485.059109,decode,4,0,2176,0.0086,0,4,
1784264485.059109,1784264485.068043,decode,4,0,2224,0.0087,0,4,
1784264485.068043,1784264485.077103,decode,4,0,2224,0.0087,0,4,
1784264485.077103,1784264485.086218,decode,4,0,2224,0.0087,0,4,
1784264485.086218,1784264485.095455,decode,4,0,2224,0.0087,0,4,
1784264485.095455,1784264485.104651,decode,4,0,2224,0.0087,0,4,
1784264485.104651,1784264485.113783,decode,4,0,2224,0.0087,0,4,
1784264485.113783,1784264485.122848,decode,4,0,2224,0.0087,0,4,
1784264485.122848,1784264485.131792,decode,4,0,2224,0.0087,0,4,
1784264485.131792,1784264485.140751,decode,4,0,2224,0.0087,0,4,
1784264485.140751,1784264485.149818,decode,4,0,2224,0.0087,0,4,
1784264485.149818,1784264485.159245,decode,4,0,2224,0.0087,0,4,
1784264485.159245,1784264485.167563,decode,4,0,2224,0.0087,0,4,
1784264485.167563,1784264485.176637,decode,4,0,2224,0.0087,0,4,
1784264485.176637,1784264485.185692,decode,4,0,2224,0.0087,0,4,
1784264485.185692,1784264485.195066,decode,4,0,2224,0.0087,0,4,
1784264485.195066,1784264485.203678,decode,4,0,2240,0.0088,0,4,
1784264485.203678,1784264485.212768,decode,4,0,2288,0.0090,0,4,
1784264485.212768,1784264485.221717,decode,4,0,2288,0.0090,0,4,
1784264485.221717,1784264485.230714,decode,4,0,2288,0.0090,0,4,
1784264485.230714,1784264485.240062,decode,4,0,2288,0.0090,0,4,
1784264485.240062,1784264485.248589,decode,4,0,2288,0.0090,0,4,
1784264485.248589,1784264485.257631,decode,4,0,2288,0.0090,0,4,
1784264485.257631,1784264485.266571,decode,4,0,2288,0.0090,0,4,
1784264485.266571,1784264485.275642,decode,4,0,2288,0.0090,0,4,
1784264485.275642,1784264485.284643,decode,4,0,2288,0.0090,0,4,
1784264485.284643,1784264485.293646,decode,4,0,2288,0.0090,0,4,
1784264485.293646,1784264485.302717,decode,4,0,2288,0.0090,0,4,
1784264485.302717,1784264485.311652,decode,4,0,2288,0.0090,0,4,
1784264485.311652,1784264485.320843,decode,4,0,2288,0.0090,0,4,
1784264485.320843,1784264485.329622,decode,4,0,2288,0.0090,0,4,
1784264485.329622,1784264485.339009,decode,4,0,2288,0.0090,0,4,
1784264485.339009,1784264485.347674,decode,4,0,2304,0.0091,0,4,
1784264485.347674,1784264485.356709,decode,4,0,2352,0.0093,0,4,
1784264485.356709,1784264485.366166,decode,4,0,2352,0.0093,0,4,
1784264485.366166,1784264485.374714,decode,4,0,2352,0.0093,0,4,
1784264485.374714,1784264485.383745,decode,4,0,2352,0.0093,0,4,
1784264485.383745,1784264485.392596,decode,4,0,2352,0.0093,0,4,
1784264485.392596,1784264485.401901,decode,4,0,2352,0.0093,0,4,
1784264485.401901,1784264485.410842,decode,4,0,2352,0.0093,0,4,
1784264485.410842,1784264485.419772,decode,4,0,2352,0.0093,0,4,
1784264485.419772,1784264485.428615,decode,4,0,2352,0.0093,0,4,
1784264485.428615,1784264485.437676,decode,4,0,2352,0.0093,0,4,
1784264485.437676,1784264485.446647,decode,4,0,2352,0.0093,0,4,
1784264485.446647,1784264485.455853,decode,4,0,2352,0.0093,0,4,
1784264485.455853,1784264485.464671,decode,4,0,2352,0.0093,0,4,
1784264485.464671,1784264485.473577,decode,4,0,2352,0.0093,0,4,
1784264485.473577,1784264485.483146,decode,4,0,2352,0.0093,0,4,
1784264485.483146,1784264485.492013,decode,4,0,2368,0.0093,0,4,
1784264485.492013,1784264485.501301,decode,4,0,2416,0.0095,0,4,
1784264485.501301,1784264485.510179,decode,4,0,2416,0.0095,0,4,
1784264485.510179,1784264485.519143,decode,4,0,2416,0.0095,0,4,
1784264485.519143,1784264485.528107,decode,4,0,2416,0.0095,0,4,
1784264485.528107,1784264485.537457,decode,4,0,2416,0.0095,0,4,
1784264485.537457,1784264485.546047,decode,4,0,2416,0.0095,0,4,
1784264485.546047,1784264485.555622,decode,4,0,2416,0.0095,0,4,
1784264485.555622,1784264485.564130,decode,4,0,2416,0.0095,0,4,
1784264485.564130,1784264485.573021,decode,4,0,2416,0.0095,0,4,
1784264485.573021,1784264485.582188,decode,4,0,2416,0.0095,0,4,
1784264485.582188,1784264485.591153,decode,4,0,2416,0.0095,0,4,
1784264485.591153,1784264485.600058,decode,4,0,2416,0.0095,0,4,
1784264485.600058,1784264485.609097,decode,4,0,2416,0.0095,0,4,
1784264485.609097,1784264485.618316,decode,4,0,2416,0.0095,0,4,
1784264485.618316,1784264485.627214,decode,4,0,2416,0.0095,0,4,
1784264485.627214,1784264485.636244,decode,4,0,2432,0.0096,0,4,
1784264485.636244,1784264485.645340,decode,4,0,2480,0.0098,0,4,
1784264485.645340,1784264485.654555,decode,4,0,2480,0.0098,0,4,
1784264485.654555,1784264485.663379,decode,4,0,2480,0.0098,0,4,
1784264485.663379,1784264485.672267,decode,4,0,2480,0.0098,0,4,
1784264485.672267,1784264485.681285,decode,4,0,2480,0.0098,0,4,
1784264485.681285,1784264485.690203,decode,4,0,2480,0.0098,0,4,
1784264485.690203,1784264485.699394,decode,4,0,2480,0.0098,0,4,
1784264485.699394,1784264485.708665,decode,4,0,2480,0.0098,0,4,
1784264485.708665,1784264485.718118,decode,4,0,2480,0.0098,0,4,
1784264485.718118,1784264485.726988,decode,4,0,2480,0.0098,0,4,
1784264485.726988,1784264485.736156,decode,4,0,2480,0.0098,0,4,
1784264485.736156,1784264485.745322,decode,4,0,2480,0.0098,0,4,
1784264485.745322,1784264485.754461,decode,4,0,2480,0.0098,0,4,
1784264485.754461,1784264485.763738,decode,4,0,2480,0.0098,0,4,
1784264485.763738,1784264485.773422,decode,4,0,2480,0.0098,0,4,
1784264485.773422,1784264485.782387,decode,4,0,2496,0.0098,0,4,
1784264485.782387,1784264485.791484,decode,4,0,2544,0.0100,0,4,
1784264485.791484,1784264485.800651,decode,4,0,2544,0.0100,0,4,
1784264485.800651,1784264485.809879,decode,4,0,2544,0.0100,0,4,
1784264485.809879,1784264485.819107,decode,4,0,2544,0.0100,0,4,
1784264485.819107,1784264485.828303,decode,4,0,2544,0.0100,0,4,
1784264485.828303,1784264485.837433,decode,4,0,2544,0.0100,0,4,
1784264485.837433,1784264485.846869,decode,4,0,2544,0.0100,0,4,
1784264485.846869,1784264485.855501,decode,4,0,2544,0.0100,0,4,
1784264485.855501,1784264485.864514,decode,4,0,2544,0.0100,0,4,
1784264485.864514,1784264485.873406,decode,4,0,2544,0.0100,0,4,
1784264485.873406,1784264485.882698,decode,4,0,2544,0.0100,0,4,
1784264485.882698,1784264485.891578,decode,4,0,2544,0.0100,0,4,
1784264485.891578,1784264485.900597,decode,4,0,2544,0.0100,0,4,
1784264485.900597,1784264485.909604,decode,4,0,2544,0.0100,0,4,
1784264485.909604,1784264485.918706,decode,4,0,2544,0.0100,0,4,
1784264485.918706,1784264485.927550,decode,4,0,2560,0.0101,0,4,
1784264485.927550,1784264485.936874,decode,4,0,2608,0.0103,0,4,
1784264485.936874,1784264485.946282,decode,4,0,2608,0.0103,0,4,
1784264485.946282,1784264485.954735,decode,4,0,2608,0.0103,0,4,
1784264485.954735,1784264485.964092,decode,4,0,2608,0.0103,0,4,
1784264485.964092,1784264485.972988,decode,4,0,2608,0.0103,0,4,
1784264485.972988,1784264485.982144,decode,4,0,2608,0.0103,0,4,
1784264485.982144,1784264485.991249,decode,4,0,2608,0.0103,0,4,
1784264485.991249,1784264486.000230,decode,4,0,2608,0.0103,0,4,
1784264486.000230,1784264486.009212,decode,4,0,2608,0.0103,0,4,
1784264486.009212,1784264486.018261,decode,4,0,2608,0.0103,0,4,
1784264486.018261,1784264486.027188,decode,4,0,2608,0.0103,0,4,
1784264486.027188,1784264486.036206,decode,4,0,2608,0.0103,0,4,
1784264486.036206,1784264486.045339,decode,4,0,2608,0.0103,0,4,
1784264486.045339,1784264486.054366,decode,3,0,2464,0.0097,0,4,
1784264486.054366,1784264486.064754,decode,0,0,0,0.0000,0,3,
1784264486.064754,1784264486.076101,mixed,1,0,2048,0.0081,2048,1,
1784264486.076101,1784264486.085616,mixed,4,0,2112,0.0083,6144,4,
1784264486.085616,1784264486.094483,decode,4,0,2160,0.0085,0,4,
1784264486.094483,1784264486.103352,decode,4,0,2160,0.0085,0,4,
1784264486.103352,1784264486.112461,decode,4,0,2160,0.0085,0,4,
1784264486.112461,1784264486.121526,decode,4,0,2160,0.0085,0,4,
1784264486.121526,1784264486.130385,decode,4,0,2160,0.0085,0,4,
1784264486.130385,1784264486.139391,decode,4,0,2160,0.0085,0,4,
1784264486.139391,1784264486.148906,decode,4,0,2160,0.0085,0,4,
1784264486.148906,1784264486.157876,decode,4,0,2160,0.0085,0,4,
1784264486.157876,1784264486.166941,decode,4,0,2160,0.0085,0,4,
1784264486.166941,1784264486.175851,decode,4,0,2160,0.0085,0,4,
1784264486.175851,1784264486.184869,decode,4,0,2160,0.0085,0,4,
1784264486.184869,1784264486.193864,decode,4,0,2160,0.0085,0,4,
1784264486.193864,1784264486.203010,decode,4,0,2160,0.0085,0,4,
1784264486.203010,1784264486.212065,decode,4,0,2160,0.0085,0,4,
1784264486.212065,1784264486.221569,decode,4,0,2160,0.0085,0,4,
1784264486.221569,1784264486.230599,decode,4,0,2176,0.0086,0,4,
1784264486.230599,1784264486.239569,decode,4,0,2224,0.0087,0,4,
1784264486.239569,1784264486.248930,decode,4,0,2224,0.0087,0,4,
1784264486.248930,1784264486.258184,decode,4,0,2224,0.0087,0,4,
1784264486.258184,1784264486.267053,decode,4,0,2224,0.0087,0,4,
1784264486.267053,1784264486.276135,decode,4,0,2224,0.0087,0,4,
1784264486.276135,1784264486.285415,decode,4,0,2224,0.0087,0,4,
1784264486.285415,1784264486.294550,decode,4,0,2224,0.0087,0,4,
1784264486.294550,1784264486.303618,decode,4,0,2224,0.0087,0,4,
1784264486.303618,1784264486.312827,decode,4,0,2224,0.0087,0,4,
1784264486.312827,1784264486.321989,decode,4,0,2224,0.0087,0,4,
1784264486.321989,1784264486.331104,decode,4,0,2224,0.0087,0,4,
1784264486.331104,1784264486.340216,decode,4,0,2224,0.0087,0,4,
1784264486.340216,1784264486.349463,decode,4,0,2224,0.0087,0,4,
1784264486.349463,1784264486.359000,decode,4,0,2224,0.0087,0,4,
1784264486.359000,1784264486.367748,decode,4,0,2224,0.0087,0,4,
1784264486.367748,1784264486.376883,decode,4,0,2240,0.0088,0,4,
1784264486.376883,1784264486.385990,decode,4,0,2288,0.0090,0,4,
1784264486.385990,1784264486.395286,decode,4,0,2288,0.0090,0,4,
1784264486.395286,1784264486.404349,decode,4,0,2288,0.0090,0,4,
1784264486.404349,1784264486.413493,decode,4,0,2288,0.0090,0,4,
1784264486.413493,1784264486.422661,decode,4,0,2288,0.0090,0,4,
1784264486.422661,1784264486.431770,decode,4,0,2288,0.0090,0,4,
1784264486.431770,1784264486.441052,decode,4,0,2288,0.0090,0,4,
1784264486.441052,1784264486.450412,decode,4,0,2288,0.0090,0,4,
1784264486.450412,1784264486.459344,decode,4,0,2288,0.0090,0,4,
1784264486.459344,1784264486.468550,decode,4,0,2288,0.0090,0,4,
1784264486.468550,1784264486.477703,decode,4,0,2288,0.0090,0,4,
1784264486.477703,1784264486.486707,decode,4,0,2288,0.0090,0,4,
1784264486.486707,1784264486.495940,decode,4,0,2288,0.0090,0,4,
1784264486.495940,1784264486.504841,decode,4,0,2288,0.0090,0,4,
1784264486.504841,1784264486.514120,decode,4,0,2288,0.0090,0,4,
1784264486.514120,1784264486.523130,decode,4,0,2304,0.0091,0,4,
1784264486.523130,1784264486.532176,decode,4,0,2352,0.0093,0,4,
1784264486.532176,1784264486.541141,decode,4,0,2352,0.0093,0,4,
1784264486.541141,1784264486.550077,decode,4,0,2352,0.0093,0,4,
1784264486.550077,1784264486.559180,decode,4,0,2352,0.0093,0,4,
1784264486.559180,1784264486.568345,decode,4,0,2352,0.0093,0,4,
1784264486.568345,1784264486.577777,decode,4,0,2352,0.0093,0,4,
1784264486.577777,1784264486.586872,decode,4,0,2352,0.0093,0,4,
1784264486.586872,1784264486.595845,decode,4,0,2352,0.0093,0,4,
1784264486.595845,1784264486.605092,decode,4,0,2352,0.0093,0,4,
1784264486.605092,1784264486.614317,decode,4,0,2352,0.0093,0,4,
1784264486.614317,1784264486.623395,decode,4,0,2352,0.0093,0,4,
1784264486.623395,1784264486.632576,decode,4,0,2352,0.0093,0,4,
1784264486.632576,1784264486.641704,decode,4,0,2352,0.0093,0,4,
1784264486.641704,1784264486.650843,decode,4,0,2352,0.0093,0,4,
1784264486.650843,1784264486.660298,decode,4,0,2352,0.0093,0,4,
1784264486.660298,1784264486.669659,decode,4,0,2368,0.0093,0,4,
1784264486.669659,1784264486.678360,decode,4,0,2416,0.0095,0,4,
1784264486.678360,1784264486.687614,decode,4,0,2416,0.0095,0,4,
1784264486.687614,1784264486.696796,decode,4,0,2416,0.0095,0,4,
1784264486.696796,1784264486.705895,decode,4,0,2416,0.0095,0,4,
1784264486.705895,1784264486.715154,decode,4,0,2416,0.0095,0,4,
1784264486.715154,1784264486.724209,decode,4,0,2416,0.0095,0,4,
1784264486.724209,1784264486.733397,decode,4,0,2416,0.0095,0,4,
1784264486.733397,1784264486.742383,decode,4,0,2416,0.0095,0,4,
1784264486.742383,1784264486.751784,decode,4,0,2416,0.0095,0,4,
1784264486.751784,1784264486.760789,decode,4,0,2416,0.0095,0,4,
1784264486.760789,1784264486.769929,decode,4,0,2416,0.0095,0,4,
1784264486.769929,1784264486.779263,decode,4,0,2416,0.0095,0,4,
1784264486.779263,1784264486.788438,decode,4,0,2416,0.0095,0,4,
1784264486.788438,1784264486.797661,decode,4,0,2416,0.0095,0,4,
1784264486.797661,1784264486.806552,decode,4,0,2416,0.0095,0,4,
1784264486.806552,1784264486.815572,decode,4,0,2432,0.0096,0,4,
1784264486.815572,1784264486.824595,decode,4,0,2480,0.0098,0,4,
1784264486.824595,1784264486.833560,decode,4,0,2480,0.0098,0,4,
1784264486.833560,1784264486.842734,decode,4,0,2480,0.0098,0,4,
1784264486.842734,1784264486.851484,decode,4,0,2480,0.0098,0,4,
1784264486.851484,1784264486.861047,decode,4,0,2480,0.0098,0,4,
1784264486.861047,1784264486.869945,decode,4,0,2480,0.0098,0,4,
1784264486.869945,1784264486.878522,decode,4,0,2480,0.0098,0,4,
1784264486.878522,1784264486.887860,decode,4,0,2480,0.0098,0,4,
1784264486.887860,1784264486.896651,decode,4,0,2480,0.0098,0,4,
1784264486.896651,1784264486.906053,decode,4,0,2480,0.0098,0,4,
1784264486.906053,1784264486.914582,decode,4,0,2480,0.0098,0,4,
1784264486.914582,1784264486.923591,decode,4,0,2480,0.0098,0,4,
1784264486.923591,1784264486.932559,decode,4,0,2480,0.0098,0,4,
1784264486.932559,1784264486.941804,decode,4,0,2480,0.0098,0,4,
1784264486.941804,1784264486.951113,decode,4,0,2480,0.0098,0,4,
1784264486.951113,1784264486.959757,decode,4,0,2496,0.0098,0,4,
1784264486.959757,1784264486.969037,decode,4,0,2544,0.0100,0,4,
1784264486.969037,1784264486.977820,decode,4,0,2544,0.0100,0,4,
1784264486.977820,1784264486.986735,decode,4,0,2544,0.0100,0,4,
1784264486.986735,1784264486.995860,decode,4,0,2544,0.0100,0,4,
1784264486.995860,1784264487.004899,decode,4,0,2544,0.0100,0,4,
1784264487.004899,1784264487.013897,decode,4,0,2544,0.0100,0,4,
1784264487.013897,1784264487.022733,decode,4,0,2544,0.0100,0,4,
1784264487.022733,1784264487.031834,decode,4,0,2544,0.0100,0,4,
1784264487.031834,1784264487.040881,decode,4,0,2544,0.0100,0,4,
1784264487.040881,1784264487.049931,decode,4,0,2544,0.0100,0,4,
1784264487.049931,1784264487.059117,decode,4,0,2544,0.0100,0,4,
1784264487.059117,1784264487.068211,decode,4,0,2544,0.0100,0,4,
1784264487.068211,1784264487.077425,decode,4,0,2544,0.0100,0,4,
1784264487.077425,1784264487.085997,decode,4,0,2544,0.0100,0,4,
1784264487.085997,1784264487.095212,decode,4,0,2544,0.0100,0,4,
1784264487.095212,1784264487.103994,decode,4,0,2560,0.0101,0,4,
1784264487.103994,1784264487.113160,decode,4,0,2608,0.0103,0,4,
1784264487.113160,1784264487.122279,decode,4,0,2608,0.0103,0,4,
1784264487.122279,1784264487.131190,decode,4,0,2608,0.0103,0,4,
1784264487.131190,1784264487.140506,decode,4,0,2608,0.0103,0,4,
1784264487.140506,1784264487.149555,decode,4,0,2608,0.0103,0,4,
1784264487.149555,1784264487.158391,decode,4,0,2608,0.0103,0,4,
1784264487.158391,1784264487.167449,decode,4,0,2608,0.0103,0,4,
1784264487.167449,1784264487.176336,decode,4,0,2608,0.0103,0,4,
1784264487.176336,1784264487.185255,decode,4,0,2608,0.0103,0,4,
1784264487.185255,1784264487.194351,decode,4,0,2608,0.0103,0,4,
1784264487.194351,1784264487.203366,decode,4,0,2608,0.0103,0,4,
1784264487.203366,1784264487.212434,decode,4,0,2608,0.0103,0,4,
1784264487.212434,1784264487.221806,decode,4,0,2608,0.0103,0,4,
1784264487.221806,1784264487.230706,decode,3,0,2464,0.0097,0,4,
1784264487.230706,1784264487.240695,decode,0,0,0,0.0000,0,3,
1784264487.240695,1784264487.251446,mixed,1,0,2048,0.0081,2048,1,
1784264487.251446,1784264487.260942,mixed,4,0,2112,0.0083,6144,4,
1784264487.260942,1784264487.269992,decode,4,0,2160,0.0085,0,4,
1784264487.269992,1784264487.278872,decode,4,0,2160,0.0085,0,4,
1784264487.278872,1784264487.287760,decode,4,0,2160,0.0085,0,4,
1784264487.287760,1784264487.297075,decode,4,0,2160,0.0085,0,4,
1784264487.297075,1784264487.305867,decode,4,0,2160,0.0085,0,4,
1784264487.305867,1784264487.314806,decode,4,0,2160,0.0085,0,4,
1784264487.314806,1784264487.323778,decode,4,0,2160,0.0085,0,4,
1784264487.323778,1784264487.332606,decode,4,0,2160,0.0085,0,4,
1784264487.332606,1784264487.342185,decode,4,0,2160,0.0085,0,4,
1784264487.342185,1784264487.351028,decode,4,0,2160,0.0085,0,4,
1784264487.351028,1784264487.359948,decode,4,0,2160,0.0085,0,4,
1784264487.359948,1784264487.368699,decode,4,0,2160,0.0085,0,4,
1784264487.368699,1784264487.377565,decode,4,0,2160,0.0085,0,4,
1784264487.377565,1784264487.386618,decode,4,0,2160,0.0085,0,4,
1784264487.386618,1784264487.395983,decode,4,0,2160,0.0085,0,4,
1784264487.395983,1784264487.405046,decode,4,0,2176,0.0086,0,4,
1784264487.405046,1784264487.413558,decode,4,0,2224,0.0087,0,4,
1784264487.413558,1784264487.422558,decode,4,0,2224,0.0087,0,4,
1784264487.422558,1784264487.431628,decode,4,0,2224,0.0087,0,4,
1784264487.431628,1784264487.441162,decode,4,0,2224,0.0087,0,4,
1784264487.441162,1784264487.449771,decode,4,0,2224,0.0087,0,4,
1784264487.449771,1784264487.458609,decode,4,0,2224,0.0087,0,4,
1784264487.458609,1784264487.467531,decode,4,0,2224,0.0087,0,4,
1784264487.467531,1784264487.476518,decode,4,0,2224,0.0087,0,4,
1784264487.476518,1784264487.485423,decode,4,0,2224,0.0087,0,4,
1784264487.485423,1784264487.494855,decode,4,0,2224,0.0087,0,4,
1784264487.494855,1784264487.503659,decode,4,0,2224,0.0087,0,4,
1784264487.503659,1784264487.512449,decode,4,0,2224,0.0087,0,4,
1784264487.512449,1784264487.521440,decode,4,0,2224,0.0087,0,4,
1784264487.521440,1784264487.530353,decode,4,0,2224,0.0087,0,4,
1784264487.530353,1784264487.539496,decode,4,0,2224,0.0087,0,4,
1784264487.539496,1784264487.548874,decode,4,0,2240,0.0088,0,4,
1784264487.548874,1784264487.557537,decode,4,0,2288,0.0090,0,4,
1784264487.557537,1784264487.566586,decode,4,0,2288,0.0090,0,4,
1784264487.566586,1784264487.575338,decode,4,0,2288,0.0090,0,4,
1784264487.575338,1784264487.584612,decode,4,0,2288,0.0090,0,4,
1784264487.584612,1784264487.593608,decode,4,0,2288,0.0090,0,4,
1784264487.593608,1784264487.602786,decode,4,0,2288,0.0090,0,4,
1784264487.602786,1784264487.612207,decode,4,0,2288,0.0090,0,4,
1784264487.612207,1784264487.620799,decode,4,0,2288,0.0090,0,4,
1784264487.620799,1784264487.629761,decode,4,0,2288,0.0090,0,4,
1784264487.629761,1784264487.638721,decode,4,0,2288,0.0090,0,4,
1784264487.638721,1784264487.648084,decode,4,0,2288,0.0090,0,4,
1784264487.648084,1784264487.656949,decode,4,0,2288,0.0090,0,4,
1784264487.656949,1784264487.665750,decode,4,0,2288,0.0090,0,4,
1784264487.665750,1784264487.674716,decode,4,0,2288,0.0090,0,4,
1784264487.674716,1784264487.683812,decode,4,0,2288,0.0090,0,4,
1784264487.683812,1784264487.693196,decode,4,0,2304,0.0091,0,4,
1784264487.693196,1784264487.702261,decode,4,0,2352,0.0093,0,4,
1784264487.702261,1784264487.710813,decode,4,0,2352,0.0093,0,4,
1784264487.710813,1784264487.720483,decode,4,0,2352,0.0093,0,4,
1784264487.720483,1784264487.728919,decode,4,0,2352,0.0093,0,4,
1784264487.728919,1784264487.737956,decode,4,0,2352,0.0093,0,4,
1784264487.737956,1784264487.746894,decode,4,0,2352,0.0093,0,4,
1784264487.746894,1784264487.755819,decode,4,0,2352,0.0093,0,4,
1784264487.755819,1784264487.765257,decode,4,0,2352,0.0093,0,4,
1784264487.765257,1784264487.773943,decode,4,0,2352,0.0093,0,4,
1784264487.773943,1784264487.782922,decode,4,0,2352,0.0093,0,4,
1784264487.782922,1784264487.791844,decode,4,0,2352,0.0093,0,4,
1784264487.791844,1784264487.801197,decode,4,0,2352,0.0093,0,4,
1784264487.801197,1784264487.810335,decode,4,0,2352,0.0093,0,4,
1784264487.810335,1784264487.819291,decode,4,0,2352,0.0093,0,4,
1784264487.819291,1784264487.828212,decode,4,0,2352,0.0093,0,4,
1784264487.828212,1784264487.837172,decode,4,0,2368,0.0093,0,4,
1784264487.837172,1784264487.846628,decode,4,0,2416,0.0095,0,4,
1784264487.846628,1784264487.855509,decode,4,0,2416,0.0095,0,4,
1784264487.855509,1784264487.864335,decode,4,0,2416,0.0095,0,4,
1784264487.864335,1784264487.873376,decode,4,0,2416,0.0095,0,4,
1784264487.873376,1784264487.882460,decode,4,0,2416,0.0095,0,4,
1784264487.882460,1784264487.891489,decode,4,0,2416,0.0095,0,4,
1784264487.891489,1784264487.900537,decode,4,0,2416,0.0095,0,4,
1784264487.900537,1784264487.909497,decode,4,0,2416,0.0095,0,4,
1784264487.909497,1784264487.918425,decode,4,0,2416,0.0095,0,4,
1784264487.918425,1784264487.927652,decode,4,0,2416,0.0095,0,4,
1784264487.927652,1784264487.936505,decode,4,0,2416,0.0095,0,4,
1784264487.936505,1784264487.945986,decode,4,0,2416,0.0095,0,4,
1784264487.945986,1784264487.954573,decode,4,0,2416,0.0095,0,4,
1784264487.954573,1784264487.963819,decode,4,0,2416,0.0095,0,4,
1784264487.963819,1784264487.972660,decode,4,0,2416,0.0095,0,4,
1784264487.972660,1784264487.981590,decode,4,0,2432,0.0096,0,4,
1784264487.981590,1784264487.990766,decode,4,0,2480,0.0098,0,4,
1784264487.990766,1784264487.999594,decode,4,0,2480,0.0098,0,4,
1784264487.999594,1784264488.008778,decode,4,0,2480,0.0098,0,4,
1784264488.008778,1784264488.017508,decode,4,0,2480,0.0098,0,4,
1784264488.017508,1784264488.026732,decode,4,0,2480,0.0098,0,4,
1784264488.026732,1784264488.036007,decode,4,0,2480,0.0098,0,4,
1784264488.036007,1784264488.045240,decode,4,0,2480,0.0098,0,4,
1784264488.045240,1784264488.054669,decode,4,0,2480,0.0098,0,4,
1784264488.054669,1784264488.063868,decode,4,0,2480,0.0098,0,4,
1784264488.063868,1784264488.073097,decode,4,0,2480,0.0098,0,4,
1784264488.073097,1784264488.082375,decode,4,0,2480,0.0098,0,4,
1784264488.082375,1784264488.091706,decode,4,0,2480,0.0098,0,4,
1784264488.091706,1784264488.100884,decode,4,0,2480,0.0098,0,4,
1784264488.100884,1784264488.110124,decode,4,0,2480,0.0098,0,4,
1784264488.110124,1784264488.120217,decode,4,0,2480,0.0098,0,4,
1784264488.120217,1784264488.129638,decode,4,0,2496,0.0098,0,4,
1784264488.129638,1784264488.138849,decode,4,0,2544,0.0100,0,4,
1784264488.138849,1784264488.148077,decode,4,0,2544,0.0100,0,4,
1784264488.148077,1784264488.157651,decode,4,0,2544,0.0100,0,4,
1784264488.157651,1784264488.166896,decode,4,0,2544,0.0100,0,4,
1784264488.166896,1784264488.176157,decode,4,0,2544,0.0100,0,4,
1784264488.176157,1784264488.185410,decode,4,0,2544,0.0100,0,4,
1784264488.185410,1784264488.194561,decode,4,0,2544,0.0100,0,4,
1784264488.194561,1784264488.204147,decode,4,0,2544,0.0100,0,4,
1784264488.204147,1784264488.212999,decode,4,0,2544,0.0100,0,4,
1784264488.212999,1784264488.222087,decode,4,0,2544,0.0100,0,4,
1784264488.222087,1784264488.231370,decode,4,0,2544,0.0100,0,4,
1784264488.231370,1784264488.240699,decode,4,0,2544,0.0100,0,4,
1784264488.240699,1784264488.249613,decode,4,0,2544,0.0100,0,4,
1784264488.249613,1784264488.259270,decode,4,0,2544,0.0100,0,4,
1784264488.259270,1784264488.268597,decode,4,0,2544,0.0100,0,4,
1784264488.268597,1784264488.277990,decode,4,0,2560,0.0101,0,4,
1784264488.277990,1784264488.287295,decode,4,0,2608,0.0103,0,4,
1784264488.287295,1784264488.296318,decode,4,0,2608,0.0103,0,4,
1784264488.296318,1784264488.305306,decode,4,0,2608,0.0103,0,4,
1784264488.305306,1784264488.314501,decode,4,0,2608,0.0103,0,4,
1784264488.314501,1784264488.323481,decode,4,0,2608,0.0103,0,4,
1784264488.323481,1784264488.332736,decode,4,0,2608,0.0103,0,4,
1784264488.332736,1784264488.342023,decode,4,0,2608,0.0103,0,4,
1784264488.342023,1784264488.351202,decode,4,0,2608,0.0103,0,4,
1784264488.351202,1784264488.360268,decode,4,0,2608,0.0103,0,4,
1784264488.360268,1784264488.369666,decode,4,0,2608,0.0103,0,4,
1784264488.369666,1784264488.379021,decode,4,0,2608,0.0103,0,4,
1784264488.379021,1784264488.388292,decode,4,0,2608,0.0103,0,4,
1784264488.388292,1784264488.397144,decode,4,0,2608,0.0103,0,4,
1784264488.397144,1784264488.407265,decode,3,0,2464,0.0097,0,4,
1784264488.407265,1784264488.417859,decode,0,0,0,0.0000,0,3,
1784264488.417859,1784264488.428756,mixed,1,0,2048,0.0081,2048,1,
1784264488.428756,1784264488.438920,mixed,4,0,2112,0.0083,6144,4,
1784264488.438920,1784264488.448095,decode,4,0,2160,0.0085,0,4,
1784264488.448095,1784264488.457527,decode,4,0,2160,0.0085,0,4,
1784264488.457527,1784264488.466731,decode,4,0,2160,0.0085,0,4,
1784264488.466731,1784264488.475504,decode,4,0,2160,0.0085,0,4,
1784264488.475504,1784264488.485104,decode,4,0,2160,0.0085,0,4,
1784264488.485104,1784264488.494219,decode,4,0,2160,0.0085,0,4,
1784264488.494219,1784264488.503394,decode,4,0,2160,0.0085,0,4,
1784264488.503394,1784264488.512417,decode,4,0,2160,0.0085,0,4,
1784264488.512417,1784264488.521848,decode,4,0,2160,0.0085,0,4,
1784264488.521848,1784264488.530856,decode,4,0,2160,0.0085,0,4,
1784264488.530856,1784264488.540432,decode,4,0,2160,0.0085,0,4,
1784264488.540432,1784264488.549261,decode,4,0,2160,0.0085,0,4,
1784264488.549261,1784264488.558708,decode,4,0,2160,0.0085,0,4,
1784264488.558708,1784264488.567504,decode,4,0,2160,0.0085,0,4,
1784264488.567504,1784264488.576638,decode,4,0,2160,0.0085,0,4,
1784264488.576638,1784264488.586657,decode,4,0,2176,0.0086,0,4,
1784264488.586657,1784264488.596101,decode,4,0,2224,0.0087,0,4,
1784264488.596101,1784264488.604670,decode,4,0,2224,0.0087,0,4,
1784264488.604670,1784264488.613808,decode,4,0,2224,0.0087,0,4,
1784264488.613808,1784264488.622827,decode,4,0,2224,0.0087,0,4,
1784264488.622827,1784264488.632155,decode,4,0,2224,0.0087,0,4,
1784264488.632155,1784264488.641214,decode,4,0,2224,0.0087,0,4,
1784264488.641214,1784264488.650461,decode,4,0,2224,0.0087,0,4,
1784264488.650461,1784264488.662192,decode,4,0,2224,0.0087,0,4,
1784264488.662192,1784264488.669667,decode,4,0,2224,0.0087,0,4,
1784264488.669667,1784264488.678620,decode,4,0,2224,0.0087,0,4,
1784264488.678620,1784264488.687850,decode,4,0,2224,0.0087,0,4,
1784264488.687850,1784264488.697016,decode,4,0,2224,0.0087,0,4,
1784264488.697016,1784264488.706212,decode,4,0,2224,0.0087,0,4,
1784264488.706212,1784264488.715367,decode,4,0,2224,0.0087,0,4,
1784264488.715367,1784264488.724603,decode,4,0,2224,0.0087,0,4,
1784264488.724603,1784264488.733867,decode,4,0,2240,0.0088,0,4,
1784264488.733867,1784264488.743211,decode,4,0,2288,0.0090,0,4,
1784264488.743211,1784264488.752332,decode,4,0,2288,0.0090,0,4,
1784264488.752332,1784264488.762231,decode,4,0,2288,0.0090,0,4,
1784264488.762231,1784264488.770999,decode,4,0,2288,0.0090,0,4,
1784264488.770999,1784264488.780328,decode,4,0,2288,0.0090,0,4,
1784264488.780328,1784264488.789790,decode,4,0,2288,0.0090,0,4,
1784264488.789790,1784264488.799281,decode,4,0,2288,0.0090,0,4,
1784264488.799281,1784264488.808664,decode,4,0,2288,0.0090,0,4,
1784264488.808664,1784264488.817435,decode,4,0,2288,0.0090,0,4,
1784264488.817435,1784264488.826994,decode,4,0,2288,0.0090,0,4,
1784264488.826994,1784264488.835891,decode,4,0,2288,0.0090,0,4,
1784264488.835891,1784264488.845105,decode,4,0,2288,0.0090,0,4,
1784264488.845105,1784264488.854656,decode,4,0,2288,0.0090,0,4,
1784264488.854656,1784264488.863472,decode,4,0,2288,0.0090,0,4,
1784264488.863472,1784264488.872718,decode,4,0,2288,0.0090,0,4,
1784264488.872718,1784264488.881823,decode,4,0,2304,0.0091,0,4,
1784264488.881823,1784264488.890955,decode,4,0,2352,0.0093,0,4,
1784264488.890955,1784264488.900337,decode,4,0,2352,0.0093,0,4,
1784264488.900337,1784264488.909338,decode,4,0,2352,0.0093,0,4,
1784264488.909338,1784264488.918879,decode,4,0,2352,0.0093,0,4,
1784264488.918879,1784264488.927794,decode,4,0,2352,0.0093,0,4,
1784264488.927794,1784264488.936865,decode,4,0,2352,0.0093,0,4,
1784264488.936865,1784264488.946162,decode,4,0,2352,0.0093,0,4,
1784264488.946162,1784264488.955623,decode,4,0,2352,0.0093,0,4,
1784264488.955623,1784264488.964715,decode,4,0,2352,0.0093,0,4,
1784264488.964715,1784264488.973614,decode,4,0,2352,0.0093,0,4,
1784264488.973614,1784264488.982795,decode,4,0,2352,0.0093,0,4,
1784264488.982795,1784264488.991877,decode,4,0,2352,0.0093,0,4,
1784264488.991877,1784264489.001612,decode,4,0,2352,0.0093,0,4,
1784264489.001612,1784264489.010517,decode,4,0,2352,0.0093,0,4,
1784264489.010517,1784264489.019573,decode,4,0,2352,0.0093,0,4,
1784264489.019573,1784264489.028772,decode,4,0,2368,0.0093,0,4,
1784264489.028772,1784264489.037884,decode,4,0,2416,0.0095,0,4,
1784264489.037884,1784264489.046991,decode,4,0,2416,0.0095,0,4,
1784264489.046991,1784264489.056096,decode,4,0,2416,0.0095,0,4,
1784264489.056096,1784264489.065400,decode,4,0,2416,0.0095,0,4,
1784264489.065400,1784264489.074802,decode,4,0,2416,0.0095,0,4,
1784264489.074802,1784264489.083650,decode,4,0,2416,0.0095,0,4,
1784264489.083650,1784264489.092807,decode,4,0,2416,0.0095,0,4,
1784264489.092807,1784264489.101877,decode,4,0,2416,0.0095,0,4,
1784264489.101877,1784264489.111600,decode,4,0,2416,0.0095,0,4,
1784264489.111600,1784264489.120463,decode,4,0,2416,0.0095,0,4,
1784264489.120463,1784264489.129530,decode,4,0,2416,0.0095,0,4,
1784264489.129530,1784264489.138562,decode,4,0,2416,0.0095,0,4,
1784264489.138562,1784264489.147927,decode,4,0,2416,0.0095,0,4,
1784264489.147927,1784264489.156988,decode,4,0,2416,0.0095,0,4,
1784264489.156988,1784264489.166431,decode,4,0,2416,0.0095,0,4,
1784264489.166431,1784264489.175367,decode,4,0,2432,0.0096,0,4,
1784264489.175367,1784264489.184702,decode,4,0,2480,0.0098,0,4,
1784264489.184702,1784264489.193876,decode,4,0,2480,0.0098,0,4,
1784264489.193876,1784264489.203318,decode,4,0,2480,0.0098,0,4,
1784264489.203318,1784264489.212089,decode,4,0,2480,0.0098,0,4,
1784264489.212089,1784264489.221364,decode,4,0,2480,0.0098,0,4,
1784264489.221364,1784264489.230818,decode,4,0,2480,0.0098,0,4,
1784264489.230818,1784264489.240026,decode,4,0,2480,0.0098,0,4,
1784264489.240026,1784264489.249233,decode,4,0,2480,0.0098,0,4,
1784264489.249233,1784264489.258026,decode,4,0,2480,0.0098,0,4,
1784264489.258026,1784264489.267467,decode,4,0,2480,0.0098,0,4,
1784264489.267467,1784264489.276478,decode,4,0,2480,0.0098,0,4,
1784264489.276478,1784264489.285691,decode,4,0,2480,0.0098,0,4,
1784264489.285691,1784264489.295134,decode,4,0,2480,0.0098,0,4,
1784264489.295134,1784264489.303959,decode,4,0,2480,0.0098,0,4,
1784264489.303959,1784264489.313540,decode,4,0,2480,0.0098,0,4,
1784264489.313540,1784264489.322415,decode,4,0,2496,0.0098,0,4,
1784264489.322415,1784264489.331503,decode,4,0,2544,0.0100,0,4,
1784264489.331503,1784264489.340991,decode,4,0,2544,0.0100,0,4,
1784264489.340991,1784264489.350036,decode,4,0,2544,0.0100,0,4,
1784264489.350036,1784264489.359418,decode,4,0,2544,0.0100,0,4,
1784264489.359418,1784264489.368420,decode,4,0,2544,0.0100,0,4,
1784264489.368420,1784264489.377712,decode,4,0,2544,0.0100,0,4,
1784264489.377712,1784264489.387196,decode,4,0,2544,0.0100,0,4,
1784264489.387196,1784264489.396001,decode,4,0,2544,0.0100,0,4,
1784264489.396001,1784264489.405354,decode,4,0,2544,0.0100,0,4,
1784264489.405354,1784264489.414640,decode,4,0,2544,0.0100,0,4,
1784264489.414640,1784264489.423798,decode,4,0,2544,0.0100,0,4,
1784264489.423798,1784264489.432940,decode,4,0,2544,0.0100,0,4,
1784264489.432940,1784264489.442646,decode,4,0,2544,0.0100,0,4,
1784264489.442646,1784264489.451249,decode,4,0,2544,0.0100,0,4,
1784264489.451249,1784264489.460524,decode,4,0,2544,0.0100,0,4,
1784264489.460524,1784264489.469689,decode,4,0,2560,0.0101,0,4,
1784264489.469689,1784264489.478978,decode,4,0,2608,0.0103,0,4,
1784264489.478978,1784264489.488091,decode,4,0,2608,0.0103,0,4,
1784264489.488091,1784264489.497245,decode,4,0,2608,0.0103,0,4,
1784264489.497245,1784264489.506447,decode,4,0,2608,0.0103,0,4,
1784264489.506447,1784264489.515621,decode,4,0,2608,0.0103,0,4,
1784264489.515621,1784264489.524753,decode,4,0,2608,0.0103,0,4,
1784264489.524753,1784264489.534022,decode,4,0,2608,0.0103,0,4,
1784264489.534022,1784264489.543648,decode,4,0,2608,0.0103,0,4,
1784264489.543648,1784264489.552738,decode,4,0,2608,0.0103,0,4,
1784264489.552738,1784264489.561660,decode,4,0,2608,0.0103,0,4,
1784264489.561660,1784264489.570846,decode,4,0,2608,0.0103,0,4,
1784264489.570846,1784264489.580107,decode,4,0,2608,0.0103,0,4,
1784264489.580107,1784264489.589560,decode,4,0,2608,0.0103,0,4,
1784264489.589560,1784264489.598539,decode,3,0,2464,0.0097,0,4,
1784264489.598539,1784264489.609480,decode,0,0,0,0.0000,0,3,
1784264489.609480,1784264489.622100,mixed,1,0,2048,0.0081,2048,1,
1784264489.622100,1784264489.632115,mixed,4,0,2112,0.0083,6144,4,
1784264489.632115,1784264489.641289,decode,4,0,2160,0.0085,0,4,
1784264489.641289,1784264489.650519,decode,4,0,2160,0.0085,0,4,
1784264489.650519,1784264489.659611,decode,4,0,2160,0.0085,0,4,
1784264489.659611,1784264489.668792,decode,4,0,2160,0.0085,0,4,
1784264489.668792,1784264489.678312,decode,4,0,2160,0.0085,0,4,
1784264489.678312,1784264489.687080,decode,4,0,2160,0.0085,0,4,
1784264489.687080,1784264489.696243,decode,4,0,2160,0.0085,0,4,
1784264489.696243,1784264489.705370,decode,4,0,2160,0.0085,0,4,
1784264489.705370,1784264489.714472,decode,4,0,2160,0.0085,0,4,
1784264489.714472,1784264489.723958,decode,4,0,2160,0.0085,0,4,
1784264489.723958,1784264489.733045,decode,4,0,2160,0.0085,0,4,
1784264489.733045,1784264489.742411,decode,4,0,2160,0.0085,0,4,
1784264489.742411,1784264489.751412,decode,4,0,2160,0.0085,0,4,
1784264489.751412,1784264489.760459,decode,4,0,2160,0.0085,0,4,
1784264489.760459,1784264489.769549,decode,4,0,2160,0.0085,0,4,
1784264489.769549,1784264489.778662,decode,4,0,2176,0.0086,0,4,
1784264489.778662,1784264489.787760,decode,4,0,2224,0.0087,0,4,
1784264489.787760,1784264489.796926,decode,4,0,2224,0.0087,0,4,
1784264489.796926,1784264489.806102,decode,4,0,2224,0.0087,0,4,
1784264489.806102,1784264489.815158,decode,4,0,2224,0.0087,0,4,
1784264489.815158,1784264489.824251,decode,4,0,2224,0.0087,0,4,
1784264489.824251,1784264489.833378,decode,4,0,2224,0.0087,0,4,
1784264489.833378,1784264489.842798,decode,4,0,2224,0.0087,0,4,
1784264489.842798,1784264489.851451,decode,4,0,2224,0.0087,0,4,
1784264489.851451,1784264489.860811,decode,4,0,2224,0.0087,0,4,
1784264489.860811,1784264489.869843,decode,4,0,2224,0.0087,0,4,
1784264489.869843,1784264489.878926,decode,4,0,2224,0.0087,0,4,
1784264489.878926,1784264489.887994,decode,4,0,2224,0.0087,0,4,
1784264489.887994,1784264489.897155,decode,4,0,2224,0.0087,0,4,
1784264489.897155,1784264489.906299,decode,4,0,2224,0.0087,0,4,
1784264489.906299,1784264489.915425,decode,4,0,2224,0.0087,0,4,
1784264489.915425,1784264489.924559,decode,4,0,2240,0.0088,0,4,
1784264489.924559,1784264489.933741,decode,4,0,2288,0.0090,0,4,
1784264489.933741,1784264489.942906,decode,4,0,2288,0.0090,0,4,
1784264489.942906,1784264489.951983,decode,4,0,2288,0.0090,0,4,
1784264489.951983,1784264489.961158,decode,4,0,2288,0.0090,0,4,
1784264489.961158,1784264489.970307,decode,4,0,2288,0.0090,0,4,
1784264489.970307,1784264489.979638,decode,4,0,2288,0.0090,0,4,
1784264489.979638,1784264489.988523,decode,4,0,2288,0.0090,0,4,
1784264489.988523,1784264489.997637,decode,4,0,2288,0.0090,0,4,
1784264489.997637,1784264490.006931,decode,4,0,2288,0.0090,0,4,
1784264490.006931,1784264490.015986,decode,4,0,2288,0.0090,0,4,
1784264490.015986,1784264490.025099,decode,4,0,2288,0.0090,0,4,
1784264490.025099,1784264490.034261,decode,4,0,2288,0.0090,0,4,
1784264490.034261,1784264490.043495,decode,4,0,2288,0.0090,0,4,
1784264490.043495,1784264490.052629,decode,4,0,2288,0.0090,0,4,
1784264490.052629,1784264490.061882,decode,4,0,2288,0.0090,0,4,
1784264490.061882,1784264490.071315,decode,4,0,2304,0.0091,0,4,
1784264490.071315,1784264490.080176,decode,4,0,2352,0.0093,0,4,
1784264490.080176,1784264490.089066,decode,4,0,2352,0.0093,0,4,
1784264490.089066,1784264490.098062,decode,4,0,2352,0.0093,0,4,
1784264490.098062,1784264490.107195,decode,4,0,2352,0.0093,0,4,
1784264490.107195,1784264490.116111,decode,4,0,2352,0.0093,0,4,
1784264490.116111,1784264490.125234,decode,4,0,2352,0.0093,0,4,
1784264490.125234,1784264490.134193,decode,4,0,2352,0.0093,0,4,
1784264490.134193,1784264490.142935,decode,4,0,2352,0.0093,0,4,
1784264490.142935,1784264490.152250,decode,4,0,2352,0.0093,0,4,
1784264490.152250,1784264490.161413,decode,4,0,2352,0.0093,0,4,
1784264490.161413,1784264490.170340,decode,4,0,2352,0.0093,0,4,
1784264490.170340,1784264490.179116,decode,4,0,2352,0.0093,0,4,
1784264490.179116,1784264490.188084,decode,4,0,2352,0.0093,0,4,
1784264490.188084,1784264490.196914,decode,4,0,2352,0.0093,0,4,
1784264490.196914,1784264490.206067,decode,4,0,2352,0.0093,0,4,
1784264490.206067,1784264490.215188,decode,4,0,2368,0.0093,0,4,
1784264490.215188,1784264490.223959,decode,4,0,2416,0.0095,0,4,
1784264490.223959,1784264490.233079,decode,4,0,2416,0.0095,0,4,
1784264490.233079,1784264490.242388,decode,4,0,2416,0.0095,0,4,
1784264490.242388,1784264490.251674,decode,4,0,2416,0.0095,0,4,
1784264490.251674,1784264490.260411,decode,4,0,2416,0.0095,0,4,
1784264490.260411,1784264490.269202,decode,4,0,2416,0.0095,0,4,
1784264490.269202,1784264490.278310,decode,4,0,2416,0.0095,0,4,
1784264490.278310,1784264490.287243,decode,4,0,2416,0.0095,0,4,
1784264490.287243,1784264490.296487,decode,4,0,2416,0.0095,0,4,
1784264490.296487,1784264490.305717,decode,4,0,2416,0.0095,0,4,
1784264490.305717,1784264490.314582,decode,4,0,2416,0.0095,0,4,
1784264490.314582,1784264490.323843,decode,4,0,2416,0.0095,0,4,
1784264490.323843,1784264490.332876,decode,4,0,2416,0.0095,0,4,
1784264490.332876,1784264490.341903,decode,4,0,2416,0.0095,0,4,
1784264490.341903,1784264490.351017,decode,4,0,2416,0.0095,0,4,
1784264490.351017,1784264490.359936,decode,4,0,2432,0.0096,0,4,
1784264490.359936,1784264490.369240,decode,4,0,2480,0.0098,0,4,
1784264490.369240,1784264490.377986,decode,4,0,2480,0.0098,0,4,
1784264490.377986,1784264490.387116,decode,4,0,2480,0.0098,0,4,
1784264490.387116,1784264490.395693,decode,4,0,2480,0.0098,0,4,
1784264490.395693,1784264490.404822,decode,4,0,2480,0.0098,0,4,
1784264490.404822,1784264490.414122,decode,4,0,2480,0.0098,0,4,
1784264490.414122,1784264490.423009,decode,4,0,2480,0.0098,0,4,
1784264490.423009,1784264490.432064,decode,4,0,2480,0.0098,0,4,
1784264490.432064,1784264490.441501,decode,4,0,2480,0.0098,0,4,
1784264490.441501,1784264490.450072,decode,4,0,2480,0.0098,0,4,
1784264490.450072,1784264490.458949,decode,4,0,2480,0.0098,0,4,
1784264490.458949,1784264490.468024,decode,4,0,2480,0.0098,0,4,
1784264490.468024,1784264490.477103,decode,4,0,2480,0.0098,0,4,
1784264490.477103,1784264490.486132,decode,4,0,2480,0.0098,0,4,
1784264490.486132,1784264490.495272,decode,4,0,2480,0.0098,0,4,
1784264490.495272,1784264490.504178,decode,4,0,2496,0.0098,0,4,
1784264490.504178,1784264490.513179,decode,4,0,2544,0.0100,0,4,
1784264490.513179,1784264490.523134,decode,4,0,2544,0.0100,0,4,
1784264490.523134,1784264490.532181,decode,4,0,2544,0.0100,0,4,
1784264490.532181,1784264490.541357,decode,4,0,2544,0.0100,0,4,
1784264490.541357,1784264490.550354,decode,4,0,2544,0.0100,0,4,
1784264490.550354,1784264490.559513,decode,4,0,2544,0.0100,0,4,
1784264490.559513,1784264490.568454,decode,4,0,2544,0.0100,0,4,
1784264490.568454,1784264490.577549,decode,4,0,2544,0.0100,0,4,
1784264490.577549,1784264490.586558,decode,4,0,2544,0.0100,0,4,
1784264490.586558,1784264490.595569,decode,4,0,2544,0.0100,0,4,
1784264490.595569,1784264490.604714,decode,4,0,2544,0.0100,0,4,
1784264490.604714,1784264490.613777,decode,4,0,2544,0.0100,0,4,
1784264490.613777,1784264490.623156,decode,4,0,2544,0.0100,0,4,
1784264490.623156,1784264490.632183,decode,4,0,2544,0.0100,0,4,
1784264490.632183,1784264490.641606,decode,4,0,2544,0.0100,0,4,
1784264490.641606,1784264490.650251,decode,4,0,2560,0.0101,0,4,
1784264490.650251,1784264490.659358,decode,4,0,2608,0.0103,0,4,
1784264490.659358,1784264490.668440,decode,4,0,2608,0.0103,0,4,
1784264490.668440,1784264490.677388,decode,4,0,2608,0.0103,0,4,
1784264490.677388,1784264490.686465,decode,4,0,2608,0.0103,0,4,
1784264490.686465,1784264490.695495,decode,4,0,2608,0.0103,0,4,
1784264490.695495,1784264490.704544,decode,4,0,2608,0.0103,0,4,
1784264490.704544,1784264490.713544,decode,4,0,2608,0.0103,0,4,
1784264490.713544,1784264490.722587,decode,4,0,2608,0.0103,0,4,
1784264490.722587,1784264490.731672,decode,4,0,2608,0.0103,0,4,
1784264490.731672,1784264490.741066,decode,4,0,2608,0.0103,0,4,
1784264490.741066,1784264490.749707,decode,4,0,2608,0.0103,0,4,
1784264490.749707,1784264490.758577,decode,4,0,2608,0.0103,0,4,
1784264490.758577,1784264490.767793,decode,4,0,2608,0.0103,0,4,
1784264490.767793,1784264490.776909,decode,3,0,2464,0.0097,0,4,
1784264490.776909,1784264490.787092,decode,0,0,0,0.0000,0,3,
1784264490.787092,1784264490.797644,mixed,1,0,2048,0.0081,2048,1,
1784264490.797644,1784264490.807338,mixed,4,0,2112,0.0083,6144,4,
1784264490.807338,1784264490.816384,decode,4,0,2160,0.0085,0,4,
1784264490.816384,1784264490.825383,decode,4,0,2160,0.0085,0,4,
1784264490.825383,1784264490.834374,decode,4,0,2160,0.0085,0,4,
1784264490.834374,1784264490.843364,decode,4,0,2160,0.0085,0,4,
1784264490.843364,1784264490.852348,decode,4,0,2160,0.0085,0,4,
1784264490.852348,1784264490.861202,decode,4,0,2160,0.0085,0,4,
1784264490.861202,1784264490.870626,decode,4,0,2160,0.0085,0,4,
1784264490.870626,1784264490.879355,decode,4,0,2160,0.0085,0,4,
1784264490.879355,1784264490.888474,decode,4,0,2160,0.0085,0,4,
1784264490.888474,1784264490.897228,decode,4,0,2160,0.0085,0,4,
1784264490.897228,1784264490.906232,decode,4,0,2160,0.0085,0,4,
1784264490.906232,1784264490.915237,decode,4,0,2160,0.0085,0,4,
1784264490.915237,1784264490.924269,decode,4,0,2160,0.0085,0,4,
1784264490.924269,1784264490.933210,decode,4,0,2160,0.0085,0,4,
1784264490.933210,1784264490.942496,decode,4,0,2160,0.0085,0,4,
1784264490.942496,1784264490.951570,decode,4,0,2176,0.0086,0,4,
1784264490.951570,1784264490.960829,decode,4,0,2224,0.0087,0,4,
1784264490.960829,1784264490.970162,decode,4,0,2224,0.0087,0,4,
1784264490.970162,1784264490.978732,decode,4,0,2224,0.0087,0,4,
1784264490.978732,1784264490.987742,decode,4,0,2224,0.0087,0,4,
1784264490.987742,1784264490.996702,decode,4,0,2224,0.0087,0,4,
1784264490.996702,1784264491.005673,decode,4,0,2224,0.0087,0,4,
1784264491.005673,1784264491.014744,decode,4,0,2224,0.0087,0,4,
1784264491.014744,1784264491.023692,decode,4,0,2224,0.0087,0,4,
1784264491.023692,1784264491.032743,decode,4,0,2224,0.0087,0,4,
1784264491.032743,1784264491.042058,decode,4,0,2224,0.0087,0,4,
1784264491.042058,1784264491.050741,decode,4,0,2224,0.0087,0,4,
1784264491.050741,1784264491.059611,decode,4,0,2224,0.0087,0,4,
1784264491.059611,1784264491.068617,decode,4,0,2224,0.0087,0,4,
1784264491.068617,1784264491.077691,decode,4,0,2224,0.0087,0,4,
1784264491.077691,1784264491.086807,decode,4,0,2224,0.0087,0,4,
1784264491.086807,1784264491.095845,decode,4,0,2240,0.0088,0,4,
1784264491.095845,1784264491.104846,decode,4,0,2288,0.0090,0,4,
1784264491.104846,1784264491.113806,decode,4,0,2288,0.0090,0,4,
1784264491.113806,1784264491.122834,decode,4,0,2288,0.0090,0,4,
1784264491.122834,1784264491.131850,decode,4,0,2288,0.0090,0,4,
1784264491.131850,1784264491.140974,decode,4,0,2288,0.0090,0,4,
1784264491.140974,1784264491.150192,decode,4,0,2288,0.0090,0,4,
1784264491.150192,1784264491.159287,decode,4,0,2288,0.0090,0,4,
1784264491.159287,1784264491.168084,decode,4,0,2288,0.0090,0,4,
1784264491.168084,1784264491.176881,decode,4,0,2288,0.0090,0,4,
1784264491.176881,1784264491.185820,decode,4,0,2288,0.0090,0,4,
1784264491.185820,1784264491.194944,decode,4,0,2288,0.0090,0,4,
1784264491.194944,1784264491.204296,decode,4,0,2288,0.0090,0,4,
1784264491.204296,1784264491.212903,decode,4,0,2288,0.0090,0,4,
1784264491.212903,1784264491.221893,decode,4,0,2288,0.0090,0,4,
1784264491.221893,1784264491.230998,decode,4,0,2288,0.0090,0,4,
1784264491.230998,1784264491.240066,decode,4,0,2304,0.0091,0,4,
1784264491.240066,1784264491.249333,decode,4,0,2352,0.0093,0,4,
1784264491.249333,1784264491.258119,decode,4,0,2352,0.0093,0,4,
1784264491.258119,1784264491.267069,decode,4,0,2352,0.0093,0,4,
1784264491.267069,1784264491.276098,decode,4,0,2352,0.0093,0,4,
1784264491.276098,1784264491.285128,decode,4,0,2352,0.0093,0,4,
1784264491.285128,1784264491.294006,decode,4,0,2352,0.0093,0,4,
1784264491.294006,1784264491.303077,decode,4,0,2352,0.0093,0,4,
1784264491.303077,1784264491.311954,decode,4,0,2352,0.0093,0,4,
1784264491.311954,1784264491.321082,decode,4,0,2352,0.0093,0,4,
1784264491.321082,1784264491.330018,decode,4,0,2352,0.0093,0,4,
1784264491.330018,1784264491.339147,decode,4,0,2352,0.0093,0,4,
1784264491.339147,1784264491.348088,decode,4,0,2352,0.0093,0,4,
1784264491.348088,1784264491.357419,decode,4,0,2352,0.0093,0,4,
1784264491.357419,1784264491.366924,decode,4,0,2352,0.0093,0,4,
1784264491.366924,1784264491.375715,decode,4,0,2352,0.0093,0,4,
1784264491.375715,1784264491.384824,decode,4,0,2368,0.0093,0,4,
1784264491.384824,1784264491.393945,decode,4,0,2416,0.0095,0,4,
1784264491.393945,1784264491.403013,decode,4,0,2416,0.0095,0,4,
1784264491.403013,1784264491.411955,decode,4,0,2416,0.0095,0,4,
1784264491.411955,1784264491.420950,decode,4,0,2416,0.0095,0,4,
1784264491.420950,1784264491.429976,decode,4,0,2416,0.0095,0,4,
1784264491.429976,1784264491.438920,decode,4,0,2416,0.0095,0,4,
1784264491.438920,1784264491.447927,decode,4,0,2416,0.0095,0,4,
1784264491.447927,1784264491.456998,decode,4,0,2416,0.0095,0,4,
1784264491.456998,1784264491.465967,decode,4,0,2416,0.0095,0,4,
1784264491.465967,1784264491.475019,decode,4,0,2416,0.0095,0,4,
1784264491.475019,1784264491.484370,decode,4,0,2416,0.0095,0,4,
1784264491.484370,1784264491.492976,decode,4,0,2416,0.0095,0,4,
1784264491.492976,1784264491.502010,decode,4,0,2416,0.0095,0,4,
1784264491.502010,1784264491.511084,decode,4,0,2416,0.0095,0,4,
1784264491.511084,1784264491.520249,decode,4,0,2416,0.0095,0,4,
1784264491.520249,1784264491.529315,decode,4,0,2432,0.0096,0,4,
1784264491.529315,1784264491.538555,decode,4,0,2480,0.0098,0,4,
1784264491.538555,1784264491.547769,decode,4,0,2480,0.0098,0,4,
1784264491.547769,1784264491.557090,decode,4,0,2480,0.0098,0,4,
1784264491.557090,1784264491.566220,decode,4,0,2480,0.0098,0,4,
1784264491.566220,1784264491.575269,decode,4,0,2480,0.0098,0,4,
1784264491.575269,1784264491.584254,decode,4,0,2480,0.0098,0,4,
1784264491.584254,1784264491.593170,decode,4,0,2480,0.0098,0,4,
1784264491.593170,1784264491.602654,decode,4,0,2480,0.0098,0,4,
1784264491.602654,1784264491.611130,decode,4,0,2480,0.0098,0,4,
1784264491.611130,1784264491.620303,decode,4,0,2480,0.0098,0,4,
1784264491.620303,1784264491.629098,decode,4,0,2480,0.0098,0,4,
1784264491.629098,1784264491.638097,decode,4,0,2480,0.0098,0,4,
1784264491.638097,1784264491.647149,decode,4,0,2480,0.0098,0,4,
1784264491.647149,1784264491.656279,decode,4,0,2480,0.0098,0,4,
1784264491.656279,1784264491.665651,decode,4,0,2480,0.0098,0,4,
1784264491.665651,1784264491.674299,decode,4,0,2496,0.0098,0,4,
1784264491.674299,1784264491.683424,decode,4,0,2544,0.0100,0,4,
1784264491.683424,1784264491.692364,decode,4,0,2544,0.0100,0,4,
1784264491.692364,1784264491.701432,decode,4,0,2544,0.0100,0,4,
1784264491.701432,1784264491.710418,decode,4,0,2544,0.0100,0,4,
1784264491.710418,1784264491.719423,decode,4,0,2544,0.0100,0,4,
1784264491.719423,1784264491.728470,decode,4,0,2544,0.0100,0,4,
1784264491.728470,1784264491.737408,decode,4,0,2544,0.0100,0,4,
1784264491.737408,1784264491.746607,decode,4,0,2544,0.0100,0,4,
1784264491.746607,1784264491.755401,decode,4,0,2544,0.0100,0,4,
1784264491.755401,1784264491.764521,decode,4,0,2544,0.0100,0,4,
1784264491.764521,1784264491.773477,decode,4,0,2544,0.0100,0,4,
1784264491.773477,1784264491.782396,decode,4,0,2544,0.0100,0,4,
1784264491.782396,1784264491.791697,decode,4,0,2544,0.0100,0,4,
1784264491.791697,1784264491.800551,decode,4,0,2544,0.0100,0,4,
1784264491.800551,1784264491.809914,decode,4,0,2544,0.0100,0,4,
1784264491.809914,1784264491.818736,decode,4,0,2560,0.0101,0,4,
1784264491.818736,1784264491.827630,decode,4,0,2608,0.0103,0,4,
1784264491.827630,1784264491.836562,decode,4,0,2608,0.0103,0,4,
1784264491.836562,1784264491.846329,decode,4,0,2608,0.0103,0,4,
1784264491.846329,1784264491.854709,decode,4,0,2608,0.0103,0,4,
1784264491.854709,1784264491.864060,decode,4,0,2608,0.0103,0,4,
1784264491.864060,1784264491.873061,decode,4,0,2608,0.0103,0,4,
1784264491.873061,1784264491.882200,decode,4,0,2608,0.0103,0,4,
1784264491.882200,1784264491.891255,decode,4,0,2608,0.0103,0,4,
1784264491.891255,1784264491.900220,decode,4,0,2608,0.0103,0,4,
1784264491.900220,1784264491.909028,decode,4,0,2608,0.0103,0,4,
1784264491.909028,1784264491.918207,decode,4,0,2608,0.0103,0,4,
1784264491.918207,1784264491.927421,decode,4,0,2608,0.0103,0,4,
1784264491.927421,1784264491.936325,decode,4,0,2608,0.0103,0,4,
1784264491.936325,1784264491.945428,decode,3,0,2464,0.0097,0,4,
1784264491.945428,1784264491.955892,decode,0,0,0,0.0000,0,3,
1784264491.955892,1784264491.966295,mixed,1,0,2048,0.0081,2048,1,
1784264491.966295,1784264491.975960,mixed,4,0,2112,0.0083,6144,4,
1784264491.975960,1784264491.984941,decode,4,0,2160,0.0085,0,4,
1784264491.984941,1784264491.993947,decode,4,0,2160,0.0085,0,4,
1784264491.993947,1784264492.003245,decode,4,0,2160,0.0085,0,4,
1784264492.003245,1784264492.011932,decode,4,0,2160,0.0085,0,4,
1784264492.011932,1784264492.021075,decode,4,0,2160,0.0085,0,4,
1784264492.021075,1784264492.029756,decode,4,0,2160,0.0085,0,4,
1784264492.029756,1784264492.038962,decode,4,0,2160,0.0085,0,4,
1784264492.038962,1784264492.048015,decode,4,0,2160,0.0085,0,4,
1784264492.048015,1784264492.056987,decode,4,0,2160,0.0085,0,4,
1784264492.056987,1784264492.065997,decode,4,0,2160,0.0085,0,4,
1784264492.065997,1784264492.075055,decode,4,0,2160,0.0085,0,4,
1784264492.075055,1784264492.084452,decode,4,0,2160,0.0085,0,4,
1784264492.084452,1784264492.093010,decode,4,0,2160,0.0085,0,4,
1784264492.093010,1784264492.102238,decode,4,0,2160,0.0085,0,4,
1784264492.102238,1784264492.111539,decode,4,0,2160,0.0085,0,4,
1784264492.111539,1784264492.120174,decode,4,0,2176,0.0086,0,4,
1784264492.120174,1784264492.129172,decode,4,0,2224,0.0087,0,4,
1784264492.129172,1784264492.138058,decode,4,0,2224,0.0087,0,4,
1784264492.138058,1784264492.147157,decode,4,0,2224,0.0087,0,4,
1784264492.147157,1784264492.156419,decode,4,0,2224,0.0087,0,4,
1784264492.156419,1784264492.165487,decode,4,0,2224,0.0087,0,4,
1784264492.165487,1784264492.174456,decode,4,0,2224,0.0087,0,4,
1784264492.174456,1784264492.183435,decode,4,0,2224,0.0087,0,4,
1784264492.183435,1784264492.192522,decode,4,0,2224,0.0087,0,4,
1784264492.192522,1784264492.201460,decode,4,0,2224,0.0087,0,4,
1784264492.201460,1784264492.210506,decode,4,0,2224,0.0087,0,4,
1784264492.210506,1784264492.219708,decode,4,0,2224,0.0087,0,4,
1784264492.219708,1784264492.229136,decode,4,0,2224,0.0087,0,4,
1784264492.229136,1784264492.237868,decode,4,0,2224,0.0087,0,4,
1784264492.237868,1784264492.246693,decode,4,0,2224,0.0087,0,4,
1784264492.246693,1784264492.255707,decode,4,0,2224,0.0087,0,4,
1784264492.255707,1784264492.265069,decode,4,0,2240,0.0088,0,4,
1784264492.265069,1784264492.273956,decode,4,0,2288,0.0090,0,4,
1784264492.273956,1784264492.282619,decode,4,0,2288,0.0090,0,4,
1784264492.282619,1784264492.291790,decode,4,0,2288,0.0090,0,4,
1784264492.291790,1784264492.300928,decode,4,0,2288,0.0090,0,4,
1784264492.300928,1784264492.309938,decode,4,0,2288,0.0090,0,4,
1784264492.309938,1784264492.318710,decode,4,0,2288,0.0090,0,4,
1784264492.318710,1784264492.327941,decode,4,0,2288,0.0090,0,4,
1784264492.327941,1784264492.336799,decode,4,0,2288,0.0090,0,4,
1784264492.336799,1784264492.345816,decode,4,0,2288,0.0090,0,4,
1784264492.345816,1784264492.354830,decode,4,0,2288,0.0090,0,4,
1784264492.354830,1784264492.364109,decode,4,0,2288,0.0090,0,4,
1784264492.364109,1784264492.373110,decode,4,0,2288,0.0090,0,4,
1784264492.373110,1784264492.381855,decode,4,0,2288,0.0090,0,4,
1784264492.381855,1784264492.390708,decode,4,0,2288,0.0090,0,4,
1784264492.390708,1784264492.400241,decode,4,0,2288,0.0090,0,4,
1784264492.400241,1784264492.409459,decode,4,0,2304,0.0091,0,4,
1784264492.409459,1784264492.418375,decode,4,0,2352,0.0093,0,4,
1784264492.418375,1784264492.427550,decode,4,0,2352,0.0093,0,4,
1784264492.427550,1784264492.436783,decode,4,0,2352,0.0093,0,4,
1784264492.436783,1784264492.445814,decode,4,0,2352,0.0093,0,4,
1784264492.445814,1784264492.454724,decode,4,0,2352,0.0093,0,4,
1784264492.454724,1784264492.463829,decode,4,0,2352,0.0093,0,4,
1784264492.463829,1784264492.472718,decode,4,0,2352,0.0093,0,4,
1784264492.472718,1784264492.481791,decode,4,0,2352,0.0093,0,4,
1784264492.481791,1784264492.491114,decode,4,0,2352,0.0093,0,4,
1784264492.491114,1784264492.499965,decode,4,0,2352,0.0093,0,4,
1784264492.499965,1784264492.509080,decode,4,0,2352,0.0093,0,4,
1784264492.509080,1784264492.517732,decode,4,0,2352,0.0093,0,4,
1784264492.517732,1784264492.526713,decode,4,0,2352,0.0093,0,4,
1784264492.526713,1784264492.535611,decode,4,0,2352,0.0093,0,4,
1784264492.535611,1784264492.545228,decode,4,0,2352,0.0093,0,4,
1784264492.545228,1784264492.554534,decode,4,0,2368,0.0093,0,4,
1784264492.554534,1784264492.563369,decode,4,0,2416,0.0095,0,4,
1784264492.563369,1784264492.572581,decode,4,0,2416,0.0095,0,4,
1784264492.572581,1784264492.581516,decode,4,0,2416,0.0095,0,4,
1784264492.581516,1784264492.590557,decode,4,0,2416,0.0095,0,4,
1784264492.590557,1784264492.599744,decode,4,0,2416,0.0095,0,4,
1784264492.599744,1784264492.608552,decode,4,0,2416,0.0095,0,4,
1784264492.608552,1784264492.617850,decode,4,0,2416,0.0095,0,4,
1784264492.617850,1784264492.626511,decode,4,0,2416,0.0095,0,4,
1784264492.626511,1784264492.635521,decode,4,0,2416,0.0095,0,4,
1784264492.635521,1784264492.644525,decode,4,0,2416,0.0095,0,4,
1784264492.644525,1784264492.653456,decode,4,0,2416,0.0095,0,4,
1784264492.653456,1784264492.662402,decode,4,0,2416,0.0095,0,4,
1784264492.662402,1784264492.671513,decode,4,0,2416,0.0095,0,4,
1784264492.671513,1784264492.680574,decode,4,0,2416,0.0095,0,4,
1784264492.680574,1784264492.689636,decode,4,0,2416,0.0095,0,4,
1784264492.689636,1784264492.698755,decode,4,0,2432,0.0096,0,4,
1784264492.698755,1784264492.707749,decode,4,0,2480,0.0098,0,4,
1784264492.707749,1784264492.716764,decode,4,0,2480,0.0098,0,4,
1784264492.716764,1784264492.726196,decode,4,0,2480,0.0098,0,4,
1784264492.726196,1784264492.734850,decode,4,0,2480,0.0098,0,4,
1784264492.734850,1784264492.744370,decode,4,0,2480,0.0098,0,4,
1784264492.744370,1784264492.753082,decode,4,0,2480,0.0098,0,4,
1784264492.753082,1784264492.762197,decode,4,0,2480,0.0098,0,4,
1784264492.762197,1784264492.771313,decode,4,0,2480,0.0098,0,4,
1784264492.771313,1784264492.780298,decode,4,0,2480,0.0098,0,4,
1784264492.780298,1784264492.789294,decode,4,0,2480,0.0098,0,4,
1784264492.789294,1784264492.798313,decode,4,0,2480,0.0098,0,4,
1784264492.798313,1784264492.807507,decode,4,0,2480,0.0098,0,4,
1784264492.807507,1784264492.816548,decode,4,0,2480,0.0098,0,4,
1784264492.816548,1784264492.825329,decode,4,0,2480,0.0098,0,4,
1784264492.825329,1784264492.834393,decode,4,0,2480,0.0098,0,4,
1784264492.834393,1784264492.843889,decode,4,0,2496,0.0098,0,4,
1784264492.843889,1784264492.852562,decode,4,0,2544,0.0100,0,4,
1784264492.852562,1784264492.862001,decode,4,0,2544,0.0100,0,4,
1784264492.862001,1784264492.871060,decode,4,0,2544,0.0100,0,4,
1784264492.871060,1784264492.880181,decode,4,0,2544,0.0100,0,4,
1784264492.880181,1784264492.889422,decode,4,0,2544,0.0100,0,4,
1784264492.889422,1784264492.898543,decode,4,0,2544,0.0100,0,4,
1784264492.898543,1784264492.908046,decode,4,0,2544,0.0100,0,4,
1784264492.908046,1784264492.916925,decode,4,0,2544,0.0100,0,4,
1784264492.916925,1784264492.926226,decode,4,0,2544,0.0100,0,4,
1784264492.926226,1784264492.935239,decode,4,0,2544,0.0100,0,4,
1784264492.935239,1784264492.944488,decode,4,0,2544,0.0100,0,4,
1784264492.944488,1784264492.953781,decode,4,0,2544,0.0100,0,4,
1784264492.953781,1784264492.963211,decode,4,0,2544,0.0100,0,4,
1784264492.963211,1784264492.972047,decode,4,0,2544,0.0100,0,4,
1784264492.972047,1784264492.981286,decode,4,0,2544,0.0100,0,4,
1784264492.981286,1784264492.990466,decode,4,0,2560,0.0101,0,4,
1784264492.990466,1784264493.000020,decode,4,0,2608,0.0103,0,4,
1784264493.000020,1784264493.009031,decode,4,0,2608,0.0103,0,4,
1784264493.009031,1784264493.018051,decode,4,0,2608,0.0103,0,4,
1784264493.018051,1784264493.027301,decode,4,0,2608,0.0103,0,4,
1784264493.027301,1784264493.036537,decode,4,0,2608,0.0103,0,4,
1784264493.036537,1784264493.045688,decode,4,0,2608,0.0103,0,4,
1784264493.045688,1784264493.054796,decode,4,0,2608,0.0103,0,4,
1784264493.054796,1784264493.064525,decode,4,0,2608,0.0103,0,4,
1784264493.064525,1784264493.073638,decode,4,0,2608,0.0103,0,4,
1784264493.073638,1784264493.082976,decode,4,0,2608,0.0103,0,4,
1784264493.082976,1784264493.092118,decode,4,0,2608,0.0103,0,4,
1784264493.092118,1784264493.101516,decode,4,0,2608,0.0103,0,4,
1784264493.101516,1784264493.110599,decode,4,0,2608,0.0103,0,4,
1784264493.110599,1784264493.119830,decode,3,0,2464,0.0097,0,4,
1784264493.119830,1784264493.130616,decode,0,0,0,0.0000,0,3,
1784264493.130616,1784264493.141454,mixed,1,0,2048,0.0081,2048,1,
1784264493.141454,1784264493.152050,mixed,4,0,2112,0.0083,6144,4,
1784264493.152050,1784264493.161062,decode,4,0,2160,0.0085,0,4,
1784264493.161062,1784264493.170212,decode,4,0,2160,0.0085,0,4,
1784264493.170212,1784264493.179238,decode,4,0,2160,0.0085,0,4,
1784264493.179238,1784264493.188692,decode,4,0,2160,0.0085,0,4,
1784264493.188692,1784264493.198101,decode,4,0,2160,0.0085,0,4,
1784264493.198101,1784264493.207203,decode,4,0,2160,0.0085,0,4,
1784264493.207203,1784264493.216254,decode,4,0,2160,0.0085,0,4,
1784264493.216254,1784264493.225463,decode,4,0,2160,0.0085,0,4,
1784264493.225463,1784264493.234817,decode,4,0,2160,0.0085,0,4,
1784264493.234817,1784264493.244157,decode,4,0,2160,0.0085,0,4,
1784264493.244157,1784264493.253416,decode,4,0,2160,0.0085,0,4,
1784264493.253416,1784264493.262970,decode,4,0,2160,0.0085,0,4,
1784264493.262970,1784264493.271986,decode,4,0,2160,0.0085,0,4,
1784264493.271986,1784264493.281655,decode,4,0,2160,0.0085,0,4,
1784264493.281655,1784264493.290450,decode,4,0,2160,0.0085,0,4,
1784264493.290450,1784264493.300056,decode,4,0,2176,0.0086,0,4,
1784264493.300056,1784264493.308629,decode,4,0,2224,0.0087,0,4,
1784264493.308629,1784264493.317923,decode,4,0,2224,0.0087,0,4,
1784264493.317923,1784264493.327129,decode,4,0,2224,0.0087,0,4,
1784264493.327129,1784264493.335945,decode,4,0,2224,0.0087,0,4,
1784264493.335945,1784264493.344915,decode,4,0,2224,0.0087,0,4,
1784264493.344915,1784264493.354068,decode,4,0,2224,0.0087,0,4,
1784264493.354068,1784264493.363026,decode,4,0,2224,0.0087,0,4,
1784264493.363026,1784264493.372257,decode,4,0,2224,0.0087,0,4,
1784264493.372257,1784264493.380998,decode,4,0,2224,0.0087,0,4,
1784264493.380998,1784264493.390265,decode,4,0,2224,0.0087,0,4,
1784264493.390265,1784264493.398990,decode,4,0,2224,0.0087,0,4,
1784264493.398990,1784264493.408310,decode,4,0,2224,0.0087,0,4,
1784264493.408310,1784264493.417062,decode,4,0,2224,0.0087,0,4,
1784264493.417062,1784264493.425939,decode,4,0,2224,0.0087,0,4,
1784264493.425939,1784264493.434930,decode,4,0,2224,0.0087,0,4,
1784264493.434930,1784264493.444228,decode,4,0,2240,0.0088,0,4,
1784264493.444228,1784264493.453065,decode,4,0,2288,0.0090,0,4,
1784264493.453065,1784264493.462096,decode,4,0,2288,0.0090,0,4,
1784264493.462096,1784264493.471165,decode,4,0,2288,0.0090,0,4,
1784264493.471165,1784264493.480103,decode,4,0,2288,0.0090,0,4,
1784264493.480103,1784264493.489110,decode,4,0,2288,0.0090,0,4,
1784264493.489110,1784264493.498212,decode,4,0,2288,0.0090,0,4,
1784264493.498212,1784264493.507251,decode,4,0,2288,0.0090,0,4,
1784264493.507251,1784264493.516239,decode,4,0,2288,0.0090,0,4,
1784264493.516239,1784264493.525318,decode,4,0,2288,0.0090,0,4,
1784264493.525318,1784264493.534332,decode,4,0,2288,0.0090,0,4,
1784264493.534332,1784264493.543280,decode,4,0,2288,0.0090,0,4,
1784264493.543280,1784264493.552698,decode,4,0,2288,0.0090,0,4,
1784264493.552698,1784264493.561718,decode,4,0,2288,0.0090,0,4,
1784264493.561718,1784264493.570655,decode,4,0,2288,0.0090,0,4,
1784264493.570655,1784264493.580086,decode,4,0,2288,0.0090,0,4,
1784264493.580086,1784264493.589340,decode,4,0,2304,0.0091,0,4,
1784264493.589340,1784264493.598473,decode,4,0,2352,0.0093,0,4,
1784264493.598473,1784264493.607544,decode,4,0,2352,0.0093,0,4,
1784264493.607544,1784264493.616798,decode,4,0,2352,0.0093,0,4,
1784264493.616798,1784264493.625746,decode,4,0,2352,0.0093,0,4,
1784264493.625746,1784264493.634834,decode,4,0,2352,0.0093,0,4,
1784264493.634834,1784264493.643902,decode,4,0,2352,0.0093,0,4,
1784264493.643902,1784264493.652887,decode,4,0,2352,0.0093,0,4,
1784264493.652887,1784264493.661929,decode,4,0,2352,0.0093,0,4,
1784264493.661929,1784264493.671005,decode,4,0,2352,0.0093,0,4,
1784264493.671005,1784264493.680090,decode,4,0,2352,0.0093,0,4,
1784264493.680090,1784264493.689036,decode,4,0,2352,0.0093,0,4,
1784264493.689036,1784264493.698231,decode,4,0,2352,0.0093,0,4,
1784264493.698231,1784264493.707337,decode,4,0,2352,0.0093,0,4,
1784264493.707337,1784264493.716161,decode,4,0,2352,0.0093,0,4,
1784264493.716161,1784264493.725513,decode,4,0,2352,0.0093,0,4,
1784264493.725513,1784264493.734359,decode,4,0,2368,0.0093,0,4,
1784264493.734359,1784264493.743725,decode,4,0,2416,0.0095,0,4,
1784264493.743725,1784264493.752640,decode,4,0,2416,0.0095,0,4,
1784264493.752640,1784264493.761539,decode,4,0,2416,0.0095,0,4,
1784264493.761539,1784264493.770658,decode,4,0,2416,0.0095,0,4,
1784264493.770658,1784264493.779541,decode,4,0,2416,0.0095,0,4,
1784264493.779541,1784264493.788732,decode,4,0,2416,0.0095,0,4,
1784264493.788732,1784264493.797856,decode,4,0,2416,0.0095,0,4,
1784264493.797856,1784264493.807080,decode,4,0,2416,0.0095,0,4,
1784264493.807080,1784264493.816008,decode,4,0,2416,0.0095,0,4,
1784264493.816008,1784264493.825296,decode,4,0,2416,0.0095,0,4,
1784264493.825296,1784264493.834188,decode,4,0,2416,0.0095,0,4,
1784264493.834188,1784264493.843260,decode,4,0,2416,0.0095,0,4,
1784264493.843260,1784264493.852346,decode,4,0,2416,0.0095,0,4,
1784264493.852346,1784264493.861406,decode,4,0,2416,0.0095,0,4,
1784264493.861406,1784264493.870467,decode,4,0,2416,0.0095,0,4,
1784264493.870467,1784264493.879498,decode,4,0,2432,0.0096,0,4,
1784264493.879498,1784264493.888644,decode,4,0,2480,0.0098,0,4,
1784264493.888644,1784264493.897662,decode,4,0,2480,0.0098,0,4,
1784264493.897662,1784264493.906705,decode,4,0,2480,0.0098,0,4,
1784264493.906705,1784264493.915738,decode,4,0,2480,0.0098,0,4,
1784264493.915738,1784264493.924750,decode,4,0,2480,0.0098,0,4,
1784264493.924750,1784264493.933582,decode,4,0,2480,0.0098,0,4,
1784264493.933582,1784264493.942698,decode,4,0,2480,0.0098,0,4,
1784264493.942698,1784264493.951926,decode,4,0,2480,0.0098,0,4,
1784264493.951926,1784264493.960776,decode,4,0,2480,0.0098,0,4,
1784264493.960776,1784264493.969798,decode,4,0,2480,0.0098,0,4,
1784264493.969798,1784264493.978859,decode,4,0,2480,0.0098,0,4,
1784264493.978859,1784264493.987799,decode,4,0,2480,0.0098,0,4,
1784264493.987799,1784264493.996717,decode,4,0,2480,0.0098,0,4,
1784264493.996717,1784264494.005808,decode,4,0,2480,0.0098,0,4,
1784264494.005808,1784264494.014823,decode,4,0,2480,0.0098,0,4,
1784264494.014823,1784264494.023820,decode,4,0,2496,0.0098,0,4,
1784264494.023820,1784264494.032859,decode,4,0,2544,0.0100,0,4,
1784264494.032859,1784264494.041832,decode,4,0,2544,0.0100,0,4,
1784264494.041832,1784264494.050697,decode,4,0,2544,0.0100,0,4,
1784264494.050697,1784264494.059835,decode,4,0,2544,0.0100,0,4,
1784264494.059835,1784264494.068843,decode,4,0,2544,0.0100,0,4,
1784264494.068843,1784264494.077867,decode,4,0,2544,0.0100,0,4,
1784264494.077867,1784264494.086816,decode,4,0,2544,0.0100,0,4,
1784264494.086816,1784264494.095900,decode,4,0,2544,0.0100,0,4,
1784264494.095900,1784264494.104958,decode,4,0,2544,0.0100,0,4,
1784264494.104958,1784264494.114000,decode,4,0,2544,0.0100,0,4,
1784264494.114000,1784264494.122955,decode,4,0,2544,0.0100,0,4,
1784264494.122955,1784264494.131948,decode,4,0,2544,0.0100,0,4,
1784264494.131948,1784264494.141049,decode,4,0,2544,0.0100,0,4,
1784264494.141049,1784264494.150152,decode,4,0,2544,0.0100,0,4,
1784264494.150152,1784264494.159192,decode,4,0,2544,0.0100,0,4,
1784264494.159192,1784264494.168177,decode,4,0,2560,0.0101,0,4,
1784264494.168177,1784264494.177427,decode,4,0,2608,0.0103,0,4,
1784264494.177427,1784264494.186181,decode,4,0,2608,0.0103,0,4,
1784264494.186181,1784264494.195586,decode,4,0,2608,0.0103,0,4,
1784264494.195586,1784264494.204261,decode,4,0,2608,0.0103,0,4,
1784264494.204261,1784264494.213259,decode,4,0,2608,0.0103,0,4,
1784264494.213259,1784264494.222123,decode,4,0,2608,0.0103,0,4,
1784264494.222123,1784264494.231538,decode,4,0,2608,0.0103,0,4,
1784264494.231538,1784264494.240222,decode,4,0,2608,0.0103,0,4,
1784264494.240222,1784264494.249591,decode,4,0,2608,0.0103,0,4,
1784264494.249591,1784264494.258418,decode,4,0,2608,0.0103,0,4,
1784264494.258418,1784264494.267655,decode,4,0,2608,0.0103,0,4,
1784264494.267655,1784264494.276522,decode,4,0,2608,0.0103,0,4,
1784264494.276522,1784264494.285434,decode,4,0,2608,0.0103,0,4,
1784264494.285434,1784264494.294621,decode,3,0,2464,0.0097,0,4,
1784264494.294621,1784264494.304626,decode,0,0,0,0.0000,0,3,
1784264494.304626,1784264494.315098,mixed,1,0,2048,0.0081,2048,1,
1784264494.315098,1784264494.324895,mixed,4,0,2112,0.0083,6144,4,
1784264494.324895,1784264494.333865,decode,4,0,2160,0.0085,0,4,
1784264494.333865,1784264494.342734,decode,4,0,2160,0.0085,0,4,
1784264494.342734,1784264494.352212,decode,4,0,2160,0.0085,0,4,
1784264494.352212,1784264494.360877,decode,4,0,2160,0.0085,0,4,
1784264494.360877,1784264494.369652,decode,4,0,2160,0.0085,0,4,
1784264494.369652,1784264494.379103,decode,4,0,2160,0.0085,0,4,
1784264494.379103,1784264494.387785,decode,4,0,2160,0.0085,0,4,
1784264494.387785,1784264494.396551,decode,4,0,2160,0.0085,0,4,
1784264494.396551,1784264494.405744,decode,4,0,2160,0.0085,0,4,
1784264494.405744,1784264494.414703,decode,4,0,2160,0.0085,0,4,
1784264494.414703,1784264494.423524,decode,4,0,2160,0.0085,0,4,
1784264494.423524,1784264494.432481,decode,4,0,2160,0.0085,0,4,
1784264494.432481,1784264494.441503,decode,4,0,2160,0.0085,0,4,
1784264494.441503,1784264494.450575,decode,4,0,2160,0.0085,0,4,
1784264494.450575,1784264494.459519,decode,4,0,2160,0.0085,0,4,
1784264494.459519,1784264494.468650,decode,4,0,2176,0.0086,0,4,
1784264494.468650,1784264494.477975,decode,4,0,2224,0.0087,0,4,
1784264494.477975,1784264494.486697,decode,4,0,2224,0.0087,0,4,
1784264494.486697,1784264494.495596,decode,4,0,2224,0.0087,0,4,
1784264494.495596,1784264494.504790,decode,4,0,2224,0.0087,0,4,
1784264494.504790,1784264494.513735,decode,4,0,2224,0.0087,0,4,
1784264494.513735,1784264494.522641,decode,4,0,2224,0.0087,0,4,
1784264494.522641,1784264494.531845,decode,4,0,2224,0.0087,0,4,
1784264494.531845,1784264494.540703,decode,4,0,2224,0.0087,0,4,
1784264494.540703,1784264494.550063,decode,4,0,2224,0.0087,0,4,
1784264494.550063,1784264494.558717,decode,4,0,2224,0.0087,0,4,
1784264494.558717,1784264494.567578,decode,4,0,2224,0.0087,0,4,
1784264494.567578,1784264494.576580,decode,4,0,2224,0.0087,0,4,
1784264494.576580,1784264494.585718,decode,4,0,2224,0.0087,0,4,
1784264494.585718,1784264494.594473,decode,4,0,2224,0.0087,0,4,
1784264494.594473,1784264494.603988,decode,4,0,2224,0.0087,0,4,
1784264494.603988,1784264494.612972,decode,4,0,2240,0.0088,0,4,
1784264494.612972,1784264494.622205,decode,4,0,2288,0.0090,0,4,
1784264494.622205,1784264494.631287,decode,4,0,2288,0.0090,0,4,
1784264494.631287,1784264494.640130,decode,4,0,2288,0.0090,0,4,
1784264494.640130,1784264494.649287,decode,4,0,2288,0.0090,0,4,
1784264494.649287,1784264494.658183,decode,4,0,2288,0.0090,0,4,
1784264494.658183,1784264494.667312,decode,4,0,2288,0.0090,0,4,
1784264494.667312,1784264494.676328,decode,4,0,2288,0.0090,0,4,
1784264494.676328,1784264494.685336,decode,4,0,2288,0.0090,0,4,
1784264494.685336,1784264494.694412,decode,4,0,2288,0.0090,0,4,
1784264494.694412,1784264494.703497,decode,4,0,2288,0.0090,0,4,
1784264494.703497,1784264494.712535,decode,4,0,2288,0.0090,0,4,
1784264494.712535,1784264494.721548,decode,4,0,2288,0.0090,0,4,
1784264494.721548,1784264494.730571,decode,4,0,2288,0.0090,0,4,
1784264494.730571,1784264494.739528,decode,4,0,2288,0.0090,0,4,
1784264494.739528,1784264494.748745,decode,4,0,2288,0.0090,0,4,
1784264494.748745,1784264494.757767,decode,4,0,2304,0.0091,0,4,
1784264494.757767,1784264494.767066,decode,4,0,2352,0.0093,0,4,
1784264494.767066,1784264494.776164,decode,4,0,2352,0.0093,0,4,
1784264494.776164,1784264494.784891,decode,4,0,2352,0.0093,0,4,
1784264494.784891,1784264494.793594,decode,4,0,2352,0.0093,0,4,
1784264494.793594,1784264494.803315,decode,4,0,2352,0.0093,0,4,
1784264494.803315,1784264494.812309,decode,4,0,2352,0.0093,0,4,
1784264494.812309,1784264494.821469,decode,4,0,2352,0.0093,0,4,
1784264494.821469,1784264494.830463,decode,4,0,2352,0.0093,0,4,
1784264494.830463,1784264494.839387,decode,4,0,2352,0.0093,0,4,
1784264494.839387,1784264494.848948,decode,4,0,2352,0.0093,0,4,
1784264494.848948,1784264494.857751,decode,4,0,2352,0.0093,0,4,
1784264494.857751,1784264494.866903,decode,4,0,2352,0.0093,0,4,
1784264494.866903,1784264494.875728,decode,4,0,2352,0.0093,0,4,
1784264494.875728,1784264494.884958,decode,4,0,2352,0.0093,0,4,
1784264494.884958,1784264494.894128,decode,4,0,2352,0.0093,0,4,
1784264494.894128,1784264494.903134,decode,4,0,2368,0.0093,0,4,
1784264494.903134,1784264494.911907,decode,4,0,2416,0.0095,0,4,
1784264494.911907,1784264494.921096,decode,4,0,2416,0.0095,0,4,
1784264494.921096,1784264494.930237,decode,4,0,2416,0.0095,0,4,
1784264494.930237,1784264494.939029,decode,4,0,2416,0.0095,0,4,
1784264494.939029,1784264494.948385,decode,4,0,2416,0.0095,0,4,
1784264494.948385,1784264494.957353,decode,4,0,2416,0.0095,0,4,
1784264494.957353,1784264494.966480,decode,4,0,2416,0.0095,0,4,
1784264494.966480,1784264494.975184,decode,4,0,2416,0.0095,0,4,
1784264494.975184,1784264494.984246,decode,4,0,2416,0.0095,0,4,
1784264494.984246,1784264494.993374,decode,4,0,2416,0.0095,0,4,
1784264494.993374,1784264495.002525,decode,4,0,2416,0.0095,0,4,
1784264495.002525,1784264495.011309,decode,4,0,2416,0.0095,0,4,
1784264495.011309,1784264495.020372,decode,4,0,2416,0.0095,0,4,
1784264495.020372,1784264495.029258,decode,4,0,2416,0.0095,0,4,
1784264495.029258,1784264495.038338,decode,4,0,2416,0.0095,0,4,
1784264495.038338,1784264495.047435,decode,4,0,2432,0.0096,0,4,
1784264495.047435,1784264495.056813,decode,4,0,2480,0.0098,0,4,
1784264495.056813,1784264495.065622,decode,4,0,2480,0.0098,0,4,
1784264495.065622,1784264495.074577,decode,4,0,2480,0.0098,0,4,
1784264495.074577,1784264495.083633,decode,4,0,2480,0.0098,0,4,
1784264495.083633,1784264495.092795,decode,4,0,2480,0.0098,0,4,
1784264495.092795,1784264495.101802,decode,4,0,2480,0.0098,0,4,
1784264495.101802,1784264495.110677,decode,4,0,2480,0.0098,0,4,
1784264495.110677,1784264495.119920,decode,4,0,2480,0.0098,0,4,
1784264495.119920,1784264495.129015,decode,4,0,2480,0.0098,0,4,
1784264495.129015,1784264495.137899,decode,4,0,2480,0.0098,0,4,
1784264495.137899,1784264495.146993,decode,4,0,2480,0.0098,0,4,
1784264495.146993,1784264495.156188,decode,4,0,2480,0.0098,0,4,
1784264495.156188,1784264495.165425,decode,4,0,2480,0.0098,0,4,
1784264495.165425,1784264495.174610,decode,4,0,2480,0.0098,0,4,
1784264495.174610,1784264495.183631,decode,4,0,2480,0.0098,0,4,
1784264495.183631,1784264495.192722,decode,4,0,2496,0.0098,0,4,
1784264495.192722,1784264495.201817,decode,4,0,2544,0.0100,0,4,
1784264495.201817,1784264495.210938,decode,4,0,2544,0.0100,0,4,
1784264495.210938,1784264495.220423,decode,4,0,2544,0.0100,0,4,
1784264495.220423,1784264495.229512,decode,4,0,2544,0.0100,0,4,
1784264495.229512,1784264495.238691,decode,4,0,2544,0.0100,0,4,
1784264495.238691,1784264495.248142,decode,4,0,2544,0.0100,0,4,
1784264495.248142,1784264495.257136,decode,4,0,2544,0.0100,0,4,
1784264495.257136,1784264495.266500,decode,4,0,2544,0.0100,0,4,
1784264495.266500,1784264495.275791,decode,4,0,2544,0.0100,0,4,
1784264495.275791,1784264495.284868,decode,4,0,2544,0.0100,0,4,
1784264495.284868,1784264495.293920,decode,4,0,2544,0.0100,0,4,
1784264495.293920,1784264495.303153,decode,4,0,2544,0.0100,0,4,
1784264495.303153,1784264495.312234,decode,4,0,2544,0.0100,0,4,
1784264495.312234,1784264495.321403,decode,4,0,2544,0.0100,0,4,
1784264495.321403,1784264495.330725,decode,4,0,2544,0.0100,0,4,
1784264495.330725,1784264495.339835,decode,4,0,2560,0.0101,0,4,
1784264495.339835,1784264495.348914,decode,4,0,2608,0.0103,0,4,
1784264495.348914,1784264495.358128,decode,4,0,2608,0.0103,0,4,
1784264495.358128,1784264495.367322,decode,4,0,2608,0.0103,0,4,
1784264495.367322,1784264495.376932,decode,4,0,2608,0.0103,0,4,
1784264495.376932,1784264495.385846,decode,4,0,2608,0.0103,0,4,
1784264495.385846,1784264495.394735,decode,4,0,2608,0.0103,0,4,
1784264495.394735,1784264495.404535,decode,4,0,2608,0.0103,0,4,
1784264495.404535,1784264495.413343,decode,4,0,2608,0.0103,0,4,
1784264495.413343,1784264495.422243,decode,4,0,2608,0.0103,0,4,
1784264495.422243,1784264495.431366,decode,4,0,2608,0.0103,0,4,
1784264495.431366,1784264495.440467,decode,4,0,2608,0.0103,0,4,
1784264495.440467,1784264495.449584,decode,4,0,2608,0.0103,0,4,
1784264495.449584,1784264495.458635,decode,4,0,2608,0.0103,0,4,
1784264495.458635,1784264495.467978,decode,3,0,2464,0.0097,0,4,
1784264495.467978,1784264495.478271,decode,0,0,0,0.0000,0,3,
1784264495.478271,1784264495.488977,mixed,1,0,2048,0.0081,2048,1,
1784264495.488977,1784264495.498959,mixed,4,0,2112,0.0083,6144,4,
1784264495.498959,1784264495.507996,decode,4,0,2160,0.0085,0,4,
1784264495.507996,1784264495.517076,decode,4,0,2160,0.0085,0,4,
1784264495.517076,1784264495.526183,decode,4,0,2160,0.0085,0,4,
1784264495.526183,1784264495.535281,decode,4,0,2160,0.0085,0,4,
1784264495.535281,1784264495.544302,decode,4,0,2160,0.0085,0,4,
1784264495.544302,1784264495.553444,decode,4,0,2160,0.0085,0,4,
1784264495.553444,1784264495.562562,decode,4,0,2160,0.0085,0,4,
1784264495.562562,1784264495.571709,decode,4,0,2160,0.0085,0,4,
1784264495.571709,1784264495.580742,decode,4,0,2160,0.0085,0,4,
1784264495.580742,1784264495.590062,decode,4,0,2160,0.0085,0,4,
1784264495.590062,1784264495.599118,decode,4,0,2160,0.0085,0,4,
1784264495.599118,1784264495.607868,decode,4,0,2160,0.0085,0,4,
1784264495.607868,1784264495.617075,decode,4,0,2160,0.0085,0,4,
1784264495.617075,1784264495.626186,decode,4,0,2160,0.0085,0,4,
1784264495.626186,1784264495.635217,decode,4,0,2160,0.0085,0,4,
1784264495.635217,1784264495.644312,decode,4,0,2176,0.0086,0,4,
1784264495.644312,1784264495.653413,decode,4,0,2224,0.0087,0,4,
1784264495.653413,1784264495.662372,decode,4,0,2224,0.0087,0,4,
1784264495.662372,1784264495.671856,decode,4,0,2224,0.0087,0,4,
1784264495.671856,1784264495.680765,decode,4,0,2224,0.0087,0,4,
1784264495.680765,1784264495.689816,decode,4,0,2224,0.0087,0,4,
1784264495.689816,1784264495.698736,decode,4,0,2224,0.0087,0,4,
1784264495.698736,1784264495.707715,decode,4,0,2224,0.0087,0,4,
1784264495.707715,1784264495.716827,decode,4,0,2224,0.0087,0,4,
1784264495.716827,1784264495.725940,decode,4,0,2224,0.0087,0,4,
1784264495.725940,1784264495.735051,decode,4,0,2224,0.0087,0,4,
1784264495.735051,1784264495.744458,decode,4,0,2224,0.0087,0,4,
1784264495.744458,1784264495.753238,decode,4,0,2224,0.0087,0,4,
1784264495.753238,1784264495.762119,decode,4,0,2224,0.0087,0,4,
1784264495.762119,1784264495.771018,decode,4,0,2224,0.0087,0,4,
1784264495.771018,1784264495.780050,decode,4,0,2224,0.0087,0,4,
1784264495.780050,1784264495.789678,decode,4,0,2240,0.0088,0,4,
1784264495.789678,1784264495.798371,decode,4,0,2288,0.0090,0,4,
1784264495.798371,1784264495.807351,decode,4,0,2288,0.0090,0,4,
1784264495.807351,1784264495.816389,decode,4,0,2288,0.0090,0,4,
1784264495.816389,1784264495.825361,decode,4,0,2288,0.0090,0,4,
1784264495.825361,1784264495.834393,decode,4,0,2288,0.0090,0,4,
1784264495.834393,1784264495.843536,decode,4,0,2288,0.0090,0,4,
1784264495.843536,1784264495.852464,decode,4,0,2288,0.0090,0,4,
1784264495.852464,1784264495.861946,decode,4,0,2288,0.0090,0,4,
1784264495.861946,1784264495.870710,decode,4,0,2288,0.0090,0,4,
1784264495.870710,1784264495.879529,decode,4,0,2288,0.0090,0,4,
1784264495.879529,1784264495.888699,decode,4,0,2288,0.0090,0,4,
1784264495.888699,1784264495.897792,decode,4,0,2288,0.0090,0,4,
1784264495.897792,1784264495.906830,decode,4,0,2288,0.0090,0,4,
1784264495.906830,1784264495.915664,decode,4,0,2288,0.0090,0,4,
1784264495.915664,1784264495.924757,decode,4,0,2288,0.0090,0,4,
1784264495.924757,1784264495.933779,decode,4,0,2304,0.0091,0,4,
1784264495.933779,1784264495.942790,decode,4,0,2352,0.0093,0,4,
1784264495.942790,1784264495.951925,decode,4,0,2352,0.0093,0,4,
1784264495.951925,1784264495.961150,decode,4,0,2352,0.0093,0,4,
1784264495.961150,1784264495.969731,decode,4,0,2352,0.0093,0,4,
1784264495.969731,1784264495.978822,decode,4,0,2352,0.0093,0,4,
1784264495.978822,1784264495.987958,decode,4,0,2352,0.0093,0,4,
1784264495.987958,1784264495.997286,decode,4,0,2352,0.0093,0,4,
1784264495.997286,1784264496.005738,decode,4,0,2352,0.0093,0,4,
1784264496.005738,1784264496.014854,decode,4,0,2352,0.0093,0,4,
1784264496.014854,1784264496.024043,decode,4,0,2352,0.0093,0,4,
1784264496.024043,1784264496.033250,decode,4,0,2352,0.0093,0,4,
1784264496.033250,1784264496.042157,decode,4,0,2352,0.0093,0,4,
1784264496.042157,1784264496.051147,decode,4,0,2352,0.0093,0,4,
1784264496.051147,1784264496.060415,decode,4,0,2352,0.0093,0,4,
1784264496.060415,1784264496.069743,decode,4,0,2352,0.0093,0,4,
1784264496.069743,1784264496.078445,decode,4,0,2368,0.0093,0,4,
1784264496.078445,1784264496.088442,decode,4,0,2416,0.0095,0,4,
1784264496.088442,1784264496.097095,decode,4,0,2416,0.0095,0,4,
1784264496.097095,1784264496.106030,decode,4,0,2416,0.0095,0,4,
1784264496.106030,1784264496.115134,decode,4,0,2416,0.0095,0,4,
1784264496.115134,1784264496.124168,decode,4,0,2416,0.0095,0,4,
1784264496.124168,1784264496.133114,decode,4,0,2416,0.0095,0,4,
1784264496.133114,1784264496.142178,decode,4,0,2416,0.0095,0,4,
1784264496.142178,1784264496.151526,decode,4,0,2416,0.0095,0,4,
1784264496.151526,1784264496.160151,decode,4,0,2416,0.0095,0,4,
1784264496.160151,1784264496.169263,decode,4,0,2416,0.0095,0,4,
1784264496.169263,1784264496.178192,decode,4,0,2416,0.0095,0,4,
1784264496.178192,1784264496.187145,decode,4,0,2416,0.0095,0,4,
1784264496.187145,1784264496.196387,decode,4,0,2416,0.0095,0,4,
1784264496.196387,1784264496.205539,decode,4,0,2416,0.0095,0,4,
1784264496.205539,1784264496.214578,decode,4,0,2416,0.0095,0,4,
1784264496.214578,1784264496.223590,decode,4,0,2432,0.0096,0,4,
1784264496.223590,1784264496.232509,decode,4,0,2480,0.0098,0,4,
1784264496.232509,1784264496.241550,decode,4,0,2480,0.0098,0,4,
1784264496.241550,1784264496.250510,decode,4,0,2480,0.0098,0,4,
1784264496.250510,1784264496.259500,decode,4,0,2480,0.0098,0,4,
1784264496.259500,1784264496.268513,decode,4,0,2480,0.0098,0,4,
1784264496.268513,1784264496.277627,decode,4,0,2480,0.0098,0,4,
1784264496.277627,1784264496.286576,decode,4,0,2480,0.0098,0,4,
1784264496.286576,1784264496.295555,decode,4,0,2480,0.0098,0,4,
1784264496.295555,1784264496.304525,decode,4,0,2480,0.0098,0,4,
1784264496.304525,1784264496.313623,decode,4,0,2480,0.0098,0,4,
1784264496.313623,1784264496.322708,decode,4,0,2480,0.0098,0,4,
1784264496.322708,1784264496.331618,decode,4,0,2480,0.0098,0,4,
1784264496.331618,1784264496.340642,decode,4,0,2480,0.0098,0,4,
1784264496.340642,1784264496.349913,decode,4,0,2480,0.0098,0,4,
1784264496.349913,1784264496.358939,decode,4,0,2480,0.0098,0,4,
1784264496.358939,1784264496.367948,decode,4,0,2496,0.0098,0,4,
1784264496.367948,1784264496.376989,decode,4,0,2544,0.0100,0,4,
1784264496.376989,1784264496.386069,decode,4,0,2544,0.0100,0,4,
1784264496.386069,1784264496.394960,decode,4,0,2544,0.0100,0,4,
1784264496.394960,1784264496.404080,decode,4,0,2544,0.0100,0,4,
1784264496.404080,1784264496.412928,decode,4,0,2544,0.0100,0,4,
1784264496.412928,1784264496.421888,decode,4,0,2544,0.0100,0,4,
1784264496.421888,1784264496.430913,decode,4,0,2544,0.0100,0,4,
1784264496.430913,1784264496.440068,decode,4,0,2544,0.0100,0,4,
1784264496.440068,1784264496.449127,decode,4,0,2544,0.0100,0,4,
1784264496.449127,1784264496.458016,decode,4,0,2544,0.0100,0,4,
1784264496.458016,1784264496.467134,decode,4,0,2544,0.0100,0,4,
1784264496.467134,1784264496.476060,decode,4,0,2544,0.0100,0,4,
1784264496.476060,1784264496.485071,decode,4,0,2544,0.0100,0,4,
1784264496.485071,1784264496.494088,decode,4,0,2544,0.0100,0,4,
1784264496.494088,1784264496.503130,decode,4,0,2544,0.0100,0,4,
1784264496.503130,1784264496.512147,decode,4,0,2560,0.0101,0,4,
1784264496.512147,1784264496.521397,decode,4,0,2608,0.0103,0,4,
1784264496.521397,1784264496.530320,decode,4,0,2608,0.0103,0,4,
1784264496.530320,1784264496.539316,decode,4,0,2608,0.0103,0,4,
1784264496.539316,1784264496.548334,decode,4,0,2608,0.0103,0,4,
1784264496.548334,1784264496.557361,decode,4,0,2608,0.0103,0,4,
1784264496.557361,1784264496.566433,decode,4,0,2608,0.0103,0,4,
1784264496.566433,1784264496.575374,decode,4,0,2608,0.0103,0,4,
1784264496.575374,1784264496.584451,decode,4,0,2608,0.0103,0,4,
1784264496.584451,1784264496.593528,decode,4,0,2608,0.0103,0,4,
1784264496.593528,1784264496.602453,decode,4,0,2608,0.0103,0,4,
1784264496.602453,1784264496.611447,decode,4,0,2608,0.0103,0,4,
1784264496.611447,1784264496.620450,decode,4,0,2608,0.0103,0,4,
1784264496.620450,1784264496.629294,decode,4,0,2608,0.0103,0,4,
1784264496.629294,1784264496.638551,decode,3,0,2464,0.0097,0,4,
1784264496.638551,1784264496.648569,decode,0,0,0,0.0000,0,3,
1784264496.648569,1784264496.658915,mixed,1,0,2048,0.0081,2048,1,
1784264496.658915,1784264496.668787,mixed,4,0,2112,0.0083,6144,4,
1784264496.668787,1784264496.678185,decode,4,0,2160,0.0085,0,4,
1784264496.678185,1784264496.687249,decode,4,0,2160,0.0085,0,4,
1784264496.687249,1784264496.696232,decode,4,0,2160,0.0085,0,4,
1784264496.696232,1784264496.705232,decode,4,0,2160,0.0085,0,4,
1784264496.705232,1784264496.714191,decode,4,0,2160,0.0085,0,4,
1784264496.714191,1784264496.723172,decode,4,0,2160,0.0085,0,4,
1784264496.723172,1784264496.732218,decode,4,0,2160,0.0085,0,4,
1784264496.732218,1784264496.741099,decode,4,0,2160,0.0085,0,4,
1784264496.741099,1784264496.750122,decode,4,0,2160,0.0085,0,4,
1784264496.750122,1784264496.759071,decode,4,0,2160,0.0085,0,4,
1784264496.759071,1784264496.768008,decode,4,0,2160,0.0085,0,4,
1784264496.768008,1784264496.777110,decode,4,0,2160,0.0085,0,4,
1784264496.777110,1784264496.786177,decode,4,0,2160,0.0085,0,4,
1784264496.786177,1784264496.795082,decode,4,0,2160,0.0085,0,4,
1784264496.795082,1784264496.804095,decode,4,0,2160,0.0085,0,4,
1784264496.804095,1784264496.813176,decode,4,0,2176,0.0086,0,4,
1784264496.813176,1784264496.822132,decode,4,0,2224,0.0087,0,4,
1784264496.822132,1784264496.831008,decode,4,0,2224,0.0087,0,4,
1784264496.831008,1784264496.840080,decode,4,0,2224,0.0087,0,4,
1784264496.840080,1784264496.849068,decode,4,0,2224,0.0087,0,4,
1784264496.849068,1784264496.858059,decode,4,0,2224,0.0087,0,4,
1784264496.858059,1784264496.866974,decode,4,0,2224,0.0087,0,4,
1784264496.866974,1784264496.876269,decode,4,0,2224,0.0087,0,4,
1784264496.876269,1784264496.886132,decode,4,0,2224,0.0087,0,4,
1784264496.886132,1784264496.895845,decode,4,0,2224,0.0087,0,4,
1784264496.895845,1784264496.905066,decode,4,0,2224,0.0087,0,4,
1784264496.905066,1784264496.914304,decode,4,0,2224,0.0087,0,4,
1784264496.914304,1784264496.923501,decode,4,0,2224,0.0087,0,4,
1784264496.923501,1784264496.932659,decode,4,0,2224,0.0087,0,4,
1784264496.932659,1784264496.942028,decode,4,0,2224,0.0087,0,4,
1784264496.942028,1784264496.951381,decode,4,0,2224,0.0087,0,4,
1784264496.951381,1784264496.960690,decode,4,0,2240,0.0088,0,4,
1784264496.960690,1784264496.969699,decode,4,0,2288,0.0090,0,4,
1784264496.969699,1784264496.978905,decode,4,0,2288,0.0090,0,4,
1784264496.978905,1784264496.988100,decode,4,0,2288,0.0090,0,4,
1784264496.988100,1784264496.997389,decode,4,0,2288,0.0090,0,4,
1784264496.997389,1784264497.006510,decode,4,0,2288,0.0090,0,4,
1784264497.006510,1784264497.015761,decode,4,0,2288,0.0090,0,4,
1784264497.015761,1784264497.024766,decode,4,0,2288,0.0090,0,4,
1784264497.024766,1784264497.033898,decode,4,0,2288,0.0090,0,4,
1784264497.033898,1784264497.043113,decode,4,0,2288,0.0090,0,4,
1784264497.043113,1784264497.052220,decode,4,0,2288,0.0090,0,4,
1784264497.052220,1784264497.061060,decode,4,0,2288,0.0090,0,4,
1784264497.061060,1784264497.070167,decode,4,0,2288,0.0090,0,4,
1784264497.070167,1784264497.079125,decode,4,0,2288,0.0090,0,4,
1784264497.079125,1784264497.088189,decode,4,0,2288,0.0090,0,4,
1784264497.088189,1784264497.097256,decode,4,0,2288,0.0090,0,4,
1784264497.097256,1784264497.106170,decode,4,0,2304,0.0091,0,4,
1784264497.106170,1784264497.115083,decode,4,0,2352,0.0093,0,4,
1784264497.115083,1784264497.124063,decode,4,0,2352,0.0093,0,4,
1784264497.124063,1784264497.133049,decode,4,0,2352,0.0093,0,4,
1784264497.133049,1784264497.142042,decode,4,0,2352,0.0093,0,4,
1784264497.142042,1784264497.151018,decode,4,0,2352,0.0093,0,4,
1784264497.151018,1784264497.159990,decode,4,0,2352,0.0093,0,4,
1784264497.159990,1784264497.168991,decode,4,0,2352,0.0093,0,4,
1784264497.168991,1784264497.178103,decode,4,0,2352,0.0093,0,4,
1784264497.178103,1784264497.186984,decode,4,0,2352,0.0093,0,4,
1784264497.186984,1784264497.195971,decode,4,0,2352,0.0093,0,4,
1784264497.195971,1784264497.205012,decode,4,0,2352,0.0093,0,4,
1784264497.205012,1784264497.214044,decode,4,0,2352,0.0093,0,4,
1784264497.214044,1784264497.222912,decode,4,0,2352,0.0093,0,4,
1784264497.222912,1784264497.231947,decode,4,0,2352,0.0093,0,4,
1784264497.231947,1784264497.240975,decode,4,0,2352,0.0093,0,4,
1784264497.240975,1784264497.250040,decode,4,0,2368,0.0093,0,4,
1784264497.250040,1784264497.259008,decode,4,0,2416,0.0095,0,4,
1784264497.259008,1784264497.268099,decode,4,0,2416,0.0095,0,4,
1784264497.268099,1784264497.277118,decode,4,0,2416,0.0095,0,4,
1784264497.277118,1784264497.286019,decode,4,0,2416,0.0095,0,4,
1784264497.286019,1784264497.295119,decode,4,0,2416,0.0095,0,4,
1784264497.295119,1784264497.304053,decode,4,0,2416,0.0095,0,4,
1784264497.304053,1784264497.313044,decode,4,0,2416,0.0095,0,4,
1784264497.313044,1784264497.322064,decode,4,0,2416,0.0095,0,4,
1784264497.322064,1784264497.331044,decode,4,0,2416,0.0095,0,4,
1784264497.331044,1784264497.340122,decode,4,0,2416,0.0095,0,4,
1784264497.340122,1784264497.349033,decode,4,0,2416,0.0095,0,4,
1784264497.349033,1784264497.358169,decode,4,0,2416,0.0095,0,4,
1784264497.358169,1784264497.367167,decode,4,0,2416,0.0095,0,4,
1784264497.367167,1784264497.376132,decode,4,0,2416,0.0095,0,4,
1784264497.376132,1784264497.385195,decode,4,0,2416,0.0095,0,4,
1784264497.385195,1784264497.394347,decode,4,0,2432,0.0096,0,4,
1784264497.394347,1784264497.403352,decode,4,0,2480,0.0098,0,4,
1784264497.403352,1784264497.412364,decode,4,0,2480,0.0098,0,4,
1784264497.412364,1784264497.421288,decode,4,0,2480,0.0098,0,4,
1784264497.421288,1784264497.430316,decode,4,0,2480,0.0098,0,4,
1784264497.430316,1784264497.439346,decode,4,0,2480,0.0098,0,4,
1784264497.439346,1784264497.448263,decode,4,0,2480,0.0098,0,4,
1784264497.448263,1784264497.457255,decode,4,0,2480,0.0098,0,4,
1784264497.457255,1784264497.466295,decode,4,0,2480,0.0098,0,4,
1784264497.466295,1784264497.475373,decode,4,0,2480,0.0098,0,4,
1784264497.475373,1784264497.484378,decode,4,0,2480,0.0098,0,4,
1784264497.484378,1784264497.493332,decode,4,0,2480,0.0098,0,4,
1784264497.493332,1784264497.502291,decode,4,0,2480,0.0098,0,4,
1784264497.502291,1784264497.511402,decode,4,0,2480,0.0098,0,4,
1784264497.511402,1784264497.520592,decode,4,0,2480,0.0098,0,4,
1784264497.520592,1784264497.529617,decode,4,0,2480,0.0098,0,4,
1784264497.529617,1784264497.538673,decode,4,0,2496,0.0098,0,4,
1784264497.538673,1784264497.547712,decode,4,0,2544,0.0100,0,4,
1784264497.547712,1784264497.556630,decode,4,0,2544,0.0100,0,4,
1784264497.556630,1784264497.565634,decode,4,0,2544,0.0100,0,4,
1784264497.565634,1784264497.574661,decode,4,0,2544,0.0100,0,4,
1784264497.574661,1784264497.583631,decode,4,0,2544,0.0100,0,4,
1784264497.583631,1784264497.592751,decode,4,0,2544,0.0100,0,4,
1784264497.592751,1784264497.601713,decode,4,0,2544,0.0100,0,4,
1784264497.601713,1784264497.610625,decode,4,0,2544,0.0100,0,4,
1784264497.610625,1784264497.619634,decode,4,0,2544,0.0100,0,4,
1784264497.619634,1784264497.628598,decode,4,0,2544,0.0100,0,4,
1784264497.628598,1784264497.637564,decode,4,0,2544,0.0100,0,4,
1784264497.637564,1784264497.646564,decode,4,0,2544,0.0100,0,4,
1784264497.646564,1784264497.655554,decode,4,0,2544,0.0100,0,4,
1784264497.655554,1784264497.664598,decode,4,0,2544,0.0100,0,4,
1784264497.664598,1784264497.673644,decode,4,0,2544,0.0100,0,4,
1784264497.673644,1784264497.682657,decode,4,0,2560,0.0101,0,4,
1784264497.682657,1784264497.691670,decode,4,0,2608,0.0103,0,4,
1784264497.691670,1784264497.700658,decode,4,0,2608,0.0103,0,4,
1784264497.700658,1784264497.709696,decode,4,0,2608,0.0103,0,4,
1784264497.709696,1784264497.718652,decode,4,0,2608,0.0103,0,4,
1784264497.718652,1784264497.727778,decode,4,0,2608,0.0103,0,4,
1784264497.727778,1784264497.736677,decode,4,0,2608,0.0103,0,4,
1784264497.736677,1784264497.745656,decode,4,0,2608,0.0103,0,4,
1784264497.745656,1784264497.754694,decode,4,0,2608,0.0103,0,4,
1784264497.754694,1784264497.763676,decode,4,0,2608,0.0103,0,4,
1784264497.763676,1784264497.772656,decode,4,0,2608,0.0103,0,4,
1784264497.772656,1784264497.781648,decode,4,0,2608,0.0103,0,4,
1784264497.781648,1784264497.790707,decode,4,0,2608,0.0103,0,4,
1784264497.790707,1784264497.799738,decode,4,0,2608,0.0103,0,4,
1784264497.799738,1784264497.808778,decode,3,0,2464,0.0097,0,4,
1784264497.808778,1784264497.818824,decode,0,0,0,0.0000,0,3,
1784264497.818824,1784264497.830941,mixed,1,0,2048,0.0081,2048,1,
1784264497.830941,1784264497.840641,mixed,4,0,2112,0.0083,6144,4,
1784264497.840641,1784264497.849703,decode,4,0,2160,0.0085,0,4,
1784264497.849703,1784264497.858711,decode,4,0,2160,0.0085,0,4,
1784264497.858711,1784264497.867719,decode,4,0,2160,0.0085,0,4,
1784264497.867719,1784264497.876664,decode,4,0,2160,0.0085,0,4,
1784264497.876664,1784264497.885644,decode,4,0,2160,0.0085,0,4,
1784264497.885644,1784264497.894561,decode,4,0,2160,0.0085,0,4,
1784264497.894561,1784264497.903621,decode,4,0,2160,0.0085,0,4,
1784264497.903621,1784264497.912573,decode,4,0,2160,0.0085,0,4,
1784264497.912573,1784264497.921543,decode,4,0,2160,0.0085,0,4,
1784264497.921543,1784264497.930543,decode,4,0,2160,0.0085,0,4,
1784264497.930543,1784264497.939567,decode,4,0,2160,0.0085,0,4,
1784264497.939567,1784264497.948523,decode,4,0,2160,0.0085,0,4,
1784264497.948523,1784264497.957502,decode,4,0,2160,0.0085,0,4,
1784264497.957502,1784264497.966503,decode,4,0,2160,0.0085,0,4,
1784264497.966503,1784264497.975454,decode,4,0,2160,0.0085,0,4,
1784264497.975454,1784264497.984562,decode,4,0,2176,0.0086,0,4,
1784264497.984562,1784264497.993919,decode,4,0,2224,0.0087,0,4,
1784264497.993919,1784264498.002550,decode,4,0,2224,0.0087,0,4,
1784264498.002550,1784264498.011936,decode,4,0,2224,0.0087,0,4,
1784264498.011936,1784264498.020631,decode,4,0,2224,0.0087,0,4,
1784264498.020631,1784264498.029517,decode,4,0,2224,0.0087,0,4,
1784264498.029517,1784264498.038570,decode,4,0,2224,0.0087,0,4,
1784264498.038570,1784264498.047404,decode,4,0,2224,0.0087,0,4,
1784264498.047404,1784264498.056553,decode,4,0,2224,0.0087,0,4,
1784264498.056553,1784264498.065521,decode,4,0,2224,0.0087,0,4,
1784264498.065521,1784264498.074363,decode,4,0,2224,0.0087,0,4,
1784264498.074363,1784264498.083493,decode,4,0,2224,0.0087,0,4,
1784264498.083493,1784264498.092362,decode,4,0,2224,0.0087,0,4,
1784264498.092362,1784264498.101544,decode,4,0,2224,0.0087,0,4,
1784264498.101544,1784264498.110648,decode,4,0,2224,0.0087,0,4,
1784264498.110648,1784264498.119616,decode,4,0,2224,0.0087,0,4,
1784264498.119616,1784264498.128895,decode,4,0,2240,0.0088,0,4,
1784264498.128895,1784264498.138283,decode,4,0,2288,0.0090,0,4,
1784264498.138283,1784264498.147483,decode,4,0,2288,0.0090,0,4,
1784264498.147483,1784264498.156617,decode,4,0,2288,0.0090,0,4,
1784264498.156617,1784264498.165929,decode,4,0,2288,0.0090,0,4,
1784264498.165929,1784264498.174793,decode,4,0,2288,0.0090,0,4,
1784264498.174793,1784264498.183794,decode,4,0,2288,0.0090,0,4,
1784264498.183794,1784264498.192725,decode,4,0,2288,0.0090,0,4,
1784264498.192725,1784264498.201795,decode,4,0,2288,0.0090,0,4,
1784264498.201795,1784264498.211182,decode,4,0,2288,0.0090,0,4,
1784264498.211182,1784264498.219789,decode,4,0,2288,0.0090,0,4,
1784264498.219789,1784264498.228903,decode,4,0,2288,0.0090,0,4,
1784264498.228903,1784264498.238150,decode,4,0,2288,0.0090,0,4,
1784264498.238150,1784264498.247197,decode,4,0,2288,0.0090,0,4,
1784264498.247197,1784264498.255746,decode,4,0,2288,0.0090,0,4,
1784264498.255746,1784264498.264830,decode,4,0,2288,0.0090,0,4,
1784264498.264830,1784264498.274250,decode,4,0,2304,0.0091,0,4,
1784264498.274250,1784264498.282912,decode,4,0,2352,0.0093,0,4,
1784264498.282912,1784264498.291863,decode,4,0,2352,0.0093,0,4,
1784264498.291863,1784264498.300897,decode,4,0,2352,0.0093,0,4,
1784264498.300897,1784264498.309949,decode,4,0,2352,0.0093,0,4,
1784264498.309949,1784264498.319335,decode,4,0,2352,0.0093,0,4,
1784264498.319335,1784264498.328160,decode,4,0,2352,0.0093,0,4,
1784264498.328160,1784264498.337441,decode,4,0,2352,0.0093,0,4,
1784264498.337441,1784264498.346213,decode,4,0,2352,0.0093,0,4,
1784264498.346213,1784264498.354976,decode,4,0,2352,0.0093,0,4,
1784264498.354976,1784264498.363962,decode,4,0,2352,0.0093,0,4,
1784264498.363962,1784264498.373046,decode,4,0,2352,0.0093,0,4,
1784264498.373046,1784264498.382013,decode,4,0,2352,0.0093,0,4,
1784264498.382013,1784264498.391030,decode,4,0,2352,0.0093,0,4,
1784264498.391030,1784264498.399979,decode,4,0,2352,0.0093,0,4,
1784264498.399979,1784264498.409439,decode,4,0,2352,0.0093,0,4,
1784264498.409439,1784264498.418131,decode,4,0,2368,0.0093,0,4,
1784264498.418131,1784264498.427414,decode,4,0,2416,0.0095,0,4,
1784264498.427414,1784264498.436321,decode,4,0,2416,0.0095,0,4,
1784264498.436321,1784264498.445168,decode,4,0,2416,0.0095,0,4,
1784264498.445168,1784264498.454143,decode,4,0,2416,0.0095,0,4,
1784264498.454143,1784264498.463133,decode,4,0,2416,0.0095,0,4,
1784264498.463133,1784264498.472154,decode,4,0,2416,0.0095,0,4,
1784264498.472154,1784264498.481145,decode,4,0,2416,0.0095,0,4,
1784264498.481145,1784264498.490345,decode,4,0,2416,0.0095,0,4,
1784264498.490345,1784264498.499300,decode,4,0,2416,0.0095,0,4,
1784264498.499300,1784264498.508471,decode,4,0,2416,0.0095,0,4,
1784264498.508471,1784264498.517424,decode,4,0,2416,0.0095,0,4,
1784264498.517424,1784264498.526470,decode,4,0,2416,0.0095,0,4,
1784264498.526470,1784264498.535041,decode,4,0,2416,0.0095,0,4,
1784264498.535041,1784264498.544141,decode,4,0,2416,0.0095,0,4,
1784264498.544141,1784264498.553128,decode,4,0,2416,0.0095,0,4,
1784264498.553128,1784264498.562131,decode,4,0,2432,0.0096,0,4,
1784264498.562131,1784264498.571402,decode,4,0,2480,0.0098,0,4,
1784264498.571402,1784264498.580545,decode,4,0,2480,0.0098,0,4,
1784264498.580545,1784264498.589288,decode,4,0,2480,0.0098,0,4,
1784264498.589288,1784264498.598207,decode,4,0,2480,0.0098,0,4,
1784264498.598207,1784264498.607496,decode,4,0,2480,0.0098,0,4,
1784264498.607496,1784264498.616191,decode,4,0,2480,0.0098,0,4,
1784264498.616191,1784264498.625309,decode,4,0,2480,0.0098,0,4,
1784264498.625309,1784264498.634437,decode,4,0,2480,0.0098,0,4,
1784264498.634437,1784264498.643358,decode,4,0,2480,0.0098,0,4,
1784264498.643358,1784264498.652377,decode,4,0,2480,0.0098,0,4,
1784264498.652377,1784264498.661280,decode,4,0,2480,0.0098,0,4,
1784264498.661280,1784264498.670313,decode,4,0,2480,0.0098,0,4,
1784264498.670313,1784264498.679345,decode,4,0,2480,0.0098,0,4,
1784264498.679345,1784264498.688344,decode,4,0,2480,0.0098,0,4,
1784264498.688344,1784264498.697445,decode,4,0,2480,0.0098,0,4,
1784264498.697445,1784264498.706373,decode,4,0,2496,0.0098,0,4,
1784264498.706373,1784264498.715490,decode,4,0,2544,0.0100,0,4,
1784264498.715490,1784264498.724497,decode,4,0,2544,0.0100,0,4,
1784264498.724497,1784264498.733488,decode,4,0,2544,0.0100,0,4,
1784264498.733488,1784264498.742488,decode,4,0,2544,0.0100,0,4,
1784264498.742488,1784264498.751509,decode,4,0,2544,0.0100,0,4,
1784264498.751509,1784264498.760551,decode,4,0,2544,0.0100,0,4,
1784264498.760551,1784264498.769582,decode,4,0,2544,0.0100,0,4,
1784264498.769582,1784264498.778580,decode,4,0,2544,0.0100,0,4,
1784264498.778580,1784264498.787605,decode,4,0,2544,0.0100,0,4,
1784264498.787605,1784264498.796526,decode,4,0,2544,0.0100,0,4,
1784264498.796526,1784264498.805518,decode,4,0,2544,0.0100,0,4,
1784264498.805518,1784264498.814507,decode,4,0,2544,0.0100,0,4,
1784264498.814507,1784264498.823496,decode,4,0,2544,0.0100,0,4,
1784264498.823496,1784264498.832497,decode,4,0,2544,0.0100,0,4,
1784264498.832497,1784264498.841871,decode,4,0,2544,0.0100,0,4,
1784264498.841871,1784264498.850965,decode,4,0,2560,0.0101,0,4,
1784264498.850965,1784264498.860103,decode,4,0,2608,0.0103,0,4,
1784264498.860103,1784264498.869389,decode,4,0,2608,0.0103,0,4,
1784264498.869389,1784264498.878365,decode,4,0,2608,0.0103,0,4,
1784264498.878365,1784264498.887615,decode,4,0,2608,0.0103,0,4,
1784264498.887615,1784264498.897048,decode,4,0,2608,0.0103,0,4,
1784264498.897048,1784264498.905796,decode,4,0,2608,0.0103,0,4,
1784264498.905796,1784264498.914982,decode,4,0,2608,0.0103,0,4,
1784264498.914982,1784264498.924234,decode,4,0,2608,0.0103,0,4,
1784264498.924234,1784264498.932958,decode,4,0,2608,0.0103,0,4,
1784264498.932958,1784264498.941947,decode,4,0,2608,0.0103,0,4,
1784264498.941947,1784264498.951093,decode,4,0,2608,0.0103,0,4,
1784264498.951093,1784264498.960404,decode,4,0,2608,0.0103,0,4,
1784264498.960404,1784264498.969473,decode,4,0,2608,0.0103,0,4,
1784264498.969473,1784264498.978878,decode,3,0,2464,0.0097,0,4,
1784264498.978878,1784264498.989006,decode,0,0,0,0.0000,0,3,
1784264498.989006,1784264499.000188,mixed,1,0,2048,0.0081,2048,1,
1784264499.000188,1784264499.009723,mixed,4,0,2112,0.0083,6144,4,
1784264499.009723,1784264499.018798,decode,4,0,2160,0.0085,0,4,
1784264499.018798,1784264499.027710,decode,4,0,2160,0.0085,0,4,
1784264499.027710,1784264499.036692,decode,4,0,2160,0.0085,0,4,
1784264499.036692,1784264499.045704,decode,4,0,2160,0.0085,0,4,
1784264499.045704,1784264499.054865,decode,4,0,2160,0.0085,0,4,
1784264499.054865,1784264499.064023,decode,4,0,2160,0.0085,0,4,
1784264499.064023,1784264499.072668,decode,4,0,2160,0.0085,0,4,
1784264499.072668,1784264499.081982,decode,4,0,2160,0.0085,0,4,
1784264499.081982,1784264499.090680,decode,4,0,2160,0.0085,0,4,
1784264499.090680,1784264499.100086,decode,4,0,2160,0.0085,0,4,
1784264499.100086,1784264499.108746,decode,4,0,2160,0.0085,0,4,
1784264499.108746,1784264499.118248,decode,4,0,2160,0.0085,0,4,
1784264499.118248,1784264499.126754,decode,4,0,2160,0.0085,0,4,
1784264499.126754,1784264499.135862,decode,4,0,2160,0.0085,0,4,
1784264499.135862,1784264499.144732,decode,4,0,2160,0.0085,0,4,
1784264499.144732,1784264499.154073,decode,4,0,2176,0.0086,0,4,
1784264499.154073,1784264499.162791,decode,4,0,2224,0.0087,0,4,
1784264499.162791,1784264499.171722,decode,4,0,2224,0.0087,0,4,
1784264499.171722,1784264499.180734,decode,4,0,2224,0.0087,0,4,
1784264499.180734,1784264499.189601,decode,4,0,2224,0.0087,0,4,
1784264499.189601,1784264499.198647,decode,4,0,2224,0.0087,0,4,
1784264499.198647,1784264499.207871,decode,4,0,2224,0.0087,0,4,
1784264499.207871,1784264499.216547,decode,4,0,2224,0.0087,0,4,
1784264499.216547,1784264499.225517,decode,4,0,2224,0.0087,0,4,
1784264499.225517,1784264499.234588,decode,4,0,2224,0.0087,0,4,
1784264499.234588,1784264499.243487,decode,4,0,2224,0.0087,0,4,
1784264499.243487,1784264499.252651,decode,4,0,2224,0.0087,0,4,
1784264499.252651,1784264499.261802,decode,4,0,2224,0.0087,0,4,
1784264499.261802,1784264499.270449,decode,4,0,2224,0.0087,0,4,
1784264499.270449,1784264499.279461,decode,4,0,2224,0.0087,0,4,
1784264499.279461,1784264499.288433,decode,4,0,2224,0.0087,0,4,
1784264499.288433,1784264499.297824,decode,4,0,2240,0.0088,0,4,
1784264499.297824,1784264499.307294,decode,4,0,2288,0.0090,0,4,
1784264499.307294,1784264499.316169,decode,4,0,2288,0.0090,0,4,
1784264499.316169,1784264499.324847,decode,4,0,2288,0.0090,0,4,
1784264499.324847,1784264499.333809,decode,4,0,2288,0.0090,0,4,
1784264499.333809,1784264499.342671,decode,4,0,2288,0.0090,0,4,
1784264499.342671,1784264499.351471,decode,4,0,2288,0.0090,0,4,
1784264499.351471,1784264499.360610,decode,4,0,2288,0.0090,0,4,
1784264499.360610,1784264499.369979,decode,4,0,2288,0.0090,0,4,
1784264499.369979,1784264499.378600,decode,4,0,2288,0.0090,0,4,
1784264499.378600,1784264499.387619,decode,4,0,2288,0.0090,0,4,
1784264499.387619,1784264499.396548,decode,4,0,2288,0.0090,0,4,
1784264499.396548,1784264499.405846,decode,4,0,2288,0.0090,0,4,
1784264499.405846,1784264499.414901,decode,4,0,2288,0.0090,0,4,
1784264499.414901,1784264499.423531,decode,4,0,2288,0.0090,0,4,
1784264499.423531,1784264499.432656,decode,4,0,2288,0.0090,0,4,
1784264499.432656,1784264499.441504,decode,4,0,2304,0.0091,0,4,
1784264499.441504,1784264499.450618,decode,4,0,2352,0.0093,0,4,
1784264499.450618,1784264499.459620,decode,4,0,2352,0.0093,0,4,
1784264499.459620,1784264499.468557,decode,4,0,2352,0.0093,0,4,
1784264499.468557,1784264499.477620,decode,4,0,2352,0.0093,0,4,
1784264499.477620,1784264499.486691,decode,4,0,2352,0.0093,0,4,
1784264499.486691,1784264499.495631,decode,4,0,2352,0.0093,0,4,
1784264499.495631,1784264499.505082,decode,4,0,2352,0.0093,0,4,
1784264499.505082,1784264499.513803,decode,4,0,2352,0.0093,0,4,
1784264499.513803,1784264499.523043,decode,4,0,2352,0.0093,0,4,
1784264499.523043,1784264499.531592,decode,4,0,2352,0.0093,0,4,
1784264499.531592,1784264499.540776,decode,4,0,2352,0.0093,0,4,
1784264499.540776,1784264499.549799,decode,4,0,2352,0.0093,0,4,
1784264499.549799,1784264499.558818,decode,4,0,2352,0.0093,0,4,
1784264499.558818,1784264499.567810,decode,4,0,2352,0.0093,0,4,
1784264499.567810,1784264499.576746,decode,4,0,2352,0.0093,0,4,
1784264499.576746,1784264499.585858,decode,4,0,2368,0.0093,0,4,
1784264499.585858,1784264499.595316,decode,4,0,2416,0.0095,0,4,
1784264499.595316,1784264499.604460,decode,4,0,2416,0.0095,0,4,
1784264499.604460,1784264499.613521,decode,4,0,2416,0.0095,0,4,
1784264499.613521,1784264499.622329,decode,4,0,2416,0.0095,0,4,
1784264499.622329,1784264499.631186,decode,4,0,2416,0.0095,0,4,
1784264499.631186,1784264499.640288,decode,4,0,2416,0.0095,0,4,
1784264499.640288,1784264499.649370,decode,4,0,2416,0.0095,0,4,
1784264499.649370,1784264499.658423,decode,4,0,2416,0.0095,0,4,
1784264499.658423,1784264499.667413,decode,4,0,2416,0.0095,0,4,
1784264499.667413,1784264499.676509,decode,4,0,2416,0.0095,0,4,
1784264499.676509,1784264499.685523,decode,4,0,2416,0.0095,0,4,
1784264499.685523,1784264499.694592,decode,4,0,2416,0.0095,0,4,
1784264499.694592,1784264499.703674,decode,4,0,2416,0.0095,0,4,
1784264499.703674,1784264499.712696,decode,4,0,2416,0.0095,0,4,
1784264499.712696,1784264499.721875,decode,4,0,2416,0.0095,0,4,
1784264499.721875,1784264499.730862,decode,4,0,2432,0.0096,0,4,
1784264499.730862,1784264499.739971,decode,4,0,2480,0.0098,0,4,
1784264499.739971,1784264499.748939,decode,4,0,2480,0.0098,0,4,
1784264499.748939,1784264499.757899,decode,4,0,2480,0.0098,0,4,
1784264499.757899,1784264499.766874,decode,4,0,2480,0.0098,0,4,
1784264499.766874,1784264499.775921,decode,4,0,2480,0.0098,0,4,
1784264499.775921,1784264499.784822,decode,4,0,2480,0.0098,0,4,
1784264499.784822,1784264499.794129,decode,4,0,2480,0.0098,0,4,
1784264499.794129,1784264499.802871,decode,4,0,2480,0.0098,0,4,
1784264499.802871,1784264499.812129,decode,4,0,2480,0.0098,0,4,
1784264499.812129,1784264499.821439,decode,4,0,2480,0.0098,0,4,
1784264499.821439,1784264499.830091,decode,4,0,2480,0.0098,0,4,
1784264499.830091,1784264499.839572,decode,4,0,2480,0.0098,0,4,
1784264499.839572,1784264499.848390,decode,4,0,2480,0.0098,0,4,
1784264499.848390,1784264499.857389,decode,4,0,2480,0.0098,0,4,
1784264499.857389,1784264499.866484,decode,4,0,2480,0.0098,0,4,
1784264499.866484,1784264499.875392,decode,4,0,2496,0.0098,0,4,
1784264499.875392,1784264499.884890,decode,4,0,2544,0.0100,0,4,
1784264499.884890,1784264499.893485,decode,4,0,2544,0.0100,0,4,
1784264499.893485,1784264499.902948,decode,4,0,2544,0.0100,0,4,
1784264499.902948,1784264499.911888,decode,4,0,2544,0.0100,0,4,
1784264499.911888,1784264499.920708,decode,4,0,2544,0.0100,0,4,
1784264499.920708,1784264499.929698,decode,4,0,2544,0.0100,0,4,
1784264499.929698,1784264499.938747,decode,4,0,2544,0.0100,0,4,
1784264499.938747,1784264499.947858,decode,4,0,2544,0.0100,0,4,
1784264499.947858,1784264499.956840,decode,4,0,2544,0.0100,0,4,
1784264499.956840,1784264499.965936,decode,4,0,2544,0.0100,0,4,
1784264499.965936,1784264499.974858,decode,4,0,2544,0.0100,0,4,
1784264499.974858,1784264499.983815,decode,4,0,2544,0.0100,0,4,
1784264499.983815,1784264499.993121,decode,4,0,2544,0.0100,0,4,
1784264499.993121,1784264500.002108,decode,4,0,2544,0.0100,0,4,
1784264500.002108,1784264500.011238,decode,4,0,2544,0.0100,0,4,
1784264500.011238,1784264500.020314,decode,4,0,2560,0.0101,0,4,
1784264500.020314,1784264500.029769,decode,4,0,2608,0.0103,0,4,
1784264500.029769,1784264500.038623,decode,4,0,2608,0.0103,0,4,
1784264500.038623,1784264500.047511,decode,4,0,2608,0.0103,0,4,
1784264500.047511,1784264500.056506,decode,4,0,2608,0.0103,0,4,
1784264500.056506,1784264500.065501,decode,4,0,2608,0.0103,0,4,
1784264500.065501,1784264500.074517,decode,4,0,2608,0.0103,0,4,
1784264500.074517,1784264500.083584,decode,4,0,2608,0.0103,0,4,
1784264500.083584,1784264500.092470,decode,4,0,2608,0.0103,0,4,
1784264500.092470,1784264500.101944,decode,4,0,2608,0.0103,0,4,
1784264500.101944,1784264500.110654,decode,4,0,2608,0.0103,0,4,
1784264500.110654,1784264500.119727,decode,4,0,2608,0.0103,0,4,
1784264500.119727,1784264500.128787,decode,4,0,2608,0.0103,0,4,
1784264500.128787,1784264500.137771,decode,4,0,2608,0.0103,0,4,
1784264500.137771,1784264500.146962,decode,3,0,2464,0.0097,0,4,
1784264500.146962,1784264500.157105,decode,0,0,0,0.0000,0,3,
1784264500.157105,1784264500.168131,mixed,1,0,2048,0.0081,2048,1,
1784264500.168131,1784264500.177505,mixed,4,0,2112,0.0083,6144,4,
1784264500.177505,1784264500.186561,decode,4,0,2160,0.0085,0,4,
1784264500.186561,1784264500.195732,decode,4,0,2160,0.0085,0,4,
1784264500.195732,1784264500.204456,decode,4,0,2160,0.0085,0,4,
1784264500.204456,1784264500.213499,decode,4,0,2160,0.0085,0,4,
1784264500.213499,1784264500.222388,decode,4,0,2160,0.0085,0,4,
1784264500.222388,1784264500.231462,decode,4,0,2160,0.0085,0,4,
1784264500.231462,1784264500.240465,decode,4,0,2160,0.0085,0,4,
1784264500.240465,1784264500.249453,decode,4,0,2160,0.0085,0,4,
1784264500.249453,1784264500.258465,decode,4,0,2160,0.0085,0,4,
1784264500.258465,1784264500.267478,decode,4,0,2160,0.0085,0,4,
1784264500.267478,1784264500.276482,decode,4,0,2160,0.0085,0,4,
1784264500.276482,1784264500.285417,decode,4,0,2160,0.0085,0,4,
1784264500.285417,1784264500.294661,decode,4,0,2160,0.0085,0,4,
1784264500.294661,1784264500.303719,decode,4,0,2160,0.0085,0,4,
1784264500.303719,1784264500.312545,decode,4,0,2160,0.0085,0,4,
1784264500.312545,1784264500.321690,decode,4,0,2176,0.0086,0,4,
1784264500.321690,1784264500.331122,decode,4,0,2224,0.0087,0,4,
1784264500.331122,1784264500.340076,decode,4,0,2224,0.0087,0,4,
1784264500.340076,1784264500.349020,decode,4,0,2224,0.0087,0,4,
1784264500.349020,1784264500.358549,decode,4,0,2224,0.0087,0,4,
1784264500.358549,1784264500.367543,decode,4,0,2224,0.0087,0,4,
1784264500.367543,1784264500.376300,decode,4,0,2224,0.0087,0,4,
1784264500.376300,1784264500.385288,decode,4,0,2224,0.0087,0,4,
1784264500.385288,1784264500.394141,decode,4,0,2224,0.0087,0,4,
1784264500.394141,1784264500.403675,decode,4,0,2224,0.0087,0,4,
1784264500.403675,1784264500.412209,decode,4,0,2224,0.0087,0,4,
1784264500.412209,1784264500.421712,decode,4,0,2224,0.0087,0,4,
1784264500.421712,1784264500.430496,decode,4,0,2224,0.0087,0,4,
1784264500.430496,1784264500.439200,decode,4,0,2224,0.0087,0,4,
1784264500.439200,1784264500.448407,decode,4,0,2224,0.0087,0,4,
1784264500.448407,1784264500.457354,decode,4,0,2224,0.0087,0,4,
1784264500.457354,1784264500.466258,decode,4,0,2240,0.0088,0,4,
1784264500.466258,1784264500.475491,decode,4,0,2288,0.0090,0,4,
1784264500.475491,1784264500.484442,decode,4,0,2288,0.0090,0,4,
1784264500.484442,1784264500.493373,decode,4,0,2288,0.0090,0,4,
1784264500.493373,1784264500.502740,decode,4,0,2288,0.0090,0,4,
1784264500.502740,1784264500.511411,decode,4,0,2288,0.0090,0,4,
1784264500.511411,1784264500.521114,decode,4,0,2288,0.0090,0,4,
1784264500.521114,1784264500.529626,decode,4,0,2288,0.0090,0,4,
1784264500.529626,1784264500.538720,decode,4,0,2288,0.0090,0,4,
1784264500.538720,1784264500.547567,decode,4,0,2288,0.0090,0,4,
1784264500.547567,1784264500.556892,decode,4,0,2288,0.0090,0,4,
1784264500.556892,1784264500.565937,decode,4,0,2288,0.0090,0,4,
1784264500.565937,1784264500.574785,decode,4,0,2288,0.0090,0,4,
1784264500.574785,1784264500.583998,decode,4,0,2288,0.0090,0,4,
1784264500.583998,1784264500.592829,decode,4,0,2288,0.0090,0,4,
1784264500.592829,1784264500.602106,decode,4,0,2288,0.0090,0,4,
1784264500.602106,1784264500.611046,decode,4,0,2304,0.0091,0,4,
1784264500.611046,1784264500.620119,decode,4,0,2352,0.0093,0,4,
1784264500.620119,1784264500.628994,decode,4,0,2352,0.0093,0,4,
1784264500.628994,1784264500.638163,decode,4,0,2352,0.0093,0,4,
1784264500.638163,1784264500.647141,decode,4,0,2352,0.0093,0,4,
1784264500.647141,1784264500.656057,decode,4,0,2352,0.0093,0,4,
1784264500.656057,1784264500.665192,decode,4,0,2352,0.0093,0,4,
1784264500.665192,1784264500.674025,decode,4,0,2352,0.0093,0,4,
1784264500.674025,1784264500.683286,decode,4,0,2352,0.0093,0,4,
1784264500.683286,1784264500.692183,decode,4,0,2352,0.0093,0,4,
1784264500.692183,1784264500.701635,decode,4,0,2352,0.0093,0,4,
1784264500.701635,1784264500.710325,decode,4,0,2352,0.0093,0,4,
1784264500.710325,1784264500.719518,decode,4,0,2352,0.0093,0,4,
1784264500.719518,1784264500.728411,decode,4,0,2352,0.0093,0,4,
1784264500.728411,1784264500.737327,decode,4,0,2352,0.0093,0,4,
1784264500.737327,1784264500.746472,decode,4,0,2352,0.0093,0,4,
1784264500.746472,1784264500.755526,decode,4,0,2368,0.0093,0,4,
1784264500.755526,1784264500.764594,decode,4,0,2416,0.0095,0,4,
1784264500.764594,1784264500.773585,decode,4,0,2416,0.0095,0,4,
1784264500.773585,1784264500.782598,decode,4,0,2416,0.0095,0,4,
1784264500.782598,1784264500.791455,decode,4,0,2416,0.0095,0,4,
1784264500.791455,1784264500.800524,decode,4,0,2416,0.0095,0,4,
1784264500.800524,1784264500.809544,decode,4,0,2416,0.0095,0,4,
1784264500.809544,1784264500.818749,decode,4,0,2416,0.0095,0,4,
1784264500.818749,1784264500.827849,decode,4,0,2416,0.0095,0,4,
1784264500.827849,1784264500.836882,decode,4,0,2416,0.0095,0,4,
1784264500.836882,1784264500.845830,decode,4,0,2416,0.0095,0,4,
1784264500.845830,1784264500.854932,decode,4,0,2416,0.0095,0,4,
1784264500.854932,1784264500.863912,decode,4,0,2416,0.0095,0,4,
1784264500.863912,1784264500.873029,decode,4,0,2416,0.0095,0,4,
1784264500.873029,1784264500.882010,decode,4,0,2416,0.0095,0,4,
1784264500.882010,1784264500.891125,decode,4,0,2416,0.0095,0,4,
1784264500.891125,1784264500.900020,decode,4,0,2432,0.0096,0,4,
1784264500.900020,1784264500.909212,decode,4,0,2480,0.0098,0,4,
1784264500.909212,1784264500.918150,decode,4,0,2480,0.0098,0,4,
1784264500.918150,1784264500.927375,decode,4,0,2480,0.0098,0,4,
1784264500.927375,1784264500.936467,decode,4,0,2480,0.0098,0,4,
1784264500.936467,1784264500.945480,decode,4,0,2480,0.0098,0,4,
1784264500.945480,1784264500.954519,decode,4,0,2480,0.0098,0,4,
1784264500.954519,1784264500.963549,decode,4,0,2480,0.0098,0,4,
1784264500.963549,1784264500.972481,decode,4,0,2480,0.0098,0,4,
1784264500.972481,1784264500.981586,decode,4,0,2480,0.0098,0,4,
1784264500.981586,1784264500.990772,decode,4,0,2480,0.0098,0,4,
1784264500.990772,1784264500.999658,decode,4,0,2480,0.0098,0,4,
1784264500.999658,1784264501.008824,decode,4,0,2480,0.0098,0,4,
1784264501.008824,1784264501.018157,decode,4,0,2480,0.0098,0,4,
1784264501.018157,1784264501.026894,decode,4,0,2480,0.0098,0,4,
1784264501.026894,1784264501.036024,decode,4,0,2480,0.0098,0,4,
1784264501.036024,1784264501.045105,decode,4,0,2496,0.0098,0,4,
1784264501.045105,1784264501.054138,decode,4,0,2544,0.0100,0,4,
1784264501.054138,1784264501.063179,decode,4,0,2544,0.0100,0,4,
1784264501.063179,1784264501.072350,decode,4,0,2544,0.0100,0,4,
1784264501.072350,1784264501.081724,decode,4,0,2544,0.0100,0,4,
1784264501.081724,1784264501.090766,decode,4,0,2544,0.0100,0,4,
1784264501.090766,1784264501.099728,decode,4,0,2544,0.0100,0,4,
1784264501.099728,1784264501.108879,decode,4,0,2544,0.0100,0,4,
1784264501.108879,1784264501.117951,decode,4,0,2544,0.0100,0,4,
1784264501.117951,1784264501.127013,decode,4,0,2544,0.0100,0,4,
1784264501.127013,1784264501.135869,decode,4,0,2544,0.0100,0,4,
1784264501.135869,1784264501.145297,decode,4,0,2544,0.0100,0,4,
1784264501.145297,1784264501.154864,decode,4,0,2544,0.0100,0,4,
1784264501.154864,1784264501.163602,decode,4,0,2544,0.0100,0,4,
1784264501.163602,1784264501.172340,decode,4,0,2544,0.0100,0,4,
1784264501.172340,1784264501.181438,decode,4,0,2544,0.0100,0,4,
1784264501.181438,1784264501.190482,decode,4,0,2560,0.0101,0,4,
1784264501.190482,1784264501.199594,decode,4,0,2608,0.0103,0,4,
1784264501.199594,1784264501.208833,decode,4,0,2608,0.0103,0,4,
1784264501.208833,1784264501.217974,decode,4,0,2608,0.0103,0,4,
1784264501.217974,1784264501.227150,decode,4,0,2608,0.0103,0,4,
1784264501.227150,1784264501.236010,decode,4,0,2608,0.0103,0,4,
1784264501.236010,1784264501.244812,decode,4,0,2608,0.0103,0,4,
1784264501.244812,1784264501.253836,decode,4,0,2608,0.0103,0,4,
1784264501.253836,1784264501.262779,decode,4,0,2608,0.0103,0,4,
1784264501.262779,1784264501.271847,decode,4,0,2608,0.0103,0,4,
1784264501.271847,1784264501.281263,decode,4,0,2608,0.0103,0,4,
1784264501.281263,1784264501.290346,decode,4,0,2608,0.0103,0,4,
1784264501.290346,1784264501.299069,decode,4,0,2608,0.0103,0,4,
1784264501.299069,1784264501.308259,decode,4,0,2608,0.0103,0,4,
1784264501.308259,1784264501.317308,decode,3,0,2464,0.0097,0,4,
1784264501.317308,1784264501.327374,decode,0,0,0,0.0000,0,3,
1784264501.327374,1784264501.338287,mixed,1,0,2048,0.0081,2048,1,
1784264501.338287,1784264501.348079,mixed,4,0,2112,0.0083,6144,4,
1784264501.348079,1784264501.356879,decode,4,0,2160,0.0085,0,4,
1784264501.356879,1784264501.365636,decode,4,0,2160,0.0085,0,4,
1784264501.365636,1784264501.374969,decode,4,0,2160,0.0085,0,4,
1784264501.374969,1784264501.383836,decode,4,0,2160,0.0085,0,4,
1784264501.383836,1784264501.392844,decode,4,0,2160,0.0085,0,4,
1784264501.392844,1784264501.402160,decode,4,0,2160,0.0085,0,4,
1784264501.402160,1784264501.411067,decode,4,0,2160,0.0085,0,4,
1784264501.411067,1784264501.420315,decode,4,0,2160,0.0085,0,4,
1784264501.420315,1784264501.429089,decode,4,0,2160,0.0085,0,4,
1784264501.429089,1784264501.437912,decode,4,0,2160,0.0085,0,4,
1784264501.437912,1784264501.447233,decode,4,0,2160,0.0085,0,4,
1784264501.447233,1784264501.455798,decode,4,0,2160,0.0085,0,4,
1784264501.455798,1784264501.464757,decode,4,0,2160,0.0085,0,4,
1784264501.464757,1784264501.473811,decode,4,0,2160,0.0085,0,4,
1784264501.473811,1784264501.482814,decode,4,0,2160,0.0085,0,4,
1784264501.482814,1784264501.491795,decode,4,0,2176,0.0086,0,4,
1784264501.491795,1784264501.500709,decode,4,0,2224,0.0087,0,4,
1784264501.500709,1784264501.510133,decode,4,0,2224,0.0087,0,4,
1784264501.510133,1784264501.518871,decode,4,0,2224,0.0087,0,4,
1784264501.518871,1784264501.527875,decode,4,0,2224,0.0087,0,4,
1784264501.527875,1784264501.536715,decode,4,0,2224,0.0087,0,4,
1784264501.536715,1784264501.545853,decode,4,0,2224,0.0087,0,4,
1784264501.545853,1784264501.554763,decode,4,0,2224,0.0087,0,4,
1784264501.554763,1784264501.563843,decode,4,0,2224,0.0087,0,4,
1784264501.563843,1784264501.572680,decode,4,0,2224,0.0087,0,4,
1784264501.572680,1784264501.581661,decode,4,0,2224,0.0087,0,4,
1784264501.581661,1784264501.590625,decode,4,0,2224,0.0087,0,4,
1784264501.590625,1784264501.599628,decode,4,0,2224,0.0087,0,4,
1784264501.599628,1784264501.609107,decode,4,0,2224,0.0087,0,4,
1784264501.609107,1784264501.617698,decode,4,0,2224,0.0087,0,4,
1784264501.617698,1784264501.626768,decode,4,0,2224,0.0087,0,4,
1784264501.626768,1784264501.635599,decode,4,0,2240,0.0088,0,4,
1784264501.635599,1784264501.644610,decode,4,0,2288,0.0090,0,4,
1784264501.644610,1784264501.653843,decode,4,0,2288,0.0090,0,4,
1784264501.653843,1784264501.662886,decode,4,0,2288,0.0090,0,4,
1784264501.662886,1784264501.671938,decode,4,0,2288,0.0090,0,4,
1784264501.671938,1784264501.680797,decode,4,0,2288,0.0090,0,4,
1784264501.680797,1784264501.689951,decode,4,0,2288,0.0090,0,4,
1784264501.689951,1784264501.698796,decode,4,0,2288,0.0090,0,4,
1784264501.698796,1784264501.708260,decode,4,0,2288,0.0090,0,4,
1784264501.708260,1784264501.717177,decode,4,0,2288,0.0090,0,4,
1784264501.717177,1784264501.725882,decode,4,0,2288,0.0090,0,4,
1784264501.725882,1784264501.734933,decode,4,0,2288,0.0090,0,4,
1784264501.734933,1784264501.743821,decode,4,0,2288,0.0090,0,4,
1784264501.743821,1784264501.753000,decode,4,0,2288,0.0090,0,4,
1784264501.753000,1784264501.761957,decode,4,0,2288,0.0090,0,4,
1784264501.761957,1784264501.770947,decode,4,0,2288,0.0090,0,4,
1784264501.770947,1784264501.779979,decode,4,0,2304,0.0091,0,4,
1784264501.779979,1784264501.789101,decode,4,0,2352,0.0093,0,4,
1784264501.789101,1784264501.797930,decode,4,0,2352,0.0093,0,4,
1784264501.797930,1784264501.807208,decode,4,0,2352,0.0093,0,4,
1784264501.807208,1784264501.816299,decode,4,0,2352,0.0093,0,4,
1784264501.816299,1784264501.825054,decode,4,0,2352,0.0093,0,4,
1784264501.825054,1784264501.834332,decode,4,0,2352,0.0093,0,4,
1784264501.834332,1784264501.843450,decode,4,0,2352,0.0093,0,4,
1784264501.843450,1784264501.852052,decode,4,0,2352,0.0093,0,4,
1784264501.852052,1784264501.861091,decode,4,0,2352,0.0093,0,4,
1784264501.861091,1784264501.870074,decode,4,0,2352,0.0093,0,4,
1784264501.870074,1784264501.879014,decode,4,0,2352,0.0093,0,4,
1784264501.879014,1784264501.888166,decode,4,0,2352,0.0093,0,4,
1784264501.888166,1784264501.896883,decode,4,0,2352,0.0093,0,4,
1784264501.896883,1784264501.906074,decode,4,0,2352,0.0093,0,4,
1784264501.906074,1784264501.915013,decode,4,0,2352,0.0093,0,4,
1784264501.915013,1784264501.924351,decode,4,0,2368,0.0093,0,4,
1784264501.924351,1784264501.933605,decode,4,0,2416,0.0095,0,4,
1784264501.933605,1784264501.942969,decode,4,0,2416,0.0095,0,4,
1784264501.942969,1784264501.951444,decode,4,0,2416,0.0095,0,4,
1784264501.951444,1784264501.960644,decode,4,0,2416,0.0095,0,4,
1784264501.960644,1784264501.969605,decode,4,0,2416,0.0095,0,4,
1784264501.969605,1784264501.978410,decode,4,0,2416,0.0095,0,4,
1784264501.978410,1784264501.987536,decode,4,0,2416,0.0095,0,4,
1784264501.987536,1784264501.996630,decode,4,0,2416,0.0095,0,4,
1784264501.996630,1784264502.005957,decode,4,0,2416,0.0095,0,4,
1784264502.005957,1784264502.014769,decode,4,0,2416,0.0095,0,4,
1784264502.014769,1784264502.024100,decode,4,0,2416,0.0095,0,4,
1784264502.024100,1784264502.032929,decode,4,0,2416,0.0095,0,4,
1784264502.032929,1784264502.041822,decode,4,0,2416,0.0095,0,4,
1784264502.041822,1784264502.050782,decode,4,0,2416,0.0095,0,4,
1784264502.050782,1784264502.060037,decode,4,0,2416,0.0095,0,4,
1784264502.060037,1784264502.069125,decode,4,0,2432,0.0096,0,4,
1784264502.069125,1784264502.078114,decode,4,0,2480,0.0098,0,4,
1784264502.078114,1784264502.087247,decode,4,0,2480,0.0098,0,4,
1784264502.087247,1784264502.096413,decode,4,0,2480,0.0098,0,4,
1784264502.096413,1784264502.105266,decode,4,0,2480,0.0098,0,4,
1784264502.105266,1784264502.114395,decode,4,0,2480,0.0098,0,4,
1784264502.114395,1784264502.123605,decode,4,0,2480,0.0098,0,4,
1784264502.123605,1784264502.132394,decode,4,0,2480,0.0098,0,4,
1784264502.132394,1784264502.141384,decode,4,0,2480,0.0098,0,4,
1784264502.141384,1784264502.150616,decode,4,0,2480,0.0098,0,4,
1784264502.150616,1784264502.159863,decode,4,0,2480,0.0098,0,4,
1784264502.159863,1784264502.168705,decode,4,0,2480,0.0098,0,4,
1784264502.168705,1784264502.177670,decode,4,0,2480,0.0098,0,4,
1784264502.177670,1784264502.186753,decode,4,0,2480,0.0098,0,4,
1784264502.186753,1784264502.195639,decode,4,0,2480,0.0098,0,4,
1784264502.195639,1784264502.204973,decode,4,0,2480,0.0098,0,4,
1784264502.204973,1784264502.213688,decode,4,0,2496,0.0098,0,4,
1784264502.213688,1784264502.222843,decode,4,0,2544,0.0100,0,4,
1784264502.222843,1784264502.231679,decode,4,0,2544,0.0100,0,4,
1784264502.231679,1784264502.240659,decode,4,0,2544,0.0100,0,4,
1784264502.240659,1784264502.249729,decode,4,0,2544,0.0100,0,4,
1784264502.249729,1784264502.258590,decode,4,0,2544,0.0100,0,4,
1784264502.258590,1784264502.267754,decode,4,0,2544,0.0100,0,4,
1784264502.267754,1784264502.276660,decode,4,0,2544,0.0100,0,4,
1784264502.276660,1784264502.285723,decode,4,0,2544,0.0100,0,4,
1784264502.285723,1784264502.295169,decode,4,0,2544,0.0100,0,4,
1784264502.295169,1784264502.304211,decode,4,0,2544,0.0100,0,4,
1784264502.304211,1784264502.312850,decode,4,0,2544,0.0100,0,4,
1784264502.312850,1784264502.322027,decode,4,0,2544,0.0100,0,4,
1784264502.322027,1784264502.330873,decode,4,0,2544,0.0100,0,4,
1784264502.330873,1784264502.340024,decode,4,0,2544,0.0100,0,4,
1784264502.340024,1784264502.348930,decode,4,0,2544,0.0100,0,4,
1784264502.348930,1784264502.358399,decode,4,0,2560,0.0101,0,4,
1784264502.358399,1784264502.367925,decode,4,0,2608,0.0103,0,4,
1784264502.367925,1784264502.376838,decode,4,0,2608,0.0103,0,4,
1784264502.376838,1784264502.385929,decode,4,0,2608,0.0103,0,4,
1784264502.385929,1784264502.395050,decode,4,0,2608,0.0103,0,4,
1784264502.395050,1784264502.404353,decode,4,0,2608,0.0103,0,4,
1784264502.404353,1784264502.413085,decode,4,0,2608,0.0103,0,4,
1784264502.413085,1784264502.421894,decode,4,0,2608,0.0103,0,4,
1784264502.421894,1784264502.431103,decode,4,0,2608,0.0103,0,4,
1784264502.431103,1784264502.440422,decode,4,0,2608,0.0103,0,4,
1784264502.440422,1784264502.449054,decode,4,0,2608,0.0103,0,4,
1784264502.449054,1784264502.458324,decode,4,0,2608,0.0103,0,4,
1784264502.458324,1784264502.467431,decode,4,0,2608,0.0103,0,4,
1784264502.467431,1784264502.476660,decode,4,0,2608,0.0103,0,4,
1784264502.476660,1784264502.485734,decode,3,0,2464,0.0097,0,4,
1784264502.485734,1784264502.495183,decode,0,0,0,0.0000,0,3,
1784264502.495183,1784264502.495255,idle,0,0,0,0.0000,,,
