t_start,t_end,phase,n_running,n_waiting,kv_tokens_resident,kv_cache_pct,prefill_tokens,decode_tokens,dram_bytes
1784262846.011741,1784262846.011741,mixed,1,2,2048,0.0023,2048,1,
1784262846.011741,1784262846.035635,mixed,16,0,2304,0.0026,30720,16,
1784262846.035635,1784262846.049401,decode,16,0,2544,0.0028,0,16,
1784262846.049401,1784262846.056913,decode,16,0,2544,0.0028,0,16,
1784262846.056913,1784262846.064414,decode,16,0,2544,0.0028,0,16,
1784262846.064414,1784262846.071468,decode,16,0,2544,0.0028,0,16,
1784262846.071468,1784262846.078996,decode,16,0,2544,0.0028,0,16,
1784262846.078996,1784262846.085954,decode,16,0,2544,0.0028,0,16,
1784262846.085954,1784262846.093082,decode,16,0,2544,0.0028,0,16,
1784262846.093082,1784262846.100653,decode,16,0,2544,0.0028,0,16,
1784262846.100653,1784262846.107829,decode,16,0,2544,0.0028,0,16,
1784262846.107829,1784262846.115310,decode,16,0,2544,0.0028,0,16,
1784262846.115310,1784262846.121958,decode,16,0,2544,0.0028,0,16,
1784262846.121958,1784262846.129449,decode,16,0,2544,0.0028,0,16,
1784262846.129449,1784262846.136258,decode,16,0,2544,0.0028,0,16,
1784262846.136258,1784262846.143225,decode,16,0,2544,0.0028,0,16,
1784262846.143225,1784262846.150524,decode,16,0,2544,0.0028,0,16,
1784262846.150524,1784262846.157820,decode,16,0,2560,0.0028,0,16,
1784262846.157820,1784262846.164781,decode,16,0,2800,0.0031,0,16,
1784262846.164781,1784262846.171719,decode,16,0,2800,0.0031,0,16,
1784262846.171719,1784262846.179122,decode,16,0,2800,0.0031,0,16,
1784262846.179122,1784262846.186475,decode,16,0,2800,0.0031,0,16,
1784262846.186475,1784262846.192991,decode,16,0,2800,0.0031,0,16,
1784262846.192991,1784262846.200484,decode,16,0,2800,0.0031,0,16,
1784262846.200484,1784262846.207406,decode,16,0,2800,0.0031,0,16,
1784262846.207406,1784262846.214556,decode,16,0,2800,0.0031,0,16,
1784262846.214556,1784262846.221494,decode,16,0,2800,0.0031,0,16,
1784262846.221494,1784262846.228707,decode,16,0,2800,0.0031,0,16,
1784262846.228707,1784262846.235908,decode,16,0,2800,0.0031,0,16,
1784262846.235908,1784262846.242625,decode,16,0,2800,0.0031,0,16,
1784262846.242625,1784262846.250211,decode,16,0,2800,0.0031,0,16,
1784262846.250211,1784262846.257154,decode,16,0,2800,0.0031,0,16,
1784262846.257154,1784262846.263983,decode,16,0,2800,0.0031,0,16,
1784262846.263983,1784262846.271199,decode,16,0,2816,0.0031,0,16,
1784262846.271199,1784262846.278641,decode,16,0,3056,0.0034,0,16,
1784262846.278641,1784262846.285784,decode,16,0,3056,0.0034,0,16,
1784262846.285784,1784262846.292429,decode,16,0,3056,0.0034,0,16,
1784262846.292429,1784262846.299823,decode,16,0,3056,0.0034,0,16,
1784262846.299823,1784262846.306898,decode,16,0,3056,0.0034,0,16,
1784262846.306898,1784262846.313764,decode,16,0,3056,0.0034,0,16,
1784262846.313764,1784262846.321089,decode,16,0,3056,0.0034,0,16,
1784262846.321089,1784262846.328255,decode,16,0,3056,0.0034,0,16,
1784262846.328255,1784262846.335249,decode,16,0,3056,0.0034,0,16,
1784262846.335249,1784262846.342312,decode,16,0,3056,0.0034,0,16,
1784262846.342312,1784262846.349678,decode,16,0,3056,0.0034,0,16,
1784262846.349678,1784262846.356792,decode,16,0,3056,0.0034,0,16,
1784262846.356792,1784262846.364291,decode,16,0,3056,0.0034,0,16,
1784262846.364291,1784262846.371179,decode,16,0,3056,0.0034,0,16,
1784262846.371179,1784262846.378316,decode,16,0,3056,0.0034,0,16,
1784262846.378316,1784262846.385356,decode,16,0,3072,0.0034,0,16,
1784262846.385356,1784262846.392512,decode,16,0,3312,0.0037,0,16,
1784262846.392512,1784262846.399565,decode,16,0,3312,0.0037,0,16,
1784262846.399565,1784262846.406435,decode,16,0,3312,0.0037,0,16,
1784262846.406435,1784262846.413657,decode,16,0,3312,0.0037,0,16,
1784262846.413657,1784262846.421024,decode,16,0,3312,0.0037,0,16,
1784262846.421024,1784262846.427747,decode,16,0,3312,0.0037,0,16,
1784262846.427747,1784262846.434813,decode,16,0,3312,0.0037,0,16,
1784262846.434813,1784262846.442060,decode,16,0,3312,0.0037,0,16,
1784262846.442060,1784262846.449146,decode,16,0,3312,0.0037,0,16,
1784262846.449146,1784262846.456160,decode,16,0,3312,0.0037,0,16,
1784262846.456160,1784262846.463432,decode,16,0,3312,0.0037,0,16,
1784262846.463432,1784262846.470354,decode,16,0,3312,0.0037,0,16,
1784262846.470354,1784262846.477253,decode,16,0,3312,0.0037,0,16,
1784262846.477253,1784262846.484492,decode,16,0,3312,0.0037,0,16,
1784262846.484492,1784262846.491661,decode,16,0,3312,0.0037,0,16,
1784262846.491661,1784262846.498723,decode,16,0,3328,0.0037,0,16,
1784262846.498723,1784262846.505723,decode,16,0,3568,0.0040,0,16,
1784262846.505723,1784262846.513136,decode,16,0,3568,0.0040,0,16,
1784262846.513136,1784262846.520117,decode,16,0,3568,0.0040,0,16,
1784262846.520117,1784262846.526978,decode,16,0,3568,0.0040,0,16,
1784262846.526978,1784262846.534134,decode,16,0,3568,0.0040,0,16,
1784262846.534134,1784262846.541292,decode,16,0,3568,0.0040,0,16,
1784262846.541292,1784262846.548217,decode,16,0,3568,0.0040,0,16,
1784262846.548217,1784262846.555295,decode,16,0,3568,0.0040,0,16,
1784262846.555295,1784262846.562530,decode,16,0,3568,0.0040,0,16,
1784262846.562530,1784262846.569579,decode,16,0,3568,0.0040,0,16,
1784262846.569579,1784262846.576511,decode,16,0,3568,0.0040,0,16,
1784262846.576511,1784262846.583543,decode,16,0,3568,0.0040,0,16,
1784262846.583543,1784262846.590539,decode,16,0,3568,0.0040,0,16,
1784262846.590539,1784262846.597594,decode,16,0,3568,0.0040,0,16,
1784262846.597594,1784262846.604732,decode,16,0,3568,0.0040,0,16,
1784262846.604732,1784262846.611843,decode,16,0,3584,0.0040,0,16,
1784262846.611843,1784262846.618915,decode,16,0,3824,0.0042,0,16,
1784262846.618915,1784262846.625989,decode,16,0,3824,0.0042,0,16,
1784262846.625989,1784262846.633147,decode,16,0,3824,0.0042,0,16,
1784262846.633147,1784262846.640321,decode,16,0,3824,0.0042,0,16,
1784262846.640321,1784262846.647181,decode,16,0,3824,0.0042,0,16,
1784262846.647181,1784262846.654582,decode,16,0,3824,0.0042,0,16,
1784262846.654582,1784262846.661934,decode,16,0,3824,0.0042,0,16,
1784262846.661934,1784262846.669111,decode,16,0,3824,0.0042,0,16,
1784262846.669111,1784262846.676392,decode,16,0,3824,0.0042,0,16,
1784262846.676392,1784262846.683944,decode,16,0,3824,0.0042,0,16,
1784262846.683944,1784262846.691404,decode,16,0,3824,0.0042,0,16,
1784262846.691404,1784262846.698694,decode,16,0,3824,0.0042,0,16,
1784262846.698694,1784262846.705617,decode,16,0,3824,0.0042,0,16,
1784262846.705617,1784262846.712744,decode,16,0,3824,0.0042,0,16,
1784262846.712744,1784262846.719903,decode,16,0,3824,0.0042,0,16,
1784262846.719903,1784262846.727088,decode,16,0,3840,0.0043,0,16,
1784262846.727088,1784262846.734126,decode,16,0,4080,0.0045,0,16,
1784262846.734126,1784262846.741322,decode,16,0,4080,0.0045,0,16,
1784262846.741322,1784262846.748732,decode,16,0,4080,0.0045,0,16,
1784262846.748732,1784262846.755640,decode,16,0,4080,0.0045,0,16,
1784262846.755640,1784262846.762713,decode,16,0,4080,0.0045,0,16,
1784262846.762713,1784262846.769703,decode,16,0,4080,0.0045,0,16,
1784262846.769703,1784262846.776886,decode,16,0,4080,0.0045,0,16,
1784262846.776886,1784262846.784055,decode,16,0,4080,0.0045,0,16,
1784262846.784055,1784262846.791079,decode,16,0,4080,0.0045,0,16,
1784262846.791079,1784262846.798288,decode,16,0,4080,0.0045,0,16,
1784262846.798288,1784262846.805288,decode,16,0,4080,0.0045,0,16,
1784262846.805288,1784262846.812260,decode,16,0,4080,0.0045,0,16,
1784262846.812260,1784262846.819304,decode,16,0,4080,0.0045,0,16,
1784262846.819304,1784262846.826411,decode,16,0,4080,0.0045,0,16,
1784262846.826411,1784262846.833510,decode,16,0,4080,0.0045,0,16,
1784262846.833510,1784262846.840703,decode,16,0,4096,0.0045,0,16,
1784262846.840703,1784262846.847761,decode,16,0,4336,0.0048,0,16,
1784262846.847761,1784262846.854757,decode,16,0,4336,0.0048,0,16,
1784262846.854757,1784262846.861804,decode,16,0,4336,0.0048,0,16,
1784262846.861804,1784262846.868913,decode,16,0,4336,0.0048,0,16,
1784262846.868913,1784262846.875985,decode,16,0,4336,0.0048,0,16,
1784262846.875985,1784262846.883157,decode,16,0,4336,0.0048,0,16,
1784262846.883157,1784262846.890182,decode,16,0,4336,0.0048,0,16,
1784262846.890182,1784262846.897744,decode,16,0,4336,0.0048,0,16,
1784262846.897744,1784262846.904746,decode,16,0,4336,0.0048,0,16,
1784262846.904746,1784262846.912183,decode,16,0,4336,0.0048,0,16,
1784262846.912183,1784262846.919411,decode,16,0,4336,0.0048,0,16,
1784262846.919411,1784262846.926525,decode,16,0,4336,0.0048,0,16,
1784262846.926525,1784262846.933832,decode,16,0,4336,0.0048,0,16,
1784262846.933832,1784262846.940894,decode,15,0,4192,0.0046,0,16,
1784262846.940894,1784262846.951991,decode,0,0,0,0.0000,0,15,
1784262846.951991,1784262846.952431,idle,0,0,0,0.0000,,,
1784262846.952431,1784262846.976713,mixed,6,0,2128,0.0024,12288,6,
1784262846.976713,1784262846.993257,mixed,16,0,2384,0.0026,20480,16,
1784262846.993257,1784262847.000594,decode,16,0,2544,0.0028,0,16,
1784262847.000594,1784262847.007525,decode,16,0,2544,0.0028,0,16,
1784262847.007525,1784262847.014987,decode,16,0,2544,0.0028,0,16,
1784262847.014987,1784262847.021708,decode,16,0,2544,0.0028,0,16,
1784262847.021708,1784262847.028808,decode,16,0,2544,0.0028,0,16,
1784262847.028808,1784262847.036171,decode,16,0,2544,0.0028,0,16,
1784262847.036171,1784262847.043023,decode,16,0,2544,0.0028,0,16,
1784262847.043023,1784262847.049952,decode,16,0,2544,0.0028,0,16,
1784262847.049952,1784262847.057391,decode,16,0,2544,0.0028,0,16,
1784262847.057391,1784262847.064282,decode,16,0,2544,0.0028,0,16,
1784262847.064282,1784262847.071550,decode,16,0,2544,0.0028,0,16,
1784262847.071550,1784262847.078340,decode,16,0,2544,0.0028,0,16,
1784262847.078340,1784262847.085774,decode,16,0,2544,0.0028,0,16,
1784262847.085774,1784262847.092526,decode,16,0,2544,0.0028,0,16,
1784262847.092526,1784262847.099620,decode,16,0,2544,0.0028,0,16,
1784262847.099620,1784262847.106828,decode,16,0,2640,0.0029,0,16,
1784262847.106828,1784262847.114157,decode,16,0,2800,0.0031,0,16,
1784262847.114157,1784262847.120971,decode,16,0,2800,0.0031,0,16,
1784262847.120971,1784262847.127858,decode,16,0,2800,0.0031,0,16,
1784262847.127858,1784262847.134909,decode,16,0,2800,0.0031,0,16,
1784262847.134909,1784262847.142077,decode,16,0,2800,0.0031,0,16,
1784262847.142077,1784262847.148987,decode,16,0,2800,0.0031,0,16,
1784262847.148987,1784262847.156444,decode,16,0,2800,0.0031,0,16,
1784262847.156444,1784262847.163191,decode,16,0,2800,0.0031,0,16,
1784262847.163191,1784262847.170192,decode,16,0,2800,0.0031,0,16,
1784262847.170192,1784262847.177374,decode,16,0,2800,0.0031,0,16,
1784262847.177374,1784262847.184477,decode,16,0,2800,0.0031,0,16,
1784262847.184477,1784262847.191693,decode,16,0,2800,0.0031,0,16,
1784262847.191693,1784262847.198411,decode,16,0,2800,0.0031,0,16,
1784262847.198411,1784262847.205664,decode,16,0,2800,0.0031,0,16,
1784262847.205664,1784262847.212754,decode,16,0,2800,0.0031,0,16,
1784262847.212754,1784262847.219548,decode,16,0,2896,0.0032,0,16,
1784262847.219548,1784262847.226855,decode,16,0,3056,0.0034,0,16,
1784262847.226855,1784262847.234361,decode,16,0,3056,0.0034,0,16,
1784262847.234361,1784262847.241171,decode,16,0,3056,0.0034,0,16,
1784262847.241171,1784262847.248601,decode,16,0,3056,0.0034,0,16,
1784262847.248601,1784262847.255597,decode,16,0,3056,0.0034,0,16,
1784262847.255597,1784262847.262416,decode,16,0,3056,0.0034,0,16,
1784262847.262416,1784262847.269575,decode,16,0,3056,0.0034,0,16,
1784262847.269575,1784262847.276767,decode,16,0,3056,0.0034,0,16,
1784262847.276767,1784262847.283658,decode,16,0,3056,0.0034,0,16,
1784262847.283658,1784262847.290810,decode,16,0,3056,0.0034,0,16,
1784262847.290810,1784262847.297999,decode,16,0,3056,0.0034,0,16,
1784262847.297999,1784262847.305094,decode,16,0,3056,0.0034,0,16,
1784262847.305094,1784262847.312027,decode,16,0,3056,0.0034,0,16,
1784262847.312027,1784262847.319486,decode,16,0,3056,0.0034,0,16,
1784262847.319486,1784262847.326348,decode,16,0,3056,0.0034,0,16,
1784262847.326348,1784262847.333297,decode,16,0,3152,0.0035,0,16,
1784262847.333297,1784262847.341171,decode,16,0,3312,0.0037,0,16,
1784262847.341171,1784262847.348011,decode,16,0,3312,0.0037,0,16,
1784262847.348011,1784262847.354975,decode,16,0,3312,0.0037,0,16,
1784262847.354975,1784262847.362067,decode,16,0,3312,0.0037,0,16,
1784262847.362067,1784262847.369403,decode,16,0,3312,0.0037,0,16,
1784262847.369403,1784262847.376243,decode,16,0,3312,0.0037,0,16,
1784262847.376243,1784262847.383227,decode,16,0,3312,0.0037,0,16,
1784262847.383227,1784262847.390578,decode,16,0,3312,0.0037,0,16,
1784262847.390578,1784262847.397823,decode,16,0,3312,0.0037,0,16,
1784262847.397823,1784262847.404923,decode,16,0,3312,0.0037,0,16,
1784262847.404923,1784262847.411659,decode,16,0,3312,0.0037,0,16,
1784262847.411659,1784262847.419083,decode,16,0,3312,0.0037,0,16,
1784262847.419083,1784262847.425945,decode,16,0,3312,0.0037,0,16,
1784262847.425945,1784262847.432799,decode,16,0,3312,0.0037,0,16,
1784262847.432799,1784262847.440264,decode,16,0,3312,0.0037,0,16,
1784262847.440264,1784262847.447599,decode,16,0,3408,0.0038,0,16,
1784262847.447599,1784262847.454416,decode,16,0,3568,0.0040,0,16,
1784262847.454416,1784262847.461587,decode,16,0,3568,0.0040,0,16,
1784262847.461587,1784262847.468435,decode,16,0,3568,0.0040,0,16,
1784262847.468435,1784262847.475508,decode,16,0,3568,0.0040,0,16,
1784262847.475508,1784262847.482572,decode,16,0,3568,0.0040,0,16,
1784262847.482572,1784262847.489915,decode,16,0,3568,0.0040,0,16,
1784262847.489915,1784262847.497092,decode,16,0,3568,0.0040,0,16,
1784262847.497092,1784262847.503648,decode,16,0,3568,0.0040,0,16,
1784262847.503648,1784262847.511286,decode,16,0,3568,0.0040,0,16,
1784262847.511286,1784262847.518026,decode,16,0,3568,0.0040,0,16,
1784262847.518026,1784262847.525187,decode,16,0,3568,0.0040,0,16,
1784262847.525187,1784262847.532346,decode,16,0,3568,0.0040,0,16,
1784262847.532346,1784262847.539604,decode,16,0,3568,0.0040,0,16,
1784262847.539604,1784262847.546761,decode,16,0,3568,0.0040,0,16,
1784262847.546761,1784262847.553646,decode,16,0,3568,0.0040,0,16,
1784262847.553646,1784262847.560957,decode,16,0,3664,0.0041,0,16,
1784262847.560957,1784262847.568461,decode,16,0,3824,0.0042,0,16,
1784262847.568461,1784262847.575577,decode,16,0,3824,0.0042,0,16,
1784262847.575577,1784262847.582215,decode,16,0,3824,0.0042,0,16,
1784262847.582215,1784262847.589319,decode,16,0,3824,0.0042,0,16,
1784262847.589319,1784262847.596405,decode,16,0,3824,0.0042,0,16,
1784262847.596405,1784262847.603363,decode,16,0,3824,0.0042,0,16,
1784262847.603363,1784262847.610564,decode,16,0,3824,0.0042,0,16,
1784262847.610564,1784262847.618078,decode,16,0,3824,0.0042,0,16,
1784262847.618078,1784262847.625167,decode,16,0,3824,0.0042,0,16,
1784262847.625167,1784262847.631720,decode,16,0,3824,0.0042,0,16,
1784262847.631720,1784262847.639266,decode,16,0,3824,0.0042,0,16,
1784262847.639266,1784262847.646175,decode,16,0,3824,0.0042,0,16,
1784262847.646175,1784262847.653146,decode,16,0,3824,0.0042,0,16,
1784262847.653146,1784262847.660419,decode,16,0,3824,0.0042,0,16,
1784262847.660419,1784262847.667732,decode,16,0,3824,0.0042,0,16,
1784262847.667732,1784262847.674314,decode,16,0,3920,0.0043,0,16,
1784262847.674314,1784262847.681872,decode,16,0,4080,0.0045,0,16,
1784262847.681872,1784262847.688645,decode,16,0,4080,0.0045,0,16,
1784262847.688645,1784262847.696099,decode,16,0,4080,0.0045,0,16,
1784262847.696099,1784262847.702865,decode,16,0,4080,0.0045,0,16,
1784262847.702865,1784262847.709898,decode,16,0,4080,0.0045,0,16,
1784262847.709898,1784262847.717079,decode,16,0,4080,0.0045,0,16,
1784262847.717079,1784262847.724051,decode,16,0,4080,0.0045,0,16,
1784262847.724051,1784262847.731005,decode,16,0,4080,0.0045,0,16,
1784262847.731005,1784262847.738272,decode,16,0,4080,0.0045,0,16,
1784262847.738272,1784262847.745337,decode,16,0,4080,0.0045,0,16,
1784262847.745337,1784262847.752413,decode,16,0,4080,0.0045,0,16,
1784262847.752413,1784262847.759376,decode,16,0,4080,0.0045,0,16,
1784262847.759376,1784262847.766499,decode,16,0,4080,0.0045,0,16,
1784262847.766499,1784262847.773654,decode,16,0,4080,0.0045,0,16,
1784262847.773654,1784262847.780811,decode,16,0,4080,0.0045,0,16,
1784262847.780811,1784262847.787924,decode,16,0,4176,0.0046,0,16,
1784262847.787924,1784262847.794977,decode,16,0,4336,0.0048,0,16,
1784262847.794977,1784262847.802089,decode,16,0,4336,0.0048,0,16,
1784262847.802089,1784262847.809130,decode,16,0,4336,0.0048,0,16,
1784262847.809130,1784262847.816357,decode,16,0,4336,0.0048,0,16,
1784262847.816357,1784262847.823410,decode,16,0,4336,0.0048,0,16,
1784262847.823410,1784262847.830513,decode,16,0,4336,0.0048,0,16,
1784262847.830513,1784262847.837697,decode,16,0,4336,0.0048,0,16,
1784262847.837697,1784262847.844704,decode,16,0,4336,0.0048,0,16,
1784262847.844704,1784262847.851814,decode,16,0,4336,0.0048,0,16,
1784262847.851814,1784262847.858894,decode,16,0,4336,0.0048,0,16,
1784262847.858894,1784262847.866017,decode,16,0,4336,0.0048,0,16,
1784262847.866017,1784262847.873136,decode,16,0,4336,0.0048,0,16,
1784262847.873136,1784262847.880189,decode,16,0,4336,0.0048,0,16,
1784262847.880189,1784262847.887450,decode,10,0,3472,0.0038,0,16,
1784262847.887450,1784262847.900286,decode,0,0,0,0.0000,0,10,
1784262847.900286,1784262847.911750,mixed,6,0,2128,0.0024,12288,6,
1784262847.911750,1784262847.920649,mixed,16,0,2384,0.0026,20480,16,
1784262847.920649,1784262847.927788,decode,16,0,2544,0.0028,0,16,
1784262847.927788,1784262847.934846,decode,16,0,2544,0.0028,0,16,
1784262847.934846,1784262847.941913,decode,16,0,2544,0.0028,0,16,
1784262847.941913,1784262847.949020,decode,16,0,2544,0.0028,0,16,
1784262847.949020,1784262847.956044,decode,16,0,2544,0.0028,0,16,
1784262847.956044,1784262847.963088,decode,16,0,2544,0.0028,0,16,
1784262847.963088,1784262847.970154,decode,16,0,2544,0.0028,0,16,
1784262847.970154,1784262847.977219,decode,16,0,2544,0.0028,0,16,
1784262847.977219,1784262847.984273,decode,16,0,2544,0.0028,0,16,
1784262847.984273,1784262847.991340,decode,16,0,2544,0.0028,0,16,
1784262847.991340,1784262847.998577,decode,16,0,2544,0.0028,0,16,
1784262847.998577,1784262848.005593,decode,16,0,2544,0.0028,0,16,
1784262848.005593,1784262848.012707,decode,16,0,2544,0.0028,0,16,
1784262848.012707,1784262848.019877,decode,16,0,2544,0.0028,0,16,
1784262848.019877,1784262848.027046,decode,16,0,2544,0.0028,0,16,
1784262848.027046,1784262848.034296,decode,16,0,2640,0.0029,0,16,
1784262848.034296,1784262848.041100,decode,16,0,2800,0.0031,0,16,
1784262848.041100,1784262848.048283,decode,16,0,2800,0.0031,0,16,
1784262848.048283,1784262848.055534,decode,16,0,2800,0.0031,0,16,
1784262848.055534,1784262848.062435,decode,16,0,2800,0.0031,0,16,
1784262848.062435,1784262848.069460,decode,16,0,2800,0.0031,0,16,
1784262848.069460,1784262848.076575,decode,16,0,2800,0.0031,0,16,
1784262848.076575,1784262848.083624,decode,16,0,2800,0.0031,0,16,
1784262848.083624,1784262848.090809,decode,16,0,2800,0.0031,0,16,
1784262848.090809,1784262848.097901,decode,16,0,2800,0.0031,0,16,
1784262848.097901,1784262848.104963,decode,16,0,2800,0.0031,0,16,
1784262848.104963,1784262848.112016,decode,16,0,2800,0.0031,0,16,
1784262848.112016,1784262848.119099,decode,16,0,2800,0.0031,0,16,
1784262848.119099,1784262848.126321,decode,16,0,2800,0.0031,0,16,
1784262848.126321,1784262848.133335,decode,16,0,2800,0.0031,0,16,
1784262848.133335,1784262848.140327,decode,16,0,2800,0.0031,0,16,
1784262848.140327,1784262848.147588,decode,16,0,2896,0.0032,0,16,
1784262848.147588,1784262848.154793,decode,16,0,3056,0.0034,0,16,
1784262848.154793,1784262848.161880,decode,16,0,3056,0.0034,0,16,
1784262848.161880,1784262848.168926,decode,16,0,3056,0.0034,0,16,
1784262848.168926,1784262848.176077,decode,16,0,3056,0.0034,0,16,
1784262848.176077,1784262848.183355,decode,16,0,3056,0.0034,0,16,
1784262848.183355,1784262848.190734,decode,16,0,3056,0.0034,0,16,
1784262848.190734,1784262848.197572,decode,16,0,3056,0.0034,0,16,
1784262848.197572,1784262848.204610,decode,16,0,3056,0.0034,0,16,
1784262848.204610,1784262848.211545,decode,16,0,3056,0.0034,0,16,
1784262848.211545,1784262848.218691,decode,16,0,3056,0.0034,0,16,
1784262848.218691,1784262848.226323,decode,16,0,3056,0.0034,0,16,
1784262848.226323,1784262848.233264,decode,16,0,3056,0.0034,0,16,
1784262848.233264,1784262848.240300,decode,16,0,3056,0.0034,0,16,
1784262848.240300,1784262848.247537,decode,16,0,3056,0.0034,0,16,
1784262848.247537,1784262848.254524,decode,16,0,3056,0.0034,0,16,
1784262848.254524,1784262848.261703,decode,16,0,3152,0.0035,0,16,
1784262848.261703,1784262848.268908,decode,16,0,3312,0.0037,0,16,
1784262848.268908,1784262848.276069,decode,16,0,3312,0.0037,0,16,
1784262848.276069,1784262848.283209,decode,16,0,3312,0.0037,0,16,
1784262848.283209,1784262848.290355,decode,16,0,3312,0.0037,0,16,
1784262848.290355,1784262848.297544,decode,16,0,3312,0.0037,0,16,
1784262848.297544,1784262848.304578,decode,16,0,3312,0.0037,0,16,
1784262848.304578,1784262848.311638,decode,16,0,3312,0.0037,0,16,
1784262848.311638,1784262848.318880,decode,16,0,3312,0.0037,0,16,
1784262848.318880,1784262848.326382,decode,16,0,3312,0.0037,0,16,
1784262848.326382,1784262848.333289,decode,16,0,3312,0.0037,0,16,
1784262848.333289,1784262848.340185,decode,16,0,3312,0.0037,0,16,
1784262848.340185,1784262848.347777,decode,16,0,3312,0.0037,0,16,
1784262848.347777,1784262848.354366,decode,16,0,3312,0.0037,0,16,
1784262848.354366,1784262848.361521,decode,16,0,3312,0.0037,0,16,
1784262848.361521,1784262848.368646,decode,16,0,3312,0.0037,0,16,
1784262848.368646,1784262848.375813,decode,16,0,3408,0.0038,0,16,
1784262848.375813,1784262848.382865,decode,16,0,3568,0.0040,0,16,
1784262848.382865,1784262848.390004,decode,16,0,3568,0.0040,0,16,
1784262848.390004,1784262848.397194,decode,16,0,3568,0.0040,0,16,
1784262848.397194,1784262848.404299,decode,16,0,3568,0.0040,0,16,
1784262848.404299,1784262848.411397,decode,16,0,3568,0.0040,0,16,
1784262848.411397,1784262848.418472,decode,16,0,3568,0.0040,0,16,
1784262848.418472,1784262848.425669,decode,16,0,3568,0.0040,0,16,
1784262848.425669,1784262848.432743,decode,16,0,3568,0.0040,0,16,
1784262848.432743,1784262848.439788,decode,16,0,3568,0.0040,0,16,
1784262848.439788,1784262848.446818,decode,16,0,3568,0.0040,0,16,
1784262848.446818,1784262848.453954,decode,16,0,3568,0.0040,0,16,
1784262848.453954,1784262848.461041,decode,16,0,3568,0.0040,0,16,
1784262848.461041,1784262848.468156,decode,16,0,3568,0.0040,0,16,
1784262848.468156,1784262848.475260,decode,16,0,3568,0.0040,0,16,
1784262848.475260,1784262848.482378,decode,16,0,3568,0.0040,0,16,
1784262848.482378,1784262848.489474,decode,16,0,3664,0.0041,0,16,
1784262848.489474,1784262848.496610,decode,16,0,3824,0.0042,0,16,
1784262848.496610,1784262848.503645,decode,16,0,3824,0.0042,0,16,
1784262848.503645,1784262848.510774,decode,16,0,3824,0.0042,0,16,
1784262848.510774,1784262848.517795,decode,16,0,3824,0.0042,0,16,
1784262848.517795,1784262848.525191,decode,16,0,3824,0.0042,0,16,
1784262848.525191,1784262848.531941,decode,16,0,3824,0.0042,0,16,
1784262848.531941,1784262848.538973,decode,16,0,3824,0.0042,0,16,
1784262848.538973,1784262848.546049,decode,16,0,3824,0.0042,0,16,
1784262848.546049,1784262848.553203,decode,16,0,3824,0.0042,0,16,
1784262848.553203,1784262848.560323,decode,16,0,3824,0.0042,0,16,
1784262848.560323,1784262848.567384,decode,16,0,3824,0.0042,0,16,
1784262848.567384,1784262848.574571,decode,16,0,3824,0.0042,0,16,
1784262848.574571,1784262848.581758,decode,16,0,3824,0.0042,0,16,
1784262848.581758,1784262848.588874,decode,16,0,3824,0.0042,0,16,
1784262848.588874,1784262848.596032,decode,16,0,3824,0.0042,0,16,
1784262848.596032,1784262848.603169,decode,16,0,3920,0.0043,0,16,
1784262848.603169,1784262848.610278,decode,16,0,4080,0.0045,0,16,
1784262848.610278,1784262848.617402,decode,16,0,4080,0.0045,0,16,
1784262848.617402,1784262848.624639,decode,16,0,4080,0.0045,0,16,
1784262848.624639,1784262848.631550,decode,16,0,4080,0.0045,0,16,
1784262848.631550,1784262848.638812,decode,16,0,4080,0.0045,0,16,
1784262848.638812,1784262848.645970,decode,16,0,4080,0.0045,0,16,
1784262848.645970,1784262848.652895,decode,16,0,4080,0.0045,0,16,
1784262848.652895,1784262848.659981,decode,16,0,4080,0.0045,0,16,
1784262848.659981,1784262848.666965,decode,16,0,4080,0.0045,0,16,
1784262848.666965,1784262848.674012,decode,16,0,4080,0.0045,0,16,
1784262848.674012,1784262848.681315,decode,16,0,4080,0.0045,0,16,
1784262848.681315,1784262848.688337,decode,16,0,4080,0.0045,0,16,
1784262848.688337,1784262848.695500,decode,16,0,4080,0.0045,0,16,
1784262848.695500,1784262848.702647,decode,16,0,4080,0.0045,0,16,
1784262848.702647,1784262848.709749,decode,16,0,4080,0.0045,0,16,
1784262848.709749,1784262848.716984,decode,16,0,4176,0.0046,0,16,
1784262848.716984,1784262848.724545,decode,16,0,4336,0.0048,0,16,
1784262848.724545,1784262848.731375,decode,16,0,4336,0.0048,0,16,
1784262848.731375,1784262848.738411,decode,16,0,4336,0.0048,0,16,
1784262848.738411,1784262848.747536,decode,16,0,4336,0.0048,0,16,
1784262848.747536,1784262848.754725,decode,16,0,4336,0.0048,0,16,
1784262848.754725,1784262848.761853,decode,16,0,4336,0.0048,0,16,
1784262848.761853,1784262848.769055,decode,16,0,4336,0.0048,0,16,
1784262848.769055,1784262848.776215,decode,16,0,4336,0.0048,0,16,
1784262848.776215,1784262848.783337,decode,16,0,4336,0.0048,0,16,
1784262848.783337,1784262848.790539,decode,16,0,4336,0.0048,0,16,
1784262848.790539,1784262848.797576,decode,16,0,4336,0.0048,0,16,
1784262848.797576,1784262848.804769,decode,16,0,4336,0.0048,0,16,
1784262848.804769,1784262848.811835,decode,16,0,4336,0.0048,0,16,
1784262848.811835,1784262848.819422,decode,10,0,3472,0.0038,0,16,
1784262848.819422,1784262848.829545,decode,0,0,0,0.0000,0,10,
1784262848.829545,1784262848.841745,mixed,6,0,2128,0.0024,12288,6,
1784262848.841745,1784262848.850670,mixed,16,0,2384,0.0026,20480,16,
1784262848.850670,1784262848.857870,decode,16,0,2544,0.0028,0,16,
1784262848.857870,1784262848.864813,decode,16,0,2544,0.0028,0,16,
1784262848.864813,1784262848.871930,decode,16,0,2544,0.0028,0,16,
1784262848.871930,1784262848.879090,decode,16,0,2544,0.0028,0,16,
1784262848.879090,1784262848.886226,decode,16,0,2544,0.0028,0,16,
1784262848.886226,1784262848.893166,decode,16,0,2544,0.0028,0,16,
1784262848.893166,1784262848.900519,decode,16,0,2544,0.0028,0,16,
1784262848.900519,1784262848.907546,decode,16,0,2544,0.0028,0,16,
1784262848.907546,1784262848.914540,decode,16,0,2544,0.0028,0,16,
1784262848.914540,1784262848.921737,decode,16,0,2544,0.0028,0,16,
1784262848.921737,1784262848.928667,decode,16,0,2544,0.0028,0,16,
1784262848.928667,1784262848.935592,decode,16,0,2544,0.0028,0,16,
1784262848.935592,1784262848.942817,decode,16,0,2544,0.0028,0,16,
1784262848.942817,1784262848.949986,decode,16,0,2544,0.0028,0,16,
1784262848.949986,1784262848.957392,decode,16,0,2544,0.0028,0,16,
1784262848.957392,1784262848.964320,decode,16,0,2640,0.0029,0,16,
1784262848.964320,1784262848.971673,decode,16,0,2800,0.0031,0,16,
1784262848.971673,1784262848.978712,decode,16,0,2800,0.0031,0,16,
1784262848.978712,1784262848.985705,decode,16,0,2800,0.0031,0,16,
1784262848.985705,1784262848.993096,decode,16,0,2800,0.0031,0,16,
1784262848.993096,1784262849.000150,decode,16,0,2800,0.0031,0,16,
1784262849.000150,1784262849.007082,decode,16,0,2800,0.0031,0,16,
1784262849.007082,1784262849.014156,decode,16,0,2800,0.0031,0,16,
1784262849.014156,1784262849.021596,decode,16,0,2800,0.0031,0,16,
1784262849.021596,1784262849.028451,decode,16,0,2800,0.0031,0,16,
1784262849.028451,1784262849.035462,decode,16,0,2800,0.0031,0,16,
1784262849.035462,1784262849.042432,decode,16,0,2800,0.0031,0,16,
1784262849.042432,1784262849.049738,decode,16,0,2800,0.0031,0,16,
1784262849.049738,1784262849.056593,decode,16,0,2800,0.0031,0,16,
1784262849.056593,1784262849.063852,decode,16,0,2800,0.0031,0,16,
1784262849.063852,1784262849.071165,decode,16,0,2800,0.0031,0,16,
1784262849.071165,1784262849.078049,decode,16,0,2896,0.0032,0,16,
1784262849.078049,1784262849.085126,decode,16,0,3056,0.0034,0,16,
1784262849.085126,1784262849.092362,decode,16,0,3056,0.0034,0,16,
1784262849.092362,1784262849.099491,decode,16,0,3056,0.0034,0,16,
1784262849.099491,1784262849.106359,decode,16,0,3056,0.0034,0,16,
1784262849.106359,1784262849.113435,decode,16,0,3056,0.0034,0,16,
1784262849.113435,1784262849.120497,decode,16,0,3056,0.0034,0,16,
1784262849.120497,1784262849.127575,decode,16,0,3056,0.0034,0,16,
1784262849.127575,1784262849.134655,decode,16,0,3056,0.0034,0,16,
1784262849.134655,1784262849.141804,decode,16,0,3056,0.0034,0,16,
1784262849.141804,1784262849.148966,decode,16,0,3056,0.0034,0,16,
1784262849.148966,1784262849.155891,decode,16,0,3056,0.0034,0,16,
1784262849.155891,1784262849.163055,decode,16,0,3056,0.0034,0,16,
1784262849.163055,1784262849.170245,decode,16,0,3056,0.0034,0,16,
1784262849.170245,1784262849.177216,decode,16,0,3056,0.0034,0,16,
1784262849.177216,1784262849.184946,decode,16,0,3056,0.0034,0,16,
1784262849.184946,1784262849.191807,decode,16,0,3152,0.0035,0,16,
1784262849.191807,1784262849.199223,decode,16,0,3312,0.0037,0,16,
1784262849.199223,1784262849.206239,decode,16,0,3312,0.0037,0,16,
1784262849.206239,1784262849.213110,decode,16,0,3312,0.0037,0,16,
1784262849.213110,1784262849.220252,decode,16,0,3312,0.0037,0,16,
1784262849.220252,1784262849.227359,decode,16,0,3312,0.0037,0,16,
1784262849.227359,1784262849.234532,decode,16,0,3312,0.0037,0,16,
1784262849.234532,1784262849.241861,decode,16,0,3312,0.0037,0,16,
1784262849.241861,1784262849.248856,decode,16,0,3312,0.0037,0,16,
1784262849.248856,1784262849.255927,decode,16,0,3312,0.0037,0,16,
1784262849.255927,1784262849.262995,decode,16,0,3312,0.0037,0,16,
1784262849.262995,1784262849.270293,decode,16,0,3312,0.0037,0,16,
1784262849.270293,1784262849.277235,decode,16,0,3312,0.0037,0,16,
1784262849.277235,1784262849.284745,decode,16,0,3312,0.0037,0,16,
1784262849.284745,1784262849.291672,decode,16,0,3312,0.0037,0,16,
1784262849.291672,1784262849.299002,decode,16,0,3312,0.0037,0,16,
1784262849.299002,1784262849.306312,decode,16,0,3408,0.0038,0,16,
1784262849.306312,1784262849.313632,decode,16,0,3568,0.0040,0,16,
1784262849.313632,1784262849.320625,decode,16,0,3568,0.0040,0,16,
1784262849.320625,1784262849.327993,decode,16,0,3568,0.0040,0,16,
1784262849.327993,1784262849.335353,decode,16,0,3568,0.0040,0,16,
1784262849.335353,1784262849.342742,decode,16,0,3568,0.0040,0,16,
1784262849.342742,1784262849.349767,decode,16,0,3568,0.0040,0,16,
1784262849.349767,1784262849.356739,decode,16,0,3568,0.0040,0,16,
1784262849.356739,1784262849.363992,decode,16,0,3568,0.0040,0,16,
1784262849.363992,1784262849.370998,decode,16,0,3568,0.0040,0,16,
1784262849.370998,1784262849.378347,decode,16,0,3568,0.0040,0,16,
1784262849.378347,1784262849.385316,decode,16,0,3568,0.0040,0,16,
1784262849.385316,1784262849.393034,decode,16,0,3568,0.0040,0,16,
1784262849.393034,1784262849.400278,decode,16,0,3568,0.0040,0,16,
1784262849.400278,1784262849.407014,decode,16,0,3568,0.0040,0,16,
1784262849.407014,1784262849.414545,decode,16,0,3568,0.0040,0,16,
1784262849.414545,1784262849.421394,decode,16,0,3664,0.0041,0,16,
1784262849.421394,1784262849.428510,decode,16,0,3824,0.0042,0,16,
1784262849.428510,1784262849.435659,decode,16,0,3824,0.0042,0,16,
1784262849.435659,1784262849.442929,decode,16,0,3824,0.0042,0,16,
1784262849.442929,1784262849.450244,decode,16,0,3824,0.0042,0,16,
1784262849.450244,1784262849.457244,decode,16,0,3824,0.0042,0,16,
1784262849.457244,1784262849.464391,decode,16,0,3824,0.0042,0,16,
1784262849.464391,1784262849.471766,decode,16,0,3824,0.0042,0,16,
1784262849.471766,1784262849.478694,decode,16,0,3824,0.0042,0,16,
1784262849.478694,1784262849.485813,decode,16,0,3824,0.0042,0,16,
1784262849.485813,1784262849.492753,decode,16,0,3824,0.0042,0,16,
1784262849.492753,1784262849.499975,decode,16,0,3824,0.0042,0,16,
1784262849.499975,1784262849.507292,decode,16,0,3824,0.0042,0,16,
1784262849.507292,1784262849.514478,decode,16,0,3824,0.0042,0,16,
1784262849.514478,1784262849.521477,decode,16,0,3824,0.0042,0,16,
1784262849.521477,1784262849.528865,decode,16,0,3824,0.0042,0,16,
1784262849.528865,1784262849.536011,decode,16,0,3920,0.0043,0,16,
1784262849.536011,1784262849.543098,decode,16,0,4080,0.0045,0,16,
1784262849.543098,1784262849.550123,decode,16,0,4080,0.0045,0,16,
1784262849.550123,1784262849.557208,decode,16,0,4080,0.0045,0,16,
1784262849.557208,1784262849.564342,decode,16,0,4080,0.0045,0,16,
1784262849.564342,1784262849.571225,decode,16,0,4080,0.0045,0,16,
1784262849.571225,1784262849.578262,decode,16,0,4080,0.0045,0,16,
1784262849.578262,1784262849.585407,decode,16,0,4080,0.0045,0,16,
1784262849.585407,1784262849.592600,decode,16,0,4080,0.0045,0,16,
1784262849.592600,1784262849.599717,decode,16,0,4080,0.0045,0,16,
1784262849.599717,1784262849.606846,decode,16,0,4080,0.0045,0,16,
1784262849.606846,1784262849.613901,decode,16,0,4080,0.0045,0,16,
1784262849.613901,1784262849.621106,decode,16,0,4080,0.0045,0,16,
1784262849.621106,1784262849.628392,decode,16,0,4080,0.0045,0,16,
1784262849.628392,1784262849.635350,decode,16,0,4080,0.0045,0,16,
1784262849.635350,1784262849.642769,decode,16,0,4080,0.0045,0,16,
1784262849.642769,1784262849.649863,decode,16,0,4176,0.0046,0,16,
1784262849.649863,1784262849.656991,decode,16,0,4336,0.0048,0,16,
1784262849.656991,1784262849.664136,decode,16,0,4336,0.0048,0,16,
1784262849.664136,1784262849.671194,decode,16,0,4336,0.0048,0,16,
1784262849.671194,1784262849.678345,decode,16,0,4336,0.0048,0,16,
1784262849.678345,1784262849.685638,decode,16,0,4336,0.0048,0,16,
1784262849.685638,1784262849.692930,decode,16,0,4336,0.0048,0,16,
1784262849.692930,1784262849.699822,decode,16,0,4336,0.0048,0,16,
1784262849.699822,1784262849.707257,decode,16,0,4336,0.0048,0,16,
1784262849.707257,1784262849.714090,decode,16,0,4336,0.0048,0,16,
1784262849.714090,1784262849.721333,decode,16,0,4336,0.0048,0,16,
1784262849.721333,1784262849.728523,decode,16,0,4336,0.0048,0,16,
1784262849.728523,1784262849.735774,decode,16,0,4336,0.0048,0,16,
1784262849.735774,1784262849.742774,decode,16,0,4336,0.0048,0,16,
1784262849.742774,1784262849.750047,decode,10,0,3472,0.0038,0,16,
1784262849.750047,1784262849.760447,decode,0,0,0,0.0000,0,10,
1784262849.760447,1784262849.771229,mixed,6,0,2128,0.0024,12288,6,
1784262849.771229,1784262849.780574,mixed,16,0,2384,0.0026,20480,16,
1784262849.780574,1784262849.787266,decode,16,0,2544,0.0028,0,16,
1784262849.787266,1784262849.794583,decode,16,0,2544,0.0028,0,16,
1784262849.794583,1784262849.801582,decode,16,0,2544,0.0028,0,16,
1784262849.801582,1784262849.808791,decode,16,0,2544,0.0028,0,16,
1784262849.808791,1784262849.815829,decode,16,0,2544,0.0028,0,16,
1784262849.815829,1784262849.823181,decode,16,0,2544,0.0028,0,16,
1784262849.823181,1784262849.830042,decode,16,0,2544,0.0028,0,16,
1784262849.830042,1784262849.837071,decode,16,0,2544,0.0028,0,16,
1784262849.837071,1784262849.844244,decode,16,0,2544,0.0028,0,16,
1784262849.844244,1784262849.851220,decode,16,0,2544,0.0028,0,16,
1784262849.851220,1784262849.858936,decode,16,0,2544,0.0028,0,16,
1784262849.858936,1784262849.865949,decode,16,0,2544,0.0028,0,16,
1784262849.865949,1784262849.873500,decode,16,0,2544,0.0028,0,16,
1784262849.873500,1784262849.880704,decode,16,0,2544,0.0028,0,16,
1784262849.880704,1784262849.887771,decode,16,0,2544,0.0028,0,16,
1784262849.887771,1784262849.895025,decode,16,0,2640,0.0029,0,16,
1784262849.895025,1784262849.902089,decode,16,0,2800,0.0031,0,16,
1784262849.902089,1784262849.909206,decode,16,0,2800,0.0031,0,16,
1784262849.909206,1784262849.916285,decode,16,0,2800,0.0031,0,16,
1784262849.916285,1784262849.924168,decode,16,0,2800,0.0031,0,16,
1784262849.924168,1784262849.930809,decode,16,0,2800,0.0031,0,16,
1784262849.930809,1784262849.937596,decode,16,0,2800,0.0031,0,16,
1784262849.937596,1784262849.944879,decode,16,0,2800,0.0031,0,16,
1784262849.944879,1784262849.951857,decode,16,0,2800,0.0031,0,16,
1784262849.951857,1784262849.959088,decode,16,0,2800,0.0031,0,16,
1784262849.959088,1784262849.966329,decode,16,0,2800,0.0031,0,16,
1784262849.966329,1784262849.973390,decode,16,0,2800,0.0031,0,16,
1784262849.973390,1784262849.980506,decode,16,0,2800,0.0031,0,16,
1784262849.980506,1784262849.987542,decode,16,0,2800,0.0031,0,16,
1784262849.987542,1784262849.994565,decode,16,0,2800,0.0031,0,16,
1784262849.994565,1784262850.001706,decode,16,0,2800,0.0031,0,16,
1784262850.001706,1784262850.009097,decode,16,0,2896,0.0032,0,16,
1784262850.009097,1784262850.016119,decode,16,0,3056,0.0034,0,16,
1784262850.016119,1784262850.023142,decode,16,0,3056,0.0034,0,16,
1784262850.023142,1784262850.030296,decode,16,0,3056,0.0034,0,16,
1784262850.030296,1784262850.037828,decode,16,0,3056,0.0034,0,16,
1784262850.037828,1784262850.044565,decode,16,0,3056,0.0034,0,16,
1784262850.044565,1784262850.051783,decode,16,0,3056,0.0034,0,16,
1784262850.051783,1784262850.058839,decode,16,0,3056,0.0034,0,16,
1784262850.058839,1784262850.065863,decode,16,0,3056,0.0034,0,16,
1784262850.065863,1784262850.072829,decode,16,0,3056,0.0034,0,16,
1784262850.072829,1784262850.080086,decode,16,0,3056,0.0034,0,16,
1784262850.080086,1784262850.087206,decode,16,0,3056,0.0034,0,16,
1784262850.087206,1784262850.094167,decode,16,0,3056,0.0034,0,16,
1784262850.094167,1784262850.101264,decode,16,0,3056,0.0034,0,16,
1784262850.101264,1784262850.108368,decode,16,0,3056,0.0034,0,16,
1784262850.108368,1784262850.115619,decode,16,0,3056,0.0034,0,16,
1784262850.115619,1784262850.122858,decode,16,0,3152,0.0035,0,16,
1784262850.122858,1784262850.129896,decode,16,0,3312,0.0037,0,16,
1784262850.129896,1784262850.137267,decode,16,0,3312,0.0037,0,16,
1784262850.137267,1784262850.144140,decode,16,0,3312,0.0037,0,16,
1784262850.144140,1784262850.150959,decode,16,0,3312,0.0037,0,16,
1784262850.150959,1784262850.158072,decode,16,0,3312,0.0037,0,16,
1784262850.158072,1784262850.164977,decode,16,0,3312,0.0037,0,16,
1784262850.164977,1784262850.171994,decode,16,0,3312,0.0037,0,16,
1784262850.171994,1784262850.179095,decode,16,0,3312,0.0037,0,16,
1784262850.179095,1784262850.186386,decode,16,0,3312,0.0037,0,16,
1784262850.186386,1784262850.193290,decode,16,0,3312,0.0037,0,16,
1784262850.193290,1784262850.200530,decode,16,0,3312,0.0037,0,16,
1784262850.200530,1784262850.207419,decode,16,0,3312,0.0037,0,16,
1784262850.207419,1784262850.214393,decode,16,0,3312,0.0037,0,16,
1784262850.214393,1784262850.221690,decode,16,0,3312,0.0037,0,16,
1784262850.221690,1784262850.228741,decode,16,0,3312,0.0037,0,16,
1784262850.228741,1784262850.235826,decode,16,0,3408,0.0038,0,16,
1784262850.235826,1784262850.243204,decode,16,0,3568,0.0040,0,16,
1784262850.243204,1784262850.250180,decode,16,0,3568,0.0040,0,16,
1784262850.250180,1784262850.257082,decode,16,0,3568,0.0040,0,16,
1784262850.257082,1784262850.264577,decode,16,0,3568,0.0040,0,16,
1784262850.264577,1784262850.271355,decode,16,0,3568,0.0040,0,16,
1784262850.271355,1784262850.278646,decode,16,0,3568,0.0040,0,16,
1784262850.278646,1784262850.285508,decode,16,0,3568,0.0040,0,16,
1784262850.285508,1784262850.292786,decode,16,0,3568,0.0040,0,16,
1784262850.292786,1784262850.300336,decode,16,0,3568,0.0040,0,16,
1784262850.300336,1784262850.307035,decode,16,0,3568,0.0040,0,16,
1784262850.307035,1784262850.313979,decode,16,0,3568,0.0040,0,16,
1784262850.313979,1784262850.322015,decode,16,0,3568,0.0040,0,16,
1784262850.322015,1784262850.328426,decode,16,0,3568,0.0040,0,16,
1784262850.328426,1784262850.335877,decode,16,0,3568,0.0040,0,16,
1784262850.335877,1784262850.342984,decode,16,0,3568,0.0040,0,16,
1784262850.342984,1784262850.350152,decode,16,0,3664,0.0041,0,16,
1784262850.350152,1784262850.357280,decode,16,0,3824,0.0042,0,16,
1784262850.357280,1784262850.364587,decode,16,0,3824,0.0042,0,16,
1784262850.364587,1784262850.371604,decode,16,0,3824,0.0042,0,16,
1784262850.371604,1784262850.378607,decode,16,0,3824,0.0042,0,16,
1784262850.378607,1784262850.385711,decode,16,0,3824,0.0042,0,16,
1784262850.385711,1784262850.392963,decode,16,0,3824,0.0042,0,16,
1784262850.392963,1784262850.399916,decode,16,0,3824,0.0042,0,16,
1784262850.399916,1784262850.407120,decode,16,0,3824,0.0042,0,16,
1784262850.407120,1784262850.414710,decode,16,0,3824,0.0042,0,16,
1784262850.414710,1784262850.421649,decode,16,0,3824,0.0042,0,16,
1784262850.421649,1784262850.428496,decode,16,0,3824,0.0042,0,16,
1784262850.428496,1784262850.436128,decode,16,0,3824,0.0042,0,16,
1784262850.436128,1784262850.442869,decode,16,0,3824,0.0042,0,16,
1784262850.442869,1784262850.450255,decode,16,0,3824,0.0042,0,16,
1784262850.450255,1784262850.457236,decode,16,0,3824,0.0042,0,16,
1784262850.457236,1784262850.464424,decode,16,0,3920,0.0043,0,16,
1784262850.464424,1784262850.471457,decode,16,0,4080,0.0045,0,16,
1784262850.471457,1784262850.478585,decode,16,0,4080,0.0045,0,16,
1784262850.478585,1784262850.485531,decode,16,0,4080,0.0045,0,16,
1784262850.485531,1784262850.492754,decode,16,0,4080,0.0045,0,16,
1784262850.492754,1784262850.499965,decode,16,0,4080,0.0045,0,16,
1784262850.499965,1784262850.506832,decode,16,0,4080,0.0045,0,16,
1784262850.506832,1784262850.514161,decode,16,0,4080,0.0045,0,16,
1784262850.514161,1784262850.521088,decode,16,0,4080,0.0045,0,16,
1784262850.521088,1784262850.528199,decode,16,0,4080,0.0045,0,16,
1784262850.528199,1784262850.535749,decode,16,0,4080,0.0045,0,16,
1784262850.535749,1784262850.542830,decode,16,0,4080,0.0045,0,16,
1784262850.542830,1784262850.549807,decode,16,0,4080,0.0045,0,16,
1784262850.549807,1784262850.556760,decode,16,0,4080,0.0045,0,16,
1784262850.556760,1784262850.563789,decode,16,0,4080,0.0045,0,16,
1784262850.563789,1784262850.570940,decode,16,0,4080,0.0045,0,16,
1784262850.570940,1784262850.578115,decode,16,0,4176,0.0046,0,16,
1784262850.578115,1784262850.585207,decode,16,0,4336,0.0048,0,16,
1784262850.585207,1784262850.592245,decode,16,0,4336,0.0048,0,16,
1784262850.592245,1784262850.599349,decode,16,0,4336,0.0048,0,16,
1784262850.599349,1784262850.606444,decode,16,0,4336,0.0048,0,16,
1784262850.606444,1784262850.613674,decode,16,0,4336,0.0048,0,16,
1784262850.613674,1784262850.620826,decode,16,0,4336,0.0048,0,16,
1784262850.620826,1784262850.627830,decode,16,0,4336,0.0048,0,16,
1784262850.627830,1784262850.635131,decode,16,0,4336,0.0048,0,16,
1784262850.635131,1784262850.642428,decode,16,0,4336,0.0048,0,16,
1784262850.642428,1784262850.649363,decode,16,0,4336,0.0048,0,16,
1784262850.649363,1784262850.656493,decode,16,0,4336,0.0048,0,16,
1784262850.656493,1784262850.663606,decode,16,0,4336,0.0048,0,16,
1784262850.663606,1784262850.670559,decode,16,0,4336,0.0048,0,16,
1784262850.670559,1784262850.677838,decode,10,0,3472,0.0038,0,16,
1784262850.677838,1784262850.687784,decode,0,0,0,0.0000,0,10,
1784262850.687784,1784262850.699666,mixed,6,0,2128,0.0024,12288,6,
1784262850.699666,1784262850.708647,mixed,16,0,2384,0.0026,20480,16,
1784262850.708647,1784262850.715821,decode,16,0,2544,0.0028,0,16,
1784262850.715821,1784262850.722680,decode,16,0,2544,0.0028,0,16,
1784262850.722680,1784262850.729899,decode,16,0,2544,0.0028,0,16,
1784262850.729899,1784262850.737228,decode,16,0,2544,0.0028,0,16,
1784262850.737228,1784262850.744437,decode,16,0,2544,0.0028,0,16,
1784262850.744437,1784262850.751231,decode,16,0,2544,0.0028,0,16,
1784262850.751231,1784262850.758395,decode,16,0,2544,0.0028,0,16,
1784262850.758395,1784262850.765421,decode,16,0,2544,0.0028,0,16,
1784262850.765421,1784262850.772494,decode,16,0,2544,0.0028,0,16,
1784262850.772494,1784262850.779570,decode,16,0,2544,0.0028,0,16,
1784262850.779570,1784262850.786759,decode,16,0,2544,0.0028,0,16,
1784262850.786759,1784262850.793832,decode,16,0,2544,0.0028,0,16,
1784262850.793832,1784262850.800773,decode,16,0,2544,0.0028,0,16,
1784262850.800773,1784262850.807976,decode,16,0,2544,0.0028,0,16,
1784262850.807976,1784262850.815085,decode,16,0,2544,0.0028,0,16,
1784262850.815085,1784262850.822211,decode,16,0,2640,0.0029,0,16,
1784262850.822211,1784262850.829325,decode,16,0,2800,0.0031,0,16,
1784262850.829325,1784262850.836735,decode,16,0,2800,0.0031,0,16,
1784262850.836735,1784262850.843793,decode,16,0,2800,0.0031,0,16,
1784262850.843793,1784262850.851161,decode,16,0,2800,0.0031,0,16,
1784262850.851161,1784262850.857910,decode,16,0,2800,0.0031,0,16,
1784262850.857910,1784262850.864826,decode,16,0,2800,0.0031,0,16,
1784262850.864826,1784262850.871950,decode,16,0,2800,0.0031,0,16,
1784262850.871950,1784262850.878967,decode,16,0,2800,0.0031,0,16,
1784262850.878967,1784262850.886271,decode,16,0,2800,0.0031,0,16,
1784262850.886271,1784262850.893221,decode,16,0,2800,0.0031,0,16,
1784262850.893221,1784262850.900268,decode,16,0,2800,0.0031,0,16,
1784262850.900268,1784262850.907510,decode,16,0,2800,0.0031,0,16,
1784262850.907510,1784262850.914472,decode,16,0,2800,0.0031,0,16,
1784262850.914472,1784262850.921770,decode,16,0,2800,0.0031,0,16,
1784262850.921770,1784262850.928728,decode,16,0,2800,0.0031,0,16,
1784262850.928728,1784262850.936364,decode,16,0,2896,0.0032,0,16,
1784262850.936364,1784262850.943032,decode,16,0,3056,0.0034,0,16,
1784262850.943032,1784262850.950381,decode,16,0,3056,0.0034,0,16,
1784262850.950381,1784262850.957180,decode,16,0,3056,0.0034,0,16,
1784262850.957180,1784262850.964246,decode,16,0,3056,0.0034,0,16,
1784262850.964246,1784262850.971423,decode,16,0,3056,0.0034,0,16,
1784262850.971423,1784262850.978395,decode,16,0,3056,0.0034,0,16,
1784262850.978395,1784262850.985459,decode,16,0,3056,0.0034,0,16,
1784262850.985459,1784262850.992819,decode,16,0,3056,0.0034,0,16,
1784262850.992819,1784262850.999737,decode,16,0,3056,0.0034,0,16,
1784262850.999737,1784262851.006776,decode,16,0,3056,0.0034,0,16,
1784262851.006776,1784262851.013859,decode,16,0,3056,0.0034,0,16,
1784262851.013859,1784262851.020985,decode,16,0,3056,0.0034,0,16,
1784262851.020985,1784262851.028105,decode,16,0,3056,0.0034,0,16,
1784262851.028105,1784262851.035173,decode,16,0,3056,0.0034,0,16,
1784262851.035173,1784262851.042311,decode,16,0,3056,0.0034,0,16,
1784262851.042311,1784262851.049757,decode,16,0,3152,0.0035,0,16,
1784262851.049757,1784262851.056548,decode,16,0,3312,0.0037,0,16,
1784262851.056548,1784262851.063855,decode,16,0,3312,0.0037,0,16,
1784262851.063855,1784262851.070511,decode,16,0,3312,0.0037,0,16,
1784262851.070511,1784262851.077704,decode,16,0,3312,0.0037,0,16,
1784262851.077704,1784262851.084655,decode,16,0,3312,0.0037,0,16,
1784262851.084655,1784262851.091977,decode,16,0,3312,0.0037,0,16,
1784262851.091977,1784262851.098852,decode,16,0,3312,0.0037,0,16,
1784262851.098852,1784262851.106057,decode,16,0,3312,0.0037,0,16,
1784262851.106057,1784262851.113159,decode,16,0,3312,0.0037,0,16,
1784262851.113159,1784262851.120239,decode,16,0,3312,0.0037,0,16,
1784262851.120239,1784262851.127188,decode,16,0,3312,0.0037,0,16,
1784262851.127188,1784262851.134767,decode,16,0,3312,0.0037,0,16,
1784262851.134767,1784262851.141821,decode,16,0,3312,0.0037,0,16,
1784262851.141821,1784262851.148622,decode,16,0,3312,0.0037,0,16,
1784262851.148622,1784262851.155835,decode,16,0,3312,0.0037,0,16,
1784262851.155835,1784262851.162858,decode,16,0,3408,0.0038,0,16,
1784262851.162858,1784262851.170046,decode,16,0,3568,0.0040,0,16,
1784262851.170046,1784262851.176822,decode,16,0,3568,0.0040,0,16,
1784262851.176822,1784262851.184230,decode,16,0,3568,0.0040,0,16,
1784262851.184230,1784262851.191618,decode,16,0,3568,0.0040,0,16,
1784262851.191618,1784262851.198704,decode,16,0,3568,0.0040,0,16,
1784262851.198704,1784262851.205613,decode,16,0,3568,0.0040,0,16,
1784262851.205613,1784262851.212599,decode,16,0,3568,0.0040,0,16,
1784262851.212599,1784262851.219522,decode,16,0,3568,0.0040,0,16,
1784262851.219522,1784262851.226455,decode,16,0,3568,0.0040,0,16,
1784262851.226455,1784262851.233627,decode,16,0,3568,0.0040,0,16,
1784262851.233627,1784262851.240657,decode,16,0,3568,0.0040,0,16,
1784262851.240657,1784262851.247878,decode,16,0,3568,0.0040,0,16,
1784262851.247878,1784262851.254889,decode,16,0,3568,0.0040,0,16,
1784262851.254889,1784262851.261978,decode,16,0,3568,0.0040,0,16,
1784262851.261978,1784262851.269114,decode,16,0,3568,0.0040,0,16,
1784262851.269114,1784262851.276268,decode,16,0,3664,0.0041,0,16,
1784262851.276268,1784262851.283556,decode,16,0,3824,0.0042,0,16,
1784262851.283556,1784262851.290576,decode,16,0,3824,0.0042,0,16,
1784262851.290576,1784262851.297457,decode,16,0,3824,0.0042,0,16,
1784262851.297457,1784262851.304308,decode,16,0,3824,0.0042,0,16,
1784262851.304308,1784262851.311537,decode,16,0,3824,0.0042,0,16,
1784262851.311537,1784262851.318637,decode,16,0,3824,0.0042,0,16,
1784262851.318637,1784262851.325743,decode,16,0,3824,0.0042,0,16,
1784262851.325743,1784262851.332787,decode,16,0,3824,0.0042,0,16,
1784262851.332787,1784262851.339995,decode,16,0,3824,0.0042,0,16,
1784262851.339995,1784262851.347282,decode,16,0,3824,0.0042,0,16,
1784262851.347282,1784262851.354582,decode,16,0,3824,0.0042,0,16,
1784262851.354582,1784262851.361433,decode,16,0,3824,0.0042,0,16,
1784262851.361433,1784262851.368472,decode,16,0,3824,0.0042,0,16,
1784262851.368472,1784262851.376114,decode,16,0,3824,0.0042,0,16,
1784262851.376114,1784262851.382957,decode,16,0,3824,0.0042,0,16,
1784262851.382957,1784262851.389952,decode,16,0,3920,0.0043,0,16,
1784262851.389952,1784262851.397385,decode,16,0,4080,0.0045,0,16,
1784262851.397385,1784262851.404264,decode,16,0,4080,0.0045,0,16,
1784262851.404264,1784262851.411154,decode,16,0,4080,0.0045,0,16,
1784262851.411154,1784262851.418190,decode,16,0,4080,0.0045,0,16,
1784262851.418190,1784262851.425450,decode,16,0,4080,0.0045,0,16,
1784262851.425450,1784262851.432370,decode,16,0,4080,0.0045,0,16,
1784262851.432370,1784262851.439274,decode,16,0,4080,0.0045,0,16,
1784262851.439274,1784262851.446845,decode,16,0,4080,0.0045,0,16,
1784262851.446845,1784262851.453703,decode,16,0,4080,0.0045,0,16,
1784262851.453703,1784262851.460545,decode,16,0,4080,0.0045,0,16,
1784262851.460545,1784262851.467827,decode,16,0,4080,0.0045,0,16,
1784262851.467827,1784262851.474987,decode,16,0,4080,0.0045,0,16,
1784262851.474987,1784262851.482058,decode,16,0,4080,0.0045,0,16,
1784262851.482058,1784262851.490522,decode,16,0,4080,0.0045,0,16,
1784262851.490522,1784262851.497941,decode,16,0,4080,0.0045,0,16,
1784262851.497941,1784262851.505208,decode,16,0,4176,0.0046,0,16,
1784262851.505208,1784262851.512231,decode,16,0,4336,0.0048,0,16,
1784262851.512231,1784262851.518963,decode,16,0,4336,0.0048,0,16,
1784262851.518963,1784262851.526716,decode,16,0,4336,0.0048,0,16,
1784262851.526716,1784262851.533126,decode,16,0,4336,0.0048,0,16,
1784262851.533126,1784262851.540355,decode,16,0,4336,0.0048,0,16,
1784262851.540355,1784262851.547961,decode,16,0,4336,0.0048,0,16,
1784262851.547961,1784262851.554836,decode,16,0,4336,0.0048,0,16,
1784262851.554836,1784262851.561650,decode,16,0,4336,0.0048,0,16,
1784262851.561650,1784262851.568927,decode,16,0,4336,0.0048,0,16,
1784262851.568927,1784262851.576149,decode,16,0,4336,0.0048,0,16,
1784262851.576149,1784262851.582947,decode,16,0,4336,0.0048,0,16,
1784262851.582947,1784262851.590173,decode,16,0,4336,0.0048,0,16,
1784262851.590173,1784262851.597297,decode,16,0,4336,0.0048,0,16,
1784262851.597297,1784262851.604524,decode,10,0,3472,0.0038,0,16,
1784262851.604524,1784262851.614140,decode,0,0,0,0.0000,0,10,
1784262851.614140,1784262851.625279,mixed,6,0,2128,0.0024,12288,6,
1784262851.625279,1784262851.634956,mixed,16,0,2384,0.0026,20480,16,
1784262851.634956,1784262851.641813,decode,16,0,2544,0.0028,0,16,
1784262851.641813,1784262851.648756,decode,16,0,2544,0.0028,0,16,
1784262851.648756,1784262851.655919,decode,16,0,2544,0.0028,0,16,
1784262851.655919,1784262851.662850,decode,16,0,2544,0.0028,0,16,
1784262851.662850,1784262851.669971,decode,16,0,2544,0.0028,0,16,
1784262851.669971,1784262851.677203,decode,16,0,2544,0.0028,0,16,
1784262851.677203,1784262851.684308,decode,16,0,2544,0.0028,0,16,
1784262851.684308,1784262851.691343,decode,16,0,2544,0.0028,0,16,
1784262851.691343,1784262851.698420,decode,16,0,2544,0.0028,0,16,
1784262851.698420,1784262851.705535,decode,16,0,2544,0.0028,0,16,
1784262851.705535,1784262851.712612,decode,16,0,2544,0.0028,0,16,
1784262851.712612,1784262851.719626,decode,16,0,2544,0.0028,0,16,
1784262851.719626,1784262851.726699,decode,16,0,2544,0.0028,0,16,
1784262851.726699,1784262851.733857,decode,16,0,2544,0.0028,0,16,
1784262851.733857,1784262851.741074,decode,16,0,2544,0.0028,0,16,
1784262851.741074,1784262851.748265,decode,16,0,2640,0.0029,0,16,
1784262851.748265,1784262851.755485,decode,16,0,2800,0.0031,0,16,
1784262851.755485,1784262851.762316,decode,16,0,2800,0.0031,0,16,
1784262851.762316,1784262851.769727,decode,16,0,2800,0.0031,0,16,
1784262851.769727,1784262851.776407,decode,16,0,2800,0.0031,0,16,
1784262851.776407,1784262851.783547,decode,16,0,2800,0.0031,0,16,
1784262851.783547,1784262851.790785,decode,16,0,2800,0.0031,0,16,
1784262851.790785,1784262851.797692,decode,16,0,2800,0.0031,0,16,
1784262851.797692,1784262851.804677,decode,16,0,2800,0.0031,0,16,
1784262851.804677,1784262851.811913,decode,16,0,2800,0.0031,0,16,
1784262851.811913,1784262851.819036,decode,16,0,2800,0.0031,0,16,
1784262851.819036,1784262851.826513,decode,16,0,2800,0.0031,0,16,
1784262851.826513,1784262851.832970,decode,16,0,2800,0.0031,0,16,
1784262851.832970,1784262851.840459,decode,16,0,2800,0.0031,0,16,
1784262851.840459,1784262851.847650,decode,16,0,2800,0.0031,0,16,
1784262851.847650,1784262851.854374,decode,16,0,2800,0.0031,0,16,
1784262851.854374,1784262851.861585,decode,16,0,2896,0.0032,0,16,
1784262851.861585,1784262851.868798,decode,16,0,3056,0.0034,0,16,
1784262851.868798,1784262851.876154,decode,16,0,3056,0.0034,0,16,
1784262851.876154,1784262851.882707,decode,16,0,3056,0.0034,0,16,
1784262851.882707,1784262851.889865,decode,16,0,3056,0.0034,0,16,
1784262851.889865,1784262851.897069,decode,16,0,3056,0.0034,0,16,
1784262851.897069,1784262851.903976,decode,16,0,3056,0.0034,0,16,
1784262851.903976,1784262851.911391,decode,16,0,3056,0.0034,0,16,
1784262851.911391,1784262851.918606,decode,16,0,3056,0.0034,0,16,
1784262851.918606,1784262851.925425,decode,16,0,3056,0.0034,0,16,
1784262851.925425,1784262851.932339,decode,16,0,3056,0.0034,0,16,
1784262851.932339,1784262851.939713,decode,16,0,3056,0.0034,0,16,
1784262851.939713,1784262851.946768,decode,16,0,3056,0.0034,0,16,
1784262851.946768,1784262851.953444,decode,16,0,3056,0.0034,0,16,
1784262851.953444,1784262851.960918,decode,16,0,3056,0.0034,0,16,
1784262851.960918,1784262851.967870,decode,16,0,3056,0.0034,0,16,
1784262851.967870,1784262851.974781,decode,16,0,3152,0.0035,0,16,
1784262851.974781,1784262851.982197,decode,16,0,3312,0.0037,0,16,
1784262851.982197,1784262851.989152,decode,16,0,3312,0.0037,0,16,
1784262851.989152,1784262851.996453,decode,16,0,3312,0.0037,0,16,
1784262851.996453,1784262852.003266,decode,16,0,3312,0.0037,0,16,
1784262852.003266,1784262852.010656,decode,16,0,3312,0.0037,0,16,
1784262852.010656,1784262852.017910,decode,16,0,3312,0.0037,0,16,
1784262852.017910,1784262852.024281,decode,16,0,3312,0.0037,0,16,
1784262852.024281,1784262852.032118,decode,16,0,3312,0.0037,0,16,
1784262852.032118,1784262852.038659,decode,16,0,3312,0.0037,0,16,
1784262852.038659,1784262852.045807,decode,16,0,3312,0.0037,0,16,
1784262852.045807,1784262852.052804,decode,16,0,3312,0.0037,0,16,
1784262852.052804,1784262852.060503,decode,16,0,3312,0.0037,0,16,
1784262852.060503,1784262852.067424,decode,16,0,3312,0.0037,0,16,
1784262852.067424,1784262852.074295,decode,16,0,3312,0.0037,0,16,
1784262852.074295,1784262852.081539,decode,16,0,3312,0.0037,0,16,
1784262852.081539,1784262852.088572,decode,16,0,3408,0.0038,0,16,
1784262852.088572,1784262852.095487,decode,16,0,3568,0.0040,0,16,
1784262852.095487,1784262852.102587,decode,16,0,3568,0.0040,0,16,
1784262852.102587,1784262852.109762,decode,16,0,3568,0.0040,0,16,
1784262852.109762,1784262852.116739,decode,16,0,3568,0.0040,0,16,
1784262852.116739,1784262852.123890,decode,16,0,3568,0.0040,0,16,
1784262852.123890,1784262852.131440,decode,16,0,3568,0.0040,0,16,
1784262852.131440,1784262852.138563,decode,16,0,3568,0.0040,0,16,
1784262852.138563,1784262852.145841,decode,16,0,3568,0.0040,0,16,
1784262852.145841,1784262852.152937,decode,16,0,3568,0.0040,0,16,
1784262852.152937,1784262852.160007,decode,16,0,3568,0.0040,0,16,
1784262852.160007,1784262852.167100,decode,16,0,3568,0.0040,0,16,
1784262852.167100,1784262852.174217,decode,16,0,3568,0.0040,0,16,
1784262852.174217,1784262852.181443,decode,16,0,3568,0.0040,0,16,
1784262852.181443,1784262852.188613,decode,16,0,3568,0.0040,0,16,
1784262852.188613,1784262852.195966,decode,16,0,3568,0.0040,0,16,
1784262852.195966,1784262852.202989,decode,16,0,3664,0.0041,0,16,
1784262852.202989,1784262852.209885,decode,16,0,3824,0.0042,0,16,
1784262852.209885,1784262852.217158,decode,16,0,3824,0.0042,0,16,
1784262852.217158,1784262852.224342,decode,16,0,3824,0.0042,0,16,
1784262852.224342,1784262852.231507,decode,16,0,3824,0.0042,0,16,
1784262852.231507,1784262852.239193,decode,16,0,3824,0.0042,0,16,
1784262852.239193,1784262852.246315,decode,16,0,3824,0.0042,0,16,
1784262852.246315,1784262852.253589,decode,16,0,3824,0.0042,0,16,
1784262852.253589,1784262852.260823,decode,16,0,3824,0.0042,0,16,
1784262852.260823,1784262852.268058,decode,16,0,3824,0.0042,0,16,
1784262852.268058,1784262852.275779,decode,16,0,3824,0.0042,0,16,
1784262852.275779,1784262852.282911,decode,16,0,3824,0.0042,0,16,
1784262852.282911,1784262852.289898,decode,16,0,3824,0.0042,0,16,
1784262852.289898,1784262852.297028,decode,16,0,3824,0.0042,0,16,
1784262852.297028,1784262852.304280,decode,16,0,3824,0.0042,0,16,
1784262852.304280,1784262852.311660,decode,16,0,3824,0.0042,0,16,
1784262852.311660,1784262852.318867,decode,16,0,3920,0.0043,0,16,
1784262852.318867,1784262852.326293,decode,16,0,4080,0.0045,0,16,
1784262852.326293,1784262852.333520,decode,16,0,4080,0.0045,0,16,
1784262852.333520,1784262852.341172,decode,16,0,4080,0.0045,0,16,
1784262852.341172,1784262852.348550,decode,16,0,4080,0.0045,0,16,
1784262852.348550,1784262852.355616,decode,16,0,4080,0.0045,0,16,
1784262852.355616,1784262852.362891,decode,16,0,4080,0.0045,0,16,
1784262852.362891,1784262852.370217,decode,16,0,4080,0.0045,0,16,
1784262852.370217,1784262852.377605,decode,16,0,4080,0.0045,0,16,
1784262852.377605,1784262852.385084,decode,16,0,4080,0.0045,0,16,
1784262852.385084,1784262852.392428,decode,16,0,4080,0.0045,0,16,
1784262852.392428,1784262852.399642,decode,16,0,4080,0.0045,0,16,
1784262852.399642,1784262852.406909,decode,16,0,4080,0.0045,0,16,
1784262852.406909,1784262852.414159,decode,16,0,4080,0.0045,0,16,
1784262852.414159,1784262852.421443,decode,16,0,4080,0.0045,0,16,
1784262852.421443,1784262852.428717,decode,16,0,4080,0.0045,0,16,
1784262852.428717,1784262852.436826,decode,16,0,4176,0.0046,0,16,
1784262852.436826,1784262852.443850,decode,16,0,4336,0.0048,0,16,
1784262852.443850,1784262852.451297,decode,16,0,4336,0.0048,0,16,
1784262852.451297,1784262852.458693,decode,16,0,4336,0.0048,0,16,
1784262852.458693,1784262852.465916,decode,16,0,4336,0.0048,0,16,
1784262852.465916,1784262852.473290,decode,16,0,4336,0.0048,0,16,
1784262852.473290,1784262852.480696,decode,16,0,4336,0.0048,0,16,
1784262852.480696,1784262852.488162,decode,16,0,4336,0.0048,0,16,
1784262852.488162,1784262852.495315,decode,16,0,4336,0.0048,0,16,
1784262852.495315,1784262852.502402,decode,16,0,4336,0.0048,0,16,
1784262852.502402,1784262852.509533,decode,16,0,4336,0.0048,0,16,
1784262852.509533,1784262852.516541,decode,16,0,4336,0.0048,0,16,
1784262852.516541,1784262852.523917,decode,16,0,4336,0.0048,0,16,
1784262852.523917,1784262852.530939,decode,16,0,4336,0.0048,0,16,
1784262852.530939,1784262852.538262,decode,10,0,3472,0.0038,0,16,
1784262852.538262,1784262852.548260,decode,0,0,0,0.0000,0,10,
1784262852.548260,1784262852.560391,mixed,6,0,2128,0.0024,12288,6,
1784262852.560391,1784262852.569609,mixed,16,0,2384,0.0026,20480,16,
1784262852.569609,1784262852.576713,decode,16,0,2544,0.0028,0,16,
1784262852.576713,1784262852.583626,decode,16,0,2544,0.0028,0,16,
1784262852.583626,1784262852.590741,decode,16,0,2544,0.0028,0,16,
1784262852.590741,1784262852.597773,decode,16,0,2544,0.0028,0,16,
1784262852.597773,1784262852.604941,decode,16,0,2544,0.0028,0,16,
1784262852.604941,1784262852.612069,decode,16,0,2544,0.0028,0,16,
1784262852.612069,1784262852.619186,decode,16,0,2544,0.0028,0,16,
1784262852.619186,1784262852.626200,decode,16,0,2544,0.0028,0,16,
1784262852.626200,1784262852.633214,decode,16,0,2544,0.0028,0,16,
1784262852.633214,1784262852.640271,decode,16,0,2544,0.0028,0,16,
1784262852.640271,1784262852.647588,decode,16,0,2544,0.0028,0,16,
1784262852.647588,1784262852.654341,decode,16,0,2544,0.0028,0,16,
1784262852.654341,1784262852.661332,decode,16,0,2544,0.0028,0,16,
1784262852.661332,1784262852.668411,decode,16,0,2544,0.0028,0,16,
1784262852.668411,1784262852.675517,decode,16,0,2544,0.0028,0,16,
1784262852.675517,1784262852.682784,decode,16,0,2640,0.0029,0,16,
1784262852.682784,1784262852.689756,decode,16,0,2800,0.0031,0,16,
1784262852.689756,1784262852.696900,decode,16,0,2800,0.0031,0,16,
1784262852.696900,1784262852.703946,decode,16,0,2800,0.0031,0,16,
1784262852.703946,1784262852.711325,decode,16,0,2800,0.0031,0,16,
1784262852.711325,1784262852.718767,decode,16,0,2800,0.0031,0,16,
1784262852.718767,1784262852.725607,decode,16,0,2800,0.0031,0,16,
1784262852.725607,1784262852.732701,decode,16,0,2800,0.0031,0,16,
1784262852.732701,1784262852.740181,decode,16,0,2800,0.0031,0,16,
1784262852.740181,1784262852.747000,decode,16,0,2800,0.0031,0,16,
1784262852.747000,1784262852.753814,decode,16,0,2800,0.0031,0,16,
1784262852.753814,1784262852.760874,decode,16,0,2800,0.0031,0,16,
1784262852.760874,1784262852.767979,decode,16,0,2800,0.0031,0,16,
1784262852.767979,1784262852.775086,decode,16,0,2800,0.0031,0,16,
1784262852.775086,1784262852.782143,decode,16,0,2800,0.0031,0,16,
1784262852.782143,1784262852.789362,decode,16,0,2800,0.0031,0,16,
1784262852.789362,1784262852.796521,decode,16,0,2896,0.0032,0,16,
1784262852.796521,1784262852.803628,decode,16,0,3056,0.0034,0,16,
1784262852.803628,1784262852.810588,decode,16,0,3056,0.0034,0,16,
1784262852.810588,1784262852.817612,decode,16,0,3056,0.0034,0,16,
1784262852.817612,1784262852.824628,decode,16,0,3056,0.0034,0,16,
1784262852.824628,1784262852.831722,decode,16,0,3056,0.0034,0,16,
1784262852.831722,1784262852.839228,decode,16,0,3056,0.0034,0,16,
1784262852.839228,1784262852.848916,decode,16,0,3056,0.0034,0,16,
1784262852.848916,1784262852.856083,decode,16,0,3056,0.0034,0,16,
1784262852.856083,1784262852.863126,decode,16,0,3056,0.0034,0,16,
1784262852.863126,1784262852.870164,decode,16,0,3056,0.0034,0,16,
1784262852.870164,1784262852.877312,decode,16,0,3056,0.0034,0,16,
1784262852.877312,1784262852.884172,decode,16,0,3056,0.0034,0,16,
1784262852.884172,1784262852.891553,decode,16,0,3056,0.0034,0,16,
1784262852.891553,1784262852.898393,decode,16,0,3056,0.0034,0,16,
1784262852.898393,1784262852.905490,decode,16,0,3056,0.0034,0,16,
1784262852.905490,1784262852.912483,decode,16,0,3152,0.0035,0,16,
1784262852.912483,1784262852.919970,decode,16,0,3312,0.0037,0,16,
1784262852.919970,1784262852.926858,decode,16,0,3312,0.0037,0,16,
1784262852.926858,1784262852.933947,decode,16,0,3312,0.0037,0,16,
1784262852.933947,1784262852.941409,decode,16,0,3312,0.0037,0,16,
1784262852.941409,1784262852.948630,decode,16,0,3312,0.0037,0,16,
1784262852.948630,1784262852.955266,decode,16,0,3312,0.0037,0,16,
1784262852.955266,1784262852.962145,decode,16,0,3312,0.0037,0,16,
1784262852.962145,1784262852.969336,decode,16,0,3312,0.0037,0,16,
1784262852.969336,1784262852.976207,decode,16,0,3312,0.0037,0,16,
1784262852.976207,1784262852.983609,decode,16,0,3312,0.0037,0,16,
1784262852.983609,1784262852.990321,decode,16,0,3312,0.0037,0,16,
1784262852.990321,1784262852.997598,decode,16,0,3312,0.0037,0,16,
1784262852.997598,1784262853.004665,decode,16,0,3312,0.0037,0,16,
1784262853.004665,1784262853.011513,decode,16,0,3312,0.0037,0,16,
1784262853.011513,1784262853.018647,decode,16,0,3312,0.0037,0,16,
1784262853.018647,1784262853.025947,decode,16,0,3408,0.0038,0,16,
1784262853.025947,1784262853.032871,decode,16,0,3568,0.0040,0,16,
1784262853.032871,1784262853.040277,decode,16,0,3568,0.0040,0,16,
1784262853.040277,1784262853.047219,decode,16,0,3568,0.0040,0,16,
1784262853.047219,1784262853.054542,decode,16,0,3568,0.0040,0,16,
1784262853.054542,1784262853.061824,decode,16,0,3568,0.0040,0,16,
1784262853.061824,1784262853.068672,decode,16,0,3568,0.0040,0,16,
1784262853.068672,1784262853.076462,decode,16,0,3568,0.0040,0,16,
1784262853.076462,1784262853.083262,decode,16,0,3568,0.0040,0,16,
1784262853.083262,1784262853.090543,decode,16,0,3568,0.0040,0,16,
1784262853.090543,1784262853.097587,decode,16,0,3568,0.0040,0,16,
1784262853.097587,1784262853.104596,decode,16,0,3568,0.0040,0,16,
1784262853.104596,1784262853.111855,decode,16,0,3568,0.0040,0,16,
1784262853.111855,1784262853.118711,decode,16,0,3568,0.0040,0,16,
1784262853.118711,1784262853.126791,decode,16,0,3568,0.0040,0,16,
1784262853.126791,1784262853.133293,decode,16,0,3568,0.0040,0,16,
1784262853.133293,1784262853.140869,decode,16,0,3664,0.0041,0,16,
1784262853.140869,1784262853.148091,decode,16,0,3824,0.0042,0,16,
1784262853.148091,1784262853.154806,decode,16,0,3824,0.0042,0,16,
1784262853.154806,1784262853.161964,decode,16,0,3824,0.0042,0,16,
1784262853.161964,1784262853.169004,decode,16,0,3824,0.0042,0,16,
1784262853.169004,1784262853.175868,decode,16,0,3824,0.0042,0,16,
1784262853.175868,1784262853.183339,decode,16,0,3824,0.0042,0,16,
1784262853.183339,1784262853.190380,decode,16,0,3824,0.0042,0,16,
1784262853.190380,1784262853.197271,decode,16,0,3824,0.0042,0,16,
1784262853.197271,1784262853.204154,decode,16,0,3824,0.0042,0,16,
1784262853.204154,1784262853.211578,decode,16,0,3824,0.0042,0,16,
1784262853.211578,1784262853.218915,decode,16,0,3824,0.0042,0,16,
1784262853.218915,1784262853.225411,decode,16,0,3824,0.0042,0,16,
1784262853.225411,1784262853.232578,decode,16,0,3824,0.0042,0,16,
1784262853.232578,1784262853.240055,decode,16,0,3824,0.0042,0,16,
1784262853.240055,1784262853.247038,decode,16,0,3824,0.0042,0,16,
1784262853.247038,1784262853.254144,decode,16,0,3920,0.0043,0,16,
1784262853.254144,1784262853.261301,decode,16,0,4080,0.0045,0,16,
1784262853.261301,1784262853.268368,decode,16,0,4080,0.0045,0,16,
1784262853.268368,1784262853.275093,decode,16,0,4080,0.0045,0,16,
1784262853.275093,1784262853.282507,decode,16,0,4080,0.0045,0,16,
1784262853.282507,1784262853.289287,decode,16,0,4080,0.0045,0,16,
1784262853.289287,1784262853.296496,decode,16,0,4080,0.0045,0,16,
1784262853.296496,1784262853.303504,decode,16,0,4080,0.0045,0,16,
1784262853.303504,1784262853.310576,decode,16,0,4080,0.0045,0,16,
1784262853.310576,1784262853.317582,decode,16,0,4080,0.0045,0,16,
1784262853.317582,1784262853.324566,decode,16,0,4080,0.0045,0,16,
1784262853.324566,1784262853.331947,decode,16,0,4080,0.0045,0,16,
1784262853.331947,1784262853.339014,decode,16,0,4080,0.0045,0,16,
1784262853.339014,1784262853.346309,decode,16,0,4080,0.0045,0,16,
1784262853.346309,1784262853.353160,decode,16,0,4080,0.0045,0,16,
1784262853.353160,1784262853.360527,decode,16,0,4080,0.0045,0,16,
1784262853.360527,1784262853.367392,decode,16,0,4176,0.0046,0,16,
1784262853.367392,1784262853.374486,decode,16,0,4336,0.0048,0,16,
1784262853.374486,1784262853.381779,decode,16,0,4336,0.0048,0,16,
1784262853.381779,1784262853.388857,decode,16,0,4336,0.0048,0,16,
1784262853.388857,1784262853.395941,decode,16,0,4336,0.0048,0,16,
1784262853.395941,1784262853.403282,decode,16,0,4336,0.0048,0,16,
1784262853.403282,1784262853.410388,decode,16,0,4336,0.0048,0,16,
1784262853.410388,1784262853.417356,decode,16,0,4336,0.0048,0,16,
1784262853.417356,1784262853.424470,decode,16,0,4336,0.0048,0,16,
1784262853.424470,1784262853.431912,decode,16,0,4336,0.0048,0,16,
1784262853.431912,1784262853.439373,decode,16,0,4336,0.0048,0,16,
1784262853.439373,1784262853.446742,decode,16,0,4336,0.0048,0,16,
1784262853.446742,1784262853.453577,decode,16,0,4336,0.0048,0,16,
1784262853.453577,1784262853.460671,decode,16,0,4336,0.0048,0,16,
1784262853.460671,1784262853.467848,decode,10,0,3472,0.0038,0,16,
1784262853.467848,1784262853.477907,decode,0,0,0,0.0000,0,10,
1784262853.477907,1784262853.488697,mixed,6,0,2128,0.0024,12288,6,
1784262853.488697,1784262853.498020,mixed,16,0,2384,0.0026,20480,16,
1784262853.498020,1784262853.504883,decode,16,0,2544,0.0028,0,16,
1784262853.504883,1784262853.511998,decode,16,0,2544,0.0028,0,16,
1784262853.511998,1784262853.519037,decode,16,0,2544,0.0028,0,16,
1784262853.519037,1784262853.526132,decode,16,0,2544,0.0028,0,16,
1784262853.526132,1784262853.533206,decode,16,0,2544,0.0028,0,16,
1784262853.533206,1784262853.540671,decode,16,0,2544,0.0028,0,16,
1784262853.540671,1784262853.547857,decode,16,0,2544,0.0028,0,16,
1784262853.547857,1784262853.554886,decode,16,0,2544,0.0028,0,16,
1784262853.554886,1784262853.561600,decode,16,0,2544,0.0028,0,16,
1784262853.561600,1784262853.568669,decode,16,0,2544,0.0028,0,16,
1784262853.568669,1784262853.575762,decode,16,0,2544,0.0028,0,16,
1784262853.575762,1784262853.582824,decode,16,0,2544,0.0028,0,16,
1784262853.582824,1784262853.590212,decode,16,0,2544,0.0028,0,16,
1784262853.590212,1784262853.597042,decode,16,0,2544,0.0028,0,16,
1784262853.597042,1784262853.604529,decode,16,0,2544,0.0028,0,16,
1784262853.604529,1784262853.611543,decode,16,0,2640,0.0029,0,16,
1784262853.611543,1784262853.618762,decode,16,0,2800,0.0031,0,16,
1784262853.618762,1784262853.625895,decode,16,0,2800,0.0031,0,16,
1784262853.625895,1784262853.632777,decode,16,0,2800,0.0031,0,16,
1784262853.632777,1784262853.639622,decode,16,0,2800,0.0031,0,16,
1784262853.639622,1784262853.646897,decode,16,0,2800,0.0031,0,16,
1784262853.646897,1784262853.654065,decode,16,0,2800,0.0031,0,16,
1784262853.654065,1784262853.661150,decode,16,0,2800,0.0031,0,16,
1784262853.661150,1784262853.668395,decode,16,0,2800,0.0031,0,16,
1784262853.668395,1784262853.675325,decode,16,0,2800,0.0031,0,16,
1784262853.675325,1784262853.682441,decode,16,0,2800,0.0031,0,16,
1784262853.682441,1784262853.689507,decode,16,0,2800,0.0031,0,16,
1784262853.689507,1784262853.696583,decode,16,0,2800,0.0031,0,16,
1784262853.696583,1784262853.703850,decode,16,0,2800,0.0031,0,16,
1784262853.703850,1784262853.710959,decode,16,0,2800,0.0031,0,16,
1784262853.710959,1784262853.717774,decode,16,0,2800,0.0031,0,16,
1784262853.717774,1784262853.724946,decode,16,0,2896,0.0032,0,16,
1784262853.724946,1784262853.732012,decode,16,0,3056,0.0034,0,16,
1784262853.732012,1784262853.739249,decode,16,0,3056,0.0034,0,16,
1784262853.739249,1784262853.746532,decode,16,0,3056,0.0034,0,16,
1784262853.746532,1784262853.753340,decode,16,0,3056,0.0034,0,16,
1784262853.753340,1784262853.760353,decode,16,0,3056,0.0034,0,16,
1784262853.760353,1784262853.767460,decode,16,0,3056,0.0034,0,16,
1784262853.767460,1784262853.774652,decode,16,0,3056,0.0034,0,16,
1784262853.774652,1784262853.781519,decode,16,0,3056,0.0034,0,16,
1784262853.781519,1784262853.788564,decode,16,0,3056,0.0034,0,16,
1784262853.788564,1784262853.795845,decode,16,0,3056,0.0034,0,16,
1784262853.795845,1784262853.802780,decode,16,0,3056,0.0034,0,16,
1784262853.802780,1784262853.809903,decode,16,0,3056,0.0034,0,16,
1784262853.809903,1784262853.816969,decode,16,0,3056,0.0034,0,16,
1784262853.816969,1784262853.824132,decode,16,0,3056,0.0034,0,16,
1784262853.824132,1784262853.831337,decode,16,0,3056,0.0034,0,16,
1784262853.831337,1784262853.838759,decode,16,0,3152,0.0035,0,16,
1784262853.838759,1784262853.845990,decode,16,0,3312,0.0037,0,16,
1784262853.845990,1784262853.852878,decode,16,0,3312,0.0037,0,16,
1784262853.852878,1784262853.859822,decode,16,0,3312,0.0037,0,16,
1784262853.859822,1784262853.866899,decode,16,0,3312,0.0037,0,16,
1784262853.866899,1784262853.873901,decode,16,0,3312,0.0037,0,16,
1784262853.873901,1784262853.881022,decode,16,0,3312,0.0037,0,16,
1784262853.881022,1784262853.888169,decode,16,0,3312,0.0037,0,16,
1784262853.888169,1784262853.895112,decode,16,0,3312,0.0037,0,16,
1784262853.895112,1784262853.902219,decode,16,0,3312,0.0037,0,16,
1784262853.902219,1784262853.909313,decode,16,0,3312,0.0037,0,16,
1784262853.909313,1784262853.916466,decode,16,0,3312,0.0037,0,16,
1784262853.916466,1784262853.923501,decode,16,0,3312,0.0037,0,16,
1784262853.923501,1784262853.931020,decode,16,0,3312,0.0037,0,16,
1784262853.931020,1784262853.937801,decode,16,0,3312,0.0037,0,16,
1784262853.937801,1784262853.945219,decode,16,0,3312,0.0037,0,16,
1784262853.945219,1784262853.951967,decode,16,0,3408,0.0038,0,16,
1784262853.951967,1784262853.959123,decode,16,0,3568,0.0040,0,16,
1784262853.959123,1784262853.966553,decode,16,0,3568,0.0040,0,16,
1784262853.966553,1784262853.973321,decode,16,0,3568,0.0040,0,16,
1784262853.973321,1784262853.980455,decode,16,0,3568,0.0040,0,16,
1784262853.980455,1784262853.987474,decode,16,0,3568,0.0040,0,16,
1784262853.987474,1784262853.994591,decode,16,0,3568,0.0040,0,16,
1784262853.994591,1784262854.001591,decode,16,0,3568,0.0040,0,16,
1784262854.001591,1784262854.008701,decode,16,0,3568,0.0040,0,16,
1784262854.008701,1784262854.015745,decode,16,0,3568,0.0040,0,16,
1784262854.015745,1784262854.022784,decode,16,0,3568,0.0040,0,16,
1784262854.022784,1784262854.029870,decode,16,0,3568,0.0040,0,16,
1784262854.029870,1784262854.037192,decode,16,0,3568,0.0040,0,16,
1784262854.037192,1784262854.044395,decode,16,0,3568,0.0040,0,16,
1784262854.044395,1784262854.051502,decode,16,0,3568,0.0040,0,16,
1784262854.051502,1784262854.058590,decode,16,0,3568,0.0040,0,16,
1784262854.058590,1784262854.065791,decode,16,0,3664,0.0041,0,16,
1784262854.065791,1784262854.072850,decode,16,0,3824,0.0042,0,16,
1784262854.072850,1784262854.079843,decode,16,0,3824,0.0042,0,16,
1784262854.079843,1784262854.087024,decode,16,0,3824,0.0042,0,16,
1784262854.087024,1784262854.094294,decode,16,0,3824,0.0042,0,16,
1784262854.094294,1784262854.101254,decode,16,0,3824,0.0042,0,16,
1784262854.101254,1784262854.108598,decode,16,0,3824,0.0042,0,16,
1784262854.108598,1784262854.115358,decode,16,0,3824,0.0042,0,16,
1784262854.115358,1784262854.122564,decode,16,0,3824,0.0042,0,16,
1784262854.122564,1784262854.129782,decode,16,0,3824,0.0042,0,16,
1784262854.129782,1784262854.136801,decode,16,0,3824,0.0042,0,16,
1784262854.136801,1784262854.143646,decode,16,0,3824,0.0042,0,16,
1784262854.143646,1784262854.150995,decode,16,0,3824,0.0042,0,16,
1784262854.150995,1784262854.158191,decode,16,0,3824,0.0042,0,16,
1784262854.158191,1784262854.165011,decode,16,0,3824,0.0042,0,16,
1784262854.165011,1784262854.172189,decode,16,0,3824,0.0042,0,16,
1784262854.172189,1784262854.179286,decode,16,0,3920,0.0043,0,16,
1784262854.179286,1784262854.186739,decode,16,0,4080,0.0045,0,16,
1784262854.186739,1784262854.193822,decode,16,0,4080,0.0045,0,16,
1784262854.193822,1784262854.200705,decode,16,0,4080,0.0045,0,16,
1784262854.200705,1784262854.207587,decode,16,0,4080,0.0045,0,16,
1784262854.207587,1784262854.214991,decode,16,0,4080,0.0045,0,16,
1784262854.214991,1784262854.222189,decode,16,0,4080,0.0045,0,16,
1784262854.222189,1784262854.229383,decode,16,0,4080,0.0045,0,16,
1784262854.229383,1784262854.236412,decode,16,0,4080,0.0045,0,16,
1784262854.236412,1784262854.243309,decode,16,0,4080,0.0045,0,16,
1784262854.243309,1784262854.250611,decode,16,0,4080,0.0045,0,16,
1784262854.250611,1784262854.259378,decode,16,0,4080,0.0045,0,16,
1784262854.259378,1784262854.266743,decode,16,0,4080,0.0045,0,16,
1784262854.266743,1784262854.274072,decode,16,0,4080,0.0045,0,16,
1784262854.274072,1784262854.281126,decode,16,0,4080,0.0045,0,16,
1784262854.281126,1784262854.288323,decode,16,0,4080,0.0045,0,16,
1784262854.288323,1784262854.295532,decode,16,0,4176,0.0046,0,16,
1784262854.295532,1784262854.302650,decode,16,0,4336,0.0048,0,16,
1784262854.302650,1784262854.309824,decode,16,0,4336,0.0048,0,16,
1784262854.309824,1784262854.316852,decode,16,0,4336,0.0048,0,16,
1784262854.316852,1784262854.324033,decode,16,0,4336,0.0048,0,16,
1784262854.324033,1784262854.331083,decode,16,0,4336,0.0048,0,16,
1784262854.331083,1784262854.338415,decode,16,0,4336,0.0048,0,16,
1784262854.338415,1784262854.345241,decode,16,0,4336,0.0048,0,16,
1784262854.345241,1784262854.352406,decode,16,0,4336,0.0048,0,16,
1784262854.352406,1784262854.359740,decode,16,0,4336,0.0048,0,16,
1784262854.359740,1784262854.366816,decode,16,0,4336,0.0048,0,16,
1784262854.366816,1784262854.373722,decode,16,0,4336,0.0048,0,16,
1784262854.373722,1784262854.380800,decode,16,0,4336,0.0048,0,16,
1784262854.380800,1784262854.387931,decode,16,0,4336,0.0048,0,16,
1784262854.387931,1784262854.395230,decode,10,0,3472,0.0038,0,16,
1784262854.395230,1784262854.405696,decode,0,0,0,0.0000,0,10,
1784262854.405696,1784262854.417955,mixed,6,0,2128,0.0024,12288,6,
1784262854.417955,1784262854.427195,mixed,16,0,2384,0.0026,20480,16,
1784262854.427195,1784262854.434604,decode,16,0,2544,0.0028,0,16,
1784262854.434604,1784262854.442331,decode,16,0,2544,0.0028,0,16,
1784262854.442331,1784262854.449798,decode,16,0,2544,0.0028,0,16,
1784262854.449798,1784262854.456719,decode,16,0,2544,0.0028,0,16,
1784262854.456719,1784262854.463795,decode,16,0,2544,0.0028,0,16,
1784262854.463795,1784262854.471105,decode,16,0,2544,0.0028,0,16,
1784262854.471105,1784262854.477987,decode,16,0,2544,0.0028,0,16,
1784262854.477987,1784262854.484900,decode,16,0,2544,0.0028,0,16,
1784262854.484900,1784262854.492220,decode,16,0,2544,0.0028,0,16,
1784262854.492220,1784262854.499053,decode,16,0,2544,0.0028,0,16,
1784262854.499053,1784262854.506318,decode,16,0,2544,0.0028,0,16,
1784262854.506318,1784262854.513108,decode,16,0,2544,0.0028,0,16,
1784262854.513108,1784262854.520597,decode,16,0,2544,0.0028,0,16,
1784262854.520597,1784262854.527486,decode,16,0,2544,0.0028,0,16,
1784262854.527486,1784262854.534553,decode,16,0,2544,0.0028,0,16,
1784262854.534553,1784262854.542039,decode,16,0,2640,0.0029,0,16,
1784262854.542039,1784262854.548959,decode,16,0,2800,0.0031,0,16,
1784262854.548959,1784262854.556068,decode,16,0,2800,0.0031,0,16,
1784262854.556068,1784262854.562773,decode,16,0,2800,0.0031,0,16,
1784262854.562773,1784262854.570188,decode,16,0,2800,0.0031,0,16,
1784262854.570188,1784262854.577231,decode,16,0,2800,0.0031,0,16,
1784262854.577231,1784262854.584289,decode,16,0,2800,0.0031,0,16,
1784262854.584289,1784262854.591668,decode,16,0,2800,0.0031,0,16,
1784262854.591668,1784262854.598593,decode,16,0,2800,0.0031,0,16,
1784262854.598593,1784262854.605381,decode,16,0,2800,0.0031,0,16,
1784262854.605381,1784262854.612508,decode,16,0,2800,0.0031,0,16,
1784262854.612508,1784262854.619675,decode,16,0,2800,0.0031,0,16,
1784262854.619675,1784262854.626579,decode,16,0,2800,0.0031,0,16,
1784262854.626579,1784262854.633632,decode,16,0,2800,0.0031,0,16,
1784262854.633632,1784262854.641279,decode,16,0,2800,0.0031,0,16,
1784262854.641279,1784262854.648012,decode,16,0,2800,0.0031,0,16,
1784262854.648012,1784262854.655296,decode,16,0,2896,0.0032,0,16,
1784262854.655296,1784262854.662718,decode,16,0,3056,0.0034,0,16,
1784262854.662718,1784262854.669518,decode,16,0,3056,0.0034,0,16,
1784262854.669518,1784262854.676238,decode,16,0,3056,0.0034,0,16,
1784262854.676238,1784262854.683616,decode,16,0,3056,0.0034,0,16,
1784262854.683616,1784262854.690580,decode,16,0,3056,0.0034,0,16,
1784262854.690580,1784262854.697886,decode,16,0,3056,0.0034,0,16,
1784262854.697886,1784262854.704996,decode,16,0,3056,0.0034,0,16,
1784262854.704996,1784262854.712059,decode,16,0,3056,0.0034,0,16,
1784262854.712059,1784262854.719098,decode,16,0,3056,0.0034,0,16,
1784262854.719098,1784262854.726450,decode,16,0,3056,0.0034,0,16,
1784262854.726450,1784262854.733455,decode,16,0,3056,0.0034,0,16,
1784262854.733455,1784262854.740541,decode,16,0,3056,0.0034,0,16,
1784262854.740541,1784262854.747657,decode,16,0,3056,0.0034,0,16,
1784262854.747657,1784262854.754781,decode,16,0,3056,0.0034,0,16,
1784262854.754781,1784262854.761909,decode,16,0,3056,0.0034,0,16,
1784262854.761909,1784262854.768884,decode,16,0,3152,0.0035,0,16,
1784262854.768884,1784262854.775998,decode,16,0,3312,0.0037,0,16,
1784262854.775998,1784262854.782984,decode,16,0,3312,0.0037,0,16,
1784262854.782984,1784262854.790101,decode,16,0,3312,0.0037,0,16,
1784262854.790101,1784262854.797126,decode,16,0,3312,0.0037,0,16,
1784262854.797126,1784262854.804263,decode,16,0,3312,0.0037,0,16,
1784262854.804263,1784262854.811275,decode,16,0,3312,0.0037,0,16,
1784262854.811275,1784262854.818322,decode,16,0,3312,0.0037,0,16,
1784262854.818322,1784262854.825353,decode,16,0,3312,0.0037,0,16,
1784262854.825353,1784262854.832381,decode,16,0,3312,0.0037,0,16,
1784262854.832381,1784262854.839437,decode,16,0,3312,0.0037,0,16,
1784262854.839437,1784262854.846567,decode,16,0,3312,0.0037,0,16,
1784262854.846567,1784262854.853613,decode,16,0,3312,0.0037,0,16,
1784262854.853613,1784262854.860700,decode,16,0,3312,0.0037,0,16,
1784262854.860700,1784262854.867740,decode,16,0,3312,0.0037,0,16,
1784262854.867740,1784262854.874920,decode,16,0,3312,0.0037,0,16,
1784262854.874920,1784262854.882257,decode,16,0,3408,0.0038,0,16,
1784262854.882257,1784262854.889324,decode,16,0,3568,0.0040,0,16,
1784262854.889324,1784262854.896432,decode,16,0,3568,0.0040,0,16,
1784262854.896432,1784262854.903447,decode,16,0,3568,0.0040,0,16,
1784262854.903447,1784262854.910461,decode,16,0,3568,0.0040,0,16,
1784262854.910461,1784262854.917514,decode,16,0,3568,0.0040,0,16,
1784262854.917514,1784262854.924592,decode,16,0,3568,0.0040,0,16,
1784262854.924592,1784262854.931635,decode,16,0,3568,0.0040,0,16,
1784262854.931635,1784262854.938761,decode,16,0,3568,0.0040,0,16,
1784262854.938761,1784262854.945898,decode,16,0,3568,0.0040,0,16,
1784262854.945898,1784262854.952847,decode,16,0,3568,0.0040,0,16,
1784262854.952847,1784262854.960074,decode,16,0,3568,0.0040,0,16,
1784262854.960074,1784262854.967090,decode,16,0,3568,0.0040,0,16,
1784262854.967090,1784262854.974132,decode,16,0,3568,0.0040,0,16,
1784262854.974132,1784262854.981278,decode,16,0,3568,0.0040,0,16,
1784262854.981278,1784262854.988331,decode,16,0,3568,0.0040,0,16,
1784262854.988331,1784262854.995598,decode,16,0,3664,0.0041,0,16,
1784262854.995598,1784262855.002555,decode,16,0,3824,0.0042,0,16,
1784262855.002555,1784262855.009763,decode,16,0,3824,0.0042,0,16,
1784262855.009763,1784262855.016766,decode,16,0,3824,0.0042,0,16,
1784262855.016766,1784262855.023847,decode,16,0,3824,0.0042,0,16,
1784262855.023847,1784262855.031289,decode,16,0,3824,0.0042,0,16,
1784262855.031289,1784262855.038017,decode,16,0,3824,0.0042,0,16,
1784262855.038017,1784262855.045041,decode,16,0,3824,0.0042,0,16,
1784262855.045041,1784262855.052228,decode,16,0,3824,0.0042,0,16,
1784262855.052228,1784262855.059170,decode,16,0,3824,0.0042,0,16,
1784262855.059170,1784262855.066279,decode,16,0,3824,0.0042,0,16,
1784262855.066279,1784262855.073371,decode,16,0,3824,0.0042,0,16,
1784262855.073371,1784262855.080328,decode,16,0,3824,0.0042,0,16,
1784262855.080328,1784262855.087528,decode,16,0,3824,0.0042,0,16,
1784262855.087528,1784262855.094662,decode,16,0,3824,0.0042,0,16,
1784262855.094662,1784262855.101763,decode,16,0,3824,0.0042,0,16,
1784262855.101763,1784262855.108855,decode,16,0,3920,0.0043,0,16,
1784262855.108855,1784262855.115961,decode,16,0,4080,0.0045,0,16,
1784262855.115961,1784262855.123016,decode,16,0,4080,0.0045,0,16,
1784262855.123016,1784262855.130275,decode,16,0,4080,0.0045,0,16,
1784262855.130275,1784262855.137496,decode,16,0,4080,0.0045,0,16,
1784262855.137496,1784262855.144210,decode,16,0,4080,0.0045,0,16,
1784262855.144210,1784262855.151430,decode,16,0,4080,0.0045,0,16,
1784262855.151430,1784262855.158646,decode,16,0,4080,0.0045,0,16,
1784262855.158646,1784262855.165389,decode,16,0,4080,0.0045,0,16,
1784262855.165389,1784262855.172464,decode,16,0,4080,0.0045,0,16,
1784262855.172464,1784262855.179667,decode,16,0,4080,0.0045,0,16,
1784262855.179667,1784262855.186814,decode,16,0,4080,0.0045,0,16,
1784262855.186814,1784262855.193887,decode,16,0,4080,0.0045,0,16,
1784262855.193887,1784262855.200875,decode,16,0,4080,0.0045,0,16,
1784262855.200875,1784262855.208044,decode,16,0,4080,0.0045,0,16,
1784262855.208044,1784262855.215164,decode,16,0,4080,0.0045,0,16,
1784262855.215164,1784262855.222284,decode,16,0,4176,0.0046,0,16,
1784262855.222284,1784262855.229630,decode,16,0,4336,0.0048,0,16,
1784262855.229630,1784262855.236576,decode,16,0,4336,0.0048,0,16,
1784262855.236576,1784262855.243487,decode,16,0,4336,0.0048,0,16,
1784262855.243487,1784262855.250989,decode,16,0,4336,0.0048,0,16,
1784262855.250989,1784262855.257727,decode,16,0,4336,0.0048,0,16,
1784262855.257727,1784262855.264737,decode,16,0,4336,0.0048,0,16,
1784262855.264737,1784262855.271809,decode,16,0,4336,0.0048,0,16,
1784262855.271809,1784262855.278986,decode,16,0,4336,0.0048,0,16,
1784262855.278986,1784262855.286043,decode,16,0,4336,0.0048,0,16,
1784262855.286043,1784262855.293092,decode,16,0,4336,0.0048,0,16,
1784262855.293092,1784262855.300131,decode,16,0,4336,0.0048,0,16,
1784262855.300131,1784262855.307438,decode,16,0,4336,0.0048,0,16,
1784262855.307438,1784262855.314551,decode,16,0,4336,0.0048,0,16,
1784262855.314551,1784262855.321780,decode,10,0,3472,0.0038,0,16,
1784262855.321780,1784262855.331822,decode,0,0,0,0.0000,0,10,
1784262855.331822,1784262855.342814,mixed,6,0,2128,0.0024,12288,6,
1784262855.342814,1784262855.351846,mixed,16,0,2384,0.0026,20480,16,
1784262855.351846,1784262855.359002,decode,16,0,2544,0.0028,0,16,
1784262855.359002,1784262855.365964,decode,16,0,2544,0.0028,0,16,
1784262855.365964,1784262855.373132,decode,16,0,2544,0.0028,0,16,
1784262855.373132,1784262855.380023,decode,16,0,2544,0.0028,0,16,
1784262855.380023,1784262855.387110,decode,16,0,2544,0.0028,0,16,
1784262855.387110,1784262855.394294,decode,16,0,2544,0.0028,0,16,
1784262855.394294,1784262855.401363,decode,16,0,2544,0.0028,0,16,
1784262855.401363,1784262855.408480,decode,16,0,2544,0.0028,0,16,
1784262855.408480,1784262855.415544,decode,16,0,2544,0.0028,0,16,
1784262855.415544,1784262855.422693,decode,16,0,2544,0.0028,0,16,
1784262855.422693,1784262855.430238,decode,16,0,2544,0.0028,0,16,
1784262855.430238,1784262855.437272,decode,16,0,2544,0.0028,0,16,
1784262855.437272,1784262855.444018,decode,16,0,2544,0.0028,0,16,
1784262855.444018,1784262855.451250,decode,16,0,2544,0.0028,0,16,
1784262855.451250,1784262855.458305,decode,16,0,2544,0.0028,0,16,
1784262855.458305,1784262855.465379,decode,16,0,2640,0.0029,0,16,
1784262855.465379,1784262855.472456,decode,16,0,2800,0.0031,0,16,
1784262855.472456,1784262855.479615,decode,16,0,2800,0.0031,0,16,
1784262855.479615,1784262855.486645,decode,16,0,2800,0.0031,0,16,
1784262855.486645,1784262855.493986,decode,16,0,2800,0.0031,0,16,
1784262855.493986,1784262855.500988,decode,16,0,2800,0.0031,0,16,
1784262855.500988,1784262855.508060,decode,16,0,2800,0.0031,0,16,
1784262855.508060,1784262855.515157,decode,16,0,2800,0.0031,0,16,
1784262855.515157,1784262855.522231,decode,16,0,2800,0.0031,0,16,
1784262855.522231,1784262855.529297,decode,16,0,2800,0.0031,0,16,
1784262855.529297,1784262855.536639,decode,16,0,2800,0.0031,0,16,
1784262855.536639,1784262855.543626,decode,16,0,2800,0.0031,0,16,
1784262855.543626,1784262855.550605,decode,16,0,2800,0.0031,0,16,
1784262855.550605,1784262855.557631,decode,16,0,2800,0.0031,0,16,
1784262855.557631,1784262855.564693,decode,16,0,2800,0.0031,0,16,
1784262855.564693,1784262855.571917,decode,16,0,2800,0.0031,0,16,
1784262855.571917,1784262855.579043,decode,16,0,2896,0.0032,0,16,
1784262855.579043,1784262855.586127,decode,16,0,3056,0.0034,0,16,
1784262855.586127,1784262855.593181,decode,16,0,3056,0.0034,0,16,
1784262855.593181,1784262855.600238,decode,16,0,3056,0.0034,0,16,
1784262855.600238,1784262855.607335,decode,16,0,3056,0.0034,0,16,
1784262855.607335,1784262855.614371,decode,16,0,3056,0.0034,0,16,
1784262855.614371,1784262855.621481,decode,16,0,3056,0.0034,0,16,
1784262855.621481,1784262855.628690,decode,16,0,3056,0.0034,0,16,
1784262855.628690,1784262855.635592,decode,16,0,3056,0.0034,0,16,
1784262855.635592,1784262855.642848,decode,16,0,3056,0.0034,0,16,
1784262855.642848,1784262855.649921,decode,16,0,3056,0.0034,0,16,
1784262855.649921,1784262855.656770,decode,16,0,3056,0.0034,0,16,
1784262855.656770,1784262855.663785,decode,16,0,3056,0.0034,0,16,
1784262855.663785,1784262855.670983,decode,16,0,3056,0.0034,0,16,
1784262855.670983,1784262855.678051,decode,16,0,3056,0.0034,0,16,
1784262855.678051,1784262855.687039,decode,16,0,3056,0.0034,0,16,
1784262855.687039,1784262855.694495,decode,16,0,3152,0.0035,0,16,
1784262855.694495,1784262855.701344,decode,16,0,3312,0.0037,0,16,
1784262855.701344,1784262855.708474,decode,16,0,3312,0.0037,0,16,
1784262855.708474,1784262855.715466,decode,16,0,3312,0.0037,0,16,
1784262855.715466,1784262855.722594,decode,16,0,3312,0.0037,0,16,
1784262855.722594,1784262855.729910,decode,16,0,3312,0.0037,0,16,
1784262855.729910,1784262855.736930,decode,16,0,3312,0.0037,0,16,
1784262855.736930,1784262855.744444,decode,16,0,3312,0.0037,0,16,
1784262855.744444,1784262855.751664,decode,16,0,3312,0.0037,0,16,
1784262855.751664,1784262855.758536,decode,16,0,3312,0.0037,0,16,
1784262855.758536,1784262855.765408,decode,16,0,3312,0.0037,0,16,
1784262855.765408,1784262855.772570,decode,16,0,3312,0.0037,0,16,
1784262855.772570,1784262855.779730,decode,16,0,3312,0.0037,0,16,
1784262855.779730,1784262855.787083,decode,16,0,3312,0.0037,0,16,
1784262855.787083,1784262855.794220,decode,16,0,3312,0.0037,0,16,
1784262855.794220,1784262855.801404,decode,16,0,3312,0.0037,0,16,
1784262855.801404,1784262855.808635,decode,16,0,3408,0.0038,0,16,
1784262855.808635,1784262855.815676,decode,16,0,3568,0.0040,0,16,
1784262855.815676,1784262855.822777,decode,16,0,3568,0.0040,0,16,
1784262855.822777,1784262855.829801,decode,16,0,3568,0.0040,0,16,
1784262855.829801,1784262855.836868,decode,16,0,3568,0.0040,0,16,
1784262855.836868,1784262855.844303,decode,16,0,3568,0.0040,0,16,
1784262855.844303,1784262855.850980,decode,16,0,3568,0.0040,0,16,
1784262855.850980,1784262855.858179,decode,16,0,3568,0.0040,0,16,
1784262855.858179,1784262855.865407,decode,16,0,3568,0.0040,0,16,
1784262855.865407,1784262855.872791,decode,16,0,3568,0.0040,0,16,
1784262855.872791,1784262855.879996,decode,16,0,3568,0.0040,0,16,
1784262855.879996,1784262855.887067,decode,16,0,3568,0.0040,0,16,
1784262855.887067,1784262855.894175,decode,16,0,3568,0.0040,0,16,
1784262855.894175,1784262855.901320,decode,16,0,3568,0.0040,0,16,
1784262855.901320,1784262855.908456,decode,16,0,3568,0.0040,0,16,
1784262855.908456,1784262855.915540,decode,16,0,3568,0.0040,0,16,
1784262855.915540,1784262855.922729,decode,16,0,3664,0.0041,0,16,
1784262855.922729,1784262855.929814,decode,16,0,3824,0.0042,0,16,
1784262855.929814,1784262855.936953,decode,16,0,3824,0.0042,0,16,
1784262855.936953,1784262855.944194,decode,16,0,3824,0.0042,0,16,
1784262855.944194,1784262855.951534,decode,16,0,3824,0.0042,0,16,
1784262855.951534,1784262855.958672,decode,16,0,3824,0.0042,0,16,
1784262855.958672,1784262855.966138,decode,16,0,3824,0.0042,0,16,
1784262855.966138,1784262855.972919,decode,16,0,3824,0.0042,0,16,
1784262855.972919,1784262855.979834,decode,16,0,3824,0.0042,0,16,
1784262855.979834,1784262855.987198,decode,16,0,3824,0.0042,0,16,
1784262855.987198,1784262855.994273,decode,16,0,3824,0.0042,0,16,
1784262855.994273,1784262856.001311,decode,16,0,3824,0.0042,0,16,
1784262856.001311,1784262856.008592,decode,16,0,3824,0.0042,0,16,
1784262856.008592,1784262856.015706,decode,16,0,3824,0.0042,0,16,
1784262856.015706,1784262856.022891,decode,16,0,3824,0.0042,0,16,
1784262856.022891,1784262856.030216,decode,16,0,3824,0.0042,0,16,
1784262856.030216,1784262856.037486,decode,16,0,3920,0.0043,0,16,
1784262856.037486,1784262856.044256,decode,16,0,4080,0.0045,0,16,
1784262856.044256,1784262856.051505,decode,16,0,4080,0.0045,0,16,
1784262856.051505,1784262856.058690,decode,16,0,4080,0.0045,0,16,
1784262856.058690,1784262856.065461,decode,16,0,4080,0.0045,0,16,
1784262856.065461,1784262856.072557,decode,16,0,4080,0.0045,0,16,
1784262856.072557,1784262856.079723,decode,16,0,4080,0.0045,0,16,
1784262856.079723,1784262856.086890,decode,16,0,4080,0.0045,0,16,
1784262856.086890,1784262856.093929,decode,16,0,4080,0.0045,0,16,
1784262856.093929,1784262856.101150,decode,16,0,4080,0.0045,0,16,
1784262856.101150,1784262856.108142,decode,16,0,4080,0.0045,0,16,
1784262856.108142,1784262856.115295,decode,16,0,4080,0.0045,0,16,
1784262856.115295,1784262856.122448,decode,16,0,4080,0.0045,0,16,
1784262856.122448,1784262856.129950,decode,16,0,4080,0.0045,0,16,
1784262856.129950,1784262856.136847,decode,16,0,4080,0.0045,0,16,
1784262856.136847,1784262856.144330,decode,16,0,4080,0.0045,0,16,
1784262856.144330,1784262856.151131,decode,16,0,4176,0.0046,0,16,
1784262856.151131,1784262856.158228,decode,16,0,4336,0.0048,0,16,
1784262856.158228,1784262856.165320,decode,16,0,4336,0.0048,0,16,
1784262856.165320,1784262856.172414,decode,16,0,4336,0.0048,0,16,
1784262856.172414,1784262856.179484,decode,16,0,4336,0.0048,0,16,
1784262856.179484,1784262856.186925,decode,16,0,4336,0.0048,0,16,
1784262856.186925,1784262856.194214,decode,16,0,4336,0.0048,0,16,
1784262856.194214,1784262856.201120,decode,16,0,4336,0.0048,0,16,
1784262856.201120,1784262856.208614,decode,16,0,4336,0.0048,0,16,
1784262856.208614,1784262856.215771,decode,16,0,4336,0.0048,0,16,
1784262856.215771,1784262856.222733,decode,16,0,4336,0.0048,0,16,
1784262856.222733,1784262856.229947,decode,16,0,4336,0.0048,0,16,
1784262856.229947,1784262856.236975,decode,16,0,4336,0.0048,0,16,
1784262856.236975,1784262856.245044,decode,16,0,4336,0.0048,0,16,
1784262856.245044,1784262856.252032,decode,10,0,3472,0.0038,0,16,
1784262856.252032,1784262856.262487,decode,0,0,0,0.0000,0,10,
1784262856.262487,1784262856.275988,mixed,6,0,2128,0.0024,12288,6,
1784262856.275988,1784262856.285443,mixed,16,0,2384,0.0026,20480,16,
1784262856.285443,1784262856.292468,decode,16,0,2544,0.0028,0,16,
1784262856.292468,1784262856.299955,decode,16,0,2544,0.0028,0,16,
1784262856.299955,1784262856.307133,decode,16,0,2544,0.0028,0,16,
1784262856.307133,1784262856.314466,decode,16,0,2544,0.0028,0,16,
1784262856.314466,1784262856.321640,decode,16,0,2544,0.0028,0,16,
1784262856.321640,1784262856.329070,decode,16,0,2544,0.0028,0,16,
1784262856.329070,1784262856.336641,decode,16,0,2544,0.0028,0,16,
1784262856.336641,1784262856.343657,decode,16,0,2544,0.0028,0,16,
1784262856.343657,1784262856.351524,decode,16,0,2544,0.0028,0,16,
1784262856.351524,1784262856.358537,decode,16,0,2544,0.0028,0,16,
1784262856.358537,1784262856.366199,decode,16,0,2544,0.0028,0,16,
1784262856.366199,1784262856.373517,decode,16,0,2544,0.0028,0,16,
1784262856.373517,1784262856.381128,decode,16,0,2544,0.0028,0,16,
1784262856.381128,1784262856.388225,decode,16,0,2544,0.0028,0,16,
1784262856.388225,1784262856.395576,decode,16,0,2544,0.0028,0,16,
1784262856.395576,1784262856.402823,decode,16,0,2640,0.0029,0,16,
1784262856.402823,1784262856.410347,decode,16,0,2800,0.0031,0,16,
1784262856.410347,1784262856.417570,decode,16,0,2800,0.0031,0,16,
1784262856.417570,1784262856.425056,decode,16,0,2800,0.0031,0,16,
1784262856.425056,1784262856.431865,decode,16,0,2800,0.0031,0,16,
1784262856.431865,1784262856.439161,decode,16,0,2800,0.0031,0,16,
1784262856.439161,1784262856.446640,decode,16,0,2800,0.0031,0,16,
1784262856.446640,1784262856.453817,decode,16,0,2800,0.0031,0,16,
1784262856.453817,1784262856.461388,decode,16,0,2800,0.0031,0,16,
1784262856.461388,1784262856.468552,decode,16,0,2800,0.0031,0,16,
1784262856.468552,1784262856.476068,decode,16,0,2800,0.0031,0,16,
1784262856.476068,1784262856.483209,decode,16,0,2800,0.0031,0,16,
1784262856.483209,1784262856.490688,decode,16,0,2800,0.0031,0,16,
1784262856.490688,1784262856.497798,decode,16,0,2800,0.0031,0,16,
1784262856.497798,1784262856.505150,decode,16,0,2800,0.0031,0,16,
1784262856.505150,1784262856.512555,decode,16,0,2800,0.0031,0,16,
1784262856.512555,1784262856.519654,decode,16,0,2896,0.0032,0,16,
1784262856.519654,1784262856.526965,decode,16,0,3056,0.0034,0,16,
1784262856.526965,1784262856.534417,decode,16,0,3056,0.0034,0,16,
1784262856.534417,1784262856.541635,decode,16,0,3056,0.0034,0,16,
1784262856.541635,1784262856.548900,decode,16,0,3056,0.0034,0,16,
1784262856.548900,1784262856.556403,decode,16,0,3056,0.0034,0,16,
1784262856.556403,1784262856.563751,decode,16,0,3056,0.0034,0,16,
1784262856.563751,1784262856.571056,decode,16,0,3056,0.0034,0,16,
1784262856.571056,1784262856.578325,decode,16,0,3056,0.0034,0,16,
1784262856.578325,1784262856.585482,decode,16,0,3056,0.0034,0,16,
1784262856.585482,1784262856.592825,decode,16,0,3056,0.0034,0,16,
1784262856.592825,1784262856.599984,decode,16,0,3056,0.0034,0,16,
1784262856.599984,1784262856.607394,decode,16,0,3056,0.0034,0,16,
1784262856.607394,1784262856.614465,decode,16,0,3056,0.0034,0,16,
1784262856.614465,1784262856.621794,decode,16,0,3056,0.0034,0,16,
1784262856.621794,1784262856.629200,decode,16,0,3056,0.0034,0,16,
1784262856.629200,1784262856.636369,decode,16,0,3152,0.0035,0,16,
1784262856.636369,1784262856.643484,decode,16,0,3312,0.0037,0,16,
1784262856.643484,1784262856.650601,decode,16,0,3312,0.0037,0,16,
1784262856.650601,1784262856.657574,decode,16,0,3312,0.0037,0,16,
1784262856.657574,1784262856.664603,decode,16,0,3312,0.0037,0,16,
1784262856.664603,1784262856.671941,decode,16,0,3312,0.0037,0,16,
1784262856.671941,1784262856.678781,decode,16,0,3312,0.0037,0,16,
1784262856.678781,1784262856.685774,decode,16,0,3312,0.0037,0,16,
1784262856.685774,1784262856.693312,decode,16,0,3312,0.0037,0,16,
1784262856.693312,1784262856.700452,decode,16,0,3312,0.0037,0,16,
1784262856.700452,1784262856.707381,decode,16,0,3312,0.0037,0,16,
1784262856.707381,1784262856.714385,decode,16,0,3312,0.0037,0,16,
1784262856.714385,1784262856.721733,decode,16,0,3312,0.0037,0,16,
1784262856.721733,1784262856.728627,decode,16,0,3312,0.0037,0,16,
1784262856.728627,1784262856.735731,decode,16,0,3312,0.0037,0,16,
1784262856.735731,1784262856.742896,decode,16,0,3312,0.0037,0,16,
1784262856.742896,1784262856.749955,decode,16,0,3408,0.0038,0,16,
1784262856.749955,1784262856.756994,decode,16,0,3568,0.0040,0,16,
1784262856.756994,1784262856.764203,decode,16,0,3568,0.0040,0,16,
1784262856.764203,1784262856.771206,decode,16,0,3568,0.0040,0,16,
1784262856.771206,1784262856.778189,decode,16,0,3568,0.0040,0,16,
1784262856.778189,1784262856.785346,decode,16,0,3568,0.0040,0,16,
1784262856.785346,1784262856.792379,decode,16,0,3568,0.0040,0,16,
1784262856.792379,1784262856.799384,decode,16,0,3568,0.0040,0,16,
1784262856.799384,1784262856.806430,decode,16,0,3568,0.0040,0,16,
1784262856.806430,1784262856.813699,decode,16,0,3568,0.0040,0,16,
1784262856.813699,1784262856.820738,decode,16,0,3568,0.0040,0,16,
1784262856.820738,1784262856.827598,decode,16,0,3568,0.0040,0,16,
1784262856.827598,1784262856.834838,decode,16,0,3568,0.0040,0,16,
1784262856.834838,1784262856.842084,decode,16,0,3568,0.0040,0,16,
1784262856.842084,1784262856.848980,decode,16,0,3568,0.0040,0,16,
1784262856.848980,1784262856.856216,decode,16,0,3568,0.0040,0,16,
1784262856.856216,1784262856.863292,decode,16,0,3664,0.0041,0,16,
1784262856.863292,1784262856.870498,decode,16,0,3824,0.0042,0,16,
1784262856.870498,1784262856.877503,decode,16,0,3824,0.0042,0,16,
1784262856.877503,1784262856.884394,decode,16,0,3824,0.0042,0,16,
1784262856.884394,1784262856.891576,decode,16,0,3824,0.0042,0,16,
1784262856.891576,1784262856.898753,decode,16,0,3824,0.0042,0,16,
1784262856.898753,1784262856.905516,decode,16,0,3824,0.0042,0,16,
1784262856.905516,1784262856.912807,decode,16,0,3824,0.0042,0,16,
1784262856.912807,1784262856.920091,decode,16,0,3824,0.0042,0,16,
1784262856.920091,1784262856.927282,decode,16,0,3824,0.0042,0,16,
1784262856.927282,1784262856.934365,decode,16,0,3824,0.0042,0,16,
1784262856.934365,1784262856.941401,decode,16,0,3824,0.0042,0,16,
1784262856.941401,1784262856.948541,decode,16,0,3824,0.0042,0,16,
1784262856.948541,1784262856.955572,decode,16,0,3824,0.0042,0,16,
1784262856.955572,1784262856.962672,decode,16,0,3824,0.0042,0,16,
1784262856.962672,1784262856.969603,decode,16,0,3824,0.0042,0,16,
1784262856.969603,1784262856.976829,decode,16,0,3920,0.0043,0,16,
1784262856.976829,1784262856.983728,decode,16,0,4080,0.0045,0,16,
1784262856.983728,1784262856.990990,decode,16,0,4080,0.0045,0,16,
1784262856.990990,1784262856.998270,decode,16,0,4080,0.0045,0,16,
1784262856.998270,1784262857.005613,decode,16,0,4080,0.0045,0,16,
1784262857.005613,1784262857.012986,decode,16,0,4080,0.0045,0,16,
1784262857.012986,1784262857.020174,decode,16,0,4080,0.0045,0,16,
1784262857.020174,1784262857.027416,decode,16,0,4080,0.0045,0,16,
1784262857.027416,1784262857.034667,decode,16,0,4080,0.0045,0,16,
1784262857.034667,1784262857.044614,decode,16,0,4080,0.0045,0,16,
1784262857.044614,1784262857.052094,decode,16,0,4080,0.0045,0,16,
1784262857.052094,1784262857.059373,decode,16,0,4080,0.0045,0,16,
1784262857.059373,1784262857.066622,decode,16,0,4080,0.0045,0,16,
1784262857.066622,1784262857.073940,decode,16,0,4080,0.0045,0,16,
1784262857.073940,1784262857.081318,decode,16,0,4080,0.0045,0,16,
1784262857.081318,1784262857.088506,decode,16,0,4080,0.0045,0,16,
1784262857.088506,1784262857.095743,decode,16,0,4176,0.0046,0,16,
1784262857.095743,1784262857.103005,decode,16,0,4336,0.0048,0,16,
1784262857.103005,1784262857.110271,decode,16,0,4336,0.0048,0,16,
1784262857.110271,1784262857.117643,decode,16,0,4336,0.0048,0,16,
1784262857.117643,1784262857.124640,decode,16,0,4336,0.0048,0,16,
1784262857.124640,1784262857.131711,decode,16,0,4336,0.0048,0,16,
1784262857.131711,1784262857.138843,decode,16,0,4336,0.0048,0,16,
1784262857.138843,1784262857.145900,decode,16,0,4336,0.0048,0,16,
1784262857.145900,1784262857.153031,decode,16,0,4336,0.0048,0,16,
1784262857.153031,1784262857.160247,decode,16,0,4336,0.0048,0,16,
1784262857.160247,1784262857.167151,decode,16,0,4336,0.0048,0,16,
1784262857.167151,1784262857.174443,decode,16,0,4336,0.0048,0,16,
1784262857.174443,1784262857.181475,decode,16,0,4336,0.0048,0,16,
1784262857.181475,1784262857.188719,decode,16,0,4336,0.0048,0,16,
1784262857.188719,1784262857.196442,decode,10,0,3472,0.0038,0,16,
1784262857.196442,1784262857.207201,decode,0,0,0,0.0000,0,10,
1784262857.207201,1784262857.219670,mixed,6,0,2128,0.0024,12288,6,
1784262857.219670,1784262857.229673,mixed,16,0,2384,0.0026,20480,16,
1784262857.229673,1784262857.236517,decode,16,0,2544,0.0028,0,16,
1784262857.236517,1784262857.243778,decode,16,0,2544,0.0028,0,16,
1784262857.243778,1784262857.251053,decode,16,0,2544,0.0028,0,16,
1784262857.251053,1784262857.258291,decode,16,0,2544,0.0028,0,16,
1784262857.258291,1784262857.265526,decode,16,0,2544,0.0028,0,16,
1784262857.265526,1784262857.272703,decode,16,0,2544,0.0028,0,16,
1784262857.272703,1784262857.279869,decode,16,0,2544,0.0028,0,16,
1784262857.279869,1784262857.287186,decode,16,0,2544,0.0028,0,16,
1784262857.287186,1784262857.294315,decode,16,0,2544,0.0028,0,16,
1784262857.294315,1784262857.301620,decode,16,0,2544,0.0028,0,16,
1784262857.301620,1784262857.308768,decode,16,0,2544,0.0028,0,16,
1784262857.308768,1784262857.316002,decode,16,0,2544,0.0028,0,16,
1784262857.316002,1784262857.323289,decode,16,0,2544,0.0028,0,16,
1784262857.323289,1784262857.330458,decode,16,0,2544,0.0028,0,16,
1784262857.330458,1784262857.337836,decode,16,0,2544,0.0028,0,16,
1784262857.337836,1784262857.345174,decode,16,0,2640,0.0029,0,16,
1784262857.345174,1784262857.352329,decode,16,0,2800,0.0031,0,16,
1784262857.352329,1784262857.359507,decode,16,0,2800,0.0031,0,16,
1784262857.359507,1784262857.366887,decode,16,0,2800,0.0031,0,16,
1784262857.366887,1784262857.373832,decode,16,0,2800,0.0031,0,16,
1784262857.373832,1784262857.380919,decode,16,0,2800,0.0031,0,16,
1784262857.380919,1784262857.387984,decode,16,0,2800,0.0031,0,16,
1784262857.387984,1784262857.395061,decode,16,0,2800,0.0031,0,16,
1784262857.395061,1784262857.402177,decode,16,0,2800,0.0031,0,16,
1784262857.402177,1784262857.409232,decode,16,0,2800,0.0031,0,16,
1784262857.409232,1784262857.416082,decode,16,0,2800,0.0031,0,16,
1784262857.416082,1784262857.423156,decode,16,0,2800,0.0031,0,16,
1784262857.423156,1784262857.430204,decode,16,0,2800,0.0031,0,16,
1784262857.430204,1784262857.437374,decode,16,0,2800,0.0031,0,16,
1784262857.437374,1784262857.444357,decode,16,0,2800,0.0031,0,16,
1784262857.444357,1784262857.451655,decode,16,0,2800,0.0031,0,16,
1784262857.451655,1784262857.458865,decode,16,0,2896,0.0032,0,16,
1784262857.458865,1784262857.465845,decode,16,0,3056,0.0034,0,16,
1784262857.465845,1784262857.472770,decode,16,0,3056,0.0034,0,16,
1784262857.472770,1784262857.480160,decode,16,0,3056,0.0034,0,16,
1784262857.480160,1784262857.487351,decode,16,0,3056,0.0034,0,16,
1784262857.487351,1784262857.494287,decode,16,0,3056,0.0034,0,16,
1784262857.494287,1784262857.501484,decode,16,0,3056,0.0034,0,16,
1784262857.501484,1784262857.508594,decode,16,0,3056,0.0034,0,16,
1784262857.508594,1784262857.515583,decode,16,0,3056,0.0034,0,16,
1784262857.515583,1784262857.522781,decode,16,0,3056,0.0034,0,16,
1784262857.522781,1784262857.529821,decode,16,0,3056,0.0034,0,16,
1784262857.529821,1784262857.536771,decode,16,0,3056,0.0034,0,16,
1784262857.536771,1784262857.543995,decode,16,0,3056,0.0034,0,16,
1784262857.543995,1784262857.551204,decode,16,0,3056,0.0034,0,16,
1784262857.551204,1784262857.558485,decode,16,0,3056,0.0034,0,16,
1784262857.558485,1784262857.565522,decode,16,0,3056,0.0034,0,16,
1784262857.565522,1784262857.572628,decode,16,0,3152,0.0035,0,16,
1784262857.572628,1784262857.579700,decode,16,0,3312,0.0037,0,16,
1784262857.579700,1784262857.586788,decode,16,0,3312,0.0037,0,16,
1784262857.586788,1784262857.593843,decode,16,0,3312,0.0037,0,16,
1784262857.593843,1784262857.600831,decode,16,0,3312,0.0037,0,16,
1784262857.600831,1784262857.608158,decode,16,0,3312,0.0037,0,16,
1784262857.608158,1784262857.615156,decode,16,0,3312,0.0037,0,16,
1784262857.615156,1784262857.622237,decode,16,0,3312,0.0037,0,16,
1784262857.622237,1784262857.629285,decode,16,0,3312,0.0037,0,16,
1784262857.629285,1784262857.636351,decode,16,0,3312,0.0037,0,16,
1784262857.636351,1784262857.643382,decode,16,0,3312,0.0037,0,16,
1784262857.643382,1784262857.650398,decode,16,0,3312,0.0037,0,16,
1784262857.650398,1784262857.657758,decode,16,0,3312,0.0037,0,16,
1784262857.657758,1784262857.664854,decode,16,0,3312,0.0037,0,16,
1784262857.664854,1784262857.672280,decode,16,0,3312,0.0037,0,16,
1784262857.672280,1784262857.679415,decode,16,0,3312,0.0037,0,16,
1784262857.679415,1784262857.686494,decode,16,0,3408,0.0038,0,16,
1784262857.686494,1784262857.693581,decode,16,0,3568,0.0040,0,16,
1784262857.693581,1784262857.701118,decode,16,0,3568,0.0040,0,16,
1784262857.701118,1784262857.708049,decode,16,0,3568,0.0040,0,16,
1784262857.708049,1784262857.715289,decode,16,0,3568,0.0040,0,16,
1784262857.715289,1784262857.722374,decode,16,0,3568,0.0040,0,16,
1784262857.722374,1784262857.729387,decode,16,0,3568,0.0040,0,16,
1784262857.729387,1784262857.736405,decode,16,0,3568,0.0040,0,16,
1784262857.736405,1784262857.743371,decode,16,0,3568,0.0040,0,16,
1784262857.743371,1784262857.750607,decode,16,0,3568,0.0040,0,16,
1784262857.750607,1784262857.757734,decode,16,0,3568,0.0040,0,16,
1784262857.757734,1784262857.764797,decode,16,0,3568,0.0040,0,16,
1784262857.764797,1784262857.771895,decode,16,0,3568,0.0040,0,16,
1784262857.771895,1784262857.779062,decode,16,0,3568,0.0040,0,16,
1784262857.779062,1784262857.786074,decode,16,0,3568,0.0040,0,16,
1784262857.786074,1784262857.793113,decode,16,0,3568,0.0040,0,16,
1784262857.793113,1784262857.800563,decode,16,0,3664,0.0041,0,16,
1784262857.800563,1784262857.807591,decode,16,0,3824,0.0042,0,16,
1784262857.807591,1784262857.814707,decode,16,0,3824,0.0042,0,16,
1784262857.814707,1784262857.821651,decode,16,0,3824,0.0042,0,16,
1784262857.821651,1784262857.829196,decode,16,0,3824,0.0042,0,16,
1784262857.829196,1784262857.836219,decode,16,0,3824,0.0042,0,16,
1784262857.836219,1784262857.843170,decode,16,0,3824,0.0042,0,16,
1784262857.843170,1784262857.850443,decode,16,0,3824,0.0042,0,16,
1784262857.850443,1784262857.857367,decode,16,0,3824,0.0042,0,16,
1784262857.857367,1784262857.864722,decode,16,0,3824,0.0042,0,16,
1784262857.864722,1784262857.871783,decode,16,0,3824,0.0042,0,16,
1784262857.871783,1784262857.878905,decode,16,0,3824,0.0042,0,16,
1784262857.878905,1784262857.885892,decode,16,0,3824,0.0042,0,16,
1784262857.885892,1784262857.893143,decode,16,0,3824,0.0042,0,16,
1784262857.893143,1784262857.900008,decode,16,0,3824,0.0042,0,16,
1784262857.900008,1784262857.907316,decode,16,0,3824,0.0042,0,16,
1784262857.907316,1784262857.914423,decode,16,0,3920,0.0043,0,16,
1784262857.914423,1784262857.921538,decode,16,0,4080,0.0045,0,16,
1784262857.921538,1784262857.928330,decode,16,0,4080,0.0045,0,16,
1784262857.928330,1784262857.935658,decode,16,0,4080,0.0045,0,16,
1784262857.935658,1784262857.942805,decode,16,0,4080,0.0045,0,16,
1784262857.942805,1784262858.092717,decode,16,0,4080,0.0045,0,16,
1784262858.092717,1784262858.092857,decode,16,0,4080,0.0045,0,16,
1784262858.092857,1784262858.092956,decode,16,0,4080,0.0045,0,16,
1784262858.092956,1784262858.093050,decode,16,0,4080,0.0045,0,16,
1784262858.093050,1784262858.093148,decode,16,0,4080,0.0045,0,16,
1784262858.093148,1784262858.093240,decode,16,0,4080,0.0045,0,16,
1784262858.093240,1784262858.093335,decode,16,0,4080,0.0045,0,16,
1784262858.093335,1784262858.093431,decode,16,0,4080,0.0045,0,16,
1784262858.093431,1784262858.093521,decode,16,0,4080,0.0045,0,16,
1784262858.093521,1784262858.093614,decode,16,0,4080,0.0045,0,16,
1784262858.093614,1784262858.093704,decode,16,0,4080,0.0045,0,16,
1784262858.093704,1784262858.093794,decode,16,0,4176,0.0046,0,16,
1784262858.093794,1784262858.093890,decode,16,0,4336,0.0048,0,16,
1784262858.093890,1784262858.093987,decode,16,0,4336,0.0048,0,16,
1784262858.093987,1784262858.094075,decode,16,0,4336,0.0048,0,16,
1784262858.094075,1784262858.094165,decode,16,0,4336,0.0048,0,16,
1784262858.094165,1784262858.094261,decode,16,0,4336,0.0048,0,16,
1784262858.094261,1784262858.094354,decode,16,0,4336,0.0048,0,16,
1784262858.094354,1784262858.094446,decode,16,0,4336,0.0048,0,16,
1784262858.094446,1784262858.094540,decode,16,0,4336,0.0048,0,16,
1784262858.094540,1784262858.094629,decode,16,0,4336,0.0048,0,16,
1784262858.094629,1784262858.098819,decode,16,0,4336,0.0048,0,16,
1784262858.098819,1784262858.105863,decode,16,0,4336,0.0048,0,16,
1784262858.105863,1784262858.112877,decode,16,0,4336,0.0048,0,16,
1784262858.112877,1784262858.120026,decode,16,0,4336,0.0048,0,16,
1784262858.120026,1784262858.127491,decode,10,0,3472,0.0038,0,16,
1784262858.127491,1784262858.138031,decode,0,0,0,0.0000,0,10,
1784262858.138031,1784262858.150875,mixed,6,0,2128,0.0024,12288,6,
1784262858.150875,1784262858.160189,mixed,16,0,2384,0.0026,20480,16,
1784262858.160189,1784262858.167674,decode,16,0,2544,0.0028,0,16,
1784262858.167674,1784262858.174886,decode,16,0,2544,0.0028,0,16,
1784262858.174886,1784262858.182053,decode,16,0,2544,0.0028,0,16,
1784262858.182053,1784262858.189538,decode,16,0,2544,0.0028,0,16,
1784262858.189538,1784262858.196565,decode,16,0,2544,0.0028,0,16,
1784262858.196565,1784262858.203770,decode,16,0,2544,0.0028,0,16,
1784262858.203770,1784262858.210939,decode,16,0,2544,0.0028,0,16,
1784262858.210939,1784262858.218411,decode,16,0,2544,0.0028,0,16,
1784262858.218411,1784262858.225510,decode,16,0,2544,0.0028,0,16,
1784262858.225510,1784262858.233063,decode,16,0,2544,0.0028,0,16,
1784262858.233063,1784262858.240187,decode,16,0,2544,0.0028,0,16,
1784262858.240187,1784262858.247321,decode,16,0,2544,0.0028,0,16,
1784262858.247321,1784262858.254462,decode,16,0,2544,0.0028,0,16,
1784262858.254462,1784262858.261656,decode,16,0,2544,0.0028,0,16,
1784262858.261656,1784262858.269241,decode,16,0,2544,0.0028,0,16,
1784262858.269241,1784262858.276293,decode,16,0,2640,0.0029,0,16,
1784262858.276293,1784262858.283513,decode,16,0,2800,0.0031,0,16,
1784262858.283513,1784262858.290829,decode,16,0,2800,0.0031,0,16,
1784262858.290829,1784262858.298073,decode,16,0,2800,0.0031,0,16,
1784262858.298073,1784262858.305293,decode,16,0,2800,0.0031,0,16,
1784262858.305293,1784262858.312448,decode,16,0,2800,0.0031,0,16,
1784262858.312448,1784262858.319575,decode,16,0,2800,0.0031,0,16,
1784262858.319575,1784262858.326546,decode,16,0,2800,0.0031,0,16,
1784262858.326546,1784262858.333568,decode,16,0,2800,0.0031,0,16,
1784262858.333568,1784262858.340560,decode,16,0,2800,0.0031,0,16,
1784262858.340560,1784262858.347647,decode,16,0,2800,0.0031,0,16,
1784262858.347647,1784262858.354730,decode,16,0,2800,0.0031,0,16,
1784262858.354730,1784262858.361844,decode,16,0,2800,0.0031,0,16,
1784262858.361844,1784262858.368754,decode,16,0,2800,0.0031,0,16,
1784262858.368754,1784262858.375793,decode,16,0,2800,0.0031,0,16,
1784262858.375793,1784262858.382990,decode,16,0,2800,0.0031,0,16,
1784262858.382990,1784262858.390141,decode,16,0,2896,0.0032,0,16,
1784262858.390141,1784262858.396964,decode,16,0,3056,0.0034,0,16,
1784262858.396964,1784262858.404220,decode,16,0,3056,0.0034,0,16,
1784262858.404220,1784262858.411141,decode,16,0,3056,0.0034,0,16,
1784262858.411141,1784262858.418714,decode,16,0,3056,0.0034,0,16,
1784262858.418714,1784262858.425438,decode,16,0,3056,0.0034,0,16,
1784262858.425438,1784262858.433638,decode,16,0,3056,0.0034,0,16,
1784262858.433638,1784262858.440796,decode,16,0,3056,0.0034,0,16,
1784262858.440796,1784262858.447898,decode,16,0,3056,0.0034,0,16,
1784262858.447898,1784262858.454907,decode,16,0,3056,0.0034,0,16,
1784262858.454907,1784262858.461894,decode,16,0,3056,0.0034,0,16,
1784262858.461894,1784262858.468861,decode,16,0,3056,0.0034,0,16,
1784262858.468861,1784262858.475928,decode,16,0,3056,0.0034,0,16,
1784262858.475928,1784262858.483200,decode,16,0,3056,0.0034,0,16,
1784262858.483200,1784262858.490497,decode,16,0,3056,0.0034,0,16,
1784262858.490497,1784262858.497644,decode,16,0,3056,0.0034,0,16,
1784262858.497644,1784262858.504656,decode,16,0,3152,0.0035,0,16,
1784262858.504656,1784262858.511692,decode,16,0,3312,0.0037,0,16,
1784262858.511692,1784262858.518837,decode,16,0,3312,0.0037,0,16,
1784262858.518837,1784262858.525801,decode,16,0,3312,0.0037,0,16,
1784262858.525801,1784262858.532937,decode,16,0,3312,0.0037,0,16,
1784262858.532937,1784262858.539952,decode,16,0,3312,0.0037,0,16,
1784262858.539952,1784262858.547184,decode,16,0,3312,0.0037,0,16,
1784262858.547184,1784262858.554054,decode,16,0,3312,0.0037,0,16,
1784262858.554054,1784262858.561099,decode,16,0,3312,0.0037,0,16,
1784262858.561099,1784262858.568268,decode,16,0,3312,0.0037,0,16,
1784262858.568268,1784262858.575330,decode,16,0,3312,0.0037,0,16,
1784262858.575330,1784262858.582361,decode,16,0,3312,0.0037,0,16,
1784262858.582361,1784262858.589432,decode,16,0,3312,0.0037,0,16,
1784262858.589432,1784262858.596711,decode,16,0,3312,0.0037,0,16,
1784262858.596711,1784262858.603868,decode,16,0,3312,0.0037,0,16,
1784262858.603868,1784262858.610647,decode,16,0,3312,0.0037,0,16,
1784262858.610647,1784262858.617937,decode,16,0,3408,0.0038,0,16,
1784262858.617937,1784262858.624957,decode,16,0,3568,0.0040,0,16,
1784262858.624957,1784262858.631920,decode,16,0,3568,0.0040,0,16,
1784262858.631920,1784262858.639148,decode,16,0,3568,0.0040,0,16,
1784262858.639148,1784262858.646498,decode,16,0,3568,0.0040,0,16,
1784262858.646498,1784262858.653420,decode,16,0,3568,0.0040,0,16,
1784262858.653420,1784262858.660137,decode,16,0,3568,0.0040,0,16,
1784262858.660137,1784262858.667580,decode,16,0,3568,0.0040,0,16,
1784262858.667580,1784262858.674695,decode,16,0,3568,0.0040,0,16,
1784262858.674695,1784262858.681386,decode,16,0,3568,0.0040,0,16,
1784262858.681386,1784262858.688483,decode,16,0,3568,0.0040,0,16,
1784262858.688483,1784262858.695286,decode,16,0,3568,0.0040,0,16,
1784262858.695286,1784262858.702667,decode,16,0,3568,0.0040,0,16,
1784262858.702667,1784262858.709926,decode,16,0,3568,0.0040,0,16,
1784262858.709926,1784262858.716955,decode,16,0,3568,0.0040,0,16,
1784262858.716955,1784262858.724220,decode,16,0,3568,0.0040,0,16,
1784262858.724220,1784262858.731152,decode,16,0,3664,0.0041,0,16,
1784262858.731152,1784262858.738101,decode,16,0,3824,0.0042,0,16,
1784262858.738101,1784262858.745062,decode,16,0,3824,0.0042,0,16,
1784262858.745062,1784262858.752215,decode,16,0,3824,0.0042,0,16,
1784262858.752215,1784262858.759380,decode,16,0,3824,0.0042,0,16,
1784262858.759380,1784262858.766510,decode,16,0,3824,0.0042,0,16,
1784262858.766510,1784262858.773696,decode,16,0,3824,0.0042,0,16,
1784262858.773696,1784262858.780525,decode,16,0,3824,0.0042,0,16,
1784262858.780525,1784262858.787813,decode,16,0,3824,0.0042,0,16,
1784262858.787813,1784262858.794710,decode,16,0,3824,0.0042,0,16,
1784262858.794710,1784262858.801819,decode,16,0,3824,0.0042,0,16,
1784262858.801819,1784262858.808866,decode,16,0,3824,0.0042,0,16,
1784262858.808866,1784262858.816102,decode,16,0,3824,0.0042,0,16,
1784262858.816102,1784262858.823175,decode,16,0,3824,0.0042,0,16,
1784262858.823175,1784262858.830232,decode,16,0,3824,0.0042,0,16,
1784262858.830232,1784262858.837316,decode,16,0,3824,0.0042,0,16,
1784262858.837316,1784262858.844447,decode,16,0,3920,0.0043,0,16,
1784262858.844447,1784262858.851347,decode,16,0,4080,0.0045,0,16,
1784262858.851347,1784262858.858491,decode,16,0,4080,0.0045,0,16,
1784262858.858491,1784262858.865759,decode,16,0,4080,0.0045,0,16,
1784262858.865759,1784262858.872599,decode,16,0,4080,0.0045,0,16,
1784262858.872599,1784262858.879931,decode,16,0,4080,0.0045,0,16,
1784262858.879931,1784262858.887029,decode,16,0,4080,0.0045,0,16,
1784262858.887029,1784262858.893985,decode,16,0,4080,0.0045,0,16,
1784262858.893985,1784262858.900992,decode,16,0,4080,0.0045,0,16,
1784262858.900992,1784262858.908095,decode,16,0,4080,0.0045,0,16,
1784262858.908095,1784262858.915245,decode,16,0,4080,0.0045,0,16,
1784262858.915245,1784262858.922285,decode,16,0,4080,0.0045,0,16,
1784262858.922285,1784262858.929162,decode,16,0,4080,0.0045,0,16,
1784262858.929162,1784262858.936569,decode,16,0,4080,0.0045,0,16,
1784262858.936569,1784262858.943504,decode,16,0,4080,0.0045,0,16,
1784262858.943504,1784262858.950668,decode,16,0,4080,0.0045,0,16,
1784262858.950668,1784262858.957813,decode,16,0,4176,0.0046,0,16,
1784262858.957813,1784262858.964909,decode,16,0,4336,0.0048,0,16,
1784262858.964909,1784262858.971925,decode,16,0,4336,0.0048,0,16,
1784262858.971925,1784262858.978917,decode,16,0,4336,0.0048,0,16,
1784262858.978917,1784262858.986101,decode,16,0,4336,0.0048,0,16,
1784262858.986101,1784262858.993245,decode,16,0,4336,0.0048,0,16,
1784262858.993245,1784262859.000265,decode,16,0,4336,0.0048,0,16,
1784262859.000265,1784262859.007311,decode,16,0,4336,0.0048,0,16,
1784262859.007311,1784262859.014349,decode,16,0,4336,0.0048,0,16,
1784262859.014349,1784262859.021357,decode,16,0,4336,0.0048,0,16,
1784262859.021357,1784262859.028461,decode,16,0,4336,0.0048,0,16,
1784262859.028461,1784262859.035537,decode,16,0,4336,0.0048,0,16,
1784262859.035537,1784262859.042679,decode,16,0,4336,0.0048,0,16,
1784262859.042679,1784262859.049872,decode,16,0,4336,0.0048,0,16,
1784262859.049872,1784262859.056944,decode,10,0,3472,0.0038,0,16,
1784262859.056944,1784262859.066507,decode,0,0,0,0.0000,0,10,
1784262859.066507,1784262859.077819,mixed,6,0,2128,0.0024,12288,6,
1784262859.077819,1784262859.087296,mixed,16,0,2384,0.0026,20480,16,
1784262859.087296,1784262859.094673,decode,16,0,2544,0.0028,0,16,
1784262859.094673,1784262859.101458,decode,16,0,2544,0.0028,0,16,
1784262859.101458,1784262859.108490,decode,16,0,2544,0.0028,0,16,
1784262859.108490,1784262859.115538,decode,16,0,2544,0.0028,0,16,
1784262859.115538,1784262859.122759,decode,16,0,2544,0.0028,0,16,
1784262859.122759,1784262859.129434,decode,16,0,2544,0.0028,0,16,
1784262859.129434,1784262859.136979,decode,16,0,2544,0.0028,0,16,
1784262859.136979,1784262859.143932,decode,16,0,2544,0.0028,0,16,
1784262859.143932,1784262859.150871,decode,16,0,2544,0.0028,0,16,
1784262859.150871,1784262859.158124,decode,16,0,2544,0.0028,0,16,
1784262859.158124,1784262859.165198,decode,16,0,2544,0.0028,0,16,
1784262859.165198,1784262859.172276,decode,16,0,2544,0.0028,0,16,
1784262859.172276,1784262859.179282,decode,16,0,2544,0.0028,0,16,
1784262859.179282,1784262859.186850,decode,16,0,2544,0.0028,0,16,
1784262859.186850,1784262859.194076,decode,16,0,2544,0.0028,0,16,
1784262859.194076,1784262859.200506,decode,16,0,2640,0.0029,0,16,
1784262859.200506,1784262859.208083,decode,16,0,2800,0.0031,0,16,
1784262859.208083,1784262859.215110,decode,16,0,2800,0.0031,0,16,
1784262859.215110,1784262859.221811,decode,16,0,2800,0.0031,0,16,
1784262859.221811,1784262859.229005,decode,16,0,2800,0.0031,0,16,
1784262859.229005,1784262859.236385,decode,16,0,2800,0.0031,0,16,
1784262859.236385,1784262859.243554,decode,16,0,2800,0.0031,0,16,
1784262859.243554,1784262859.250345,decode,16,0,2800,0.0031,0,16,
1784262859.250345,1784262859.257819,decode,16,0,2800,0.0031,0,16,
1784262859.257819,1784262859.264818,decode,16,0,2800,0.0031,0,16,
1784262859.264818,1784262859.271313,decode,16,0,2800,0.0031,0,16,
1784262859.271313,1784262859.278553,decode,16,0,2800,0.0031,0,16,
1784262859.278553,1784262859.285676,decode,16,0,2800,0.0031,0,16,
1784262859.285676,1784262859.292598,decode,16,0,2800,0.0031,0,16,
1784262859.292598,1784262859.299729,decode,16,0,2800,0.0031,0,16,
1784262859.299729,1784262859.306909,decode,16,0,2800,0.0031,0,16,
1784262859.306909,1784262859.314376,decode,16,0,2896,0.0032,0,16,
1784262859.314376,1784262859.320828,decode,16,0,3056,0.0034,0,16,
1784262859.320828,1784262859.328221,decode,16,0,3056,0.0034,0,16,
1784262859.328221,1784262859.335730,decode,16,0,3056,0.0034,0,16,
1784262859.335730,1784262859.343076,decode,16,0,3056,0.0034,0,16,
1784262859.343076,1784262859.350409,decode,16,0,3056,0.0034,0,16,
1784262859.350409,1784262859.357745,decode,16,0,3056,0.0034,0,16,
1784262859.357745,1784262859.364957,decode,16,0,3056,0.0034,0,16,
1784262859.364957,1784262859.372074,decode,16,0,3056,0.0034,0,16,
1784262859.372074,1784262859.379236,decode,16,0,3056,0.0034,0,16,
1784262859.379236,1784262859.386346,decode,16,0,3056,0.0034,0,16,
1784262859.386346,1784262859.393534,decode,16,0,3056,0.0034,0,16,
1784262859.393534,1784262859.400572,decode,16,0,3056,0.0034,0,16,
1784262859.400572,1784262859.407702,decode,16,0,3056,0.0034,0,16,
1784262859.407702,1784262859.414978,decode,16,0,3056,0.0034,0,16,
1784262859.414978,1784262859.421732,decode,16,0,3056,0.0034,0,16,
1784262859.421732,1784262859.429003,decode,16,0,3152,0.0035,0,16,
1784262859.429003,1784262859.436371,decode,16,0,3312,0.0037,0,16,
1784262859.436371,1784262859.443381,decode,16,0,3312,0.0037,0,16,
1784262859.443381,1784262859.450290,decode,16,0,3312,0.0037,0,16,
1784262859.450290,1784262859.457260,decode,16,0,3312,0.0037,0,16,
1784262859.457260,1784262859.465020,decode,16,0,3312,0.0037,0,16,
1784262859.465020,1784262859.472034,decode,16,0,3312,0.0037,0,16,
1784262859.472034,1784262859.479373,decode,16,0,3312,0.0037,0,16,
1784262859.479373,1784262859.486767,decode,16,0,3312,0.0037,0,16,
1784262859.486767,1784262859.493858,decode,16,0,3312,0.0037,0,16,
1784262859.493858,1784262859.501058,decode,16,0,3312,0.0037,0,16,
1784262859.501058,1784262859.508429,decode,16,0,3312,0.0037,0,16,
1784262859.508429,1784262859.516032,decode,16,0,3312,0.0037,0,16,
1784262859.516032,1784262859.523104,decode,16,0,3312,0.0037,0,16,
1784262859.523104,1784262859.530492,decode,16,0,3312,0.0037,0,16,
1784262859.530492,1784262859.537862,decode,16,0,3312,0.0037,0,16,
1784262859.537862,1784262859.545477,decode,16,0,3408,0.0038,0,16,
1784262859.545477,1784262859.552515,decode,16,0,3568,0.0040,0,16,
1784262859.552515,1784262859.559931,decode,16,0,3568,0.0040,0,16,
1784262859.559931,1784262859.567313,decode,16,0,3568,0.0040,0,16,
1784262859.567313,1784262859.574299,decode,16,0,3568,0.0040,0,16,
1784262859.574299,1784262859.581470,decode,16,0,3568,0.0040,0,16,
1784262859.581470,1784262859.589287,decode,16,0,3568,0.0040,0,16,
1784262859.589287,1784262859.596336,decode,16,0,3568,0.0040,0,16,
1784262859.596336,1784262859.603875,decode,16,0,3568,0.0040,0,16,
1784262859.603875,1784262859.610645,decode,16,0,3568,0.0040,0,16,
1784262859.610645,1784262859.617862,decode,16,0,3568,0.0040,0,16,
1784262859.617862,1784262859.625167,decode,16,0,3568,0.0040,0,16,
1784262859.625167,1784262859.632421,decode,16,0,3568,0.0040,0,16,
1784262859.632421,1784262859.639796,decode,16,0,3568,0.0040,0,16,
1784262859.639796,1784262859.647221,decode,16,0,3568,0.0040,0,16,
1784262859.647221,1784262859.654987,decode,16,0,3568,0.0040,0,16,
1784262859.654987,1784262859.661803,decode,16,0,3664,0.0041,0,16,
1784262859.661803,1784262859.668982,decode,16,0,3824,0.0042,0,16,
1784262859.668982,1784262859.676256,decode,16,0,3824,0.0042,0,16,
1784262859.676256,1784262859.683704,decode,16,0,3824,0.0042,0,16,
1784262859.683704,1784262859.690715,decode,16,0,3824,0.0042,0,16,
1784262859.690715,1784262859.698059,decode,16,0,3824,0.0042,0,16,
1784262859.698059,1784262859.705403,decode,16,0,3824,0.0042,0,16,
1784262859.705403,1784262859.712633,decode,16,0,3824,0.0042,0,16,
1784262859.712633,1784262859.719900,decode,16,0,3824,0.0042,0,16,
1784262859.719900,1784262859.727212,decode,16,0,3824,0.0042,0,16,
1784262859.727212,1784262859.734560,decode,16,0,3824,0.0042,0,16,
1784262859.734560,1784262859.742143,decode,16,0,3824,0.0042,0,16,
1784262859.742143,1784262859.749643,decode,16,0,3824,0.0042,0,16,
1784262859.749643,1784262859.756857,decode,16,0,3824,0.0042,0,16,
1784262859.756857,1784262859.764170,decode,16,0,3824,0.0042,0,16,
1784262859.764170,1784262859.771766,decode,16,0,3824,0.0042,0,16,
1784262859.771766,1784262859.779120,decode,16,0,3920,0.0043,0,16,
1784262859.779120,1784262859.786389,decode,16,0,4080,0.0045,0,16,
1784262859.786389,1784262859.793603,decode,16,0,4080,0.0045,0,16,
1784262859.793603,1784262859.801005,decode,16,0,4080,0.0045,0,16,
1784262859.801005,1784262859.808253,decode,16,0,4080,0.0045,0,16,
1784262859.808253,1784262859.815459,decode,16,0,4080,0.0045,0,16,
1784262859.815459,1784262859.822739,decode,16,0,4080,0.0045,0,16,
1784262859.822739,1784262859.830002,decode,16,0,4080,0.0045,0,16,
1784262859.830002,1784262859.837405,decode,16,0,4080,0.0045,0,16,
1784262859.837405,1784262859.844195,decode,16,0,4080,0.0045,0,16,
1784262859.844195,1784262859.851231,decode,16,0,4080,0.0045,0,16,
1784262859.851231,1784262859.858460,decode,16,0,4080,0.0045,0,16,
1784262859.858460,1784262859.865843,decode,16,0,4080,0.0045,0,16,
1784262859.865843,1784262859.872992,decode,16,0,4080,0.0045,0,16,
1784262859.872992,1784262859.880481,decode,16,0,4080,0.0045,0,16,
1784262859.880481,1784262859.887830,decode,16,0,4080,0.0045,0,16,
1784262859.887830,1784262859.895262,decode,16,0,4176,0.0046,0,16,
1784262859.895262,1784262859.902293,decode,16,0,4336,0.0048,0,16,
1784262859.902293,1784262859.909723,decode,16,0,4336,0.0048,0,16,
1784262859.909723,1784262859.917182,decode,16,0,4336,0.0048,0,16,
1784262859.917182,1784262859.924370,decode,16,0,4336,0.0048,0,16,
1784262859.924370,1784262859.931812,decode,16,0,4336,0.0048,0,16,
1784262859.931812,1784262859.938993,decode,16,0,4336,0.0048,0,16,
1784262859.938993,1784262859.946268,decode,16,0,4336,0.0048,0,16,
1784262859.946268,1784262859.953574,decode,16,0,4336,0.0048,0,16,
1784262859.953574,1784262859.961251,decode,16,0,4336,0.0048,0,16,
1784262859.961251,1784262859.968453,decode,16,0,4336,0.0048,0,16,
1784262859.968453,1784262859.975703,decode,16,0,4336,0.0048,0,16,
1784262859.975703,1784262859.983009,decode,16,0,4336,0.0048,0,16,
1784262859.983009,1784262859.990274,decode,16,0,4336,0.0048,0,16,
1784262859.990274,1784262859.997472,decode,10,0,3472,0.0038,0,16,
1784262859.997472,1784262860.008492,decode,0,0,0,0.0000,0,10,
1784262860.008492,1784262860.027120,mixed,6,0,2128,0.0024,12288,6,
1784262860.027120,1784262860.036742,mixed,16,0,2384,0.0026,20480,16,
1784262860.036742,1784262860.044091,decode,16,0,2544,0.0028,0,16,
1784262860.044091,1784262860.051085,decode,16,0,2544,0.0028,0,16,
1784262860.051085,1784262860.058932,decode,16,0,2544,0.0028,0,16,
1784262860.058932,1784262860.066266,decode,16,0,2544,0.0028,0,16,
1784262860.066266,1784262860.072848,decode,16,0,2544,0.0028,0,16,
1784262860.072848,1784262860.080536,decode,16,0,2544,0.0028,0,16,
1784262860.080536,1784262860.087677,decode,16,0,2544,0.0028,0,16,
1784262860.087677,1784262860.095077,decode,16,0,2544,0.0028,0,16,
1784262860.095077,1784262860.102223,decode,16,0,2544,0.0028,0,16,
1784262860.102223,1784262860.109515,decode,16,0,2544,0.0028,0,16,
1784262860.109515,1784262860.116745,decode,16,0,2544,0.0028,0,16,
1784262860.116745,1784262860.124031,decode,16,0,2544,0.0028,0,16,
1784262860.124031,1784262860.131183,decode,16,0,2544,0.0028,0,16,
1784262860.131183,1784262860.138627,decode,16,0,2544,0.0028,0,16,
1784262860.138627,1784262860.146156,decode,16,0,2544,0.0028,0,16,
1784262860.146156,1784262860.153240,decode,16,0,2640,0.0029,0,16,
1784262860.153240,1784262860.160633,decode,16,0,2800,0.0031,0,16,
1784262860.160633,1784262860.167695,decode,16,0,2800,0.0031,0,16,
1784262860.167695,1784262860.175484,decode,16,0,2800,0.0031,0,16,
1784262860.175484,1784262860.182716,decode,16,0,2800,0.0031,0,16,
1784262860.182716,1784262860.189756,decode,16,0,2800,0.0031,0,16,
1784262860.189756,1784262860.197178,decode,16,0,2800,0.0031,0,16,
1784262860.197178,1784262860.203914,decode,16,0,2800,0.0031,0,16,
1784262860.203914,1784262860.211180,decode,16,0,2800,0.0031,0,16,
1784262860.211180,1784262860.218642,decode,16,0,2800,0.0031,0,16,
1784262860.218642,1784262860.225975,decode,16,0,2800,0.0031,0,16,
1784262860.225975,1784262860.233242,decode,16,0,2800,0.0031,0,16,
1784262860.233242,1784262860.240578,decode,16,0,2800,0.0031,0,16,
1784262860.240578,1784262860.247464,decode,16,0,2800,0.0031,0,16,
1784262860.247464,1784262860.254627,decode,16,0,2800,0.0031,0,16,
1784262860.254627,1784262860.262005,decode,16,0,2800,0.0031,0,16,
1784262860.262005,1784262860.269704,decode,16,0,2896,0.0032,0,16,
1784262860.269704,1784262860.276865,decode,16,0,3056,0.0034,0,16,
1784262860.276865,1784262860.283937,decode,16,0,3056,0.0034,0,16,
1784262860.283937,1784262860.290989,decode,16,0,3056,0.0034,0,16,
1784262860.290989,1784262860.298417,decode,16,0,3056,0.0034,0,16,
1784262860.298417,1784262860.306068,decode,16,0,3056,0.0034,0,16,
1784262860.306068,1784262860.313372,decode,16,0,3056,0.0034,0,16,
1784262860.313372,1784262860.320041,decode,16,0,3056,0.0034,0,16,
1784262860.320041,1784262860.327431,decode,16,0,3056,0.0034,0,16,
1784262860.327431,1784262860.334948,decode,16,0,3056,0.0034,0,16,
1784262860.334948,1784262860.341773,decode,16,0,3056,0.0034,0,16,
1784262860.341773,1784262860.349504,decode,16,0,3056,0.0034,0,16,
1784262860.349504,1784262860.356384,decode,16,0,3056,0.0034,0,16,
1784262860.356384,1784262860.363548,decode,16,0,3056,0.0034,0,16,
1784262860.363548,1784262860.370850,decode,16,0,3056,0.0034,0,16,
1784262860.370850,1784262860.378494,decode,16,0,3056,0.0034,0,16,
1784262860.378494,1784262860.385984,decode,16,0,3152,0.0035,0,16,
1784262860.385984,1784262860.392667,decode,16,0,3312,0.0037,0,16,
1784262860.392667,1784262860.400110,decode,16,0,3312,0.0037,0,16,
1784262860.400110,1784262860.407317,decode,16,0,3312,0.0037,0,16,
1784262860.407317,1784262860.414674,decode,16,0,3312,0.0037,0,16,
1784262860.414674,1784262860.421881,decode,16,0,3312,0.0037,0,16,
1784262860.421881,1784262860.428957,decode,16,0,3312,0.0037,0,16,
1784262860.428957,1784262860.436289,decode,16,0,3312,0.0037,0,16,
1784262860.436289,1784262860.443599,decode,16,0,3312,0.0037,0,16,
1784262860.443599,1784262860.450643,decode,16,0,3312,0.0037,0,16,
1784262860.450643,1784262860.457834,decode,16,0,3312,0.0037,0,16,
1784262860.457834,1784262860.465080,decode,16,0,3312,0.0037,0,16,
1784262860.465080,1784262860.472247,decode,16,0,3312,0.0037,0,16,
1784262860.472247,1784262860.479892,decode,16,0,3312,0.0037,0,16,
1784262860.479892,1784262860.486913,decode,16,0,3312,0.0037,0,16,
1784262860.486913,1784262860.494163,decode,16,0,3312,0.0037,0,16,
1784262860.494163,1784262860.501413,decode,16,0,3408,0.0038,0,16,
1784262860.501413,1784262860.508828,decode,16,0,3568,0.0040,0,16,
1784262860.508828,1784262860.515923,decode,16,0,3568,0.0040,0,16,
1784262860.515923,1784262860.523250,decode,16,0,3568,0.0040,0,16,
1784262860.523250,1784262860.530611,decode,16,0,3568,0.0040,0,16,
1784262860.530611,1784262860.537860,decode,16,0,3568,0.0040,0,16,
1784262860.537860,1784262860.545075,decode,16,0,3568,0.0040,0,16,
1784262860.545075,1784262860.552262,decode,16,0,3568,0.0040,0,16,
1784262860.552262,1784262860.559484,decode,16,0,3568,0.0040,0,16,
1784262860.559484,1784262860.566874,decode,16,0,3568,0.0040,0,16,
1784262860.566874,1784262860.574087,decode,16,0,3568,0.0040,0,16,
1784262860.574087,1784262860.581299,decode,16,0,3568,0.0040,0,16,
1784262860.581299,1784262860.588566,decode,16,0,3568,0.0040,0,16,
1784262860.588566,1784262860.595835,decode,16,0,3568,0.0040,0,16,
1784262860.595835,1784262860.603027,decode,16,0,3568,0.0040,0,16,
1784262860.603027,1784262860.610380,decode,16,0,3568,0.0040,0,16,
1784262860.610380,1784262860.617767,decode,16,0,3664,0.0041,0,16,
1784262860.617767,1784262860.625005,decode,16,0,3824,0.0042,0,16,
1784262860.625005,1784262860.632138,decode,16,0,3824,0.0042,0,16,
1784262860.632138,1784262860.639596,decode,16,0,3824,0.0042,0,16,
1784262860.639596,1784262860.646909,decode,16,0,3824,0.0042,0,16,
1784262860.646909,1784262860.654151,decode,16,0,3824,0.0042,0,16,
1784262860.654151,1784262860.661349,decode,16,0,3824,0.0042,0,16,
1784262860.661349,1784262860.668754,decode,16,0,3824,0.0042,0,16,
1784262860.668754,1784262860.675885,decode,16,0,3824,0.0042,0,16,
1784262860.675885,1784262860.683220,decode,16,0,3824,0.0042,0,16,
1784262860.683220,1784262860.690586,decode,16,0,3824,0.0042,0,16,
1784262860.690586,1784262860.697904,decode,16,0,3824,0.0042,0,16,
1784262860.697904,1784262860.705219,decode,16,0,3824,0.0042,0,16,
1784262860.705219,1784262860.712409,decode,16,0,3824,0.0042,0,16,
1784262860.712409,1784262860.719739,decode,16,0,3824,0.0042,0,16,
1784262860.719739,1784262860.726985,decode,16,0,3824,0.0042,0,16,
1784262860.726985,1784262860.734353,decode,16,0,3920,0.0043,0,16,
1784262860.734353,1784262860.741660,decode,16,0,4080,0.0045,0,16,
1784262860.741660,1784262860.749128,decode,16,0,4080,0.0045,0,16,
1784262860.749128,1784262860.756202,decode,16,0,4080,0.0045,0,16,
1784262860.756202,1784262860.763406,decode,16,0,4080,0.0045,0,16,
1784262860.763406,1784262860.770874,decode,16,0,4080,0.0045,0,16,
1784262860.770874,1784262860.778334,decode,16,0,4080,0.0045,0,16,
1784262860.778334,1784262860.785638,decode,16,0,4080,0.0045,0,16,
1784262860.785638,1784262860.792774,decode,16,0,4080,0.0045,0,16,
1784262860.792774,1784262860.799990,decode,16,0,4080,0.0045,0,16,
1784262860.799990,1784262860.807303,decode,16,0,4080,0.0045,0,16,
1784262860.807303,1784262860.814555,decode,16,0,4080,0.0045,0,16,
1784262860.814555,1784262860.821844,decode,16,0,4080,0.0045,0,16,
1784262860.821844,1784262860.829351,decode,16,0,4080,0.0045,0,16,
1784262860.829351,1784262860.836417,decode,16,0,4080,0.0045,0,16,
1784262860.836417,1784262860.843618,decode,16,0,4080,0.0045,0,16,
1784262860.843618,1784262860.851446,decode,16,0,4176,0.0046,0,16,
1784262860.851446,1784262860.858381,decode,16,0,4336,0.0048,0,16,
1784262860.858381,1784262860.865698,decode,16,0,4336,0.0048,0,16,
1784262860.865698,1784262860.872331,decode,16,0,4336,0.0048,0,16,
1784262860.872331,1784262860.879592,decode,16,0,4336,0.0048,0,16,
1784262860.879592,1784262860.886927,decode,16,0,4336,0.0048,0,16,
1784262860.886927,1784262860.894471,decode,16,0,4336,0.0048,0,16,
1784262860.894471,1784262860.901659,decode,16,0,4336,0.0048,0,16,
1784262860.901659,1784262860.908946,decode,16,0,4336,0.0048,0,16,
1784262860.908946,1784262860.916313,decode,16,0,4336,0.0048,0,16,
1784262860.916313,1784262860.923583,decode,16,0,4336,0.0048,0,16,
1784262860.923583,1784262860.930690,decode,16,0,4336,0.0048,0,16,
1784262860.930690,1784262860.938087,decode,16,0,4336,0.0048,0,16,
1784262860.938087,1784262860.945459,decode,16,0,4336,0.0048,0,16,
1784262860.945459,1784262860.953079,decode,10,0,3472,0.0038,0,16,
1784262860.953079,1784262860.963730,decode,0,0,0,0.0000,0,10,
1784262860.963730,1784262860.975573,mixed,6,0,2128,0.0024,12288,6,
1784262860.975573,1784262860.984617,mixed,16,0,2384,0.0026,20480,16,
1784262860.984617,1784262860.991858,decode,16,0,2544,0.0028,0,16,
1784262860.991858,1784262860.999551,decode,16,0,2544,0.0028,0,16,
1784262860.999551,1784262861.006881,decode,16,0,2544,0.0028,0,16,
1784262861.006881,1784262861.013983,decode,16,0,2544,0.0028,0,16,
1784262861.013983,1784262861.021295,decode,16,0,2544,0.0028,0,16,
1784262861.021295,1784262861.028408,decode,16,0,2544,0.0028,0,16,
1784262861.028408,1784262861.036005,decode,16,0,2544,0.0028,0,16,
1784262861.036005,1784262861.043079,decode,16,0,2544,0.0028,0,16,
1784262861.043079,1784262861.050125,decode,16,0,2544,0.0028,0,16,
1784262861.050125,1784262861.057538,decode,16,0,2544,0.0028,0,16,
1784262861.057538,1784262861.064980,decode,16,0,2544,0.0028,0,16,
1784262861.064980,1784262861.071670,decode,16,0,2544,0.0028,0,16,
1784262861.071670,1784262861.079270,decode,16,0,2544,0.0028,0,16,
1784262861.079270,1784262861.086480,decode,16,0,2544,0.0028,0,16,
1784262861.086480,1784262861.093875,decode,16,0,2544,0.0028,0,16,
1784262861.093875,1784262861.100856,decode,16,0,2640,0.0029,0,16,
1784262861.100856,1784262861.108366,decode,16,0,2800,0.0031,0,16,
1784262861.108366,1784262861.115822,decode,16,0,2800,0.0031,0,16,
1784262861.115822,1784262861.122700,decode,16,0,2800,0.0031,0,16,
1784262861.122700,1784262861.129949,decode,16,0,2800,0.0031,0,16,
1784262861.129949,1784262861.137645,decode,16,0,2800,0.0031,0,16,
1784262861.137645,1784262861.144855,decode,16,0,2800,0.0031,0,16,
1784262861.144855,1784262861.151742,decode,16,0,2800,0.0031,0,16,
1784262861.151742,1784262861.159334,decode,16,0,2800,0.0031,0,16,
1784262861.159334,1784262861.166399,decode,16,0,2800,0.0031,0,16,
1784262861.166399,1784262861.173957,decode,16,0,2800,0.0031,0,16,
1784262861.173957,1784262861.180797,decode,16,0,2800,0.0031,0,16,
1784262861.180797,1784262861.188467,decode,16,0,2800,0.0031,0,16,
1784262861.188467,1784262861.195512,decode,16,0,2800,0.0031,0,16,
1784262861.195512,1784262861.202607,decode,16,0,2800,0.0031,0,16,
1784262861.202607,1784262861.209991,decode,16,0,2800,0.0031,0,16,
1784262861.209991,1784262861.217335,decode,16,0,2896,0.0032,0,16,
1784262861.217335,1784262861.224460,decode,16,0,3056,0.0034,0,16,
1784262861.224460,1784262861.231606,decode,16,0,3056,0.0034,0,16,
1784262861.231606,1784262861.239191,decode,16,0,3056,0.0034,0,16,
1784262861.239191,1784262861.246071,decode,16,0,3056,0.0034,0,16,
1784262861.246071,1784262861.253630,decode,16,0,3056,0.0034,0,16,
1784262861.253630,1784262861.260663,decode,16,0,3056,0.0034,0,16,
1784262861.260663,1784262861.267859,decode,16,0,3056,0.0034,0,16,
1784262861.267859,1784262861.274993,decode,16,0,3056,0.0034,0,16,
1784262861.274993,1784262861.282597,decode,16,0,3056,0.0034,0,16,
1784262861.282597,1784262861.289860,decode,16,0,3056,0.0034,0,16,
1784262861.289860,1784262861.296700,decode,16,0,3056,0.0034,0,16,
1784262861.296700,1784262861.304179,decode,16,0,3056,0.0034,0,16,
1784262861.304179,1784262861.311478,decode,16,0,3056,0.0034,0,16,
1784262861.311478,1784262861.318739,decode,16,0,3056,0.0034,0,16,
1784262861.318739,1784262861.325803,decode,16,0,3056,0.0034,0,16,
1784262861.325803,1784262861.333180,decode,16,0,3152,0.0035,0,16,
1784262861.333180,1784262861.340855,decode,16,0,3312,0.0037,0,16,
1784262861.340855,1784262861.348066,decode,16,0,3312,0.0037,0,16,
1784262861.348066,1784262861.355217,decode,16,0,3312,0.0037,0,16,
1784262861.355217,1784262861.362579,decode,16,0,3312,0.0037,0,16,
1784262861.362579,1784262861.369940,decode,16,0,3312,0.0037,0,16,
1784262861.369940,1784262861.377387,decode,16,0,3312,0.0037,0,16,
1784262861.377387,1784262861.384543,decode,16,0,3312,0.0037,0,16,
1784262861.384543,1784262861.391597,decode,16,0,3312,0.0037,0,16,
1784262861.391597,1784262861.398712,decode,16,0,3312,0.0037,0,16,
1784262861.398712,1784262861.406034,decode,16,0,3312,0.0037,0,16,
1784262861.406034,1784262861.413204,decode,16,0,3312,0.0037,0,16,
1784262861.413204,1784262861.420410,decode,16,0,3312,0.0037,0,16,
1784262861.420410,1784262861.427523,decode,16,0,3312,0.0037,0,16,
1784262861.427523,1784262861.434999,decode,16,0,3312,0.0037,0,16,
1784262861.434999,1784262861.442691,decode,16,0,3312,0.0037,0,16,
1784262861.442691,1784262861.449831,decode,16,0,3408,0.0038,0,16,
1784262861.449831,1784262861.457138,decode,16,0,3568,0.0040,0,16,
1784262861.457138,1784262861.464356,decode,16,0,3568,0.0040,0,16,
1784262861.464356,1784262861.471731,decode,16,0,3568,0.0040,0,16,
1784262861.471731,1784262861.479223,decode,16,0,3568,0.0040,0,16,
1784262861.479223,1784262861.486248,decode,16,0,3568,0.0040,0,16,
1784262861.486248,1784262861.493407,decode,16,0,3568,0.0040,0,16,
1784262861.493407,1784262861.500854,decode,16,0,3568,0.0040,0,16,
1784262861.500854,1784262861.508230,decode,16,0,3568,0.0040,0,16,
1784262861.508230,1784262861.515589,decode,16,0,3568,0.0040,0,16,
1784262861.515589,1784262861.522793,decode,16,0,3568,0.0040,0,16,
1784262861.522793,1784262861.530071,decode,16,0,3568,0.0040,0,16,
1784262861.530071,1784262861.537999,decode,16,0,3568,0.0040,0,16,
1784262861.537999,1784262861.545319,decode,16,0,3568,0.0040,0,16,
1784262861.545319,1784262861.552630,decode,16,0,3568,0.0040,0,16,
1784262861.552630,1784262861.559804,decode,16,0,3568,0.0040,0,16,
1784262861.559804,1784262861.567201,decode,16,0,3664,0.0041,0,16,
1784262861.567201,1784262861.574341,decode,16,0,3824,0.0042,0,16,
1784262861.574341,1784262861.581519,decode,16,0,3824,0.0042,0,16,
1784262861.581519,1784262861.588932,decode,16,0,3824,0.0042,0,16,
1784262861.588932,1784262861.596272,decode,16,0,3824,0.0042,0,16,
1784262861.596272,1784262861.603555,decode,16,0,3824,0.0042,0,16,
1784262861.603555,1784262861.610840,decode,16,0,3824,0.0042,0,16,
1784262861.610840,1784262861.618252,decode,16,0,3824,0.0042,0,16,
1784262861.618252,1784262861.625384,decode,16,0,3824,0.0042,0,16,
1784262861.625384,1784262861.632806,decode,16,0,3824,0.0042,0,16,
1784262861.632806,1784262861.640532,decode,16,0,3824,0.0042,0,16,
1784262861.640532,1784262861.647630,decode,16,0,3824,0.0042,0,16,
1784262861.647630,1784262861.654795,decode,16,0,3824,0.0042,0,16,
1784262861.654795,1784262861.662236,decode,16,0,3824,0.0042,0,16,
1784262861.662236,1784262861.669359,decode,16,0,3824,0.0042,0,16,
1784262861.669359,1784262861.676708,decode,16,0,3824,0.0042,0,16,
1784262861.676708,1784262861.684186,decode,16,0,3920,0.0043,0,16,
1784262861.684186,1784262861.691356,decode,16,0,4080,0.0045,0,16,
1784262861.691356,1784262861.698631,decode,16,0,4080,0.0045,0,16,
1784262861.698631,1784262861.705934,decode,16,0,4080,0.0045,0,16,
1784262861.705934,1784262861.713475,decode,16,0,4080,0.0045,0,16,
1784262861.713475,1784262861.720582,decode,16,0,4080,0.0045,0,16,
1784262861.720582,1784262861.727909,decode,16,0,4080,0.0045,0,16,
1784262861.727909,1784262861.735404,decode,16,0,4080,0.0045,0,16,
1784262861.735404,1784262861.742709,decode,16,0,4080,0.0045,0,16,
1784262861.742709,1784262861.749873,decode,16,0,4080,0.0045,0,16,
1784262861.749873,1784262861.757639,decode,16,0,4080,0.0045,0,16,
1784262861.757639,1784262861.765422,decode,16,0,4080,0.0045,0,16,
1784262861.765422,1784262861.772792,decode,16,0,4080,0.0045,0,16,
1784262861.772792,1784262861.780173,decode,16,0,4080,0.0045,0,16,
1784262861.780173,1784262861.787322,decode,16,0,4080,0.0045,0,16,
1784262861.787322,1784262861.794771,decode,16,0,4080,0.0045,0,16,
1784262861.794771,1784262861.802108,decode,16,0,4176,0.0046,0,16,
1784262861.802108,1784262861.809444,decode,16,0,4336,0.0048,0,16,
1784262861.809444,1784262861.816643,decode,16,0,4336,0.0048,0,16,
1784262861.816643,1784262861.823916,decode,16,0,4336,0.0048,0,16,
1784262861.823916,1784262861.831604,decode,16,0,4336,0.0048,0,16,
1784262861.831604,1784262861.838909,decode,16,0,4336,0.0048,0,16,
1784262861.838909,1784262861.846446,decode,16,0,4336,0.0048,0,16,
1784262861.846446,1784262861.853516,decode,16,0,4336,0.0048,0,16,
1784262861.853516,1784262861.861521,decode,16,0,4336,0.0048,0,16,
1784262861.861521,1784262861.868645,decode,16,0,4336,0.0048,0,16,
1784262861.868645,1784262861.876034,decode,16,0,4336,0.0048,0,16,
1784262861.876034,1784262861.883437,decode,16,0,4336,0.0048,0,16,
1784262861.883437,1784262861.891265,decode,16,0,4336,0.0048,0,16,
1784262861.891265,1784262861.899036,decode,16,0,4336,0.0048,0,16,
1784262861.899036,1784262861.906410,decode,10,0,3472,0.0038,0,16,
1784262861.906410,1784262861.917636,decode,0,0,0,0.0000,0,10,
1784262861.917636,1784262861.929940,mixed,6,0,2128,0.0024,12288,6,
1784262861.929940,1784262861.939328,mixed,16,0,2384,0.0026,20480,16,
1784262861.939328,1784262861.946695,decode,16,0,2544,0.0028,0,16,
1784262861.946695,1784262861.953776,decode,16,0,2544,0.0028,0,16,
1784262861.953776,1784262861.961183,decode,16,0,2544,0.0028,0,16,
1784262861.961183,1784262861.968450,decode,16,0,2544,0.0028,0,16,
1784262861.968450,1784262861.975636,decode,16,0,2544,0.0028,0,16,
1784262861.975636,1784262861.982889,decode,16,0,2544,0.0028,0,16,
1784262861.982889,1784262861.990279,decode,16,0,2544,0.0028,0,16,
1784262861.990279,1784262861.997573,decode,16,0,2544,0.0028,0,16,
1784262861.997573,1784262862.004838,decode,16,0,2544,0.0028,0,16,
1784262862.004838,1784262862.011959,decode,16,0,2544,0.0028,0,16,
1784262862.011959,1784262862.019386,decode,16,0,2544,0.0028,0,16,
1784262862.019386,1784262862.026489,decode,16,0,2544,0.0028,0,16,
1784262862.026489,1784262862.034278,decode,16,0,2544,0.0028,0,16,
1784262862.034278,1784262862.041352,decode,16,0,2544,0.0028,0,16,
1784262862.041352,1784262862.049043,decode,16,0,2544,0.0028,0,16,
1784262862.049043,1784262862.056679,decode,16,0,2640,0.0029,0,16,
1784262862.056679,1784262862.063599,decode,16,0,2800,0.0031,0,16,
1784262862.063599,1784262862.070745,decode,16,0,2800,0.0031,0,16,
1784262862.070745,1784262862.078476,decode,16,0,2800,0.0031,0,16,
1784262862.078476,1784262862.085841,decode,16,0,2800,0.0031,0,16,
1784262862.085841,1784262862.092565,decode,16,0,2800,0.0031,0,16,
1784262862.092565,1784262862.100132,decode,16,0,2800,0.0031,0,16,
1784262862.100132,1784262862.107749,decode,16,0,2800,0.0031,0,16,
1784262862.107749,1784262862.114523,decode,16,0,2800,0.0031,0,16,
1784262862.114523,1784262862.121761,decode,16,0,2800,0.0031,0,16,
1784262862.121761,1784262862.129600,decode,16,0,2800,0.0031,0,16,
1784262862.129600,1784262862.136392,decode,16,0,2800,0.0031,0,16,
1784262862.136392,1784262862.143816,decode,16,0,2800,0.0031,0,16,
1784262862.143816,1784262862.150846,decode,16,0,2800,0.0031,0,16,
1784262862.150846,1784262862.158516,decode,16,0,2800,0.0031,0,16,
1784262862.158516,1784262862.165746,decode,16,0,2800,0.0031,0,16,
1784262862.165746,1784262862.173169,decode,16,0,2896,0.0032,0,16,
1784262862.173169,1784262862.180382,decode,16,0,3056,0.0034,0,16,
1784262862.180382,1784262862.187517,decode,16,0,3056,0.0034,0,16,
1784262862.187517,1784262862.195205,decode,16,0,3056,0.0034,0,16,
1784262862.195205,1784262862.202701,decode,16,0,3056,0.0034,0,16,
1784262862.202701,1784262862.209723,decode,16,0,3056,0.0034,0,16,
1784262862.209723,1784262862.217164,decode,16,0,3056,0.0034,0,16,
1784262862.217164,1784262862.224251,decode,16,0,3056,0.0034,0,16,
1784262862.224251,1784262862.231327,decode,16,0,3056,0.0034,0,16,
1784262862.231327,1784262862.239042,decode,16,0,3056,0.0034,0,16,
1784262862.239042,1784262862.245936,decode,16,0,3056,0.0034,0,16,
1784262862.245936,1784262862.252618,decode,16,0,3056,0.0034,0,16,
1784262862.252618,1784262862.259818,decode,16,0,3056,0.0034,0,16,
1784262862.259818,1784262862.266772,decode,16,0,3056,0.0034,0,16,
1784262862.266772,1784262862.273898,decode,16,0,3056,0.0034,0,16,
1784262862.273898,1784262862.281034,decode,16,0,3056,0.0034,0,16,
1784262862.281034,1784262862.288060,decode,16,0,3152,0.0035,0,16,
1784262862.288060,1784262862.295091,decode,16,0,3312,0.0037,0,16,
1784262862.295091,1784262862.302234,decode,16,0,3312,0.0037,0,16,
1784262862.302234,1784262862.309238,decode,16,0,3312,0.0037,0,16,
1784262862.309238,1784262862.316338,decode,16,0,3312,0.0037,0,16,
1784262862.316338,1784262862.323308,decode,16,0,3312,0.0037,0,16,
1784262862.323308,1784262862.330153,decode,16,0,3312,0.0037,0,16,
1784262862.330153,1784262862.337888,decode,16,0,3312,0.0037,0,16,
1784262862.337888,1784262862.344566,decode,16,0,3312,0.0037,0,16,
1784262862.344566,1784262862.351601,decode,16,0,3312,0.0037,0,16,
1784262862.351601,1784262862.358494,decode,16,0,3312,0.0037,0,16,
1784262862.358494,1784262862.366082,decode,16,0,3312,0.0037,0,16,
1784262862.366082,1784262862.372980,decode,16,0,3312,0.0037,0,16,
1784262862.372980,1784262862.380486,decode,16,0,3312,0.0037,0,16,
1784262862.380486,1784262862.387993,decode,16,0,3312,0.0037,0,16,
1784262862.387993,1784262862.394809,decode,16,0,3312,0.0037,0,16,
1784262862.394809,1784262862.402280,decode,16,0,3408,0.0038,0,16,
1784262862.402280,1784262862.409823,decode,16,0,3568,0.0040,0,16,
1784262862.409823,1784262862.416859,decode,16,0,3568,0.0040,0,16,
1784262862.416859,1784262862.423810,decode,16,0,3568,0.0040,0,16,
1784262862.423810,1784262862.431003,decode,16,0,3568,0.0040,0,16,
1784262862.431003,1784262862.438498,decode,16,0,3568,0.0040,0,16,
1784262862.438498,1784262862.445828,decode,16,0,3568,0.0040,0,16,
1784262862.445828,1784262862.452909,decode,16,0,3568,0.0040,0,16,
1784262862.452909,1784262862.460185,decode,16,0,3568,0.0040,0,16,
1784262862.460185,1784262862.467622,decode,16,0,3568,0.0040,0,16,
1784262862.467622,1784262862.474689,decode,16,0,3568,0.0040,0,16,
1784262862.474689,1784262862.481894,decode,16,0,3568,0.0040,0,16,
1784262862.481894,1784262862.489171,decode,16,0,3568,0.0040,0,16,
1784262862.489171,1784262862.496721,decode,16,0,3568,0.0040,0,16,
1784262862.496721,1784262862.503441,decode,16,0,3568,0.0040,0,16,
1784262862.503441,1784262862.510879,decode,16,0,3568,0.0040,0,16,
1784262862.510879,1784262862.518141,decode,16,0,3664,0.0041,0,16,
1784262862.518141,1784262862.525449,decode,16,0,3824,0.0042,0,16,
1784262862.525449,1784262862.532915,decode,16,0,3824,0.0042,0,16,
1784262862.532915,1784262862.539933,decode,16,0,3824,0.0042,0,16,
1784262862.539933,1784262862.547056,decode,16,0,3824,0.0042,0,16,
1784262862.547056,1784262862.554299,decode,16,0,3824,0.0042,0,16,
1784262862.554299,1784262862.561347,decode,16,0,3824,0.0042,0,16,
1784262862.561347,1784262862.568553,decode,16,0,3824,0.0042,0,16,
1784262862.568553,1784262862.575748,decode,16,0,3824,0.0042,0,16,
1784262862.575748,1784262862.582936,decode,16,0,3824,0.0042,0,16,
1784262862.582936,1784262862.590393,decode,16,0,3824,0.0042,0,16,
1784262862.590393,1784262862.597564,decode,16,0,3824,0.0042,0,16,
1784262862.597564,1784262862.604621,decode,16,0,3824,0.0042,0,16,
1784262862.604621,1784262862.611948,decode,16,0,3824,0.0042,0,16,
1784262862.611948,1784262862.619277,decode,16,0,3824,0.0042,0,16,
1784262862.619277,1784262862.626530,decode,16,0,3824,0.0042,0,16,
1784262862.626530,1784262862.633662,decode,16,0,3920,0.0043,0,16,
1784262862.633662,1784262862.640969,decode,16,0,4080,0.0045,0,16,
1784262862.640969,1784262862.648202,decode,16,0,4080,0.0045,0,16,
1784262862.648202,1784262862.655450,decode,16,0,4080,0.0045,0,16,
1784262862.655450,1784262862.662568,decode,16,0,4080,0.0045,0,16,
1784262862.662568,1784262862.669898,decode,16,0,4080,0.0045,0,16,
1784262862.669898,1784262862.676960,decode,16,0,4080,0.0045,0,16,
1784262862.676960,1784262862.684289,decode,16,0,4080,0.0045,0,16,
1784262862.684289,1784262862.691531,decode,16,0,4080,0.0045,0,16,
1784262862.691531,1784262862.698613,decode,16,0,4080,0.0045,0,16,
1784262862.698613,1784262862.706002,decode,16,0,4080,0.0045,0,16,
1784262862.706002,1784262862.713073,decode,16,0,4080,0.0045,0,16,
1784262862.713073,1784262862.720835,decode,16,0,4080,0.0045,0,16,
1784262862.720835,1784262862.727993,decode,16,0,4080,0.0045,0,16,
1784262862.727993,1784262862.735015,decode,16,0,4080,0.0045,0,16,
1784262862.735015,1784262862.742802,decode,16,0,4080,0.0045,0,16,
1784262862.742802,1784262862.749769,decode,16,0,4176,0.0046,0,16,
1784262862.749769,1784262862.756891,decode,16,0,4336,0.0048,0,16,
1784262862.756891,1784262862.764011,decode,16,0,4336,0.0048,0,16,
1784262862.764011,1784262862.771499,decode,16,0,4336,0.0048,0,16,
1784262862.771499,1784262862.778597,decode,16,0,4336,0.0048,0,16,
1784262862.778597,1784262862.786024,decode,16,0,4336,0.0048,0,16,
1784262862.786024,1784262862.793112,decode,16,0,4336,0.0048,0,16,
1784262862.793112,1784262862.800347,decode,16,0,4336,0.0048,0,16,
1784262862.800347,1784262862.807703,decode,16,0,4336,0.0048,0,16,
1784262862.807703,1784262862.814991,decode,16,0,4336,0.0048,0,16,
1784262862.814991,1784262862.822309,decode,16,0,4336,0.0048,0,16,
1784262862.822309,1784262862.829354,decode,16,0,4336,0.0048,0,16,
1784262862.829354,1784262862.836783,decode,16,0,4336,0.0048,0,16,
1784262862.836783,1784262862.843967,decode,16,0,4336,0.0048,0,16,
1784262862.843967,1784262862.851352,decode,10,0,3472,0.0038,0,16,
1784262862.851352,1784262862.861778,decode,0,0,0,0.0000,0,10,
1784262862.861778,1784262862.873603,mixed,6,0,2128,0.0024,12288,6,
1784262862.873603,1784262862.882748,mixed,16,0,2384,0.0026,20480,16,
1784262862.882748,1784262862.889985,decode,16,0,2544,0.0028,0,16,
1784262862.889985,1784262862.897205,decode,16,0,2544,0.0028,0,16,
1784262862.897205,1784262862.904375,decode,16,0,2544,0.0028,0,16,
1784262862.904375,1784262862.911798,decode,16,0,2544,0.0028,0,16,
1784262862.911798,1784262862.918753,decode,16,0,2544,0.0028,0,16,
1784262862.918753,1784262862.926223,decode,16,0,2544,0.0028,0,16,
1784262862.926223,1784262862.933802,decode,16,0,2544,0.0028,0,16,
1784262862.933802,1784262862.940714,decode,16,0,2544,0.0028,0,16,
1784262862.940714,1784262862.947899,decode,16,0,2544,0.0028,0,16,
1784262862.947899,1784262862.954917,decode,16,0,2544,0.0028,0,16,
1784262862.954917,1784262862.962170,decode,16,0,2544,0.0028,0,16,
1784262862.962170,1784262862.969471,decode,16,0,2544,0.0028,0,16,
1784262862.969471,1784262862.976698,decode,16,0,2544,0.0028,0,16,
1784262862.976698,1784262862.983790,decode,16,0,2544,0.0028,0,16,
1784262862.983790,1784262862.991179,decode,16,0,2544,0.0028,0,16,
1784262862.991179,1784262862.998432,decode,16,0,2640,0.0029,0,16,
1784262862.998432,1784262863.005458,decode,16,0,2800,0.0031,0,16,
1784262863.005458,1784262863.012739,decode,16,0,2800,0.0031,0,16,
1784262863.012739,1784262863.019912,decode,16,0,2800,0.0031,0,16,
1784262863.019912,1784262863.027228,decode,16,0,2800,0.0031,0,16,
1784262863.027228,1784262863.034626,decode,16,0,2800,0.0031,0,16,
1784262863.034626,1784262863.041691,decode,16,0,2800,0.0031,0,16,
1784262863.041691,1784262863.049352,decode,16,0,2800,0.0031,0,16,
1784262863.049352,1784262863.056461,decode,16,0,2800,0.0031,0,16,
1784262863.056461,1784262863.063709,decode,16,0,2800,0.0031,0,16,
1784262863.063709,1784262863.070545,decode,16,0,2800,0.0031,0,16,
1784262863.070545,1784262863.077844,decode,16,0,2800,0.0031,0,16,
1784262863.077844,1784262863.084918,decode,16,0,2800,0.0031,0,16,
1784262863.084918,1784262863.092324,decode,16,0,2800,0.0031,0,16,
1784262863.092324,1784262863.099401,decode,16,0,2800,0.0031,0,16,
1784262863.099401,1784262863.106838,decode,16,0,2800,0.0031,0,16,
1784262863.106838,1784262863.113925,decode,16,0,2896,0.0032,0,16,
1784262863.113925,1784262863.121243,decode,16,0,3056,0.0034,0,16,
1784262863.121243,1784262863.128404,decode,16,0,3056,0.0034,0,16,
1784262863.128404,1784262863.135850,decode,16,0,3056,0.0034,0,16,
1784262863.135850,1784262863.143342,decode,16,0,3056,0.0034,0,16,
1784262863.143342,1784262863.150072,decode,16,0,3056,0.0034,0,16,
1784262863.150072,1784262863.157630,decode,16,0,3056,0.0034,0,16,
1784262863.157630,1784262863.164637,decode,16,0,3056,0.0034,0,16,
1784262863.164637,1784262863.172026,decode,16,0,3056,0.0034,0,16,
1784262863.172026,1784262863.179208,decode,16,0,3056,0.0034,0,16,
1784262863.179208,1784262863.186136,decode,16,0,3056,0.0034,0,16,
1784262863.186136,1784262863.193170,decode,16,0,3056,0.0034,0,16,
1784262863.193170,1784262863.200205,decode,16,0,3056,0.0034,0,16,
1784262863.200205,1784262863.207636,decode,16,0,3056,0.0034,0,16,
1784262863.207636,1784262863.214702,decode,16,0,3056,0.0034,0,16,
1784262863.214702,1784262863.221826,decode,16,0,3056,0.0034,0,16,
1784262863.221826,1784262863.228566,decode,16,0,3152,0.0035,0,16,
1784262863.228566,1784262863.235623,decode,16,0,3312,0.0037,0,16,
1784262863.235623,1784262863.242818,decode,16,0,3312,0.0037,0,16,
1784262863.242818,1784262863.249760,decode,16,0,3312,0.0037,0,16,
1784262863.249760,1784262863.256798,decode,16,0,3312,0.0037,0,16,
1784262863.256798,1784262863.263998,decode,16,0,3312,0.0037,0,16,
1784262863.263998,1784262863.270904,decode,16,0,3312,0.0037,0,16,
1784262863.270904,1784262863.278086,decode,16,0,3312,0.0037,0,16,
1784262863.278086,1784262863.285211,decode,16,0,3312,0.0037,0,16,
1784262863.285211,1784262863.292335,decode,16,0,3312,0.0037,0,16,
1784262863.292335,1784262863.299470,decode,16,0,3312,0.0037,0,16,
1784262863.299470,1784262863.306266,decode,16,0,3312,0.0037,0,16,
1784262863.306266,1784262863.313560,decode,16,0,3312,0.0037,0,16,
1784262863.313560,1784262863.320406,decode,16,0,3312,0.0037,0,16,
1784262863.320406,1784262863.327516,decode,16,0,3312,0.0037,0,16,
1784262863.327516,1784262863.334854,decode,16,0,3312,0.0037,0,16,
1784262863.334854,1784262863.342452,decode,16,0,3408,0.0038,0,16,
1784262863.342452,1784262863.349115,decode,16,0,3568,0.0040,0,16,
1784262863.349115,1784262863.355986,decode,16,0,3568,0.0040,0,16,
1784262863.355986,1784262863.363353,decode,16,0,3568,0.0040,0,16,
1784262863.363353,1784262863.370145,decode,16,0,3568,0.0040,0,16,
1784262863.370145,1784262863.377199,decode,16,0,3568,0.0040,0,16,
1784262863.377199,1784262863.384532,decode,16,0,3568,0.0040,0,16,
1784262863.384532,1784262863.391247,decode,16,0,3568,0.0040,0,16,
1784262863.391247,1784262863.398613,decode,16,0,3568,0.0040,0,16,
1784262863.398613,1784262863.405532,decode,16,0,3568,0.0040,0,16,
1784262863.405532,1784262863.412515,decode,16,0,3568,0.0040,0,16,
1784262863.412515,1784262863.419663,decode,16,0,3568,0.0040,0,16,
1784262863.419663,1784262863.426983,decode,16,0,3568,0.0040,0,16,
1784262863.426983,1784262863.433626,decode,16,0,3568,0.0040,0,16,
1784262863.433626,1784262863.440767,decode,16,0,3568,0.0040,0,16,
1784262863.440767,1784262863.448051,decode,16,0,3568,0.0040,0,16,
1784262863.448051,1784262863.455186,decode,16,0,3664,0.0041,0,16,
1784262863.455186,1784262863.462113,decode,16,0,3824,0.0042,0,16,
1784262863.462113,1784262863.469481,decode,16,0,3824,0.0042,0,16,
1784262863.469481,1784262863.476622,decode,16,0,3824,0.0042,0,16,
1784262863.476622,1784262863.483652,decode,16,0,3824,0.0042,0,16,
1784262863.483652,1784262863.490389,decode,16,0,3824,0.0042,0,16,
1784262863.490389,1784262863.497655,decode,16,0,3824,0.0042,0,16,
1784262863.497655,1784262863.504756,decode,16,0,3824,0.0042,0,16,
1784262863.504756,1784262863.511650,decode,16,0,3824,0.0042,0,16,
1784262863.511650,1784262863.519130,decode,16,0,3824,0.0042,0,16,
1784262863.519130,1784262863.526243,decode,16,0,3824,0.0042,0,16,
1784262863.526243,1784262863.532983,decode,16,0,3824,0.0042,0,16,
1784262863.532983,1784262863.540223,decode,16,0,3824,0.0042,0,16,
1784262863.540223,1784262863.547533,decode,16,0,3824,0.0042,0,16,
1784262863.547533,1784262863.554798,decode,16,0,3824,0.0042,0,16,
1784262863.554798,1784262863.562266,decode,16,0,3824,0.0042,0,16,
1784262863.562266,1784262863.569502,decode,16,0,3920,0.0043,0,16,
1784262863.569502,1784262863.576613,decode,16,0,4080,0.0045,0,16,
1784262863.576613,1784262863.583762,decode,16,0,4080,0.0045,0,16,
1784262863.583762,1784262863.590619,decode,16,0,4080,0.0045,0,16,
1784262863.590619,1784262863.598050,decode,16,0,4080,0.0045,0,16,
1784262863.598050,1784262863.604974,decode,16,0,4080,0.0045,0,16,
1784262863.604974,1784262863.611883,decode,16,0,4080,0.0045,0,16,
1784262863.611883,1784262863.619387,decode,16,0,4080,0.0045,0,16,
1784262863.619387,1784262863.626233,decode,16,0,4080,0.0045,0,16,
1784262863.626233,1784262863.633137,decode,16,0,4080,0.0045,0,16,
1784262863.633137,1784262863.640213,decode,16,0,4080,0.0045,0,16,
1784262863.640213,1784262863.647485,decode,16,0,4080,0.0045,0,16,
1784262863.647485,1784262863.654519,decode,16,0,4080,0.0045,0,16,
1784262863.654519,1784262863.661628,decode,16,0,4080,0.0045,0,16,
1784262863.661628,1784262863.668902,decode,16,0,4080,0.0045,0,16,
1784262863.668902,1784262863.675988,decode,16,0,4080,0.0045,0,16,
1784262863.675988,1784262863.683104,decode,16,0,4176,0.0046,0,16,
1784262863.683104,1784262863.690474,decode,16,0,4336,0.0048,0,16,
1784262863.690474,1784262863.697320,decode,16,0,4336,0.0048,0,16,
1784262863.697320,1784262863.704709,decode,16,0,4336,0.0048,0,16,
1784262863.704709,1784262863.711579,decode,16,0,4336,0.0048,0,16,
1784262863.711579,1784262863.718952,decode,16,0,4336,0.0048,0,16,
1784262863.718952,1784262863.725652,decode,16,0,4336,0.0048,0,16,
1784262863.725652,1784262863.732754,decode,16,0,4336,0.0048,0,16,
1784262863.732754,1784262863.739900,decode,16,0,4336,0.0048,0,16,
1784262863.739900,1784262863.747203,decode,16,0,4336,0.0048,0,16,
1784262863.747203,1784262863.754307,decode,16,0,4336,0.0048,0,16,
1784262863.754307,1784262863.761342,decode,16,0,4336,0.0048,0,16,
1784262863.761342,1784262863.768742,decode,16,0,4336,0.0048,0,16,
1784262863.768742,1784262863.775792,decode,16,0,4336,0.0048,0,16,
1784262863.775792,1784262863.782619,decode,10,0,3472,0.0038,0,16,
1784262863.782619,1784262863.793119,decode,0,0,0,0.0000,0,10,
1784262863.793119,1784262863.804433,mixed,6,0,2128,0.0024,12288,6,
1784262863.804433,1784262863.813531,mixed,16,0,2384,0.0026,20480,16,
1784262863.813531,1784262863.820477,decode,16,0,2544,0.0028,0,16,
1784262863.820477,1784262863.827518,decode,16,0,2544,0.0028,0,16,
1784262863.827518,1784262863.834608,decode,16,0,2544,0.0028,0,16,
1784262863.834608,1784262863.841616,decode,16,0,2544,0.0028,0,16,
1784262863.841616,1784262863.848917,decode,16,0,2544,0.0028,0,16,
1784262863.848917,1784262863.856347,decode,16,0,2544,0.0028,0,16,
1784262863.856347,1784262863.863197,decode,16,0,2544,0.0028,0,16,
1784262863.863197,1784262863.870232,decode,16,0,2544,0.0028,0,16,
1784262863.870232,1784262863.877287,decode,16,0,2544,0.0028,0,16,
1784262863.877287,1784262863.884323,decode,16,0,2544,0.0028,0,16,
1784262863.884323,1784262863.891356,decode,16,0,2544,0.0028,0,16,
1784262863.891356,1784262863.898422,decode,16,0,2544,0.0028,0,16,
1784262863.898422,1784262863.905467,decode,16,0,2544,0.0028,0,16,
1784262863.905467,1784262863.912618,decode,16,0,2544,0.0028,0,16,
1784262863.912618,1784262863.919718,decode,16,0,2544,0.0028,0,16,
1784262863.919718,1784262863.926802,decode,16,0,2640,0.0029,0,16,
1784262863.926802,1784262863.933858,decode,16,0,2800,0.0031,0,16,
1784262863.933858,1784262863.940922,decode,16,0,2800,0.0031,0,16,
1784262863.940922,1784262863.947982,decode,16,0,2800,0.0031,0,16,
1784262863.947982,1784262863.954999,decode,16,0,2800,0.0031,0,16,
1784262863.954999,1784262863.962131,decode,16,0,2800,0.0031,0,16,
1784262863.962131,1784262863.969092,decode,16,0,2800,0.0031,0,16,
1784262863.969092,1784262863.976257,decode,16,0,2800,0.0031,0,16,
1784262863.976257,1784262863.983225,decode,16,0,2800,0.0031,0,16,
1784262863.983225,1784262863.990266,decode,16,0,2800,0.0031,0,16,
1784262863.990266,1784262863.997283,decode,16,0,2800,0.0031,0,16,
1784262863.997283,1784262864.004446,decode,16,0,2800,0.0031,0,16,
1784262864.004446,1784262864.011372,decode,16,0,2800,0.0031,0,16,
1784262864.011372,1784262864.018566,decode,16,0,2800,0.0031,0,16,
1784262864.018566,1784262864.025444,decode,16,0,2800,0.0031,0,16,
1784262864.025444,1784262864.032600,decode,16,0,2800,0.0031,0,16,
1784262864.032600,1784262864.039790,decode,16,0,2896,0.0032,0,16,
1784262864.039790,1784262864.046797,decode,16,0,3056,0.0034,0,16,
1784262864.046797,1784262864.053938,decode,16,0,3056,0.0034,0,16,
1784262864.053938,1784262864.060881,decode,16,0,3056,0.0034,0,16,
1784262864.060881,1784262864.068069,decode,16,0,3056,0.0034,0,16,
1784262864.068069,1784262864.075011,decode,16,0,3056,0.0034,0,16,
1784262864.075011,1784262864.082214,decode,16,0,3056,0.0034,0,16,
1784262864.082214,1784262864.089514,decode,16,0,3056,0.0034,0,16,
1784262864.089514,1784262864.096164,decode,16,0,3056,0.0034,0,16,
1784262864.096164,1784262864.103595,decode,16,0,3056,0.0034,0,16,
1784262864.103595,1784262864.110613,decode,16,0,3056,0.0034,0,16,
1784262864.110613,1784262864.117532,decode,16,0,3056,0.0034,0,16,
1784262864.117532,1784262864.124752,decode,16,0,3056,0.0034,0,16,
1784262864.124752,1784262864.131855,decode,16,0,3056,0.0034,0,16,
1784262864.131855,1784262864.138921,decode,16,0,3056,0.0034,0,16,
1784262864.138921,1784262864.145900,decode,16,0,3056,0.0034,0,16,
1784262864.145900,1784262864.153164,decode,16,0,3152,0.0035,0,16,
1784262864.153164,1784262864.160228,decode,16,0,3312,0.0037,0,16,
1784262864.160228,1784262864.167103,decode,16,0,3312,0.0037,0,16,
1784262864.167103,1784262864.174268,decode,16,0,3312,0.0037,0,16,
1784262864.174268,1784262864.181529,decode,16,0,3312,0.0037,0,16,
1784262864.181529,1784262864.188188,decode,16,0,3312,0.0037,0,16,
1784262864.188188,1784262864.195633,decode,16,0,3312,0.0037,0,16,
1784262864.195633,1784262864.202751,decode,16,0,3312,0.0037,0,16,
1784262864.202751,1784262864.209718,decode,16,0,3312,0.0037,0,16,
1784262864.209718,1784262864.216648,decode,16,0,3312,0.0037,0,16,
1784262864.216648,1784262864.223696,decode,16,0,3312,0.0037,0,16,
1784262864.223696,1784262864.230774,decode,16,0,3312,0.0037,0,16,
1784262864.230774,1784262864.237883,decode,16,0,3312,0.0037,0,16,
1784262864.237883,1784262864.244935,decode,16,0,3312,0.0037,0,16,
1784262864.244935,1784262864.251981,decode,16,0,3312,0.0037,0,16,
1784262864.251981,1784262864.259139,decode,16,0,3312,0.0037,0,16,
1784262864.259139,1784262864.266334,decode,16,0,3408,0.0038,0,16,
1784262864.266334,1784262864.273390,decode,16,0,3568,0.0040,0,16,
1784262864.273390,1784262864.280511,decode,16,0,3568,0.0040,0,16,
1784262864.280511,1784262864.287523,decode,16,0,3568,0.0040,0,16,
1784262864.287523,1784262864.294640,decode,16,0,3568,0.0040,0,16,
1784262864.294640,1784262864.301675,decode,16,0,3568,0.0040,0,16,
1784262864.301675,1784262864.308886,decode,16,0,3568,0.0040,0,16,
1784262864.308886,1784262864.315829,decode,16,0,3568,0.0040,0,16,
1784262864.315829,1784262864.322985,decode,16,0,3568,0.0040,0,16,
1784262864.322985,1784262864.329980,decode,16,0,3568,0.0040,0,16,
1784262864.329980,1784262864.337047,decode,16,0,3568,0.0040,0,16,
1784262864.337047,1784262864.344214,decode,16,0,3568,0.0040,0,16,
1784262864.344214,1784262864.351253,decode,16,0,3568,0.0040,0,16,
1784262864.351253,1784262864.358292,decode,16,0,3568,0.0040,0,16,
1784262864.358292,1784262864.365483,decode,16,0,3568,0.0040,0,16,
1784262864.365483,1784262864.372658,decode,16,0,3568,0.0040,0,16,
1784262864.372658,1784262864.379780,decode,16,0,3664,0.0041,0,16,
1784262864.379780,1784262864.386785,decode,16,0,3824,0.0042,0,16,
1784262864.386785,1784262864.393840,decode,16,0,3824,0.0042,0,16,
1784262864.393840,1784262864.400931,decode,16,0,3824,0.0042,0,16,
1784262864.400931,1784262864.407992,decode,16,0,3824,0.0042,0,16,
1784262864.407992,1784262864.415096,decode,16,0,3824,0.0042,0,16,
1784262864.415096,1784262864.422119,decode,16,0,3824,0.0042,0,16,
1784262864.422119,1784262864.429282,decode,16,0,3824,0.0042,0,16,
1784262864.429282,1784262864.436310,decode,16,0,3824,0.0042,0,16,
1784262864.436310,1784262864.443535,decode,16,0,3824,0.0042,0,16,
1784262864.443535,1784262864.450714,decode,16,0,3824,0.0042,0,16,
1784262864.450714,1784262864.457697,decode,16,0,3824,0.0042,0,16,
1784262864.457697,1784262864.464773,decode,16,0,3824,0.0042,0,16,
1784262864.464773,1784262864.471890,decode,16,0,3824,0.0042,0,16,
1784262864.471890,1784262864.478987,decode,16,0,3824,0.0042,0,16,
1784262864.478987,1784262864.486145,decode,16,0,3824,0.0042,0,16,
1784262864.486145,1784262864.493232,decode,16,0,3920,0.0043,0,16,
1784262864.493232,1784262864.500353,decode,16,0,4080,0.0045,0,16,
1784262864.500353,1784262864.507353,decode,16,0,4080,0.0045,0,16,
1784262864.507353,1784262864.514476,decode,16,0,4080,0.0045,0,16,
1784262864.514476,1784262864.521830,decode,16,0,4080,0.0045,0,16,
1784262864.521830,1784262864.528935,decode,16,0,4080,0.0045,0,16,
1784262864.528935,1784262864.536026,decode,16,0,4080,0.0045,0,16,
1784262864.536026,1784262864.543145,decode,16,0,4080,0.0045,0,16,
1784262864.543145,1784262864.550203,decode,16,0,4080,0.0045,0,16,
1784262864.550203,1784262864.557181,decode,16,0,4080,0.0045,0,16,
1784262864.557181,1784262864.564405,decode,16,0,4080,0.0045,0,16,
1784262864.564405,1784262864.571386,decode,16,0,4080,0.0045,0,16,
1784262864.571386,1784262864.578504,decode,16,0,4080,0.0045,0,16,
1784262864.578504,1784262864.585561,decode,16,0,4080,0.0045,0,16,
1784262864.585561,1784262864.592694,decode,16,0,4080,0.0045,0,16,
1784262864.592694,1784262864.599876,decode,16,0,4080,0.0045,0,16,
1784262864.599876,1784262864.606935,decode,16,0,4176,0.0046,0,16,
1784262864.606935,1784262864.614070,decode,16,0,4336,0.0048,0,16,
1784262864.614070,1784262864.621153,decode,16,0,4336,0.0048,0,16,
1784262864.621153,1784262864.628277,decode,16,0,4336,0.0048,0,16,
1784262864.628277,1784262864.635345,decode,16,0,4336,0.0048,0,16,
1784262864.635345,1784262864.642430,decode,16,0,4336,0.0048,0,16,
1784262864.642430,1784262864.649541,decode,16,0,4336,0.0048,0,16,
1784262864.649541,1784262864.656693,decode,16,0,4336,0.0048,0,16,
1784262864.656693,1784262864.663831,decode,16,0,4336,0.0048,0,16,
1784262864.663831,1784262864.670898,decode,16,0,4336,0.0048,0,16,
1784262864.670898,1784262864.677942,decode,16,0,4336,0.0048,0,16,
1784262864.677942,1784262864.685023,decode,16,0,4336,0.0048,0,16,
1784262864.685023,1784262864.692285,decode,16,0,4336,0.0048,0,16,
1784262864.692285,1784262864.699285,decode,16,0,4336,0.0048,0,16,
1784262864.699285,1784262864.706486,decode,10,0,3472,0.0038,0,16,
1784262864.706486,1784262864.716108,decode,0,0,0,0.0000,0,10,
1784262864.716108,1784262864.727375,mixed,6,0,2128,0.0024,12288,6,
1784262864.727375,1784262864.736503,mixed,16,0,2384,0.0026,20480,16,
1784262864.736503,1784262864.743366,decode,16,0,2544,0.0028,0,16,
1784262864.743366,1784262864.750432,decode,16,0,2544,0.0028,0,16,
1784262864.750432,1784262864.757520,decode,16,0,2544,0.0028,0,16,
1784262864.757520,1784262864.764605,decode,16,0,2544,0.0028,0,16,
1784262864.764605,1784262864.771679,decode,16,0,2544,0.0028,0,16,
1784262864.771679,1784262864.778867,decode,16,0,2544,0.0028,0,16,
1784262864.778867,1784262864.785983,decode,16,0,2544,0.0028,0,16,
1784262864.785983,1784262864.793050,decode,16,0,2544,0.0028,0,16,
1784262864.793050,1784262864.800136,decode,16,0,2544,0.0028,0,16,
1784262864.800136,1784262864.807075,decode,16,0,2544,0.0028,0,16,
1784262864.807075,1784262864.814338,decode,16,0,2544,0.0028,0,16,
1784262864.814338,1784262864.821239,decode,16,0,2544,0.0028,0,16,
1784262864.821239,1784262864.828263,decode,16,0,2544,0.0028,0,16,
1784262864.828263,1784262864.835594,decode,16,0,2544,0.0028,0,16,
1784262864.835594,1784262864.842769,decode,16,0,2544,0.0028,0,16,
1784262864.842769,1784262864.849916,decode,16,0,2640,0.0029,0,16,
1784262864.849916,1784262864.856976,decode,16,0,2800,0.0031,0,16,
1784262864.856976,1784262864.864289,decode,16,0,2800,0.0031,0,16,
1784262864.864289,1784262864.871341,decode,16,0,2800,0.0031,0,16,
1784262864.871341,1784262864.878399,decode,16,0,2800,0.0031,0,16,
1784262864.878399,1784262864.885524,decode,16,0,2800,0.0031,0,16,
1784262864.885524,1784262864.892587,decode,16,0,2800,0.0031,0,16,
1784262864.892587,1784262864.899612,decode,16,0,2800,0.0031,0,16,
1784262864.899612,1784262864.906791,decode,16,0,2800,0.0031,0,16,
1784262864.906791,1784262864.913868,decode,16,0,2800,0.0031,0,16,
1784262864.913868,1784262864.920975,decode,16,0,2800,0.0031,0,16,
1784262864.920975,1784262864.928092,decode,16,0,2800,0.0031,0,16,
1784262864.928092,1784262864.935533,decode,16,0,2800,0.0031,0,16,
1784262864.935533,1784262864.942753,decode,16,0,2800,0.0031,0,16,
1784262864.942753,1784262864.949695,decode,16,0,2800,0.0031,0,16,
1784262864.949695,1784262864.956711,decode,16,0,2800,0.0031,0,16,
1784262864.956711,1784262864.963704,decode,16,0,2896,0.0032,0,16,
1784262864.963704,1784262864.970850,decode,16,0,3056,0.0034,0,16,
1784262864.970850,1784262864.978193,decode,16,0,3056,0.0034,0,16,
1784262864.978193,1784262864.985209,decode,16,0,3056,0.0034,0,16,
1784262864.985209,1784262864.992702,decode,16,0,3056,0.0034,0,16,
1784262864.992702,1784262864.999694,decode,16,0,3056,0.0034,0,16,
1784262864.999694,1784262865.006771,decode,16,0,3056,0.0034,0,16,
1784262865.006771,1784262865.013843,decode,16,0,3056,0.0034,0,16,
1784262865.013843,1784262865.020906,decode,16,0,3056,0.0034,0,16,
1784262865.020906,1784262865.028072,decode,16,0,3056,0.0034,0,16,
1784262865.028072,1784262865.035351,decode,16,0,3056,0.0034,0,16,
1784262865.035351,1784262865.042378,decode,16,0,3056,0.0034,0,16,
1784262865.042378,1784262865.049400,decode,16,0,3056,0.0034,0,16,
1784262865.049400,1784262865.056302,decode,16,0,3056,0.0034,0,16,
1784262865.056302,1784262865.063524,decode,16,0,3056,0.0034,0,16,
1784262865.063524,1784262865.070776,decode,16,0,3056,0.0034,0,16,
1784262865.070776,1784262865.078082,decode,16,0,3152,0.0035,0,16,
1784262865.078082,1784262865.085445,decode,16,0,3312,0.0037,0,16,
1784262865.085445,1784262865.092460,decode,16,0,3312,0.0037,0,16,
1784262865.092460,1784262865.099463,decode,16,0,3312,0.0037,0,16,
1784262865.099463,1784262865.106365,decode,16,0,3312,0.0037,0,16,
1784262865.106365,1784262865.113493,decode,16,0,3312,0.0037,0,16,
1784262865.113493,1784262865.120506,decode,16,0,3312,0.0037,0,16,
1784262865.120506,1784262865.127582,decode,16,0,3312,0.0037,0,16,
1784262865.127582,1784262865.134717,decode,16,0,3312,0.0037,0,16,
1784262865.134717,1784262865.142116,decode,16,0,3312,0.0037,0,16,
1784262865.142116,1784262865.148857,decode,16,0,3312,0.0037,0,16,
1784262865.148857,1784262865.155945,decode,16,0,3312,0.0037,0,16,
1784262865.155945,1784262865.163085,decode,16,0,3312,0.0037,0,16,
1784262865.163085,1784262865.170404,decode,16,0,3312,0.0037,0,16,
1784262865.170404,1784262865.177184,decode,16,0,3312,0.0037,0,16,
1784262865.177184,1784262865.184443,decode,16,0,3312,0.0037,0,16,
1784262865.184443,1784262865.191547,decode,16,0,3408,0.0038,0,16,
1784262865.191547,1784262865.198596,decode,16,0,3568,0.0040,0,16,
1784262865.198596,1784262865.205720,decode,16,0,3568,0.0040,0,16,
1784262865.205720,1784262865.212748,decode,16,0,3568,0.0040,0,16,
1784262865.212748,1784262865.219862,decode,16,0,3568,0.0040,0,16,
1784262865.219862,1784262865.226980,decode,16,0,3568,0.0040,0,16,
1784262865.226980,1784262865.234214,decode,16,0,3568,0.0040,0,16,
1784262865.234214,1784262865.241327,decode,16,0,3568,0.0040,0,16,
1784262865.241327,1784262865.248395,decode,16,0,3568,0.0040,0,16,
1784262865.248395,1784262865.255883,decode,16,0,3568,0.0040,0,16,
1784262865.255883,1784262865.263018,decode,16,0,3568,0.0040,0,16,
1784262865.263018,1784262865.269924,decode,16,0,3568,0.0040,0,16,
1784262865.269924,1784262865.276970,decode,16,0,3568,0.0040,0,16,
1784262865.276970,1784262865.284099,decode,16,0,3568,0.0040,0,16,
1784262865.284099,1784262865.291299,decode,16,0,3568,0.0040,0,16,
1784262865.291299,1784262865.298437,decode,16,0,3568,0.0040,0,16,
1784262865.298437,1784262865.305554,decode,16,0,3664,0.0041,0,16,
1784262865.305554,1784262865.312598,decode,16,0,3824,0.0042,0,16,
1784262865.312598,1784262865.319751,decode,16,0,3824,0.0042,0,16,
1784262865.319751,1784262865.326880,decode,16,0,3824,0.0042,0,16,
1784262865.326880,1784262865.333983,decode,16,0,3824,0.0042,0,16,
1784262865.333983,1784262865.341054,decode,16,0,3824,0.0042,0,16,
1784262865.341054,1784262865.348221,decode,16,0,3824,0.0042,0,16,
1784262865.348221,1784262865.355387,decode,16,0,3824,0.0042,0,16,
1784262865.355387,1784262865.362319,decode,16,0,3824,0.0042,0,16,
1784262865.362319,1784262865.370070,decode,16,0,3824,0.0042,0,16,
1784262865.370070,1784262865.377240,decode,16,0,3824,0.0042,0,16,
1784262865.377240,1784262865.384438,decode,16,0,3824,0.0042,0,16,
1784262865.384438,1784262865.391862,decode,16,0,3824,0.0042,0,16,
1784262865.391862,1784262865.398919,decode,16,0,3824,0.0042,0,16,
1784262865.398919,1784262865.406084,decode,16,0,3824,0.0042,0,16,
1784262865.406084,1784262865.413323,decode,16,0,3824,0.0042,0,16,
1784262865.413323,1784262865.420450,decode,16,0,3920,0.0043,0,16,
1784262865.420450,1784262865.427608,decode,16,0,4080,0.0045,0,16,
1784262865.427608,1784262865.434744,decode,16,0,4080,0.0045,0,16,
1784262865.434744,1784262865.442268,decode,16,0,4080,0.0045,0,16,
1784262865.442268,1784262865.449437,decode,16,0,4080,0.0045,0,16,
1784262865.449437,1784262865.456288,decode,16,0,4080,0.0045,0,16,
1784262865.456288,1784262865.463580,decode,16,0,4080,0.0045,0,16,
1784262865.463580,1784262865.470487,decode,16,0,4080,0.0045,0,16,
1784262865.470487,1784262865.477920,decode,16,0,4080,0.0045,0,16,
1784262865.477920,1784262865.484986,decode,16,0,4080,0.0045,0,16,
1784262865.484986,1784262865.492157,decode,16,0,4080,0.0045,0,16,
1784262865.492157,1784262865.499178,decode,16,0,4080,0.0045,0,16,
1784262865.499178,1784262865.506213,decode,16,0,4080,0.0045,0,16,
1784262865.506213,1784262865.513355,decode,16,0,4080,0.0045,0,16,
1784262865.513355,1784262865.520550,decode,16,0,4080,0.0045,0,16,
1784262865.520550,1784262865.527719,decode,16,0,4080,0.0045,0,16,
1784262865.527719,1784262865.534802,decode,16,0,4176,0.0046,0,16,
1784262865.534802,1784262865.542619,decode,16,0,4336,0.0048,0,16,
1784262865.542619,1784262865.549671,decode,16,0,4336,0.0048,0,16,
1784262865.549671,1784262865.556872,decode,16,0,4336,0.0048,0,16,
1784262865.556872,1784262865.564317,decode,16,0,4336,0.0048,0,16,
1784262865.564317,1784262865.571342,decode,16,0,4336,0.0048,0,16,
1784262865.571342,1784262865.578306,decode,16,0,4336,0.0048,0,16,
1784262865.578306,1784262865.585535,decode,16,0,4336,0.0048,0,16,
1784262865.585535,1784262865.592329,decode,16,0,4336,0.0048,0,16,
1784262865.592329,1784262865.599902,decode,16,0,4336,0.0048,0,16,
1784262865.599902,1784262865.607174,decode,16,0,4336,0.0048,0,16,
1784262865.607174,1784262865.614210,decode,16,0,4336,0.0048,0,16,
1784262865.614210,1784262865.621312,decode,16,0,4336,0.0048,0,16,
1784262865.621312,1784262865.628696,decode,16,0,4336,0.0048,0,16,
1784262865.628696,1784262865.636464,decode,10,0,3472,0.0038,0,16,
1784262865.636464,1784262865.646205,decode,0,0,0,0.0000,0,10,
1784262865.646205,1784262865.659303,mixed,6,0,2128,0.0024,12288,6,
1784262865.659303,1784262865.668511,mixed,16,0,2384,0.0026,20480,16,
1784262865.668511,1784262865.675766,decode,16,0,2544,0.0028,0,16,
1784262865.675766,1784262865.682909,decode,16,0,2544,0.0028,0,16,
1784262865.682909,1784262865.689754,decode,16,0,2544,0.0028,0,16,
1784262865.689754,1784262865.697422,decode,16,0,2544,0.0028,0,16,
1784262865.697422,1784262865.704323,decode,16,0,2544,0.0028,0,16,
1784262865.704323,1784262865.711791,decode,16,0,2544,0.0028,0,16,
1784262865.711791,1784262865.718494,decode,16,0,2544,0.0028,0,16,
1784262865.718494,1784262865.725395,decode,16,0,2544,0.0028,0,16,
1784262865.725395,1784262865.732642,decode,16,0,2544,0.0028,0,16,
1784262865.732642,1784262865.739946,decode,16,0,2544,0.0028,0,16,
1784262865.739946,1784262865.746764,decode,16,0,2544,0.0028,0,16,
1784262865.746764,1784262865.753611,decode,16,0,2544,0.0028,0,16,
1784262865.753611,1784262865.760440,decode,16,0,2544,0.0028,0,16,
1784262865.760440,1784262865.767570,decode,16,0,2544,0.0028,0,16,
1784262865.767570,1784262865.774639,decode,16,0,2544,0.0028,0,16,
1784262865.774639,1784262865.781904,decode,16,0,2640,0.0029,0,16,
1784262865.781904,1784262865.789145,decode,16,0,2800,0.0031,0,16,
1784262865.789145,1784262865.795810,decode,16,0,2800,0.0031,0,16,
1784262865.795810,1784262865.802857,decode,16,0,2800,0.0031,0,16,
1784262865.802857,1784262865.810067,decode,16,0,2800,0.0031,0,16,
1784262865.810067,1784262865.817049,decode,16,0,2800,0.0031,0,16,
1784262865.817049,1784262865.824084,decode,16,0,2800,0.0031,0,16,
1784262865.824084,1784262865.831222,decode,16,0,2800,0.0031,0,16,
1784262865.831222,1784262865.838419,decode,16,0,2800,0.0031,0,16,
1784262865.838419,1784262865.845127,decode,16,0,2800,0.0031,0,16,
1784262865.845127,1784262865.852128,decode,16,0,2800,0.0031,0,16,
1784262865.852128,1784262865.859507,decode,16,0,2800,0.0031,0,16,
1784262865.859507,1784262865.866192,decode,16,0,2800,0.0031,0,16,
1784262865.866192,1784262865.873625,decode,16,0,2800,0.0031,0,16,
1784262865.873625,1784262865.880481,decode,16,0,2800,0.0031,0,16,
1784262865.880481,1784262865.887802,decode,16,0,2800,0.0031,0,16,
1784262865.887802,1784262865.894421,decode,16,0,2896,0.0032,0,16,
1784262865.894421,1784262865.901833,decode,16,0,3056,0.0034,0,16,
1784262865.901833,1784262865.908887,decode,16,0,3056,0.0034,0,16,
1784262865.908887,1784262865.915553,decode,16,0,3056,0.0034,0,16,
1784262865.915553,1784262865.922441,decode,16,0,3056,0.0034,0,16,
1784262865.922441,1784262865.929924,decode,16,0,3056,0.0034,0,16,
1784262865.929924,1784262865.936621,decode,16,0,3056,0.0034,0,16,
1784262865.936621,1784262865.943807,decode,16,0,3056,0.0034,0,16,
1784262865.943807,1784262865.950853,decode,16,0,3056,0.0034,0,16,
1784262865.950853,1784262865.957783,decode,16,0,3056,0.0034,0,16,
1784262865.957783,1784262865.964816,decode,16,0,3056,0.0034,0,16,
1784262865.964816,1784262865.971946,decode,16,0,3056,0.0034,0,16,
1784262865.971946,1784262865.979267,decode,16,0,3056,0.0034,0,16,
1784262865.979267,1784262865.985888,decode,16,0,3056,0.0034,0,16,
1784262865.985888,1784262865.993007,decode,16,0,3056,0.0034,0,16,
1784262865.993007,1784262866.000221,decode,16,0,3056,0.0034,0,16,
1784262866.000221,1784262866.007202,decode,16,0,3152,0.0035,0,16,
1784262866.007202,1784262866.014693,decode,16,0,3312,0.0037,0,16,
1784262866.014693,1784262866.021212,decode,16,0,3312,0.0037,0,16,
1784262866.021212,1784262866.028633,decode,16,0,3312,0.0037,0,16,
1784262866.028633,1784262866.035671,decode,16,0,3312,0.0037,0,16,
1784262866.035671,1784262866.042428,decode,16,0,3312,0.0037,0,16,
1784262866.042428,1784262866.049657,decode,16,0,3312,0.0037,0,16,
1784262866.049657,1784262866.056505,decode,16,0,3312,0.0037,0,16,
1784262866.056505,1784262866.063470,decode,16,0,3312,0.0037,0,16,
1784262866.063470,1784262866.070587,decode,16,0,3312,0.0037,0,16,
1784262866.070587,1784262866.077444,decode,16,0,3312,0.0037,0,16,
1784262866.077444,1784262866.084568,decode,16,0,3312,0.0037,0,16,
1784262866.084568,1784262866.092000,decode,16,0,3312,0.0037,0,16,
1784262866.092000,1784262866.098669,decode,16,0,3312,0.0037,0,16,
1784262866.098669,1784262866.105782,decode,16,0,3312,0.0037,0,16,
1784262866.105782,1784262866.112736,decode,16,0,3312,0.0037,0,16,
1784262866.112736,1784262866.120106,decode,16,0,3408,0.0038,0,16,
1784262866.120106,1784262866.126925,decode,16,0,3568,0.0040,0,16,
1784262866.126925,1784262866.133974,decode,16,0,3568,0.0040,0,16,
1784262866.133974,1784262866.141355,decode,16,0,3568,0.0040,0,16,
1784262866.141355,1784262866.148174,decode,16,0,3568,0.0040,0,16,
1784262866.148174,1784262866.155157,decode,16,0,3568,0.0040,0,16,
1784262866.155157,1784262866.162126,decode,16,0,3568,0.0040,0,16,
1784262866.162126,1784262866.169535,decode,16,0,3568,0.0040,0,16,
1784262866.169535,1784262866.176273,decode,16,0,3568,0.0040,0,16,
1784262866.176273,1784262866.183472,decode,16,0,3568,0.0040,0,16,
1784262866.183472,1784262866.190641,decode,16,0,3568,0.0040,0,16,
1784262866.190641,1784262866.197490,decode,16,0,3568,0.0040,0,16,
1784262866.197490,1784262866.204934,decode,16,0,3568,0.0040,0,16,
1784262866.204934,1784262866.211449,decode,16,0,3568,0.0040,0,16,
1784262866.211449,1784262866.218591,decode,16,0,3568,0.0040,0,16,
1784262866.218591,1784262866.225778,decode,16,0,3568,0.0040,0,16,
1784262866.225778,1784262866.232715,decode,16,0,3664,0.0041,0,16,
1784262866.232715,1784262866.240015,decode,16,0,3824,0.0042,0,16,
1784262866.240015,1784262866.246769,decode,16,0,3824,0.0042,0,16,
1784262866.246769,1784262866.254218,decode,16,0,3824,0.0042,0,16,
1784262866.254218,1784262866.260965,decode,16,0,3824,0.0042,0,16,
1784262866.260965,1784262866.267886,decode,16,0,3824,0.0042,0,16,
1784262866.267886,1784262866.275312,decode,16,0,3824,0.0042,0,16,
1784262866.275312,1784262866.282197,decode,16,0,3824,0.0042,0,16,
1784262866.282197,1784262866.289122,decode,16,0,3824,0.0042,0,16,
1784262866.289122,1784262866.296364,decode,16,0,3824,0.0042,0,16,
1784262866.296364,1784262866.303250,decode,16,0,3824,0.0042,0,16,
1784262866.303250,1784262866.310341,decode,16,0,3824,0.0042,0,16,
1784262866.310341,1784262866.317391,decode,16,0,3824,0.0042,0,16,
1784262866.317391,1784262866.324714,decode,16,0,3824,0.0042,0,16,
1784262866.324714,1784262866.331530,decode,16,0,3824,0.0042,0,16,
1784262866.331530,1784262866.338463,decode,16,0,3824,0.0042,0,16,
1784262866.338463,1784262866.346069,decode,16,0,3920,0.0043,0,16,
1784262866.346069,1784262866.352582,decode,16,0,4080,0.0045,0,16,
1784262866.352582,1784262866.359645,decode,16,0,4080,0.0045,0,16,
1784262866.359645,1784262866.366794,decode,16,0,4080,0.0045,0,16,
1784262866.366794,1784262866.374053,decode,16,0,4080,0.0045,0,16,
1784262866.374053,1784262866.380911,decode,16,0,4080,0.0045,0,16,
1784262866.380911,1784262866.387783,decode,16,0,4080,0.0045,0,16,
1784262866.387783,1784262866.394915,decode,16,0,4080,0.0045,0,16,
1784262866.394915,1784262866.402297,decode,16,0,4080,0.0045,0,16,
1784262866.402297,1784262866.408944,decode,16,0,4080,0.0045,0,16,
1784262866.408944,1784262866.416157,decode,16,0,4080,0.0045,0,16,
1784262866.416157,1784262866.423689,decode,16,0,4080,0.0045,0,16,
1784262866.423689,1784262866.430619,decode,16,0,4080,0.0045,0,16,
1784262866.430619,1784262866.438538,decode,16,0,4080,0.0045,0,16,
1784262866.438538,1784262866.445393,decode,16,0,4080,0.0045,0,16,
1784262866.445393,1784262866.452430,decode,16,0,4080,0.0045,0,16,
1784262866.452430,1784262866.459719,decode,16,0,4176,0.0046,0,16,
1784262866.459719,1784262866.466923,decode,16,0,4336,0.0048,0,16,
1784262866.466923,1784262866.473783,decode,16,0,4336,0.0048,0,16,
1784262866.473783,1784262866.480671,decode,16,0,4336,0.0048,0,16,
1784262866.480671,1784262866.487892,decode,16,0,4336,0.0048,0,16,
1784262866.487892,1784262866.494893,decode,16,0,4336,0.0048,0,16,
1784262866.494893,1784262866.502011,decode,16,0,4336,0.0048,0,16,
1784262866.502011,1784262866.509221,decode,16,0,4336,0.0048,0,16,
1784262866.509221,1784262866.516084,decode,16,0,4336,0.0048,0,16,
1784262866.516084,1784262866.523407,decode,16,0,4336,0.0048,0,16,
1784262866.523407,1784262866.530333,decode,16,0,4336,0.0048,0,16,
1784262866.530333,1784262866.537709,decode,16,0,4336,0.0048,0,16,
1784262866.537709,1784262866.544489,decode,16,0,4336,0.0048,0,16,
1784262866.544489,1784262866.551809,decode,16,0,4336,0.0048,0,16,
1784262866.551809,1784262866.558757,decode,10,0,3472,0.0038,0,16,
1784262866.558757,1784262866.568985,decode,0,0,0,0.0000,0,10,
1784262866.568985,1784262866.580642,mixed,6,0,2128,0.0024,12288,6,
1784262866.580642,1784262866.589856,mixed,16,0,2384,0.0026,20480,16,
1784262866.589856,1784262866.597216,decode,16,0,2544,0.0028,0,16,
1784262866.597216,1784262866.604118,decode,16,0,2544,0.0028,0,16,
1784262866.604118,1784262866.610857,decode,16,0,2544,0.0028,0,16,
1784262866.610857,1784262866.618196,decode,16,0,2544,0.0028,0,16,
1784262866.618196,1784262866.625528,decode,16,0,2544,0.0028,0,16,
1784262866.625528,1784262866.632181,decode,16,0,2544,0.0028,0,16,
1784262866.632181,1784262866.639414,decode,16,0,2544,0.0028,0,16,
1784262866.639414,1784262866.646398,decode,16,0,2544,0.0028,0,16,
1784262866.646398,1784262866.653316,decode,16,0,2544,0.0028,0,16,
1784262866.653316,1784262866.660375,decode,16,0,2544,0.0028,0,16,
1784262866.660375,1784262866.667742,decode,16,0,2544,0.0028,0,16,
1784262866.667742,1784262866.675230,decode,16,0,2544,0.0028,0,16,
1784262866.675230,1784262866.681903,decode,16,0,2544,0.0028,0,16,
1784262866.681903,1784262866.689148,decode,16,0,2544,0.0028,0,16,
1784262866.689148,1784262866.696272,decode,16,0,2544,0.0028,0,16,
1784262866.696272,1784262866.703651,decode,16,0,2640,0.0029,0,16,
1784262866.703651,1784262866.710366,decode,16,0,2800,0.0031,0,16,
1784262866.710366,1784262866.717492,decode,16,0,2800,0.0031,0,16,
1784262866.717492,1784262866.724924,decode,16,0,2800,0.0031,0,16,
1784262866.724924,1784262866.731614,decode,16,0,2800,0.0031,0,16,
1784262866.731614,1784262866.738879,decode,16,0,2800,0.0031,0,16,
1784262866.738879,1784262866.746234,decode,16,0,2800,0.0031,0,16,
1784262866.746234,1784262866.753085,decode,16,0,2800,0.0031,0,16,
1784262866.753085,1784262866.759970,decode,16,0,2800,0.0031,0,16,
1784262866.759970,1784262866.767021,decode,16,0,2800,0.0031,0,16,
1784262866.767021,1784262866.774076,decode,16,0,2800,0.0031,0,16,
1784262866.774076,1784262866.781159,decode,16,0,2800,0.0031,0,16,
1784262866.781159,1784262866.788522,decode,16,0,2800,0.0031,0,16,
1784262866.788522,1784262866.795456,decode,16,0,2800,0.0031,0,16,
1784262866.795456,1784262866.802399,decode,16,0,2800,0.0031,0,16,
1784262866.802399,1784262866.809592,decode,16,0,2800,0.0031,0,16,
1784262866.809592,1784262866.817078,decode,16,0,2896,0.0032,0,16,
1784262866.817078,1784262866.823736,decode,16,0,3056,0.0034,0,16,
1784262866.823736,1784262866.830788,decode,16,0,3056,0.0034,0,16,
1784262866.830788,1784262866.838321,decode,16,0,3056,0.0034,0,16,
1784262866.838321,1784262866.845027,decode,16,0,3056,0.0034,0,16,
1784262866.845027,1784262866.852081,decode,16,0,3056,0.0034,0,16,
1784262866.852081,1784262866.859179,decode,16,0,3056,0.0034,0,16,
1784262866.859179,1784262866.866380,decode,16,0,3056,0.0034,0,16,
1784262866.866380,1784262866.873749,decode,16,0,3056,0.0034,0,16,
1784262866.873749,1784262866.880602,decode,16,0,3056,0.0034,0,16,
1784262866.880602,1784262866.887914,decode,16,0,3056,0.0034,0,16,
1784262866.887914,1784262866.894949,decode,16,0,3056,0.0034,0,16,
1784262866.894949,1784262866.901780,decode,16,0,3056,0.0034,0,16,
1784262866.901780,1784262866.909242,decode,16,0,3056,0.0034,0,16,
1784262866.909242,1784262866.916296,decode,16,0,3056,0.0034,0,16,
1784262866.916296,1784262866.923365,decode,16,0,3056,0.0034,0,16,
1784262866.923365,1784262866.930488,decode,16,0,3152,0.0035,0,16,
1784262866.930488,1784262866.937419,decode,16,0,3312,0.0037,0,16,
1784262866.937419,1784262866.944929,decode,16,0,3312,0.0037,0,16,
1784262866.944929,1784262866.951499,decode,16,0,3312,0.0037,0,16,
1784262866.951499,1784262866.958754,decode,16,0,3312,0.0037,0,16,
1784262866.958754,1784262866.966034,decode,16,0,3312,0.0037,0,16,
1784262866.966034,1784262866.972606,decode,16,0,3312,0.0037,0,16,
1784262866.972606,1784262866.980130,decode,16,0,3312,0.0037,0,16,
1784262866.980130,1784262866.987640,decode,16,0,3312,0.0037,0,16,
1784262866.987640,1784262866.994540,decode,16,0,3312,0.0037,0,16,
1784262866.994540,1784262867.001448,decode,16,0,3312,0.0037,0,16,
1784262867.001448,1784262867.008710,decode,16,0,3312,0.0037,0,16,
1784262867.008710,1784262867.015942,decode,16,0,3312,0.0037,0,16,
1784262867.015942,1784262867.022985,decode,16,0,3312,0.0037,0,16,
1784262867.022985,1784262867.029776,decode,16,0,3312,0.0037,0,16,
1784262867.029776,1784262867.037021,decode,16,0,3312,0.0037,0,16,
1784262867.037021,1784262867.044208,decode,16,0,3408,0.0038,0,16,
1784262867.044208,1784262867.051517,decode,16,0,3568,0.0040,0,16,
1784262867.051517,1784262867.058118,decode,16,0,3568,0.0040,0,16,
1784262867.058118,1784262867.065254,decode,16,0,3568,0.0040,0,16,
1784262867.065254,1784262867.072286,decode,16,0,3568,0.0040,0,16,
1784262867.072286,1784262867.079479,decode,16,0,3568,0.0040,0,16,
1784262867.079479,1784262867.086515,decode,16,0,3568,0.0040,0,16,
1784262867.086515,1784262867.093588,decode,16,0,3568,0.0040,0,16,
1784262867.093588,1784262867.100775,decode,16,0,3568,0.0040,0,16,
1784262867.100775,1784262867.107753,decode,16,0,3568,0.0040,0,16,
1784262867.107753,1784262867.114886,decode,16,0,3568,0.0040,0,16,
1784262867.114886,1784262867.122025,decode,16,0,3568,0.0040,0,16,
1784262867.122025,1784262867.129063,decode,16,0,3568,0.0040,0,16,
1784262867.129063,1784262867.136536,decode,16,0,3568,0.0040,0,16,
1784262867.136536,1784262867.143228,decode,16,0,3568,0.0040,0,16,
1784262867.143228,1784262867.150723,decode,16,0,3568,0.0040,0,16,
1784262867.150723,1784262867.157517,decode,16,0,3664,0.0041,0,16,
1784262867.157517,1784262867.164598,decode,16,0,3824,0.0042,0,16,
1784262867.164598,1784262867.171704,decode,16,0,3824,0.0042,0,16,
1784262867.171704,1784262867.178791,decode,16,0,3824,0.0042,0,16,
1784262867.178791,1784262867.185841,decode,16,0,3824,0.0042,0,16,
1784262867.185841,1784262867.193010,decode,16,0,3824,0.0042,0,16,
1784262867.193010,1784262867.199988,decode,16,0,3824,0.0042,0,16,
1784262867.199988,1784262867.207095,decode,16,0,3824,0.0042,0,16,
1784262867.207095,1784262867.214158,decode,16,0,3824,0.0042,0,16,
1784262867.214158,1784262867.221141,decode,16,0,3824,0.0042,0,16,
1784262867.221141,1784262867.228195,decode,16,0,3824,0.0042,0,16,
1784262867.228195,1784262867.235239,decode,16,0,3824,0.0042,0,16,
1784262867.235239,1784262867.242715,decode,16,0,3824,0.0042,0,16,
1784262867.242715,1784262867.249933,decode,16,0,3824,0.0042,0,16,
1784262867.249933,1784262867.256470,decode,16,0,3824,0.0042,0,16,
1784262867.256470,1784262867.264136,decode,16,0,3824,0.0042,0,16,
1784262867.264136,1784262867.270849,decode,16,0,3920,0.0043,0,16,
1784262867.270849,1784262867.278371,decode,16,0,4080,0.0045,0,16,
1784262867.278371,1784262867.285077,decode,16,0,4080,0.0045,0,16,
1784262867.285077,1784262867.292316,decode,16,0,4080,0.0045,0,16,
1784262867.292316,1784262867.299473,decode,16,0,4080,0.0045,0,16,
1784262867.299473,1784262867.306323,decode,16,0,4080,0.0045,0,16,
1784262867.306323,1784262867.313545,decode,16,0,4080,0.0045,0,16,
1784262867.313545,1784262867.320453,decode,16,0,4080,0.0045,0,16,
1784262867.320453,1784262867.327912,decode,16,0,4080,0.0045,0,16,
1784262867.327912,1784262867.334589,decode,16,0,4080,0.0045,0,16,
1784262867.334589,1784262867.341767,decode,16,0,4080,0.0045,0,16,
1784262867.341767,1784262867.348997,decode,16,0,4080,0.0045,0,16,
1784262867.348997,1784262867.355924,decode,16,0,4080,0.0045,0,16,
1784262867.355924,1784262867.363235,decode,16,0,4080,0.0045,0,16,
1784262867.363235,1784262867.370451,decode,16,0,4080,0.0045,0,16,
1784262867.370451,1784262867.377276,decode,16,0,4080,0.0045,0,16,
1784262867.377276,1784262867.384566,decode,16,0,4176,0.0046,0,16,
1784262867.384566,1784262867.391482,decode,16,0,4336,0.0048,0,16,
1784262867.391482,1784262867.398952,decode,16,0,4336,0.0048,0,16,
1784262867.398952,1784262867.405755,decode,16,0,4336,0.0048,0,16,
1784262867.405755,1784262867.413093,decode,16,0,4336,0.0048,0,16,
1784262867.413093,1784262867.420224,decode,16,0,4336,0.0048,0,16,
1784262867.420224,1784262867.426874,decode,16,0,4336,0.0048,0,16,
1784262867.426874,1784262867.434145,decode,16,0,4336,0.0048,0,16,
1784262867.434145,1784262867.441726,decode,16,0,4336,0.0048,0,16,
1784262867.441726,1784262867.448689,decode,16,0,4336,0.0048,0,16,
1784262867.448689,1784262867.455400,decode,16,0,4336,0.0048,0,16,
1784262867.455400,1784262867.462837,decode,16,0,4336,0.0048,0,16,
1784262867.462837,1784262867.470088,decode,16,0,4336,0.0048,0,16,
1784262867.470088,1784262867.476756,decode,16,0,4336,0.0048,0,16,
1784262867.476756,1784262867.484115,decode,10,0,3472,0.0038,0,16,
1784262867.484115,1784262867.493879,decode,0,0,0,0.0000,0,10,
1784262867.493879,1784262867.505940,mixed,6,0,2128,0.0024,12288,6,
1784262867.505940,1784262867.515056,mixed,16,0,2384,0.0026,20480,16,
1784262867.515056,1784262867.522116,decode,16,0,2544,0.0028,0,16,
1784262867.522116,1784262867.529452,decode,16,0,2544,0.0028,0,16,
1784262867.529452,1784262867.536077,decode,16,0,2544,0.0028,0,16,
1784262867.536077,1784262867.543362,decode,16,0,2544,0.0028,0,16,
1784262867.543362,1784262867.550341,decode,16,0,2544,0.0028,0,16,
1784262867.550341,1784262867.557403,decode,16,0,2544,0.0028,0,16,
1784262867.557403,1784262867.564372,decode,16,0,2544,0.0028,0,16,
1784262867.564372,1784262867.571866,decode,16,0,2544,0.0028,0,16,
1784262867.571866,1784262867.578581,decode,16,0,2544,0.0028,0,16,
1784262867.578581,1784262867.585968,decode,16,0,2544,0.0028,0,16,
1784262867.585968,1784262867.593025,decode,16,0,2544,0.0028,0,16,
1784262867.593025,1784262867.600368,decode,16,0,2544,0.0028,0,16,
1784262867.600368,1784262867.607125,decode,16,0,2544,0.0028,0,16,
1784262867.607125,1784262867.614609,decode,16,0,2544,0.0028,0,16,
1784262867.614609,1784262867.621231,decode,16,0,2544,0.0028,0,16,
1784262867.621231,1784262867.628203,decode,16,0,2640,0.0029,0,16,
1784262867.628203,1784262867.635343,decode,16,0,2800,0.0031,0,16,
1784262867.635343,1784262867.642368,decode,16,0,2800,0.0031,0,16,
1784262867.642368,1784262867.649579,decode,16,0,2800,0.0031,0,16,
1784262867.649579,1784262867.656645,decode,16,0,2800,0.0031,0,16,
1784262867.656645,1784262867.664088,decode,16,0,2800,0.0031,0,16,
1784262867.664088,1784262867.670599,decode,16,0,2800,0.0031,0,16,
1784262867.670599,1784262867.677975,decode,16,0,2800,0.0031,0,16,
1784262867.677975,1784262867.684795,decode,16,0,2800,0.0031,0,16,
1784262867.684795,1784262867.691845,decode,16,0,2800,0.0031,0,16,
1784262867.691845,1784262867.698902,decode,16,0,2800,0.0031,0,16,
1784262867.698902,1784262867.706009,decode,16,0,2800,0.0031,0,16,
1784262867.706009,1784262867.713075,decode,16,0,2800,0.0031,0,16,
1784262867.713075,1784262867.720335,decode,16,0,2800,0.0031,0,16,
1784262867.720335,1784262867.727476,decode,16,0,2800,0.0031,0,16,
1784262867.727476,1784262867.734594,decode,16,0,2800,0.0031,0,16,
1784262867.734594,1784262867.741880,decode,16,0,2896,0.0032,0,16,
1784262867.741880,1784262867.749079,decode,16,0,3056,0.0034,0,16,
1784262867.749079,1784262867.756154,decode,16,0,3056,0.0034,0,16,
1784262867.756154,1784262867.763468,decode,16,0,3056,0.0034,0,16,
1784262867.763468,1784262867.770981,decode,16,0,3056,0.0034,0,16,
1784262867.770981,1784262867.778070,decode,16,0,3056,0.0034,0,16,
1784262867.778070,1784262867.785367,decode,16,0,3056,0.0034,0,16,
1784262867.785367,1784262867.792608,decode,16,0,3056,0.0034,0,16,
1784262867.792608,1784262867.800120,decode,16,0,3056,0.0034,0,16,
1784262867.800120,1784262867.807453,decode,16,0,3056,0.0034,0,16,
1784262867.807453,1784262867.814810,decode,16,0,3056,0.0034,0,16,
1784262867.814810,1784262867.822104,decode,16,0,3056,0.0034,0,16,
1784262867.822104,1784262867.829175,decode,16,0,3056,0.0034,0,16,
1784262867.829175,1784262867.836215,decode,16,0,3056,0.0034,0,16,
1784262867.836215,1784262867.843511,decode,16,0,3056,0.0034,0,16,
1784262867.843511,1784262867.850698,decode,16,0,3056,0.0034,0,16,
1784262867.850698,1784262867.858103,decode,16,0,3152,0.0035,0,16,
1784262867.858103,1784262867.866026,decode,16,0,3312,0.0037,0,16,
1784262867.866026,1784262867.872863,decode,16,0,3312,0.0037,0,16,
1784262867.872863,1784262867.880177,decode,16,0,3312,0.0037,0,16,
1784262867.880177,1784262867.887564,decode,16,0,3312,0.0037,0,16,
1784262867.887564,1784262867.894862,decode,16,0,3312,0.0037,0,16,
1784262867.894862,1784262867.902063,decode,16,0,3312,0.0037,0,16,
1784262867.902063,1784262867.909384,decode,16,0,3312,0.0037,0,16,
1784262867.909384,1784262867.917083,decode,16,0,3312,0.0037,0,16,
1784262867.917083,1784262867.924458,decode,16,0,3312,0.0037,0,16,
1784262867.924458,1784262867.931401,decode,16,0,3312,0.0037,0,16,
1784262867.931401,1784262867.939178,decode,16,0,3312,0.0037,0,16,
1784262867.939178,1784262867.946105,decode,16,0,3312,0.0037,0,16,
1784262867.946105,1784262867.952963,decode,16,0,3312,0.0037,0,16,
1784262867.952963,1784262867.960008,decode,16,0,3312,0.0037,0,16,
1784262867.960008,1784262867.967287,decode,16,0,3312,0.0037,0,16,
1784262867.967287,1784262867.974590,decode,16,0,3408,0.0038,0,16,
1784262867.974590,1784262867.981320,decode,16,0,3568,0.0040,0,16,
1784262867.981320,1784262867.988444,decode,16,0,3568,0.0040,0,16,
1784262867.988444,1784262867.995703,decode,16,0,3568,0.0040,0,16,
1784262867.995703,1784262868.002697,decode,16,0,3568,0.0040,0,16,
1784262868.002697,1784262868.009606,decode,16,0,3568,0.0040,0,16,
1784262868.009606,1784262868.016516,decode,16,0,3568,0.0040,0,16,
1784262868.016516,1784262868.023713,decode,16,0,3568,0.0040,0,16,
1784262868.023713,1784262868.030397,decode,16,0,3568,0.0040,0,16,
1784262868.030397,1784262868.037666,decode,16,0,3568,0.0040,0,16,
1784262868.037666,1784262868.044394,decode,16,0,3568,0.0040,0,16,
1784262868.044394,1784262868.051433,decode,16,0,3568,0.0040,0,16,
1784262868.051433,1784262868.058589,decode,16,0,3568,0.0040,0,16,
1784262868.058589,1784262868.065560,decode,16,0,3568,0.0040,0,16,
1784262868.065560,1784262868.073022,decode,16,0,3568,0.0040,0,16,
1784262868.073022,1784262868.079761,decode,16,0,3568,0.0040,0,16,
1784262868.079761,1784262868.086905,decode,16,0,3664,0.0041,0,16,
1784262868.086905,1784262868.093811,decode,16,0,3824,0.0042,0,16,
1784262868.093811,1784262868.100875,decode,16,0,3824,0.0042,0,16,
1784262868.100875,1784262868.107828,decode,16,0,3824,0.0042,0,16,
1784262868.107828,1784262868.114908,decode,16,0,3824,0.0042,0,16,
1784262868.114908,1784262868.122012,decode,16,0,3824,0.0042,0,16,
1784262868.122012,1784262868.129025,decode,16,0,3824,0.0042,0,16,
1784262868.129025,1784262868.135801,decode,16,0,3824,0.0042,0,16,
1784262868.135801,1784262868.142971,decode,16,0,3824,0.0042,0,16,
1784262868.142971,1784262868.150374,decode,16,0,3824,0.0042,0,16,
1784262868.150374,1784262868.157378,decode,16,0,3824,0.0042,0,16,
1784262868.157378,1784262868.164249,decode,16,0,3824,0.0042,0,16,
1784262868.164249,1784262868.171203,decode,16,0,3824,0.0042,0,16,
1784262868.171203,1784262868.178234,decode,16,0,3824,0.0042,0,16,
1784262868.178234,1784262868.185311,decode,16,0,3824,0.0042,0,16,
1784262868.185311,1784262868.192316,decode,16,0,3824,0.0042,0,16,
1784262868.192316,1784262868.199380,decode,16,0,3920,0.0043,0,16,
1784262868.199380,1784262868.206549,decode,16,0,4080,0.0045,0,16,
1784262868.206549,1784262868.213849,decode,16,0,4080,0.0045,0,16,
1784262868.213849,1784262868.220483,decode,16,0,4080,0.0045,0,16,
1784262868.220483,1784262868.227970,decode,16,0,4080,0.0045,0,16,
1784262868.227970,1784262868.234952,decode,16,0,4080,0.0045,0,16,
1784262868.234952,1784262868.241631,decode,16,0,4080,0.0045,0,16,
1784262868.241631,1784262868.249128,decode,16,0,4080,0.0045,0,16,
1784262868.249128,1784262868.255861,decode,16,0,4080,0.0045,0,16,
1784262868.255861,1784262868.263158,decode,16,0,4080,0.0045,0,16,
1784262868.263158,1784262868.269892,decode,16,0,4080,0.0045,0,16,
1784262868.269892,1784262868.277167,decode,16,0,4080,0.0045,0,16,
1784262868.277167,1784262868.284252,decode,16,0,4080,0.0045,0,16,
1784262868.284252,1784262868.290970,decode,16,0,4080,0.0045,0,16,
1784262868.290970,1784262868.298245,decode,16,0,4080,0.0045,0,16,
1784262868.298245,1784262868.305545,decode,16,0,4080,0.0045,0,16,
1784262868.305545,1784262868.312314,decode,16,0,4176,0.0046,0,16,
1784262868.312314,1784262868.319655,decode,16,0,4336,0.0048,0,16,
1784262868.319655,1784262868.326734,decode,16,0,4336,0.0048,0,16,
1784262868.326734,1784262868.333504,decode,16,0,4336,0.0048,0,16,
1784262868.333504,1784262868.340338,decode,16,0,4336,0.0048,0,16,
1784262868.340338,1784262868.347586,decode,16,0,4336,0.0048,0,16,
1784262868.347586,1784262868.354868,decode,16,0,4336,0.0048,0,16,
1784262868.354868,1784262868.361510,decode,16,0,4336,0.0048,0,16,
1784262868.361510,1784262868.368617,decode,16,0,4336,0.0048,0,16,
1784262868.368617,1784262868.375939,decode,16,0,4336,0.0048,0,16,
1784262868.375939,1784262868.383019,decode,16,0,4336,0.0048,0,16,
1784262868.383019,1784262868.389698,decode,16,0,4336,0.0048,0,16,
1784262868.389698,1784262868.397269,decode,16,0,4336,0.0048,0,16,
1784262868.397269,1784262868.403859,decode,16,0,4336,0.0048,0,16,
1784262868.403859,1784262868.411001,decode,10,0,3472,0.0038,0,16,
1784262868.411001,1784262868.420840,decode,0,0,0,0.0000,0,10,
1784262868.420840,1784262868.431821,mixed,6,0,2128,0.0024,12288,6,
1784262868.431821,1784262868.441015,mixed,16,0,2384,0.0026,20480,16,
1784262868.441015,1784262868.448022,decode,16,0,2544,0.0028,0,16,
1784262868.448022,1784262868.454825,decode,16,0,2544,0.0028,0,16,
1784262868.454825,1784262868.461993,decode,16,0,2544,0.0028,0,16,
1784262868.461993,1784262868.469158,decode,16,0,2544,0.0028,0,16,
1784262868.469158,1784262868.475991,decode,16,0,2544,0.0028,0,16,
1784262868.475991,1784262868.483100,decode,16,0,2544,0.0028,0,16,
1784262868.483100,1784262868.490041,decode,16,0,2544,0.0028,0,16,
1784262868.490041,1784262868.497245,decode,16,0,2544,0.0028,0,16,
1784262868.497245,1784262868.504327,decode,16,0,2544,0.0028,0,16,
1784262868.504327,1784262868.511313,decode,16,0,2544,0.0028,0,16,
1784262868.511313,1784262868.518641,decode,16,0,2544,0.0028,0,16,
1784262868.518641,1784262868.525271,decode,16,0,2544,0.0028,0,16,
1784262868.525271,1784262868.532346,decode,16,0,2544,0.0028,0,16,
1784262868.532346,1784262868.540002,decode,16,0,2544,0.0028,0,16,
1784262868.540002,1784262868.546943,decode,16,0,2544,0.0028,0,16,
1784262868.546943,1784262868.553754,decode,16,0,2640,0.0029,0,16,
1784262868.553754,1784262868.560768,decode,16,0,2800,0.0031,0,16,
1784262868.560768,1784262868.567852,decode,16,0,2800,0.0031,0,16,
1784262868.567852,1784262868.574781,decode,16,0,2800,0.0031,0,16,
1784262868.574781,1784262868.581901,decode,16,0,2800,0.0031,0,16,
1784262868.581901,1784262868.588887,decode,16,0,2800,0.0031,0,16,
1784262868.588887,1784262868.596098,decode,16,0,2800,0.0031,0,16,
1784262868.596098,1784262868.603197,decode,16,0,2800,0.0031,0,16,
1784262868.603197,1784262868.610012,decode,16,0,2800,0.0031,0,16,
1784262868.610012,1784262868.617529,decode,16,0,2800,0.0031,0,16,
1784262868.617529,1784262868.624292,decode,16,0,2800,0.0031,0,16,
1784262868.624292,1784262868.631122,decode,16,0,2800,0.0031,0,16,
1784262868.631122,1784262868.638564,decode,16,0,2800,0.0031,0,16,
1784262868.638564,1784262868.645362,decode,16,0,2800,0.0031,0,16,
1784262868.645362,1784262868.652335,decode,16,0,2800,0.0031,0,16,
1784262868.652335,1784262868.659619,decode,16,0,2800,0.0031,0,16,
1784262868.659619,1784262868.667021,decode,16,0,2896,0.0032,0,16,
1784262868.667021,1784262868.673980,decode,16,0,3056,0.0034,0,16,
1784262868.673980,1784262868.680630,decode,16,0,3056,0.0034,0,16,
1784262868.680630,1784262868.687835,decode,16,0,3056,0.0034,0,16,
1784262868.687835,1784262868.694869,decode,16,0,3056,0.0034,0,16,
1784262868.694869,1784262868.701747,decode,16,0,3056,0.0034,0,16,
1784262868.701747,1784262868.709093,decode,16,0,3056,0.0034,0,16,
1784262868.709093,1784262868.716025,decode,16,0,3056,0.0034,0,16,
1784262868.716025,1784262868.722923,decode,16,0,3056,0.0034,0,16,
1784262868.722923,1784262868.730165,decode,16,0,3056,0.0034,0,16,
1784262868.730165,1784262868.737509,decode,16,0,3056,0.0034,0,16,
1784262868.737509,1784262868.744594,decode,16,0,3056,0.0034,0,16,
1784262868.744594,1784262868.751112,decode,16,0,3056,0.0034,0,16,
1784262868.751112,1784262868.758168,decode,16,0,3056,0.0034,0,16,
1784262868.758168,1784262868.765731,decode,16,0,3056,0.0034,0,16,
1784262868.765731,1784262868.772342,decode,16,0,3056,0.0034,0,16,
1784262868.772342,1784262868.779406,decode,16,0,3152,0.0035,0,16,
1784262868.779406,1784262868.787018,decode,16,0,3312,0.0037,0,16,
1784262868.787018,1784262868.793993,decode,16,0,3312,0.0037,0,16,
1784262868.793993,1784262868.800594,decode,16,0,3312,0.0037,0,16,
1784262868.800594,1784262868.807754,decode,16,0,3312,0.0037,0,16,
1784262868.807754,1784262868.815199,decode,16,0,3312,0.0037,0,16,
1784262868.815199,1784262868.821736,decode,16,0,3312,0.0037,0,16,
1784262868.821736,1784262868.829206,decode,16,0,3312,0.0037,0,16,
1784262868.829206,1784262868.835905,decode,16,0,3312,0.0037,0,16,
1784262868.835905,1784262868.842980,decode,16,0,3312,0.0037,0,16,
1784262868.842980,1784262868.850366,decode,16,0,3312,0.0037,0,16,
1784262868.850366,1784262868.857472,decode,16,0,3312,0.0037,0,16,
1784262868.857472,1784262868.864303,decode,16,0,3312,0.0037,0,16,
1784262868.864303,1784262868.871057,decode,16,0,3312,0.0037,0,16,
1784262868.871057,1784262868.878341,decode,16,0,3312,0.0037,0,16,
1784262868.878341,1784262868.885443,decode,16,0,3312,0.0037,0,16,
1784262868.885443,1784262868.892452,decode,16,0,3408,0.0038,0,16,
1784262868.892452,1784262868.899537,decode,16,0,3568,0.0040,0,16,
1784262868.899537,1784262868.906701,decode,16,0,3568,0.0040,0,16,
1784262868.906701,1784262868.913602,decode,16,0,3568,0.0040,0,16,
1784262868.913602,1784262868.920730,decode,16,0,3568,0.0040,0,16,
1784262868.920730,1784262868.927860,decode,16,0,3568,0.0040,0,16,
1784262868.927860,1784262868.934824,decode,16,0,3568,0.0040,0,16,
1784262868.934824,1784262868.941968,decode,16,0,3568,0.0040,0,16,
1784262868.941968,1784262868.949200,decode,16,0,3568,0.0040,0,16,
1784262868.949200,1784262868.956278,decode,16,0,3568,0.0040,0,16,
1784262868.956278,1784262868.962958,decode,16,0,3568,0.0040,0,16,
1784262868.962958,1784262868.970216,decode,16,0,3568,0.0040,0,16,
1784262868.970216,1784262868.977300,decode,16,0,3568,0.0040,0,16,
1784262868.977300,1784262868.984258,decode,16,0,3568,0.0040,0,16,
1784262868.984258,1784262868.991328,decode,16,0,3568,0.0040,0,16,
1784262868.991328,1784262868.998670,decode,16,0,3568,0.0040,0,16,
1784262868.998670,1784262869.005688,decode,16,0,3664,0.0041,0,16,
1784262869.005688,1784262869.012321,decode,16,0,3824,0.0042,0,16,
1784262869.012321,1784262869.020176,decode,16,0,3824,0.0042,0,16,
1784262869.020176,1784262869.027039,decode,16,0,3824,0.0042,0,16,
1784262869.027039,1784262869.033584,decode,16,0,3824,0.0042,0,16,
1784262869.033584,1784262869.041177,decode,16,0,3824,0.0042,0,16,
1784262869.041177,1784262869.048110,decode,16,0,3824,0.0042,0,16,
1784262869.048110,1784262869.054644,decode,16,0,3824,0.0042,0,16,
1784262869.054644,1784262869.062162,decode,16,0,3824,0.0042,0,16,
1784262869.062162,1784262869.069371,decode,16,0,3824,0.0042,0,16,
1784262869.069371,1784262869.076375,decode,16,0,3824,0.0042,0,16,
1784262869.076375,1784262869.082929,decode,16,0,3824,0.0042,0,16,
1784262869.082929,1784262869.090487,decode,16,0,3824,0.0042,0,16,
1784262869.090487,1784262869.097517,decode,16,0,3824,0.0042,0,16,
1784262869.097517,1784262869.104171,decode,16,0,3824,0.0042,0,16,
1784262869.104171,1784262869.111445,decode,16,0,3824,0.0042,0,16,
1784262869.111445,1784262869.118749,decode,16,0,3920,0.0043,0,16,
1784262869.118749,1784262869.125533,decode,16,0,4080,0.0045,0,16,
1784262869.125533,1784262869.132732,decode,16,0,4080,0.0045,0,16,
1784262869.132732,1784262869.139441,decode,16,0,4080,0.0045,0,16,
1784262869.139441,1784262869.147068,decode,16,0,4080,0.0045,0,16,
1784262869.147068,1784262869.153894,decode,16,0,4080,0.0045,0,16,
1784262869.153894,1784262869.160803,decode,16,0,4080,0.0045,0,16,
1784262869.160803,1784262869.167957,decode,16,0,4080,0.0045,0,16,
1784262869.167957,1784262869.174856,decode,16,0,4080,0.0045,0,16,
1784262869.174856,1784262869.182123,decode,16,0,4080,0.0045,0,16,
1784262869.182123,1784262869.189232,decode,16,0,4080,0.0045,0,16,
1784262869.189232,1784262869.196514,decode,16,0,4080,0.0045,0,16,
1784262869.196514,1784262869.203316,decode,16,0,4080,0.0045,0,16,
1784262869.203316,1784262869.210337,decode,16,0,4080,0.0045,0,16,
1784262869.210337,1784262869.217573,decode,16,0,4080,0.0045,0,16,
1784262869.217573,1784262869.224722,decode,16,0,4080,0.0045,0,16,
1784262869.224722,1784262869.231622,decode,16,0,4176,0.0046,0,16,
1784262869.231622,1784262869.239161,decode,16,0,4336,0.0048,0,16,
1784262869.239161,1784262869.245995,decode,16,0,4336,0.0048,0,16,
1784262869.245995,1784262869.253323,decode,16,0,4336,0.0048,0,16,
1784262869.253323,1784262869.260111,decode,16,0,4336,0.0048,0,16,
1784262869.260111,1784262869.267169,decode,16,0,4336,0.0048,0,16,
1784262869.267169,1784262869.274463,decode,16,0,4336,0.0048,0,16,
1784262869.274463,1784262869.281387,decode,16,0,4336,0.0048,0,16,
1784262869.281387,1784262869.288478,decode,16,0,4336,0.0048,0,16,
1784262869.288478,1784262869.295757,decode,16,0,4336,0.0048,0,16,
1784262869.295757,1784262869.302644,decode,16,0,4336,0.0048,0,16,
1784262869.302644,1784262869.309962,decode,16,0,4336,0.0048,0,16,
1784262869.309962,1784262869.317065,decode,16,0,4336,0.0048,0,16,
1784262869.317065,1784262869.323913,decode,16,0,4336,0.0048,0,16,
1784262869.323913,1784262869.331163,decode,10,0,3472,0.0038,0,16,
1784262869.331163,1784262869.340881,decode,0,0,0,0.0000,0,10,
1784262869.340881,1784262869.353103,mixed,6,0,2128,0.0024,12288,6,
1784262869.353103,1784262869.362068,mixed,16,0,2384,0.0026,20480,16,
1784262869.362068,1784262869.368988,decode,16,0,2544,0.0028,0,16,
1784262869.368988,1784262869.376325,decode,16,0,2544,0.0028,0,16,
1784262869.376325,1784262869.383411,decode,16,0,2544,0.0028,0,16,
1784262869.383411,1784262869.390072,decode,16,0,2544,0.0028,0,16,
1784262869.390072,1784262869.397567,decode,16,0,2544,0.0028,0,16,
1784262869.397567,1784262869.404474,decode,16,0,2544,0.0028,0,16,
1784262869.404474,1784262869.411221,decode,16,0,2544,0.0028,0,16,
1784262869.411221,1784262869.418520,decode,16,0,2544,0.0028,0,16,
1784262869.418520,1784262869.425776,decode,16,0,2544,0.0028,0,16,
1784262869.425776,1784262869.432714,decode,16,0,2544,0.0028,0,16,
1784262869.432714,1784262869.439577,decode,16,0,2544,0.0028,0,16,
1784262869.439577,1784262869.446635,decode,16,0,2544,0.0028,0,16,
1784262869.446635,1784262869.453733,decode,16,0,2544,0.0028,0,16,
1784262869.453733,1784262869.460474,decode,16,0,2544,0.0028,0,16,
1784262869.460474,1784262869.467802,decode,16,0,2544,0.0028,0,16,
1784262869.467802,1784262869.475154,decode,16,0,2640,0.0029,0,16,
1784262869.475154,1784262869.481654,decode,16,0,2800,0.0031,0,16,
1784262869.481654,1784262869.489157,decode,16,0,2800,0.0031,0,16,
1784262869.489157,1784262869.495962,decode,16,0,2800,0.0031,0,16,
1784262869.495962,1784262869.503072,decode,16,0,2800,0.0031,0,16,
1784262869.503072,1784262869.510195,decode,16,0,2800,0.0031,0,16,
1784262869.510195,1784262869.517327,decode,16,0,2800,0.0031,0,16,
1784262869.517327,1784262869.524189,decode,16,0,2800,0.0031,0,16,
1784262869.524189,1784262869.530889,decode,16,0,2800,0.0031,0,16,
1784262869.530889,1784262869.538340,decode,16,0,2800,0.0031,0,16,
1784262869.538340,1784262869.545201,decode,16,0,2800,0.0031,0,16,
1784262869.545201,1784262869.552014,decode,16,0,2800,0.0031,0,16,
1784262869.552014,1784262869.559341,decode,16,0,2800,0.0031,0,16,
1784262869.559341,1784262869.566344,decode,16,0,2800,0.0031,0,16,
1784262869.566344,1784262869.573401,decode,16,0,2800,0.0031,0,16,
1784262869.573401,1784262869.580747,decode,16,0,2800,0.0031,0,16,
1784262869.580747,1784262869.587560,decode,16,0,2896,0.0032,0,16,
1784262869.587560,1784262869.594535,decode,16,0,3056,0.0034,0,16,
1784262869.594535,1784262869.601450,decode,16,0,3056,0.0034,0,16,
1784262869.601450,1784262869.608744,decode,16,0,3056,0.0034,0,16,
1784262869.608744,1784262869.615593,decode,16,0,3056,0.0034,0,16,
1784262869.615593,1784262869.622588,decode,16,0,3056,0.0034,0,16,
1784262869.622588,1784262869.629679,decode,16,0,3056,0.0034,0,16,
1784262869.629679,1784262869.636629,decode,16,0,3056,0.0034,0,16,
1784262869.636629,1784262869.643895,decode,16,0,3056,0.0034,0,16,
1784262869.643895,1784262869.650928,decode,16,0,3056,0.0034,0,16,
1784262869.650928,1784262869.657864,decode,16,0,3056,0.0034,0,16,
1784262869.657864,1784262869.665140,decode,16,0,3056,0.0034,0,16,
1784262869.665140,1784262869.672164,decode,16,0,3056,0.0034,0,16,
1784262869.672164,1784262869.679220,decode,16,0,3056,0.0034,0,16,
1784262869.679220,1784262869.686156,decode,16,0,3056,0.0034,0,16,
1784262869.686156,1784262869.693495,decode,16,0,3056,0.0034,0,16,
1784262869.693495,1784262869.700701,decode,16,0,3152,0.0035,0,16,
1784262869.700701,1784262869.707586,decode,16,0,3312,0.0037,0,16,
1784262869.707586,1784262869.714870,decode,16,0,3312,0.0037,0,16,
1784262869.714870,1784262869.721749,decode,16,0,3312,0.0037,0,16,
1784262869.721749,1784262869.728755,decode,16,0,3312,0.0037,0,16,
1784262869.728755,1784262869.735794,decode,16,0,3312,0.0037,0,16,
1784262869.735794,1784262869.743353,decode,16,0,3312,0.0037,0,16,
1784262869.743353,1784262869.750315,decode,16,0,3312,0.0037,0,16,
1784262869.750315,1784262869.756897,decode,16,0,3312,0.0037,0,16,
1784262869.756897,1784262869.764077,decode,16,0,3312,0.0037,0,16,
1784262869.764077,1784262869.771222,decode,16,0,3312,0.0037,0,16,
1784262869.771222,1784262869.778250,decode,16,0,3312,0.0037,0,16,
1784262869.778250,1784262869.785203,decode,16,0,3312,0.0037,0,16,
1784262869.785203,1784262869.792498,decode,16,0,3312,0.0037,0,16,
1784262869.792498,1784262869.799221,decode,16,0,3312,0.0037,0,16,
1784262869.799221,1784262869.806561,decode,16,0,3312,0.0037,0,16,
1784262869.806561,1784262869.813480,decode,16,0,3408,0.0038,0,16,
1784262869.813480,1784262869.820502,decode,16,0,3568,0.0040,0,16,
1784262869.820502,1784262869.827574,decode,16,0,3568,0.0040,0,16,
1784262869.827574,1784262869.834610,decode,16,0,3568,0.0040,0,16,
1784262869.834610,1784262869.842197,decode,16,0,3568,0.0040,0,16,
1784262869.842197,1784262869.849202,decode,16,0,3568,0.0040,0,16,
1784262869.849202,1784262869.855965,decode,16,0,3568,0.0040,0,16,
1784262869.855965,1784262869.863051,decode,16,0,3568,0.0040,0,16,
1784262869.863051,1784262869.870148,decode,16,0,3568,0.0040,0,16,
1784262869.870148,1784262869.877149,decode,16,0,3568,0.0040,0,16,
1784262869.877149,1784262869.884204,decode,16,0,3568,0.0040,0,16,
1784262869.884204,1784262869.891121,decode,16,0,3568,0.0040,0,16,
1784262869.891121,1784262869.898160,decode,16,0,3568,0.0040,0,16,
1784262869.898160,1784262869.905247,decode,16,0,3568,0.0040,0,16,
1784262869.905247,1784262869.912285,decode,16,0,3568,0.0040,0,16,
1784262869.912285,1784262869.919412,decode,16,0,3568,0.0040,0,16,
1784262869.919412,1784262869.926508,decode,16,0,3664,0.0041,0,16,
1784262869.926508,1784262869.933605,decode,16,0,3824,0.0042,0,16,
1784262869.933605,1784262869.940790,decode,16,0,3824,0.0042,0,16,
1784262869.940790,1784262869.948073,decode,16,0,3824,0.0042,0,16,
1784262869.948073,1784262869.954717,decode,16,0,3824,0.0042,0,16,
1784262869.954717,1784262869.961788,decode,16,0,3824,0.0042,0,16,
1784262869.961788,1784262869.968866,decode,16,0,3824,0.0042,0,16,
1784262869.968866,1784262869.976012,decode,16,0,3824,0.0042,0,16,
1784262869.976012,1784262869.983034,decode,16,0,3824,0.0042,0,16,
1784262869.983034,1784262869.990640,decode,16,0,3824,0.0042,0,16,
1784262869.990640,1784262869.997543,decode,16,0,3824,0.0042,0,16,
1784262869.997543,1784262870.004280,decode,16,0,3824,0.0042,0,16,
1784262870.004280,1784262870.011591,decode,16,0,3824,0.0042,0,16,
1784262870.011591,1784262870.018565,decode,16,0,3824,0.0042,0,16,
1784262870.018565,1784262870.025486,decode,16,0,3824,0.0042,0,16,
1784262870.025486,1784262870.032743,decode,16,0,3824,0.0042,0,16,
1784262870.032743,1784262870.039880,decode,16,0,3920,0.0043,0,16,
1784262870.039880,1784262870.046779,decode,16,0,4080,0.0045,0,16,
1784262870.046779,1784262870.054025,decode,16,0,4080,0.0045,0,16,
1784262870.054025,1784262870.061240,decode,16,0,4080,0.0045,0,16,
1784262870.061240,1784262870.068501,decode,16,0,4080,0.0045,0,16,
1784262870.068501,1784262870.075013,decode,16,0,4080,0.0045,0,16,
1784262870.075013,1784262870.082102,decode,16,0,4080,0.0045,0,16,
1784262870.082102,1784262870.089379,decode,16,0,4080,0.0045,0,16,
1784262870.089379,1784262870.096173,decode,16,0,4080,0.0045,0,16,
1784262870.096173,1784262870.103231,decode,16,0,4080,0.0045,0,16,
1784262870.103231,1784262870.110821,decode,16,0,4080,0.0045,0,16,
1784262870.110821,1784262870.117559,decode,16,0,4080,0.0045,0,16,
1784262870.117559,1784262870.124763,decode,16,0,4080,0.0045,0,16,
1784262870.124763,1784262870.131645,decode,16,0,4080,0.0045,0,16,
1784262870.131645,1784262870.139322,decode,16,0,4080,0.0045,0,16,
1784262870.139322,1784262870.146060,decode,16,0,4080,0.0045,0,16,
1784262870.146060,1784262870.153286,decode,16,0,4176,0.0046,0,16,
1784262870.153286,1784262870.160497,decode,16,0,4336,0.0048,0,16,
1784262870.160497,1784262870.167269,decode,16,0,4336,0.0048,0,16,
1784262870.167269,1784262870.174678,decode,16,0,4336,0.0048,0,16,
1784262870.174678,1784262870.181393,decode,16,0,4336,0.0048,0,16,
1784262870.181393,1784262870.188840,decode,16,0,4336,0.0048,0,16,
1784262870.188840,1784262870.195571,decode,16,0,4336,0.0048,0,16,
1784262870.195571,1784262870.202866,decode,16,0,4336,0.0048,0,16,
1784262870.202866,1784262870.210019,decode,16,0,4336,0.0048,0,16,
1784262870.210019,1784262870.216955,decode,16,0,4336,0.0048,0,16,
1784262870.216955,1784262870.224173,decode,16,0,4336,0.0048,0,16,
1784262870.224173,1784262870.231220,decode,16,0,4336,0.0048,0,16,
1784262870.231220,1784262870.238170,decode,16,0,4336,0.0048,0,16,
1784262870.238170,1784262870.245394,decode,16,0,4336,0.0048,0,16,
1784262870.245394,1784262870.252646,decode,10,0,3472,0.0038,0,16,
1784262870.252646,1784262870.262423,decode,0,0,0,0.0000,0,10,
1784262870.262423,1784262870.273238,mixed,6,0,2128,0.0024,12288,6,
1784262870.273238,1784262870.282222,mixed,16,0,2384,0.0026,20480,16,
1784262870.282222,1784262870.289525,decode,16,0,2544,0.0028,0,16,
1784262870.289525,1784262870.296334,decode,16,0,2544,0.0028,0,16,
1784262870.296334,1784262870.303290,decode,16,0,2544,0.0028,0,16,
1784262870.303290,1784262870.310698,decode,16,0,2544,0.0028,0,16,
1784262870.310698,1784262870.317718,decode,16,0,2544,0.0028,0,16,
1784262870.317718,1784262870.324771,decode,16,0,2544,0.0028,0,16,
1784262870.324771,1784262870.332017,decode,16,0,2544,0.0028,0,16,
1784262870.332017,1784262870.338954,decode,16,0,2544,0.0028,0,16,
1784262870.338954,1784262870.346547,decode,16,0,2544,0.0028,0,16,
1784262870.346547,1784262870.353396,decode,16,0,2544,0.0028,0,16,
1784262870.353396,1784262870.360273,decode,16,0,2544,0.0028,0,16,
1784262870.360273,1784262870.367566,decode,16,0,2544,0.0028,0,16,
1784262870.367566,1784262870.374538,decode,16,0,2544,0.0028,0,16,
1784262870.374538,1784262870.381647,decode,16,0,2544,0.0028,0,16,
1784262870.381647,1784262870.388624,decode,16,0,2544,0.0028,0,16,
1784262870.388624,1784262870.396156,decode,16,0,2640,0.0029,0,16,
1784262870.396156,1784262870.403106,decode,16,0,2800,0.0031,0,16,
1784262870.403106,1784262870.409988,decode,16,0,2800,0.0031,0,16,
1784262870.409988,1784262870.416828,decode,16,0,2800,0.0031,0,16,
1784262870.416828,1784262870.424477,decode,16,0,2800,0.0031,0,16,
1784262870.424477,1784262870.431412,decode,16,0,2800,0.0031,0,16,
1784262870.431412,1784262870.438191,decode,16,0,2800,0.0031,0,16,
1784262870.438191,1784262870.445464,decode,16,0,2800,0.0031,0,16,
1784262870.445464,1784262870.452783,decode,16,0,2800,0.0031,0,16,
1784262870.452783,1784262870.459417,decode,16,0,2800,0.0031,0,16,
1784262870.459417,1784262870.466597,decode,16,0,2800,0.0031,0,16,
1784262870.466597,1784262870.474223,decode,16,0,2800,0.0031,0,16,
1784262870.474223,1784262870.480854,decode,16,0,2800,0.0031,0,16,
1784262870.480854,1784262870.487627,decode,16,0,2800,0.0031,0,16,
1784262870.487627,1784262870.494875,decode,16,0,2800,0.0031,0,16,
1784262870.494875,1784262870.502037,decode,16,0,2800,0.0031,0,16,
1784262870.502037,1784262870.508921,decode,16,0,2896,0.0032,0,16,
1784262870.508921,1784262870.516257,decode,16,0,3056,0.0034,0,16,
1784262870.516257,1784262870.523119,decode,16,0,3056,0.0034,0,16,
1784262870.523119,1784262870.530254,decode,16,0,3056,0.0034,0,16,
1784262870.530254,1784262870.537219,decode,16,0,3056,0.0034,0,16,
1784262870.537219,1784262870.544336,decode,16,0,3056,0.0034,0,16,
1784262870.544336,1784262870.551728,decode,16,0,3056,0.0034,0,16,
1784262870.551728,1784262870.558425,decode,16,0,3056,0.0034,0,16,
1784262870.558425,1784262870.565863,decode,16,0,3056,0.0034,0,16,
1784262870.565863,1784262870.572934,decode,16,0,3056,0.0034,0,16,
1784262870.572934,1784262870.579715,decode,16,0,3056,0.0034,0,16,
1784262870.579715,1784262870.586924,decode,16,0,3056,0.0034,0,16,
1784262870.586924,1784262870.594291,decode,16,0,3056,0.0034,0,16,
1784262870.594291,1784262870.600978,decode,16,0,3056,0.0034,0,16,
1784262870.600978,1784262870.608125,decode,16,0,3056,0.0034,0,16,
1784262870.608125,1784262870.615613,decode,16,0,3056,0.0034,0,16,
1784262870.615613,1784262870.622396,decode,16,0,3152,0.0035,0,16,
1784262870.622396,1784262870.629571,decode,16,0,3312,0.0037,0,16,
1784262870.629571,1784262870.636390,decode,16,0,3312,0.0037,0,16,
1784262870.636390,1784262870.643456,decode,16,0,3312,0.0037,0,16,
1784262870.643456,1784262870.650512,decode,16,0,3312,0.0037,0,16,
1784262870.650512,1784262870.657319,decode,16,0,3312,0.0037,0,16,
1784262870.657319,1784262870.664653,decode,16,0,3312,0.0037,0,16,
1784262870.664653,1784262870.671539,decode,16,0,3312,0.0037,0,16,
1784262870.671539,1784262870.678762,decode,16,0,3312,0.0037,0,16,
1784262870.678762,1784262870.685828,decode,16,0,3312,0.0037,0,16,
1784262870.685828,1784262870.692744,decode,16,0,3312,0.0037,0,16,
1784262870.692744,1784262870.699805,decode,16,0,3312,0.0037,0,16,
1784262870.699805,1784262870.707032,decode,16,0,3312,0.0037,0,16,
1784262870.707032,1784262870.714273,decode,16,0,3312,0.0037,0,16,
1784262870.714273,1784262870.721867,decode,16,0,3312,0.0037,0,16,
1784262870.721867,1784262870.728759,decode,16,0,3312,0.0037,0,16,
1784262870.728759,1784262870.735840,decode,16,0,3408,0.0038,0,16,
1784262870.735840,1784262870.742879,decode,16,0,3568,0.0040,0,16,
1784262870.742879,1784262870.749754,decode,16,0,3568,0.0040,0,16,
1784262870.749754,1784262870.756974,decode,16,0,3568,0.0040,0,16,
1784262870.756974,1784262870.764079,decode,16,0,3568,0.0040,0,16,
1784262870.764079,1784262870.771098,decode,16,0,3568,0.0040,0,16,
1784262870.771098,1784262870.778193,decode,16,0,3568,0.0040,0,16,
1784262870.778193,1784262870.785242,decode,16,0,3568,0.0040,0,16,
1784262870.785242,1784262870.792221,decode,16,0,3568,0.0040,0,16,
1784262870.792221,1784262870.799328,decode,16,0,3568,0.0040,0,16,
1784262870.799328,1784262870.806398,decode,16,0,3568,0.0040,0,16,
1784262870.806398,1784262870.813344,decode,16,0,3568,0.0040,0,16,
1784262870.813344,1784262870.820550,decode,16,0,3568,0.0040,0,16,
1784262870.820550,1784262870.827648,decode,16,0,3568,0.0040,0,16,
1784262870.827648,1784262870.834595,decode,16,0,3568,0.0040,0,16,
1784262870.834595,1784262870.841899,decode,16,0,3568,0.0040,0,16,
1784262870.841899,1784262870.849010,decode,16,0,3664,0.0041,0,16,
1784262870.849010,1784262870.856136,decode,16,0,3824,0.0042,0,16,
1784262870.856136,1784262870.863045,decode,16,0,3824,0.0042,0,16,
1784262870.863045,1784262870.870164,decode,16,0,3824,0.0042,0,16,
1784262870.870164,1784262870.877131,decode,16,0,3824,0.0042,0,16,
1784262870.877131,1784262870.884303,decode,16,0,3824,0.0042,0,16,
1784262870.884303,1784262870.891363,decode,16,0,3824,0.0042,0,16,
1784262870.891363,1784262870.898311,decode,16,0,3824,0.0042,0,16,
1784262870.898311,1784262870.905302,decode,16,0,3824,0.0042,0,16,
1784262870.905302,1784262870.912640,decode,16,0,3824,0.0042,0,16,
1784262870.912640,1784262870.919705,decode,16,0,3824,0.0042,0,16,
1784262870.919705,1784262870.926651,decode,16,0,3824,0.0042,0,16,
1784262870.926651,1784262870.933663,decode,16,0,3824,0.0042,0,16,
1784262870.933663,1784262870.940911,decode,16,0,3824,0.0042,0,16,
1784262870.940911,1784262870.948011,decode,16,0,3824,0.0042,0,16,
1784262870.948011,1784262870.955174,decode,16,0,3824,0.0042,0,16,
1784262870.955174,1784262870.962298,decode,16,0,3920,0.0043,0,16,
1784262870.962298,1784262870.969278,decode,16,0,4080,0.0045,0,16,
1784262870.969278,1784262870.976619,decode,16,0,4080,0.0045,0,16,
1784262870.976619,1784262870.983756,decode,16,0,4080,0.0045,0,16,
1784262870.983756,1784262870.990811,decode,16,0,4080,0.0045,0,16,
1784262870.990811,1784262870.997875,decode,16,0,4080,0.0045,0,16,
1784262870.997875,1784262871.004984,decode,16,0,4080,0.0045,0,16,
1784262871.004984,1784262871.012058,decode,16,0,4080,0.0045,0,16,
1784262871.012058,1784262871.019042,decode,16,0,4080,0.0045,0,16,
1784262871.019042,1784262871.026245,decode,16,0,4080,0.0045,0,16,
1784262871.026245,1784262871.033280,decode,16,0,4080,0.0045,0,16,
1784262871.033280,1784262871.040304,decode,16,0,4080,0.0045,0,16,
1784262871.040304,1784262871.047645,decode,16,0,4080,0.0045,0,16,
1784262871.047645,1784262871.054623,decode,16,0,4080,0.0045,0,16,
1784262871.054623,1784262871.061733,decode,16,0,4080,0.0045,0,16,
1784262871.061733,1784262871.068969,decode,16,0,4080,0.0045,0,16,
1784262871.068969,1784262871.076141,decode,16,0,4176,0.0046,0,16,
1784262871.076141,1784262871.083294,decode,16,0,4336,0.0048,0,16,
1784262871.083294,1784262871.090332,decode,16,0,4336,0.0048,0,16,
1784262871.090332,1784262871.097256,decode,16,0,4336,0.0048,0,16,
1784262871.097256,1784262871.104405,decode,16,0,4336,0.0048,0,16,
1784262871.104405,1784262871.111616,decode,16,0,4336,0.0048,0,16,
1784262871.111616,1784262871.118641,decode,16,0,4336,0.0048,0,16,
1784262871.118641,1784262871.125699,decode,16,0,4336,0.0048,0,16,
1784262871.125699,1784262871.132718,decode,16,0,4336,0.0048,0,16,
1784262871.132718,1784262871.139996,decode,16,0,4336,0.0048,0,16,
1784262871.139996,1784262871.147032,decode,16,0,4336,0.0048,0,16,
1784262871.147032,1784262871.154173,decode,16,0,4336,0.0048,0,16,
1784262871.154173,1784262871.161224,decode,16,0,4336,0.0048,0,16,
1784262871.161224,1784262871.168218,decode,16,0,4336,0.0048,0,16,
1784262871.168218,1784262871.175564,decode,10,0,3472,0.0038,0,16,
1784262871.175564,1784262871.185299,decode,0,0,0,0.0000,0,10,
1784262871.185299,1784262871.197418,mixed,6,0,2128,0.0024,12288,6,
1784262871.197418,1784262871.206055,mixed,16,0,2384,0.0026,20480,16,
1784262871.206055,1784262871.213658,decode,16,0,2544,0.0028,0,16,
1784262871.213658,1784262871.220361,decode,16,0,2544,0.0028,0,16,
1784262871.220361,1784262871.227285,decode,16,0,2544,0.0028,0,16,
1784262871.227285,1784262871.234640,decode,16,0,2544,0.0028,0,16,
1784262871.234640,1784262871.241724,decode,16,0,2544,0.0028,0,16,
1784262871.241724,1784262871.248788,decode,16,0,2544,0.0028,0,16,
1784262871.248788,1784262871.255800,decode,16,0,2544,0.0028,0,16,
1784262871.255800,1784262871.262762,decode,16,0,2544,0.0028,0,16,
1784262871.262762,1784262871.269887,decode,16,0,2544,0.0028,0,16,
1784262871.269887,1784262871.277205,decode,16,0,2544,0.0028,0,16,
1784262871.277205,1784262871.284186,decode,16,0,2544,0.0028,0,16,
1784262871.284186,1784262871.291304,decode,16,0,2544,0.0028,0,16,
1784262871.291304,1784262871.298306,decode,16,0,2544,0.0028,0,16,
1784262871.298306,1784262871.305326,decode,16,0,2544,0.0028,0,16,
1784262871.305326,1784262871.312768,decode,16,0,2544,0.0028,0,16,
1784262871.312768,1784262871.319849,decode,16,0,2640,0.0029,0,16,
1784262871.319849,1784262871.327293,decode,16,0,2800,0.0031,0,16,
1784262871.327293,1784262871.334503,decode,16,0,2800,0.0031,0,16,
1784262871.334503,1784262871.341967,decode,16,0,2800,0.0031,0,16,
1784262871.341967,1784262871.349396,decode,16,0,2800,0.0031,0,16,
1784262871.349396,1784262871.356821,decode,16,0,2800,0.0031,0,16,
1784262871.356821,1784262871.364309,decode,16,0,2800,0.0031,0,16,
1784262871.364309,1784262871.371699,decode,16,0,2800,0.0031,0,16,
1784262871.371699,1784262871.378880,decode,16,0,2800,0.0031,0,16,
1784262871.378880,1784262871.386034,decode,16,0,2800,0.0031,0,16,
1784262871.386034,1784262871.393241,decode,16,0,2800,0.0031,0,16,
1784262871.393241,1784262871.400452,decode,16,0,2800,0.0031,0,16,
1784262871.400452,1784262871.407628,decode,16,0,2800,0.0031,0,16,
1784262871.407628,1784262871.414811,decode,16,0,2800,0.0031,0,16,
1784262871.414811,1784262871.422020,decode,16,0,2800,0.0031,0,16,
1784262871.422020,1784262871.429279,decode,16,0,2800,0.0031,0,16,
1784262871.429279,1784262871.436500,decode,16,0,2896,0.0032,0,16,
1784262871.436500,1784262871.444073,decode,16,0,3056,0.0034,0,16,
1784262871.444073,1784262871.451040,decode,16,0,3056,0.0034,0,16,
1784262871.451040,1784262871.458522,decode,16,0,3056,0.0034,0,16,
1784262871.458522,1784262871.465384,decode,16,0,3056,0.0034,0,16,
1784262871.465384,1784262871.472497,decode,16,0,3056,0.0034,0,16,
1784262871.472497,1784262871.479995,decode,16,0,3056,0.0034,0,16,
1784262871.479995,1784262871.486773,decode,16,0,3056,0.0034,0,16,
1784262871.486773,1784262871.494047,decode,16,0,3056,0.0034,0,16,
1784262871.494047,1784262871.501706,decode,16,0,3056,0.0034,0,16,
1784262871.501706,1784262871.508845,decode,16,0,3056,0.0034,0,16,
1784262871.508845,1784262871.515658,decode,16,0,3056,0.0034,0,16,
1784262871.515658,1784262871.523301,decode,16,0,3056,0.0034,0,16,
1784262871.523301,1784262871.530208,decode,16,0,3056,0.0034,0,16,
1784262871.530208,1784262871.537266,decode,16,0,3056,0.0034,0,16,
1784262871.537266,1784262871.544893,decode,16,0,3056,0.0034,0,16,
1784262871.544893,1784262871.552056,decode,16,0,3152,0.0035,0,16,
1784262871.552056,1784262871.559426,decode,16,0,3312,0.0037,0,16,
1784262871.559426,1784262871.566262,decode,16,0,3312,0.0037,0,16,
1784262871.566262,1784262871.573400,decode,16,0,3312,0.0037,0,16,
1784262871.573400,1784262871.580765,decode,16,0,3312,0.0037,0,16,
1784262871.580765,1784262871.587828,decode,16,0,3312,0.0037,0,16,
1784262871.587828,1784262871.595215,decode,16,0,3312,0.0037,0,16,
1784262871.595215,1784262871.602597,decode,16,0,3312,0.0037,0,16,
1784262871.602597,1784262871.609739,decode,16,0,3312,0.0037,0,16,
1784262871.609739,1784262871.616915,decode,16,0,3312,0.0037,0,16,
1784262871.616915,1784262871.623965,decode,16,0,3312,0.0037,0,16,
1784262871.623965,1784262871.631145,decode,16,0,3312,0.0037,0,16,
1784262871.631145,1784262871.638366,decode,16,0,3312,0.0037,0,16,
1784262871.638366,1784262871.645490,decode,16,0,3312,0.0037,0,16,
1784262871.645490,1784262871.652727,decode,16,0,3312,0.0037,0,16,
1784262871.652727,1784262871.660360,decode,16,0,3312,0.0037,0,16,
1784262871.660360,1784262871.667416,decode,16,0,3408,0.0038,0,16,
1784262871.667416,1784262871.674524,decode,16,0,3568,0.0040,0,16,
1784262871.674524,1784262871.681665,decode,16,0,3568,0.0040,0,16,
1784262871.681665,1784262871.688959,decode,16,0,3568,0.0040,0,16,
1784262871.688959,1784262871.696058,decode,16,0,3568,0.0040,0,16,
1784262871.696058,1784262871.703472,decode,16,0,3568,0.0040,0,16,
1784262871.703472,1784262871.710765,decode,16,0,3568,0.0040,0,16,
1784262871.710765,1784262871.717719,decode,16,0,3568,0.0040,0,16,
1784262871.717719,1784262871.724869,decode,16,0,3568,0.0040,0,16,
1784262871.724869,1784262871.732289,decode,16,0,3568,0.0040,0,16,
1784262871.732289,1784262871.739869,decode,16,0,3568,0.0040,0,16,
1784262871.739869,1784262871.746736,decode,16,0,3568,0.0040,0,16,
1784262871.746736,1784262871.754062,decode,16,0,3568,0.0040,0,16,
1784262871.754062,1784262871.761404,decode,16,0,3568,0.0040,0,16,
1784262871.761404,1784262871.768409,decode,16,0,3568,0.0040,0,16,
1784262871.768409,1784262871.775758,decode,16,0,3568,0.0040,0,16,
1784262871.775758,1784262871.782945,decode,16,0,3664,0.0041,0,16,
1784262871.782945,1784262871.790066,decode,16,0,3824,0.0042,0,16,
1784262871.790066,1784262871.797553,decode,16,0,3824,0.0042,0,16,
1784262871.797553,1784262871.805066,decode,16,0,3824,0.0042,0,16,
1784262871.805066,1784262871.812446,decode,16,0,3824,0.0042,0,16,
1784262871.812446,1784262871.819141,decode,16,0,3824,0.0042,0,16,
1784262871.819141,1784262871.826584,decode,16,0,3824,0.0042,0,16,
1784262871.826584,1784262871.833772,decode,16,0,3824,0.0042,0,16,
1784262871.833772,1784262871.840880,decode,16,0,3824,0.0042,0,16,
1784262871.840880,1784262871.847957,decode,16,0,3824,0.0042,0,16,
1784262871.847957,1784262871.855286,decode,16,0,3824,0.0042,0,16,
1784262871.855286,1784262871.862336,decode,16,0,3824,0.0042,0,16,
1784262871.862336,1784262871.869523,decode,16,0,3824,0.0042,0,16,
1784262871.869523,1784262871.876887,decode,16,0,3824,0.0042,0,16,
1784262871.876887,1784262871.884045,decode,16,0,3824,0.0042,0,16,
1784262871.884045,1784262871.891283,decode,16,0,3824,0.0042,0,16,
1784262871.891283,1784262871.898415,decode,16,0,3920,0.0043,0,16,
1784262871.898415,1784262871.905979,decode,16,0,4080,0.0045,0,16,
1784262871.905979,1784262871.912979,decode,16,0,4080,0.0045,0,16,
1784262871.912979,1784262871.920051,decode,16,0,4080,0.0045,0,16,
1784262871.920051,1784262871.927259,decode,16,0,4080,0.0045,0,16,
1784262871.927259,1784262871.934434,decode,16,0,4080,0.0045,0,16,
1784262871.934434,1784262871.942056,decode,16,0,4080,0.0045,0,16,
1784262871.942056,1784262871.949013,decode,16,0,4080,0.0045,0,16,
1784262871.949013,1784262871.956290,decode,16,0,4080,0.0045,0,16,
1784262871.956290,1784262871.963634,decode,16,0,4080,0.0045,0,16,
1784262871.963634,1784262871.971064,decode,16,0,4080,0.0045,0,16,
1784262871.971064,1784262871.978228,decode,16,0,4080,0.0045,0,16,
1784262871.978228,1784262871.985731,decode,16,0,4080,0.0045,0,16,
1784262871.985731,1784262871.992658,decode,16,0,4080,0.0045,0,16,
1784262871.992658,1784262871.999784,decode,16,0,4080,0.0045,0,16,
1784262871.999784,1784262872.007048,decode,16,0,4080,0.0045,0,16,
1784262872.007048,1784262872.014292,decode,16,0,4176,0.0046,0,16,
1784262872.014292,1784262872.021489,decode,16,0,4336,0.0048,0,16,
1784262872.021489,1784262872.028699,decode,16,0,4336,0.0048,0,16,
1784262872.028699,1784262872.035914,decode,16,0,4336,0.0048,0,16,
1784262872.035914,1784262872.043167,decode,16,0,4336,0.0048,0,16,
1784262872.043167,1784262872.050555,decode,16,0,4336,0.0048,0,16,
1784262872.050555,1784262872.057572,decode,16,0,4336,0.0048,0,16,
1784262872.057572,1784262872.064783,decode,16,0,4336,0.0048,0,16,
1784262872.064783,1784262872.072022,decode,16,0,4336,0.0048,0,16,
1784262872.072022,1784262872.079241,decode,16,0,4336,0.0048,0,16,
1784262872.079241,1784262872.086394,decode,16,0,4336,0.0048,0,16,
1784262872.086394,1784262872.093596,decode,16,0,4336,0.0048,0,16,
1784262872.093596,1784262872.100821,decode,16,0,4336,0.0048,0,16,
1784262872.100821,1784262872.108043,decode,16,0,4336,0.0048,0,16,
1784262872.108043,1784262872.115392,decode,10,0,3472,0.0038,0,16,
1784262872.115392,1784262872.126019,decode,0,0,0,0.0000,0,10,
1784262872.126019,1784262872.137557,mixed,6,0,2128,0.0024,12288,6,
1784262872.137557,1784262872.146835,mixed,16,0,2384,0.0026,20480,16,
1784262872.146835,1784262872.154168,decode,16,0,2544,0.0028,0,16,
1784262872.154168,1784262872.161731,decode,16,0,2544,0.0028,0,16,
1784262872.161731,1784262872.169353,decode,16,0,2544,0.0028,0,16,
1784262872.169353,1784262872.176483,decode,16,0,2544,0.0028,0,16,
1784262872.176483,1784262872.183535,decode,16,0,2544,0.0028,0,16,
1784262872.183535,1784262872.190815,decode,16,0,2544,0.0028,0,16,
1784262872.190815,1784262872.198119,decode,16,0,2544,0.0028,0,16,
1784262872.198119,1784262872.205462,decode,16,0,2544,0.0028,0,16,
1784262872.205462,1784262872.212627,decode,16,0,2544,0.0028,0,16,
1784262872.212627,1784262872.219861,decode,16,0,2544,0.0028,0,16,
1784262872.219861,1784262872.227062,decode,16,0,2544,0.0028,0,16,
1784262872.227062,1784262872.234173,decode,16,0,2544,0.0028,0,16,
1784262872.234173,1784262872.241409,decode,16,0,2544,0.0028,0,16,
1784262872.241409,1784262872.249026,decode,16,0,2544,0.0028,0,16,
1784262872.249026,1784262872.256218,decode,16,0,2544,0.0028,0,16,
1784262872.256218,1784262872.263433,decode,16,0,2640,0.0029,0,16,
1784262872.263433,1784262872.270865,decode,16,0,2800,0.0031,0,16,
1784262872.270865,1784262872.277834,decode,16,0,2800,0.0031,0,16,
1784262872.277834,1784262872.284959,decode,16,0,2800,0.0031,0,16,
1784262872.284959,1784262872.292142,decode,16,0,2800,0.0031,0,16,
1784262872.292142,1784262872.299325,decode,16,0,2800,0.0031,0,16,
1784262872.299325,1784262872.306514,decode,16,0,2800,0.0031,0,16,
1784262872.306514,1784262872.313704,decode,16,0,2800,0.0031,0,16,
1784262872.313704,1784262872.320887,decode,16,0,2800,0.0031,0,16,
1784262872.320887,1784262872.328061,decode,16,0,2800,0.0031,0,16,
1784262872.328061,1784262872.335300,decode,16,0,2800,0.0031,0,16,
1784262872.335300,1784262872.342944,decode,16,0,2800,0.0031,0,16,
1784262872.342944,1784262872.349757,decode,16,0,2800,0.0031,0,16,
1784262872.349757,1784262872.356899,decode,16,0,2800,0.0031,0,16,
1784262872.356899,1784262872.364196,decode,16,0,2800,0.0031,0,16,
1784262872.364196,1784262872.371505,decode,16,0,2800,0.0031,0,16,
1784262872.371505,1784262872.378716,decode,16,0,2896,0.0032,0,16,
1784262872.378716,1784262872.386053,decode,16,0,3056,0.0034,0,16,
1784262872.386053,1784262872.393168,decode,16,0,3056,0.0034,0,16,
1784262872.393168,1784262872.400535,decode,16,0,3056,0.0034,0,16,
1784262872.400535,1784262872.407719,decode,16,0,3056,0.0034,0,16,
1784262872.407719,1784262872.414895,decode,16,0,3056,0.0034,0,16,
1784262872.414895,1784262872.422037,decode,16,0,3056,0.0034,0,16,
1784262872.422037,1784262872.429279,decode,16,0,3056,0.0034,0,16,
1784262872.429279,1784262872.436425,decode,16,0,3056,0.0034,0,16,
1784262872.436425,1784262872.443919,decode,16,0,3056,0.0034,0,16,
1784262872.443919,1784262872.451335,decode,16,0,3056,0.0034,0,16,
1784262872.451335,1784262872.458258,decode,16,0,3056,0.0034,0,16,
1784262872.458258,1784262872.465779,decode,16,0,3056,0.0034,0,16,
1784262872.465779,1784262872.473047,decode,16,0,3056,0.0034,0,16,
1784262872.473047,1784262872.479964,decode,16,0,3056,0.0034,0,16,
1784262872.479964,1784262872.487605,decode,16,0,3056,0.0034,0,16,
1784262872.487605,1784262872.494239,decode,16,0,3152,0.0035,0,16,
1784262872.494239,1784262872.501534,decode,16,0,3312,0.0037,0,16,
1784262872.501534,1784262872.509043,decode,16,0,3312,0.0037,0,16,
1784262872.509043,1784262872.515696,decode,16,0,3312,0.0037,0,16,
1784262872.515696,1784262872.522818,decode,16,0,3312,0.0037,0,16,
1784262872.522818,1784262872.530278,decode,16,0,3312,0.0037,0,16,
1784262872.530278,1784262872.536947,decode,16,0,3312,0.0037,0,16,
1784262872.536947,1784262872.544133,decode,16,0,3312,0.0037,0,16,
1784262872.544133,1784262872.551158,decode,16,0,3312,0.0037,0,16,
1784262872.551158,1784262872.558522,decode,16,0,3312,0.0037,0,16,
1784262872.558522,1784262872.564975,decode,16,0,3312,0.0037,0,16,
1784262872.564975,1784262872.572276,decode,16,0,3312,0.0037,0,16,
1784262872.572276,1784262872.579268,decode,16,0,3312,0.0037,0,16,
1784262872.579268,1784262872.586484,decode,16,0,3312,0.0037,0,16,
1784262872.586484,1784262872.593461,decode,16,0,3312,0.0037,0,16,
1784262872.593461,1784262872.600572,decode,16,0,3312,0.0037,0,16,
1784262872.600572,1784262872.607725,decode,16,0,3408,0.0038,0,16,
1784262872.607725,1784262872.615188,decode,16,0,3568,0.0040,0,16,
1784262872.615188,1784262872.622166,decode,16,0,3568,0.0040,0,16,
1784262872.622166,1784262872.629175,decode,16,0,3568,0.0040,0,16,
1784262872.629175,1784262872.636639,decode,16,0,3568,0.0040,0,16,
1784262872.636639,1784262872.644138,decode,16,0,3568,0.0040,0,16,
1784262872.644138,1784262872.651069,decode,16,0,3568,0.0040,0,16,
1784262872.651069,1784262872.658287,decode,16,0,3568,0.0040,0,16,
1784262872.658287,1784262872.664910,decode,16,0,3568,0.0040,0,16,
1784262872.664910,1784262872.671989,decode,16,0,3568,0.0040,0,16,
1784262872.671989,1784262872.679076,decode,16,0,3568,0.0040,0,16,
1784262872.679076,1784262872.686143,decode,16,0,3568,0.0040,0,16,
1784262872.686143,1784262872.693233,decode,16,0,3568,0.0040,0,16,
1784262872.693233,1784262872.700272,decode,16,0,3568,0.0040,0,16,
1784262872.700272,1784262872.707377,decode,16,0,3568,0.0040,0,16,
1784262872.707377,1784262872.714525,decode,16,0,3568,0.0040,0,16,
1784262872.714525,1784262872.721629,decode,16,0,3664,0.0041,0,16,
1784262872.721629,1784262872.728776,decode,16,0,3824,0.0042,0,16,
1784262872.728776,1784262872.735800,decode,16,0,3824,0.0042,0,16,
1784262872.735800,1784262872.743095,decode,16,0,3824,0.0042,0,16,
1784262872.743095,1784262872.750111,decode,16,0,3824,0.0042,0,16,
1784262872.750111,1784262872.757378,decode,16,0,3824,0.0042,0,16,
1784262872.757378,1784262872.764094,decode,16,0,3824,0.0042,0,16,
1784262872.764094,1784262872.771200,decode,16,0,3824,0.0042,0,16,
1784262872.771200,1784262872.778223,decode,16,0,3824,0.0042,0,16,
1784262872.778223,1784262872.785381,decode,16,0,3824,0.0042,0,16,
1784262872.785381,1784262872.792386,decode,16,0,3824,0.0042,0,16,
1784262872.792386,1784262872.799462,decode,16,0,3824,0.0042,0,16,
1784262872.799462,1784262872.806599,decode,16,0,3824,0.0042,0,16,
1784262872.806599,1784262872.813612,decode,16,0,3824,0.0042,0,16,
1784262872.813612,1784262872.820749,decode,16,0,3824,0.0042,0,16,
1784262872.820749,1784262872.828034,decode,16,0,3824,0.0042,0,16,
1784262872.828034,1784262872.835148,decode,16,0,3920,0.0043,0,16,
1784262872.835148,1784262872.842477,decode,16,0,4080,0.0045,0,16,
1784262872.842477,1784262872.849516,decode,16,0,4080,0.0045,0,16,
1784262872.849516,1784262872.856548,decode,16,0,4080,0.0045,0,16,
1784262872.856548,1784262872.863851,decode,16,0,4080,0.0045,0,16,
1784262872.863851,1784262872.870607,decode,16,0,4080,0.0045,0,16,
1784262872.870607,1784262872.877573,decode,16,0,4080,0.0045,0,16,
1784262872.877573,1784262872.884721,decode,16,0,4080,0.0045,0,16,
1784262872.884721,1784262872.891763,decode,16,0,4080,0.0045,0,16,
1784262872.891763,1784262872.898860,decode,16,0,4080,0.0045,0,16,
1784262872.898860,1784262872.905917,decode,16,0,4080,0.0045,0,16,
1784262872.905917,1784262872.913086,decode,16,0,4080,0.0045,0,16,
1784262872.913086,1784262872.920187,decode,16,0,4080,0.0045,0,16,
1784262872.920187,1784262872.927361,decode,16,0,4080,0.0045,0,16,
1784262872.927361,1784262872.934592,decode,16,0,4080,0.0045,0,16,
1784262872.934592,1784262872.941800,decode,16,0,4080,0.0045,0,16,
1784262872.941800,1784262872.949093,decode,16,0,4176,0.0046,0,16,
1784262872.949093,1784262872.956362,decode,16,0,4336,0.0048,0,16,
1784262872.956362,1784262872.963757,decode,16,0,4336,0.0048,0,16,
1784262872.963757,1784262872.970740,decode,16,0,4336,0.0048,0,16,
1784262872.970740,1784262872.978026,decode,16,0,4336,0.0048,0,16,
1784262872.978026,1784262872.985275,decode,16,0,4336,0.0048,0,16,
1784262872.985275,1784262872.992635,decode,16,0,4336,0.0048,0,16,
1784262872.992635,1784262872.999730,decode,16,0,4336,0.0048,0,16,
1784262872.999730,1784262873.006958,decode,16,0,4336,0.0048,0,16,
1784262873.006958,1784262873.014038,decode,16,0,4336,0.0048,0,16,
1784262873.014038,1784262873.021211,decode,16,0,4336,0.0048,0,16,
1784262873.021211,1784262873.028485,decode,16,0,4336,0.0048,0,16,
1784262873.028485,1784262873.035566,decode,16,0,4336,0.0048,0,16,
1784262873.035566,1784262873.043010,decode,16,0,4336,0.0048,0,16,
1784262873.043010,1784262873.050147,decode,10,0,3472,0.0038,0,16,
1784262873.050147,1784262873.060551,decode,0,0,0,0.0000,0,10,
1784262873.060551,1784262873.072383,mixed,6,0,2128,0.0024,12288,6,
1784262873.072383,1784262873.081819,mixed,16,0,2384,0.0026,20480,16,
1784262873.081819,1784262873.088867,decode,16,0,2544,0.0028,0,16,
1784262873.088867,1784262873.095511,decode,16,0,2544,0.0028,0,16,
1784262873.095511,1784262873.102564,decode,16,0,2544,0.0028,0,16,
1784262873.102564,1784262873.109633,decode,16,0,2544,0.0028,0,16,
1784262873.109633,1784262873.116626,decode,16,0,2544,0.0028,0,16,
1784262873.116626,1784262873.124273,decode,16,0,2544,0.0028,0,16,
1784262873.124273,1784262873.131567,decode,16,0,2544,0.0028,0,16,
1784262873.131567,1784262873.138207,decode,16,0,2544,0.0028,0,16,
1784262873.138207,1784262873.145383,decode,16,0,2544,0.0028,0,16,
1784262873.145383,1784262873.152571,decode,16,0,2544,0.0028,0,16,
1784262873.152571,1784262873.159555,decode,16,0,2544,0.0028,0,16,
1784262873.159555,1784262873.166728,decode,16,0,2544,0.0028,0,16,
1784262873.166728,1784262873.173416,decode,16,0,2544,0.0028,0,16,
1784262873.173416,1784262873.180432,decode,16,0,2544,0.0028,0,16,
1784262873.180432,1784262873.187599,decode,16,0,2544,0.0028,0,16,
1784262873.187599,1784262873.194603,decode,16,0,2640,0.0029,0,16,
1784262873.194603,1784262873.201639,decode,16,0,2800,0.0031,0,16,
1784262873.201639,1784262873.208724,decode,16,0,2800,0.0031,0,16,
1784262873.208724,1784262873.215738,decode,16,0,2800,0.0031,0,16,
1784262873.215738,1784262873.222858,decode,16,0,2800,0.0031,0,16,
1784262873.222858,1784262873.229854,decode,16,0,2800,0.0031,0,16,
1784262873.229854,1784262873.236963,decode,16,0,2800,0.0031,0,16,
1784262873.236963,1784262873.244339,decode,16,0,2800,0.0031,0,16,
1784262873.244339,1784262873.251480,decode,16,0,2800,0.0031,0,16,
1784262873.251480,1784262873.258242,decode,16,0,2800,0.0031,0,16,
1784262873.258242,1784262873.265195,decode,16,0,2800,0.0031,0,16,
1784262873.265195,1784262873.272425,decode,16,0,2800,0.0031,0,16,
1784262873.272425,1784262873.279283,decode,16,0,2800,0.0031,0,16,
1784262873.279283,1784262873.286267,decode,16,0,2800,0.0031,0,16,
1784262873.286267,1784262873.293355,decode,16,0,2800,0.0031,0,16,
1784262873.293355,1784262873.300403,decode,16,0,2800,0.0031,0,16,
1784262873.300403,1784262873.307999,decode,16,0,2896,0.0032,0,16,
1784262873.307999,1784262873.315011,decode,16,0,3056,0.0034,0,16,
1784262873.315011,1784262873.322081,decode,16,0,3056,0.0034,0,16,
1784262873.322081,1784262873.329174,decode,16,0,3056,0.0034,0,16,
1784262873.329174,1784262873.336024,decode,16,0,3056,0.0034,0,16,
1784262873.336024,1784262873.343405,decode,16,0,3056,0.0034,0,16,
1784262873.343405,1784262873.350320,decode,16,0,3056,0.0034,0,16,
1784262873.350320,1784262873.357445,decode,16,0,3056,0.0034,0,16,
1784262873.357445,1784262873.364227,decode,16,0,3056,0.0034,0,16,
1784262873.364227,1784262873.371382,decode,16,0,3056,0.0034,0,16,
1784262873.371382,1784262873.378295,decode,16,0,3056,0.0034,0,16,
1784262873.378295,1784262873.385369,decode,16,0,3056,0.0034,0,16,
1784262873.385369,1784262873.392336,decode,16,0,3056,0.0034,0,16,
1784262873.392336,1784262873.399385,decode,16,0,3056,0.0034,0,16,
1784262873.399385,1784262873.406454,decode,16,0,3056,0.0034,0,16,
1784262873.406454,1784262873.413530,decode,16,0,3056,0.0034,0,16,
1784262873.413530,1784262873.420734,decode,16,0,3152,0.0035,0,16,
1784262873.420734,1784262873.427900,decode,16,0,3312,0.0037,0,16,
1784262873.427900,1784262873.435123,decode,16,0,3312,0.0037,0,16,
1784262873.435123,1784262873.442732,decode,16,0,3312,0.0037,0,16,
1784262873.442732,1784262873.449493,decode,16,0,3312,0.0037,0,16,
1784262873.449493,1784262873.457057,decode,16,0,3312,0.0037,0,16,
1784262873.457057,1784262873.463900,decode,16,0,3312,0.0037,0,16,
1784262873.463900,1784262873.471066,decode,16,0,3312,0.0037,0,16,
1784262873.471066,1784262873.478369,decode,16,0,3312,0.0037,0,16,
1784262873.478369,1784262873.485562,decode,16,0,3312,0.0037,0,16,
1784262873.485562,1784262873.492864,decode,16,0,3312,0.0037,0,16,
1784262873.492864,1784262873.500156,decode,16,0,3312,0.0037,0,16,
1784262873.500156,1784262873.507292,decode,16,0,3312,0.0037,0,16,
1784262873.507292,1784262873.514420,decode,16,0,3312,0.0037,0,16,
1784262873.514420,1784262873.521717,decode,16,0,3312,0.0037,0,16,
1784262873.521717,1784262873.528886,decode,16,0,3312,0.0037,0,16,
1784262873.528886,1784262873.536465,decode,16,0,3408,0.0038,0,16,
1784262873.536465,1784262873.543873,decode,16,0,3568,0.0040,0,16,
1784262873.543873,1784262873.550865,decode,16,0,3568,0.0040,0,16,
1784262873.550865,1784262873.557941,decode,16,0,3568,0.0040,0,16,
1784262873.557941,1784262873.565479,decode,16,0,3568,0.0040,0,16,
1784262873.565479,1784262873.572716,decode,16,0,3568,0.0040,0,16,
1784262873.572716,1784262873.579992,decode,16,0,3568,0.0040,0,16,
1784262873.579992,1784262873.587273,decode,16,0,3568,0.0040,0,16,
1784262873.587273,1784262873.594739,decode,16,0,3568,0.0040,0,16,
1784262873.594739,1784262873.601987,decode,16,0,3568,0.0040,0,16,
1784262873.601987,1784262873.609322,decode,16,0,3568,0.0040,0,16,
1784262873.609322,1784262873.616541,decode,16,0,3568,0.0040,0,16,
1784262873.616541,1784262873.623792,decode,16,0,3568,0.0040,0,16,
1784262873.623792,1784262873.631017,decode,16,0,3568,0.0040,0,16,
1784262873.631017,1784262873.638184,decode,16,0,3568,0.0040,0,16,
1784262873.638184,1784262873.645525,decode,16,0,3568,0.0040,0,16,
1784262873.645525,1784262873.652775,decode,16,0,3664,0.0041,0,16,
1784262873.652775,1784262873.659849,decode,16,0,3824,0.0042,0,16,
1784262873.659849,1784262873.667645,decode,16,0,3824,0.0042,0,16,
1784262873.667645,1784262873.674850,decode,16,0,3824,0.0042,0,16,
1784262873.674850,1784262873.682000,decode,16,0,3824,0.0042,0,16,
1784262873.682000,1784262873.689297,decode,16,0,3824,0.0042,0,16,
1784262873.689297,1784262873.696409,decode,16,0,3824,0.0042,0,16,
1784262873.696409,1784262873.703590,decode,16,0,3824,0.0042,0,16,
1784262873.703590,1784262873.710812,decode,16,0,3824,0.0042,0,16,
1784262873.710812,1784262873.718280,decode,16,0,3824,0.0042,0,16,
1784262873.718280,1784262873.725274,decode,16,0,3824,0.0042,0,16,
1784262873.725274,1784262873.732398,decode,16,0,3824,0.0042,0,16,
1784262873.732398,1784262873.739650,decode,16,0,3824,0.0042,0,16,
1784262873.739650,1784262873.746736,decode,16,0,3824,0.0042,0,16,
1784262873.746736,1784262873.753803,decode,16,0,3824,0.0042,0,16,
1784262873.753803,1784262873.761728,decode,16,0,3824,0.0042,0,16,
1784262873.761728,1784262873.768794,decode,16,0,3920,0.0043,0,16,
1784262873.768794,1784262873.775849,decode,16,0,4080,0.0045,0,16,
1784262873.775849,1784262873.783053,decode,16,0,4080,0.0045,0,16,
1784262873.783053,1784262873.790188,decode,16,0,4080,0.0045,0,16,
1784262873.790188,1784262873.797834,decode,16,0,4080,0.0045,0,16,
1784262873.797834,1784262873.805108,decode,16,0,4080,0.0045,0,16,
1784262873.805108,1784262873.812747,decode,16,0,4080,0.0045,0,16,
1784262873.812747,1784262873.819725,decode,16,0,4080,0.0045,0,16,
1784262873.819725,1784262873.827158,decode,16,0,4080,0.0045,0,16,
1784262873.827158,1784262873.834691,decode,16,0,4080,0.0045,0,16,
1784262873.834691,1784262873.841568,decode,16,0,4080,0.0045,0,16,
1784262873.841568,1784262873.849325,decode,16,0,4080,0.0045,0,16,
1784262873.849325,1784262873.857035,decode,16,0,4080,0.0045,0,16,
1784262873.857035,1784262873.864184,decode,16,0,4080,0.0045,0,16,
1784262873.864184,1784262873.871528,decode,16,0,4080,0.0045,0,16,
1784262873.871528,1784262873.878834,decode,16,0,4080,0.0045,0,16,
1784262873.878834,1784262873.886159,decode,16,0,4176,0.0046,0,16,
1784262873.886159,1784262873.893382,decode,16,0,4336,0.0048,0,16,
1784262873.893382,1784262873.900552,decode,16,0,4336,0.0048,0,16,
1784262873.900552,1784262873.907846,decode,16,0,4336,0.0048,0,16,
1784262873.907846,1784262873.915153,decode,16,0,4336,0.0048,0,16,
1784262873.915153,1784262873.922359,decode,16,0,4336,0.0048,0,16,
1784262873.922359,1784262873.929795,decode,16,0,4336,0.0048,0,16,
1784262873.929795,1784262873.936846,decode,16,0,4336,0.0048,0,16,
1784262873.936846,1784262873.944010,decode,16,0,4336,0.0048,0,16,
1784262873.944010,1784262873.950971,decode,16,0,4336,0.0048,0,16,
1784262873.950971,1784262873.958294,decode,16,0,4336,0.0048,0,16,
1784262873.958294,1784262873.965024,decode,16,0,4336,0.0048,0,16,
1784262873.965024,1784262873.972303,decode,16,0,4336,0.0048,0,16,
1784262873.972303,1784262873.979311,decode,16,0,4336,0.0048,0,16,
1784262873.979311,1784262873.986555,decode,10,0,3472,0.0038,0,16,
1784262873.986555,1784262873.996171,decode,0,0,0,0.0000,0,10,
1784262873.996171,1784262874.007754,mixed,6,0,2128,0.0024,12288,6,
1784262874.007754,1784262874.016748,mixed,16,0,2384,0.0026,20480,16,
1784262874.016748,1784262874.023826,decode,16,0,2544,0.0028,0,16,
1784262874.023826,1784262874.030945,decode,16,0,2544,0.0028,0,16,
1784262874.030945,1784262874.037921,decode,16,0,2544,0.0028,0,16,
1784262874.037921,1784262874.045354,decode,16,0,2544,0.0028,0,16,
1784262874.045354,1784262874.052327,decode,16,0,2544,0.0028,0,16,
1784262874.052327,1784262874.059103,decode,16,0,2544,0.0028,0,16,
1784262874.059103,1784262874.066004,decode,16,0,2544,0.0028,0,16,
1784262874.066004,1784262874.073545,decode,16,0,2544,0.0028,0,16,
1784262874.073545,1784262874.080596,decode,16,0,2544,0.0028,0,16,
1784262874.080596,1784262874.087692,decode,16,0,2544,0.0028,0,16,
1784262874.087692,1784262874.094603,decode,16,0,2544,0.0028,0,16,
1784262874.094603,1784262874.101700,decode,16,0,2544,0.0028,0,16,
1784262874.101700,1784262874.108764,decode,16,0,2544,0.0028,0,16,
1784262874.108764,1784262874.115855,decode,16,0,2544,0.0028,0,16,
1784262874.115855,1784262874.122970,decode,16,0,2544,0.0028,0,16,
1784262874.122970,1784262874.130210,decode,16,0,2640,0.0029,0,16,
1784262874.130210,1784262874.137132,decode,16,0,2800,0.0031,0,16,
1784262874.137132,1784262874.144321,decode,16,0,2800,0.0031,0,16,
1784262874.144321,1784262874.151568,decode,16,0,2800,0.0031,0,16,
1784262874.151568,1784262874.158175,decode,16,0,2800,0.0031,0,16,
1784262874.158175,1784262874.165396,decode,16,0,2800,0.0031,0,16,
1784262874.165396,1784262874.172282,decode,16,0,2800,0.0031,0,16,
1784262874.172282,1784262874.179763,decode,16,0,2800,0.0031,0,16,
1784262874.179763,1784262874.186489,decode,16,0,2800,0.0031,0,16,
1784262874.186489,1784262874.193495,decode,16,0,2800,0.0031,0,16,
1784262874.193495,1784262874.200568,decode,16,0,2800,0.0031,0,16,
1784262874.200568,1784262874.207358,decode,16,0,2800,0.0031,0,16,
1784262874.207358,1784262874.214953,decode,16,0,2800,0.0031,0,16,
1784262874.214953,1784262874.222162,decode,16,0,2800,0.0031,0,16,
1784262874.222162,1784262874.229523,decode,16,0,2800,0.0031,0,16,
1784262874.229523,1784262874.236762,decode,16,0,2800,0.0031,0,16,
1784262874.236762,1784262874.244396,decode,16,0,2896,0.0032,0,16,
1784262874.244396,1784262874.251449,decode,16,0,3056,0.0034,0,16,
1784262874.251449,1784262874.258503,decode,16,0,3056,0.0034,0,16,
1784262874.258503,1784262874.265728,decode,16,0,3056,0.0034,0,16,
1784262874.265728,1784262874.272921,decode,16,0,3056,0.0034,0,16,
1784262874.272921,1784262874.280342,decode,16,0,3056,0.0034,0,16,
1784262874.280342,1784262874.287504,decode,16,0,3056,0.0034,0,16,
1784262874.287504,1784262874.294713,decode,16,0,3056,0.0034,0,16,
1784262874.294713,1784262874.301970,decode,16,0,3056,0.0034,0,16,
1784262874.301970,1784262874.309296,decode,16,0,3056,0.0034,0,16,
1784262874.309296,1784262874.316323,decode,16,0,3056,0.0034,0,16,
1784262874.316323,1784262874.323399,decode,16,0,3056,0.0034,0,16,
1784262874.323399,1784262874.330333,decode,16,0,3056,0.0034,0,16,
1784262874.330333,1784262874.337453,decode,16,0,3056,0.0034,0,16,
1784262874.337453,1784262874.345066,decode,16,0,3056,0.0034,0,16,
1784262874.345066,1784262874.351899,decode,16,0,3056,0.0034,0,16,
1784262874.351899,1784262874.358785,decode,16,0,3152,0.0035,0,16,
1784262874.358785,1784262874.366054,decode,16,0,3312,0.0037,0,16,
1784262874.366054,1784262874.373378,decode,16,0,3312,0.0037,0,16,
1784262874.373378,1784262874.380538,decode,16,0,3312,0.0037,0,16,
1784262874.380538,1784262874.387741,decode,16,0,3312,0.0037,0,16,
1784262874.387741,1784262874.394937,decode,16,0,3312,0.0037,0,16,
1784262874.394937,1784262874.402158,decode,16,0,3312,0.0037,0,16,
1784262874.402158,1784262874.409335,decode,16,0,3312,0.0037,0,16,
1784262874.409335,1784262874.416595,decode,16,0,3312,0.0037,0,16,
1784262874.416595,1784262874.423833,decode,16,0,3312,0.0037,0,16,
1784262874.423833,1784262874.430959,decode,16,0,3312,0.0037,0,16,
1784262874.430959,1784262874.438294,decode,16,0,3312,0.0037,0,16,
1784262874.438294,1784262874.445643,decode,16,0,3312,0.0037,0,16,
1784262874.445643,1784262874.452691,decode,16,0,3312,0.0037,0,16,
1784262874.452691,1784262874.459848,decode,16,0,3312,0.0037,0,16,
1784262874.459848,1784262874.467241,decode,16,0,3312,0.0037,0,16,
1784262874.467241,1784262874.474794,decode,16,0,3408,0.0038,0,16,
1784262874.474794,1784262874.481831,decode,16,0,3568,0.0040,0,16,
1784262874.481831,1784262874.488867,decode,16,0,3568,0.0040,0,16,
1784262874.488867,1784262874.496068,decode,16,0,3568,0.0040,0,16,
1784262874.496068,1784262874.503443,decode,16,0,3568,0.0040,0,16,
1784262874.503443,1784262874.510483,decode,16,0,3568,0.0040,0,16,
1784262874.510483,1784262874.517766,decode,16,0,3568,0.0040,0,16,
1784262874.517766,1784262874.524882,decode,16,0,3568,0.0040,0,16,
1784262874.524882,1784262874.532320,decode,16,0,3568,0.0040,0,16,
1784262874.532320,1784262874.539423,decode,16,0,3568,0.0040,0,16,
1784262874.539423,1784262874.546555,decode,16,0,3568,0.0040,0,16,
1784262874.546555,1784262874.553985,decode,16,0,3568,0.0040,0,16,
1784262874.553985,1784262874.560866,decode,16,0,3568,0.0040,0,16,
1784262874.560866,1784262874.568079,decode,16,0,3568,0.0040,0,16,
1784262874.568079,1784262874.575447,decode,16,0,3568,0.0040,0,16,
1784262874.575447,1784262874.582141,decode,16,0,3568,0.0040,0,16,
1784262874.582141,1784262874.589288,decode,16,0,3664,0.0041,0,16,
1784262874.589288,1784262874.596375,decode,16,0,3824,0.0042,0,16,
1784262874.596375,1784262874.603634,decode,16,0,3824,0.0042,0,16,
1784262874.603634,1784262874.610821,decode,16,0,3824,0.0042,0,16,
1784262874.610821,1784262874.617693,decode,16,0,3824,0.0042,0,16,
1784262874.617693,1784262874.624745,decode,16,0,3824,0.0042,0,16,
1784262874.624745,1784262874.632195,decode,16,0,3824,0.0042,0,16,
1784262874.632195,1784262874.639615,decode,16,0,3824,0.0042,0,16,
1784262874.639615,1784262874.646824,decode,16,0,3824,0.0042,0,16,
1784262874.646824,1784262874.653868,decode,16,0,3824,0.0042,0,16,
1784262874.653868,1784262874.660918,decode,16,0,3824,0.0042,0,16,
1784262874.660918,1784262874.668194,decode,16,0,3824,0.0042,0,16,
1784262874.668194,1784262874.675148,decode,16,0,3824,0.0042,0,16,
1784262874.675148,1784262874.682333,decode,16,0,3824,0.0042,0,16,
1784262874.682333,1784262874.689620,decode,16,0,3824,0.0042,0,16,
1784262874.689620,1784262874.696829,decode,16,0,3824,0.0042,0,16,
1784262874.696829,1784262874.703982,decode,16,0,3920,0.0043,0,16,
1784262874.703982,1784262874.711080,decode,16,0,4080,0.0045,0,16,
1784262874.711080,1784262874.718328,decode,16,0,4080,0.0045,0,16,
1784262874.718328,1784262874.725424,decode,16,0,4080,0.0045,0,16,
1784262874.725424,1784262874.732614,decode,16,0,4080,0.0045,0,16,
1784262874.732614,1784262874.739636,decode,16,0,4080,0.0045,0,16,
1784262874.739636,1784262874.746764,decode,16,0,4080,0.0045,0,16,
1784262874.746764,1784262874.753913,decode,16,0,4080,0.0045,0,16,
1784262874.753913,1784262874.761040,decode,16,0,4080,0.0045,0,16,
1784262874.761040,1784262874.768159,decode,16,0,4080,0.0045,0,16,
1784262874.768159,1784262874.775230,decode,16,0,4080,0.0045,0,16,
1784262874.775230,1784262874.782441,decode,16,0,4080,0.0045,0,16,
1784262874.782441,1784262874.789479,decode,16,0,4080,0.0045,0,16,
1784262874.789479,1784262874.796587,decode,16,0,4080,0.0045,0,16,
1784262874.796587,1784262874.803738,decode,16,0,4080,0.0045,0,16,
1784262874.803738,1784262874.810892,decode,16,0,4080,0.0045,0,16,
1784262874.810892,1784262874.818095,decode,16,0,4176,0.0046,0,16,
1784262874.818095,1784262874.825343,decode,16,0,4336,0.0048,0,16,
1784262874.825343,1784262874.832276,decode,16,0,4336,0.0048,0,16,
1784262874.832276,1784262874.839341,decode,16,0,4336,0.0048,0,16,
1784262874.839341,1784262874.846536,decode,16,0,4336,0.0048,0,16,
1784262874.846536,1784262874.853595,decode,16,0,4336,0.0048,0,16,
1784262874.853595,1784262874.860810,decode,16,0,4336,0.0048,0,16,
1784262874.860810,1784262874.867880,decode,16,0,4336,0.0048,0,16,
1784262874.867880,1784262874.875054,decode,16,0,4336,0.0048,0,16,
1784262874.875054,1784262874.882093,decode,16,0,4336,0.0048,0,16,
1784262874.882093,1784262874.889153,decode,16,0,4336,0.0048,0,16,
1784262874.889153,1784262874.896672,decode,16,0,4336,0.0048,0,16,
1784262874.896672,1784262874.903739,decode,16,0,4336,0.0048,0,16,
1784262874.903739,1784262874.910587,decode,16,0,4336,0.0048,0,16,
1784262874.910587,1784262874.918188,decode,10,0,3472,0.0038,0,16,
1784262874.918188,1784262874.928087,decode,0,0,0,0.0000,0,10,
1784262874.928087,1784262874.939992,mixed,6,0,2128,0.0024,12288,6,
1784262874.939992,1784262874.949512,mixed,16,0,2384,0.0026,20480,16,
1784262874.949512,1784262874.957091,decode,16,0,2544,0.0028,0,16,
1784262874.957091,1784262874.964093,decode,16,0,2544,0.0028,0,16,
1784262874.964093,1784262874.971244,decode,16,0,2544,0.0028,0,16,
1784262874.971244,1784262874.978694,decode,16,0,2544,0.0028,0,16,
1784262874.978694,1784262874.986036,decode,16,0,2544,0.0028,0,16,
1784262874.986036,1784262874.992599,decode,16,0,2544,0.0028,0,16,
1784262874.992599,1784262875.000169,decode,16,0,2544,0.0028,0,16,
1784262875.000169,1784262875.006803,decode,16,0,2544,0.0028,0,16,
1784262875.006803,1784262875.014034,decode,16,0,2544,0.0028,0,16,
1784262875.014034,1784262875.021137,decode,16,0,2544,0.0028,0,16,
1784262875.021137,1784262875.028326,decode,16,0,2544,0.0028,0,16,
1784262875.028326,1784262875.035598,decode,16,0,2544,0.0028,0,16,
1784262875.035598,1784262875.042249,decode,16,0,2544,0.0028,0,16,
1784262875.042249,1784262875.049452,decode,16,0,2544,0.0028,0,16,
1784262875.049452,1784262875.056650,decode,16,0,2544,0.0028,0,16,
1784262875.056650,1784262875.063860,decode,16,0,2640,0.0029,0,16,
1784262875.063860,1784262875.071324,decode,16,0,2800,0.0031,0,16,
1784262875.071324,1784262875.077990,decode,16,0,2800,0.0031,0,16,
1784262875.077990,1784262875.085373,decode,16,0,2800,0.0031,0,16,
1784262875.085373,1784262875.092122,decode,16,0,2800,0.0031,0,16,
1784262875.092122,1784262875.099169,decode,16,0,2800,0.0031,0,16,
1784262875.099169,1784262875.106333,decode,16,0,2800,0.0031,0,16,
1784262875.106333,1784262875.113636,decode,16,0,2800,0.0031,0,16,
1784262875.113636,1784262875.120912,decode,16,0,2800,0.0031,0,16,
1784262875.120912,1784262875.127774,decode,16,0,2800,0.0031,0,16,
1784262875.127774,1784262875.134827,decode,16,0,2800,0.0031,0,16,
1784262875.134827,1784262875.141911,decode,16,0,2800,0.0031,0,16,
1784262875.141911,1784262875.148971,decode,16,0,2800,0.0031,0,16,
1784262875.148971,1784262875.156089,decode,16,0,2800,0.0031,0,16,
1784262875.156089,1784262875.163624,decode,16,0,2800,0.0031,0,16,
1784262875.163624,1784262875.170424,decode,16,0,2800,0.0031,0,16,
1784262875.170424,1784262875.177440,decode,16,0,2896,0.0032,0,16,
1784262875.177440,1784262875.184503,decode,16,0,3056,0.0034,0,16,
1784262875.184503,1784262875.191551,decode,16,0,3056,0.0034,0,16,
1784262875.191551,1784262875.198643,decode,16,0,3056,0.0034,0,16,
1784262875.198643,1784262875.205708,decode,16,0,3056,0.0034,0,16,
1784262875.205708,1784262875.212905,decode,16,0,3056,0.0034,0,16,
1784262875.212905,1784262875.219915,decode,16,0,3056,0.0034,0,16,
1784262875.219915,1784262875.227041,decode,16,0,3056,0.0034,0,16,
1784262875.227041,1784262875.234096,decode,16,0,3056,0.0034,0,16,
1784262875.234096,1784262875.241082,decode,16,0,3056,0.0034,0,16,
1784262875.241082,1784262875.248307,decode,16,0,3056,0.0034,0,16,
1784262875.248307,1784262875.255383,decode,16,0,3056,0.0034,0,16,
1784262875.255383,1784262875.262402,decode,16,0,3056,0.0034,0,16,
1784262875.262402,1784262875.269473,decode,16,0,3056,0.0034,0,16,
1784262875.269473,1784262875.276601,decode,16,0,3056,0.0034,0,16,
1784262875.276601,1784262875.283767,decode,16,0,3056,0.0034,0,16,
1784262875.283767,1784262875.291133,decode,16,0,3152,0.0035,0,16,
1784262875.291133,1784262875.297981,decode,16,0,3312,0.0037,0,16,
1784262875.297981,1784262875.305089,decode,16,0,3312,0.0037,0,16,
1784262875.305089,1784262875.312308,decode,16,0,3312,0.0037,0,16,
1784262875.312308,1784262875.319159,decode,16,0,3312,0.0037,0,16,
1784262875.319159,1784262875.326306,decode,16,0,3312,0.0037,0,16,
1784262875.326306,1784262875.333392,decode,16,0,3312,0.0037,0,16,
1784262875.333392,1784262875.340430,decode,16,0,3312,0.0037,0,16,
1784262875.340430,1784262875.347545,decode,16,0,3312,0.0037,0,16,
1784262875.347545,1784262875.354557,decode,16,0,3312,0.0037,0,16,
1784262875.354557,1784262875.361643,decode,16,0,3312,0.0037,0,16,
1784262875.361643,1784262875.368726,decode,16,0,3312,0.0037,0,16,
1784262875.368726,1784262875.375879,decode,16,0,3312,0.0037,0,16,
1784262875.375879,1784262875.382927,decode,16,0,3312,0.0037,0,16,
1784262875.382927,1784262875.390055,decode,16,0,3312,0.0037,0,16,
1784262875.390055,1784262875.397198,decode,16,0,3312,0.0037,0,16,
1784262875.397198,1784262875.404323,decode,16,0,3408,0.0038,0,16,
1784262875.404323,1784262875.411548,decode,16,0,3568,0.0040,0,16,
1784262875.411548,1784262875.418439,decode,16,0,3568,0.0040,0,16,
1784262875.418439,1784262875.425514,decode,16,0,3568,0.0040,0,16,
1784262875.425514,1784262875.432613,decode,16,0,3568,0.0040,0,16,
1784262875.432613,1784262875.439769,decode,16,0,3568,0.0040,0,16,
1784262875.439769,1784262875.446809,decode,16,0,3568,0.0040,0,16,
1784262875.446809,1784262875.453873,decode,16,0,3568,0.0040,0,16,
1784262875.453873,1784262875.461035,decode,16,0,3568,0.0040,0,16,
1784262875.461035,1784262875.468070,decode,16,0,3568,0.0040,0,16,
1784262875.468070,1784262875.475117,decode,16,0,3568,0.0040,0,16,
1784262875.475117,1784262875.482545,decode,16,0,3568,0.0040,0,16,
1784262875.482545,1784262875.489578,decode,16,0,3568,0.0040,0,16,
1784262875.489578,1784262875.496487,decode,16,0,3568,0.0040,0,16,
1784262875.496487,1784262875.503562,decode,16,0,3568,0.0040,0,16,
1784262875.503562,1784262875.510699,decode,16,0,3568,0.0040,0,16,
1784262875.510699,1784262875.517864,decode,16,0,3664,0.0041,0,16,
1784262875.517864,1784262875.524869,decode,16,0,3824,0.0042,0,16,
1784262875.524869,1784262875.531945,decode,16,0,3824,0.0042,0,16,
1784262875.531945,1784262875.539085,decode,16,0,3824,0.0042,0,16,
1784262875.539085,1784262875.546176,decode,16,0,3824,0.0042,0,16,
1784262875.546176,1784262875.553385,decode,16,0,3824,0.0042,0,16,
1784262875.553385,1784262875.560301,decode,16,0,3824,0.0042,0,16,
1784262875.560301,1784262875.567327,decode,16,0,3824,0.0042,0,16,
1784262875.567327,1784262875.574412,decode,16,0,3824,0.0042,0,16,
1784262875.574412,1784262875.581458,decode,16,0,3824,0.0042,0,16,
1784262875.581458,1784262875.588942,decode,16,0,3824,0.0042,0,16,
1784262875.588942,1784262875.596007,decode,16,0,3824,0.0042,0,16,
1784262875.596007,1784262875.603127,decode,16,0,3824,0.0042,0,16,
1784262875.603127,1784262875.610283,decode,16,0,3824,0.0042,0,16,
1784262875.610283,1784262875.617399,decode,16,0,3824,0.0042,0,16,
1784262875.617399,1784262875.624568,decode,16,0,3824,0.0042,0,16,
1784262875.624568,1784262875.631707,decode,16,0,3920,0.0043,0,16,
1784262875.631707,1784262875.638850,decode,16,0,4080,0.0045,0,16,
1784262875.638850,1784262875.645993,decode,16,0,4080,0.0045,0,16,
1784262875.645993,1784262875.653210,decode,16,0,4080,0.0045,0,16,
1784262875.653210,1784262875.660370,decode,16,0,4080,0.0045,0,16,
1784262875.660370,1784262875.667485,decode,16,0,4080,0.0045,0,16,
1784262875.667485,1784262875.674727,decode,16,0,4080,0.0045,0,16,
1784262875.674727,1784262875.681621,decode,16,0,4080,0.0045,0,16,
1784262875.681621,1784262875.689070,decode,16,0,4080,0.0045,0,16,
1784262875.689070,1784262875.696155,decode,16,0,4080,0.0045,0,16,
1784262875.696155,1784262875.703424,decode,16,0,4080,0.0045,0,16,
1784262875.703424,1784262875.710453,decode,16,0,4080,0.0045,0,16,
1784262875.710453,1784262875.717511,decode,16,0,4080,0.0045,0,16,
1784262875.717511,1784262875.724430,decode,16,0,4080,0.0045,0,16,
1784262875.724430,1784262875.731577,decode,16,0,4080,0.0045,0,16,
1784262875.731577,1784262875.738825,decode,16,0,4080,0.0045,0,16,
1784262875.738825,1784262875.745903,decode,16,0,4176,0.0046,0,16,
1784262875.745903,1784262875.752970,decode,16,0,4336,0.0048,0,16,
1784262875.752970,1784262875.760059,decode,16,0,4336,0.0048,0,16,
1784262875.760059,1784262875.767484,decode,16,0,4336,0.0048,0,16,
1784262875.767484,1784262875.774555,decode,16,0,4336,0.0048,0,16,
1784262875.774555,1784262875.781646,decode,16,0,4336,0.0048,0,16,
1784262875.781646,1784262875.788783,decode,16,0,4336,0.0048,0,16,
1784262875.788783,1784262875.795862,decode,16,0,4336,0.0048,0,16,
1784262875.795862,1784262875.802910,decode,16,0,4336,0.0048,0,16,
1784262875.802910,1784262875.809974,decode,16,0,4336,0.0048,0,16,
1784262875.809974,1784262875.817111,decode,16,0,4336,0.0048,0,16,
1784262875.817111,1784262875.824536,decode,16,0,4336,0.0048,0,16,
1784262875.824536,1784262875.831440,decode,16,0,4336,0.0048,0,16,
1784262875.831440,1784262875.838316,decode,16,0,4336,0.0048,0,16,
1784262875.838316,1784262875.845500,decode,10,0,3472,0.0038,0,16,
1784262875.845500,1784262875.855377,decode,0,0,0,0.0000,0,10,
1784262875.855377,1784262875.866217,mixed,6,0,2128,0.0024,12288,6,
1784262875.866217,1784262875.875632,mixed,16,0,2384,0.0026,20480,16,
1784262875.875632,1784262875.882303,decode,16,0,2544,0.0028,0,16,
1784262875.882303,1784262875.889416,decode,16,0,2544,0.0028,0,16,
1784262875.889416,1784262875.896455,decode,16,0,2544,0.0028,0,16,
1784262875.896455,1784262875.903528,decode,16,0,2544,0.0028,0,16,
1784262875.903528,1784262875.910593,decode,16,0,2544,0.0028,0,16,
1784262875.910593,1784262875.917738,decode,16,0,2544,0.0028,0,16,
1784262875.917738,1784262875.924774,decode,16,0,2544,0.0028,0,16,
1784262875.924774,1784262875.931853,decode,16,0,2544,0.0028,0,16,
1784262875.931853,1784262875.938978,decode,16,0,2544,0.0028,0,16,
1784262875.938978,1784262875.945994,decode,16,0,2544,0.0028,0,16,
1784262875.945994,1784262875.953099,decode,16,0,2544,0.0028,0,16,
1784262875.953099,1784262875.960225,decode,16,0,2544,0.0028,0,16,
1784262875.960225,1784262875.967197,decode,16,0,2544,0.0028,0,16,
1784262875.967197,1784262875.974273,decode,16,0,2544,0.0028,0,16,
1784262875.974273,1784262875.981428,decode,16,0,2544,0.0028,0,16,
1784262875.981428,1784262875.988552,decode,16,0,2640,0.0029,0,16,
1784262875.988552,1784262875.995807,decode,16,0,2800,0.0031,0,16,
1784262875.995807,1784262876.002761,decode,16,0,2800,0.0031,0,16,
1784262876.002761,1784262876.009815,decode,16,0,2800,0.0031,0,16,
1784262876.009815,1784262876.016871,decode,16,0,2800,0.0031,0,16,
1784262876.016871,1784262876.024281,decode,16,0,2800,0.0031,0,16,
1784262876.024281,1784262876.031022,decode,16,0,2800,0.0031,0,16,
1784262876.031022,1784262876.038438,decode,16,0,2800,0.0031,0,16,
1784262876.038438,1784262876.045383,decode,16,0,2800,0.0031,0,16,
1784262876.045383,1784262876.052248,decode,16,0,2800,0.0031,0,16,
1784262876.052248,1784262876.059316,decode,16,0,2800,0.0031,0,16,
1784262876.059316,1784262876.066463,decode,16,0,2800,0.0031,0,16,
1784262876.066463,1784262876.073579,decode,16,0,2800,0.0031,0,16,
1784262876.073579,1784262876.080614,decode,16,0,2800,0.0031,0,16,
1784262876.080614,1784262876.087743,decode,16,0,2800,0.0031,0,16,
1784262876.087743,1784262876.094992,decode,16,0,2800,0.0031,0,16,
1784262876.094992,1784262876.102194,decode,16,0,2896,0.0032,0,16,
1784262876.102194,1784262876.109227,decode,16,0,3056,0.0034,0,16,
1784262876.109227,1784262876.116456,decode,16,0,3056,0.0034,0,16,
1784262876.116456,1784262876.123635,decode,16,0,3056,0.0034,0,16,
1784262876.123635,1784262876.130563,decode,16,0,3056,0.0034,0,16,
1784262876.130563,1784262876.138223,decode,16,0,3056,0.0034,0,16,
1784262876.138223,1784262876.145113,decode,16,0,3056,0.0034,0,16,
1784262876.145113,1784262876.152091,decode,16,0,3056,0.0034,0,16,
1784262876.152091,1784262876.159205,decode,16,0,3056,0.0034,0,16,
1784262876.159205,1784262876.166575,decode,16,0,3056,0.0034,0,16,
1784262876.166575,1784262876.173781,decode,16,0,3056,0.0034,0,16,
1784262876.173781,1784262876.180556,decode,16,0,3056,0.0034,0,16,
1784262876.180556,1784262876.187629,decode,16,0,3056,0.0034,0,16,
1784262876.187629,1784262876.195239,decode,16,0,3056,0.0034,0,16,
1784262876.195239,1784262876.202069,decode,16,0,3056,0.0034,0,16,
1784262876.202069,1784262876.209329,decode,16,0,3056,0.0034,0,16,
1784262876.209329,1784262876.216465,decode,16,0,3152,0.0035,0,16,
1784262876.216465,1784262876.223867,decode,16,0,3312,0.0037,0,16,
1784262876.223867,1784262876.230545,decode,16,0,3312,0.0037,0,16,
1784262876.230545,1784262876.237781,decode,16,0,3312,0.0037,0,16,
1784262876.237781,1784262876.245156,decode,16,0,3312,0.0037,0,16,
1784262876.245156,1784262876.251857,decode,16,0,3312,0.0037,0,16,
1784262876.251857,1784262876.259369,decode,16,0,3312,0.0037,0,16,
1784262876.259369,1784262876.266354,decode,16,0,3312,0.0037,0,16,
1784262876.266354,1784262876.273075,decode,16,0,3312,0.0037,0,16,
1784262876.273075,1784262876.280087,decode,16,0,3312,0.0037,0,16,
1784262876.280087,1784262876.287348,decode,16,0,3312,0.0037,0,16,
1784262876.287348,1784262876.294330,decode,16,0,3312,0.0037,0,16,
1784262876.294330,1784262876.301601,decode,16,0,3312,0.0037,0,16,
1784262876.301601,1784262876.308923,decode,16,0,3312,0.0037,0,16,
1784262876.308923,1784262876.315979,decode,16,0,3312,0.0037,0,16,
1784262876.315979,1784262876.323229,decode,16,0,3312,0.0037,0,16,
1784262876.323229,1784262876.330347,decode,16,0,3408,0.0038,0,16,
1784262876.330347,1784262876.337846,decode,16,0,3568,0.0040,0,16,
1784262876.337846,1784262876.345165,decode,16,0,3568,0.0040,0,16,
1784262876.345165,1784262876.351993,decode,16,0,3568,0.0040,0,16,
1784262876.351993,1784262876.359241,decode,16,0,3568,0.0040,0,16,
1784262876.359241,1784262876.366690,decode,16,0,3568,0.0040,0,16,
1784262876.366690,1784262876.373488,decode,16,0,3568,0.0040,0,16,
1784262876.373488,1784262876.380467,decode,16,0,3568,0.0040,0,16,
1784262876.380467,1784262876.388127,decode,16,0,3568,0.0040,0,16,
1784262876.388127,1784262876.395225,decode,16,0,3568,0.0040,0,16,
1784262876.395225,1784262876.401926,decode,16,0,3568,0.0040,0,16,
1784262876.401926,1784262876.409317,decode,16,0,3568,0.0040,0,16,
1784262876.409317,1784262876.416223,decode,16,0,3568,0.0040,0,16,
1784262876.416223,1784262876.423239,decode,16,0,3568,0.0040,0,16,
1784262876.423239,1784262876.430458,decode,16,0,3568,0.0040,0,16,
1784262876.430458,1784262876.437796,decode,16,0,3568,0.0040,0,16,
1784262876.437796,1784262876.444994,decode,16,0,3664,0.0041,0,16,
1784262876.444994,1784262876.451939,decode,16,0,3824,0.0042,0,16,
1784262876.451939,1784262876.459468,decode,16,0,3824,0.0042,0,16,
1784262876.459468,1784262876.466215,decode,16,0,3824,0.0042,0,16,
1784262876.466215,1784262876.473596,decode,16,0,3824,0.0042,0,16,
1784262876.473596,1784262876.480234,decode,16,0,3824,0.0042,0,16,
1784262876.480234,1784262876.487586,decode,16,0,3824,0.0042,0,16,
1784262876.487586,1784262876.494547,decode,16,0,3824,0.0042,0,16,
1784262876.494547,1784262876.501565,decode,16,0,3824,0.0042,0,16,
1784262876.501565,1784262876.509257,decode,16,0,3824,0.0042,0,16,
1784262876.509257,1784262876.515851,decode,16,0,3824,0.0042,0,16,
1784262876.515851,1784262876.523415,decode,16,0,3824,0.0042,0,16,
1784262876.523415,1784262876.530054,decode,16,0,3824,0.0042,0,16,
1784262876.530054,1784262876.537138,decode,16,0,3824,0.0042,0,16,
1784262876.537138,1784262876.544267,decode,16,0,3824,0.0042,0,16,
1784262876.544267,1784262876.551331,decode,16,0,3824,0.0042,0,16,
1784262876.551331,1784262876.558741,decode,16,0,3920,0.0043,0,16,
1784262876.558741,1784262876.565857,decode,16,0,4080,0.0045,0,16,
1784262876.565857,1784262876.572775,decode,16,0,4080,0.0045,0,16,
1784262876.572775,1784262876.580161,decode,16,0,4080,0.0045,0,16,
1784262876.580161,1784262876.587306,decode,16,0,4080,0.0045,0,16,
1784262876.587306,1784262876.594411,decode,16,0,4080,0.0045,0,16,
1784262876.594411,1784262876.601513,decode,16,0,4080,0.0045,0,16,
1784262876.601513,1784262876.608392,decode,16,0,4080,0.0045,0,16,
1784262876.608392,1784262876.615867,decode,16,0,4080,0.0045,0,16,
1784262876.615867,1784262876.623213,decode,16,0,4080,0.0045,0,16,
1784262876.623213,1784262876.630793,decode,16,0,4080,0.0045,0,16,
1784262876.630793,1784262876.637734,decode,16,0,4080,0.0045,0,16,
1784262876.637734,1784262876.645229,decode,16,0,4080,0.0045,0,16,
1784262876.645229,1784262876.653053,decode,16,0,4080,0.0045,0,16,
1784262876.653053,1784262876.660543,decode,16,0,4080,0.0045,0,16,
1784262876.660543,1784262876.667765,decode,16,0,4080,0.0045,0,16,
1784262876.667765,1784262876.675285,decode,16,0,4176,0.0046,0,16,
1784262876.675285,1784262876.683251,decode,16,0,4336,0.0048,0,16,
1784262876.683251,1784262876.690735,decode,16,0,4336,0.0048,0,16,
1784262876.690735,1784262876.697969,decode,16,0,4336,0.0048,0,16,
1784262876.697969,1784262876.705410,decode,16,0,4336,0.0048,0,16,
1784262876.705410,1784262876.713240,decode,16,0,4336,0.0048,0,16,
1784262876.713240,1784262876.720147,decode,16,0,4336,0.0048,0,16,
1784262876.720147,1784262876.728173,decode,16,0,4336,0.0048,0,16,
1784262876.728173,1784262876.735339,decode,16,0,4336,0.0048,0,16,
1784262876.735339,1784262876.742573,decode,16,0,4336,0.0048,0,16,
1784262876.742573,1784262876.749772,decode,16,0,4336,0.0048,0,16,
1784262876.749772,1784262876.756922,decode,16,0,4336,0.0048,0,16,
1784262876.756922,1784262876.764937,decode,16,0,4336,0.0048,0,16,
1784262876.764937,1784262876.771842,decode,16,0,4336,0.0048,0,16,
1784262876.771842,1784262876.778891,decode,10,0,3472,0.0038,0,16,
1784262876.778891,1784262876.789643,decode,0,0,0,0.0000,0,10,
1784262876.789643,1784262876.802891,mixed,6,0,2128,0.0024,12288,6,
1784262876.802891,1784262876.812039,mixed,16,0,2384,0.0026,20480,16,
1784262876.812039,1784262876.818975,decode,16,0,2544,0.0028,0,16,
1784262876.818975,1784262876.826202,decode,16,0,2544,0.0028,0,16,
1784262876.826202,1784262876.833454,decode,16,0,2544,0.0028,0,16,
1784262876.833454,1784262876.840149,decode,16,0,2544,0.0028,0,16,
1784262876.840149,1784262876.847472,decode,16,0,2544,0.0028,0,16,
1784262876.847472,1784262876.854506,decode,16,0,2544,0.0028,0,16,
1784262876.854506,1784262876.861439,decode,16,0,2544,0.0028,0,16,
1784262876.861439,1784262876.868373,decode,16,0,2544,0.0028,0,16,
1784262876.868373,1784262876.875545,decode,16,0,2544,0.0028,0,16,
1784262876.875545,1784262876.882880,decode,16,0,2544,0.0028,0,16,
1784262876.882880,1784262876.889781,decode,16,0,2544,0.0028,0,16,
1784262876.889781,1784262876.897991,decode,16,0,2544,0.0028,0,16,
1784262876.897991,1784262876.905643,decode,16,0,2544,0.0028,0,16,
1784262876.905643,1784262876.912508,decode,16,0,2544,0.0028,0,16,
1784262876.912508,1784262876.919642,decode,16,0,2544,0.0028,0,16,
1784262876.919642,1784262876.927071,decode,16,0,2640,0.0029,0,16,
1784262876.927071,1784262876.934359,decode,16,0,2800,0.0031,0,16,
1784262876.934359,1784262876.941512,decode,16,0,2800,0.0031,0,16,
1784262876.941512,1784262876.948499,decode,16,0,2800,0.0031,0,16,
1784262876.948499,1784262876.956095,decode,16,0,2800,0.0031,0,16,
1784262876.956095,1784262876.962810,decode,16,0,2800,0.0031,0,16,
1784262876.962810,1784262876.969680,decode,16,0,2800,0.0031,0,16,
1784262876.969680,1784262876.976975,decode,16,0,2800,0.0031,0,16,
1784262876.976975,1784262876.984298,decode,16,0,2800,0.0031,0,16,
1784262876.984298,1784262876.990941,decode,16,0,2800,0.0031,0,16,
1784262876.990941,1784262876.997977,decode,16,0,2800,0.0031,0,16,
1784262876.997977,1784262877.005636,decode,16,0,2800,0.0031,0,16,
1784262877.005636,1784262877.012280,decode,16,0,2800,0.0031,0,16,
1784262877.012280,1784262877.019159,decode,16,0,2800,0.0031,0,16,
1784262877.019159,1784262877.026640,decode,16,0,2800,0.0031,0,16,
1784262877.026640,1784262877.033781,decode,16,0,2800,0.0031,0,16,
1784262877.033781,1784262877.040536,decode,16,0,2896,0.0032,0,16,
1784262877.040536,1784262877.047818,decode,16,0,3056,0.0034,0,16,
1784262877.047818,1784262877.055112,decode,16,0,3056,0.0034,0,16,
1784262877.055112,1784262877.062544,decode,16,0,3056,0.0034,0,16,
1784262877.062544,1784262877.069705,decode,16,0,3056,0.0034,0,16,
1784262877.069705,1784262877.076872,decode,16,0,3056,0.0034,0,16,
1784262877.076872,1784262877.083863,decode,16,0,3056,0.0034,0,16,
1784262877.083863,1784262877.090855,decode,16,0,3056,0.0034,0,16,
1784262877.090855,1784262877.097922,decode,16,0,3056,0.0034,0,16,
1784262877.097922,1784262877.104830,decode,16,0,3056,0.0034,0,16,
1784262877.104830,1784262877.112153,decode,16,0,3056,0.0034,0,16,
1784262877.112153,1784262877.119072,decode,16,0,3056,0.0034,0,16,
1784262877.119072,1784262877.126116,decode,16,0,3056,0.0034,0,16,
1784262877.126116,1784262877.133304,decode,16,0,3056,0.0034,0,16,
1784262877.133304,1784262877.140483,decode,16,0,3056,0.0034,0,16,
1784262877.140483,1784262877.147487,decode,16,0,3056,0.0034,0,16,
1784262877.147487,1784262877.154509,decode,16,0,3152,0.0035,0,16,
1784262877.154509,1784262877.161478,decode,16,0,3312,0.0037,0,16,
1784262877.161478,1784262877.168525,decode,16,0,3312,0.0037,0,16,
1784262877.168525,1784262877.175562,decode,16,0,3312,0.0037,0,16,
1784262877.175562,1784262877.182759,decode,16,0,3312,0.0037,0,16,
1784262877.182759,1784262877.189649,decode,16,0,3312,0.0037,0,16,
1784262877.189649,1784262877.196853,decode,16,0,3312,0.0037,0,16,
1784262877.196853,1784262877.203916,decode,16,0,3312,0.0037,0,16,
1784262877.203916,1784262877.211021,decode,16,0,3312,0.0037,0,16,
1784262877.211021,1784262877.217853,decode,16,0,3312,0.0037,0,16,
1784262877.217853,1784262877.225051,decode,16,0,3312,0.0037,0,16,
1784262877.225051,1784262877.232144,decode,16,0,3312,0.0037,0,16,
1784262877.232144,1784262877.239205,decode,16,0,3312,0.0037,0,16,
1784262877.239205,1784262877.246278,decode,16,0,3312,0.0037,0,16,
1784262877.246278,1784262877.253417,decode,16,0,3312,0.0037,0,16,
1784262877.253417,1784262877.260553,decode,16,0,3312,0.0037,0,16,
1784262877.260553,1784262877.267630,decode,16,0,3408,0.0038,0,16,
1784262877.267630,1784262877.274767,decode,16,0,3568,0.0040,0,16,
1784262877.274767,1784262877.281797,decode,16,0,3568,0.0040,0,16,
1784262877.281797,1784262877.288766,decode,16,0,3568,0.0040,0,16,
1784262877.288766,1784262877.295860,decode,16,0,3568,0.0040,0,16,
1784262877.295860,1784262877.302920,decode,16,0,3568,0.0040,0,16,
1784262877.302920,1784262877.310024,decode,16,0,3568,0.0040,0,16,
1784262877.310024,1784262877.316954,decode,16,0,3568,0.0040,0,16,
1784262877.316954,1784262877.324052,decode,16,0,3568,0.0040,0,16,
1784262877.324052,1784262877.331106,decode,16,0,3568,0.0040,0,16,
1784262877.331106,1784262877.338123,decode,16,0,3568,0.0040,0,16,
1784262877.338123,1784262877.345138,decode,16,0,3568,0.0040,0,16,
1784262877.345138,1784262877.352339,decode,16,0,3568,0.0040,0,16,
1784262877.352339,1784262877.359346,decode,16,0,3568,0.0040,0,16,
1784262877.359346,1784262877.366464,decode,16,0,3568,0.0040,0,16,
1784262877.366464,1784262877.373712,decode,16,0,3568,0.0040,0,16,
1784262877.373712,1784262877.380568,decode,16,0,3664,0.0041,0,16,
1784262877.380568,1784262877.387739,decode,16,0,3824,0.0042,0,16,
1784262877.387739,1784262877.395383,decode,16,0,3824,0.0042,0,16,
1784262877.395383,1784262877.402526,decode,16,0,3824,0.0042,0,16,
1784262877.402526,1784262877.409649,decode,16,0,3824,0.0042,0,16,
1784262877.409649,1784262877.416645,decode,16,0,3824,0.0042,0,16,
1784262877.416645,1784262877.423942,decode,16,0,3824,0.0042,0,16,
1784262877.423942,1784262877.430794,decode,16,0,3824,0.0042,0,16,
1784262877.430794,1784262877.438098,decode,16,0,3824,0.0042,0,16,
1784262877.438098,1784262877.444974,decode,16,0,3824,0.0042,0,16,
1784262877.444974,1784262877.452012,decode,16,0,3824,0.0042,0,16,
1784262877.452012,1784262877.459268,decode,16,0,3824,0.0042,0,16,
1784262877.459268,1784262877.466243,decode,16,0,3824,0.0042,0,16,
1784262877.466243,1784262877.473372,decode,16,0,3824,0.0042,0,16,
1784262877.473372,1784262877.480337,decode,16,0,3824,0.0042,0,16,
1784262877.480337,1784262877.487592,decode,16,0,3824,0.0042,0,16,
1784262877.487592,1784262877.494689,decode,16,0,3920,0.0043,0,16,
1784262877.494689,1784262877.501879,decode,16,0,4080,0.0045,0,16,
1784262877.501879,1784262877.509344,decode,16,0,4080,0.0045,0,16,
1784262877.509344,1784262877.516453,decode,16,0,4080,0.0045,0,16,
1784262877.516453,1784262877.523124,decode,16,0,4080,0.0045,0,16,
1784262877.523124,1784262877.530536,decode,16,0,4080,0.0045,0,16,
1784262877.530536,1784262877.537675,decode,16,0,4080,0.0045,0,16,
1784262877.537675,1784262877.544347,decode,16,0,4080,0.0045,0,16,
1784262877.544347,1784262877.551812,decode,16,0,4080,0.0045,0,16,
1784262877.551812,1784262877.558797,decode,16,0,4080,0.0045,0,16,
1784262877.558797,1784262877.565510,decode,16,0,4080,0.0045,0,16,
1784262877.565510,1784262877.572866,decode,16,0,4080,0.0045,0,16,
1784262877.572866,1784262877.579998,decode,16,0,4080,0.0045,0,16,
1784262877.579998,1784262877.586867,decode,16,0,4080,0.0045,0,16,
1784262877.586867,1784262877.594143,decode,16,0,4080,0.0045,0,16,
1784262877.594143,1784262877.601224,decode,16,0,4080,0.0045,0,16,
1784262877.601224,1784262877.608402,decode,16,0,4176,0.0046,0,16,
1784262877.608402,1784262877.615331,decode,16,0,4336,0.0048,0,16,
1784262877.615331,1784262877.622484,decode,16,0,4336,0.0048,0,16,
1784262877.622484,1784262877.629562,decode,16,0,4336,0.0048,0,16,
1784262877.629562,1784262877.636907,decode,16,0,4336,0.0048,0,16,
1784262877.636907,1784262877.643855,decode,16,0,4336,0.0048,0,16,
1784262877.643855,1784262877.650962,decode,16,0,4336,0.0048,0,16,
1784262877.650962,1784262877.658081,decode,16,0,4336,0.0048,0,16,
1784262877.658081,1784262877.665311,decode,16,0,4336,0.0048,0,16,
1784262877.665311,1784262877.672260,decode,16,0,4336,0.0048,0,16,
1784262877.672260,1784262877.679891,decode,16,0,4336,0.0048,0,16,
1784262877.679891,1784262877.686987,decode,16,0,4336,0.0048,0,16,
1784262877.686987,1784262877.693906,decode,16,0,4336,0.0048,0,16,
1784262877.693906,1784262877.700593,decode,16,0,4336,0.0048,0,16,
1784262877.700593,1784262877.708015,decode,10,0,3472,0.0038,0,16,
1784262877.708015,1784262877.718087,decode,0,0,0,0.0000,0,10,
1784262877.718087,1784262877.729892,mixed,6,0,2128,0.0024,12288,6,
1784262877.729892,1784262877.738954,mixed,16,0,2384,0.0026,20480,16,
1784262877.738954,1784262877.746207,decode,16,0,2544,0.0028,0,16,
1784262877.746207,1784262877.753485,decode,16,0,2544,0.0028,0,16,
1784262877.753485,1784262877.760102,decode,16,0,2544,0.0028,0,16,
1784262877.760102,1784262877.767105,decode,16,0,2544,0.0028,0,16,
1784262877.767105,1784262877.774170,decode,16,0,2544,0.0028,0,16,
1784262877.774170,1784262877.781226,decode,16,0,2544,0.0028,0,16,
1784262877.781226,1784262877.788660,decode,16,0,2544,0.0028,0,16,
1784262877.788660,1784262877.795748,decode,16,0,2544,0.0028,0,16,
1784262877.795748,1784262877.802393,decode,16,0,2544,0.0028,0,16,
1784262877.802393,1784262877.809622,decode,16,0,2544,0.0028,0,16,
1784262877.809622,1784262877.816814,decode,16,0,2544,0.0028,0,16,
1784262877.816814,1784262877.823637,decode,16,0,2544,0.0028,0,16,
1784262877.823637,1784262877.830736,decode,16,0,2544,0.0028,0,16,
1784262877.830736,1784262877.837839,decode,16,0,2544,0.0028,0,16,
1784262877.837839,1784262877.845021,decode,16,0,2544,0.0028,0,16,
1784262877.845021,1784262877.852110,decode,16,0,2640,0.0029,0,16,
1784262877.852110,1784262877.859214,decode,16,0,2800,0.0031,0,16,
1784262877.859214,1784262877.866302,decode,16,0,2800,0.0031,0,16,
1784262877.866302,1784262877.873292,decode,16,0,2800,0.0031,0,16,
1784262877.873292,1784262877.880360,decode,16,0,2800,0.0031,0,16,
1784262877.880360,1784262877.887412,decode,16,0,2800,0.0031,0,16,
1784262877.887412,1784262877.894509,decode,16,0,2800,0.0031,0,16,
1784262877.894509,1784262877.901536,decode,16,0,2800,0.0031,0,16,
1784262877.901536,1784262877.908624,decode,16,0,2800,0.0031,0,16,
1784262877.908624,1784262877.915698,decode,16,0,2800,0.0031,0,16,
1784262877.915698,1784262877.922789,decode,16,0,2800,0.0031,0,16,
1784262877.922789,1784262877.929926,decode,16,0,2800,0.0031,0,16,
1784262877.929926,1784262877.936945,decode,16,0,2800,0.0031,0,16,
1784262877.936945,1784262877.944006,decode,16,0,2800,0.0031,0,16,
1784262877.944006,1784262877.951086,decode,16,0,2800,0.0031,0,16,
1784262877.951086,1784262877.958241,decode,16,0,2800,0.0031,0,16,
1784262877.958241,1784262877.965339,decode,16,0,2896,0.0032,0,16,
1784262877.965339,1784262877.972471,decode,16,0,3056,0.0034,0,16,
1784262877.972471,1784262877.979522,decode,16,0,3056,0.0034,0,16,
1784262877.979522,1784262877.986961,decode,16,0,3056,0.0034,0,16,
1784262877.986961,1784262877.994122,decode,16,0,3056,0.0034,0,16,
1784262877.994122,1784262878.001217,decode,16,0,3056,0.0034,0,16,
1784262878.001217,1784262878.008381,decode,16,0,3056,0.0034,0,16,
1784262878.008381,1784262878.015329,decode,16,0,3056,0.0034,0,16,
1784262878.015329,1784262878.022534,decode,16,0,3056,0.0034,0,16,
1784262878.022534,1784262878.029546,decode,16,0,3056,0.0034,0,16,
1784262878.029546,1784262878.036534,decode,16,0,3056,0.0034,0,16,
1784262878.036534,1784262878.043653,decode,16,0,3056,0.0034,0,16,
1784262878.043653,1784262878.050664,decode,16,0,3056,0.0034,0,16,
1784262878.050664,1784262878.057752,decode,16,0,3056,0.0034,0,16,
1784262878.057752,1784262878.064831,decode,16,0,3056,0.0034,0,16,
1784262878.064831,1784262878.071985,decode,16,0,3056,0.0034,0,16,
1784262878.071985,1784262878.079142,decode,16,0,3152,0.0035,0,16,
1784262878.079142,1784262878.086164,decode,16,0,3312,0.0037,0,16,
1784262878.086164,1784262878.093229,decode,16,0,3312,0.0037,0,16,
1784262878.093229,1784262878.100325,decode,16,0,3312,0.0037,0,16,
1784262878.100325,1784262878.107967,decode,16,0,3312,0.0037,0,16,
1784262878.107967,1784262878.114917,decode,16,0,3312,0.0037,0,16,
1784262878.114917,1784262878.122048,decode,16,0,3312,0.0037,0,16,
1784262878.122048,1784262878.129258,decode,16,0,3312,0.0037,0,16,
1784262878.129258,1784262878.136524,decode,16,0,3312,0.0037,0,16,
1784262878.136524,1784262878.143386,decode,16,0,3312,0.0037,0,16,
1784262878.143386,1784262878.150229,decode,16,0,3312,0.0037,0,16,
1784262878.150229,1784262878.157385,decode,16,0,3312,0.0037,0,16,
1784262878.157385,1784262878.164704,decode,16,0,3312,0.0037,0,16,
1784262878.164704,1784262878.171427,decode,16,0,3312,0.0037,0,16,
1784262878.171427,1784262878.178500,decode,16,0,3312,0.0037,0,16,
1784262878.178500,1784262878.185829,decode,16,0,3312,0.0037,0,16,
1784262878.185829,1784262878.192935,decode,16,0,3408,0.0038,0,16,
1784262878.192935,1784262878.199957,decode,16,0,3568,0.0040,0,16,
1784262878.199957,1784262878.207204,decode,16,0,3568,0.0040,0,16,
1784262878.207204,1784262878.214370,decode,16,0,3568,0.0040,0,16,
1784262878.214370,1784262878.221139,decode,16,0,3568,0.0040,0,16,
1784262878.221139,1784262878.228409,decode,16,0,3568,0.0040,0,16,
1784262878.228409,1784262878.235441,decode,16,0,3568,0.0040,0,16,
1784262878.235441,1784262878.242266,decode,16,0,3568,0.0040,0,16,
1784262878.242266,1784262878.249659,decode,16,0,3568,0.0040,0,16,
1784262878.249659,1784262878.256638,decode,16,0,3568,0.0040,0,16,
1784262878.256638,1784262878.263827,decode,16,0,3568,0.0040,0,16,
1784262878.263827,1784262878.270746,decode,16,0,3568,0.0040,0,16,
1784262878.270746,1784262878.277909,decode,16,0,3568,0.0040,0,16,
1784262878.277909,1784262878.285005,decode,16,0,3568,0.0040,0,16,
1784262878.285005,1784262878.291977,decode,16,0,3568,0.0040,0,16,
1784262878.291977,1784262878.299487,decode,16,0,3568,0.0040,0,16,
1784262878.299487,1784262878.306388,decode,16,0,3664,0.0041,0,16,
1784262878.306388,1784262878.313666,decode,16,0,3824,0.0042,0,16,
1784262878.313666,1784262878.320413,decode,16,0,3824,0.0042,0,16,
1784262878.320413,1784262878.327756,decode,16,0,3824,0.0042,0,16,
1784262878.327756,1784262878.334487,decode,16,0,3824,0.0042,0,16,
1784262878.334487,1784262878.341602,decode,16,0,3824,0.0042,0,16,
1784262878.341602,1784262878.348879,decode,16,0,3824,0.0042,0,16,
1784262878.348879,1784262878.355868,decode,16,0,3824,0.0042,0,16,
1784262878.355868,1784262878.362992,decode,16,0,3824,0.0042,0,16,
1784262878.362992,1784262878.370086,decode,16,0,3824,0.0042,0,16,
1784262878.370086,1784262878.377146,decode,16,0,3824,0.0042,0,16,
1784262878.377146,1784262878.384282,decode,16,0,3824,0.0042,0,16,
1784262878.384282,1784262878.391337,decode,16,0,3824,0.0042,0,16,
1784262878.391337,1784262878.398434,decode,16,0,3824,0.0042,0,16,
1784262878.398434,1784262878.405461,decode,16,0,3824,0.0042,0,16,
1784262878.405461,1784262878.412566,decode,16,0,3824,0.0042,0,16,
1784262878.412566,1784262878.419750,decode,16,0,3920,0.0043,0,16,
1784262878.419750,1784262878.426808,decode,16,0,4080,0.0045,0,16,
1784262878.426808,1784262878.433923,decode,16,0,4080,0.0045,0,16,
1784262878.433923,1784262878.440992,decode,16,0,4080,0.0045,0,16,
1784262878.440992,1784262878.447883,decode,16,0,4080,0.0045,0,16,
1784262878.447883,1784262878.455213,decode,16,0,4080,0.0045,0,16,
1784262878.455213,1784262878.462177,decode,16,0,4080,0.0045,0,16,
1784262878.462177,1784262878.469429,decode,16,0,4080,0.0045,0,16,
1784262878.469429,1784262878.476354,decode,16,0,4080,0.0045,0,16,
1784262878.476354,1784262878.483705,decode,16,0,4080,0.0045,0,16,
1784262878.483705,1784262878.490630,decode,16,0,4080,0.0045,0,16,
1784262878.490630,1784262878.497674,decode,16,0,4080,0.0045,0,16,
1784262878.497674,1784262878.504998,decode,16,0,4080,0.0045,0,16,
1784262878.504998,1784262878.511963,decode,16,0,4080,0.0045,0,16,
1784262878.511963,1784262878.518971,decode,16,0,4080,0.0045,0,16,
1784262878.518971,1784262878.526126,decode,16,0,4080,0.0045,0,16,
1784262878.526126,1784262878.533540,decode,16,0,4176,0.0046,0,16,
1784262878.533540,1784262878.540755,decode,16,0,4336,0.0048,0,16,
1784262878.540755,1784262878.547816,decode,16,0,4336,0.0048,0,16,
1784262878.547816,1784262878.554874,decode,16,0,4336,0.0048,0,16,
1784262878.554874,1784262878.561874,decode,16,0,4336,0.0048,0,16,
1784262878.561874,1784262878.569148,decode,16,0,4336,0.0048,0,16,
1784262878.569148,1784262878.576289,decode,16,0,4336,0.0048,0,16,
1784262878.576289,1784262878.583401,decode,16,0,4336,0.0048,0,16,
1784262878.583401,1784262878.590546,decode,16,0,4336,0.0048,0,16,
1784262878.590546,1784262878.597525,decode,16,0,4336,0.0048,0,16,
1784262878.597525,1784262878.604630,decode,16,0,4336,0.0048,0,16,
1784262878.604630,1784262878.611648,decode,16,0,4336,0.0048,0,16,
1784262878.611648,1784262878.618922,decode,16,0,4336,0.0048,0,16,
1784262878.618922,1784262878.625767,decode,16,0,4336,0.0048,0,16,
1784262878.625767,1784262878.633092,decode,10,0,3472,0.0038,0,16,
1784262878.633092,1784262878.643439,decode,0,0,0,0.0000,0,10,
1784262878.643439,1784262878.655638,mixed,6,0,2128,0.0024,12288,6,
1784262878.655638,1784262878.664890,mixed,16,0,2384,0.0026,20480,16,
1784262878.664890,1784262878.672263,decode,16,0,2544,0.0028,0,16,
1784262878.672263,1784262878.678989,decode,16,0,2544,0.0028,0,16,
1784262878.678989,1784262878.685900,decode,16,0,2544,0.0028,0,16,
1784262878.685900,1784262878.692940,decode,16,0,2544,0.0028,0,16,
1784262878.692940,1784262878.700052,decode,16,0,2544,0.0028,0,16,
1784262878.700052,1784262878.706933,decode,16,0,2544,0.0028,0,16,
1784262878.706933,1784262878.713993,decode,16,0,2544,0.0028,0,16,
1784262878.713993,1784262878.721529,decode,16,0,2544,0.0028,0,16,
1784262878.721529,1784262878.728203,decode,16,0,2544,0.0028,0,16,
1784262878.728203,1784262878.735298,decode,16,0,2544,0.0028,0,16,
1784262878.735298,1784262878.742150,decode,16,0,2544,0.0028,0,16,
1784262878.742150,1784262878.749319,decode,16,0,2544,0.0028,0,16,
1784262878.749319,1784262878.756302,decode,16,0,2544,0.0028,0,16,
1784262878.756302,1784262878.763349,decode,16,0,2544,0.0028,0,16,
1784262878.763349,1784262878.770565,decode,16,0,2544,0.0028,0,16,
1784262878.770565,1784262878.777591,decode,16,0,2640,0.0029,0,16,
1784262878.777591,1784262878.785098,decode,16,0,2800,0.0031,0,16,
1784262878.785098,1784262878.791751,decode,16,0,2800,0.0031,0,16,
1784262878.791751,1784262878.798785,decode,16,0,2800,0.0031,0,16,
1784262878.798785,1784262878.806151,decode,16,0,2800,0.0031,0,16,
1784262878.806151,1784262878.812815,decode,16,0,2800,0.0031,0,16,
1784262878.812815,1784262878.819922,decode,16,0,2800,0.0031,0,16,
1784262878.819922,1784262878.827275,decode,16,0,2800,0.0031,0,16,
1784262878.827275,1784262878.834271,decode,16,0,2800,0.0031,0,16,
1784262878.834271,1784262878.841075,decode,16,0,2800,0.0031,0,16,
1784262878.841075,1784262878.848391,decode,16,0,2800,0.0031,0,16,
1784262878.848391,1784262878.855176,decode,16,0,2800,0.0031,0,16,
1784262878.855176,1784262878.862356,decode,16,0,2800,0.0031,0,16,
1784262878.862356,1784262878.869551,decode,16,0,2800,0.0031,0,16,
1784262878.869551,1784262878.876895,decode,16,0,2800,0.0031,0,16,
1784262878.876895,1784262878.883797,decode,16,0,2800,0.0031,0,16,
1784262878.883797,1784262878.890760,decode,16,0,2896,0.0032,0,16,
1784262878.890760,1784262878.898327,decode,16,0,3056,0.0034,0,16,
1784262878.898327,1784262878.905321,decode,16,0,3056,0.0034,0,16,
1784262878.905321,1784262878.911910,decode,16,0,3056,0.0034,0,16,
1784262878.911910,1784262878.919307,decode,16,0,3056,0.0034,0,16,
1784262878.919307,1784262878.926152,decode,16,0,3056,0.0034,0,16,
1784262878.926152,1784262878.933069,decode,16,0,3056,0.0034,0,16,
1784262878.933069,1784262878.940139,decode,16,0,3056,0.0034,0,16,
1784262878.940139,1784262878.947341,decode,16,0,3056,0.0034,0,16,
1784262878.947341,1784262878.954733,decode,16,0,3056,0.0034,0,16,
1784262878.954733,1784262878.961931,decode,16,0,3056,0.0034,0,16,
1784262878.961931,1784262878.969162,decode,16,0,3056,0.0034,0,16,
1784262878.969162,1784262878.976204,decode,16,0,3056,0.0034,0,16,
1784262878.976204,1784262878.983466,decode,16,0,3056,0.0034,0,16,
1784262878.983466,1784262878.990222,decode,16,0,3056,0.0034,0,16,
1784262878.990222,1784262878.997628,decode,16,0,3056,0.0034,0,16,
1784262878.997628,1784262879.004471,decode,16,0,3152,0.0035,0,16,
1784262879.004471,1784262879.011401,decode,16,0,3312,0.0037,0,16,
1784262879.011401,1784262879.018697,decode,16,0,3312,0.0037,0,16,
1784262879.018697,1784262879.025501,decode,16,0,3312,0.0037,0,16,
1784262879.025501,1784262879.032680,decode,16,0,3312,0.0037,0,16,
1784262879.032680,1784262879.039809,decode,16,0,3312,0.0037,0,16,
1784262879.039809,1784262879.046828,decode,16,0,3312,0.0037,0,16,
1784262879.046828,1784262879.053676,decode,16,0,3312,0.0037,0,16,
1784262879.053676,1784262879.060704,decode,16,0,3312,0.0037,0,16,
1784262879.060704,1784262879.067742,decode,16,0,3312,0.0037,0,16,
1784262879.067742,1784262879.074896,decode,16,0,3312,0.0037,0,16,
1784262879.074896,1784262879.081892,decode,16,0,3312,0.0037,0,16,
1784262879.081892,1784262879.088973,decode,16,0,3312,0.0037,0,16,
1784262879.088973,1784262879.096253,decode,16,0,3312,0.0037,0,16,
1784262879.096253,1784262879.103548,decode,16,0,3312,0.0037,0,16,
1784262879.103548,1784262879.110412,decode,16,0,3312,0.0037,0,16,
1784262879.110412,1784262879.117477,decode,16,0,3408,0.0038,0,16,
1784262879.117477,1784262879.124510,decode,16,0,3568,0.0040,0,16,
1784262879.124510,1784262879.131576,decode,16,0,3568,0.0040,0,16,
1784262879.131576,1784262879.138666,decode,16,0,3568,0.0040,0,16,
1784262879.138666,1784262879.145742,decode,16,0,3568,0.0040,0,16,
1784262879.145742,1784262879.152880,decode,16,0,3568,0.0040,0,16,
1784262879.152880,1784262879.160127,decode,16,0,3568,0.0040,0,16,
1784262879.160127,1784262879.167128,decode,16,0,3568,0.0040,0,16,
1784262879.167128,1784262879.174148,decode,16,0,3568,0.0040,0,16,
1784262879.174148,1784262879.181215,decode,16,0,3568,0.0040,0,16,
1784262879.181215,1784262879.187987,decode,16,0,3568,0.0040,0,16,
1784262879.187987,1784262879.195258,decode,16,0,3568,0.0040,0,16,
1784262879.195258,1784262879.202094,decode,16,0,3568,0.0040,0,16,
1784262879.202094,1784262879.209324,decode,16,0,3568,0.0040,0,16,
1784262879.209324,1784262879.216396,decode,16,0,3568,0.0040,0,16,
1784262879.216396,1784262879.223454,decode,16,0,3568,0.0040,0,16,
1784262879.223454,1784262879.230539,decode,16,0,3664,0.0041,0,16,
1784262879.230539,1784262879.237741,decode,16,0,3824,0.0042,0,16,
1784262879.237741,1784262879.244799,decode,16,0,3824,0.0042,0,16,
1784262879.244799,1784262879.251763,decode,16,0,3824,0.0042,0,16,
1784262879.251763,1784262879.258975,decode,16,0,3824,0.0042,0,16,
1784262879.258975,1784262879.265980,decode,16,0,3824,0.0042,0,16,
1784262879.265980,1784262879.272953,decode,16,0,3824,0.0042,0,16,
1784262879.272953,1784262879.280162,decode,16,0,3824,0.0042,0,16,
1784262879.280162,1784262879.287132,decode,16,0,3824,0.0042,0,16,
1784262879.287132,1784262879.294292,decode,16,0,3824,0.0042,0,16,
1784262879.294292,1784262879.301306,decode,16,0,3824,0.0042,0,16,
1784262879.301306,1784262879.308355,decode,16,0,3824,0.0042,0,16,
1784262879.308355,1784262879.315381,decode,16,0,3824,0.0042,0,16,
1784262879.315381,1784262879.322485,decode,16,0,3824,0.0042,0,16,
1784262879.322485,1784262879.329588,decode,16,0,3824,0.0042,0,16,
1784262879.329588,1784262879.336815,decode,16,0,3824,0.0042,0,16,
1784262879.336815,1784262879.343922,decode,16,0,3920,0.0043,0,16,
1784262879.343922,1784262879.351090,decode,16,0,4080,0.0045,0,16,
1784262879.351090,1784262879.358109,decode,16,0,4080,0.0045,0,16,
1784262879.358109,1784262879.365149,decode,16,0,4080,0.0045,0,16,
1784262879.365149,1784262879.372094,decode,16,0,4080,0.0045,0,16,
1784262879.372094,1784262879.379301,decode,16,0,4080,0.0045,0,16,
1784262879.379301,1784262879.386326,decode,16,0,4080,0.0045,0,16,
1784262879.386326,1784262879.393593,decode,16,0,4080,0.0045,0,16,
1784262879.393593,1784262879.400536,decode,16,0,4080,0.0045,0,16,
1784262879.400536,1784262879.407596,decode,16,0,4080,0.0045,0,16,
1784262879.407596,1784262879.414475,decode,16,0,4080,0.0045,0,16,
1784262879.414475,1784262879.421712,decode,16,0,4080,0.0045,0,16,
1784262879.421712,1784262879.428844,decode,16,0,4080,0.0045,0,16,
1784262879.428844,1784262879.435874,decode,16,0,4080,0.0045,0,16,
1784262879.435874,1784262879.443184,decode,16,0,4080,0.0045,0,16,
1784262879.443184,1784262879.450274,decode,16,0,4080,0.0045,0,16,
1784262879.450274,1784262879.457403,decode,16,0,4176,0.0046,0,16,
1784262879.457403,1784262879.464797,decode,16,0,4336,0.0048,0,16,
1784262879.464797,1784262879.471605,decode,16,0,4336,0.0048,0,16,
1784262879.471605,1784262879.478499,decode,16,0,4336,0.0048,0,16,
1784262879.478499,1784262879.485540,decode,16,0,4336,0.0048,0,16,
1784262879.485540,1784262879.492599,decode,16,0,4336,0.0048,0,16,
1784262879.492599,1784262879.499643,decode,16,0,4336,0.0048,0,16,
1784262879.499643,1784262879.506824,decode,16,0,4336,0.0048,0,16,
1784262879.506824,1784262879.513921,decode,16,0,4336,0.0048,0,16,
1784262879.513921,1784262879.520967,decode,16,0,4336,0.0048,0,16,
1784262879.520967,1784262879.528087,decode,16,0,4336,0.0048,0,16,
1784262879.528087,1784262879.535018,decode,16,0,4336,0.0048,0,16,
1784262879.535018,1784262879.542460,decode,16,0,4336,0.0048,0,16,
1784262879.542460,1784262879.549616,decode,16,0,4336,0.0048,0,16,
1784262879.549616,1784262879.556776,decode,10,0,3472,0.0038,0,16,
1784262879.556776,1784262879.566529,decode,0,0,0,0.0000,0,10,
1784262879.566529,1784262879.577817,mixed,6,0,2128,0.0024,12288,6,
1784262879.577817,1784262879.587019,mixed,16,0,2384,0.0026,20480,16,
1784262879.587019,1784262879.594100,decode,16,0,2544,0.0028,0,16,
1784262879.594100,1784262879.600980,decode,16,0,2544,0.0028,0,16,
1784262879.600980,1784262879.608282,decode,16,0,2544,0.0028,0,16,
1784262879.608282,1784262879.615317,decode,16,0,2544,0.0028,0,16,
1784262879.615317,1784262879.622276,decode,16,0,2544,0.0028,0,16,
1784262879.622276,1784262879.629381,decode,16,0,2544,0.0028,0,16,
1784262879.629381,1784262879.636229,decode,16,0,2544,0.0028,0,16,
1784262879.636229,1784262879.643404,decode,16,0,2544,0.0028,0,16,
1784262879.643404,1784262879.650613,decode,16,0,2544,0.0028,0,16,
1784262879.650613,1784262879.657755,decode,16,0,2544,0.0028,0,16,
1784262879.657755,1784262879.664730,decode,16,0,2544,0.0028,0,16,
1784262879.664730,1784262879.671796,decode,16,0,2544,0.0028,0,16,
1784262879.671796,1784262879.678887,decode,16,0,2544,0.0028,0,16,
1784262879.678887,1784262879.686141,decode,16,0,2544,0.0028,0,16,
1784262879.686141,1784262879.693317,decode,16,0,2544,0.0028,0,16,
1784262879.693317,1784262879.700515,decode,16,0,2640,0.0029,0,16,
1784262879.700515,1784262879.707324,decode,16,0,2800,0.0031,0,16,
1784262879.707324,1784262879.714508,decode,16,0,2800,0.0031,0,16,
1784262879.714508,1784262879.721404,decode,16,0,2800,0.0031,0,16,
1784262879.721404,1784262879.728465,decode,16,0,2800,0.0031,0,16,
1784262879.728465,1784262879.735582,decode,16,0,2800,0.0031,0,16,
1784262879.735582,1784262879.742446,decode,16,0,2800,0.0031,0,16,
1784262879.742446,1784262879.749667,decode,16,0,2800,0.0031,0,16,
1784262879.749667,1784262879.756615,decode,16,0,2800,0.0031,0,16,
1784262879.756615,1784262879.763781,decode,16,0,2800,0.0031,0,16,
1784262879.763781,1784262879.770852,decode,16,0,2800,0.0031,0,16,
1784262879.770852,1784262879.777862,decode,16,0,2800,0.0031,0,16,
1784262879.777862,1784262879.785012,decode,16,0,2800,0.0031,0,16,
1784262879.785012,1784262879.791913,decode,16,0,2800,0.0031,0,16,
1784262879.791913,1784262879.799171,decode,16,0,2800,0.0031,0,16,
1784262879.799171,1784262879.806331,decode,16,0,2800,0.0031,0,16,
1784262879.806331,1784262879.813311,decode,16,0,2896,0.0032,0,16,
1784262879.813311,1784262879.820391,decode,16,0,3056,0.0034,0,16,
1784262879.820391,1784262879.827641,decode,16,0,3056,0.0034,0,16,
1784262879.827641,1784262879.834558,decode,16,0,3056,0.0034,0,16,
1784262879.834558,1784262879.841636,decode,16,0,3056,0.0034,0,16,
1784262879.841636,1784262879.848740,decode,16,0,3056,0.0034,0,16,
1784262879.848740,1784262879.855814,decode,16,0,3056,0.0034,0,16,
1784262879.855814,1784262879.862781,decode,16,0,3056,0.0034,0,16,
1784262879.862781,1784262879.869883,decode,16,0,3056,0.0034,0,16,
1784262879.869883,1784262879.877074,decode,16,0,3056,0.0034,0,16,
1784262879.877074,1784262879.883880,decode,16,0,3056,0.0034,0,16,
1784262879.883880,1784262879.891026,decode,16,0,3056,0.0034,0,16,
1784262879.891026,1784262879.898266,decode,16,0,3056,0.0034,0,16,
1784262879.898266,1784262879.905237,decode,16,0,3056,0.0034,0,16,
1784262879.905237,1784262879.912187,decode,16,0,3056,0.0034,0,16,
1784262879.912187,1784262879.919672,decode,16,0,3056,0.0034,0,16,
1784262879.919672,1784262879.926840,decode,16,0,3152,0.0035,0,16,
1784262879.926840,1784262879.933773,decode,16,0,3312,0.0037,0,16,
1784262879.933773,1784262879.940938,decode,16,0,3312,0.0037,0,16,
1784262879.940938,1784262879.948083,decode,16,0,3312,0.0037,0,16,
1784262879.948083,1784262879.955263,decode,16,0,3312,0.0037,0,16,
1784262879.955263,1784262879.962284,decode,16,0,3312,0.0037,0,16,
1784262879.962284,1784262879.969543,decode,16,0,3312,0.0037,0,16,
1784262879.969543,1784262879.976395,decode,16,0,3312,0.0037,0,16,
1784262879.976395,1784262879.983603,decode,16,0,3312,0.0037,0,16,
1784262879.983603,1784262879.990718,decode,16,0,3312,0.0037,0,16,
1784262879.990718,1784262879.997723,decode,16,0,3312,0.0037,0,16,
1784262879.997723,1784262880.004807,decode,16,0,3312,0.0037,0,16,
1784262880.004807,1784262880.011905,decode,16,0,3312,0.0037,0,16,
1784262880.011905,1784262880.018888,decode,16,0,3312,0.0037,0,16,
1784262880.018888,1784262880.026227,decode,16,0,3312,0.0037,0,16,
1784262880.026227,1784262880.033310,decode,16,0,3312,0.0037,0,16,
1784262880.033310,1784262880.040566,decode,16,0,3408,0.0038,0,16,
1784262880.040566,1784262880.047668,decode,16,0,3568,0.0040,0,16,
1784262880.047668,1784262880.054698,decode,16,0,3568,0.0040,0,16,
1784262880.054698,1784262880.061694,decode,16,0,3568,0.0040,0,16,
1784262880.061694,1784262880.068931,decode,16,0,3568,0.0040,0,16,
1784262880.068931,1784262880.076059,decode,16,0,3568,0.0040,0,16,
1784262880.076059,1784262880.083259,decode,16,0,3568,0.0040,0,16,
1784262880.083259,1784262880.090250,decode,16,0,3568,0.0040,0,16,
1784262880.090250,1784262880.097378,decode,16,0,3568,0.0040,0,16,
1784262880.097378,1784262880.104558,decode,16,0,3568,0.0040,0,16,
1784262880.104558,1784262880.111695,decode,16,0,3568,0.0040,0,16,
1784262880.111695,1784262880.118886,decode,16,0,3568,0.0040,0,16,
1784262880.118886,1784262880.125973,decode,16,0,3568,0.0040,0,16,
1784262880.125973,1784262880.133215,decode,16,0,3568,0.0040,0,16,
1784262880.133215,1784262880.140286,decode,16,0,3568,0.0040,0,16,
1784262880.140286,1784262880.147355,decode,16,0,3568,0.0040,0,16,
1784262880.147355,1784262880.154505,decode,16,0,3664,0.0041,0,16,
1784262880.154505,1784262880.161561,decode,16,0,3824,0.0042,0,16,
1784262880.161561,1784262880.168548,decode,16,0,3824,0.0042,0,16,
1784262880.168548,1784262880.175678,decode,16,0,3824,0.0042,0,16,
1784262880.175678,1784262880.182841,decode,16,0,3824,0.0042,0,16,
1784262880.182841,1784262880.189991,decode,16,0,3824,0.0042,0,16,
1784262880.189991,1784262880.197136,decode,16,0,3824,0.0042,0,16,
1784262880.197136,1784262880.204160,decode,16,0,3824,0.0042,0,16,
1784262880.204160,1784262880.211272,decode,16,0,3824,0.0042,0,16,
1784262880.211272,1784262880.218279,decode,16,0,3824,0.0042,0,16,
1784262880.218279,1784262880.225430,decode,16,0,3824,0.0042,0,16,
1784262880.225430,1784262880.232465,decode,16,0,3824,0.0042,0,16,
1784262880.232465,1784262880.239572,decode,16,0,3824,0.0042,0,16,
1784262880.239572,1784262880.246727,decode,16,0,3824,0.0042,0,16,
1784262880.246727,1784262880.253841,decode,16,0,3824,0.0042,0,16,
1784262880.253841,1784262880.261103,decode,16,0,3824,0.0042,0,16,
1784262880.261103,1784262880.268252,decode,16,0,3920,0.0043,0,16,
1784262880.268252,1784262880.275091,decode,16,0,4080,0.0045,0,16,
1784262880.275091,1784262880.282339,decode,16,0,4080,0.0045,0,16,
1784262880.282339,1784262880.289411,decode,16,0,4080,0.0045,0,16,
1784262880.289411,1784262880.296541,decode,16,0,4080,0.0045,0,16,
1784262880.296541,1784262880.303568,decode,16,0,4080,0.0045,0,16,
1784262880.303568,1784262880.310621,decode,16,0,4080,0.0045,0,16,
1784262880.310621,1784262880.317786,decode,16,0,4080,0.0045,0,16,
1784262880.317786,1784262880.324793,decode,16,0,4080,0.0045,0,16,
1784262880.324793,1784262880.331923,decode,16,0,4080,0.0045,0,16,
1784262880.331923,1784262880.339112,decode,16,0,4080,0.0045,0,16,
1784262880.339112,1784262880.346238,decode,16,0,4080,0.0045,0,16,
1784262880.346238,1784262880.353354,decode,16,0,4080,0.0045,0,16,
1784262880.353354,1784262880.360284,decode,16,0,4080,0.0045,0,16,
1784262880.360284,1784262880.367481,decode,16,0,4080,0.0045,0,16,
1784262880.367481,1784262880.374702,decode,16,0,4080,0.0045,0,16,
1784262880.374702,1784262880.381617,decode,16,0,4176,0.0046,0,16,
1784262880.381617,1784262880.388999,decode,16,0,4336,0.0048,0,16,
1784262880.388999,1784262880.395859,decode,16,0,4336,0.0048,0,16,
1784262880.395859,1784262880.403235,decode,16,0,4336,0.0048,0,16,
1784262880.403235,1784262880.410168,decode,16,0,4336,0.0048,0,16,
1784262880.410168,1784262880.417720,decode,16,0,4336,0.0048,0,16,
1784262880.417720,1784262880.424425,decode,16,0,4336,0.0048,0,16,
1784262880.424425,1784262880.431417,decode,16,0,4336,0.0048,0,16,
1784262880.431417,1784262880.438897,decode,16,0,4336,0.0048,0,16,
1784262880.438897,1784262880.445559,decode,16,0,4336,0.0048,0,16,
1784262880.445559,1784262880.452694,decode,16,0,4336,0.0048,0,16,
1784262880.452694,1784262880.460094,decode,16,0,4336,0.0048,0,16,
1784262880.460094,1784262880.467547,decode,16,0,4336,0.0048,0,16,
1784262880.467547,1784262880.474426,decode,16,0,4336,0.0048,0,16,
1784262880.474426,1784262880.481239,decode,10,0,3472,0.0038,0,16,
1784262880.481239,1784262880.491799,decode,0,0,0,0.0000,0,10,
1784262880.491799,1784262880.504521,mixed,6,0,2128,0.0024,12288,6,
1784262880.504521,1784262880.513199,mixed,16,0,2384,0.0026,20480,16,
1784262880.513199,1784262880.520473,decode,16,0,2544,0.0028,0,16,
1784262880.520473,1784262880.527270,decode,16,0,2544,0.0028,0,16,
1784262880.527270,1784262880.534594,decode,16,0,2544,0.0028,0,16,
1784262880.534594,1784262880.541412,decode,16,0,2544,0.0028,0,16,
1784262880.541412,1784262880.548560,decode,16,0,2544,0.0028,0,16,
1784262880.548560,1784262880.555777,decode,16,0,2544,0.0028,0,16,
1784262880.555777,1784262880.562454,decode,16,0,2544,0.0028,0,16,
1784262880.562454,1784262880.569774,decode,16,0,2544,0.0028,0,16,
1784262880.569774,1784262880.576753,decode,16,0,2544,0.0028,0,16,
1784262880.576753,1784262880.583620,decode,16,0,2544,0.0028,0,16,
1784262880.583620,1784262880.590855,decode,16,0,2544,0.0028,0,16,
1784262880.590855,1784262880.597766,decode,16,0,2544,0.0028,0,16,
1784262880.597766,1784262880.604986,decode,16,0,2544,0.0028,0,16,
1784262880.604986,1784262880.611756,decode,16,0,2544,0.0028,0,16,
1784262880.611756,1784262880.619293,decode,16,0,2544,0.0028,0,16,
1784262880.619293,1784262880.626528,decode,16,0,2640,0.0029,0,16,
1784262880.626528,1784262880.633165,decode,16,0,2800,0.0031,0,16,
1784262880.633165,1784262880.640398,decode,16,0,2800,0.0031,0,16,
1784262880.640398,1784262880.647426,decode,16,0,2800,0.0031,0,16,
1784262880.647426,1784262880.654482,decode,16,0,2800,0.0031,0,16,
1784262880.654482,1784262880.661808,decode,16,0,2800,0.0031,0,16,
1784262880.661808,1784262880.668545,decode,16,0,2800,0.0031,0,16,
1784262880.668545,1784262880.675670,decode,16,0,2800,0.0031,0,16,
1784262880.675670,1784262880.682798,decode,16,0,2800,0.0031,0,16,
1784262880.682798,1784262880.689825,decode,16,0,2800,0.0031,0,16,
1784262880.689825,1784262880.696837,decode,16,0,2800,0.0031,0,16,
1784262880.696837,1784262880.703772,decode,16,0,2800,0.0031,0,16,
1784262880.703772,1784262880.711076,decode,16,0,2800,0.0031,0,16,
1784262880.711076,1784262880.718067,decode,16,0,2800,0.0031,0,16,
1784262880.718067,1784262880.725137,decode,16,0,2800,0.0031,0,16,
1784262880.725137,1784262880.732344,decode,16,0,2800,0.0031,0,16,
1784262880.732344,1784262880.739432,decode,16,0,2896,0.0032,0,16,
1784262880.739432,1784262880.746452,decode,16,0,3056,0.0034,0,16,
1784262880.746452,1784262880.753571,decode,16,0,3056,0.0034,0,16,
1784262880.753571,1784262880.760711,decode,16,0,3056,0.0034,0,16,
1784262880.760711,1784262880.767586,decode,16,0,3056,0.0034,0,16,
1784262880.767586,1784262880.774512,decode,16,0,3056,0.0034,0,16,
1784262880.774512,1784262880.781889,decode,16,0,3056,0.0034,0,16,
1784262880.781889,1784262880.788914,decode,16,0,3056,0.0034,0,16,
1784262880.788914,1784262880.796011,decode,16,0,3056,0.0034,0,16,
1784262880.796011,1784262880.803156,decode,16,0,3056,0.0034,0,16,
1784262880.803156,1784262880.810247,decode,16,0,3056,0.0034,0,16,
1784262880.810247,1784262880.817182,decode,16,0,3056,0.0034,0,16,
1784262880.817182,1784262880.824307,decode,16,0,3056,0.0034,0,16,
1784262880.824307,1784262880.831237,decode,16,0,3056,0.0034,0,16,
1784262880.831237,1784262880.838632,decode,16,0,3056,0.0034,0,16,
1784262880.838632,1784262880.845317,decode,16,0,3056,0.0034,0,16,
1784262880.845317,1784262880.852660,decode,16,0,3152,0.0035,0,16,
1784262880.852660,1784262880.859590,decode,16,0,3312,0.0037,0,16,
1784262880.859590,1784262880.866735,decode,16,0,3312,0.0037,0,16,
1784262880.866735,1784262880.873842,decode,16,0,3312,0.0037,0,16,
1784262880.873842,1784262880.880911,decode,16,0,3312,0.0037,0,16,
1784262880.880911,1784262880.887982,decode,16,0,3312,0.0037,0,16,
1784262880.887982,1784262880.894841,decode,16,0,3312,0.0037,0,16,
1784262880.894841,1784262880.902123,decode,16,0,3312,0.0037,0,16,
1784262880.902123,1784262880.909309,decode,16,0,3312,0.0037,0,16,
1784262880.909309,1784262880.916372,decode,16,0,3312,0.0037,0,16,
1784262880.916372,1784262880.923510,decode,16,0,3312,0.0037,0,16,
1784262880.923510,1784262880.930573,decode,16,0,3312,0.0037,0,16,
1784262880.930573,1784262880.937450,decode,16,0,3312,0.0037,0,16,
1784262880.937450,1784262880.944543,decode,16,0,3312,0.0037,0,16,
1784262880.944543,1784262880.951733,decode,16,0,3312,0.0037,0,16,
1784262880.951733,1784262880.959018,decode,16,0,3312,0.0037,0,16,
1784262880.959018,1784262880.965830,decode,16,0,3408,0.0038,0,16,
1784262880.965830,1784262880.973266,decode,16,0,3568,0.0040,0,16,
1784262880.973266,1784262880.980125,decode,16,0,3568,0.0040,0,16,
1784262880.980125,1784262880.987333,decode,16,0,3568,0.0040,0,16,
1784262880.987333,1784262880.994460,decode,16,0,3568,0.0040,0,16,
1784262880.994460,1784262881.001198,decode,16,0,3568,0.0040,0,16,
1784262881.001198,1784262881.008397,decode,16,0,3568,0.0040,0,16,
1784262881.008397,1784262881.015519,decode,16,0,3568,0.0040,0,16,
1784262881.015519,1784262881.022249,decode,16,0,3568,0.0040,0,16,
1784262881.022249,1784262881.029342,decode,16,0,3568,0.0040,0,16,
1784262881.029342,1784262881.036553,decode,16,0,3568,0.0040,0,16,
1784262881.036553,1784262881.043442,decode,16,0,3568,0.0040,0,16,
1784262881.043442,1784262881.050557,decode,16,0,3568,0.0040,0,16,
1784262881.050557,1784262881.057688,decode,16,0,3568,0.0040,0,16,
1784262881.057688,1784262881.064655,decode,16,0,3568,0.0040,0,16,
1784262881.064655,1784262881.071797,decode,16,0,3568,0.0040,0,16,
1784262881.071797,1784262881.078981,decode,16,0,3664,0.0041,0,16,
1784262881.078981,1784262881.085913,decode,16,0,3824,0.0042,0,16,
1784262881.085913,1784262881.093118,decode,16,0,3824,0.0042,0,16,
1784262881.093118,1784262881.100016,decode,16,0,3824,0.0042,0,16,
1784262881.100016,1784262881.107261,decode,16,0,3824,0.0042,0,16,
1784262881.107261,1784262881.114629,decode,16,0,3824,0.0042,0,16,
1784262881.114629,1784262881.121296,decode,16,0,3824,0.0042,0,16,
1784262881.121296,1784262881.128350,decode,16,0,3824,0.0042,0,16,
1784262881.128350,1784262881.135444,decode,16,0,3824,0.0042,0,16,
1784262881.135444,1784262881.142253,decode,16,0,3824,0.0042,0,16,
1784262881.142253,1784262881.149384,decode,16,0,3824,0.0042,0,16,
1784262881.149384,1784262881.156612,decode,16,0,3824,0.0042,0,16,
1784262881.156612,1784262881.163734,decode,16,0,3824,0.0042,0,16,
1784262881.163734,1784262881.170858,decode,16,0,3824,0.0042,0,16,
1784262881.170858,1784262881.177919,decode,16,0,3824,0.0042,0,16,
1784262881.177919,1784262881.185170,decode,16,0,3824,0.0042,0,16,
1784262881.185170,1784262881.192170,decode,16,0,3920,0.0043,0,16,
1784262881.192170,1784262881.199373,decode,16,0,4080,0.0045,0,16,
1784262881.199373,1784262881.206291,decode,16,0,4080,0.0045,0,16,
1784262881.206291,1784262881.213361,decode,16,0,4080,0.0045,0,16,
1784262881.213361,1784262881.220476,decode,16,0,4080,0.0045,0,16,
1784262881.220476,1784262881.227532,decode,16,0,4080,0.0045,0,16,
1784262881.227532,1784262881.234598,decode,16,0,4080,0.0045,0,16,
1784262881.234598,1784262881.241835,decode,16,0,4080,0.0045,0,16,
1784262881.241835,1784262881.248793,decode,16,0,4080,0.0045,0,16,
1784262881.248793,1784262881.255844,decode,16,0,4080,0.0045,0,16,
1784262881.255844,1784262881.262781,decode,16,0,4080,0.0045,0,16,
1784262881.262781,1784262881.269892,decode,16,0,4080,0.0045,0,16,
1784262881.269892,1784262881.277207,decode,16,0,4080,0.0045,0,16,
1784262881.277207,1784262881.284210,decode,16,0,4080,0.0045,0,16,
1784262881.284210,1784262881.291553,decode,16,0,4080,0.0045,0,16,
1784262881.291553,1784262881.298556,decode,16,0,4080,0.0045,0,16,
1784262881.298556,1784262881.305558,decode,16,0,4176,0.0046,0,16,
1784262881.305558,1784262881.312538,decode,16,0,4336,0.0048,0,16,
1784262881.312538,1784262881.319791,decode,16,0,4336,0.0048,0,16,
1784262881.319791,1784262881.326958,decode,16,0,4336,0.0048,0,16,
1784262881.326958,1784262881.334000,decode,16,0,4336,0.0048,0,16,
1784262881.334000,1784262881.340995,decode,16,0,4336,0.0048,0,16,
1784262881.340995,1784262881.347955,decode,16,0,4336,0.0048,0,16,
1784262881.347955,1784262881.355169,decode,16,0,4336,0.0048,0,16,
1784262881.355169,1784262881.362672,decode,16,0,4336,0.0048,0,16,
1784262881.362672,1784262881.369900,decode,16,0,4336,0.0048,0,16,
1784262881.369900,1784262881.377055,decode,16,0,4336,0.0048,0,16,
1784262881.377055,1784262881.384555,decode,16,0,4336,0.0048,0,16,
1784262881.384555,1784262881.391824,decode,16,0,4336,0.0048,0,16,
1784262881.391824,1784262881.399318,decode,16,0,4336,0.0048,0,16,
1784262881.399318,1784262881.406917,decode,10,0,3472,0.0038,0,16,
1784262881.406917,1784262881.417622,decode,0,0,0,0.0000,0,10,
1784262881.417622,1784262881.428991,mixed,6,0,2128,0.0024,12288,6,
1784262881.428991,1784262881.437880,mixed,16,0,2384,0.0026,20480,16,
1784262881.437880,1784262881.445014,decode,16,0,2544,0.0028,0,16,
1784262881.445014,1784262881.452346,decode,16,0,2544,0.0028,0,16,
1784262881.452346,1784262881.459319,decode,16,0,2544,0.0028,0,16,
1784262881.459319,1784262881.466922,decode,16,0,2544,0.0028,0,16,
1784262881.466922,1784262881.473751,decode,16,0,2544,0.0028,0,16,
1784262881.473751,1784262881.480819,decode,16,0,2544,0.0028,0,16,
1784262881.480819,1784262881.487994,decode,16,0,2544,0.0028,0,16,
1784262881.487994,1784262881.494977,decode,16,0,2544,0.0028,0,16,
1784262881.494977,1784262881.501987,decode,16,0,2544,0.0028,0,16,
1784262881.501987,1784262881.509100,decode,16,0,2544,0.0028,0,16,
1784262881.509100,1784262881.516402,decode,16,0,2544,0.0028,0,16,
1784262881.516402,1784262881.523373,decode,16,0,2544,0.0028,0,16,
1784262881.523373,1784262881.530348,decode,16,0,2544,0.0028,0,16,
1784262881.530348,1784262881.537649,decode,16,0,2544,0.0028,0,16,
1784262881.537649,1784262881.544783,decode,16,0,2544,0.0028,0,16,
1784262881.544783,1784262881.551780,decode,16,0,2640,0.0029,0,16,
1784262881.551780,1784262881.558843,decode,16,0,2800,0.0031,0,16,
1784262881.558843,1784262881.566242,decode,16,0,2800,0.0031,0,16,
1784262881.566242,1784262881.573273,decode,16,0,2800,0.0031,0,16,
1784262881.573273,1784262881.579983,decode,16,0,2800,0.0031,0,16,
1784262881.579983,1784262881.587432,decode,16,0,2800,0.0031,0,16,
1784262881.587432,1784262881.594294,decode,16,0,2800,0.0031,0,16,
1784262881.594294,1784262881.601170,decode,16,0,2800,0.0031,0,16,
1784262881.601170,1784262881.608589,decode,16,0,2800,0.0031,0,16,
1784262881.608589,1784262881.615702,decode,16,0,2800,0.0031,0,16,
1784262881.615702,1784262881.622340,decode,16,0,2800,0.0031,0,16,
1784262881.622340,1784262881.629580,decode,16,0,2800,0.0031,0,16,
1784262881.629580,1784262881.636784,decode,16,0,2800,0.0031,0,16,
1784262881.636784,1784262881.643716,decode,16,0,2800,0.0031,0,16,
1784262881.643716,1784262881.650826,decode,16,0,2800,0.0031,0,16,
1784262881.650826,1784262881.658355,decode,16,0,2800,0.0031,0,16,
1784262881.658355,1784262881.665513,decode,16,0,2896,0.0032,0,16,
1784262881.665513,1784262881.672690,decode,16,0,3056,0.0034,0,16,
1784262881.672690,1784262881.679662,decode,16,0,3056,0.0034,0,16,
1784262881.679662,1784262881.686934,decode,16,0,3056,0.0034,0,16,
1784262881.686934,1784262881.693825,decode,16,0,3056,0.0034,0,16,
1784262881.693825,1784262881.701536,decode,16,0,3056,0.0034,0,16,
1784262881.701536,1784262881.708259,decode,16,0,3056,0.0034,0,16,
1784262881.708259,1784262881.715046,decode,16,0,3056,0.0034,0,16,
1784262881.715046,1784262881.722505,decode,16,0,3056,0.0034,0,16,
1784262881.722505,1784262881.729582,decode,16,0,3056,0.0034,0,16,
1784262881.729582,1784262881.736334,decode,16,0,3056,0.0034,0,16,
1784262881.736334,1784262881.743400,decode,16,0,3056,0.0034,0,16,
1784262881.743400,1784262881.750653,decode,16,0,3056,0.0034,0,16,
1784262881.750653,1784262881.757901,decode,16,0,3056,0.0034,0,16,
1784262881.757901,1784262881.764717,decode,16,0,3056,0.0034,0,16,
1784262881.764717,1784262881.771994,decode,16,0,3056,0.0034,0,16,
1784262881.771994,1784262881.779202,decode,16,0,3152,0.0035,0,16,
1784262881.779202,1784262881.786491,decode,16,0,3312,0.0037,0,16,
1784262881.786491,1784262881.793195,decode,16,0,3312,0.0037,0,16,
1784262881.793195,1784262881.800602,decode,16,0,3312,0.0037,0,16,
1784262881.800602,1784262881.807564,decode,16,0,3312,0.0037,0,16,
1784262881.807564,1784262881.814389,decode,16,0,3312,0.0037,0,16,
1784262881.814389,1784262881.821669,decode,16,0,3312,0.0037,0,16,
1784262881.821669,1784262881.828763,decode,16,0,3312,0.0037,0,16,
1784262881.828763,1784262881.835546,decode,16,0,3312,0.0037,0,16,
1784262881.835546,1784262881.843090,decode,16,0,3312,0.0037,0,16,
1784262881.843090,1784262881.850471,decode,16,0,3312,0.0037,0,16,
1784262881.850471,1784262881.857882,decode,16,0,3312,0.0037,0,16,
1784262881.857882,1784262881.864414,decode,16,0,3312,0.0037,0,16,
1784262881.864414,1784262881.871717,decode,16,0,3312,0.0037,0,16,
1784262881.871717,1784262881.878964,decode,16,0,3312,0.0037,0,16,
1784262881.878964,1784262881.886265,decode,16,0,3312,0.0037,0,16,
1784262881.886265,1784262881.893167,decode,16,0,3408,0.0038,0,16,
1784262881.893167,1784262881.900167,decode,16,0,3568,0.0040,0,16,
1784262881.900167,1784262881.907579,decode,16,0,3568,0.0040,0,16,
1784262881.907579,1784262881.914647,decode,16,0,3568,0.0040,0,16,
1784262881.914647,1784262881.921561,decode,16,0,3568,0.0040,0,16,
1784262881.921561,1784262881.928646,decode,16,0,3568,0.0040,0,16,
1784262881.928646,1784262881.935764,decode,16,0,3568,0.0040,0,16,
1784262881.935764,1784262881.942886,decode,16,0,3568,0.0040,0,16,
1784262881.942886,1784262881.950096,decode,16,0,3568,0.0040,0,16,
1784262881.950096,1784262881.957418,decode,16,0,3568,0.0040,0,16,
1784262881.957418,1784262881.964384,decode,16,0,3568,0.0040,0,16,
1784262881.964384,1784262881.971772,decode,16,0,3568,0.0040,0,16,
1784262881.971772,1784262881.978435,decode,16,0,3568,0.0040,0,16,
1784262881.978435,1784262881.985623,decode,16,0,3568,0.0040,0,16,
1784262881.985623,1784262881.992613,decode,16,0,3568,0.0040,0,16,
1784262881.992613,1784262882.000342,decode,16,0,3568,0.0040,0,16,
1784262882.000342,1784262882.007275,decode,16,0,3664,0.0041,0,16,
1784262882.007275,1784262882.014441,decode,16,0,3824,0.0042,0,16,
1784262882.014441,1784262882.021507,decode,16,0,3824,0.0042,0,16,
1784262882.021507,1784262882.028602,decode,16,0,3824,0.0042,0,16,
1784262882.028602,1784262882.035861,decode,16,0,3824,0.0042,0,16,
1784262882.035861,1784262882.042982,decode,16,0,3824,0.0042,0,16,
1784262882.042982,1784262882.050239,decode,16,0,3824,0.0042,0,16,
1784262882.050239,1784262882.057337,decode,16,0,3824,0.0042,0,16,
1784262882.057337,1784262882.064665,decode,16,0,3824,0.0042,0,16,
1784262882.064665,1784262882.071620,decode,16,0,3824,0.0042,0,16,
1784262882.071620,1784262882.078850,decode,16,0,3824,0.0042,0,16,
1784262882.078850,1784262882.086091,decode,16,0,3824,0.0042,0,16,
1784262882.086091,1784262882.093096,decode,16,0,3824,0.0042,0,16,
1784262882.093096,1784262882.100283,decode,16,0,3824,0.0042,0,16,
1784262882.100283,1784262882.107532,decode,16,0,3824,0.0042,0,16,
1784262882.107532,1784262882.114412,decode,16,0,3824,0.0042,0,16,
1784262882.114412,1784262882.121783,decode,16,0,3920,0.0043,0,16,
1784262882.121783,1784262882.128859,decode,16,0,4080,0.0045,0,16,
1784262882.128859,1784262882.135932,decode,16,0,4080,0.0045,0,16,
1784262882.135932,1784262882.143056,decode,16,0,4080,0.0045,0,16,
1784262882.143056,1784262882.150593,decode,16,0,4080,0.0045,0,16,
1784262882.150593,1784262882.157264,decode,16,0,4080,0.0045,0,16,
1784262882.157264,1784262882.164579,decode,16,0,4080,0.0045,0,16,
1784262882.164579,1784262882.171565,decode,16,0,4080,0.0045,0,16,
1784262882.171565,1784262882.178622,decode,16,0,4080,0.0045,0,16,
1784262882.178622,1784262882.185835,decode,16,0,4080,0.0045,0,16,
1784262882.185835,1784262882.192800,decode,16,0,4080,0.0045,0,16,
1784262882.192800,1784262882.199835,decode,16,0,4080,0.0045,0,16,
1784262882.199835,1784262882.206927,decode,16,0,4080,0.0045,0,16,
1784262882.206927,1784262882.214116,decode,16,0,4080,0.0045,0,16,
1784262882.214116,1784262882.221295,decode,16,0,4080,0.0045,0,16,
1784262882.221295,1784262882.228768,decode,16,0,4080,0.0045,0,16,
1784262882.228768,1784262882.235986,decode,16,0,4176,0.0046,0,16,
1784262882.235986,1784262882.242970,decode,16,0,4336,0.0048,0,16,
1784262882.242970,1784262882.250092,decode,16,0,4336,0.0048,0,16,
1784262882.250092,1784262882.257500,decode,16,0,4336,0.0048,0,16,
1784262882.257500,1784262882.264655,decode,16,0,4336,0.0048,0,16,
1784262882.264655,1784262882.271537,decode,16,0,4336,0.0048,0,16,
1784262882.271537,1784262882.278440,decode,16,0,4336,0.0048,0,16,
1784262882.278440,1784262882.286115,decode,16,0,4336,0.0048,0,16,
1784262882.286115,1784262882.293382,decode,16,0,4336,0.0048,0,16,
1784262882.293382,1784262882.300360,decode,16,0,4336,0.0048,0,16,
1784262882.300360,1784262882.307664,decode,16,0,4336,0.0048,0,16,
1784262882.307664,1784262882.314776,decode,16,0,4336,0.0048,0,16,
1784262882.314776,1784262882.321697,decode,16,0,4336,0.0048,0,16,
1784262882.321697,1784262882.328895,decode,16,0,4336,0.0048,0,16,
1784262882.328895,1784262882.336294,decode,10,0,3472,0.0038,0,16,
1784262882.336294,1784262882.346570,decode,0,0,0,0.0000,0,10,
1784262882.346570,1784262882.365931,mixed,6,0,2128,0.0024,12288,6,
1784262882.365931,1784262882.375312,mixed,16,0,2384,0.0026,20480,16,
1784262882.375312,1784262882.382403,decode,16,0,2544,0.0028,0,16,
1784262882.382403,1784262882.389442,decode,16,0,2544,0.0028,0,16,
1784262882.389442,1784262882.396538,decode,16,0,2544,0.0028,0,16,
1784262882.396538,1784262882.403589,decode,16,0,2544,0.0028,0,16,
1784262882.403589,1784262882.410646,decode,16,0,2544,0.0028,0,16,
1784262882.410646,1784262882.417772,decode,16,0,2544,0.0028,0,16,
1784262882.417772,1784262882.424822,decode,16,0,2544,0.0028,0,16,
1784262882.424822,1784262882.431954,decode,16,0,2544,0.0028,0,16,
1784262882.431954,1784262882.438993,decode,16,0,2544,0.0028,0,16,
1784262882.438993,1784262882.446084,decode,16,0,2544,0.0028,0,16,
1784262882.446084,1784262882.453586,decode,16,0,2544,0.0028,0,16,
1784262882.453586,1784262882.460502,decode,16,0,2544,0.0028,0,16,
1784262882.460502,1784262882.467331,decode,16,0,2544,0.0028,0,16,
1784262882.467331,1784262882.474751,decode,16,0,2544,0.0028,0,16,
1784262882.474751,1784262882.481899,decode,16,0,2544,0.0028,0,16,
1784262882.481899,1784262882.488977,decode,16,0,2640,0.0029,0,16,
1784262882.488977,1784262882.496034,decode,16,0,2800,0.0031,0,16,
1784262882.496034,1784262882.503094,decode,16,0,2800,0.0031,0,16,
1784262882.503094,1784262882.510163,decode,16,0,2800,0.0031,0,16,
1784262882.510163,1784262882.517291,decode,16,0,2800,0.0031,0,16,
1784262882.517291,1784262882.524253,decode,16,0,2800,0.0031,0,16,
1784262882.524253,1784262882.531349,decode,16,0,2800,0.0031,0,16,
1784262882.531349,1784262882.538465,decode,16,0,2800,0.0031,0,16,
1784262882.538465,1784262882.545516,decode,16,0,2800,0.0031,0,16,
1784262882.545516,1784262882.552729,decode,16,0,2800,0.0031,0,16,
1784262882.552729,1784262882.560264,decode,16,0,2800,0.0031,0,16,
1784262882.560264,1784262882.566758,decode,16,0,2800,0.0031,0,16,
1784262882.566758,1784262882.573845,decode,16,0,2800,0.0031,0,16,
1784262882.573845,1784262882.581105,decode,16,0,2800,0.0031,0,16,
1784262882.581105,1784262882.587982,decode,16,0,2800,0.0031,0,16,
1784262882.587982,1784262882.595121,decode,16,0,2800,0.0031,0,16,
1784262882.595121,1784262882.602329,decode,16,0,2896,0.0032,0,16,
1784262882.602329,1784262882.609258,decode,16,0,3056,0.0034,0,16,
1784262882.609258,1784262882.616404,decode,16,0,3056,0.0034,0,16,
1784262882.616404,1784262882.623469,decode,16,0,3056,0.0034,0,16,
1784262882.623469,1784262882.630613,decode,16,0,3056,0.0034,0,16,
1784262882.630613,1784262882.637722,decode,16,0,3056,0.0034,0,16,
1784262882.637722,1784262882.644820,decode,16,0,3056,0.0034,0,16,
1784262882.644820,1784262882.651802,decode,16,0,3056,0.0034,0,16,
1784262882.651802,1784262882.659351,decode,16,0,3056,0.0034,0,16,
1784262882.659351,1784262882.665992,decode,16,0,3056,0.0034,0,16,
1784262882.665992,1784262882.673341,decode,16,0,3056,0.0034,0,16,
1784262882.673341,1784262882.680773,decode,16,0,3056,0.0034,0,16,
1784262882.680773,1784262882.687344,decode,16,0,3056,0.0034,0,16,
1784262882.687344,1784262882.694586,decode,16,0,3056,0.0034,0,16,
1784262882.694586,1784262882.701538,decode,16,0,3056,0.0034,0,16,
1784262882.701538,1784262882.708932,decode,16,0,3056,0.0034,0,16,
1784262882.708932,1784262882.715832,decode,16,0,3152,0.0035,0,16,
1784262882.715832,1784262882.722882,decode,16,0,3312,0.0037,0,16,
1784262882.722882,1784262882.729786,decode,16,0,3312,0.0037,0,16,
1784262882.729786,1784262882.736844,decode,16,0,3312,0.0037,0,16,
1784262882.736844,1784262882.743918,decode,16,0,3312,0.0037,0,16,
1784262882.743918,1784262882.751270,decode,16,0,3312,0.0037,0,16,
1784262882.751270,1784262882.758172,decode,16,0,3312,0.0037,0,16,
1784262882.758172,1784262882.765105,decode,16,0,3312,0.0037,0,16,
1784262882.765105,1784262882.772163,decode,16,0,3312,0.0037,0,16,
1784262882.772163,1784262882.779087,decode,16,0,3312,0.0037,0,16,
1784262882.779087,1784262882.786204,decode,16,0,3312,0.0037,0,16,
1784262882.786204,1784262882.793699,decode,16,0,3312,0.0037,0,16,
1784262882.793699,1784262882.800744,decode,16,0,3312,0.0037,0,16,
1784262882.800744,1784262882.807880,decode,16,0,3312,0.0037,0,16,
1784262882.807880,1784262882.815128,decode,16,0,3312,0.0037,0,16,
1784262882.815128,1784262882.822801,decode,16,0,3312,0.0037,0,16,
1784262882.822801,1784262882.830138,decode,16,0,3408,0.0038,0,16,
1784262882.830138,1784262882.837232,decode,16,0,3568,0.0040,0,16,
1784262882.837232,1784262882.844366,decode,16,0,3568,0.0040,0,16,
1784262882.844366,1784262882.851491,decode,16,0,3568,0.0040,0,16,
1784262882.851491,1784262882.859223,decode,16,0,3568,0.0040,0,16,
1784262882.859223,1784262882.865711,decode,16,0,3568,0.0040,0,16,
1784262882.865711,1784262882.872846,decode,16,0,3568,0.0040,0,16,
1784262882.872846,1784262882.880116,decode,16,0,3568,0.0040,0,16,
1784262882.880116,1784262882.887338,decode,16,0,3568,0.0040,0,16,
1784262882.887338,1784262882.894139,decode,16,0,3568,0.0040,0,16,
1784262882.894139,1784262882.901209,decode,16,0,3568,0.0040,0,16,
1784262882.901209,1784262882.908350,decode,16,0,3568,0.0040,0,16,
1784262882.908350,1784262882.915534,decode,16,0,3568,0.0040,0,16,
1784262882.915534,1784262882.922470,decode,16,0,3568,0.0040,0,16,
1784262882.922470,1784262882.929554,decode,16,0,3568,0.0040,0,16,
1784262882.929554,1784262882.936744,decode,16,0,3568,0.0040,0,16,
1784262882.936744,1784262882.943826,decode,16,0,3664,0.0041,0,16,
1784262882.943826,1784262882.951137,decode,16,0,3824,0.0042,0,16,
1784262882.951137,1784262882.958184,decode,16,0,3824,0.0042,0,16,
1784262882.958184,1784262882.965292,decode,16,0,3824,0.0042,0,16,
1784262882.965292,1784262882.972603,decode,16,0,3824,0.0042,0,16,
1784262882.972603,1784262882.979534,decode,16,0,3824,0.0042,0,16,
1784262882.979534,1784262882.986993,decode,16,0,3824,0.0042,0,16,
1784262882.986993,1784262882.993783,decode,16,0,3824,0.0042,0,16,
1784262882.993783,1784262883.000758,decode,16,0,3824,0.0042,0,16,
1784262883.000758,1784262883.007916,decode,16,0,3824,0.0042,0,16,
1784262883.007916,1784262883.015004,decode,16,0,3824,0.0042,0,16,
1784262883.015004,1784262883.022097,decode,16,0,3824,0.0042,0,16,
1784262883.022097,1784262883.029152,decode,16,0,3824,0.0042,0,16,
1784262883.029152,1784262883.036265,decode,16,0,3824,0.0042,0,16,
1784262883.036265,1784262883.043359,decode,16,0,3824,0.0042,0,16,
1784262883.043359,1784262883.050778,decode,16,0,3824,0.0042,0,16,
1784262883.050778,1784262883.057611,decode,16,0,3920,0.0043,0,16,
1784262883.057611,1784262883.064739,decode,16,0,4080,0.0045,0,16,
1784262883.064739,1784262883.071854,decode,16,0,4080,0.0045,0,16,
1784262883.071854,1784262883.078972,decode,16,0,4080,0.0045,0,16,
1784262883.078972,1784262883.086612,decode,16,0,4080,0.0045,0,16,
1784262883.086612,1784262883.093401,decode,16,0,4080,0.0045,0,16,
1784262883.093401,1784262883.100680,decode,16,0,4080,0.0045,0,16,
1784262883.100680,1784262883.107541,decode,16,0,4080,0.0045,0,16,
1784262883.107541,1784262883.114822,decode,16,0,4080,0.0045,0,16,
1784262883.114822,1784262883.122102,decode,16,0,4080,0.0045,0,16,
1784262883.122102,1784262883.129202,decode,16,0,4080,0.0045,0,16,
1784262883.129202,1784262883.136516,decode,16,0,4080,0.0045,0,16,
1784262883.136516,1784262883.143342,decode,16,0,4080,0.0045,0,16,
1784262883.143342,1784262883.150695,decode,16,0,4080,0.0045,0,16,
1784262883.150695,1784262883.157666,decode,16,0,4080,0.0045,0,16,
1784262883.157666,1784262883.165295,decode,16,0,4080,0.0045,0,16,
1784262883.165295,1784262883.172341,decode,16,0,4176,0.0046,0,16,
1784262883.172341,1784262883.179306,decode,16,0,4336,0.0048,0,16,
1784262883.179306,1784262883.186571,decode,16,0,4336,0.0048,0,16,
1784262883.186571,1784262883.193772,decode,16,0,4336,0.0048,0,16,
1784262883.193772,1784262883.200996,decode,16,0,4336,0.0048,0,16,
1784262883.200996,1784262883.208113,decode,16,0,4336,0.0048,0,16,
1784262883.208113,1784262883.215157,decode,16,0,4336,0.0048,0,16,
1784262883.215157,1784262883.221895,decode,16,0,4336,0.0048,0,16,
1784262883.221895,1784262883.229023,decode,16,0,4336,0.0048,0,16,
1784262883.229023,1784262883.236050,decode,16,0,4336,0.0048,0,16,
1784262883.236050,1784262883.243402,decode,16,0,4336,0.0048,0,16,
1784262883.243402,1784262883.250616,decode,16,0,4336,0.0048,0,16,
1784262883.250616,1784262883.257331,decode,16,0,4336,0.0048,0,16,
1784262883.257331,1784262883.264732,decode,16,0,4336,0.0048,0,16,
1784262883.264732,1784262883.271845,decode,10,0,3472,0.0038,0,16,
1784262883.271845,1784262883.281649,decode,0,0,0,0.0000,0,10,
1784262883.281649,1784262883.292894,mixed,6,0,2128,0.0024,12288,6,
1784262883.292894,1784262883.302011,mixed,16,0,2384,0.0026,20480,16,
1784262883.302011,1784262883.309084,decode,16,0,2544,0.0028,0,16,
1784262883.309084,1784262883.316312,decode,16,0,2544,0.0028,0,16,
1784262883.316312,1784262883.323203,decode,16,0,2544,0.0028,0,16,
1784262883.323203,1784262883.330408,decode,16,0,2544,0.0028,0,16,
1784262883.330408,1784262883.337494,decode,16,0,2544,0.0028,0,16,
1784262883.337494,1784262883.344549,decode,16,0,2544,0.0028,0,16,
1784262883.344549,1784262883.351976,decode,16,0,2544,0.0028,0,16,
1784262883.351976,1784262883.359253,decode,16,0,2544,0.0028,0,16,
1784262883.359253,1784262883.365972,decode,16,0,2544,0.0028,0,16,
1784262883.365972,1784262883.372881,decode,16,0,2544,0.0028,0,16,
1784262883.372881,1784262883.379937,decode,16,0,2544,0.0028,0,16,
1784262883.379937,1784262883.387105,decode,16,0,2544,0.0028,0,16,
1784262883.387105,1784262883.394253,decode,16,0,2544,0.0028,0,16,
1784262883.394253,1784262883.401389,decode,16,0,2544,0.0028,0,16,
1784262883.401389,1784262883.408328,decode,16,0,2544,0.0028,0,16,
1784262883.408328,1784262883.415515,decode,16,0,2640,0.0029,0,16,
1784262883.415515,1784262883.422711,decode,16,0,2800,0.0031,0,16,
1784262883.422711,1784262883.429844,decode,16,0,2800,0.0031,0,16,
1784262883.429844,1784262883.437002,decode,16,0,2800,0.0031,0,16,
1784262883.437002,1784262883.444247,decode,16,0,2800,0.0031,0,16,
1784262883.444247,1784262883.451483,decode,16,0,2800,0.0031,0,16,
1784262883.451483,1784262883.458641,decode,16,0,2800,0.0031,0,16,
1784262883.458641,1784262883.465601,decode,16,0,2800,0.0031,0,16,
1784262883.465601,1784262883.472448,decode,16,0,2800,0.0031,0,16,
1784262883.472448,1784262883.479793,decode,16,0,2800,0.0031,0,16,
1784262883.479793,1784262883.486851,decode,16,0,2800,0.0031,0,16,
1784262883.486851,1784262883.493792,decode,16,0,2800,0.0031,0,16,
1784262883.493792,1784262883.500796,decode,16,0,2800,0.0031,0,16,
1784262883.500796,1784262883.507819,decode,16,0,2800,0.0031,0,16,
1784262883.507819,1784262883.514980,decode,16,0,2800,0.0031,0,16,
1784262883.514980,1784262883.522129,decode,16,0,2800,0.0031,0,16,
1784262883.522129,1784262883.529341,decode,16,0,2896,0.0032,0,16,
1784262883.529341,1784262883.536350,decode,16,0,3056,0.0034,0,16,
1784262883.536350,1784262883.543438,decode,16,0,3056,0.0034,0,16,
1784262883.543438,1784262883.551005,decode,16,0,3056,0.0034,0,16,
1784262883.551005,1784262883.557854,decode,16,0,3056,0.0034,0,16,
1784262883.557854,1784262883.564747,decode,16,0,3056,0.0034,0,16,
1784262883.564747,1784262883.571895,decode,16,0,3056,0.0034,0,16,
1784262883.571895,1784262883.579273,decode,16,0,3056,0.0034,0,16,
1784262883.579273,1784262883.586022,decode,16,0,3056,0.0034,0,16,
1784262883.586022,1784262883.593358,decode,16,0,3056,0.0034,0,16,
1784262883.593358,1784262883.600296,decode,16,0,3056,0.0034,0,16,
1784262883.600296,1784262883.607515,decode,16,0,3056,0.0034,0,16,
1784262883.607515,1784262883.614441,decode,16,0,3056,0.0034,0,16,
1784262883.614441,1784262883.621651,decode,16,0,3056,0.0034,0,16,
1784262883.621651,1784262883.628909,decode,16,0,3056,0.0034,0,16,
1784262883.628909,1784262883.636133,decode,16,0,3056,0.0034,0,16,
1784262883.636133,1784262883.643260,decode,16,0,3152,0.0035,0,16,
1784262883.643260,1784262883.650585,decode,16,0,3312,0.0037,0,16,
1784262883.650585,1784262883.657809,decode,16,0,3312,0.0037,0,16,
1784262883.657809,1784262883.665076,decode,16,0,3312,0.0037,0,16,
1784262883.665076,1784262883.671999,decode,16,0,3312,0.0037,0,16,
1784262883.671999,1784262883.678865,decode,16,0,3312,0.0037,0,16,
1784262883.678865,1784262883.686010,decode,16,0,3312,0.0037,0,16,
1784262883.686010,1784262883.692994,decode,16,0,3312,0.0037,0,16,
1784262883.692994,1784262883.700130,decode,16,0,3312,0.0037,0,16,
1784262883.700130,1784262883.707266,decode,16,0,3312,0.0037,0,16,
1784262883.707266,1784262883.714316,decode,16,0,3312,0.0037,0,16,
1784262883.714316,1784262883.721432,decode,16,0,3312,0.0037,0,16,
1784262883.721432,1784262883.728498,decode,16,0,3312,0.0037,0,16,
1784262883.728498,1784262883.735677,decode,16,0,3312,0.0037,0,16,
1784262883.735677,1784262883.742700,decode,16,0,3312,0.0037,0,16,
1784262883.742700,1784262883.749818,decode,16,0,3312,0.0037,0,16,
1784262883.749818,1784262883.756954,decode,16,0,3408,0.0038,0,16,
1784262883.756954,1784262883.764217,decode,16,0,3568,0.0040,0,16,
1784262883.764217,1784262883.771596,decode,16,0,3568,0.0040,0,16,
1784262883.771596,1784262883.778341,decode,16,0,3568,0.0040,0,16,
1784262883.778341,1784262883.785547,decode,16,0,3568,0.0040,0,16,
1784262883.785547,1784262883.792775,decode,16,0,3568,0.0040,0,16,
1784262883.792775,1784262883.799621,decode,16,0,3568,0.0040,0,16,
1784262883.799621,1784262883.806992,decode,16,0,3568,0.0040,0,16,
1784262883.806992,1784262883.814169,decode,16,0,3568,0.0040,0,16,
1784262883.814169,1784262883.820981,decode,16,0,3568,0.0040,0,16,
1784262883.820981,1784262883.827922,decode,16,0,3568,0.0040,0,16,
1784262883.827922,1784262883.835421,decode,16,0,3568,0.0040,0,16,
1784262883.835421,1784262883.842548,decode,16,0,3568,0.0040,0,16,
1784262883.842548,1784262883.849166,decode,16,0,3568,0.0040,0,16,
1784262883.849166,1784262883.856341,decode,16,0,3568,0.0040,0,16,
1784262883.856341,1784262883.863606,decode,16,0,3568,0.0040,0,16,
1784262883.863606,1784262883.870611,decode,16,0,3664,0.0041,0,16,
1784262883.870611,1784262883.877670,decode,16,0,3824,0.0042,0,16,
1784262883.877670,1784262883.884783,decode,16,0,3824,0.0042,0,16,
1784262883.884783,1784262883.891938,decode,16,0,3824,0.0042,0,16,
1784262883.891938,1784262883.898858,decode,16,0,3824,0.0042,0,16,
1784262883.898858,1784262883.906174,decode,16,0,3824,0.0042,0,16,
1784262883.906174,1784262883.913316,decode,16,0,3824,0.0042,0,16,
1784262883.913316,1784262883.920215,decode,16,0,3824,0.0042,0,16,
1784262883.920215,1784262883.927270,decode,16,0,3824,0.0042,0,16,
1784262883.927270,1784262883.934491,decode,16,0,3824,0.0042,0,16,
1784262883.934491,1784262883.941630,decode,16,0,3824,0.0042,0,16,
1784262883.941630,1784262883.948540,decode,16,0,3824,0.0042,0,16,
1784262883.948540,1784262883.955789,decode,16,0,3824,0.0042,0,16,
1784262883.955789,1784262883.963139,decode,16,0,3824,0.0042,0,16,
1784262883.963139,1784262883.969820,decode,16,0,3824,0.0042,0,16,
1784262883.969820,1784262883.977089,decode,16,0,3824,0.0042,0,16,
1784262883.977089,1784262883.984194,decode,16,0,3920,0.0043,0,16,
1784262883.984194,1784262883.991122,decode,16,0,4080,0.0045,0,16,
1784262883.991122,1784262883.998169,decode,16,0,4080,0.0045,0,16,
1784262883.998169,1784262884.005512,decode,16,0,4080,0.0045,0,16,
1784262884.005512,1784262884.012708,decode,16,0,4080,0.0045,0,16,
1784262884.012708,1784262884.019632,decode,16,0,4080,0.0045,0,16,
1784262884.019632,1784262884.026921,decode,16,0,4080,0.0045,0,16,
1784262884.026921,1784262884.033995,decode,16,0,4080,0.0045,0,16,
1784262884.033995,1784262884.040912,decode,16,0,4080,0.0045,0,16,
1784262884.040912,1784262884.048018,decode,16,0,4080,0.0045,0,16,
1784262884.048018,1784262884.055547,decode,16,0,4080,0.0045,0,16,
1784262884.055547,1784262884.062616,decode,16,0,4080,0.0045,0,16,
1784262884.062616,1784262884.069546,decode,16,0,4080,0.0045,0,16,
1784262884.069546,1784262884.076753,decode,16,0,4080,0.0045,0,16,
1784262884.076753,1784262884.083707,decode,16,0,4080,0.0045,0,16,
1784262884.083707,1784262884.090758,decode,16,0,4080,0.0045,0,16,
1784262884.090758,1784262884.098076,decode,16,0,4176,0.0046,0,16,
1784262884.098076,1784262884.105454,decode,16,0,4336,0.0048,0,16,
1784262884.105454,1784262884.112201,decode,16,0,4336,0.0048,0,16,
1784262884.112201,1784262884.119433,decode,16,0,4336,0.0048,0,16,
1784262884.119433,1784262884.126362,decode,16,0,4336,0.0048,0,16,
1784262884.126362,1784262884.133634,decode,16,0,4336,0.0048,0,16,
1784262884.133634,1784262884.140640,decode,16,0,4336,0.0048,0,16,
1784262884.140640,1784262884.147762,decode,16,0,4336,0.0048,0,16,
1784262884.147762,1784262884.155219,decode,16,0,4336,0.0048,0,16,
1784262884.155219,1784262884.162145,decode,16,0,4336,0.0048,0,16,
1784262884.162145,1784262884.169420,decode,16,0,4336,0.0048,0,16,
1784262884.169420,1784262884.176738,decode,16,0,4336,0.0048,0,16,
1784262884.176738,1784262884.183421,decode,16,0,4336,0.0048,0,16,
1784262884.183421,1784262884.190746,decode,16,0,4336,0.0048,0,16,
1784262884.190746,1784262884.198160,decode,10,0,3472,0.0038,0,16,
1784262884.198160,1784262884.207676,decode,0,0,0,0.0000,0,10,
1784262884.207676,1784262884.219778,mixed,6,0,2128,0.0024,12288,6,
1784262884.219778,1784262884.229001,mixed,16,0,2384,0.0026,20480,16,
1784262884.229001,1784262884.236256,decode,16,0,2544,0.0028,0,16,
1784262884.236256,1784262884.243166,decode,16,0,2544,0.0028,0,16,
1784262884.243166,1784262884.250415,decode,16,0,2544,0.0028,0,16,
1784262884.250415,1784262884.257277,decode,16,0,2544,0.0028,0,16,
1784262884.257277,1784262884.264513,decode,16,0,2544,0.0028,0,16,
1784262884.264513,1784262884.271425,decode,16,0,2544,0.0028,0,16,
1784262884.271425,1784262884.278735,decode,16,0,2544,0.0028,0,16,
1784262884.278735,1784262884.285919,decode,16,0,2544,0.0028,0,16,
1784262884.285919,1784262884.292402,decode,16,0,2544,0.0028,0,16,
1784262884.292402,1784262884.299575,decode,16,0,2544,0.0028,0,16,
1784262884.299575,1784262884.306957,decode,16,0,2544,0.0028,0,16,
1784262884.306957,1784262884.313676,decode,16,0,2544,0.0028,0,16,
1784262884.313676,1784262884.320613,decode,16,0,2544,0.0028,0,16,
1784262884.320613,1784262884.328024,decode,16,0,2544,0.0028,0,16,
1784262884.328024,1784262884.335148,decode,16,0,2544,0.0028,0,16,
1784262884.335148,1784262884.342179,decode,16,0,2640,0.0029,0,16,
1784262884.342179,1784262884.349464,decode,16,0,2800,0.0031,0,16,
1784262884.349464,1784262884.356729,decode,16,0,2800,0.0031,0,16,
1784262884.356729,1784262884.363372,decode,16,0,2800,0.0031,0,16,
1784262884.363372,1784262884.370631,decode,16,0,2800,0.0031,0,16,
1784262884.370631,1784262884.377886,decode,16,0,2800,0.0031,0,16,
1784262884.377886,1784262884.384755,decode,16,0,2800,0.0031,0,16,
1784262884.384755,1784262884.391481,decode,16,0,2800,0.0031,0,16,
1784262884.391481,1784262884.398836,decode,16,0,2800,0.0031,0,16,
1784262884.398836,1784262884.405859,decode,16,0,2800,0.0031,0,16,
1784262884.405859,1784262884.412787,decode,16,0,2800,0.0031,0,16,
1784262884.412787,1784262884.419835,decode,16,0,2800,0.0031,0,16,
1784262884.419835,1784262884.427037,decode,16,0,2800,0.0031,0,16,
1784262884.427037,1784262884.433912,decode,16,0,2800,0.0031,0,16,
1784262884.433912,1784262884.440986,decode,16,0,2800,0.0031,0,16,
1784262884.440986,1784262884.448245,decode,16,0,2800,0.0031,0,16,
1784262884.448245,1784262884.455496,decode,16,0,2896,0.0032,0,16,
1784262884.455496,1784262884.462490,decode,16,0,3056,0.0034,0,16,
1784262884.462490,1784262884.469340,decode,16,0,3056,0.0034,0,16,
1784262884.469340,1784262884.476718,decode,16,0,3056,0.0034,0,16,
1784262884.476718,1784262884.483448,decode,16,0,3056,0.0034,0,16,
1784262884.483448,1784262884.490433,decode,16,0,3056,0.0034,0,16,
1784262884.490433,1784262884.497525,decode,16,0,3056,0.0034,0,16,
1784262884.497525,1784262884.504567,decode,16,0,3056,0.0034,0,16,
1784262884.504567,1784262884.511671,decode,16,0,3056,0.0034,0,16,
1784262884.511671,1784262884.518882,decode,16,0,3056,0.0034,0,16,
1784262884.518882,1784262884.525943,decode,16,0,3056,0.0034,0,16,
1784262884.525943,1784262884.532833,decode,16,0,3056,0.0034,0,16,
1784262884.532833,1784262884.540096,decode,16,0,3056,0.0034,0,16,
1784262884.540096,1784262884.546937,decode,16,0,3056,0.0034,0,16,
1784262884.546937,1784262884.554011,decode,16,0,3056,0.0034,0,16,
1784262884.554011,1784262884.561155,decode,16,0,3056,0.0034,0,16,
1784262884.561155,1784262884.568624,decode,16,0,3152,0.0035,0,16,
1784262884.568624,1784262884.575315,decode,16,0,3312,0.0037,0,16,
1784262884.575315,1784262884.582350,decode,16,0,3312,0.0037,0,16,
1784262884.582350,1784262884.589583,decode,16,0,3312,0.0037,0,16,
1784262884.589583,1784262884.596780,decode,16,0,3312,0.0037,0,16,
1784262884.596780,1784262884.603837,decode,16,0,3312,0.0037,0,16,
1784262884.603837,1784262884.610607,decode,16,0,3312,0.0037,0,16,
1784262884.610607,1784262884.618031,decode,16,0,3312,0.0037,0,16,
1784262884.618031,1784262884.624916,decode,16,0,3312,0.0037,0,16,
1784262884.624916,1784262884.631854,decode,16,0,3312,0.0037,0,16,
1784262884.631854,1784262884.639185,decode,16,0,3312,0.0037,0,16,
1784262884.639185,1784262884.645862,decode,16,0,3312,0.0037,0,16,
1784262884.645862,1784262884.652846,decode,16,0,3312,0.0037,0,16,
1784262884.652846,1784262884.660387,decode,16,0,3312,0.0037,0,16,
1784262884.660387,1784262884.667432,decode,16,0,3312,0.0037,0,16,
1784262884.667432,1784262884.674430,decode,16,0,3312,0.0037,0,16,
1784262884.674430,1784262884.681679,decode,16,0,3408,0.0038,0,16,
1784262884.681679,1784262884.688913,decode,16,0,3568,0.0040,0,16,
1784262884.688913,1784262884.695820,decode,16,0,3568,0.0040,0,16,
1784262884.695820,1784262884.702809,decode,16,0,3568,0.0040,0,16,
1784262884.702809,1784262884.709979,decode,16,0,3568,0.0040,0,16,
1784262884.709979,1784262884.716961,decode,16,0,3568,0.0040,0,16,
1784262884.716961,1784262884.724452,decode,16,0,3568,0.0040,0,16,
1784262884.724452,1784262884.731587,decode,16,0,3568,0.0040,0,16,
1784262884.731587,1784262884.738600,decode,16,0,3568,0.0040,0,16,
1784262884.738600,1784262884.745643,decode,16,0,3568,0.0040,0,16,
1784262884.745643,1784262884.752773,decode,16,0,3568,0.0040,0,16,
1784262884.752773,1784262884.760113,decode,16,0,3568,0.0040,0,16,
1784262884.760113,1784262884.766814,decode,16,0,3568,0.0040,0,16,
1784262884.766814,1784262884.773929,decode,16,0,3568,0.0040,0,16,
1784262884.773929,1784262884.781189,decode,16,0,3568,0.0040,0,16,
1784262884.781189,1784262884.788620,decode,16,0,3568,0.0040,0,16,
1784262884.788620,1784262884.795423,decode,16,0,3664,0.0041,0,16,
1784262884.795423,1784262884.802353,decode,16,0,3824,0.0042,0,16,
1784262884.802353,1784262884.809435,decode,16,0,3824,0.0042,0,16,
1784262884.809435,1784262884.816931,decode,16,0,3824,0.0042,0,16,
1784262884.816931,1784262884.823444,decode,16,0,3824,0.0042,0,16,
1784262884.823444,1784262884.830674,decode,16,0,3824,0.0042,0,16,
1784262884.830674,1784262884.837830,decode,16,0,3824,0.0042,0,16,
1784262884.837830,1784262884.844896,decode,16,0,3824,0.0042,0,16,
1784262884.844896,1784262884.851859,decode,16,0,3824,0.0042,0,16,
1784262884.851859,1784262884.859274,decode,16,0,3824,0.0042,0,16,
1784262884.859274,1784262884.866175,decode,16,0,3824,0.0042,0,16,
1784262884.866175,1784262884.873032,decode,16,0,3824,0.0042,0,16,
1784262884.873032,1784262884.880280,decode,16,0,3824,0.0042,0,16,
1784262884.880280,1784262884.887435,decode,16,0,3824,0.0042,0,16,
1784262884.887435,1784262884.894249,decode,16,0,3824,0.0042,0,16,
1784262884.894249,1784262884.901445,decode,16,0,3824,0.0042,0,16,
1784262884.901445,1784262884.908643,decode,16,0,3920,0.0043,0,16,
1784262884.908643,1784262884.915958,decode,16,0,4080,0.0045,0,16,
1784262884.915958,1784262884.922760,decode,16,0,4080,0.0045,0,16,
1784262884.922760,1784262884.930193,decode,16,0,4080,0.0045,0,16,
1784262884.930193,1784262884.937167,decode,16,0,4080,0.0045,0,16,
1784262884.937167,1784262884.943843,decode,16,0,4080,0.0045,0,16,
1784262884.943843,1784262884.951033,decode,16,0,4080,0.0045,0,16,
1784262884.951033,1784262884.958028,decode,16,0,4080,0.0045,0,16,
1784262884.958028,1784262884.965392,decode,16,0,4080,0.0045,0,16,
1784262884.965392,1784262884.972326,decode,16,0,4080,0.0045,0,16,
1784262884.972326,1784262884.979643,decode,16,0,4080,0.0045,0,16,
1784262884.979643,1784262884.986348,decode,16,0,4080,0.0045,0,16,
1784262884.986348,1784262884.993907,decode,16,0,4080,0.0045,0,16,
1784262884.993907,1784262885.000592,decode,16,0,4080,0.0045,0,16,
1784262885.000592,1784262885.007908,decode,16,0,4080,0.0045,0,16,
1784262885.007908,1784262885.014977,decode,16,0,4080,0.0045,0,16,
1784262885.014977,1784262885.022077,decode,16,0,4176,0.0046,0,16,
1784262885.022077,1784262885.029311,decode,16,0,4336,0.0048,0,16,
1784262885.029311,1784262885.036390,decode,16,0,4336,0.0048,0,16,
1784262885.036390,1784262885.043932,decode,16,0,4336,0.0048,0,16,
1784262885.043932,1784262885.050453,decode,16,0,4336,0.0048,0,16,
1784262885.050453,1784262885.057665,decode,16,0,4336,0.0048,0,16,
1784262885.057665,1784262885.064814,decode,16,0,4336,0.0048,0,16,
1784262885.064814,1784262885.071751,decode,16,0,4336,0.0048,0,16,
1784262885.071751,1784262885.078993,decode,16,0,4336,0.0048,0,16,
1784262885.078993,1784262885.086074,decode,16,0,4336,0.0048,0,16,
1784262885.086074,1784262885.093179,decode,16,0,4336,0.0048,0,16,
1784262885.093179,1784262885.100110,decode,16,0,4336,0.0048,0,16,
1784262885.100110,1784262885.107317,decode,16,0,4336,0.0048,0,16,
1784262885.107317,1784262885.114341,decode,16,0,4336,0.0048,0,16,
1784262885.114341,1784262885.121567,decode,10,0,3472,0.0038,0,16,
1784262885.121567,1784262885.131357,decode,0,0,0,0.0000,0,10,
1784262885.131357,1784262885.142377,mixed,6,0,2128,0.0024,12288,6,
1784262885.142377,1784262885.151707,mixed,16,0,2384,0.0026,20480,16,
1784262885.151707,1784262885.158910,decode,16,0,2544,0.0028,0,16,
1784262885.158910,1784262885.165983,decode,16,0,2544,0.0028,0,16,
1784262885.165983,1784262885.172888,decode,16,0,2544,0.0028,0,16,
1784262885.172888,1784262885.180014,decode,16,0,2544,0.0028,0,16,
1784262885.180014,1784262885.187060,decode,16,0,2544,0.0028,0,16,
1784262885.187060,1784262885.194149,decode,16,0,2544,0.0028,0,16,
1784262885.194149,1784262885.201212,decode,16,0,2544,0.0028,0,16,
1784262885.201212,1784262885.208291,decode,16,0,2544,0.0028,0,16,
1784262885.208291,1784262885.215245,decode,16,0,2544,0.0028,0,16,
1784262885.215245,1784262885.222264,decode,16,0,2544,0.0028,0,16,
1784262885.222264,1784262885.229314,decode,16,0,2544,0.0028,0,16,
1784262885.229314,1784262885.236347,decode,16,0,2544,0.0028,0,16,
1784262885.236347,1784262885.243565,decode,16,0,2544,0.0028,0,16,
1784262885.243565,1784262885.250697,decode,16,0,2544,0.0028,0,16,
1784262885.250697,1784262885.258264,decode,16,0,2544,0.0028,0,16,
1784262885.258264,1784262885.265406,decode,16,0,2640,0.0029,0,16,
1784262885.265406,1784262885.272283,decode,16,0,2800,0.0031,0,16,
1784262885.272283,1784262885.279448,decode,16,0,2800,0.0031,0,16,
1784262885.279448,1784262885.286565,decode,16,0,2800,0.0031,0,16,
1784262885.286565,1784262885.293574,decode,16,0,2800,0.0031,0,16,
1784262885.293574,1784262885.300579,decode,16,0,2800,0.0031,0,16,
1784262885.300579,1784262885.307760,decode,16,0,2800,0.0031,0,16,
1784262885.307760,1784262885.314888,decode,16,0,2800,0.0031,0,16,
1784262885.314888,1784262885.322187,decode,16,0,2800,0.0031,0,16,
1784262885.322187,1784262885.329186,decode,16,0,2800,0.0031,0,16,
1784262885.329186,1784262885.336216,decode,16,0,2800,0.0031,0,16,
1784262885.336216,1784262885.343307,decode,16,0,2800,0.0031,0,16,
1784262885.343307,1784262885.350353,decode,16,0,2800,0.0031,0,16,
1784262885.350353,1784262885.357389,decode,16,0,2800,0.0031,0,16,
1784262885.357389,1784262885.364508,decode,16,0,2800,0.0031,0,16,
1784262885.364508,1784262885.371698,decode,16,0,2800,0.0031,0,16,
1784262885.371698,1784262885.378748,decode,16,0,2896,0.0032,0,16,
1784262885.378748,1784262885.385925,decode,16,0,3056,0.0034,0,16,
1784262885.385925,1784262885.392989,decode,16,0,3056,0.0034,0,16,
1784262885.392989,1784262885.399965,decode,16,0,3056,0.0034,0,16,
1784262885.399965,1784262885.407093,decode,16,0,3056,0.0034,0,16,
1784262885.407093,1784262885.414200,decode,16,0,3056,0.0034,0,16,
1784262885.414200,1784262885.421151,decode,16,0,3056,0.0034,0,16,
1784262885.421151,1784262885.428509,decode,16,0,3056,0.0034,0,16,
1784262885.428509,1784262885.435521,decode,16,0,3056,0.0034,0,16,
1784262885.435521,1784262885.442501,decode,16,0,3056,0.0034,0,16,
1784262885.442501,1784262885.449626,decode,16,0,3056,0.0034,0,16,
1784262885.449626,1784262885.456659,decode,16,0,3056,0.0034,0,16,
1784262885.456659,1784262885.464024,decode,16,0,3056,0.0034,0,16,
1784262885.464024,1784262885.470596,decode,16,0,3056,0.0034,0,16,
1784262885.470596,1784262885.477819,decode,16,0,3056,0.0034,0,16,
1784262885.477819,1784262885.485012,decode,16,0,3056,0.0034,0,16,
1784262885.485012,1784262885.492112,decode,16,0,3152,0.0035,0,16,
1784262885.492112,1784262885.499124,decode,16,0,3312,0.0037,0,16,
1784262885.499124,1784262885.506169,decode,16,0,3312,0.0037,0,16,
1784262885.506169,1784262885.513214,decode,16,0,3312,0.0037,0,16,
1784262885.513214,1784262885.520541,decode,16,0,3312,0.0037,0,16,
1784262885.520541,1784262885.527816,decode,16,0,3312,0.0037,0,16,
1784262885.527816,1784262885.534803,decode,16,0,3312,0.0037,0,16,
1784262885.534803,1784262885.541733,decode,16,0,3312,0.0037,0,16,
1784262885.541733,1784262885.548783,decode,16,0,3312,0.0037,0,16,
1784262885.548783,1784262885.556335,decode,16,0,3312,0.0037,0,16,
1784262885.556335,1784262885.562898,decode,16,0,3312,0.0037,0,16,
1784262885.562898,1784262885.570089,decode,16,0,3312,0.0037,0,16,
1784262885.570089,1784262885.577532,decode,16,0,3312,0.0037,0,16,
1784262885.577532,1784262885.584452,decode,16,0,3312,0.0037,0,16,
1784262885.584452,1784262885.591259,decode,16,0,3312,0.0037,0,16,
1784262885.591259,1784262885.598493,decode,16,0,3312,0.0037,0,16,
1784262885.598493,1784262885.605932,decode,16,0,3408,0.0038,0,16,
1784262885.605932,1784262885.613190,decode,16,0,3568,0.0040,0,16,
1784262885.613190,1784262885.620326,decode,16,0,3568,0.0040,0,16,
1784262885.620326,1784262885.627332,decode,16,0,3568,0.0040,0,16,
1784262885.627332,1784262885.634633,decode,16,0,3568,0.0040,0,16,
1784262885.634633,1784262885.641337,decode,16,0,3568,0.0040,0,16,
1784262885.641337,1784262885.648329,decode,16,0,3568,0.0040,0,16,
1784262885.648329,1784262885.655946,decode,16,0,3568,0.0040,0,16,
1784262885.655946,1784262885.663121,decode,16,0,3568,0.0040,0,16,
1784262885.663121,1784262885.670378,decode,16,0,3568,0.0040,0,16,
1784262885.670378,1784262885.677286,decode,16,0,3568,0.0040,0,16,
1784262885.677286,1784262885.684307,decode,16,0,3568,0.0040,0,16,
1784262885.684307,1784262885.691456,decode,16,0,3568,0.0040,0,16,
1784262885.691456,1784262885.698577,decode,16,0,3568,0.0040,0,16,
1784262885.698577,1784262885.705590,decode,16,0,3568,0.0040,0,16,
1784262885.705590,1784262885.713032,decode,16,0,3568,0.0040,0,16,
1784262885.713032,1784262885.720675,decode,16,0,3664,0.0041,0,16,
1784262885.720675,1784262885.727615,decode,16,0,3824,0.0042,0,16,
1784262885.727615,1784262885.734833,decode,16,0,3824,0.0042,0,16,
1784262885.734833,1784262885.741943,decode,16,0,3824,0.0042,0,16,
1784262885.741943,1784262885.748902,decode,16,0,3824,0.0042,0,16,
1784262885.748902,1784262885.756186,decode,16,0,3824,0.0042,0,16,
1784262885.756186,1784262885.763150,decode,16,0,3824,0.0042,0,16,
1784262885.763150,1784262885.770236,decode,16,0,3824,0.0042,0,16,
1784262885.770236,1784262885.777646,decode,16,0,3824,0.0042,0,16,
1784262885.777646,1784262885.784326,decode,16,0,3824,0.0042,0,16,
1784262885.784326,1784262885.791342,decode,16,0,3824,0.0042,0,16,
1784262885.791342,1784262885.798451,decode,16,0,3824,0.0042,0,16,
1784262885.798451,1784262885.805690,decode,16,0,3824,0.0042,0,16,
1784262885.805690,1784262885.812732,decode,16,0,3824,0.0042,0,16,
1784262885.812732,1784262885.819745,decode,16,0,3824,0.0042,0,16,
1784262885.819745,1784262885.827508,decode,16,0,3824,0.0042,0,16,
1784262885.827508,1784262885.834481,decode,16,0,3920,0.0043,0,16,
1784262885.834481,1784262885.841568,decode,16,0,4080,0.0045,0,16,
1784262885.841568,1784262885.848674,decode,16,0,4080,0.0045,0,16,
1784262885.848674,1784262885.855870,decode,16,0,4080,0.0045,0,16,
1784262885.855870,1784262885.862780,decode,16,0,4080,0.0045,0,16,
1784262885.862780,1784262885.870176,decode,16,0,4080,0.0045,0,16,
1784262885.870176,1784262885.877707,decode,16,0,4080,0.0045,0,16,
1784262885.877707,1784262885.884352,decode,16,0,4080,0.0045,0,16,
1784262885.884352,1784262885.891420,decode,16,0,4080,0.0045,0,16,
1784262885.891420,1784262885.898900,decode,16,0,4080,0.0045,0,16,
1784262885.898900,1784262885.905625,decode,16,0,4080,0.0045,0,16,
1784262885.905625,1784262885.912837,decode,16,0,4080,0.0045,0,16,
1784262885.912837,1784262885.919816,decode,16,0,4080,0.0045,0,16,
1784262885.919816,1784262885.926932,decode,16,0,4080,0.0045,0,16,
1784262885.926932,1784262885.934162,decode,16,0,4080,0.0045,0,16,
1784262885.934162,1784262885.941271,decode,16,0,4080,0.0045,0,16,
1784262885.941271,1784262885.948422,decode,16,0,4176,0.0046,0,16,
1784262885.948422,1784262885.955426,decode,16,0,4336,0.0048,0,16,
1784262885.955426,1784262885.962584,decode,16,0,4336,0.0048,0,16,
1784262885.962584,1784262885.969666,decode,16,0,4336,0.0048,0,16,
1784262885.969666,1784262885.976673,decode,16,0,4336,0.0048,0,16,
1784262885.976673,1784262885.983877,decode,16,0,4336,0.0048,0,16,
1784262885.983877,1784262885.990993,decode,16,0,4336,0.0048,0,16,
1784262885.990993,1784262885.997921,decode,16,0,4336,0.0048,0,16,
1784262885.997921,1784262886.005162,decode,16,0,4336,0.0048,0,16,
1784262886.005162,1784262886.012231,decode,16,0,4336,0.0048,0,16,
1784262886.012231,1784262886.019345,decode,16,0,4336,0.0048,0,16,
1784262886.019345,1784262886.026337,decode,16,0,4336,0.0048,0,16,
1784262886.026337,1784262886.033425,decode,16,0,4336,0.0048,0,16,
1784262886.033425,1784262886.040374,decode,16,0,4336,0.0048,0,16,
1784262886.040374,1784262886.048024,decode,10,0,3472,0.0038,0,16,
1784262886.048024,1784262886.057900,decode,0,0,0,0.0000,0,10,
1784262886.057900,1784262886.069926,mixed,6,0,2128,0.0024,12288,6,
1784262886.069926,1784262886.078866,mixed,16,0,2384,0.0026,20480,16,
1784262886.078866,1784262886.085703,decode,16,0,2544,0.0028,0,16,
1784262886.085703,1784262886.093372,decode,16,0,2544,0.0028,0,16,
1784262886.093372,1784262886.100594,decode,16,0,2544,0.0028,0,16,
1784262886.100594,1784262886.107445,decode,16,0,2544,0.0028,0,16,
1784262886.107445,1784262886.114344,decode,16,0,2544,0.0028,0,16,
1784262886.114344,1784262886.121706,decode,16,0,2544,0.0028,0,16,
1784262886.121706,1784262886.128531,decode,16,0,2544,0.0028,0,16,
1784262886.128531,1784262886.135426,decode,16,0,2544,0.0028,0,16,
1784262886.135426,1784262886.142363,decode,16,0,2544,0.0028,0,16,
1784262886.142363,1784262886.149625,decode,16,0,2544,0.0028,0,16,
1784262886.149625,1784262886.156665,decode,16,0,2544,0.0028,0,16,
1784262886.156665,1784262886.163694,decode,16,0,2544,0.0028,0,16,
1784262886.163694,1784262886.170867,decode,16,0,2544,0.0028,0,16,
1784262886.170867,1784262886.177820,decode,16,0,2544,0.0028,0,16,
1784262886.177820,1784262886.185005,decode,16,0,2544,0.0028,0,16,
1784262886.185005,1784262886.192229,decode,16,0,2640,0.0029,0,16,
1784262886.192229,1784262886.199282,decode,16,0,2800,0.0031,0,16,
1784262886.199282,1784262886.206169,decode,16,0,2800,0.0031,0,16,
1784262886.206169,1784262886.213459,decode,16,0,2800,0.0031,0,16,
1784262886.213459,1784262886.220523,decode,16,0,2800,0.0031,0,16,
1784262886.220523,1784262886.227484,decode,16,0,2800,0.0031,0,16,
1784262886.227484,1784262886.234631,decode,16,0,2800,0.0031,0,16,
1784262886.234631,1784262886.241611,decode,16,0,2800,0.0031,0,16,
1784262886.241611,1784262886.248640,decode,16,0,2800,0.0031,0,16,
1784262886.248640,1784262886.255727,decode,16,0,2800,0.0031,0,16,
1784262886.255727,1784262886.262818,decode,16,0,2800,0.0031,0,16,
1784262886.262818,1784262886.269978,decode,16,0,2800,0.0031,0,16,
1784262886.269978,1784262886.276890,decode,16,0,2800,0.0031,0,16,
1784262886.276890,1784262886.284057,decode,16,0,2800,0.0031,0,16,
1784262886.284057,1784262886.291159,decode,16,0,2800,0.0031,0,16,
1784262886.291159,1784262886.298309,decode,16,0,2800,0.0031,0,16,
1784262886.298309,1784262886.305257,decode,16,0,2896,0.0032,0,16,
1784262886.305257,1784262886.312333,decode,16,0,3056,0.0034,0,16,
1784262886.312333,1784262886.319580,decode,16,0,3056,0.0034,0,16,
1784262886.319580,1784262886.326410,decode,16,0,3056,0.0034,0,16,
1784262886.326410,1784262886.333403,decode,16,0,3056,0.0034,0,16,
1784262886.333403,1784262886.340756,decode,16,0,3056,0.0034,0,16,
1784262886.340756,1784262886.347630,decode,16,0,3056,0.0034,0,16,
1784262886.347630,1784262886.354858,decode,16,0,3056,0.0034,0,16,
1784262886.354858,1784262886.361936,decode,16,0,3056,0.0034,0,16,
1784262886.361936,1784262886.368846,decode,16,0,3056,0.0034,0,16,
1784262886.368846,1784262886.375901,decode,16,0,3056,0.0034,0,16,
1784262886.375901,1784262886.383061,decode,16,0,3056,0.0034,0,16,
1784262886.383061,1784262886.389963,decode,16,0,3056,0.0034,0,16,
1784262886.389963,1784262886.397086,decode,16,0,3056,0.0034,0,16,
1784262886.397086,1784262886.404080,decode,16,0,3056,0.0034,0,16,
1784262886.404080,1784262886.411433,decode,16,0,3056,0.0034,0,16,
1784262886.411433,1784262886.418282,decode,16,0,3152,0.0035,0,16,
1784262886.418282,1784262886.425462,decode,16,0,3312,0.0037,0,16,
1784262886.425462,1784262886.432580,decode,16,0,3312,0.0037,0,16,
1784262886.432580,1784262886.439484,decode,16,0,3312,0.0037,0,16,
1784262886.439484,1784262886.446635,decode,16,0,3312,0.0037,0,16,
1784262886.446635,1784262886.453710,decode,16,0,3312,0.0037,0,16,
1784262886.453710,1784262886.460638,decode,16,0,3312,0.0037,0,16,
1784262886.460638,1784262886.467804,decode,16,0,3312,0.0037,0,16,
1784262886.467804,1784262886.474703,decode,16,0,3312,0.0037,0,16,
1784262886.474703,1784262886.481843,decode,16,0,3312,0.0037,0,16,
1784262886.481843,1784262886.488930,decode,16,0,3312,0.0037,0,16,
1784262886.488930,1784262886.495988,decode,16,0,3312,0.0037,0,16,
1784262886.495988,1784262886.503098,decode,16,0,3312,0.0037,0,16,
1784262886.503098,1784262886.509992,decode,16,0,3312,0.0037,0,16,
1784262886.509992,1784262886.517226,decode,16,0,3312,0.0037,0,16,
1784262886.517226,1784262886.524369,decode,16,0,3312,0.0037,0,16,
1784262886.524369,1784262886.531560,decode,16,0,3408,0.0038,0,16,
1784262886.531560,1784262886.538715,decode,16,0,3568,0.0040,0,16,
1784262886.538715,1784262886.545799,decode,16,0,3568,0.0040,0,16,
1784262886.545799,1784262886.552805,decode,16,0,3568,0.0040,0,16,
1784262886.552805,1784262886.559661,decode,16,0,3568,0.0040,0,16,
1784262886.559661,1784262886.566914,decode,16,0,3568,0.0040,0,16,
1784262886.566914,1784262886.573889,decode,16,0,3568,0.0040,0,16,
1784262886.573889,1784262886.580911,decode,16,0,3568,0.0040,0,16,
1784262886.580911,1784262886.588096,decode,16,0,3568,0.0040,0,16,
1784262886.588096,1784262886.595037,decode,16,0,3568,0.0040,0,16,
1784262886.595037,1784262886.602128,decode,16,0,3568,0.0040,0,16,
1784262886.602128,1784262886.609231,decode,16,0,3568,0.0040,0,16,
1784262886.609231,1784262886.616224,decode,16,0,3568,0.0040,0,16,
1784262886.616224,1784262886.623329,decode,16,0,3568,0.0040,0,16,
1784262886.623329,1784262886.630311,decode,16,0,3568,0.0040,0,16,
1784262886.630311,1784262886.637445,decode,16,0,3568,0.0040,0,16,
1784262886.637445,1784262886.644834,decode,16,0,3664,0.0041,0,16,
1784262886.644834,1784262886.651941,decode,16,0,3824,0.0042,0,16,
1784262886.651941,1784262886.658991,decode,16,0,3824,0.0042,0,16,
1784262886.658991,1784262886.665972,decode,16,0,3824,0.0042,0,16,
1784262886.665972,1784262886.673217,decode,16,0,3824,0.0042,0,16,
1784262886.673217,1784262886.679823,decode,16,0,3824,0.0042,0,16,
1784262886.679823,1784262886.686999,decode,16,0,3824,0.0042,0,16,
1784262886.686999,1784262886.693938,decode,16,0,3824,0.0042,0,16,
1784262886.693938,1784262886.701207,decode,16,0,3824,0.0042,0,16,
1784262886.701207,1784262886.708031,decode,16,0,3824,0.0042,0,16,
1784262886.708031,1784262886.715620,decode,16,0,3824,0.0042,0,16,
1784262886.715620,1784262886.722493,decode,16,0,3824,0.0042,0,16,
1784262886.722493,1784262886.729752,decode,16,0,3824,0.0042,0,16,
1784262886.729752,1784262886.736942,decode,16,0,3824,0.0042,0,16,
1784262886.736942,1784262886.744193,decode,16,0,3824,0.0042,0,16,
1784262886.744193,1784262886.751298,decode,16,0,3824,0.0042,0,16,
1784262886.751298,1784262886.758951,decode,16,0,3920,0.0043,0,16,
1784262886.758951,1784262886.766319,decode,16,0,4080,0.0045,0,16,
1784262886.766319,1784262886.773663,decode,16,0,4080,0.0045,0,16,
1784262886.773663,1784262886.780772,decode,16,0,4080,0.0045,0,16,
1784262886.780772,1784262886.788365,decode,16,0,4080,0.0045,0,16,
1784262886.788365,1784262886.795590,decode,16,0,4080,0.0045,0,16,
1784262886.795590,1784262886.803141,decode,16,0,4080,0.0045,0,16,
1784262886.803141,1784262886.810491,decode,16,0,4080,0.0045,0,16,
1784262886.810491,1784262886.817538,decode,16,0,4080,0.0045,0,16,
1784262886.817538,1784262886.824402,decode,16,0,4080,0.0045,0,16,
1784262886.824402,1784262886.831385,decode,16,0,4080,0.0045,0,16,
1784262886.831385,1784262886.838968,decode,16,0,4080,0.0045,0,16,
1784262886.838968,1784262886.845922,decode,16,0,4080,0.0045,0,16,
1784262886.845922,1784262886.853363,decode,16,0,4080,0.0045,0,16,
1784262886.853363,1784262886.860218,decode,16,0,4080,0.0045,0,16,
1784262886.860218,1784262886.867278,decode,16,0,4080,0.0045,0,16,
1784262886.867278,1784262886.874672,decode,16,0,4176,0.0046,0,16,
1784262886.874672,1784262886.881189,decode,16,0,4336,0.0048,0,16,
1784262886.881189,1784262886.888560,decode,16,0,4336,0.0048,0,16,
1784262886.888560,1784262886.895564,decode,16,0,4336,0.0048,0,16,
1784262886.895564,1784262886.902413,decode,16,0,4336,0.0048,0,16,
1784262886.902413,1784262886.909697,decode,16,0,4336,0.0048,0,16,
1784262886.909697,1784262886.916835,decode,16,0,4336,0.0048,0,16,
1784262886.916835,1784262886.923907,decode,16,0,4336,0.0048,0,16,
1784262886.923907,1784262886.930794,decode,16,0,4336,0.0048,0,16,
1784262886.930794,1784262886.938414,decode,16,0,4336,0.0048,0,16,
1784262886.938414,1784262886.945263,decode,16,0,4336,0.0048,0,16,
1784262886.945263,1784262886.952040,decode,16,0,4336,0.0048,0,16,
1784262886.952040,1784262886.959301,decode,16,0,4336,0.0048,0,16,
1784262886.959301,1784262886.966418,decode,16,0,4336,0.0048,0,16,
1784262886.966418,1784262886.973482,decode,10,0,3472,0.0038,0,16,
1784262886.973482,1784262886.983934,decode,0,0,0,0.0000,0,10,
1784262886.983934,1784262886.994992,mixed,6,0,2128,0.0024,12288,6,
1784262886.994992,1784262887.003922,mixed,16,0,2384,0.0026,20480,16,
1784262887.003922,1784262887.010910,decode,16,0,2544,0.0028,0,16,
1784262887.010910,1784262887.017960,decode,16,0,2544,0.0028,0,16,
1784262887.017960,1784262887.025401,decode,16,0,2544,0.0028,0,16,
1784262887.025401,1784262887.032151,decode,16,0,2544,0.0028,0,16,
1784262887.032151,1784262887.039172,decode,16,0,2544,0.0028,0,16,
1784262887.039172,1784262887.046655,decode,16,0,2544,0.0028,0,16,
1784262887.046655,1784262887.053733,decode,16,0,2544,0.0028,0,16,
1784262887.053733,1784262887.060443,decode,16,0,2544,0.0028,0,16,
1784262887.060443,1784262887.067490,decode,16,0,2544,0.0028,0,16,
1784262887.067490,1784262887.074744,decode,16,0,2544,0.0028,0,16,
1784262887.074744,1784262887.081603,decode,16,0,2544,0.0028,0,16,
1784262887.081603,1784262887.088680,decode,16,0,2544,0.0028,0,16,
1784262887.088680,1784262887.095887,decode,16,0,2544,0.0028,0,16,
1784262887.095887,1784262887.102848,decode,16,0,2544,0.0028,0,16,
1784262887.102848,1784262887.109999,decode,16,0,2544,0.0028,0,16,
1784262887.109999,1784262887.117080,decode,16,0,2640,0.0029,0,16,
1784262887.117080,1784262887.124554,decode,16,0,2800,0.0031,0,16,
1784262887.124554,1784262887.131528,decode,16,0,2800,0.0031,0,16,
1784262887.131528,1784262887.138627,decode,16,0,2800,0.0031,0,16,
1784262887.138627,1784262887.146039,decode,16,0,2800,0.0031,0,16,
1784262887.146039,1784262887.152797,decode,16,0,2800,0.0031,0,16,
1784262887.152797,1784262887.159739,decode,16,0,2800,0.0031,0,16,
1784262887.159739,1784262887.167159,decode,16,0,2800,0.0031,0,16,
1784262887.167159,1784262887.173944,decode,16,0,2800,0.0031,0,16,
1784262887.173944,1784262887.181005,decode,16,0,2800,0.0031,0,16,
1784262887.181005,1784262887.188062,decode,16,0,2800,0.0031,0,16,
1784262887.188062,1784262887.195019,decode,16,0,2800,0.0031,0,16,
1784262887.195019,1784262887.202152,decode,16,0,2800,0.0031,0,16,
1784262887.202152,1784262887.209262,decode,16,0,2800,0.0031,0,16,
1784262887.209262,1784262887.216354,decode,16,0,2800,0.0031,0,16,
1784262887.216354,1784262887.223467,decode,16,0,2800,0.0031,0,16,
1784262887.223467,1784262887.230635,decode,16,0,2896,0.0032,0,16,
1784262887.230635,1784262887.237780,decode,16,0,3056,0.0034,0,16,
1784262887.237780,1784262887.244856,decode,16,0,3056,0.0034,0,16,
1784262887.244856,1784262887.251858,decode,16,0,3056,0.0034,0,16,
1784262887.251858,1784262887.258977,decode,16,0,3056,0.0034,0,16,
1784262887.258977,1784262887.266085,decode,16,0,3056,0.0034,0,16,
1784262887.266085,1784262887.273168,decode,16,0,3056,0.0034,0,16,
1784262887.273168,1784262887.280198,decode,16,0,3056,0.0034,0,16,
1784262887.280198,1784262887.287273,decode,16,0,3056,0.0034,0,16,
1784262887.287273,1784262887.294355,decode,16,0,3056,0.0034,0,16,
1784262887.294355,1784262887.301338,decode,16,0,3056,0.0034,0,16,
1784262887.301338,1784262887.308465,decode,16,0,3056,0.0034,0,16,
1784262887.308465,1784262887.315546,decode,16,0,3056,0.0034,0,16,
1784262887.315546,1784262887.322568,decode,16,0,3056,0.0034,0,16,
1784262887.322568,1784262887.329703,decode,16,0,3056,0.0034,0,16,
1784262887.329703,1784262887.336809,decode,16,0,3056,0.0034,0,16,
1784262887.336809,1784262887.343978,decode,16,0,3152,0.0035,0,16,
1784262887.343978,1784262887.351002,decode,16,0,3312,0.0037,0,16,
1784262887.351002,1784262887.358130,decode,16,0,3312,0.0037,0,16,
1784262887.358130,1784262887.365287,decode,16,0,3312,0.0037,0,16,
1784262887.365287,1784262887.372556,decode,16,0,3312,0.0037,0,16,
1784262887.372556,1784262887.379437,decode,16,0,3312,0.0037,0,16,
1784262887.379437,1784262887.386481,decode,16,0,3312,0.0037,0,16,
1784262887.386481,1784262887.393867,decode,16,0,3312,0.0037,0,16,
1784262887.393867,1784262887.400675,decode,16,0,3312,0.0037,0,16,
1784262887.400675,1784262887.407787,decode,16,0,3312,0.0037,0,16,
1784262887.407787,1784262887.414862,decode,16,0,3312,0.0037,0,16,
1784262887.414862,1784262887.421718,decode,16,0,3312,0.0037,0,16,
1784262887.421718,1784262887.429214,decode,16,0,3312,0.0037,0,16,
1784262887.429214,1784262887.436163,decode,16,0,3312,0.0037,0,16,
1784262887.436163,1784262887.443449,decode,16,0,3312,0.0037,0,16,
1784262887.443449,1784262887.450580,decode,16,0,3312,0.0037,0,16,
1784262887.450580,1784262887.457766,decode,16,0,3408,0.0038,0,16,
1784262887.457766,1784262887.464855,decode,16,0,3568,0.0040,0,16,
1784262887.464855,1784262887.471556,decode,16,0,3568,0.0040,0,16,
1784262887.471556,1784262887.478938,decode,16,0,3568,0.0040,0,16,
1784262887.478938,1784262887.485836,decode,16,0,3568,0.0040,0,16,
1784262887.485836,1784262887.492892,decode,16,0,3568,0.0040,0,16,
1784262887.492892,1784262887.499834,decode,16,0,3568,0.0040,0,16,
1784262887.499834,1784262887.507555,decode,16,0,3568,0.0040,0,16,
1784262887.507555,1784262887.514761,decode,16,0,3568,0.0040,0,16,
1784262887.514761,1784262887.521871,decode,16,0,3568,0.0040,0,16,
1784262887.521871,1784262887.529408,decode,16,0,3568,0.0040,0,16,
1784262887.529408,1784262887.536587,decode,16,0,3568,0.0040,0,16,
1784262887.536587,1784262887.544063,decode,16,0,3568,0.0040,0,16,
1784262887.544063,1784262887.551285,decode,16,0,3568,0.0040,0,16,
1784262887.551285,1784262887.558645,decode,16,0,3568,0.0040,0,16,
1784262887.558645,1784262887.566061,decode,16,0,3568,0.0040,0,16,
1784262887.566061,1784262887.573566,decode,16,0,3664,0.0041,0,16,
1784262887.573566,1784262887.580690,decode,16,0,3824,0.0042,0,16,
1784262887.580690,1784262887.588100,decode,16,0,3824,0.0042,0,16,
1784262887.588100,1784262887.594903,decode,16,0,3824,0.0042,0,16,
1784262887.594903,1784262887.602097,decode,16,0,3824,0.0042,0,16,
1784262887.602097,1784262887.609364,decode,16,0,3824,0.0042,0,16,
1784262887.609364,1784262887.615983,decode,16,0,3824,0.0042,0,16,
1784262887.615983,1784262887.623593,decode,16,0,3824,0.0042,0,16,
1784262887.623593,1784262887.630601,decode,16,0,3824,0.0042,0,16,
1784262887.630601,1784262887.637527,decode,16,0,3824,0.0042,0,16,
1784262887.637527,1784262887.645164,decode,16,0,3824,0.0042,0,16,
1784262887.645164,1784262887.651841,decode,16,0,3824,0.0042,0,16,
1784262887.651841,1784262887.659286,decode,16,0,3824,0.0042,0,16,
1784262887.659286,1784262887.665864,decode,16,0,3824,0.0042,0,16,
1784262887.665864,1784262887.673017,decode,16,0,3824,0.0042,0,16,
1784262887.673017,1784262887.680621,decode,16,0,3824,0.0042,0,16,
1784262887.680621,1784262887.687190,decode,16,0,3920,0.0043,0,16,
1784262887.687190,1784262887.694512,decode,16,0,4080,0.0045,0,16,
1784262887.694512,1784262887.701763,decode,16,0,4080,0.0045,0,16,
1784262887.701763,1784262887.708749,decode,16,0,4080,0.0045,0,16,
1784262887.708749,1784262887.715732,decode,16,0,4080,0.0045,0,16,
1784262887.715732,1784262887.722951,decode,16,0,4080,0.0045,0,16,
1784262887.722951,1784262887.729730,decode,16,0,4080,0.0045,0,16,
1784262887.729730,1784262887.736919,decode,16,0,4080,0.0045,0,16,
1784262887.736919,1784262887.743802,decode,16,0,4080,0.0045,0,16,
1784262887.743802,1784262887.751428,decode,16,0,4080,0.0045,0,16,
1784262887.751428,1784262887.758668,decode,16,0,4080,0.0045,0,16,
1784262887.758668,1784262887.765401,decode,16,0,4080,0.0045,0,16,
1784262887.765401,1784262887.772748,decode,16,0,4080,0.0045,0,16,
1784262887.772748,1784262887.779604,decode,16,0,4080,0.0045,0,16,
1784262887.779604,1784262887.786503,decode,16,0,4080,0.0045,0,16,
1784262887.786503,1784262887.793572,decode,16,0,4080,0.0045,0,16,
1784262887.793572,1784262887.800800,decode,16,0,4176,0.0046,0,16,
1784262887.800800,1784262887.807976,decode,16,0,4336,0.0048,0,16,
1784262887.807976,1784262887.814865,decode,16,0,4336,0.0048,0,16,
1784262887.814865,1784262887.822085,decode,16,0,4336,0.0048,0,16,
1784262887.822085,1784262887.829221,decode,16,0,4336,0.0048,0,16,
1784262887.829221,1784262887.836174,decode,16,0,4336,0.0048,0,16,
1784262887.836174,1784262887.843438,decode,16,0,4336,0.0048,0,16,
1784262887.843438,1784262887.850648,decode,16,0,4336,0.0048,0,16,
1784262887.850648,1784262887.857415,decode,16,0,4336,0.0048,0,16,
1784262887.857415,1784262887.864404,decode,16,0,4336,0.0048,0,16,
1784262887.864404,1784262887.871521,decode,16,0,4336,0.0048,0,16,
1784262887.871521,1784262887.878563,decode,16,0,4336,0.0048,0,16,
1784262887.878563,1784262887.885850,decode,16,0,4336,0.0048,0,16,
1784262887.885850,1784262887.892954,decode,16,0,4336,0.0048,0,16,
1784262887.892954,1784262887.900253,decode,10,0,3472,0.0038,0,16,
1784262887.900253,1784262887.910270,decode,0,0,0,0.0000,0,10,
1784262887.910270,1784262887.921803,mixed,6,0,2128,0.0024,12288,6,
1784262887.921803,1784262887.930590,mixed,16,0,2384,0.0026,20480,16,
1784262887.930590,1784262887.937644,decode,16,0,2544,0.0028,0,16,
1784262887.937644,1784262887.944434,decode,16,0,2544,0.0028,0,16,
1784262887.944434,1784262887.951713,decode,16,0,2544,0.0028,0,16,
1784262887.951713,1784262887.958755,decode,16,0,2544,0.0028,0,16,
1784262887.958755,1784262887.965643,decode,16,0,2544,0.0028,0,16,
1784262887.965643,1784262887.972827,decode,16,0,2544,0.0028,0,16,
1784262887.972827,1784262887.979744,decode,16,0,2544,0.0028,0,16,
1784262887.979744,1784262887.986801,decode,16,0,2544,0.0028,0,16,
1784262887.986801,1784262887.994085,decode,16,0,2544,0.0028,0,16,
1784262887.994085,1784262888.000990,decode,16,0,2544,0.0028,0,16,
1784262888.000990,1784262888.008095,decode,16,0,2544,0.0028,0,16,
1784262888.008095,1784262888.015089,decode,16,0,2544,0.0028,0,16,
1784262888.015089,1784262888.022209,decode,16,0,2544,0.0028,0,16,
1784262888.022209,1784262888.029273,decode,16,0,2544,0.0028,0,16,
1784262888.029273,1784262888.036565,decode,16,0,2544,0.0028,0,16,
1784262888.036565,1784262888.043293,decode,16,0,2640,0.0029,0,16,
1784262888.043293,1784262888.050453,decode,16,0,2800,0.0031,0,16,
1784262888.050453,1784262888.057464,decode,16,0,2800,0.0031,0,16,
1784262888.057464,1784262888.064436,decode,16,0,2800,0.0031,0,16,
1784262888.064436,1784262888.071451,decode,16,0,2800,0.0031,0,16,
1784262888.071451,1784262888.078381,decode,16,0,2800,0.0031,0,16,
1784262888.078381,1784262888.085315,decode,16,0,2800,0.0031,0,16,
1784262888.085315,1784262888.092299,decode,16,0,2800,0.0031,0,16,
1784262888.092299,1784262888.099290,decode,16,0,2800,0.0031,0,16,
1784262888.099290,1784262888.106506,decode,16,0,2800,0.0031,0,16,
1784262888.106506,1784262888.113559,decode,16,0,2800,0.0031,0,16,
1784262888.113559,1784262888.120542,decode,16,0,2800,0.0031,0,16,
1784262888.120542,1784262888.127676,decode,16,0,2800,0.0031,0,16,
1784262888.127676,1784262888.134627,decode,16,0,2800,0.0031,0,16,
1784262888.134627,1784262888.141680,decode,16,0,2800,0.0031,0,16,
1784262888.141680,1784262888.148838,decode,16,0,2800,0.0031,0,16,
1784262888.148838,1784262888.156114,decode,16,0,2896,0.0032,0,16,
1784262888.156114,1784262888.163233,decode,16,0,3056,0.0034,0,16,
1784262888.163233,1784262888.170132,decode,16,0,3056,0.0034,0,16,
1784262888.170132,1784262888.177176,decode,16,0,3056,0.0034,0,16,
1784262888.177176,1784262888.184293,decode,16,0,3056,0.0034,0,16,
1784262888.184293,1784262888.191627,decode,16,0,3056,0.0034,0,16,
1784262888.191627,1784262888.198203,decode,16,0,3056,0.0034,0,16,
1784262888.198203,1784262888.205502,decode,16,0,3056,0.0034,0,16,
1784262888.205502,1784262888.212374,decode,16,0,3056,0.0034,0,16,
1784262888.212374,1784262888.219355,decode,16,0,3056,0.0034,0,16,
1784262888.219355,1784262888.226466,decode,16,0,3056,0.0034,0,16,
1784262888.226466,1784262888.233336,decode,16,0,3056,0.0034,0,16,
1784262888.233336,1784262888.240319,decode,16,0,3056,0.0034,0,16,
1784262888.240319,1784262888.247393,decode,16,0,3056,0.0034,0,16,
1784262888.247393,1784262888.254680,decode,16,0,3056,0.0034,0,16,
1784262888.254680,1784262888.261986,decode,16,0,3056,0.0034,0,16,
1784262888.261986,1784262888.268800,decode,16,0,3152,0.0035,0,16,
1784262888.268800,1784262888.275848,decode,16,0,3312,0.0037,0,16,
1784262888.275848,1784262888.282903,decode,16,0,3312,0.0037,0,16,
1784262888.282903,1784262888.289996,decode,16,0,3312,0.0037,0,16,
1784262888.289996,1784262888.297013,decode,16,0,3312,0.0037,0,16,
1784262888.297013,1784262888.304123,decode,16,0,3312,0.0037,0,16,
1784262888.304123,1784262888.311055,decode,16,0,3312,0.0037,0,16,
1784262888.311055,1784262888.318162,decode,16,0,3312,0.0037,0,16,
1784262888.318162,1784262888.325485,decode,16,0,3312,0.0037,0,16,
1784262888.325485,1784262888.332600,decode,16,0,3312,0.0037,0,16,
1784262888.332600,1784262888.339884,decode,16,0,3312,0.0037,0,16,
1784262888.339884,1784262888.347080,decode,16,0,3312,0.0037,0,16,
1784262888.347080,1784262888.354465,decode,16,0,3312,0.0037,0,16,
1784262888.354465,1784262888.361775,decode,16,0,3312,0.0037,0,16,
1784262888.361775,1784262888.368815,decode,16,0,3312,0.0037,0,16,
1784262888.368815,1784262888.376100,decode,16,0,3312,0.0037,0,16,
1784262888.376100,1784262888.383548,decode,16,0,3408,0.0038,0,16,
1784262888.383548,1784262888.390770,decode,16,0,3568,0.0040,0,16,
1784262888.390770,1784262888.397943,decode,16,0,3568,0.0040,0,16,
1784262888.397943,1784262888.405564,decode,16,0,3568,0.0040,0,16,
1784262888.405564,1784262888.412642,decode,16,0,3568,0.0040,0,16,
1784262888.412642,1784262888.419745,decode,16,0,3568,0.0040,0,16,
1784262888.419745,1784262888.427061,decode,16,0,3568,0.0040,0,16,
1784262888.427061,1784262888.434292,decode,16,0,3568,0.0040,0,16,
1784262888.434292,1784262888.441716,decode,16,0,3568,0.0040,0,16,
1784262888.441716,1784262888.448619,decode,16,0,3568,0.0040,0,16,
1784262888.448619,1784262888.455973,decode,16,0,3568,0.0040,0,16,
1784262888.455973,1784262888.463066,decode,16,0,3568,0.0040,0,16,
1784262888.463066,1784262888.470637,decode,16,0,3568,0.0040,0,16,
1784262888.470637,1784262888.477742,decode,16,0,3568,0.0040,0,16,
1784262888.477742,1784262888.484804,decode,16,0,3568,0.0040,0,16,
1784262888.484804,1784262888.492098,decode,16,0,3568,0.0040,0,16,
1784262888.492098,1784262888.499326,decode,16,0,3664,0.0041,0,16,
1784262888.499326,1784262888.506526,decode,16,0,3824,0.0042,0,16,
1784262888.506526,1784262888.513800,decode,16,0,3824,0.0042,0,16,
1784262888.513800,1784262888.520952,decode,16,0,3824,0.0042,0,16,
1784262888.520952,1784262888.528139,decode,16,0,3824,0.0042,0,16,
1784262888.528139,1784262888.535371,decode,16,0,3824,0.0042,0,16,
1784262888.535371,1784262888.542567,decode,16,0,3824,0.0042,0,16,
1784262888.542567,1784262888.549775,decode,16,0,3824,0.0042,0,16,
1784262888.549775,1784262888.557235,decode,16,0,3824,0.0042,0,16,
1784262888.557235,1784262888.564586,decode,16,0,3824,0.0042,0,16,
1784262888.564586,1784262888.571615,decode,16,0,3824,0.0042,0,16,
1784262888.571615,1784262888.579020,decode,16,0,3824,0.0042,0,16,
1784262888.579020,1784262888.586172,decode,16,0,3824,0.0042,0,16,
1784262888.586172,1784262888.593428,decode,16,0,3824,0.0042,0,16,
1784262888.593428,1784262888.600779,decode,16,0,3824,0.0042,0,16,
1784262888.600779,1784262888.607849,decode,16,0,3824,0.0042,0,16,
1784262888.607849,1784262888.615246,decode,16,0,3920,0.0043,0,16,
1784262888.615246,1784262888.622620,decode,16,0,4080,0.0045,0,16,
1784262888.622620,1784262888.630168,decode,16,0,4080,0.0045,0,16,
1784262888.630168,1784262888.637192,decode,16,0,4080,0.0045,0,16,
1784262888.637192,1784262888.644546,decode,16,0,4080,0.0045,0,16,
1784262888.644546,1784262888.651662,decode,16,0,4080,0.0045,0,16,
1784262888.651662,1784262888.658761,decode,16,0,4080,0.0045,0,16,
1784262888.658761,1784262888.665752,decode,16,0,4080,0.0045,0,16,
1784262888.665752,1784262888.673005,decode,16,0,4080,0.0045,0,16,
1784262888.673005,1784262888.680192,decode,16,0,4080,0.0045,0,16,
1784262888.680192,1784262888.686920,decode,16,0,4080,0.0045,0,16,
1784262888.686920,1784262888.693994,decode,16,0,4080,0.0045,0,16,
1784262888.693994,1784262888.701136,decode,16,0,4080,0.0045,0,16,
1784262888.701136,1784262888.708198,decode,16,0,4080,0.0045,0,16,
1784262888.708198,1784262888.715507,decode,16,0,4080,0.0045,0,16,
1784262888.715507,1784262888.722354,decode,16,0,4080,0.0045,0,16,
1784262888.722354,1784262888.729595,decode,16,0,4176,0.0046,0,16,
1784262888.729595,1784262888.737087,decode,16,0,4336,0.0048,0,16,
1784262888.737087,1784262888.743666,decode,16,0,4336,0.0048,0,16,
1784262888.743666,1784262888.750790,decode,16,0,4336,0.0048,0,16,
1784262888.750790,1784262888.757873,decode,16,0,4336,0.0048,0,16,
1784262888.757873,1784262888.765143,decode,16,0,4336,0.0048,0,16,
1784262888.765143,1784262888.772206,decode,16,0,4336,0.0048,0,16,
1784262888.772206,1784262888.779218,decode,16,0,4336,0.0048,0,16,
1784262888.779218,1784262888.786747,decode,16,0,4336,0.0048,0,16,
1784262888.786747,1784262888.793616,decode,16,0,4336,0.0048,0,16,
1784262888.793616,1784262888.800598,decode,16,0,4336,0.0048,0,16,
1784262888.800598,1784262888.807447,decode,16,0,4336,0.0048,0,16,
1784262888.807447,1784262888.814558,decode,16,0,4336,0.0048,0,16,
1784262888.814558,1784262888.821648,decode,16,0,4336,0.0048,0,16,
1784262888.821648,1784262888.828869,decode,10,0,3472,0.0038,0,16,
1784262888.828869,1784262888.839176,decode,0,0,0,0.0000,0,10,
1784262888.839176,1784262888.851781,mixed,6,0,2128,0.0024,12288,6,
1784262888.851781,1784262888.860900,mixed,16,0,2384,0.0026,20480,16,
1784262888.860900,1784262888.868389,decode,16,0,2544,0.0028,0,16,
1784262888.868389,1784262888.875793,decode,16,0,2544,0.0028,0,16,
1784262888.875793,1784262888.882924,decode,16,0,2544,0.0028,0,16,
1784262888.882924,1784262888.890204,decode,16,0,2544,0.0028,0,16,
1784262888.890204,1784262888.897555,decode,16,0,2544,0.0028,0,16,
1784262888.897555,1784262888.904730,decode,16,0,2544,0.0028,0,16,
1784262888.904730,1784262888.911819,decode,16,0,2544,0.0028,0,16,
1784262888.911819,1784262888.918858,decode,16,0,2544,0.0028,0,16,
1784262888.918858,1784262888.925918,decode,16,0,2544,0.0028,0,16,
1784262888.925918,1784262888.933014,decode,16,0,2544,0.0028,0,16,
1784262888.933014,1784262888.940150,decode,16,0,2544,0.0028,0,16,
1784262888.940150,1784262888.946976,decode,16,0,2544,0.0028,0,16,
1784262888.946976,1784262888.954255,decode,16,0,2544,0.0028,0,16,
1784262888.954255,1784262888.961364,decode,16,0,2544,0.0028,0,16,
1784262888.961364,1784262888.968560,decode,16,0,2544,0.0028,0,16,
1784262888.968560,1784262888.975679,decode,16,0,2640,0.0029,0,16,
1784262888.975679,1784262888.982614,decode,16,0,2800,0.0031,0,16,
1784262888.982614,1784262888.989653,decode,16,0,2800,0.0031,0,16,
1784262888.989653,1784262888.996669,decode,16,0,2800,0.0031,0,16,
1784262888.996669,1784262889.003598,decode,16,0,2800,0.0031,0,16,
1784262889.003598,1784262889.010778,decode,16,0,2800,0.0031,0,16,
1784262889.010778,1784262889.018017,decode,16,0,2800,0.0031,0,16,
1784262889.018017,1784262889.024890,decode,16,0,2800,0.0031,0,16,
1784262889.024890,1784262889.032428,decode,16,0,2800,0.0031,0,16,
1784262889.032428,1784262889.039017,decode,16,0,2800,0.0031,0,16,
1784262889.039017,1784262889.046194,decode,16,0,2800,0.0031,0,16,
1784262889.046194,1784262889.053597,decode,16,0,2800,0.0031,0,16,
1784262889.053597,1784262889.060713,decode,16,0,2800,0.0031,0,16,
1784262889.060713,1784262889.067482,decode,16,0,2800,0.0031,0,16,
1784262889.067482,1784262889.074733,decode,16,0,2800,0.0031,0,16,
1784262889.074733,1784262889.081588,decode,16,0,2800,0.0031,0,16,
1784262889.081588,1784262889.088840,decode,16,0,2896,0.0032,0,16,
1784262889.088840,1784262889.095729,decode,16,0,3056,0.0034,0,16,
1784262889.095729,1784262889.102974,decode,16,0,3056,0.0034,0,16,
1784262889.102974,1784262889.110382,decode,16,0,3056,0.0034,0,16,
1784262889.110382,1784262889.117320,decode,16,0,3056,0.0034,0,16,
1784262889.117320,1784262889.124587,decode,16,0,3056,0.0034,0,16,
1784262889.124587,1784262889.131848,decode,16,0,3056,0.0034,0,16,
1784262889.131848,1784262889.138885,decode,16,0,3056,0.0034,0,16,
1784262889.138885,1784262889.146364,decode,16,0,3056,0.0034,0,16,
1784262889.146364,1784262889.153671,decode,16,0,3056,0.0034,0,16,
1784262889.153671,1784262889.160702,decode,16,0,3056,0.0034,0,16,
1784262889.160702,1784262889.167718,decode,16,0,3056,0.0034,0,16,
1784262889.167718,1784262889.175075,decode,16,0,3056,0.0034,0,16,
1784262889.175075,1784262889.182439,decode,16,0,3056,0.0034,0,16,
1784262889.182439,1784262889.189721,decode,16,0,3056,0.0034,0,16,
1784262889.189721,1784262889.196982,decode,16,0,3056,0.0034,0,16,
1784262889.196982,1784262889.204294,decode,16,0,3152,0.0035,0,16,
1784262889.204294,1784262889.211860,decode,16,0,3312,0.0037,0,16,
1784262889.211860,1784262889.219424,decode,16,0,3312,0.0037,0,16,
1784262889.219424,1784262889.226778,decode,16,0,3312,0.0037,0,16,
1784262889.226778,1784262889.234326,decode,16,0,3312,0.0037,0,16,
1784262889.234326,1784262889.241441,decode,16,0,3312,0.0037,0,16,
1784262889.241441,1784262889.248589,decode,16,0,3312,0.0037,0,16,
1784262889.248589,1784262889.256090,decode,16,0,3312,0.0037,0,16,
1784262889.256090,1784262889.263292,decode,16,0,3312,0.0037,0,16,
1784262889.263292,1784262889.270601,decode,16,0,3312,0.0037,0,16,
1784262889.270601,1784262889.277822,decode,16,0,3312,0.0037,0,16,
1784262889.277822,1784262889.285055,decode,16,0,3312,0.0037,0,16,
1784262889.285055,1784262889.292114,decode,16,0,3312,0.0037,0,16,
1784262889.292114,1784262889.299483,decode,16,0,3312,0.0037,0,16,
1784262889.299483,1784262889.306590,decode,16,0,3312,0.0037,0,16,
1784262889.306590,1784262889.314097,decode,16,0,3312,0.0037,0,16,
1784262889.314097,1784262889.321236,decode,16,0,3408,0.0038,0,16,
1784262889.321236,1784262889.328555,decode,16,0,3568,0.0040,0,16,
1784262889.328555,1784262889.336287,decode,16,0,3568,0.0040,0,16,
1784262889.336287,1784262889.343570,decode,16,0,3568,0.0040,0,16,
1784262889.343570,1784262889.350368,decode,16,0,3568,0.0040,0,16,
1784262889.350368,1784262889.357906,decode,16,0,3568,0.0040,0,16,
1784262889.357906,1784262889.365227,decode,16,0,3568,0.0040,0,16,
1784262889.365227,1784262889.372896,decode,16,0,3568,0.0040,0,16,
1784262889.372896,1784262889.379776,decode,16,0,3568,0.0040,0,16,
1784262889.379776,1784262889.387321,decode,16,0,3568,0.0040,0,16,
1784262889.387321,1784262889.394722,decode,16,0,3568,0.0040,0,16,
1784262889.394722,1784262889.401645,decode,16,0,3568,0.0040,0,16,
1784262889.401645,1784262889.408975,decode,16,0,3568,0.0040,0,16,
1784262889.408975,1784262889.416088,decode,16,0,3568,0.0040,0,16,
1784262889.416088,1784262889.423472,decode,16,0,3568,0.0040,0,16,
1784262889.423472,1784262889.430769,decode,16,0,3568,0.0040,0,16,
1784262889.430769,1784262889.438119,decode,16,0,3664,0.0041,0,16,
1784262889.438119,1784262889.445188,decode,16,0,3824,0.0042,0,16,
1784262889.445188,1784262889.452567,decode,16,0,3824,0.0042,0,16,
1784262889.452567,1784262889.459947,decode,16,0,3824,0.0042,0,16,
1784262889.459947,1784262889.466889,decode,16,0,3824,0.0042,0,16,
1784262889.466889,1784262889.474515,decode,16,0,3824,0.0042,0,16,
1784262889.474515,1784262889.481887,decode,16,0,3824,0.0042,0,16,
1784262889.481887,1784262889.489023,decode,16,0,3824,0.0042,0,16,
1784262889.489023,1784262889.496360,decode,16,0,3824,0.0042,0,16,
1784262889.496360,1784262889.503704,decode,16,0,3824,0.0042,0,16,
1784262889.503704,1784262889.515510,decode,16,0,3824,0.0042,0,16,
1784262889.515510,1784262889.518824,decode,16,0,3824,0.0042,0,16,
1784262889.518824,1784262889.525903,decode,16,0,3824,0.0042,0,16,
1784262889.525903,1784262889.533259,decode,16,0,3824,0.0042,0,16,
1784262889.533259,1784262889.540641,decode,16,0,3824,0.0042,0,16,
1784262889.540641,1784262889.547916,decode,16,0,3824,0.0042,0,16,
1784262889.547916,1784262889.555758,decode,16,0,3920,0.0043,0,16,
1784262889.555758,1784262889.562619,decode,16,0,4080,0.0045,0,16,
1784262889.562619,1784262889.569916,decode,16,0,4080,0.0045,0,16,
1784262889.569916,1784262889.577200,decode,16,0,4080,0.0045,0,16,
1784262889.577200,1784262889.584583,decode,16,0,4080,0.0045,0,16,
1784262889.584583,1784262889.591661,decode,16,0,4080,0.0045,0,16,
1784262889.591661,1784262889.598966,decode,16,0,4080,0.0045,0,16,
1784262889.598966,1784262889.605968,decode,16,0,4080,0.0045,0,16,
1784262889.605968,1784262889.613765,decode,16,0,4080,0.0045,0,16,
1784262889.613765,1784262889.620895,decode,16,0,4080,0.0045,0,16,
1784262889.620895,1784262889.628301,decode,16,0,4080,0.0045,0,16,
1784262889.628301,1784262889.635391,decode,16,0,4080,0.0045,0,16,
1784262889.635391,1784262889.642844,decode,16,0,4080,0.0045,0,16,
1784262889.642844,1784262889.650104,decode,16,0,4080,0.0045,0,16,
1784262889.650104,1784262889.657339,decode,16,0,4080,0.0045,0,16,
1784262889.657339,1784262889.665167,decode,16,0,4080,0.0045,0,16,
1784262889.665167,1784262889.672367,decode,16,0,4176,0.0046,0,16,
1784262889.672367,1784262889.679358,decode,16,0,4336,0.0048,0,16,
1784262889.679358,1784262889.687386,decode,16,0,4336,0.0048,0,16,
1784262889.687386,1784262889.694191,decode,16,0,4336,0.0048,0,16,
1784262889.694191,1784262889.701796,decode,16,0,4336,0.0048,0,16,
1784262889.701796,1784262889.708642,decode,16,0,4336,0.0048,0,16,
1784262889.708642,1784262889.715955,decode,16,0,4336,0.0048,0,16,
1784262889.715955,1784262889.723259,decode,16,0,4336,0.0048,0,16,
1784262889.723259,1784262889.730707,decode,16,0,4336,0.0048,0,16,
1784262889.730707,1784262889.737807,decode,16,0,4336,0.0048,0,16,
1784262889.737807,1784262889.744925,decode,16,0,4336,0.0048,0,16,
1784262889.744925,1784262889.752403,decode,16,0,4336,0.0048,0,16,
1784262889.752403,1784262889.759624,decode,16,0,4336,0.0048,0,16,
1784262889.759624,1784262889.766961,decode,16,0,4336,0.0048,0,16,
1784262889.766961,1784262889.774297,decode,10,0,3472,0.0038,0,16,
1784262889.774297,1784262889.784847,decode,0,0,0,0.0000,0,10,
1784262889.784847,1784262889.797518,mixed,6,0,2128,0.0024,12288,6,
1784262889.797518,1784262889.806779,mixed,16,0,2384,0.0026,20480,16,
1784262889.806779,1784262889.813994,decode,16,0,2544,0.0028,0,16,
1784262889.813994,1784262889.821033,decode,16,0,2544,0.0028,0,16,
1784262889.821033,1784262889.828388,decode,16,0,2544,0.0028,0,16,
1784262889.828388,1784262889.835443,decode,16,0,2544,0.0028,0,16,
1784262889.835443,1784262889.842640,decode,16,0,2544,0.0028,0,16,
1784262889.842640,1784262889.849818,decode,16,0,2544,0.0028,0,16,
1784262889.849818,1784262889.857262,decode,16,0,2544,0.0028,0,16,
1784262889.857262,1784262889.864669,decode,16,0,2544,0.0028,0,16,
1784262889.864669,1784262889.871995,decode,16,0,2544,0.0028,0,16,
1784262889.871995,1784262889.878901,decode,16,0,2544,0.0028,0,16,
1784262889.878901,1784262889.886205,decode,16,0,2544,0.0028,0,16,
1784262889.886205,1784262889.893309,decode,16,0,2544,0.0028,0,16,
1784262889.893309,1784262889.900301,decode,16,0,2544,0.0028,0,16,
1784262889.900301,1784262889.907650,decode,16,0,2544,0.0028,0,16,
1784262889.907650,1784262889.915247,decode,16,0,2544,0.0028,0,16,
1784262889.915247,1784262889.922546,decode,16,0,2640,0.0029,0,16,
1784262889.922546,1784262889.929670,decode,16,0,2800,0.0031,0,16,
1784262889.929670,1784262889.936788,decode,16,0,2800,0.0031,0,16,
1784262889.936788,1784262889.943951,decode,16,0,2800,0.0031,0,16,
1784262889.943951,1784262889.951234,decode,16,0,2800,0.0031,0,16,
1784262889.951234,1784262889.958518,decode,16,0,2800,0.0031,0,16,
1784262889.958518,1784262889.965851,decode,16,0,2800,0.0031,0,16,
1784262889.965851,1784262889.972865,decode,16,0,2800,0.0031,0,16,
1784262889.972865,1784262889.980302,decode,16,0,2800,0.0031,0,16,
1784262889.980302,1784262889.987288,decode,16,0,2800,0.0031,0,16,
1784262889.987288,1784262889.994634,decode,16,0,2800,0.0031,0,16,
1784262889.994634,1784262890.001699,decode,16,0,2800,0.0031,0,16,
1784262890.001699,1784262890.008786,decode,16,0,2800,0.0031,0,16,
1784262890.008786,1784262890.016078,decode,16,0,2800,0.0031,0,16,
1784262890.016078,1784262890.023409,decode,16,0,2800,0.0031,0,16,
1784262890.023409,1784262890.030571,decode,16,0,2800,0.0031,0,16,
1784262890.030571,1784262890.037983,decode,16,0,2896,0.0032,0,16,
1784262890.037983,1784262890.045239,decode,16,0,3056,0.0034,0,16,
1784262890.045239,1784262890.052321,decode,16,0,3056,0.0034,0,16,
1784262890.052321,1784262890.060012,decode,16,0,3056,0.0034,0,16,
1784262890.060012,1784262890.066705,decode,16,0,3056,0.0034,0,16,
1784262890.066705,1784262890.074108,decode,16,0,3056,0.0034,0,16,
1784262890.074108,1784262890.081118,decode,16,0,3056,0.0034,0,16,
1784262890.081118,1784262890.088439,decode,16,0,3056,0.0034,0,16,
1784262890.088439,1784262890.095545,decode,16,0,3056,0.0034,0,16,
1784262890.095545,1784262890.102915,decode,16,0,3056,0.0034,0,16,
1784262890.102915,1784262890.109956,decode,16,0,3056,0.0034,0,16,
1784262890.109956,1784262890.117416,decode,16,0,3056,0.0034,0,16,
1784262890.117416,1784262890.124523,decode,16,0,3056,0.0034,0,16,
1784262890.124523,1784262890.131886,decode,16,0,3056,0.0034,0,16,
1784262890.131886,1784262890.139303,decode,16,0,3056,0.0034,0,16,
1784262890.139303,1784262890.146326,decode,16,0,3056,0.0034,0,16,
1784262890.146326,1784262890.153862,decode,16,0,3152,0.0035,0,16,
1784262890.153862,1784262890.161202,decode,16,0,3312,0.0037,0,16,
1784262890.161202,1784262890.168308,decode,16,0,3312,0.0037,0,16,
1784262890.168308,1784262890.175645,decode,16,0,3312,0.0037,0,16,
1784262890.175645,1784262890.182741,decode,16,0,3312,0.0037,0,16,
1784262890.182741,1784262890.189979,decode,16,0,3312,0.0037,0,16,
1784262890.189979,1784262890.197156,decode,16,0,3312,0.0037,0,16,
1784262890.197156,1784262890.204923,decode,16,0,3312,0.0037,0,16,
1784262890.204923,1784262890.212244,decode,16,0,3312,0.0037,0,16,
1784262890.212244,1784262890.219420,decode,16,0,3312,0.0037,0,16,
1784262890.219420,1784262890.226778,decode,16,0,3312,0.0037,0,16,
1784262890.226778,1784262890.234082,decode,16,0,3312,0.0037,0,16,
1784262890.234082,1784262890.241333,decode,16,0,3312,0.0037,0,16,
1784262890.241333,1784262890.248394,decode,16,0,3312,0.0037,0,16,
1784262890.248394,1784262890.256107,decode,16,0,3312,0.0037,0,16,
1784262890.256107,1784262890.263239,decode,16,0,3312,0.0037,0,16,
1784262890.263239,1784262890.270700,decode,16,0,3408,0.0038,0,16,
1784262890.270700,1784262890.277772,decode,16,0,3568,0.0040,0,16,
1784262890.277772,1784262890.285186,decode,16,0,3568,0.0040,0,16,
1784262890.285186,1784262890.292415,decode,16,0,3568,0.0040,0,16,
1784262890.292415,1784262890.299535,decode,16,0,3568,0.0040,0,16,
1784262890.299535,1784262890.306637,decode,16,0,3568,0.0040,0,16,
1784262890.306637,1784262890.314115,decode,16,0,3568,0.0040,0,16,
1784262890.314115,1784262890.320996,decode,16,0,3568,0.0040,0,16,
1784262890.320996,1784262890.328293,decode,16,0,3568,0.0040,0,16,
1784262890.328293,1784262890.335639,decode,16,0,3568,0.0040,0,16,
1784262890.335639,1784262890.342832,decode,16,0,3568,0.0040,0,16,
1784262890.342832,1784262890.350226,decode,16,0,3568,0.0040,0,16,
1784262890.350226,1784262890.357342,decode,16,0,3568,0.0040,0,16,
1784262890.357342,1784262890.364501,decode,16,0,3568,0.0040,0,16,
1784262890.364501,1784262890.371927,decode,16,0,3568,0.0040,0,16,
1784262890.371927,1784262890.379282,decode,16,0,3568,0.0040,0,16,
1784262890.379282,1784262890.386336,decode,16,0,3664,0.0041,0,16,
1784262890.386336,1784262890.393657,decode,16,0,3824,0.0042,0,16,
1784262890.393657,1784262890.400749,decode,16,0,3824,0.0042,0,16,
1784262890.400749,1784262890.408407,decode,16,0,3824,0.0042,0,16,
1784262890.408407,1784262890.415642,decode,16,0,3824,0.0042,0,16,
1784262890.415642,1784262890.422676,decode,16,0,3824,0.0042,0,16,
1784262890.422676,1784262890.429884,decode,16,0,3824,0.0042,0,16,
1784262890.429884,1784262890.437295,decode,16,0,3824,0.0042,0,16,
1784262890.437295,1784262890.444296,decode,16,0,3824,0.0042,0,16,
1784262890.444296,1784262890.451746,decode,16,0,3824,0.0042,0,16,
1784262890.451746,1784262890.459057,decode,16,0,3824,0.0042,0,16,
1784262890.459057,1784262890.466280,decode,16,0,3824,0.0042,0,16,
1784262890.466280,1784262890.473329,decode,16,0,3824,0.0042,0,16,
1784262890.473329,1784262890.480520,decode,16,0,3824,0.0042,0,16,
1784262890.480520,1784262890.487779,decode,16,0,3824,0.0042,0,16,
1784262890.487779,1784262890.495308,decode,16,0,3824,0.0042,0,16,
1784262890.495308,1784262890.502582,decode,16,0,3920,0.0043,0,16,
1784262890.502582,1784262890.509652,decode,16,0,4080,0.0045,0,16,
1784262890.509652,1784262890.516986,decode,16,0,4080,0.0045,0,16,
1784262890.516986,1784262890.524173,decode,16,0,4080,0.0045,0,16,
1784262890.524173,1784262890.531449,decode,16,0,4080,0.0045,0,16,
1784262890.531449,1784262890.538526,decode,16,0,4080,0.0045,0,16,
1784262890.538526,1784262890.545910,decode,16,0,4080,0.0045,0,16,
1784262890.545910,1784262890.552991,decode,16,0,4080,0.0045,0,16,
1784262890.552991,1784262890.560394,decode,16,0,4080,0.0045,0,16,
1784262890.560394,1784262890.567460,decode,16,0,4080,0.0045,0,16,
1784262890.567460,1784262890.574872,decode,16,0,4080,0.0045,0,16,
1784262890.574872,1784262890.581951,decode,16,0,4080,0.0045,0,16,
1784262890.581951,1784262890.589310,decode,16,0,4080,0.0045,0,16,
1784262890.589310,1784262890.596595,decode,16,0,4080,0.0045,0,16,
1784262890.596595,1784262890.603883,decode,16,0,4080,0.0045,0,16,
1784262890.603883,1784262890.611202,decode,16,0,4080,0.0045,0,16,
1784262890.611202,1784262890.618522,decode,16,0,4176,0.0046,0,16,
1784262890.618522,1784262890.625492,decode,16,0,4336,0.0048,0,16,
1784262890.625492,1784262890.633054,decode,16,0,4336,0.0048,0,16,
1784262890.633054,1784262890.640367,decode,16,0,4336,0.0048,0,16,
1784262890.640367,1784262890.647456,decode,16,0,4336,0.0048,0,16,
1784262890.647456,1784262890.654647,decode,16,0,4336,0.0048,0,16,
1784262890.654647,1784262890.662354,decode,16,0,4336,0.0048,0,16,
1784262890.662354,1784262890.669552,decode,16,0,4336,0.0048,0,16,
1784262890.669552,1784262890.676561,decode,16,0,4336,0.0048,0,16,
1784262890.676561,1784262890.683573,decode,16,0,4336,0.0048,0,16,
1784262890.683573,1784262890.690656,decode,16,0,4336,0.0048,0,16,
1784262890.690656,1784262890.697813,decode,16,0,4336,0.0048,0,16,
1784262890.697813,1784262890.704803,decode,16,0,4336,0.0048,0,16,
1784262890.704803,1784262890.712197,decode,16,0,4336,0.0048,0,16,
1784262890.712197,1784262890.719691,decode,10,0,3472,0.0038,0,16,
1784262890.719691,1784262890.731232,decode,0,0,0,0.0000,0,10,
1784262890.731232,1784262890.743447,mixed,6,0,2128,0.0024,12288,6,
1784262890.743447,1784262890.752494,mixed,16,0,2384,0.0026,20480,16,
1784262890.752494,1784262890.759757,decode,16,0,2544,0.0028,0,16,
1784262890.759757,1784262890.766712,decode,16,0,2544,0.0028,0,16,
1784262890.766712,1784262890.773908,decode,16,0,2544,0.0028,0,16,
1784262890.773908,1784262890.780812,decode,16,0,2544,0.0028,0,16,
1784262890.780812,1784262890.788018,decode,16,0,2544,0.0028,0,16,
1784262890.788018,1784262890.794963,decode,16,0,2544,0.0028,0,16,
1784262890.794963,1784262890.801872,decode,16,0,2544,0.0028,0,16,
1784262890.801872,1784262890.809216,decode,16,0,2544,0.0028,0,16,
1784262890.809216,1784262890.816183,decode,16,0,2544,0.0028,0,16,
1784262890.816183,1784262890.823348,decode,16,0,2544,0.0028,0,16,
1784262890.823348,1784262890.830286,decode,16,0,2544,0.0028,0,16,
1784262890.830286,1784262890.837748,decode,16,0,2544,0.0028,0,16,
1784262890.837748,1784262890.844325,decode,16,0,2544,0.0028,0,16,
1784262890.844325,1784262890.851496,decode,16,0,2544,0.0028,0,16,
1784262890.851496,1784262890.858654,decode,16,0,2544,0.0028,0,16,
1784262890.858654,1784262890.866019,decode,16,0,2640,0.0029,0,16,
1784262890.866019,1784262890.872919,decode,16,0,2800,0.0031,0,16,
1784262890.872919,1784262890.880288,decode,16,0,2800,0.0031,0,16,
1784262890.880288,1784262890.887151,decode,16,0,2800,0.0031,0,16,
1784262890.887151,1784262890.894113,decode,16,0,2800,0.0031,0,16,
1784262890.894113,1784262890.901045,decode,16,0,2800,0.0031,0,16,
1784262890.901045,1784262890.908274,decode,16,0,2800,0.0031,0,16,
1784262890.908274,1784262890.915171,decode,16,0,2800,0.0031,0,16,
1784262890.915171,1784262890.922102,decode,16,0,2800,0.0031,0,16,
1784262890.922102,1784262890.929361,decode,16,0,2800,0.0031,0,16,
1784262890.929361,1784262890.936458,decode,16,0,2800,0.0031,0,16,
1784262890.936458,1784262890.943309,decode,16,0,2800,0.0031,0,16,
1784262890.943309,1784262890.950850,decode,16,0,2800,0.0031,0,16,
1784262890.950850,1784262890.957768,decode,16,0,2800,0.0031,0,16,
1784262890.957768,1784262890.965075,decode,16,0,2800,0.0031,0,16,
1784262890.965075,1784262890.972446,decode,16,0,2800,0.0031,0,16,
1784262890.972446,1784262890.979350,decode,16,0,2896,0.0032,0,16,
1784262890.979350,1784262890.986327,decode,16,0,3056,0.0034,0,16,
1784262890.986327,1784262890.993490,decode,16,0,3056,0.0034,0,16,
1784262890.993490,1784262891.000410,decode,16,0,3056,0.0034,0,16,
1784262891.000410,1784262891.007402,decode,16,0,3056,0.0034,0,16,
1784262891.007402,1784262891.014921,decode,16,0,3056,0.0034,0,16,
1784262891.014921,1784262891.021869,decode,16,0,3056,0.0034,0,16,
1784262891.021869,1784262891.029102,decode,16,0,3056,0.0034,0,16,
1784262891.029102,1784262891.036104,decode,16,0,3056,0.0034,0,16,
1784262891.036104,1784262891.042986,decode,16,0,3056,0.0034,0,16,
1784262891.042986,1784262891.050261,decode,16,0,3056,0.0034,0,16,
1784262891.050261,1784262891.057128,decode,16,0,3056,0.0034,0,16,
1784262891.057128,1784262891.064316,decode,16,0,3056,0.0034,0,16,
1784262891.064316,1784262891.071469,decode,16,0,3056,0.0034,0,16,
1784262891.071469,1784262891.078388,decode,16,0,3056,0.0034,0,16,
1784262891.078388,1784262891.085585,decode,16,0,3056,0.0034,0,16,
1784262891.085585,1784262891.092654,decode,16,0,3152,0.0035,0,16,
1784262891.092654,1784262891.099653,decode,16,0,3312,0.0037,0,16,
1784262891.099653,1784262891.106622,decode,16,0,3312,0.0037,0,16,
1784262891.106622,1784262891.113872,decode,16,0,3312,0.0037,0,16,
1784262891.113872,1784262891.120889,decode,16,0,3312,0.0037,0,16,
1784262891.120889,1784262891.128107,decode,16,0,3312,0.0037,0,16,
1784262891.128107,1784262891.134959,decode,16,0,3312,0.0037,0,16,
1784262891.134959,1784262891.142186,decode,16,0,3312,0.0037,0,16,
1784262891.142186,1784262891.149053,decode,16,0,3312,0.0037,0,16,
1784262891.149053,1784262891.156338,decode,16,0,3312,0.0037,0,16,
1784262891.156338,1784262891.163277,decode,16,0,3312,0.0037,0,16,
1784262891.163277,1784262891.170459,decode,16,0,3312,0.0037,0,16,
1784262891.170459,1784262891.177454,decode,16,0,3312,0.0037,0,16,
1784262891.177454,1784262891.184409,decode,16,0,3312,0.0037,0,16,
1784262891.184409,1784262891.191461,decode,16,0,3312,0.0037,0,16,
1784262891.191461,1784262891.198848,decode,16,0,3312,0.0037,0,16,
1784262891.198848,1784262891.206000,decode,16,0,3408,0.0038,0,16,
1784262891.206000,1784262891.212977,decode,16,0,3568,0.0040,0,16,
1784262891.212977,1784262891.219954,decode,16,0,3568,0.0040,0,16,
1784262891.219954,1784262891.227087,decode,16,0,3568,0.0040,0,16,
1784262891.227087,1784262891.234040,decode,16,0,3568,0.0040,0,16,
1784262891.234040,1784262891.241076,decode,16,0,3568,0.0040,0,16,
1784262891.241076,1784262891.248342,decode,16,0,3568,0.0040,0,16,
1784262891.248342,1784262891.255328,decode,16,0,3568,0.0040,0,16,
1784262891.255328,1784262891.262419,decode,16,0,3568,0.0040,0,16,
1784262891.262419,1784262891.269471,decode,16,0,3568,0.0040,0,16,
1784262891.269471,1784262891.276440,decode,16,0,3568,0.0040,0,16,
1784262891.276440,1784262891.283598,decode,16,0,3568,0.0040,0,16,
1784262891.283598,1784262891.290747,decode,16,0,3568,0.0040,0,16,
1784262891.290747,1784262891.297599,decode,16,0,3568,0.0040,0,16,
1784262891.297599,1784262891.304825,decode,16,0,3568,0.0040,0,16,
1784262891.304825,1784262891.311954,decode,16,0,3568,0.0040,0,16,
1784262891.311954,1784262891.319040,decode,16,0,3664,0.0041,0,16,
1784262891.319040,1784262891.325974,decode,16,0,3824,0.0042,0,16,
1784262891.325974,1784262891.333191,decode,16,0,3824,0.0042,0,16,
1784262891.333191,1784262891.340147,decode,16,0,3824,0.0042,0,16,
1784262891.340147,1784262891.347373,decode,16,0,3824,0.0042,0,16,
1784262891.347373,1784262891.354439,decode,16,0,3824,0.0042,0,16,
1784262891.354439,1784262891.361329,decode,16,0,3824,0.0042,0,16,
1784262891.361329,1784262891.368540,decode,16,0,3824,0.0042,0,16,
1784262891.368540,1784262891.375572,decode,16,0,3824,0.0042,0,16,
1784262891.375572,1784262891.382383,decode,16,0,3824,0.0042,0,16,
1784262891.382383,1784262891.389602,decode,16,0,3824,0.0042,0,16,
1784262891.389602,1784262891.397602,decode,16,0,3824,0.0042,0,16,
1784262891.397602,1784262891.404568,decode,16,0,3824,0.0042,0,16,
1784262891.404568,1784262891.411760,decode,16,0,3824,0.0042,0,16,
1784262891.411760,1784262891.418783,decode,16,0,3824,0.0042,0,16,
1784262891.418783,1784262891.426027,decode,16,0,3824,0.0042,0,16,
1784262891.426027,1784262891.433134,decode,16,0,3920,0.0043,0,16,
1784262891.433134,1784262891.440230,decode,16,0,4080,0.0045,0,16,
1784262891.440230,1784262891.447160,decode,16,0,4080,0.0045,0,16,
1784262891.447160,1784262891.454257,decode,16,0,4080,0.0045,0,16,
1784262891.454257,1784262891.461240,decode,16,0,4080,0.0045,0,16,
1784262891.461240,1784262891.468470,decode,16,0,4080,0.0045,0,16,
1784262891.468470,1784262891.475533,decode,16,0,4080,0.0045,0,16,
1784262891.475533,1784262891.482456,decode,16,0,4080,0.0045,0,16,
1784262891.482456,1784262891.489600,decode,16,0,4080,0.0045,0,16,
1784262891.489600,1784262891.496751,decode,16,0,4080,0.0045,0,16,
1784262891.496751,1784262891.503737,decode,16,0,4080,0.0045,0,16,
1784262891.503737,1784262891.510912,decode,16,0,4080,0.0045,0,16,
1784262891.510912,1784262891.517898,decode,16,0,4080,0.0045,0,16,
1784262891.517898,1784262891.525144,decode,16,0,4080,0.0045,0,16,
1784262891.525144,1784262891.531990,decode,16,0,4080,0.0045,0,16,
1784262891.531990,1784262891.539433,decode,16,0,4080,0.0045,0,16,
1784262891.539433,1784262891.546417,decode,16,0,4176,0.0046,0,16,
1784262891.546417,1784262891.553419,decode,16,0,4336,0.0048,0,16,
1784262891.553419,1784262891.560622,decode,16,0,4336,0.0048,0,16,
1784262891.560622,1784262891.567631,decode,16,0,4336,0.0048,0,16,
1784262891.567631,1784262891.574905,decode,16,0,4336,0.0048,0,16,
1784262891.574905,1784262891.581658,decode,16,0,4336,0.0048,0,16,
1784262891.581658,1784262891.589096,decode,16,0,4336,0.0048,0,16,
1784262891.589096,1784262891.596461,decode,16,0,4336,0.0048,0,16,
1784262891.596461,1784262891.603560,decode,16,0,4336,0.0048,0,16,
1784262891.603560,1784262891.610982,decode,16,0,4336,0.0048,0,16,
1784262891.610982,1784262891.618094,decode,16,0,4336,0.0048,0,16,
1784262891.618094,1784262891.625343,decode,16,0,4336,0.0048,0,16,
1784262891.625343,1784262891.632779,decode,16,0,4336,0.0048,0,16,
1784262891.632779,1784262891.639825,decode,16,0,4336,0.0048,0,16,
1784262891.639825,1784262891.647380,decode,10,0,3472,0.0038,0,16,
1784262891.647380,1784262891.658218,decode,0,0,0,0.0000,0,10,
1784262891.658218,1784262891.670638,mixed,6,0,2128,0.0024,12288,6,
1784262891.670638,1784262891.679778,mixed,16,0,2384,0.0026,20480,16,
1784262891.679778,1784262891.686818,decode,16,0,2544,0.0028,0,16,
1784262891.686818,1784262891.694226,decode,16,0,2544,0.0028,0,16,
1784262891.694226,1784262891.701899,decode,16,0,2544,0.0028,0,16,
1784262891.701899,1784262891.708547,decode,16,0,2544,0.0028,0,16,
1784262891.708547,1784262891.715838,decode,16,0,2544,0.0028,0,16,
1784262891.715838,1784262891.723051,decode,16,0,2544,0.0028,0,16,
1784262891.723051,1784262891.730114,decode,16,0,2544,0.0028,0,16,
1784262891.730114,1784262891.737438,decode,16,0,2544,0.0028,0,16,
1784262891.737438,1784262891.744468,decode,16,0,2544,0.0028,0,16,
1784262891.744468,1784262891.751962,decode,16,0,2544,0.0028,0,16,
1784262891.751962,1784262891.759233,decode,16,0,2544,0.0028,0,16,
1784262891.759233,1784262891.766609,decode,16,0,2544,0.0028,0,16,
1784262891.766609,1784262891.773835,decode,16,0,2544,0.0028,0,16,
1784262891.773835,1784262891.780937,decode,16,0,2544,0.0028,0,16,
1784262891.780937,1784262891.788097,decode,16,0,2544,0.0028,0,16,
1784262891.788097,1784262891.795468,decode,16,0,2640,0.0029,0,16,
1784262891.795468,1784262891.803156,decode,16,0,2800,0.0031,0,16,
1784262891.803156,1784262891.810376,decode,16,0,2800,0.0031,0,16,
1784262891.810376,1784262891.817658,decode,16,0,2800,0.0031,0,16,
1784262891.817658,1784262891.824766,decode,16,0,2800,0.0031,0,16,
1784262891.824766,1784262891.831900,decode,16,0,2800,0.0031,0,16,
1784262891.831900,1784262891.839246,decode,16,0,2800,0.0031,0,16,
1784262891.839246,1784262891.846451,decode,16,0,2800,0.0031,0,16,
1784262891.846451,1784262891.853759,decode,16,0,2800,0.0031,0,16,
1784262891.853759,1784262891.861149,decode,16,0,2800,0.0031,0,16,
1784262891.861149,1784262891.868580,decode,16,0,2800,0.0031,0,16,
1784262891.868580,1784262891.875468,decode,16,0,2800,0.0031,0,16,
1784262891.875468,1784262891.882821,decode,16,0,2800,0.0031,0,16,
1784262891.882821,1784262891.890287,decode,16,0,2800,0.0031,0,16,
1784262891.890287,1784262891.897971,decode,16,0,2800,0.0031,0,16,
1784262891.897971,1784262891.905409,decode,16,0,2800,0.0031,0,16,
1784262891.905409,1784262891.912852,decode,16,0,2896,0.0032,0,16,
1784262891.912852,1784262891.920221,decode,16,0,3056,0.0034,0,16,
1784262891.920221,1784262891.927565,decode,16,0,3056,0.0034,0,16,
1784262891.927565,1784262891.934853,decode,16,0,3056,0.0034,0,16,
1784262891.934853,1784262891.942101,decode,16,0,3056,0.0034,0,16,
1784262891.942101,1784262891.949418,decode,16,0,3056,0.0034,0,16,
1784262891.949418,1784262891.956615,decode,16,0,3056,0.0034,0,16,
1784262891.956615,1784262891.963975,decode,16,0,3056,0.0034,0,16,
1784262891.963975,1784262891.971513,decode,16,0,3056,0.0034,0,16,
1784262891.971513,1784262891.978935,decode,16,0,3056,0.0034,0,16,
1784262891.978935,1784262891.986334,decode,16,0,3056,0.0034,0,16,
1784262891.986334,1784262891.993626,decode,16,0,3056,0.0034,0,16,
1784262891.993626,1784262892.001407,decode,16,0,3056,0.0034,0,16,
1784262892.001407,1784262892.008586,decode,16,0,3056,0.0034,0,16,
1784262892.008586,1784262892.015958,decode,16,0,3056,0.0034,0,16,
1784262892.015958,1784262892.023577,decode,16,0,3056,0.0034,0,16,
1784262892.023577,1784262892.030658,decode,16,0,3152,0.0035,0,16,
1784262892.030658,1784262892.038055,decode,16,0,3312,0.0037,0,16,
1784262892.038055,1784262892.045628,decode,16,0,3312,0.0037,0,16,
1784262892.045628,1784262892.052733,decode,16,0,3312,0.0037,0,16,
1784262892.052733,1784262892.060051,decode,16,0,3312,0.0037,0,16,
1784262892.060051,1784262892.067418,decode,16,0,3312,0.0037,0,16,
1784262892.067418,1784262892.074799,decode,16,0,3312,0.0037,0,16,
1784262892.074799,1784262892.082484,decode,16,0,3312,0.0037,0,16,
1784262892.082484,1784262892.089993,decode,16,0,3312,0.0037,0,16,
1784262892.089993,1784262892.096972,decode,16,0,3312,0.0037,0,16,
1784262892.096972,1784262892.104275,decode,16,0,3312,0.0037,0,16,
1784262892.104275,1784262892.111261,decode,16,0,3312,0.0037,0,16,
1784262892.111261,1784262892.118525,decode,16,0,3312,0.0037,0,16,
1784262892.118525,1784262892.125740,decode,16,0,3312,0.0037,0,16,
1784262892.125740,1784262892.132967,decode,16,0,3312,0.0037,0,16,
1784262892.132967,1784262892.140432,decode,16,0,3312,0.0037,0,16,
1784262892.140432,1784262892.147767,decode,16,0,3408,0.0038,0,16,
1784262892.147767,1784262892.154960,decode,16,0,3568,0.0040,0,16,
1784262892.154960,1784262892.161911,decode,16,0,3568,0.0040,0,16,
1784262892.161911,1784262892.169476,decode,16,0,3568,0.0040,0,16,
1784262892.169476,1784262892.176539,decode,16,0,3568,0.0040,0,16,
1784262892.176539,1784262892.183868,decode,16,0,3568,0.0040,0,16,
1784262892.183868,1784262892.190972,decode,16,0,3568,0.0040,0,16,
1784262892.190972,1784262892.198323,decode,16,0,3568,0.0040,0,16,
1784262892.198323,1784262892.205267,decode,16,0,3568,0.0040,0,16,
1784262892.205267,1784262892.212738,decode,16,0,3568,0.0040,0,16,
1784262892.212738,1784262892.219979,decode,16,0,3568,0.0040,0,16,
1784262892.219979,1784262892.226996,decode,16,0,3568,0.0040,0,16,
1784262892.226996,1784262892.234452,decode,16,0,3568,0.0040,0,16,
1784262892.234452,1784262892.241467,decode,16,0,3568,0.0040,0,16,
1784262892.241467,1784262892.248862,decode,16,0,3568,0.0040,0,16,
1784262892.248862,1784262892.255999,decode,16,0,3568,0.0040,0,16,
1784262892.255999,1784262892.263376,decode,16,0,3664,0.0041,0,16,
1784262892.263376,1784262892.270571,decode,16,0,3824,0.0042,0,16,
1784262892.270571,1784262892.277692,decode,16,0,3824,0.0042,0,16,
1784262892.277692,1784262892.284969,decode,16,0,3824,0.0042,0,16,
1784262892.284969,1784262892.292403,decode,16,0,3824,0.0042,0,16,
1784262892.292403,1784262892.299565,decode,16,0,3824,0.0042,0,16,
1784262892.299565,1784262892.306628,decode,16,0,3824,0.0042,0,16,
1784262892.306628,1784262892.313951,decode,16,0,3824,0.0042,0,16,
1784262892.313951,1784262892.321229,decode,16,0,3824,0.0042,0,16,
1784262892.321229,1784262892.328325,decode,16,0,3824,0.0042,0,16,
1784262892.328325,1784262892.335687,decode,16,0,3824,0.0042,0,16,
1784262892.335687,1784262892.342772,decode,16,0,3824,0.0042,0,16,
1784262892.342772,1784262892.349994,decode,16,0,3824,0.0042,0,16,
1784262892.349994,1784262892.357404,decode,16,0,3824,0.0042,0,16,
1784262892.357404,1784262892.364695,decode,16,0,3824,0.0042,0,16,
1784262892.364695,1784262892.371944,decode,16,0,3824,0.0042,0,16,
1784262892.371944,1784262892.379200,decode,16,0,3920,0.0043,0,16,
1784262892.379200,1784262892.386302,decode,16,0,4080,0.0045,0,16,
1784262892.386302,1784262892.393940,decode,16,0,4080,0.0045,0,16,
1784262892.393940,1784262892.401227,decode,16,0,4080,0.0045,0,16,
1784262892.401227,1784262892.408382,decode,16,0,4080,0.0045,0,16,
1784262892.408382,1784262892.415457,decode,16,0,4080,0.0045,0,16,
1784262892.415457,1784262892.423191,decode,16,0,4080,0.0045,0,16,
1784262892.423191,1784262892.430259,decode,16,0,4080,0.0045,0,16,
1784262892.430259,1784262892.437380,decode,16,0,4080,0.0045,0,16,
1784262892.437380,1784262892.444656,decode,16,0,4080,0.0045,0,16,
1784262892.444656,1784262892.451998,decode,16,0,4080,0.0045,0,16,
1784262892.451998,1784262892.459105,decode,16,0,4080,0.0045,0,16,
1784262892.459105,1784262892.466513,decode,16,0,4080,0.0045,0,16,
1784262892.466513,1784262892.473713,decode,16,0,4080,0.0045,0,16,
1784262892.473713,1784262892.481043,decode,16,0,4080,0.0045,0,16,
1784262892.481043,1784262892.488398,decode,16,0,4080,0.0045,0,16,
1784262892.488398,1784262892.495564,decode,16,0,4176,0.0046,0,16,
1784262892.495564,1784262892.502968,decode,16,0,4336,0.0048,0,16,
1784262892.502968,1784262892.510020,decode,16,0,4336,0.0048,0,16,
1784262892.510020,1784262892.517347,decode,16,0,4336,0.0048,0,16,
1784262892.517347,1784262892.524433,decode,16,0,4336,0.0048,0,16,
1784262892.524433,1784262892.532166,decode,16,0,4336,0.0048,0,16,
1784262892.532166,1784262892.539208,decode,16,0,4336,0.0048,0,16,
1784262892.539208,1784262892.546601,decode,16,0,4336,0.0048,0,16,
1784262892.546601,1784262892.553646,decode,16,0,4336,0.0048,0,16,
1784262892.553646,1784262892.561089,decode,16,0,4336,0.0048,0,16,
1784262892.561089,1784262892.568264,decode,16,0,4336,0.0048,0,16,
1784262892.568264,1784262892.575502,decode,16,0,4336,0.0048,0,16,
1784262892.575502,1784262892.582667,decode,16,0,4336,0.0048,0,16,
1784262892.582667,1784262892.589926,decode,16,0,4336,0.0048,0,16,
1784262892.589926,1784262892.597379,decode,10,0,3472,0.0038,0,16,
1784262892.597379,1784262892.605311,decode,0,0,0,0.0000,0,10,
1784262892.605311,1784262892.605450,idle,0,0,0,0.0000,,,
