t_wall,power_w,sm_mhz,mem_mhz,gpu_util,mem_util,temp_c
1786438815.944353,225.515,1980,3201,0.0,0.0,31.0
1786438816.054716,225.342,1980,3201,0.0,0.0,31.0
1786438816.054765,225.342,1980,3201,0.0,0.0,31.0
1786438816.064837,225.342,1980,3201,0.0,0.0,31.0
1786438816.074836,174.240,1980,3201,0.0,0.0,31.0
1786438816.084842,174.240,1980,3201,0.0,0.0,31.0
1786438816.094922,174.240,1980,3201,0.0,0.0,31.0
1786438816.104841,174.240,1980,3201,0.0,0.0,31.0
1786438816.114877,174.240,1980,3201,0.0,0.0,31.0
1786438816.124923,174.240,1980,3201,0.0,0.0,31.0
1786438816.134897,174.240,1980,3201,0.0,0.0,31.0
1786438816.144881,174.240,1980,3201,0.0,0.0,31.0
1786438816.154874,174.240,1980,3201,0.0,0.0,31.0
1786438816.164920,174.240,1980,3201,0.0,0.0,31.0
1786438816.174872,130.354,1980,3201,0.0,0.0,31.0
1786438816.184917,130.354,1980,3201,0.0,0.0,31.0
1786438816.194911,130.354,1980,3201,0.0,0.0,31.0
1786438816.204875,130.354,1980,3201,0.0,0.0,31.0
1786438816.214879,130.354,1980,3201,0.0,0.0,31.0
1786438816.224965,130.354,1980,3201,0.0,0.0,31.0
1786438816.234867,130.354,1980,3201,0.0,0.0,31.0
1786438816.244933,130.354,1980,3201,0.0,0.0,31.0
1786438816.254855,130.354,1980,3201,0.0,0.0,31.0
1786438816.264837,130.354,1980,3201,0.0,0.0,31.0
1786438816.274840,120.471,1980,3201,0.0,0.0,31.0
1786438816.284840,120.471,1980,3201,0.0,0.0,31.0
1786438816.294842,120.471,1980,3201,0.0,0.0,31.0
1786438816.304877,120.471,1980,3201,0.0,0.0,31.0
1786438816.314840,120.471,1980,3201,0.0,0.0,31.0
1786438816.324842,120.471,1980,3201,0.0,0.0,31.0
1786438816.334841,120.471,1980,3201,0.0,0.0,31.0
1786438816.344842,120.471,1980,3201,0.0,0.0,31.0
1786438816.354887,120.471,1980,3201,0.0,0.0,31.0
1786438816.364871,120.471,1980,3201,0.0,0.0,31.0
1786438816.374896,116.108,1980,3201,0.0,0.0,31.0
1786438816.384879,116.108,1980,3201,0.0,0.0,31.0
1786438816.394842,116.108,1980,3201,0.0,0.0,31.0
1786438816.404840,116.108,1980,3201,0.0,0.0,31.0
1786438816.414841,116.108,1980,3201,0.0,0.0,31.0
1786438816.424839,116.108,1980,3201,0.0,0.0,31.0
1786438816.434911,116.108,1980,3201,0.0,0.0,31.0
1786438816.444864,116.108,1980,3201,0.0,0.0,31.0
1786438816.454858,116.108,1980,3201,0.0,0.0,31.0
1786438816.464839,116.108,1980,3201,0.0,0.0,31.0
1786438816.474866,135.053,1980,3201,0.0,0.0,33.0
1786438816.484842,135.053,1980,3201,0.0,0.0,33.0
1786438816.494977,135.053,1980,3201,0.0,0.0,33.0
1786438816.504838,135.053,1980,3201,0.0,0.0,33.0
1786438816.514838,135.053,1980,3201,0.0,0.0,33.0
1786438816.524839,135.053,1980,3201,0.0,0.0,33.0
1786438816.534835,135.053,1980,3201,0.0,0.0,33.0
1786438816.544836,135.053,1980,3201,0.0,0.0,33.0
1786438816.554835,135.053,1980,3201,0.0,0.0,33.0
1786438816.564832,135.053,1980,3201,0.0,0.0,33.0
1786438816.574836,169.031,1980,3201,86.0,76.0,34.0
1786438816.584836,169.031,1980,3201,86.0,76.0,34.0
1786438816.594836,169.031,1980,3201,86.0,76.0,34.0
1786438816.604836,169.031,1980,3201,86.0,76.0,34.0
1786438816.614836,169.031,1980,3201,86.0,76.0,34.0
1786438816.624837,169.031,1980,3201,86.0,76.0,34.0
1786438816.634837,169.031,1980,3201,86.0,76.0,34.0
1786438816.644835,169.031,1980,3201,86.0,76.0,34.0
1786438816.654836,169.031,1980,3201,86.0,76.0,34.0
1786438816.664835,169.031,1980,3201,86.0,76.0,34.0
1786438816.674937,201.575,1980,3201,86.0,76.0,35.0
1786438816.684841,201.575,1980,3201,86.0,76.0,35.0
1786438816.694896,201.575,1980,3201,86.0,76.0,35.0
1786438816.704840,201.575,1980,3201,86.0,76.0,35.0
1786438816.714925,201.575,1980,3201,86.0,76.0,35.0
1786438816.724840,201.575,1980,3201,86.0,76.0,35.0
1786438816.734881,201.575,1980,3201,86.0,76.0,35.0
1786438816.744839,201.575,1980,3201,86.0,76.0,35.0
1786438816.754941,201.575,1980,3201,86.0,76.0,35.0
1786438816.764839,201.575,1980,3201,86.0,76.0,35.0
1786438816.774878,234.419,1980,3201,96.0,85.0,35.0
1786438816.784841,234.419,1980,3201,96.0,85.0,35.0
1786438816.794876,234.419,1980,3201,96.0,85.0,35.0
1786438816.804880,234.419,1980,3201,96.0,85.0,35.0
1786438816.814839,234.419,1980,3201,96.0,85.0,35.0
1786438816.824888,234.419,1980,3201,96.0,85.0,35.0
1786438816.834842,234.419,1980,3201,96.0,85.0,35.0
1786438816.844867,234.419,1980,3201,96.0,85.0,35.0
1786438816.854840,234.419,1980,3201,96.0,85.0,35.0
1786438816.864840,234.419,1980,3201,96.0,85.0,35.0
1786438816.874859,268.606,1980,3201,96.0,85.0,35.0
1786438816.884840,268.606,1980,3201,96.0,85.0,35.0
1786438816.894839,268.606,1980,3201,96.0,85.0,35.0
1786438816.904882,268.606,1980,3201,96.0,85.0,35.0
1786438816.914876,268.606,1980,3201,96.0,85.0,35.0
1786438816.924890,268.606,1980,3201,96.0,85.0,35.0
1786438816.934874,268.606,1980,3201,96.0,85.0,35.0
1786438816.944838,268.606,1980,3201,96.0,85.0,35.0
1786438816.954872,268.606,1980,3201,96.0,85.0,35.0
1786438816.964866,268.606,1980,3201,96.0,85.0,35.0
1786438816.974839,302.479,1980,3201,96.0,85.0,36.0
1786438816.984875,302.479,1980,3201,96.0,85.0,36.0
1786438816.994910,302.479,1980,3201,96.0,85.0,36.0
1786438817.004839,302.479,1980,3201,96.0,85.0,36.0
1786438817.014835,302.479,1980,3201,96.0,85.0,36.0
1786438817.024861,302.479,1980,3201,96.0,85.0,36.0
1786438817.034855,302.479,1980,3201,96.0,85.0,36.0
1786438817.044839,302.479,1980,3201,96.0,85.0,36.0
1786438817.054853,302.479,1980,3201,96.0,85.0,36.0
1786438817.064858,302.479,1980,3201,96.0,85.0,36.0
1786438817.074862,336.939,1980,3201,96.0,85.0,36.0
1786438817.084917,336.939,1980,3201,96.0,85.0,36.0
1786438817.094860,336.939,1980,3201,96.0,85.0,36.0
1786438817.104854,336.939,1980,3201,96.0,85.0,36.0
1786438817.114909,336.939,1980,3201,96.0,85.0,36.0
1786438817.124862,336.939,1980,3201,96.0,85.0,36.0
1786438817.134918,336.939,1980,3201,96.0,85.0,36.0
1786438817.144912,336.939,1980,3201,96.0,85.0,36.0
1786438817.154854,336.939,1980,3201,96.0,85.0,36.0
1786438817.164859,336.939,1980,3201,96.0,85.0,36.0
1786438817.174925,370.155,1980,3201,96.0,85.0,36.0
1786438817.184867,370.155,1980,3201,96.0,85.0,36.0
1786438817.194923,370.155,1980,3201,96.0,85.0,36.0
1786438817.204917,370.155,1980,3201,96.0,85.0,36.0
1786438817.214921,370.155,1980,3201,96.0,85.0,36.0
1786438817.224854,370.155,1980,3201,96.0,85.0,36.0
1786438817.234919,370.155,1980,3201,96.0,85.0,36.0
1786438817.244965,370.155,1980,3201,96.0,85.0,36.0
1786438817.254897,370.155,1980,3201,96.0,85.0,36.0
1786438817.264860,370.155,1980,3201,96.0,85.0,36.0
1786438817.274915,404.046,1980,3201,96.0,85.0,36.0
1786438817.284858,404.046,1980,3201,96.0,85.0,36.0
1786438817.294852,404.046,1980,3201,96.0,85.0,36.0
1786438817.304857,404.046,1980,3201,96.0,85.0,36.0
1786438817.314861,404.046,1980,3201,96.0,85.0,36.0
1786438817.324916,404.046,1980,3201,96.0,85.0,36.0
1786438817.334870,404.046,1980,3201,96.0,85.0,36.0
1786438817.344863,404.046,1980,3201,96.0,85.0,36.0
1786438817.354919,404.046,1980,3201,96.0,85.0,36.0
1786438817.364837,404.046,1980,3201,96.0,85.0,36.0
1786438817.374856,431.862,1980,3201,96.0,85.0,36.0
1786438817.384921,431.862,1980,3201,96.0,85.0,36.0
1786438817.394863,431.862,1980,3201,96.0,85.0,36.0
1786438817.404919,431.862,1980,3201,96.0,85.0,36.0
1786438817.414913,431.862,1980,3201,96.0,85.0,36.0
1786438817.424856,431.862,1980,3201,96.0,85.0,36.0
1786438817.434839,431.862,1980,3201,96.0,85.0,36.0
1786438817.444916,431.862,1980,3201,96.0,85.0,36.0
1786438817.454920,431.862,1980,3201,96.0,85.0,36.0
1786438817.464839,431.862,1980,3201,96.0,85.0,36.0
1786438817.474908,453.614,1980,3201,96.0,85.0,36.0
1786438817.484943,453.614,1980,3201,96.0,85.0,36.0
1786438817.494865,453.614,1980,3201,96.0,85.0,36.0
1786438817.504840,453.614,1980,3201,96.0,85.0,36.0
1786438817.514853,453.614,1980,3201,96.0,85.0,36.0
1786438817.524857,453.614,1980,3201,96.0,85.0,36.0
1786438817.534923,453.614,1980,3201,96.0,85.0,36.0
1786438817.544918,453.614,1980,3201,96.0,85.0,36.0
1786438817.554870,453.614,1980,3201,96.0,85.0,36.0
1786438817.564915,453.614,1980,3201,96.0,85.0,36.0
1786438817.574919,453.356,1980,3201,96.0,85.0,36.0
1786438817.584862,453.356,1980,3201,96.0,85.0,36.0
1786438817.594918,453.356,1980,3201,96.0,85.0,36.0
1786438817.604922,453.356,1980,3201,96.0,85.0,36.0
1786438817.614839,453.356,1980,3201,96.0,85.0,36.0
1786438817.624920,453.356,1980,3201,96.0,85.0,36.0
1786438817.634853,453.356,1980,3201,96.0,85.0,36.0
1786438817.644918,453.356,1980,3201,96.0,85.0,36.0
1786438817.654850,453.356,1980,3201,96.0,85.0,36.0
1786438817.664917,453.356,1980,3201,96.0,85.0,36.0
1786438817.674911,454.100,1980,3201,96.0,85.0,36.0
1786438817.684854,454.100,1980,3201,96.0,85.0,36.0
1786438817.694857,454.100,1980,3201,96.0,85.0,36.0
1786438817.704852,454.100,1980,3201,96.0,85.0,36.0
1786438817.714855,454.100,1980,3201,96.0,85.0,36.0
1786438817.724870,454.100,1980,3201,96.0,85.0,36.0
1786438817.734854,454.100,1980,3201,96.0,85.0,36.0
1786438817.744858,454.100,1980,3201,96.0,85.0,36.0
1786438817.754862,454.100,1980,3201,96.0,85.0,36.0
1786438817.764839,454.100,1980,3201,96.0,85.0,36.0
1786438817.774861,454.268,1980,3201,96.0,85.0,36.0
1786438817.784916,454.268,1980,3201,96.0,85.0,36.0
1786438817.794869,454.268,1980,3201,96.0,85.0,36.0
1786438817.804863,454.268,1980,3201,96.0,85.0,36.0
1786438817.814918,454.268,1980,3201,96.0,85.0,36.0
1786438817.824974,454.268,1980,3201,96.0,85.0,36.0
1786438817.834855,454.268,1980,3201,96.0,85.0,36.0
1786438817.844860,454.268,1980,3201,96.0,85.0,36.0
1786438817.854853,454.268,1980,3201,96.0,85.0,36.0
1786438817.864980,454.268,1980,3201,96.0,85.0,36.0
1786438817.874862,453.878,1980,3201,96.0,85.0,37.0
1786438817.884856,453.878,1980,3201,96.0,85.0,37.0
1786438817.894921,453.878,1980,3201,96.0,85.0,37.0
1786438817.904875,453.878,1980,3201,96.0,85.0,37.0
1786438817.914859,453.878,1980,3201,96.0,85.0,37.0
1786438817.924873,453.878,1980,3201,96.0,85.0,37.0
1786438817.934856,453.878,1980,3201,96.0,85.0,37.0
1786438817.944851,453.878,1980,3201,96.0,85.0,37.0
1786438817.954855,453.878,1980,3201,96.0,85.0,37.0
1786438817.964931,453.878,1980,3201,96.0,85.0,37.0
1786438817.974879,450.985,1980,3201,96.0,85.0,37.0
1786438817.984919,450.985,1980,3201,96.0,85.0,37.0
1786438817.994913,450.985,1980,3201,96.0,85.0,37.0
1786438818.004856,450.985,1980,3201,96.0,85.0,37.0
1786438818.014835,450.985,1980,3201,96.0,85.0,37.0
1786438818.024864,450.985,1980,3201,96.0,85.0,37.0
1786438818.035042,450.985,1980,3201,96.0,85.0,37.0
1786438818.044852,450.985,1980,3201,96.0,85.0,37.0
1786438818.054948,450.985,1980,3201,96.0,85.0,37.0
1786438818.064942,450.985,1980,3201,96.0,85.0,37.0
1786438818.074839,449.982,1980,3201,96.0,85.0,37.0
1786438818.084858,449.982,1980,3201,96.0,85.0,37.0
1786438818.094883,449.982,1980,3201,96.0,85.0,37.0
1786438818.104840,449.982,1980,3201,96.0,85.0,37.0
1786438818.114882,449.982,1980,3201,96.0,85.0,37.0
1786438818.124839,449.982,1980,3201,96.0,85.0,37.0
1786438818.134890,449.982,1980,3201,96.0,85.0,37.0
1786438818.144839,449.982,1980,3201,96.0,85.0,37.0
1786438818.154868,449.982,1980,3201,96.0,85.0,37.0
1786438818.164862,449.982,1980,3201,96.0,85.0,37.0
1786438818.174839,448.899,1980,3201,96.0,86.0,37.0
1786438818.184840,448.899,1980,3201,96.0,86.0,37.0
1786438818.194885,448.899,1980,3201,96.0,86.0,37.0
1786438818.204930,448.899,1980,3201,96.0,86.0,37.0
1786438818.214842,448.899,1980,3201,96.0,86.0,37.0
1786438818.224928,448.899,1980,3201,96.0,86.0,37.0
1786438818.234840,448.899,1980,3201,96.0,86.0,37.0
1786438818.244865,448.899,1980,3201,96.0,86.0,37.0
1786438818.254859,448.899,1980,3201,96.0,86.0,37.0
1786438818.264840,448.899,1980,3201,96.0,86.0,37.0
1786438818.274840,447.122,1980,3201,96.0,86.0,37.0
1786438818.284841,447.122,1980,3201,96.0,86.0,37.0
1786438818.294886,447.122,1980,3201,96.0,86.0,37.0
1786438818.304840,447.122,1980,3201,96.0,86.0,37.0
1786438818.314839,447.122,1980,3201,96.0,86.0,37.0
1786438818.324940,447.122,1980,3201,96.0,86.0,37.0
1786438818.334913,447.122,1980,3201,96.0,86.0,37.0
1786438818.344840,447.122,1980,3201,96.0,86.0,37.0
1786438818.354931,447.122,1980,3201,96.0,86.0,37.0
1786438818.364885,447.122,1980,3201,96.0,86.0,37.0
1786438818.374840,444.422,1980,3201,96.0,85.0,37.0
1786438818.384883,444.422,1980,3201,96.0,85.0,37.0
1786438818.394876,444.422,1980,3201,96.0,85.0,37.0
1786438818.404933,444.422,1980,3201,96.0,85.0,37.0
1786438818.414876,444.422,1980,3201,96.0,85.0,37.0
1786438818.424839,444.422,1980,3201,96.0,85.0,37.0
1786438818.434884,444.422,1980,3201,96.0,85.0,37.0
1786438818.444839,444.422,1980,3201,96.0,85.0,37.0
1786438818.454842,444.422,1980,3201,96.0,85.0,37.0
1786438818.464839,444.422,1980,3201,96.0,85.0,37.0
1786438818.474839,442.472,1980,3201,96.0,85.0,37.0
1786438818.484839,442.472,1980,3201,96.0,85.0,37.0
1786438818.494868,442.472,1980,3201,96.0,85.0,37.0
1786438818.504883,442.472,1980,3201,96.0,85.0,37.0
1786438818.514938,442.472,1980,3201,96.0,85.0,37.0
1786438818.524840,442.472,1980,3201,96.0,85.0,37.0
1786438818.534926,442.472,1980,3201,96.0,85.0,37.0
1786438818.544839,442.472,1980,3201,96.0,85.0,37.0
1786438818.554934,442.472,1980,3201,96.0,85.0,37.0
1786438818.564878,442.472,1980,3201,96.0,85.0,37.0
1786438818.574841,441.687,1980,3201,96.0,85.0,37.0
1786438818.584840,441.687,1980,3201,96.0,85.0,37.0
1786438818.594879,441.687,1980,3201,96.0,85.0,37.0
1786438818.604839,441.687,1980,3201,96.0,85.0,37.0
1786438818.614909,441.687,1980,3201,96.0,85.0,37.0
1786438818.624843,441.687,1980,3201,96.0,85.0,37.0
1786438818.634840,441.687,1980,3201,96.0,85.0,37.0
1786438818.644921,441.687,1980,3201,96.0,85.0,37.0
1786438818.654864,441.687,1980,3201,96.0,85.0,37.0
1786438818.664909,441.687,1980,3201,96.0,85.0,37.0
1786438818.675077,440.428,1980,3201,96.0,85.0,37.0
1786438818.684840,440.428,1980,3201,96.0,85.0,37.0
1786438818.694840,440.428,1980,3201,96.0,85.0,37.0
1786438818.704840,440.428,1980,3201,96.0,85.0,37.0
1786438818.714839,440.428,1980,3201,96.0,85.0,37.0
1786438818.724834,440.428,1980,3201,96.0,85.0,37.0
1786438818.734939,440.428,1980,3201,96.0,85.0,37.0
1786438818.744882,440.428,1980,3201,96.0,85.0,37.0
1786438818.754845,440.428,1980,3201,96.0,85.0,37.0
1786438818.764839,440.428,1980,3201,96.0,85.0,37.0
1786438818.775097,438.942,1980,3201,96.0,85.0,37.0
1786438818.784857,438.942,1980,3201,96.0,85.0,37.0
1786438818.795118,438.942,1980,3201,96.0,85.0,37.0
1786438818.804839,438.942,1980,3201,96.0,85.0,37.0
1786438818.815076,438.942,1980,3201,96.0,85.0,37.0
1786438818.824835,438.942,1980,3201,96.0,85.0,37.0
1786438818.835091,438.942,1980,3201,96.0,85.0,37.0
1786438818.844872,438.942,1980,3201,96.0,85.0,37.0
1786438818.855112,438.942,1980,3201,96.0,85.0,37.0
1786438818.864922,438.942,1980,3201,96.0,85.0,37.0
1786438818.875050,438.478,1980,3201,96.0,85.0,37.0
1786438818.884859,438.478,1980,3201,96.0,85.0,37.0
1786438818.895180,438.478,1980,3201,96.0,85.0,37.0
1786438818.904857,438.478,1980,3201,96.0,85.0,37.0
1786438818.915016,438.478,1980,3201,96.0,85.0,37.0
1786438818.924855,438.478,1980,3201,96.0,85.0,37.0
1786438818.934911,438.478,1980,3201,96.0,85.0,37.0
1786438818.944864,438.478,1980,3201,96.0,85.0,37.0
1786438818.955144,438.478,1980,3201,96.0,85.0,37.0
1786438818.964913,438.478,1980,3201,96.0,85.0,37.0
1786438818.975051,438.899,1980,3201,96.0,85.0,37.0
1786438818.984922,438.899,1980,3201,96.0,85.0,37.0
1786438818.995275,438.899,1980,3201,96.0,85.0,37.0
1786438819.004858,438.899,1980,3201,96.0,85.0,37.0
1786438819.014925,438.899,1980,3201,96.0,85.0,37.0
1786438819.024858,438.899,1980,3201,96.0,85.0,37.0
1786438819.034833,438.899,1980,3201,96.0,85.0,37.0
1786438819.044980,438.899,1980,3201,96.0,85.0,37.0
1786438819.054836,438.899,1980,3201,96.0,85.0,37.0
1786438819.064855,438.899,1980,3201,96.0,85.0,37.0
1786438819.074833,438.310,1980,3201,96.0,85.0,37.0
1786438819.084914,438.310,1980,3201,96.0,85.0,37.0
1786438819.094837,438.310,1980,3201,96.0,85.0,37.0
1786438819.104903,438.310,1980,3201,96.0,85.0,37.0
1786438819.114832,438.310,1980,3201,96.0,85.0,37.0
1786438819.124861,438.310,1980,3201,96.0,85.0,37.0
1786438819.134837,438.310,1980,3201,96.0,85.0,37.0
1786438819.144858,438.310,1980,3201,96.0,85.0,37.0
1786438819.154835,438.310,1980,3201,96.0,85.0,37.0
1786438819.164918,438.310,1980,3201,96.0,85.0,37.0
1786438819.174836,437.919,1980,3201,96.0,85.0,37.0
1786438819.184855,437.919,1980,3201,96.0,85.0,37.0
1786438819.194837,437.919,1980,3201,96.0,85.0,37.0
1786438819.204914,437.919,1980,3201,96.0,85.0,37.0
1786438819.214832,437.919,1980,3201,96.0,85.0,37.0
1786438819.224922,437.919,1980,3201,96.0,85.0,37.0
1786438819.234837,437.919,1980,3201,96.0,85.0,37.0
1786438819.244910,437.919,1980,3201,96.0,85.0,37.0
1786438819.254833,437.919,1980,3201,96.0,85.0,37.0
1786438819.264858,437.919,1980,3201,96.0,85.0,37.0
1786438819.274832,438.476,1980,3201,96.0,85.0,37.0
1786438819.284839,438.476,1980,3201,96.0,85.0,37.0
1786438819.294834,438.476,1980,3201,96.0,85.0,37.0
1786438819.304864,438.476,1980,3201,96.0,85.0,37.0
1786438819.314834,438.476,1980,3201,96.0,85.0,37.0
1786438819.324862,438.476,1980,3201,96.0,85.0,37.0
1786438819.334836,438.476,1980,3201,96.0,85.0,37.0
1786438819.344922,438.476,1980,3201,96.0,85.0,37.0
1786438819.354841,438.476,1980,3201,96.0,85.0,37.0
1786438819.364859,438.476,1980,3201,96.0,85.0,37.0
1786438819.374836,438.799,1980,3201,96.0,85.0,37.0
1786438819.384857,438.799,1980,3201,96.0,85.0,37.0
1786438819.394836,438.799,1980,3201,96.0,85.0,37.0
1786438819.404840,438.799,1980,3201,96.0,85.0,37.0
1786438819.414835,438.799,1980,3201,96.0,85.0,37.0
1786438819.424874,438.799,1980,3201,96.0,85.0,37.0
1786438819.434835,438.799,1980,3201,96.0,85.0,37.0
1786438819.444923,438.799,1980,3201,96.0,85.0,37.0
1786438819.454835,438.799,1980,3201,96.0,85.0,37.0
1786438819.464837,438.799,1980,3201,96.0,85.0,37.0
1786438819.474833,438.786,1980,3201,96.0,85.0,37.0
1786438819.484834,438.786,1980,3201,96.0,85.0,37.0
1786438819.494829,438.786,1980,3201,96.0,85.0,37.0
1786438819.504834,438.786,1980,3201,96.0,85.0,37.0
1786438819.514829,438.786,1980,3201,96.0,85.0,37.0
1786438819.524835,438.786,1980,3201,96.0,85.0,37.0
1786438819.534829,438.786,1980,3201,96.0,85.0,37.0
1786438819.544835,438.786,1980,3201,96.0,85.0,37.0
1786438819.554832,438.786,1980,3201,96.0,85.0,37.0
1786438819.564835,438.786,1980,3201,96.0,85.0,37.0
1786438819.574832,438.670,1980,3201,96.0,85.0,37.0
1786438819.584834,438.670,1980,3201,96.0,85.0,37.0
1786438819.594829,438.670,1980,3201,96.0,85.0,37.0
1786438819.604834,438.670,1980,3201,96.0,85.0,37.0
1786438819.614832,438.670,1980,3201,96.0,85.0,37.0
1786438819.625016,438.670,1980,3201,96.0,85.0,37.0
1786438819.634836,438.670,1980,3201,96.0,85.0,37.0
1786438819.644935,438.670,1980,3201,96.0,85.0,37.0
1786438819.655035,438.670,1980,3201,96.0,85.0,37.0
1786438819.664863,438.670,1980,3201,96.0,85.0,37.0
1786438819.674832,439.802,1980,3201,96.0,85.0,37.0
1786438819.684912,439.802,1980,3201,96.0,85.0,37.0
1786438819.694837,439.802,1980,3201,96.0,85.0,37.0
1786438819.704870,439.802,1980,3201,96.0,85.0,37.0
1786438819.714833,439.802,1980,3201,96.0,85.0,37.0
1786438819.724858,439.802,1980,3201,96.0,85.0,37.0
1786438819.734836,439.802,1980,3201,96.0,85.0,37.0
1786438819.744917,439.802,1980,3201,96.0,85.0,37.0
1786438819.754833,439.802,1980,3201,96.0,85.0,37.0
1786438819.764864,439.802,1980,3201,96.0,85.0,37.0
1786438819.774832,439.989,1980,3201,96.0,85.0,37.0
1786438819.784863,439.989,1980,3201,96.0,85.0,37.0
1786438819.794837,439.989,1980,3201,96.0,85.0,37.0
1786438819.804861,439.989,1980,3201,96.0,85.0,37.0
1786438819.814833,439.989,1980,3201,96.0,85.0,37.0
1786438819.824859,439.989,1980,3201,96.0,85.0,37.0
1786438819.834837,439.989,1980,3201,96.0,85.0,37.0
1786438819.844888,439.989,1980,3201,96.0,85.0,37.0
1786438819.854834,439.989,1980,3201,96.0,85.0,37.0
1786438819.864887,439.989,1980,3201,96.0,85.0,37.0
1786438819.874837,439.887,1980,3201,96.0,85.0,38.0
1786438819.884884,439.887,1980,3201,96.0,85.0,38.0
1786438819.894833,439.887,1980,3201,96.0,85.0,38.0
1786438819.904842,439.887,1980,3201,96.0,85.0,38.0
1786438819.914838,439.887,1980,3201,96.0,85.0,38.0
1786438819.924840,439.887,1980,3201,96.0,85.0,38.0
1786438819.934833,439.887,1980,3201,96.0,85.0,38.0
1786438819.944840,439.887,1980,3201,96.0,85.0,38.0
1786438819.954836,439.887,1980,3201,96.0,85.0,38.0
1786438819.964878,439.887,1980,3201,96.0,85.0,38.0
1786438819.974834,440.365,1980,3201,96.0,85.0,38.0
1786438819.984839,440.365,1980,3201,96.0,85.0,38.0
1786438819.994837,440.365,1980,3201,96.0,85.0,38.0
1786438820.004924,440.365,1980,3201,96.0,85.0,38.0
1786438820.014832,440.365,1980,3201,96.0,85.0,38.0
1786438820.024934,440.365,1980,3201,96.0,85.0,38.0
1786438820.035008,440.365,1980,3201,96.0,85.0,38.0
1786438820.044890,440.365,1980,3201,96.0,85.0,38.0
1786438820.054833,440.365,1980,3201,96.0,85.0,38.0
1786438820.064842,440.365,1980,3201,96.0,85.0,38.0
1786438820.074837,439.975,1980,3201,96.0,85.0,38.0
1786438820.084938,439.975,1980,3201,96.0,85.0,38.0
1786438820.094833,439.975,1980,3201,96.0,85.0,38.0
1786438820.104840,439.975,1980,3201,96.0,85.0,38.0
1786438820.114837,439.975,1980,3201,96.0,85.0,38.0
1786438820.124873,439.975,1980,3201,96.0,85.0,38.0
1786438820.134833,439.975,1980,3201,96.0,85.0,38.0
1786438820.144841,439.975,1980,3201,96.0,85.0,38.0
1786438820.154833,439.975,1980,3201,96.0,85.0,38.0
1786438820.164839,439.975,1980,3201,96.0,85.0,38.0
1786438820.174831,440.014,1980,3201,96.0,85.0,38.0
1786438820.184838,440.014,1980,3201,96.0,85.0,38.0
1786438820.194829,440.014,1980,3201,96.0,85.0,38.0
1786438820.204836,440.014,1980,3201,96.0,85.0,38.0
1786438820.214830,440.014,1980,3201,96.0,85.0,38.0
1786438820.224835,440.014,1980,3201,96.0,85.0,38.0
1786438820.235035,440.014,1980,3201,96.0,85.0,38.0
1786438820.244835,440.014,1980,3201,96.0,85.0,38.0
1786438820.254829,440.014,1980,3201,96.0,85.0,38.0
1786438820.264837,440.014,1980,3201,96.0,85.0,38.0
1786438820.274974,440.443,1980,3201,96.0,85.0,38.0
1786438820.284835,440.443,1980,3201,96.0,85.0,38.0
1786438820.294829,440.443,1980,3201,96.0,85.0,38.0
1786438820.304834,440.443,1980,3201,96.0,85.0,38.0
1786438820.314829,440.443,1980,3201,96.0,85.0,38.0
1786438820.324837,440.443,1980,3201,96.0,85.0,38.0
1786438820.334968,440.443,1980,3201,96.0,85.0,38.0
1786438820.344862,440.443,1980,3201,96.0,85.0,38.0
1786438820.354937,440.443,1980,3201,96.0,85.0,38.0
1786438820.364890,440.443,1980,3201,96.0,85.0,38.0
1786438820.374915,440.559,1980,3201,96.0,85.0,38.0
1786438820.384878,440.559,1980,3201,96.0,85.0,38.0
1786438820.395058,440.559,1980,3201,96.0,85.0,38.0
1786438820.404856,440.559,1980,3201,96.0,85.0,38.0
1786438820.415074,440.559,1980,3201,96.0,85.0,38.0
1786438820.424916,440.559,1980,3201,96.0,85.0,38.0
1786438820.435031,440.559,1980,3201,96.0,85.0,38.0
1786438820.444843,440.559,1980,3201,96.0,85.0,38.0
1786438820.455152,440.559,1980,3201,96.0,85.0,38.0
1786438820.464841,440.559,1980,3201,96.0,85.0,38.0
1786438820.475099,440.775,1980,3201,96.0,85.0,38.0
1786438820.484860,440.775,1980,3201,96.0,85.0,38.0
1786438820.494917,440.775,1980,3201,96.0,85.0,38.0
1786438820.504841,440.775,1980,3201,96.0,85.0,38.0
1786438820.515065,440.775,1980,3201,96.0,85.0,38.0
1786438820.524907,440.775,1980,3201,96.0,85.0,38.0
1786438820.535074,440.775,1980,3201,96.0,85.0,38.0
1786438820.544925,440.775,1980,3201,96.0,85.0,38.0
1786438820.554919,440.775,1980,3201,96.0,85.0,38.0
1786438820.564862,440.775,1980,3201,96.0,85.0,38.0
1786438820.574929,440.479,1980,3201,97.0,85.0,38.0
1786438820.584861,440.479,1980,3201,97.0,85.0,38.0
1786438820.594927,440.479,1980,3201,97.0,85.0,38.0
1786438820.604870,440.479,1980,3201,97.0,85.0,38.0
1786438820.614883,440.479,1980,3201,97.0,85.0,38.0
1786438820.624839,440.479,1980,3201,97.0,85.0,38.0
1786438820.634912,440.479,1980,3201,97.0,85.0,38.0
1786438820.644855,440.479,1980,3201,97.0,85.0,38.0
1786438820.654840,440.479,1980,3201,97.0,85.0,38.0
1786438820.664875,440.479,1980,3201,97.0,85.0,38.0
1786438820.674899,439.624,1980,3201,97.0,85.0,38.0
1786438820.684882,439.624,1980,3201,97.0,85.0,38.0
1786438820.694897,439.624,1980,3201,97.0,85.0,38.0
1786438820.704860,439.624,1980,3201,97.0,85.0,38.0
1786438820.714906,439.624,1980,3201,97.0,85.0,38.0
1786438820.724839,439.624,1980,3201,97.0,85.0,38.0
1786438820.734924,439.624,1980,3201,97.0,85.0,38.0
1786438820.744857,439.624,1980,3201,97.0,85.0,38.0
1786438820.754892,439.624,1980,3201,97.0,85.0,38.0
1786438820.764916,439.624,1980,3201,97.0,85.0,38.0
1786438820.774920,439.473,1980,3201,96.0,85.0,38.0
1786438820.784843,439.473,1980,3201,96.0,85.0,38.0
1786438820.794878,439.473,1980,3201,96.0,85.0,38.0
1786438820.804838,439.473,1980,3201,96.0,85.0,38.0
1786438820.814886,439.473,1980,3201,96.0,85.0,38.0
1786438820.824839,439.473,1980,3201,96.0,85.0,38.0
1786438820.834874,439.473,1980,3201,96.0,85.0,38.0
1786438820.844878,439.473,1980,3201,96.0,85.0,38.0
1786438820.854862,439.473,1980,3201,96.0,85.0,38.0
1786438820.864838,439.473,1980,3201,96.0,85.0,38.0
1786438820.874881,439.002,1980,3201,96.0,85.0,38.0
1786438820.884839,439.002,1980,3201,96.0,85.0,38.0
1786438820.894859,439.002,1980,3201,96.0,85.0,38.0
1786438820.904852,439.002,1980,3201,96.0,85.0,38.0
1786438820.914918,439.002,1980,3201,96.0,85.0,38.0
1786438820.924841,439.002,1980,3201,96.0,85.0,38.0
1786438820.934917,439.002,1980,3201,96.0,85.0,38.0
1786438820.944870,439.002,1980,3201,96.0,85.0,38.0
1786438820.954956,439.002,1980,3201,96.0,85.0,38.0
1786438820.964929,439.002,1980,3201,96.0,85.0,38.0
1786438820.974841,439.704,1980,3201,96.0,85.0,38.0
1786438820.984917,439.704,1980,3201,96.0,85.0,38.0
1786438820.994890,439.704,1980,3201,96.0,85.0,38.0
1786438821.004854,439.704,1980,3201,96.0,85.0,38.0
1786438821.014835,439.704,1980,3201,96.0,85.0,38.0
1786438821.024838,439.704,1980,3201,96.0,85.0,38.0
1786438821.034838,439.704,1980,3201,96.0,85.0,38.0
1786438821.044891,439.704,1980,3201,96.0,85.0,38.0
1786438821.054926,439.704,1980,3201,96.0,85.0,38.0
1786438821.064910,439.704,1980,3201,96.0,85.0,38.0
1786438821.074924,440.155,1980,3201,96.0,85.0,38.0
1786438821.084857,440.155,1980,3201,96.0,85.0,38.0
1786438821.094923,440.155,1980,3201,96.0,85.0,38.0
1786438821.104839,440.155,1980,3201,96.0,85.0,38.0
1786438821.114932,440.155,1980,3201,96.0,85.0,38.0
1786438821.124844,440.155,1980,3201,96.0,85.0,38.0
1786438821.134859,440.155,1980,3201,96.0,85.0,38.0
1786438821.144935,440.155,1980,3201,96.0,85.0,38.0
1786438821.154840,440.155,1980,3201,96.0,85.0,38.0
1786438821.164933,440.155,1980,3201,96.0,85.0,38.0
1786438821.174876,440.417,1980,3201,96.0,85.0,38.0
1786438821.184880,440.417,1980,3201,96.0,85.0,38.0
1786438821.194853,440.417,1980,3201,96.0,85.0,38.0
1786438821.204888,440.417,1980,3201,96.0,85.0,38.0
1786438821.214872,440.417,1980,3201,96.0,85.0,38.0
1786438821.224918,440.417,1980,3201,96.0,85.0,38.0
1786438821.234860,440.417,1980,3201,96.0,85.0,38.0
1786438821.244936,440.417,1980,3201,96.0,85.0,38.0
1786438821.254878,440.417,1980,3201,96.0,85.0,38.0
1786438821.264842,440.417,1980,3201,96.0,85.0,38.0
1786438821.274876,440.404,1980,3201,96.0,85.0,38.0
1786438821.284860,440.404,1980,3201,96.0,85.0,38.0
1786438821.294854,440.404,1980,3201,96.0,85.0,38.0
1786438821.304889,440.404,1980,3201,96.0,85.0,38.0
1786438821.314840,440.404,1980,3201,96.0,85.0,38.0
1786438821.324867,440.404,1980,3201,96.0,85.0,38.0
1786438821.334922,440.404,1980,3201,96.0,85.0,38.0
1786438821.344907,440.404,1980,3201,96.0,85.0,38.0
1786438821.354858,440.404,1980,3201,96.0,85.0,38.0
1786438821.364837,440.404,1980,3201,96.0,85.0,38.0
1786438821.374839,440.313,1980,3201,96.0,85.0,38.0
1786438821.384932,440.313,1980,3201,96.0,85.0,38.0
1786438821.394916,440.313,1980,3201,96.0,85.0,38.0
1786438821.404869,440.313,1980,3201,96.0,85.0,38.0
1786438821.414874,440.313,1980,3201,96.0,85.0,38.0
1786438821.424909,440.313,1980,3201,96.0,85.0,38.0
1786438821.434841,440.313,1980,3201,96.0,85.0,38.0
1786438821.444917,440.313,1980,3201,96.0,85.0,38.0
1786438821.454921,440.313,1980,3201,96.0,85.0,38.0
1786438821.464926,440.313,1980,3201,96.0,85.0,38.0
1786438821.474889,440.030,1980,3201,96.0,85.0,38.0
1786438821.484839,440.030,1980,3201,96.0,85.0,38.0
1786438821.494887,440.030,1980,3201,96.0,85.0,38.0
1786438821.504912,440.030,1980,3201,96.0,85.0,38.0
1786438821.514865,440.030,1980,3201,96.0,85.0,38.0
1786438821.524910,440.030,1980,3201,96.0,85.0,38.0
1786438821.534914,440.030,1980,3201,96.0,85.0,38.0
1786438821.544857,440.030,1980,3201,96.0,85.0,38.0
1786438821.554862,440.030,1980,3201,96.0,85.0,38.0
1786438821.564916,440.030,1980,3201,96.0,85.0,38.0
1786438821.574870,440.716,1980,3201,96.0,85.0,39.0
1786438821.584853,440.716,1980,3201,96.0,85.0,39.0
1786438821.594858,440.716,1980,3201,96.0,85.0,39.0
1786438821.604862,440.716,1980,3201,96.0,85.0,39.0
1786438821.614866,440.716,1980,3201,96.0,85.0,39.0
1786438821.624911,440.716,1980,3201,96.0,85.0,39.0
1786438821.634967,440.716,1980,3201,96.0,85.0,39.0
1786438821.644910,440.716,1980,3201,96.0,85.0,39.0
1786438821.654862,440.716,1980,3201,96.0,85.0,39.0
1786438821.664918,440.716,1980,3201,96.0,85.0,39.0
1786438821.674840,442.554,1980,3201,96.0,85.0,38.0
1786438821.684838,442.554,1980,3201,96.0,85.0,38.0
1786438821.694859,442.554,1980,3201,96.0,85.0,38.0
1786438821.704914,442.554,1980,3201,96.0,85.0,38.0
1786438821.714839,442.554,1980,3201,96.0,85.0,38.0
1786438821.724923,442.554,1980,3201,96.0,85.0,38.0
1786438821.734886,442.554,1980,3201,96.0,85.0,38.0
1786438821.744859,442.554,1980,3201,96.0,85.0,38.0
1786438821.754840,442.554,1980,3201,96.0,85.0,38.0
1786438821.764929,442.554,1980,3201,96.0,85.0,38.0
1786438821.774839,441.629,1980,3201,85.0,75.0,38.0
1786438821.784876,441.629,1980,3201,85.0,75.0,38.0
1786438821.794912,441.629,1980,3201,85.0,75.0,38.0
1786438821.804839,441.629,1980,3201,85.0,75.0,38.0
1786438821.814920,441.629,1980,3201,85.0,75.0,38.0
1786438821.824863,441.629,1980,3201,85.0,75.0,38.0
1786438821.834918,441.629,1980,3201,85.0,75.0,38.0
1786438821.844861,441.629,1980,3201,85.0,75.0,38.0
1786438821.854917,441.629,1980,3201,85.0,75.0,38.0
1786438821.864880,441.629,1980,3201,85.0,75.0,38.0
1786438821.874946,442.713,1980,3201,85.0,75.0,38.0
1786438821.884841,442.713,1980,3201,85.0,75.0,38.0
1786438821.894831,442.713,1980,3201,85.0,75.0,38.0
1786438821.904832,442.713,1980,3201,85.0,75.0,38.0
1786438821.914793,442.713,1980,3201,85.0,75.0,38.0
1786438821.924952,442.713,1980,3201,85.0,75.0,38.0
1786438821.934919,442.713,1980,3201,85.0,75.0,38.0
1786438821.944862,442.713,1980,3201,85.0,75.0,38.0
1786438821.954856,442.713,1980,3201,85.0,75.0,38.0
1786438821.964922,442.713,1980,3201,85.0,75.0,38.0
1786438821.974946,442.051,1980,3201,96.0,85.0,38.0
1786438821.984920,442.051,1980,3201,96.0,85.0,38.0
1786438821.994853,442.051,1980,3201,96.0,85.0,38.0
1786438822.004908,442.051,1980,3201,96.0,85.0,38.0
1786438822.014835,442.051,1980,3201,96.0,85.0,38.0
1786438822.024937,442.051,1980,3201,96.0,85.0,38.0
1786438822.034870,442.051,1980,3201,96.0,85.0,38.0
1786438822.044839,442.051,1980,3201,96.0,85.0,38.0
1786438822.054857,442.051,1980,3201,96.0,85.0,38.0
1786438822.064974,442.051,1980,3201,96.0,85.0,38.0
1786438822.074917,442.927,1980,3201,96.0,85.0,38.0
1786438822.084850,442.927,1980,3201,96.0,85.0,38.0
1786438822.094946,442.927,1980,3201,96.0,85.0,38.0
1786438822.104909,442.927,1980,3201,96.0,85.0,38.0
1786438822.114840,442.927,1980,3201,96.0,85.0,38.0
1786438822.124918,442.927,1980,3201,96.0,85.0,38.0
1786438822.134892,442.927,1980,3201,96.0,85.0,38.0
1786438822.144906,442.927,1980,3201,96.0,85.0,38.0
1786438822.154837,442.927,1980,3201,96.0,85.0,38.0
1786438822.164838,442.927,1980,3201,96.0,85.0,38.0
1786438822.174838,443.397,1980,3201,96.0,86.0,38.0
1786438822.184835,443.397,1980,3201,96.0,86.0,38.0
1786438822.194834,443.397,1980,3201,96.0,86.0,38.0
1786438822.204835,443.397,1980,3201,96.0,86.0,38.0
1786438822.214834,443.397,1980,3201,96.0,86.0,38.0
1786438822.224834,443.397,1980,3201,96.0,86.0,38.0
1786438822.234834,443.397,1980,3201,96.0,86.0,38.0
1786438822.244835,443.397,1980,3201,96.0,86.0,38.0
1786438822.254834,443.397,1980,3201,96.0,86.0,38.0
1786438822.264834,443.397,1980,3201,96.0,86.0,38.0
1786438822.274834,444.862,1980,3201,96.0,86.0,38.0
1786438822.284834,444.862,1980,3201,96.0,86.0,38.0
1786438822.294898,444.862,1980,3201,96.0,86.0,38.0
1786438822.304835,444.862,1980,3201,96.0,86.0,38.0
1786438822.314836,444.862,1980,3201,96.0,86.0,38.0
1786438822.324836,444.862,1980,3201,96.0,86.0,38.0
1786438822.334836,444.862,1980,3201,96.0,86.0,38.0
1786438822.344836,444.862,1980,3201,96.0,86.0,38.0
1786438822.354835,444.862,1980,3201,96.0,86.0,38.0
1786438822.364836,444.862,1980,3201,96.0,86.0,38.0
1786438822.374836,445.705,1980,3201,96.0,86.0,38.0
1786438822.384835,445.705,1980,3201,96.0,86.0,38.0
1786438822.394958,445.705,1980,3201,96.0,86.0,38.0
1786438822.404995,445.705,1980,3201,96.0,86.0,38.0
1786438822.414856,445.705,1980,3201,96.0,86.0,38.0
1786438822.424860,445.705,1980,3201,96.0,86.0,38.0
1786438822.434905,445.705,1980,3201,96.0,86.0,38.0
1786438822.444869,445.705,1980,3201,96.0,86.0,38.0
1786438822.454914,445.705,1980,3201,96.0,86.0,38.0
1786438822.464918,445.705,1980,3201,96.0,86.0,38.0
1786438822.474892,446.377,1980,3201,96.0,86.0,39.0
1786438822.484968,446.377,1980,3201,96.0,86.0,39.0
1786438822.494921,446.377,1980,3201,96.0,86.0,39.0
1786438822.504956,446.377,1980,3201,96.0,86.0,39.0
1786438822.514919,446.377,1980,3201,96.0,86.0,39.0
1786438822.524851,446.377,1980,3201,96.0,86.0,39.0
1786438822.534927,446.377,1980,3201,96.0,86.0,39.0
1786438822.544921,446.377,1980,3201,96.0,86.0,39.0
1786438822.554864,446.377,1980,3201,96.0,86.0,39.0
1786438822.564889,446.377,1980,3201,96.0,86.0,39.0
1786438822.574862,447.386,1980,3201,96.0,85.0,38.0
1786438822.584918,447.386,1980,3201,96.0,85.0,38.0
1786438822.594922,447.386,1980,3201,96.0,85.0,38.0
1786438822.604937,447.386,1980,3201,96.0,85.0,38.0
1786438822.614879,447.386,1980,3201,96.0,85.0,38.0
1786438822.624965,447.386,1980,3201,96.0,85.0,38.0
1786438822.634970,447.386,1980,3201,96.0,85.0,38.0
1786438822.644851,447.386,1980,3201,96.0,85.0,38.0
1786438822.654866,447.386,1980,3201,96.0,85.0,38.0
1786438822.664921,447.386,1980,3201,96.0,85.0,38.0
1786438822.674977,447.638,1980,3201,96.0,85.0,39.0
1786438822.684858,447.638,1980,3201,96.0,85.0,39.0
1786438822.694862,447.638,1980,3201,96.0,85.0,39.0
1786438822.704917,447.638,1980,3201,96.0,85.0,39.0
1786438822.714911,447.638,1980,3201,96.0,85.0,39.0
1786438822.724854,447.638,1980,3201,96.0,85.0,39.0
1786438822.734859,447.638,1980,3201,96.0,85.0,39.0
1786438822.744862,447.638,1980,3201,96.0,85.0,39.0
1786438822.754839,447.638,1980,3201,96.0,85.0,39.0
1786438822.764871,447.638,1980,3201,96.0,85.0,39.0
1786438822.774855,450.192,1980,3201,96.0,86.0,39.0
1786438822.784921,450.192,1980,3201,96.0,86.0,39.0
1786438822.794852,450.192,1980,3201,96.0,86.0,39.0
1786438822.804919,450.192,1980,3201,96.0,86.0,39.0
1786438822.814862,450.192,1980,3201,96.0,86.0,39.0
1786438822.824907,450.192,1980,3201,96.0,86.0,39.0
1786438822.834860,450.192,1980,3201,96.0,86.0,39.0
1786438822.844915,450.192,1980,3201,96.0,86.0,39.0
1786438822.854858,450.192,1980,3201,96.0,86.0,39.0
1786438822.864913,450.192,1980,3201,96.0,86.0,39.0
1786438822.874856,450.266,1980,3201,96.0,86.0,39.0
1786438822.884911,450.266,1980,3201,96.0,86.0,39.0
1786438822.894916,450.266,1980,3201,96.0,86.0,39.0
1786438822.904858,450.266,1980,3201,96.0,86.0,39.0
1786438822.914863,450.266,1980,3201,96.0,86.0,39.0
1786438822.924867,450.266,1980,3201,96.0,86.0,39.0
1786438822.934850,450.266,1980,3201,96.0,86.0,39.0
1786438822.944854,450.266,1980,3201,96.0,86.0,39.0
1786438822.954859,450.266,1980,3201,96.0,86.0,39.0
1786438822.964884,450.266,1980,3201,96.0,86.0,39.0
1786438822.974840,451.217,1980,3201,96.0,85.0,39.0
1786438822.984838,451.217,1980,3201,96.0,85.0,39.0
1786438822.994907,451.217,1980,3201,96.0,85.0,39.0
1786438823.005073,451.217,1980,3201,96.0,85.0,39.0
1786438823.014836,451.217,1980,3201,96.0,85.0,39.0
1786438823.025071,451.217,1980,3201,96.0,85.0,39.0
1786438823.034862,451.217,1980,3201,96.0,85.0,39.0
1786438823.044839,451.217,1980,3201,96.0,85.0,39.0
1786438823.054861,451.217,1980,3201,96.0,85.0,39.0
1786438823.064936,451.217,1980,3201,96.0,85.0,39.0
1786438823.074910,451.672,1980,3201,96.0,85.0,39.0
1786438823.085015,451.672,1980,3201,96.0,85.0,39.0
1786438823.094918,451.672,1980,3201,96.0,85.0,39.0
1786438823.104841,451.672,1980,3201,96.0,85.0,39.0
1786438823.114839,451.672,1980,3201,96.0,85.0,39.0
1786438823.124861,451.672,1980,3201,96.0,85.0,39.0
1786438823.134853,451.672,1980,3201,96.0,85.0,39.0
1786438823.144859,451.672,1980,3201,96.0,85.0,39.0
1786438823.154882,451.672,1980,3201,96.0,85.0,39.0
1786438823.164857,451.672,1980,3201,96.0,85.0,39.0
1786438823.174840,452.705,1980,3201,96.0,86.0,39.0
1786438823.184917,452.705,1980,3201,96.0,86.0,39.0
1786438823.194858,452.705,1980,3201,96.0,86.0,39.0
1786438823.204921,452.705,1980,3201,96.0,86.0,39.0
1786438823.214839,452.705,1980,3201,96.0,86.0,39.0
1786438823.224934,452.705,1980,3201,96.0,86.0,39.0
1786438823.234839,452.705,1980,3201,96.0,86.0,39.0
1786438823.244931,452.705,1980,3201,96.0,86.0,39.0
1786438823.254839,452.705,1980,3201,96.0,86.0,39.0
1786438823.264857,452.705,1980,3201,96.0,86.0,39.0
1786438823.274882,452.213,1980,3201,96.0,86.0,39.0
1786438823.284839,452.213,1980,3201,96.0,86.0,39.0
1786438823.294839,452.213,1980,3201,96.0,86.0,39.0
1786438823.304839,452.213,1980,3201,96.0,86.0,39.0
1786438823.314878,452.213,1980,3201,96.0,86.0,39.0
1786438823.324841,452.213,1980,3201,96.0,86.0,39.0
1786438823.334839,452.213,1980,3201,96.0,86.0,39.0
1786438823.344840,452.213,1980,3201,96.0,86.0,39.0
1786438823.354840,452.213,1980,3201,96.0,86.0,39.0
1786438823.364839,452.213,1980,3201,96.0,86.0,39.0
1786438823.374842,453.272,1980,3201,96.0,86.0,39.0
1786438823.384840,453.272,1980,3201,96.0,86.0,39.0
1786438823.394840,453.272,1980,3201,96.0,86.0,39.0
1786438823.404838,453.272,1980,3201,96.0,86.0,39.0
1786438823.414880,453.272,1980,3201,96.0,86.0,39.0
1786438823.424834,453.272,1980,3201,96.0,86.0,39.0
1786438823.434839,453.272,1980,3201,96.0,86.0,39.0
1786438823.444923,453.272,1980,3201,96.0,86.0,39.0
1786438823.454846,453.272,1980,3201,96.0,86.0,39.0
1786438823.464839,453.272,1980,3201,96.0,86.0,39.0
1786438823.474875,453.470,1980,3201,96.0,86.0,39.0
1786438823.484889,453.470,1980,3201,96.0,86.0,39.0
1786438823.494882,453.470,1980,3201,96.0,86.0,39.0
1786438823.504846,453.470,1980,3201,96.0,86.0,39.0
1786438823.514861,453.470,1980,3201,96.0,86.0,39.0
1786438823.524834,453.470,1980,3201,96.0,86.0,39.0
1786438823.534868,453.470,1980,3201,96.0,86.0,39.0
1786438823.544914,453.470,1980,3201,96.0,86.0,39.0
1786438823.554839,453.470,1980,3201,96.0,86.0,39.0
1786438823.564862,453.470,1980,3201,96.0,86.0,39.0
1786438823.574865,453.918,1980,3201,97.0,86.0,39.0
1786438823.584870,453.918,1980,3201,97.0,86.0,39.0
1786438823.594915,453.918,1980,3201,97.0,86.0,39.0
1786438823.604839,453.918,1980,3201,97.0,86.0,39.0
1786438823.614923,453.918,1980,3201,97.0,86.0,39.0
1786438823.624837,453.918,1980,3201,97.0,86.0,39.0
1786438823.634881,453.918,1980,3201,97.0,86.0,39.0
1786438823.644839,453.918,1980,3201,97.0,86.0,39.0
1786438823.654930,453.918,1980,3201,97.0,86.0,39.0
1786438823.664839,453.918,1980,3201,97.0,86.0,39.0
1786438823.674979,453.918,1980,3201,97.0,86.0,39.0
1786438823.684891,453.655,1980,3201,97.0,86.0,39.0
1786438823.694916,453.655,1980,3201,97.0,86.0,39.0
1786438823.704910,453.655,1980,3201,97.0,86.0,39.0
1786438823.714863,453.655,1980,3201,97.0,86.0,39.0
1786438823.724838,453.655,1980,3201,97.0,86.0,39.0
1786438823.734851,453.655,1980,3201,97.0,86.0,39.0
1786438823.744835,453.655,1980,3201,97.0,86.0,39.0
1786438823.754834,453.655,1980,3201,97.0,86.0,39.0
1786438823.764876,453.655,1980,3201,97.0,86.0,39.0
1786438823.774858,453.655,1980,3201,97.0,86.0,39.0
1786438823.784863,454.283,1980,3201,96.0,85.0,39.0
1786438823.794857,454.283,1980,3201,96.0,85.0,39.0
1786438823.804912,454.283,1980,3201,96.0,85.0,39.0
1786438823.814916,454.283,1980,3201,96.0,85.0,39.0
1786438823.824859,454.283,1980,3201,96.0,85.0,39.0
1786438823.834862,454.283,1980,3201,96.0,85.0,39.0
1786438823.844908,454.283,1980,3201,96.0,85.0,39.0
1786438823.854861,454.283,1980,3201,96.0,85.0,39.0
1786438823.864917,454.283,1980,3201,96.0,85.0,39.0
1786438823.874921,454.283,1980,3201,96.0,85.0,39.0
1786438823.884864,454.740,1980,3201,96.0,85.0,39.0
1786438823.894857,454.740,1980,3201,96.0,85.0,39.0
1786438823.904862,454.740,1980,3201,96.0,85.0,39.0
1786438823.914856,454.740,1980,3201,96.0,85.0,39.0
1786438823.924860,454.740,1980,3201,96.0,85.0,39.0
1786438823.934864,454.740,1980,3201,96.0,85.0,39.0
1786438823.944868,454.740,1980,3201,96.0,85.0,39.0
1786438823.954862,454.740,1980,3201,96.0,85.0,39.0
1786438823.964839,454.740,1980,3201,96.0,85.0,39.0
1786438823.974839,454.740,1980,3201,96.0,85.0,39.0
1786438823.984854,455.545,1980,3201,96.0,86.0,39.0
1786438823.994859,455.545,1980,3201,96.0,86.0,39.0
1786438824.004839,455.545,1980,3201,96.0,86.0,39.0
1786438824.014835,455.545,1980,3201,96.0,86.0,39.0
1786438824.024861,455.545,1980,3201,96.0,86.0,39.0
1786438824.034878,455.545,1980,3201,96.0,86.0,39.0
1786438824.044921,455.545,1980,3201,96.0,86.0,39.0
1786438824.054924,455.545,1980,3201,96.0,86.0,39.0
1786438824.064919,455.545,1980,3201,96.0,86.0,39.0
1786438824.074872,455.545,1980,3201,96.0,86.0,39.0
1786438824.084907,455.834,1980,3201,96.0,86.0,39.0
1786438824.094921,455.834,1980,3201,96.0,86.0,39.0
1786438824.104854,455.834,1980,3201,96.0,86.0,39.0
1786438824.114858,455.834,1980,3201,96.0,86.0,39.0
1786438824.124842,455.834,1980,3201,96.0,86.0,39.0
1786438824.134918,455.834,1980,3201,96.0,86.0,39.0
1786438824.144861,455.834,1980,3201,96.0,86.0,39.0
1786438824.154865,455.834,1980,3201,96.0,86.0,39.0
1786438824.164840,455.834,1980,3201,96.0,86.0,39.0
1786438824.174924,455.834,1980,3201,96.0,86.0,39.0
1786438824.184857,455.594,1980,3201,96.0,85.0,39.0
1786438824.194861,455.594,1980,3201,96.0,85.0,39.0
1786438824.204836,455.594,1980,3201,96.0,85.0,39.0
1786438824.214880,455.594,1980,3201,96.0,85.0,39.0
1786438824.224915,455.594,1980,3201,96.0,85.0,39.0
1786438824.234839,455.594,1980,3201,96.0,85.0,39.0
1786438824.244882,455.594,1980,3201,96.0,85.0,39.0
1786438824.254839,455.594,1980,3201,96.0,85.0,39.0
1786438824.264839,455.594,1980,3201,96.0,85.0,39.0
1786438824.274864,455.594,1980,3201,96.0,85.0,39.0
1786438824.284889,455.331,1980,3201,96.0,85.0,39.0
1786438824.294842,455.331,1980,3201,96.0,85.0,39.0
1786438824.304839,455.331,1980,3201,96.0,85.0,39.0
1786438824.314861,455.331,1980,3201,96.0,85.0,39.0
1786438824.324839,455.331,1980,3201,96.0,85.0,39.0
1786438824.334839,455.331,1980,3201,96.0,85.0,39.0
1786438824.344839,455.331,1980,3201,96.0,85.0,39.0
1786438824.354857,455.331,1980,3201,96.0,85.0,39.0
1786438824.364841,455.331,1980,3201,96.0,85.0,39.0
1786438824.374839,455.331,1980,3201,96.0,85.0,39.0
1786438824.384880,455.205,1980,3201,96.0,85.0,39.0
1786438824.394854,455.205,1980,3201,96.0,85.0,39.0
1786438824.404839,455.205,1980,3201,96.0,85.0,39.0
1786438824.414838,455.205,1980,3201,96.0,85.0,39.0
1786438824.424867,455.205,1980,3201,96.0,85.0,39.0
1786438824.434841,455.205,1980,3201,96.0,85.0,39.0
1786438824.444906,455.205,1980,3201,96.0,85.0,39.0
1786438824.454859,455.205,1980,3201,96.0,85.0,39.0
1786438824.464863,455.205,1980,3201,96.0,85.0,39.0
1786438824.474839,455.205,1980,3201,96.0,85.0,39.0
1786438824.484892,455.192,1980,3201,96.0,85.0,39.0
1786438824.494875,455.192,1980,3201,96.0,85.0,39.0
1786438824.504890,455.192,1980,3201,96.0,85.0,39.0
1786438824.514863,455.192,1980,3201,96.0,85.0,39.0
1786438824.524909,455.192,1980,3201,96.0,85.0,39.0
1786438824.534872,455.192,1980,3201,96.0,85.0,39.0
1786438824.544876,455.192,1980,3201,96.0,85.0,39.0
1786438824.554860,455.192,1980,3201,96.0,85.0,39.0
1786438824.564854,455.192,1980,3201,96.0,85.0,39.0
1786438824.574899,455.192,1980,3201,96.0,85.0,39.0
1786438824.584862,455.658,1980,3201,96.0,85.0,39.0
1786438824.594928,455.658,1980,3201,96.0,85.0,39.0
1786438824.604912,455.658,1980,3201,96.0,85.0,39.0
1786438824.614864,455.658,1980,3201,96.0,85.0,39.0
1786438824.624920,455.658,1980,3201,96.0,85.0,39.0
1786438824.634863,455.658,1980,3201,96.0,85.0,39.0
1786438824.644969,455.658,1980,3201,96.0,85.0,39.0
1786438824.654922,455.658,1980,3201,96.0,85.0,39.0
1786438824.664917,455.658,1980,3201,96.0,85.0,39.0
1786438824.674859,455.658,1980,3201,96.0,85.0,39.0
1786438824.684864,455.261,1980,3201,96.0,85.0,39.0
1786438824.694857,455.261,1980,3201,96.0,85.0,39.0
1786438824.704852,455.261,1980,3201,96.0,85.0,39.0
1786438824.714928,455.261,1980,3201,96.0,85.0,39.0
1786438824.724912,455.261,1980,3201,96.0,85.0,39.0
1786438824.734884,455.261,1980,3201,96.0,85.0,39.0
1786438824.744839,455.261,1980,3201,96.0,85.0,39.0
1786438824.754924,455.261,1980,3201,96.0,85.0,39.0
1786438824.764857,455.261,1980,3201,96.0,85.0,39.0
1786438824.774922,455.261,1980,3201,96.0,85.0,39.0
1786438824.784855,454.592,1980,3201,96.0,85.0,39.0
1786438824.794920,454.592,1980,3201,96.0,85.0,39.0
1786438824.804914,454.592,1980,3201,96.0,85.0,39.0
1786438824.814919,454.592,1980,3201,96.0,85.0,39.0
1786438824.824872,454.592,1980,3201,96.0,85.0,39.0
1786438824.834937,454.592,1980,3201,96.0,85.0,39.0
1786438824.844859,454.592,1980,3201,96.0,85.0,39.0
1786438824.854915,454.592,1980,3201,96.0,85.0,39.0
1786438824.864839,454.592,1980,3201,96.0,85.0,39.0
1786438824.874933,454.592,1980,3201,96.0,85.0,39.0
1786438824.884907,454.550,1980,3201,96.0,85.0,39.0
1786438824.894942,454.550,1980,3201,96.0,85.0,39.0
1786438824.904839,454.550,1980,3201,96.0,85.0,39.0
1786438824.914840,454.550,1980,3201,96.0,85.0,39.0
1786438824.924873,454.550,1980,3201,96.0,85.0,39.0
1786438824.934839,454.550,1980,3201,96.0,85.0,39.0
1786438824.944881,454.550,1980,3201,96.0,85.0,39.0
1786438824.954839,454.550,1980,3201,96.0,85.0,39.0
1786438824.964839,454.550,1980,3201,96.0,85.0,39.0
1786438824.974884,454.550,1980,3201,96.0,85.0,39.0
1786438824.984839,453.905,1980,3201,96.0,85.0,39.0
1786438824.994872,453.905,1980,3201,96.0,85.0,39.0
1786438825.004886,453.905,1980,3201,96.0,85.0,39.0
1786438825.014835,453.905,1980,3201,96.0,85.0,39.0
1786438825.024925,453.905,1980,3201,96.0,85.0,39.0
1786438825.034868,453.905,1980,3201,96.0,85.0,39.0
1786438825.044883,453.905,1980,3201,96.0,85.0,39.0
1786438825.054839,453.905,1980,3201,96.0,85.0,39.0
1786438825.064838,453.905,1980,3201,96.0,85.0,39.0
1786438825.074837,453.905,1980,3201,96.0,85.0,39.0
1786438825.084837,453.844,1980,3201,96.0,85.0,39.0
1786438825.094837,453.844,1980,3201,96.0,85.0,39.0
1786438825.104835,453.844,1980,3201,96.0,85.0,39.0
1786438825.114834,453.844,1980,3201,96.0,85.0,39.0
1786438825.124834,453.844,1980,3201,96.0,85.0,39.0
1786438825.134835,453.844,1980,3201,96.0,85.0,39.0
1786438825.144835,453.844,1980,3201,96.0,85.0,39.0
1786438825.154835,453.844,1980,3201,96.0,85.0,39.0
1786438825.164835,453.844,1980,3201,96.0,85.0,39.0
1786438825.174835,453.844,1980,3201,96.0,85.0,39.0
1786438825.184835,454.056,1980,3201,96.0,85.0,39.0
1786438825.194834,454.056,1980,3201,96.0,85.0,39.0
1786438825.204834,454.056,1980,3201,96.0,85.0,39.0
1786438825.214831,454.056,1980,3201,96.0,85.0,39.0
1786438825.224969,454.056,1980,3201,96.0,85.0,39.0
1786438825.234834,454.056,1980,3201,96.0,85.0,39.0
1786438825.244857,454.056,1980,3201,96.0,85.0,39.0
1786438825.254882,454.056,1980,3201,96.0,85.0,39.0
1786438825.264865,454.056,1980,3201,96.0,85.0,39.0
1786438825.274880,454.056,1980,3201,96.0,85.0,39.0
1786438825.284914,454.827,1980,3201,96.0,85.0,39.0
1786438825.294857,454.827,1980,3201,96.0,85.0,39.0
1786438825.304861,454.827,1980,3201,96.0,85.0,39.0
1786438825.314855,454.827,1980,3201,96.0,85.0,39.0
1786438825.324860,454.827,1980,3201,96.0,85.0,39.0
1786438825.334816,454.827,1980,3201,96.0,85.0,39.0
1786438825.344858,454.827,1980,3201,96.0,85.0,39.0
1786438825.354862,454.827,1980,3201,96.0,85.0,39.0
1786438825.364928,454.827,1980,3201,96.0,85.0,39.0
1786438825.374860,454.827,1980,3201,96.0,85.0,39.0
1786438825.384854,455.025,1980,3201,96.0,85.0,39.0
1786438825.394930,455.025,1980,3201,96.0,85.0,39.0
1786438825.404862,455.025,1980,3201,96.0,85.0,39.0
1786438825.414857,455.025,1980,3201,96.0,85.0,39.0
1786438825.424861,455.025,1980,3201,96.0,85.0,39.0
1786438825.434835,455.025,1980,3201,96.0,85.0,39.0
1786438825.444860,455.025,1980,3201,96.0,85.0,39.0
1786438825.454915,455.025,1980,3201,96.0,85.0,39.0
1786438825.464857,455.025,1980,3201,96.0,85.0,39.0
1786438825.474922,455.025,1980,3201,96.0,85.0,39.0
1786438825.484876,455.624,1980,3201,96.0,85.0,39.0
1786438825.494860,455.624,1980,3201,96.0,85.0,39.0
1786438825.504966,455.624,1980,3201,96.0,85.0,39.0
1786438825.514858,455.624,1980,3201,96.0,85.0,39.0
1786438825.524863,455.624,1980,3201,96.0,85.0,39.0
1786438825.534834,455.624,1980,3201,96.0,85.0,39.0
1786438825.544912,455.624,1980,3201,96.0,85.0,39.0
1786438825.554840,455.624,1980,3201,96.0,85.0,39.0
1786438825.564971,455.624,1980,3201,96.0,85.0,39.0
1786438825.574914,455.624,1980,3201,96.0,85.0,39.0
1786438825.584867,455.176,1980,3201,96.0,85.0,39.0
1786438825.594861,455.176,1980,3201,96.0,85.0,39.0
1786438825.604876,455.176,1980,3201,96.0,85.0,39.0
1786438825.614920,455.176,1980,3201,96.0,85.0,39.0
1786438825.624863,455.176,1980,3201,96.0,85.0,39.0
1786438825.634911,455.176,1980,3201,96.0,85.0,39.0
1786438825.644862,455.176,1980,3201,96.0,85.0,39.0
1786438825.654968,455.176,1980,3201,96.0,85.0,39.0
1786438825.664860,455.176,1980,3201,96.0,85.0,39.0
1786438825.674864,455.176,1980,3201,96.0,85.0,39.0
1786438825.684858,455.626,1980,3201,96.0,85.0,39.0
1786438825.694872,455.626,1980,3201,96.0,85.0,39.0
1786438825.704917,455.626,1980,3201,96.0,85.0,39.0
1786438825.714860,455.626,1980,3201,96.0,85.0,39.0
1786438825.724838,455.626,1980,3201,96.0,85.0,39.0
1786438825.734843,455.626,1980,3201,96.0,85.0,39.0
1786438825.744837,455.626,1980,3201,96.0,85.0,39.0
1786438825.754920,455.626,1980,3201,96.0,85.0,39.0
1786438825.764862,455.626,1980,3201,96.0,85.0,39.0
1786438825.774918,455.626,1980,3201,96.0,85.0,39.0
1786438825.784859,455.630,1980,3201,96.0,85.0,39.0
1786438825.794853,455.630,1980,3201,96.0,85.0,39.0
1786438825.804919,455.630,1980,3201,96.0,85.0,39.0
1786438825.814913,455.630,1980,3201,96.0,85.0,39.0
1786438825.824917,455.630,1980,3201,96.0,85.0,39.0
1786438825.834860,455.630,1980,3201,96.0,85.0,39.0
1786438825.844915,455.630,1980,3201,96.0,85.0,39.0
1786438825.854920,455.630,1980,3201,96.0,85.0,39.0
1786438825.864975,455.630,1980,3201,96.0,85.0,39.0
1786438825.874839,455.630,1980,3201,96.0,85.0,39.0
1786438825.884837,455.656,1980,3201,96.0,85.0,39.0
1786438825.894838,455.656,1980,3201,96.0,85.0,39.0
1786438825.904839,455.656,1980,3201,96.0,85.0,39.0
1786438825.914835,455.656,1980,3201,96.0,85.0,39.0
1786438825.924831,455.656,1980,3201,96.0,85.0,39.0
1786438825.934836,455.656,1980,3201,96.0,85.0,39.0
1786438825.944835,455.656,1980,3201,96.0,85.0,39.0
1786438825.954836,455.656,1980,3201,96.0,85.0,39.0
1786438825.964835,455.656,1980,3201,96.0,85.0,39.0
1786438825.974835,455.656,1980,3201,96.0,85.0,39.0
1786438825.984835,456.492,1980,3201,96.0,85.0,39.0
1786438825.994835,456.492,1980,3201,96.0,85.0,39.0
1786438826.004835,456.492,1980,3201,96.0,85.0,39.0
1786438826.014835,456.492,1980,3201,96.0,85.0,39.0
1786438826.024835,456.492,1980,3201,96.0,85.0,39.0
1786438826.034835,456.492,1980,3201,96.0,85.0,39.0
1786438826.044836,456.492,1980,3201,96.0,85.0,39.0
1786438826.054899,456.492,1980,3201,96.0,85.0,39.0
1786438826.064839,456.492,1980,3201,96.0,85.0,39.0
1786438826.074839,456.492,1980,3201,96.0,85.0,39.0
1786438826.084841,456.329,1980,3201,96.0,85.0,39.0
1786438826.094937,456.329,1980,3201,96.0,85.0,39.0
1786438826.104880,456.329,1980,3201,96.0,85.0,39.0
1786438826.114839,456.329,1980,3201,96.0,85.0,39.0
1786438826.124889,456.329,1980,3201,96.0,85.0,39.0
1786438826.134839,456.329,1980,3201,96.0,85.0,39.0
1786438826.144887,456.329,1980,3201,96.0,85.0,39.0
1786438826.154840,456.329,1980,3201,96.0,85.0,39.0
1786438826.164839,456.329,1980,3201,96.0,85.0,39.0
1786438826.174839,456.329,1980,3201,96.0,85.0,39.0
1786438826.184839,456.383,1980,3201,96.0,85.0,39.0
1786438826.194857,456.383,1980,3201,96.0,85.0,39.0
1786438826.204881,456.383,1980,3201,96.0,85.0,39.0
1786438826.214865,456.383,1980,3201,96.0,85.0,39.0
1786438826.224910,456.383,1980,3201,96.0,85.0,39.0
1786438826.234874,456.383,1980,3201,96.0,85.0,39.0
1786438826.244909,456.383,1980,3201,96.0,85.0,39.0
1786438826.254839,456.383,1980,3201,96.0,85.0,39.0
1786438826.264917,456.383,1980,3201,96.0,85.0,39.0
1786438826.274860,456.383,1980,3201,96.0,85.0,39.0
1786438826.284966,456.339,1980,3201,96.0,85.0,39.0
1786438826.294919,456.339,1980,3201,96.0,85.0,39.0
1786438826.304862,456.339,1980,3201,96.0,85.0,39.0
1786438826.314839,456.339,1980,3201,96.0,85.0,39.0
1786438826.324860,456.339,1980,3201,96.0,85.0,39.0
1786438826.334906,456.339,1980,3201,96.0,85.0,39.0
1786438826.344920,456.339,1980,3201,96.0,85.0,39.0
1786438826.354914,456.339,1980,3201,96.0,85.0,39.0
1786438826.364838,456.339,1980,3201,96.0,85.0,39.0
1786438826.374841,456.339,1980,3201,96.0,85.0,39.0
1786438826.384917,456.235,1980,3201,96.0,85.0,39.0
1786438826.394840,456.235,1980,3201,96.0,85.0,39.0
1786438826.404854,456.235,1980,3201,96.0,85.0,39.0
1786438826.414919,456.235,1980,3201,96.0,85.0,39.0
1786438826.424913,456.235,1980,3201,96.0,85.0,39.0
1786438826.434866,456.235,1980,3201,96.0,85.0,39.0
1786438826.444840,456.235,1980,3201,96.0,85.0,39.0
1786438826.454854,456.235,1980,3201,96.0,85.0,39.0
1786438826.464910,456.235,1980,3201,96.0,85.0,39.0
1786438826.474862,456.235,1980,3201,96.0,85.0,39.0
1786438826.484877,455.758,1980,3201,96.0,85.0,39.0
1786438826.494984,455.758,1980,3201,96.0,85.0,39.0
1786438826.504967,455.758,1980,3201,96.0,85.0,39.0
1786438826.514889,455.758,1980,3201,96.0,85.0,39.0
1786438826.524863,455.758,1980,3201,96.0,85.0,39.0
1786438826.534834,455.758,1980,3201,96.0,85.0,39.0
1786438826.544839,455.758,1980,3201,96.0,85.0,39.0
1786438826.554886,455.758,1980,3201,96.0,85.0,39.0
1786438826.564839,455.758,1980,3201,96.0,85.0,39.0
1786438826.574905,455.758,1980,3201,96.0,85.0,39.0
1786438826.584878,456.181,1980,3201,96.0,85.0,39.0
1786438826.594839,456.181,1980,3201,96.0,85.0,39.0
1786438826.604840,456.181,1980,3201,96.0,85.0,39.0
1786438826.614841,456.181,1980,3201,96.0,85.0,39.0
1786438826.624839,456.181,1980,3201,96.0,85.0,39.0
1786438826.634834,456.181,1980,3201,96.0,85.0,39.0
1786438826.644840,456.181,1980,3201,96.0,85.0,39.0
1786438826.654840,456.181,1980,3201,96.0,85.0,39.0
1786438826.664851,456.181,1980,3201,96.0,85.0,39.0
1786438826.674834,456.181,1980,3201,96.0,85.0,39.0
1786438826.684835,455.618,1980,3201,96.0,85.0,40.0
1786438826.694836,455.618,1980,3201,96.0,85.0,40.0
1786438826.704839,455.618,1980,3201,96.0,85.0,40.0
1786438826.714839,455.618,1980,3201,96.0,85.0,40.0
1786438826.724836,455.618,1980,3201,96.0,85.0,40.0
1786438826.734836,455.618,1980,3201,96.0,85.0,40.0
1786438826.744840,455.618,1980,3201,96.0,85.0,40.0
1786438826.754838,455.618,1980,3201,96.0,85.0,40.0
1786438826.764883,455.618,1980,3201,96.0,85.0,40.0
1786438826.774887,455.618,1980,3201,96.0,85.0,40.0
1786438826.784840,455.646,1980,3201,96.0,85.0,39.0
1786438826.794839,455.646,1980,3201,96.0,85.0,39.0
1786438826.804838,455.646,1980,3201,96.0,85.0,39.0
1786438826.814839,455.646,1980,3201,96.0,85.0,39.0
1786438826.824908,455.646,1980,3201,96.0,85.0,39.0
1786438826.834839,455.646,1980,3201,96.0,85.0,39.0
1786438826.844855,455.646,1980,3201,96.0,85.0,39.0
1786438826.854839,455.646,1980,3201,96.0,85.0,39.0
1786438826.864839,455.646,1980,3201,96.0,85.0,39.0
1786438826.874839,455.646,1980,3201,96.0,85.0,39.0
1786438826.884839,451.597,1980,3201,96.0,85.0,40.0
1786438826.894918,451.597,1980,3201,96.0,85.0,40.0
1786438826.904912,451.597,1980,3201,96.0,85.0,40.0
1786438826.914840,451.597,1980,3201,96.0,85.0,40.0
1786438826.924909,451.597,1980,3201,96.0,85.0,40.0
1786438826.934839,451.597,1980,3201,96.0,85.0,40.0
1786438826.944867,451.597,1980,3201,96.0,85.0,40.0
1786438826.954851,451.597,1980,3201,96.0,85.0,40.0
1786438826.964927,451.597,1980,3201,96.0,85.0,40.0
1786438826.974839,451.597,1980,3201,96.0,85.0,40.0
1786438826.984864,450.940,1980,3201,96.0,85.0,40.0
1786438826.994839,450.940,1980,3201,96.0,85.0,40.0
1786438827.004840,450.940,1980,3201,96.0,85.0,40.0
1786438827.014834,450.940,1980,3201,96.0,85.0,40.0
1786438827.024859,450.940,1980,3201,96.0,85.0,40.0
1786438827.034915,450.940,1980,3201,96.0,85.0,40.0
1786438827.044858,450.940,1980,3201,96.0,85.0,40.0
1786438827.054852,450.940,1980,3201,96.0,85.0,40.0
1786438827.064839,450.940,1980,3201,96.0,85.0,40.0
1786438827.074912,450.940,1980,3201,96.0,85.0,40.0
1786438827.084840,450.041,1980,3201,96.0,85.0,40.0
1786438827.094840,450.041,1980,3201,96.0,85.0,40.0
1786438827.104966,450.041,1980,3201,96.0,85.0,40.0
1786438827.114928,450.041,1980,3201,96.0,85.0,40.0
1786438827.124862,450.041,1980,3201,96.0,85.0,40.0
1786438827.134856,450.041,1980,3201,96.0,85.0,40.0
1786438827.144922,450.041,1980,3201,96.0,85.0,40.0
1786438827.154916,450.041,1980,3201,96.0,85.0,40.0
1786438827.164840,450.041,1980,3201,96.0,85.0,40.0
1786438827.174904,450.041,1980,3201,96.0,85.0,40.0
1786438827.184856,448.767,1980,3201,96.0,86.0,40.0
1786438827.194912,448.767,1980,3201,96.0,86.0,40.0
1786438827.204916,448.767,1980,3201,96.0,86.0,40.0
1786438827.214909,448.767,1980,3201,96.0,86.0,40.0
1786438827.224883,448.767,1980,3201,96.0,86.0,40.0
1786438827.234839,448.767,1980,3201,96.0,86.0,40.0
1786438827.244840,448.767,1980,3201,96.0,86.0,40.0
1786438827.254916,448.767,1980,3201,96.0,86.0,40.0
1786438827.264859,448.767,1980,3201,96.0,86.0,40.0
1786438827.274839,448.767,1980,3201,96.0,86.0,40.0
1786438827.284928,448.958,1980,3201,96.0,86.0,40.0
1786438827.294963,448.958,1980,3201,96.0,86.0,40.0
1786438827.304838,448.958,1980,3201,96.0,86.0,40.0
1786438827.314839,448.958,1980,3201,96.0,86.0,40.0
1786438827.324935,448.958,1980,3201,96.0,86.0,40.0
1786438827.334839,448.958,1980,3201,96.0,86.0,40.0
1786438827.344862,448.958,1980,3201,96.0,86.0,40.0
1786438827.354856,448.958,1980,3201,96.0,86.0,40.0
1786438827.364921,448.958,1980,3201,96.0,86.0,40.0
1786438827.374854,448.958,1980,3201,96.0,86.0,40.0
1786438827.384858,448.256,1980,3201,96.0,86.0,40.0
1786438827.394862,448.256,1980,3201,96.0,86.0,40.0
1786438827.404907,448.256,1980,3201,96.0,86.0,40.0
1786438827.414840,448.256,1980,3201,96.0,86.0,40.0
1786438827.424865,448.256,1980,3201,96.0,86.0,40.0
1786438827.434859,448.256,1980,3201,96.0,86.0,40.0
1786438827.444839,448.256,1980,3201,96.0,86.0,40.0
1786438827.454857,448.256,1980,3201,96.0,86.0,40.0
1786438827.464861,448.256,1980,3201,96.0,86.0,40.0
1786438827.474855,448.256,1980,3201,96.0,86.0,40.0
1786438827.484859,448.187,1980,3201,96.0,86.0,40.0
1786438827.494936,448.187,1980,3201,96.0,86.0,40.0
1786438827.504919,448.187,1980,3201,96.0,86.0,40.0
1786438827.514944,448.187,1980,3201,96.0,86.0,40.0
1786438827.524917,448.187,1980,3201,96.0,86.0,40.0
1786438827.534860,448.187,1980,3201,96.0,86.0,40.0
1786438827.544864,448.187,1980,3201,96.0,86.0,40.0
1786438827.554858,448.187,1980,3201,96.0,86.0,40.0
1786438827.564914,448.187,1980,3201,96.0,86.0,40.0
1786438827.574867,448.187,1980,3201,96.0,86.0,40.0
1786438827.584851,447.317,1980,3201,96.0,86.0,40.0
1786438827.594840,447.317,1980,3201,96.0,86.0,40.0
1786438827.604910,447.317,1980,3201,96.0,86.0,40.0
1786438827.614863,447.317,1980,3201,96.0,86.0,40.0
1786438827.624909,447.317,1980,3201,96.0,86.0,40.0
1786438827.634861,447.317,1980,3201,96.0,86.0,40.0
1786438827.644837,447.317,1980,3201,96.0,86.0,40.0
1786438827.654972,447.317,1980,3201,96.0,86.0,40.0
1786438827.664966,447.317,1980,3201,96.0,86.0,40.0
1786438827.674971,447.317,1980,3201,96.0,86.0,40.0
1786438827.684852,447.223,1980,3201,96.0,86.0,40.0
1786438827.694968,447.223,1980,3201,96.0,86.0,40.0
1786438827.704860,447.223,1980,3201,96.0,86.0,40.0
1786438827.714927,447.223,1980,3201,96.0,86.0,40.0
1786438827.724920,447.223,1980,3201,96.0,86.0,40.0
1786438827.734852,447.223,1980,3201,96.0,86.0,40.0
1786438827.744918,447.223,1980,3201,96.0,86.0,40.0
1786438827.754861,447.223,1980,3201,96.0,86.0,40.0
1786438827.764838,447.223,1980,3201,96.0,86.0,40.0
1786438827.774859,447.223,1980,3201,96.0,86.0,40.0
1786438827.784853,446.444,1980,3201,96.0,85.0,40.0
1786438827.794858,446.444,1980,3201,96.0,85.0,40.0
1786438827.804851,446.444,1980,3201,96.0,85.0,40.0
1786438827.814917,446.444,1980,3201,96.0,85.0,40.0
1786438827.824859,446.444,1980,3201,96.0,85.0,40.0
1786438827.834916,446.444,1980,3201,96.0,85.0,40.0
1786438827.844858,446.444,1980,3201,96.0,85.0,40.0
1786438827.854913,446.444,1980,3201,96.0,85.0,40.0
1786438827.864856,446.444,1980,3201,96.0,85.0,40.0
1786438827.874922,446.444,1980,3201,96.0,85.0,40.0
1786438827.884854,449.086,1980,3201,96.0,85.0,40.0
1786438827.894920,449.086,1980,3201,96.0,85.0,40.0
1786438827.904852,449.086,1980,3201,96.0,85.0,40.0
1786438827.914918,449.086,1980,3201,96.0,85.0,40.0
1786438827.924861,449.086,1980,3201,96.0,85.0,40.0
1786438827.934855,449.086,1980,3201,96.0,85.0,40.0
1786438827.944921,449.086,1980,3201,96.0,85.0,40.0
1786438827.954884,449.086,1980,3201,96.0,85.0,40.0
1786438827.964919,449.086,1980,3201,96.0,85.0,40.0
1786438827.974862,449.086,1980,3201,96.0,85.0,40.0
1786438827.984917,449.281,1980,3201,96.0,85.0,40.0
1786438827.994921,449.281,1980,3201,96.0,85.0,40.0
1786438828.004839,449.281,1980,3201,96.0,85.0,40.0
1786438828.014835,449.281,1980,3201,96.0,85.0,40.0
1786438828.024873,449.281,1980,3201,96.0,85.0,40.0
1786438828.034866,449.281,1980,3201,96.0,85.0,40.0
1786438828.044839,449.281,1980,3201,96.0,85.0,40.0
1786438828.054854,449.281,1980,3201,96.0,85.0,40.0
1786438828.064920,449.281,1980,3201,96.0,85.0,40.0
1786438828.074853,449.281,1980,3201,96.0,85.0,40.0
1786438828.084918,449.687,1980,3201,96.0,85.0,40.0
1786438828.094892,449.687,1980,3201,96.0,85.0,40.0
1786438828.104917,449.687,1980,3201,96.0,85.0,40.0
1786438828.114860,449.687,1980,3201,96.0,85.0,40.0
1786438828.124915,449.687,1980,3201,96.0,85.0,40.0
1786438828.134858,449.687,1980,3201,96.0,85.0,40.0
1786438828.144834,449.687,1980,3201,96.0,85.0,40.0
1786438828.154834,449.687,1980,3201,96.0,85.0,40.0
1786438828.164838,449.687,1980,3201,96.0,85.0,40.0
1786438828.174856,449.687,1980,3201,96.0,85.0,40.0
1786438828.184911,450.679,1980,3201,96.0,85.0,40.0
1786438828.194883,450.679,1980,3201,96.0,85.0,40.0
1786438828.204838,450.679,1980,3201,96.0,85.0,40.0
1786438828.214922,450.679,1980,3201,96.0,85.0,40.0
1786438828.224855,450.679,1980,3201,96.0,85.0,40.0
1786438828.234900,450.679,1980,3201,96.0,85.0,40.0
1786438828.244863,450.679,1980,3201,96.0,85.0,40.0
1786438828.254837,450.679,1980,3201,96.0,85.0,40.0
1786438828.264913,450.679,1980,3201,96.0,85.0,40.0
1786438828.274866,450.679,1980,3201,96.0,85.0,40.0
1786438828.284921,449.615,1980,3201,96.0,85.0,40.0
1786438828.294844,449.615,1980,3201,96.0,85.0,40.0
1786438828.304838,449.615,1980,3201,96.0,85.0,40.0
1786438828.314853,449.615,1980,3201,96.0,85.0,40.0
1786438828.324856,449.615,1980,3201,96.0,85.0,40.0
1786438828.334922,449.615,1980,3201,96.0,85.0,40.0
1786438828.344865,449.615,1980,3201,96.0,85.0,40.0
1786438828.354834,449.615,1980,3201,96.0,85.0,40.0
1786438828.364854,449.615,1980,3201,96.0,85.0,40.0
1786438828.374940,449.615,1980,3201,96.0,85.0,40.0
1786438828.384923,449.891,1980,3201,96.0,85.0,40.0
1786438828.394856,449.891,1980,3201,96.0,85.0,40.0
1786438828.404834,449.891,1980,3201,96.0,85.0,40.0
1786438828.414905,449.891,1980,3201,96.0,85.0,40.0
1786438828.424920,449.891,1980,3201,96.0,85.0,40.0
1786438828.434862,449.891,1980,3201,96.0,85.0,40.0
1786438828.444839,449.891,1980,3201,96.0,85.0,40.0
1786438828.454913,449.891,1980,3201,96.0,85.0,40.0
1786438828.464864,449.891,1980,3201,96.0,85.0,40.0
1786438828.474859,449.891,1980,3201,96.0,85.0,40.0
1786438828.484863,450.467,1980,3201,96.0,85.0,40.0
1786438828.494969,450.467,1980,3201,96.0,85.0,40.0
1786438828.504924,450.467,1980,3201,96.0,85.0,40.0
1786438828.514916,450.467,1980,3201,96.0,85.0,40.0
1786438828.524859,450.467,1980,3201,96.0,85.0,40.0
1786438828.534863,450.467,1980,3201,96.0,85.0,40.0
1786438828.544899,450.467,1980,3201,96.0,85.0,40.0
1786438828.554922,450.467,1980,3201,96.0,85.0,40.0
1786438828.565030,450.467,1980,3201,96.0,85.0,40.0
1786438828.574862,450.467,1980,3201,96.0,85.0,40.0
1786438828.584845,450.724,1980,3201,96.0,86.0,40.0
1786438828.594921,450.724,1980,3201,96.0,86.0,40.0
1786438828.604847,450.724,1980,3201,96.0,86.0,40.0
1786438828.614919,450.724,1980,3201,96.0,86.0,40.0
1786438828.624837,450.724,1980,3201,96.0,86.0,40.0
1786438828.634917,450.724,1980,3201,96.0,86.0,40.0
1786438828.644849,450.724,1980,3201,96.0,86.0,40.0
1786438828.654932,450.724,1980,3201,96.0,86.0,40.0
1786438828.664837,450.724,1980,3201,96.0,86.0,40.0
1786438828.674863,450.724,1980,3201,96.0,86.0,40.0
1786438828.685232,450.876,1980,3201,96.0,86.0,40.0
1786438828.694870,450.876,1980,3201,96.0,86.0,40.0
1786438828.704884,450.876,1980,3201,96.0,86.0,40.0
1786438828.714858,450.876,1980,3201,96.0,86.0,40.0
1786438828.725013,450.876,1980,3201,96.0,86.0,40.0
1786438828.734917,450.876,1980,3201,96.0,86.0,40.0
1786438828.744835,450.876,1980,3201,96.0,86.0,40.0
1786438828.754864,450.876,1980,3201,96.0,86.0,40.0
1786438828.764835,450.876,1980,3201,96.0,86.0,40.0
1786438828.774913,450.876,1980,3201,96.0,86.0,40.0
1786438828.784834,451.968,1980,3201,97.0,86.0,40.0
1786438828.794850,451.968,1980,3201,97.0,86.0,40.0
1786438828.804835,451.968,1980,3201,97.0,86.0,40.0
1786438828.814859,451.968,1980,3201,97.0,86.0,40.0
1786438828.824834,451.968,1980,3201,97.0,86.0,40.0
1786438828.834839,451.968,1980,3201,97.0,86.0,40.0
1786438828.844835,451.968,1980,3201,97.0,86.0,40.0
1786438828.854855,451.968,1980,3201,97.0,86.0,40.0
1786438828.864837,451.968,1980,3201,97.0,86.0,40.0
1786438828.874843,451.968,1980,3201,97.0,86.0,40.0
1786438828.884838,452.472,1980,3201,97.0,86.0,40.0
1786438828.894913,452.472,1980,3201,97.0,86.0,40.0
1786438828.904838,452.472,1980,3201,97.0,86.0,40.0
1786438828.914839,452.472,1980,3201,97.0,86.0,40.0
1786438828.924839,452.472,1980,3201,97.0,86.0,40.0
1786438828.934922,452.472,1980,3201,97.0,86.0,40.0
1786438828.944913,452.472,1980,3201,97.0,86.0,40.0
1786438828.954918,452.472,1980,3201,97.0,86.0,40.0
1786438828.964860,452.472,1980,3201,97.0,86.0,40.0
1786438828.974865,452.472,1980,3201,97.0,86.0,40.0
1786438828.984859,452.677,1980,3201,96.0,85.0,40.0
1786438828.994863,452.677,1980,3201,96.0,85.0,40.0
1786438829.004837,452.677,1980,3201,96.0,85.0,40.0
1786438829.014835,452.677,1980,3201,96.0,85.0,40.0
1786438829.024835,452.677,1980,3201,96.0,85.0,40.0
1786438829.034880,452.677,1980,3201,96.0,85.0,40.0
1786438829.044853,452.677,1980,3201,96.0,85.0,40.0
1786438829.054888,452.677,1980,3201,96.0,85.0,40.0
1786438829.064923,452.677,1980,3201,96.0,85.0,40.0
1786438829.074907,452.677,1980,3201,96.0,85.0,40.0
1786438829.084921,452.557,1980,3201,96.0,85.0,40.0
1786438829.094840,452.557,1980,3201,96.0,85.0,40.0
1786438829.104920,452.557,1980,3201,96.0,85.0,40.0
1786438829.114872,452.557,1980,3201,96.0,85.0,40.0
1786438829.124918,452.557,1980,3201,96.0,85.0,40.0
1786438829.134932,452.557,1980,3201,96.0,85.0,40.0
1786438829.144926,452.557,1980,3201,96.0,85.0,40.0
1786438829.154869,452.557,1980,3201,96.0,85.0,40.0
1786438829.164843,452.557,1980,3201,96.0,85.0,40.0
1786438829.174877,452.557,1980,3201,96.0,85.0,40.0
1786438829.184851,453.017,1980,3201,96.0,85.0,40.0
1786438829.194917,453.017,1980,3201,96.0,85.0,40.0
1786438829.204839,453.017,1980,3201,96.0,85.0,40.0
1786438829.214839,453.017,1980,3201,96.0,85.0,40.0
1786438829.224858,453.017,1980,3201,96.0,85.0,40.0
1786438829.234862,453.017,1980,3201,96.0,85.0,40.0
1786438829.244837,453.017,1980,3201,96.0,85.0,40.0
1786438829.254839,453.017,1980,3201,96.0,85.0,40.0
1786438829.264864,453.017,1980,3201,96.0,85.0,40.0
1786438829.274930,453.017,1980,3201,96.0,85.0,40.0
1786438829.284852,453.712,1980,3201,96.0,85.0,40.0
1786438829.294913,453.712,1980,3201,96.0,85.0,40.0
1786438829.304840,453.712,1980,3201,96.0,85.0,40.0
1786438829.314906,453.712,1980,3201,96.0,85.0,40.0
1786438829.324859,453.712,1980,3201,96.0,85.0,40.0
1786438829.334853,453.712,1980,3201,96.0,85.0,40.0
1786438829.344919,453.712,1980,3201,96.0,85.0,40.0
1786438829.354882,453.712,1980,3201,96.0,85.0,40.0
1786438829.364837,453.712,1980,3201,96.0,85.0,40.0
1786438829.374922,453.712,1980,3201,96.0,85.0,40.0
1786438829.384926,453.540,1980,3201,96.0,85.0,40.0
1786438829.394878,453.540,1980,3201,96.0,85.0,40.0
1786438829.404913,453.540,1980,3201,96.0,85.0,40.0
1786438829.414839,453.540,1980,3201,96.0,85.0,40.0
1786438829.424838,453.540,1980,3201,96.0,85.0,40.0
1786438829.434838,453.540,1980,3201,96.0,85.0,40.0
1786438829.444889,453.540,1980,3201,96.0,85.0,40.0
1786438829.454883,453.540,1980,3201,96.0,85.0,40.0
1786438829.464839,453.540,1980,3201,96.0,85.0,40.0
1786438829.474840,453.540,1980,3201,96.0,85.0,40.0
1786438829.484968,452.878,1980,3201,96.0,85.0,40.0
1786438829.494859,452.878,1980,3201,96.0,85.0,40.0
1786438829.504863,452.878,1980,3201,96.0,85.0,40.0
1786438829.514888,452.878,1980,3201,96.0,85.0,40.0
1786438829.524839,452.878,1980,3201,96.0,85.0,40.0
1786438829.534927,452.878,1980,3201,96.0,85.0,40.0
1786438829.544860,452.878,1980,3201,96.0,85.0,40.0
1786438829.554935,452.878,1980,3201,96.0,85.0,40.0
1786438829.564919,452.878,1980,3201,96.0,85.0,40.0
1786438829.574862,452.878,1980,3201,96.0,85.0,40.0
1786438829.584836,453.198,1980,3201,97.0,85.0,40.0
1786438829.594832,453.198,1980,3201,97.0,85.0,40.0
1786438829.604836,453.198,1980,3201,97.0,85.0,40.0
1786438829.614832,453.198,1980,3201,97.0,85.0,40.0
1786438829.624834,453.198,1980,3201,97.0,85.0,40.0
1786438829.634835,453.198,1980,3201,97.0,85.0,40.0
1786438829.644834,453.198,1980,3201,97.0,85.0,40.0
1786438829.654834,453.198,1980,3201,97.0,85.0,40.0
1786438829.664834,453.198,1980,3201,97.0,85.0,40.0
1786438829.674834,453.198,1980,3201,97.0,85.0,40.0
1786438829.684835,453.015,1980,3201,97.0,85.0,40.0
1786438829.694835,453.015,1980,3201,97.0,85.0,40.0
1786438829.704834,453.015,1980,3201,97.0,85.0,40.0
1786438829.714834,453.015,1980,3201,97.0,85.0,40.0
1786438829.724835,453.015,1980,3201,97.0,85.0,40.0
1786438829.734834,453.015,1980,3201,97.0,85.0,40.0
1786438829.744835,453.015,1980,3201,97.0,85.0,40.0
1786438829.754834,453.015,1980,3201,97.0,85.0,40.0
1786438829.764984,453.015,1980,3201,97.0,85.0,40.0
1786438829.774887,453.015,1980,3201,97.0,85.0,40.0
1786438829.784861,452.789,1980,3201,97.0,85.0,40.0
1786438829.794927,452.789,1980,3201,97.0,85.0,40.0
1786438829.804839,452.789,1980,3201,97.0,85.0,40.0
1786438829.814894,452.789,1980,3201,97.0,85.0,40.0
1786438829.824837,452.789,1980,3201,97.0,85.0,40.0
1786438829.834924,452.789,1980,3201,97.0,85.0,40.0
1786438829.844856,452.789,1980,3201,97.0,85.0,40.0
1786438829.854901,452.789,1980,3201,97.0,85.0,40.0
1786438829.864967,452.789,1980,3201,97.0,85.0,40.0
1786438829.874919,452.789,1980,3201,97.0,85.0,40.0
1786438829.884837,452.420,1980,3201,97.0,85.0,40.0
1786438829.894877,452.420,1980,3201,97.0,85.0,40.0
1786438829.904861,452.420,1980,3201,97.0,85.0,40.0
1786438829.914885,452.420,1980,3201,97.0,85.0,40.0
1786438829.924838,452.420,1980,3201,97.0,85.0,40.0
1786438829.934843,452.420,1980,3201,97.0,85.0,40.0
1786438829.944857,452.420,1980,3201,97.0,85.0,40.0
1786438829.954839,452.420,1980,3201,97.0,85.0,40.0
1786438829.964855,452.420,1980,3201,97.0,85.0,40.0
1786438829.974840,452.420,1980,3201,97.0,85.0,40.0
1786438829.984839,452.688,1980,3201,96.0,85.0,40.0
1786438829.994858,452.688,1980,3201,96.0,85.0,40.0
1786438830.004923,452.688,1980,3201,96.0,85.0,40.0
1786438830.014928,452.688,1980,3201,96.0,85.0,40.0
1786438830.024860,452.688,1980,3201,96.0,85.0,40.0
1786438830.034916,452.688,1980,3201,96.0,85.0,40.0
1786438830.044838,452.688,1980,3201,96.0,85.0,40.0
1786438830.054945,452.688,1980,3201,96.0,85.0,40.0
1786438830.064918,452.688,1980,3201,96.0,85.0,40.0
1786438830.074933,452.688,1980,3201,96.0,85.0,40.0
1786438830.084855,453.022,1980,3201,96.0,85.0,40.0
1786438830.094920,453.022,1980,3201,96.0,85.0,40.0
1786438830.104863,453.022,1980,3201,96.0,85.0,40.0
1786438830.114929,453.022,1980,3201,96.0,85.0,40.0
1786438830.124924,453.022,1980,3201,96.0,85.0,40.0
1786438830.134917,453.022,1980,3201,96.0,85.0,40.0
1786438830.144860,453.022,1980,3201,96.0,85.0,40.0
1786438830.154864,453.022,1980,3201,96.0,85.0,40.0
1786438830.164858,453.022,1980,3201,96.0,85.0,40.0
1786438830.174862,453.022,1980,3201,96.0,85.0,40.0
1786438830.184856,453.145,1980,3201,96.0,85.0,40.0
1786438830.194860,453.145,1980,3201,96.0,85.0,40.0
1786438830.204864,453.145,1980,3201,96.0,85.0,40.0
1786438830.214859,453.145,1980,3201,96.0,85.0,40.0
1786438830.224914,453.145,1980,3201,96.0,85.0,40.0
1786438830.234856,453.145,1980,3201,96.0,85.0,40.0
1786438830.244851,453.145,1980,3201,96.0,85.0,40.0
1786438830.254926,453.145,1980,3201,96.0,85.0,40.0
1786438830.264859,453.145,1980,3201,96.0,85.0,40.0
1786438830.274863,453.145,1980,3201,96.0,85.0,40.0
1786438830.284919,453.315,1980,3201,96.0,85.0,40.0
1786438830.294851,453.315,1980,3201,96.0,85.0,40.0
1786438830.304917,453.315,1980,3201,96.0,85.0,40.0
1786438830.314860,453.315,1980,3201,96.0,85.0,40.0
1786438830.324915,453.315,1980,3201,96.0,85.0,40.0
1786438830.334919,453.315,1980,3201,96.0,85.0,40.0
1786438830.344873,453.315,1980,3201,96.0,85.0,40.0
1786438830.354917,453.315,1980,3201,96.0,85.0,40.0
1786438830.364891,453.315,1980,3201,96.0,85.0,40.0
1786438830.374840,453.315,1980,3201,96.0,85.0,40.0
1786438830.384920,453.558,1980,3201,96.0,85.0,40.0
1786438830.394863,453.558,1980,3201,96.0,85.0,40.0
1786438830.404835,453.558,1980,3201,96.0,85.0,40.0
1786438830.414835,453.558,1980,3201,96.0,85.0,40.0
1786438830.424867,453.558,1980,3201,96.0,85.0,40.0
1786438830.434869,453.558,1980,3201,96.0,85.0,40.0
1786438830.444839,453.558,1980,3201,96.0,85.0,40.0
1786438830.454929,453.558,1980,3201,96.0,85.0,40.0
1786438830.464839,453.558,1980,3201,96.0,85.0,40.0
1786438830.474838,453.558,1980,3201,96.0,85.0,40.0
1786438830.484839,453.832,1980,3201,96.0,85.0,40.0
1786438830.494874,453.832,1980,3201,96.0,85.0,40.0
1786438830.504888,453.832,1980,3201,96.0,85.0,40.0
1786438830.514883,453.832,1980,3201,96.0,85.0,40.0
1786438830.524839,453.832,1980,3201,96.0,85.0,40.0
1786438830.534840,453.832,1980,3201,96.0,85.0,40.0
1786438830.544875,453.832,1980,3201,96.0,85.0,40.0
1786438830.554859,453.832,1980,3201,96.0,85.0,40.0
1786438830.564839,453.832,1980,3201,96.0,85.0,40.0
1786438830.574929,453.832,1980,3201,96.0,85.0,40.0
1786438830.584841,453.450,1980,3201,96.0,85.0,40.0
1786438830.594876,453.450,1980,3201,96.0,85.0,40.0
1786438830.604841,453.450,1980,3201,96.0,85.0,40.0
1786438830.614844,453.450,1980,3201,96.0,85.0,40.0
1786438830.624841,453.450,1980,3201,96.0,85.0,40.0
1786438830.634842,453.450,1980,3201,96.0,85.0,40.0
1786438830.644918,453.450,1980,3201,96.0,85.0,40.0
1786438830.654871,453.450,1980,3201,96.0,85.0,40.0
1786438830.664830,453.450,1980,3201,96.0,85.0,40.0
1786438830.674869,453.450,1980,3201,96.0,85.0,40.0
1786438830.684843,453.761,1980,3201,96.0,85.0,40.0
1786438830.694839,453.761,1980,3201,96.0,85.0,40.0
1786438830.704840,453.761,1980,3201,96.0,85.0,40.0
1786438830.714840,453.761,1980,3201,96.0,85.0,40.0
1786438830.724840,453.761,1980,3201,96.0,85.0,40.0
1786438830.734873,453.761,1980,3201,96.0,85.0,40.0
1786438830.744839,453.761,1980,3201,96.0,85.0,40.0
1786438830.754839,453.761,1980,3201,96.0,85.0,40.0
1786438830.764840,453.761,1980,3201,96.0,85.0,40.0
1786438830.774840,453.761,1980,3201,96.0,85.0,40.0
1786438830.784839,454.076,1980,3201,96.0,85.0,40.0
1786438830.794839,454.076,1980,3201,96.0,85.0,40.0
1786438830.804842,454.076,1980,3201,96.0,85.0,40.0
1786438830.814839,454.076,1980,3201,96.0,85.0,40.0
1786438830.824840,454.076,1980,3201,96.0,85.0,40.0
1786438830.834875,454.076,1980,3201,96.0,85.0,40.0
1786438830.844840,454.076,1980,3201,96.0,85.0,40.0
1786438830.854863,454.076,1980,3201,96.0,85.0,40.0
1786438830.864928,454.076,1980,3201,96.0,85.0,40.0
1786438830.874922,454.076,1980,3201,96.0,85.0,40.0
1786438830.884865,454.229,1980,3201,96.0,85.0,40.0
1786438830.894839,454.229,1980,3201,96.0,85.0,40.0
1786438830.904864,454.229,1980,3201,96.0,85.0,40.0
1786438830.914888,454.229,1980,3201,96.0,85.0,40.0
1786438830.924934,454.229,1980,3201,96.0,85.0,40.0
1786438830.934937,454.229,1980,3201,96.0,85.0,40.0
1786438830.944880,454.229,1980,3201,96.0,85.0,40.0
1786438830.954915,454.229,1980,3201,96.0,85.0,40.0
1786438830.964858,454.229,1980,3201,96.0,85.0,40.0
1786438830.974839,454.229,1980,3201,96.0,85.0,40.0
1786438830.984867,454.188,1980,3201,96.0,85.0,40.0
1786438830.994860,454.188,1980,3201,96.0,85.0,40.0
1786438831.004885,454.188,1980,3201,96.0,85.0,40.0
1786438831.014838,454.188,1980,3201,96.0,85.0,40.0
1786438831.024924,454.188,1980,3201,96.0,85.0,40.0
1786438831.034834,454.188,1980,3201,96.0,85.0,40.0
1786438831.044830,454.188,1980,3201,96.0,85.0,40.0
1786438831.054833,454.188,1980,3201,96.0,85.0,40.0
1786438831.064829,454.188,1980,3201,96.0,85.0,40.0
1786438831.074886,454.188,1980,3201,96.0,85.0,40.0
1786438831.084839,454.220,1980,3201,96.0,85.0,40.0
1786438831.094862,454.220,1980,3201,96.0,85.0,40.0
1786438831.104831,454.220,1980,3201,96.0,85.0,40.0
1786438831.114922,454.220,1980,3201,96.0,85.0,40.0
1786438831.124831,454.220,1980,3201,96.0,85.0,40.0
1786438831.134858,454.220,1980,3201,96.0,85.0,40.0
1786438831.144934,454.220,1980,3201,96.0,85.0,40.0
1786438831.154840,454.220,1980,3201,96.0,85.0,40.0
1786438831.164840,454.220,1980,3201,96.0,85.0,40.0
1786438831.174855,454.220,1980,3201,96.0,85.0,40.0
1786438831.184880,453.995,1980,3201,96.0,85.0,40.0
1786438831.194915,453.995,1980,3201,96.0,85.0,40.0
1786438831.204840,453.995,1980,3201,96.0,85.0,40.0
1786438831.214862,453.995,1980,3201,96.0,85.0,40.0
1786438831.224916,453.995,1980,3201,96.0,85.0,40.0
1786438831.234921,453.995,1980,3201,96.0,85.0,40.0
1786438831.244915,453.995,1980,3201,96.0,85.0,40.0
1786438831.254839,453.995,1980,3201,96.0,85.0,40.0
1786438831.264840,453.995,1980,3201,96.0,85.0,40.0
1786438831.274907,453.995,1980,3201,96.0,85.0,40.0
1786438831.284842,453.463,1980,3201,96.0,85.0,40.0
1786438831.294916,453.463,1980,3201,96.0,85.0,40.0
1786438831.304838,453.463,1980,3201,96.0,85.0,40.0
1786438831.314839,453.463,1980,3201,96.0,85.0,40.0
1786438831.324887,453.463,1980,3201,96.0,85.0,40.0
1786438831.334861,453.463,1980,3201,96.0,85.0,40.0
1786438831.344838,453.463,1980,3201,96.0,85.0,40.0
1786438831.354848,453.463,1980,3201,96.0,85.0,40.0
1786438831.364863,453.463,1980,3201,96.0,85.0,40.0
1786438831.374969,453.463,1980,3201,96.0,85.0,40.0
1786438831.384841,453.380,1980,3201,96.0,85.0,40.0
1786438831.394860,453.380,1980,3201,96.0,85.0,40.0
1786438831.404921,453.380,1980,3201,96.0,85.0,40.0
1786438831.414925,453.380,1980,3201,96.0,85.0,40.0
1786438831.424838,453.380,1980,3201,96.0,85.0,40.0
1786438831.434842,453.380,1980,3201,96.0,85.0,40.0
1786438831.444897,453.380,1980,3201,96.0,85.0,40.0
1786438831.454860,453.380,1980,3201,96.0,85.0,40.0
1786438831.464837,453.380,1980,3201,96.0,85.0,40.0
1786438831.474858,453.380,1980,3201,96.0,85.0,40.0
1786438831.484873,453.385,1980,3201,96.0,85.0,40.0
1786438831.494918,453.385,1980,3201,96.0,85.0,40.0
1786438831.504837,453.385,1980,3201,96.0,85.0,40.0
1786438831.514907,453.385,1980,3201,96.0,85.0,40.0
1786438831.524859,453.385,1980,3201,96.0,85.0,40.0
1786438831.534838,453.385,1980,3201,96.0,85.0,40.0
1786438831.544837,453.385,1980,3201,96.0,85.0,40.0
1786438831.554841,453.385,1980,3201,96.0,85.0,40.0
1786438831.564837,453.385,1980,3201,96.0,85.0,40.0
1786438831.574860,453.385,1980,3201,96.0,85.0,40.0
1786438831.584837,453.264,1980,3201,96.0,85.0,40.0
1786438831.594920,453.264,1980,3201,96.0,85.0,40.0
1786438831.604838,453.264,1980,3201,96.0,85.0,40.0
1786438831.614840,453.264,1980,3201,96.0,85.0,40.0
1786438831.624830,453.264,1980,3201,96.0,85.0,40.0
1786438831.634854,453.264,1980,3201,96.0,85.0,40.0
1786438831.644830,453.264,1980,3201,96.0,85.0,40.0
1786438831.654914,453.264,1980,3201,96.0,85.0,40.0
1786438831.664830,453.264,1980,3201,96.0,85.0,40.0
1786438831.674857,453.264,1980,3201,96.0,85.0,40.0
1786438831.684831,453.623,1980,3201,96.0,85.0,41.0
1786438831.694921,453.623,1980,3201,96.0,85.0,41.0
1786438831.704830,453.623,1980,3201,96.0,85.0,41.0
1786438831.714919,453.623,1980,3201,96.0,85.0,41.0
1786438831.724830,453.623,1980,3201,96.0,85.0,41.0
1786438831.734918,453.623,1980,3201,96.0,85.0,41.0
1786438831.744830,453.623,1980,3201,96.0,85.0,41.0
1786438831.754834,453.623,1980,3201,96.0,85.0,41.0
1786438831.764830,453.623,1980,3201,96.0,85.0,41.0
1786438831.774833,453.623,1980,3201,96.0,85.0,41.0
1786438831.784830,453.161,1980,3201,96.0,85.0,40.0
1786438831.794912,453.161,1980,3201,96.0,85.0,40.0
1786438831.804829,453.161,1980,3201,96.0,85.0,40.0
1786438831.814859,453.161,1980,3201,96.0,85.0,40.0
1786438831.824830,453.161,1980,3201,96.0,85.0,40.0
1786438831.834833,453.161,1980,3201,96.0,85.0,40.0
1786438831.844826,453.161,1980,3201,96.0,85.0,40.0
1786438831.854925,453.161,1980,3201,96.0,85.0,40.0
1786438831.864931,453.161,1980,3201,96.0,85.0,40.0
1786438831.874862,453.161,1980,3201,96.0,85.0,40.0
1786438831.885049,452.880,1980,3201,96.0,85.0,41.0
1786438831.894922,452.880,1980,3201,96.0,85.0,41.0
1786438831.904857,452.880,1980,3201,96.0,85.0,41.0
1786438831.914860,452.880,1980,3201,96.0,85.0,41.0
1786438831.924854,452.880,1980,3201,96.0,85.0,41.0
1786438831.934919,452.880,1980,3201,96.0,85.0,41.0
1786438831.944840,452.880,1980,3201,96.0,85.0,41.0
1786438831.954855,452.880,1980,3201,96.0,85.0,41.0
1786438831.964972,452.880,1980,3201,96.0,85.0,41.0
1786438831.974839,452.880,1980,3201,96.0,85.0,41.0
1786438831.984919,451.666,1980,3201,90.0,80.0,41.0
1786438831.994861,451.666,1980,3201,90.0,80.0,41.0
1786438832.004856,451.666,1980,3201,90.0,80.0,41.0
1786438832.014835,451.666,1980,3201,90.0,80.0,41.0
1786438832.024854,451.666,1980,3201,90.0,80.0,41.0
1786438832.034858,451.666,1980,3201,90.0,80.0,41.0
1786438832.044852,451.666,1980,3201,90.0,80.0,41.0
1786438832.054907,451.666,1980,3201,90.0,80.0,41.0
1786438832.064860,451.666,1980,3201,90.0,80.0,41.0
1786438832.074840,451.666,1980,3201,90.0,80.0,41.0
1786438832.084858,450.979,1980,3201,90.0,80.0,41.0
1786438832.094853,450.979,1980,3201,90.0,80.0,41.0
1786438832.104846,450.979,1980,3201,90.0,80.0,41.0
1786438832.114840,450.979,1980,3201,90.0,80.0,41.0
1786438832.124906,450.979,1980,3201,90.0,80.0,41.0
1786438832.134859,450.979,1980,3201,90.0,80.0,41.0
1786438832.144915,450.979,1980,3201,90.0,80.0,41.0
1786438832.154920,450.979,1980,3201,90.0,80.0,41.0
1786438832.164852,450.979,1980,3201,90.0,80.0,41.0
1786438832.174839,450.979,1980,3201,90.0,80.0,41.0
1786438832.184860,450.019,1980,3201,96.0,86.0,41.0
1786438832.194854,450.019,1980,3201,96.0,86.0,41.0
1786438832.204909,450.019,1980,3201,96.0,86.0,41.0
1786438832.214883,450.019,1980,3201,96.0,86.0,41.0
1786438832.224856,450.019,1980,3201,96.0,86.0,41.0
1786438832.234840,450.019,1980,3201,96.0,86.0,41.0
1786438832.244926,450.019,1980,3201,96.0,86.0,41.0
1786438832.254840,450.019,1980,3201,96.0,86.0,41.0
1786438832.264856,450.019,1980,3201,96.0,86.0,41.0
1786438832.274840,450.019,1980,3201,96.0,86.0,41.0
1786438832.284882,449.953,1980,3201,96.0,86.0,41.0
1786438832.294886,449.953,1980,3201,96.0,86.0,41.0
1786438832.304839,449.953,1980,3201,96.0,86.0,41.0
1786438832.314894,449.953,1980,3201,96.0,86.0,41.0
1786438832.324919,449.953,1980,3201,96.0,86.0,41.0
1786438832.334840,449.953,1980,3201,96.0,86.0,41.0
1786438832.344838,449.953,1980,3201,96.0,86.0,41.0
1786438832.354922,449.953,1980,3201,96.0,86.0,41.0
1786438832.364840,449.953,1980,3201,96.0,86.0,41.0
1786438832.374840,449.953,1980,3201,96.0,86.0,41.0
1786438832.384840,449.811,1980,3201,96.0,86.0,41.0
1786438832.394908,449.811,1980,3201,96.0,86.0,41.0
1786438832.404840,449.811,1980,3201,96.0,86.0,41.0
1786438832.414855,449.811,1980,3201,96.0,86.0,41.0
1786438832.424890,449.811,1980,3201,96.0,86.0,41.0
1786438832.434839,449.811,1980,3201,96.0,86.0,41.0
1786438832.444839,449.811,1980,3201,96.0,86.0,41.0
1786438832.454882,449.811,1980,3201,96.0,86.0,41.0
1786438832.464838,449.811,1980,3201,96.0,86.0,41.0
1786438832.474839,449.811,1980,3201,96.0,86.0,41.0
1786438832.484834,450.036,1980,3201,96.0,86.0,41.0
1786438832.494835,450.036,1980,3201,96.0,86.0,41.0
1786438832.504835,450.036,1980,3201,96.0,86.0,41.0
1786438832.514839,450.036,1980,3201,96.0,86.0,41.0
1786438832.524850,450.036,1980,3201,96.0,86.0,41.0
1786438832.534839,450.036,1980,3201,96.0,86.0,41.0
1786438832.544930,450.036,1980,3201,96.0,86.0,41.0
1786438832.554839,450.036,1980,3201,96.0,86.0,41.0
1786438832.564877,450.036,1980,3201,96.0,86.0,41.0
1786438832.574841,450.036,1980,3201,96.0,86.0,41.0
1786438832.584855,450.083,1980,3201,96.0,86.0,41.0
1786438832.594839,450.083,1980,3201,96.0,86.0,41.0
1786438832.604838,450.083,1980,3201,96.0,86.0,41.0
1786438832.614839,450.083,1980,3201,96.0,86.0,41.0
1786438832.624841,450.083,1980,3201,96.0,86.0,41.0
1786438832.634840,450.083,1980,3201,96.0,86.0,41.0
1786438832.644902,450.083,1980,3201,96.0,86.0,41.0
1786438832.654844,450.083,1980,3201,96.0,86.0,41.0
1786438832.664910,450.083,1980,3201,96.0,86.0,41.0
1786438832.674842,450.083,1980,3201,96.0,86.0,41.0
1786438832.684928,449.495,1980,3201,96.0,86.0,41.0
1786438832.694892,449.495,1980,3201,96.0,86.0,41.0
1786438832.704839,449.495,1980,3201,96.0,86.0,41.0
1786438832.714839,449.495,1980,3201,96.0,86.0,41.0
1786438832.724873,449.495,1980,3201,96.0,86.0,41.0
1786438832.734857,449.495,1980,3201,96.0,86.0,41.0
1786438832.744913,449.495,1980,3201,96.0,86.0,41.0
1786438832.754886,449.495,1980,3201,96.0,86.0,41.0
1786438832.764839,449.495,1980,3201,96.0,86.0,41.0
1786438832.774915,449.495,1980,3201,96.0,86.0,41.0
1786438832.784857,449.229,1980,3201,96.0,85.0,41.0
1786438832.794852,449.229,1980,3201,96.0,85.0,41.0
1786438832.804856,449.229,1980,3201,96.0,85.0,41.0
1786438832.814911,449.229,1980,3201,96.0,85.0,41.0
1786438832.824854,449.229,1980,3201,96.0,85.0,41.0
1786438832.834839,449.229,1980,3201,96.0,85.0,41.0
1786438832.844862,449.229,1980,3201,96.0,85.0,41.0
1786438832.854877,449.229,1980,3201,96.0,85.0,41.0
1786438832.864850,449.229,1980,3201,96.0,85.0,41.0
1786438832.874906,449.229,1980,3201,96.0,85.0,41.0
1786438832.884859,448.976,1980,3201,96.0,85.0,41.0
1786438832.894914,448.976,1980,3201,96.0,85.0,41.0
1786438832.904838,448.976,1980,3201,96.0,85.0,41.0
1786438832.914871,448.976,1980,3201,96.0,85.0,41.0
1786438832.924917,448.976,1980,3201,96.0,85.0,41.0
1786438832.934860,448.976,1980,3201,96.0,85.0,41.0
1786438832.944905,448.976,1980,3201,96.0,85.0,41.0
1786438832.954919,448.976,1980,3201,96.0,85.0,41.0
1786438832.964862,448.976,1980,3201,96.0,85.0,41.0
1786438832.974856,448.976,1980,3201,96.0,85.0,41.0
1786438832.984922,449.844,1980,3201,96.0,85.0,41.0
1786438832.994864,449.844,1980,3201,96.0,85.0,41.0
1786438833.004920,449.844,1980,3201,96.0,85.0,41.0
1786438833.014834,449.844,1980,3201,96.0,85.0,41.0
1786438833.024897,449.844,1980,3201,96.0,85.0,41.0
1786438833.034861,449.844,1980,3201,96.0,85.0,41.0
1786438833.044865,449.844,1980,3201,96.0,85.0,41.0
1786438833.054859,449.844,1980,3201,96.0,85.0,41.0
1786438833.064863,449.844,1980,3201,96.0,85.0,41.0
1786438833.074919,449.844,1980,3201,96.0,85.0,41.0
1786438833.084902,450.625,1980,3201,96.0,85.0,41.0
1786438833.094839,450.625,1980,3201,96.0,85.0,41.0
1786438833.104962,450.625,1980,3201,96.0,85.0,41.0
1786438833.114915,450.625,1980,3201,96.0,85.0,41.0
1786438833.124858,450.625,1980,3201,96.0,85.0,41.0
1786438833.134913,450.625,1980,3201,96.0,85.0,41.0
1786438833.144856,450.625,1980,3201,96.0,85.0,41.0
1786438833.154840,450.625,1980,3201,96.0,85.0,41.0
1786438833.164865,450.625,1980,3201,96.0,85.0,41.0
1786438833.174925,450.625,1980,3201,96.0,85.0,41.0
1786438833.184914,448.799,1980,3201,96.0,85.0,41.0
1786438833.194857,448.799,1980,3201,96.0,85.0,41.0
1786438833.204861,448.799,1980,3201,96.0,85.0,41.0
1786438833.214917,448.799,1980,3201,96.0,85.0,41.0
1786438833.224921,448.799,1980,3201,96.0,85.0,41.0
1786438833.234874,448.799,1980,3201,96.0,85.0,41.0
1786438833.244858,448.799,1980,3201,96.0,85.0,41.0
1786438833.254862,448.799,1980,3201,96.0,85.0,41.0
1786438833.264917,448.799,1980,3201,96.0,85.0,41.0
1786438833.274921,448.799,1980,3201,96.0,85.0,41.0
1786438833.284854,447.647,1980,3201,96.0,85.0,41.0
1786438833.294920,447.647,1980,3201,96.0,85.0,41.0
1786438833.304852,447.647,1980,3201,96.0,85.0,41.0
1786438833.314917,447.647,1980,3201,96.0,85.0,41.0
1786438833.324860,447.647,1980,3201,96.0,85.0,41.0
1786438833.334865,447.647,1980,3201,96.0,85.0,41.0
1786438833.344859,447.647,1980,3201,96.0,85.0,41.0
1786438833.354863,447.647,1980,3201,96.0,85.0,41.0
1786438833.364837,447.647,1980,3201,96.0,85.0,41.0
1786438833.374925,447.647,1980,3201,96.0,85.0,41.0
1786438833.384917,446.409,1980,3201,96.0,86.0,41.0
1786438833.394911,446.409,1980,3201,96.0,86.0,41.0
1786438833.404854,446.409,1980,3201,96.0,86.0,41.0
1786438833.414858,446.409,1980,3201,96.0,86.0,41.0
1786438833.424861,446.409,1980,3201,96.0,86.0,41.0
1786438833.434856,446.409,1980,3201,96.0,86.0,41.0
1786438833.444840,446.409,1980,3201,96.0,86.0,41.0
1786438833.454918,446.409,1980,3201,96.0,86.0,41.0
1786438833.464920,446.409,1980,3201,96.0,86.0,41.0
1786438833.474863,446.409,1980,3201,96.0,86.0,41.0
1786438833.484918,445.012,1980,3201,96.0,86.0,41.0
1786438833.494840,445.012,1980,3201,96.0,86.0,41.0
1786438833.504865,445.012,1980,3201,96.0,86.0,41.0
1786438833.514859,445.012,1980,3201,96.0,86.0,41.0
1786438833.524966,445.012,1980,3201,96.0,86.0,41.0
1786438833.534909,445.012,1980,3201,96.0,86.0,41.0
1786438833.544862,445.012,1980,3201,96.0,86.0,41.0
1786438833.554855,445.012,1980,3201,96.0,86.0,41.0
1786438833.564860,445.012,1980,3201,96.0,86.0,41.0
1786438833.574922,445.012,1980,3201,96.0,86.0,41.0
1786438833.584919,444.782,1980,3201,96.0,86.0,41.0
1786438833.594913,444.782,1980,3201,96.0,86.0,41.0
1786438833.604877,444.782,1980,3201,96.0,86.0,41.0
1786438833.614850,444.782,1980,3201,96.0,86.0,41.0
1786438833.624854,444.782,1980,3201,96.0,86.0,41.0
1786438833.634858,444.782,1980,3201,96.0,86.0,41.0
1786438833.644914,444.782,1980,3201,96.0,86.0,41.0
1786438833.654918,444.782,1980,3201,96.0,86.0,41.0
1786438833.664922,444.782,1980,3201,96.0,86.0,41.0
1786438833.674855,444.782,1980,3201,96.0,86.0,41.0
1786438833.684859,443.431,1980,3201,96.0,86.0,41.0
1786438833.694863,443.431,1980,3201,96.0,86.0,41.0
1786438833.704857,443.431,1980,3201,96.0,86.0,41.0
1786438833.714872,443.431,1980,3201,96.0,86.0,41.0
1786438833.724856,443.431,1980,3201,96.0,86.0,41.0
1786438833.735066,443.431,1980,3201,96.0,86.0,41.0
1786438833.744866,443.431,1980,3201,96.0,86.0,41.0
1786438833.754835,443.431,1980,3201,96.0,86.0,41.0
1786438833.764915,443.431,1980,3201,96.0,86.0,41.0
1786438833.774838,443.431,1980,3201,96.0,86.0,41.0
1786438833.784913,443.221,1980,3201,96.0,86.0,41.0
1786438833.794838,443.221,1980,3201,96.0,86.0,41.0
1786438833.804912,443.221,1980,3201,96.0,86.0,41.0
1786438833.814835,443.221,1980,3201,96.0,86.0,41.0
1786438833.824859,443.221,1980,3201,96.0,86.0,41.0
1786438833.834894,443.221,1980,3201,96.0,86.0,41.0
1786438833.844918,443.221,1980,3201,96.0,86.0,41.0
1786438833.855013,443.221,1980,3201,96.0,86.0,41.0
1786438833.864877,443.221,1980,3201,96.0,86.0,41.0
1786438833.874859,443.221,1980,3201,96.0,86.0,41.0
1786438833.884874,442.924,1980,3201,96.0,86.0,41.0
1786438833.895082,442.924,1980,3201,96.0,86.0,41.0
1786438833.904872,442.924,1980,3201,96.0,86.0,41.0
1786438833.914837,442.924,1980,3201,96.0,86.0,41.0
1786438833.924860,442.924,1980,3201,96.0,86.0,41.0
1786438833.934864,442.924,1980,3201,96.0,86.0,41.0
1786438833.944858,442.924,1980,3201,96.0,86.0,41.0
1786438833.954834,442.924,1980,3201,96.0,86.0,41.0
1786438833.964835,442.924,1980,3201,96.0,86.0,41.0
1786438833.974833,442.924,1980,3201,96.0,86.0,41.0
1786438833.984834,442.884,1980,3201,96.0,85.0,41.0
1786438833.994837,442.884,1980,3201,96.0,85.0,41.0
1786438834.004838,442.884,1980,3201,96.0,85.0,41.0
1786438834.014838,442.884,1980,3201,96.0,85.0,41.0
1786438834.024843,442.884,1980,3201,96.0,85.0,41.0
1786438834.034929,442.884,1980,3201,96.0,85.0,41.0
1786438834.044860,442.884,1980,3201,96.0,85.0,41.0
1786438834.054915,442.884,1980,3201,96.0,85.0,41.0
1786438834.064840,442.884,1980,3201,96.0,85.0,41.0
1786438834.074913,442.884,1980,3201,96.0,85.0,41.0
1786438834.084840,441.615,1980,3201,96.0,85.0,41.0
1786438834.094860,441.615,1980,3201,96.0,85.0,41.0
1786438834.104926,441.615,1980,3201,96.0,85.0,41.0
1786438834.114910,441.615,1980,3201,96.0,85.0,41.0
1786438834.124852,441.615,1980,3201,96.0,85.0,41.0
1786438834.134840,441.615,1980,3201,96.0,85.0,41.0
1786438834.144882,441.615,1980,3201,96.0,85.0,41.0
1786438834.154854,441.615,1980,3201,96.0,85.0,41.0
1786438834.164840,441.615,1980,3201,96.0,85.0,41.0
1786438834.174915,441.615,1980,3201,96.0,85.0,41.0
1786438834.184857,444.296,1980,3201,97.0,86.0,41.0
1786438834.194923,444.296,1980,3201,97.0,86.0,41.0
1786438834.204917,444.296,1980,3201,97.0,86.0,41.0
1786438834.214921,444.296,1980,3201,97.0,86.0,41.0
1786438834.224926,444.296,1980,3201,97.0,86.0,41.0
1786438834.234839,444.296,1980,3201,97.0,86.0,41.0
1786438834.244934,444.296,1980,3201,97.0,86.0,41.0
1786438834.254846,444.296,1980,3201,97.0,86.0,41.0
1786438834.264932,444.296,1980,3201,97.0,86.0,41.0
1786438834.274864,444.296,1980,3201,97.0,86.0,41.0
1786438834.284859,444.146,1980,3201,97.0,86.0,41.0
1786438834.294842,444.146,1980,3201,97.0,86.0,41.0
1786438834.304928,444.146,1980,3201,97.0,86.0,41.0
1786438834.314861,444.146,1980,3201,97.0,86.0,41.0
1786438834.324917,444.146,1980,3201,97.0,86.0,41.0
1786438834.334870,444.146,1980,3201,97.0,86.0,41.0
1786438834.344863,444.146,1980,3201,97.0,86.0,41.0
1786438834.354840,444.146,1980,3201,97.0,86.0,41.0
1786438834.364892,444.146,1980,3201,97.0,86.0,41.0
1786438834.374887,444.146,1980,3201,97.0,86.0,41.0
1786438834.384892,445.618,1980,3201,97.0,86.0,41.0
1786438834.394916,445.618,1980,3201,97.0,86.0,41.0
1786438834.404840,445.618,1980,3201,97.0,86.0,41.0
1786438834.414863,445.618,1980,3201,97.0,86.0,41.0
1786438834.424839,445.618,1980,3201,97.0,86.0,41.0
1786438834.434840,445.618,1980,3201,97.0,86.0,41.0
1786438834.444916,445.618,1980,3201,97.0,86.0,41.0
1786438834.454840,445.618,1980,3201,97.0,86.0,41.0
1786438834.464914,445.618,1980,3201,97.0,86.0,41.0
1786438834.474858,445.618,1980,3201,97.0,86.0,41.0
1786438834.484840,445.380,1980,3201,97.0,86.0,41.0
1786438834.494927,445.380,1980,3201,97.0,86.0,41.0
1786438834.504859,445.380,1980,3201,97.0,86.0,41.0
1786438834.514838,445.380,1980,3201,97.0,86.0,41.0
1786438834.524835,445.380,1980,3201,97.0,86.0,41.0
1786438834.534835,445.380,1980,3201,97.0,86.0,41.0
1786438834.544835,445.380,1980,3201,97.0,86.0,41.0
1786438834.554835,445.380,1980,3201,97.0,86.0,41.0
1786438834.564835,445.380,1980,3201,97.0,86.0,41.0
1786438834.574836,445.380,1980,3201,97.0,86.0,41.0
1786438834.584835,444.921,1980,3201,96.0,85.0,41.0
1786438834.594835,444.921,1980,3201,96.0,85.0,41.0
1786438834.604835,444.921,1980,3201,96.0,85.0,41.0
1786438834.614836,444.921,1980,3201,96.0,85.0,41.0
1786438834.624835,444.921,1980,3201,96.0,85.0,41.0
1786438834.634836,444.921,1980,3201,96.0,85.0,41.0
1786438834.644835,444.921,1980,3201,96.0,85.0,41.0
1786438834.654835,444.921,1980,3201,96.0,85.0,41.0
1786438834.665016,444.921,1980,3201,96.0,85.0,41.0
1786438834.674858,444.921,1980,3201,96.0,85.0,41.0
1786438834.684862,446.780,1980,3201,96.0,85.0,41.0
1786438834.694856,446.780,1980,3201,96.0,85.0,41.0
1786438834.704860,446.780,1980,3201,96.0,85.0,41.0
1786438834.714839,446.780,1980,3201,96.0,85.0,41.0
1786438834.724920,446.780,1980,3201,96.0,85.0,41.0
1786438834.734914,446.780,1980,3201,96.0,85.0,41.0
1786438834.744918,446.780,1980,3201,96.0,85.0,41.0
1786438834.754912,446.780,1980,3201,96.0,85.0,41.0
1786438834.764865,446.780,1980,3201,96.0,85.0,41.0
1786438834.774921,446.780,1980,3201,96.0,85.0,41.0
1786438834.784853,447.200,1980,3201,96.0,85.0,41.0
1786438834.794919,447.200,1980,3201,96.0,85.0,41.0
1786438834.804912,447.200,1980,3201,96.0,85.0,41.0
1786438834.814856,447.200,1980,3201,96.0,85.0,41.0
1786438834.824921,447.200,1980,3201,96.0,85.0,41.0
1786438834.834915,447.200,1980,3201,96.0,85.0,41.0
1786438834.844858,447.200,1980,3201,96.0,85.0,41.0
1786438834.854913,447.200,1980,3201,96.0,85.0,41.0
1786438834.864856,447.200,1980,3201,96.0,85.0,41.0
1786438834.874911,447.200,1980,3201,96.0,85.0,41.0
1786438834.884839,447.650,1980,3201,96.0,85.0,41.0
1786438834.894951,447.650,1980,3201,96.0,85.0,41.0
1786438834.904914,447.650,1980,3201,96.0,85.0,41.0
1786438834.914857,447.650,1980,3201,96.0,85.0,41.0
1786438834.924861,447.650,1980,3201,96.0,85.0,41.0
1786438834.934916,447.650,1980,3201,96.0,85.0,41.0
1786438834.944839,447.650,1980,3201,96.0,85.0,41.0
1786438834.954926,447.650,1980,3201,96.0,85.0,41.0
1786438834.964868,447.650,1980,3201,96.0,85.0,41.0
1786438834.974863,447.650,1980,3201,96.0,85.0,41.0
1786438834.984917,447.963,1980,3201,96.0,85.0,41.0
1786438834.994860,447.963,1980,3201,96.0,85.0,41.0
1786438835.004839,447.963,1980,3201,96.0,85.0,41.0
1786438835.014835,447.963,1980,3201,96.0,85.0,41.0
1786438835.024914,447.963,1980,3201,96.0,85.0,41.0
1786438835.034857,447.963,1980,3201,96.0,85.0,41.0
1786438835.044860,447.963,1980,3201,96.0,85.0,41.0
1786438835.054855,447.963,1980,3201,96.0,85.0,41.0
1786438835.064859,447.963,1980,3201,96.0,85.0,41.0
1786438835.074914,447.963,1980,3201,96.0,85.0,41.0
1786438835.084857,448.373,1980,3201,96.0,85.0,41.0
1786438835.094851,448.373,1980,3201,96.0,85.0,41.0
1786438835.104855,448.373,1980,3201,96.0,85.0,41.0
1786438835.114860,448.373,1980,3201,96.0,85.0,41.0
1786438835.124976,448.373,1980,3201,96.0,85.0,41.0
1786438835.134858,448.373,1980,3201,96.0,85.0,41.0
1786438835.144840,448.373,1980,3201,96.0,85.0,41.0
1786438835.154918,448.373,1980,3201,96.0,85.0,41.0
1786438835.164861,448.373,1980,3201,96.0,85.0,41.0
1786438835.174885,448.373,1980,3201,96.0,85.0,41.0
1786438835.184869,448.248,1980,3201,96.0,85.0,41.0
1786438835.194852,448.248,1980,3201,96.0,85.0,41.0
1786438835.204918,448.248,1980,3201,96.0,85.0,41.0
1786438835.214912,448.248,1980,3201,96.0,85.0,41.0
1786438835.224926,448.248,1980,3201,96.0,85.0,41.0
1786438835.234931,448.248,1980,3201,96.0,85.0,41.0
1786438835.244843,448.248,1980,3201,96.0,85.0,41.0
1786438835.254858,448.248,1980,3201,96.0,85.0,41.0
1786438835.264861,448.248,1980,3201,96.0,85.0,41.0
1786438835.274886,448.248,1980,3201,96.0,85.0,41.0
1786438835.284860,449.224,1980,3201,96.0,85.0,41.0
1786438835.294915,449.224,1980,3201,96.0,85.0,41.0
1786438835.304858,449.224,1980,3201,96.0,85.0,41.0
1786438835.314975,449.224,1980,3201,96.0,85.0,41.0
1786438835.324907,449.224,1980,3201,96.0,85.0,41.0
1786438835.334861,449.224,1980,3201,96.0,85.0,41.0
1786438835.344838,449.224,1980,3201,96.0,85.0,41.0
1786438835.354859,449.224,1980,3201,96.0,85.0,41.0
1786438835.364914,449.224,1980,3201,96.0,85.0,41.0
1786438835.374918,449.224,1980,3201,96.0,85.0,41.0
1786438835.384861,449.320,1980,3201,96.0,85.0,41.0
1786438835.394834,449.320,1980,3201,96.0,85.0,41.0
1786438835.404835,449.320,1980,3201,96.0,85.0,41.0
1786438835.414855,449.320,1980,3201,96.0,85.0,41.0
1786438835.424921,449.320,1980,3201,96.0,85.0,41.0
1786438835.434862,449.320,1980,3201,96.0,85.0,41.0
1786438835.444867,449.320,1980,3201,96.0,85.0,41.0
1786438835.454860,449.320,1980,3201,96.0,85.0,41.0
1786438835.464864,449.320,1980,3201,96.0,85.0,41.0
1786438835.474920,449.320,1980,3201,96.0,85.0,41.0
1786438835.484862,450.512,1980,3201,96.0,85.0,41.0
1786438835.494867,450.512,1980,3201,96.0,85.0,41.0
1786438835.504901,450.512,1980,3201,96.0,85.0,41.0
1786438835.514839,450.512,1980,3201,96.0,85.0,41.0
1786438835.524869,450.512,1980,3201,96.0,85.0,41.0
1786438835.534853,450.512,1980,3201,96.0,85.0,41.0
1786438835.544857,450.512,1980,3201,96.0,85.0,41.0
1786438835.554839,450.512,1980,3201,96.0,85.0,41.0
1786438835.564865,450.512,1980,3201,96.0,85.0,41.0
1786438835.574860,450.512,1980,3201,96.0,85.0,41.0
1786438835.584915,451.092,1980,3201,96.0,85.0,41.0
1786438835.594919,451.092,1980,3201,96.0,85.0,41.0
1786438835.604862,451.092,1980,3201,96.0,85.0,41.0
1786438835.614840,451.092,1980,3201,96.0,85.0,41.0
1786438835.624881,451.092,1980,3201,96.0,85.0,41.0
1786438835.634839,451.092,1980,3201,96.0,85.0,41.0
1786438835.644836,451.092,1980,3201,96.0,85.0,41.0
1786438835.654840,451.092,1980,3201,96.0,85.0,41.0
1786438835.664878,451.092,1980,3201,96.0,85.0,41.0
1786438835.674892,451.092,1980,3201,96.0,85.0,41.0
1786438835.684886,450.460,1980,3201,96.0,85.0,41.0
1786438835.694839,450.460,1980,3201,96.0,85.0,41.0
1786438835.704884,450.460,1980,3201,96.0,85.0,41.0
1786438835.714888,450.460,1980,3201,96.0,85.0,41.0
1786438835.724923,450.460,1980,3201,96.0,85.0,41.0
1786438835.734917,450.460,1980,3201,96.0,85.0,41.0
1786438835.744839,450.460,1980,3201,96.0,85.0,41.0
1786438835.754885,450.460,1980,3201,96.0,85.0,41.0
1786438835.764879,450.460,1980,3201,96.0,85.0,41.0
1786438835.774924,450.460,1980,3201,96.0,85.0,41.0
1786438835.784838,450.631,1980,3201,96.0,85.0,41.0
1786438835.794921,450.631,1980,3201,96.0,85.0,41.0
1786438835.804915,450.631,1980,3201,96.0,85.0,41.0
1786438835.814879,450.631,1980,3201,96.0,85.0,41.0
1786438835.824839,450.631,1980,3201,96.0,85.0,41.0
1786438835.834840,450.631,1980,3201,96.0,85.0,41.0
1786438835.844881,450.631,1980,3201,96.0,85.0,41.0
1786438835.854839,450.631,1980,3201,96.0,85.0,41.0
1786438835.864910,450.631,1980,3201,96.0,85.0,41.0
1786438835.874874,450.631,1980,3201,96.0,85.0,41.0
1786438835.884878,450.302,1980,3201,96.0,85.0,41.0
1786438835.894842,450.302,1980,3201,96.0,85.0,41.0
1786438835.904839,450.302,1980,3201,96.0,85.0,41.0
1786438835.914839,450.302,1980,3201,96.0,85.0,41.0
1786438835.924885,450.302,1980,3201,96.0,85.0,41.0
1786438835.934839,450.302,1980,3201,96.0,85.0,41.0
1786438835.944839,450.302,1980,3201,96.0,85.0,41.0
1786438835.954877,450.302,1980,3201,96.0,85.0,41.0
1786438835.964838,450.302,1980,3201,96.0,85.0,41.0
1786438835.974842,450.302,1980,3201,96.0,85.0,41.0
1786438835.984930,450.222,1980,3201,96.0,85.0,41.0
1786438835.994836,450.222,1980,3201,96.0,85.0,41.0
1786438836.004909,450.222,1980,3201,96.0,85.0,41.0
1786438836.014834,450.222,1980,3201,96.0,85.0,41.0
1786438836.024876,450.222,1980,3201,96.0,85.0,41.0
1786438836.034860,450.222,1980,3201,96.0,85.0,41.0
1786438836.044853,450.222,1980,3201,96.0,85.0,41.0
1786438836.054919,450.222,1980,3201,96.0,85.0,41.0
1786438836.064839,450.222,1980,3201,96.0,85.0,41.0
1786438836.074856,450.222,1980,3201,96.0,85.0,41.0
1786438836.084927,450.288,1980,3201,96.0,85.0,41.0
1786438836.094854,450.288,1980,3201,96.0,85.0,41.0
1786438836.104930,450.288,1980,3201,96.0,85.0,41.0
1786438836.114893,450.288,1980,3201,96.0,85.0,41.0
1786438836.124928,450.288,1980,3201,96.0,85.0,41.0
1786438836.134922,450.288,1980,3201,96.0,85.0,41.0
1786438836.144855,450.288,1980,3201,96.0,85.0,41.0
1786438836.154859,450.288,1980,3201,96.0,85.0,41.0
1786438836.164904,450.288,1980,3201,96.0,85.0,41.0
1786438836.174857,450.288,1980,3201,96.0,85.0,41.0
1786438836.184923,450.528,1980,3201,96.0,85.0,41.0
1786438836.194917,450.528,1980,3201,96.0,85.0,41.0
1786438836.204921,450.528,1980,3201,96.0,85.0,41.0
1786438836.214915,450.528,1980,3201,96.0,85.0,41.0
1786438836.224858,450.528,1980,3201,96.0,85.0,41.0
1786438836.234838,450.528,1980,3201,96.0,85.0,41.0
1786438836.244856,450.528,1980,3201,96.0,85.0,41.0
1786438836.254860,450.528,1980,3201,96.0,85.0,41.0
1786438836.264854,450.528,1980,3201,96.0,85.0,41.0
1786438836.274839,450.528,1980,3201,96.0,85.0,41.0
1786438836.284842,450.352,1980,3201,96.0,85.0,41.0
1786438836.294898,450.352,1980,3201,96.0,85.0,41.0
1786438836.304912,450.352,1980,3201,96.0,85.0,41.0
1786438836.314855,450.352,1980,3201,96.0,85.0,41.0
1786438836.324839,450.352,1980,3201,96.0,85.0,41.0
1786438836.334915,450.352,1980,3201,96.0,85.0,41.0
1786438836.344848,450.352,1980,3201,96.0,85.0,41.0
1786438836.354862,450.352,1980,3201,96.0,85.0,41.0
1786438836.364917,450.352,1980,3201,96.0,85.0,41.0
1786438836.374871,450.352,1980,3201,96.0,85.0,41.0
1786438836.384885,450.136,1980,3201,96.0,85.0,41.0
1786438836.394921,450.136,1980,3201,96.0,85.0,41.0
1786438836.404862,450.136,1980,3201,96.0,85.0,41.0
1786438836.414918,450.136,1980,3201,96.0,85.0,41.0
1786438836.424922,450.136,1980,3201,96.0,85.0,41.0
1786438836.434839,450.136,1980,3201,96.0,85.0,41.0
1786438836.444839,450.136,1980,3201,96.0,85.0,41.0
1786438836.454915,450.136,1980,3201,96.0,85.0,41.0
1786438836.464857,450.136,1980,3201,96.0,85.0,41.0
1786438836.474839,450.136,1980,3201,96.0,85.0,41.0
1786438836.484886,449.610,1980,3201,96.0,85.0,41.0
1786438836.494859,449.610,1980,3201,96.0,85.0,41.0
1786438836.504863,449.610,1980,3201,96.0,85.0,41.0
1786438836.514970,449.610,1980,3201,96.0,85.0,41.0
1786438836.524862,449.610,1980,3201,96.0,85.0,41.0
1786438836.534918,449.610,1980,3201,96.0,85.0,41.0
1786438836.544881,449.610,1980,3201,96.0,85.0,41.0
1786438836.554925,449.610,1980,3201,96.0,85.0,41.0
1786438836.564858,449.610,1980,3201,96.0,85.0,41.0
1786438836.574914,449.610,1980,3201,96.0,85.0,41.0
1786438836.584857,449.668,1980,3201,96.0,85.0,41.0
1786438836.594839,449.668,1980,3201,96.0,85.0,41.0
1786438836.604916,449.668,1980,3201,96.0,85.0,41.0
1786438836.614839,449.668,1980,3201,96.0,85.0,41.0
1786438836.624904,449.668,1980,3201,96.0,85.0,41.0
1786438836.634919,449.668,1980,3201,96.0,85.0,41.0
1786438836.644922,449.668,1980,3201,96.0,85.0,41.0
1786438836.654856,449.668,1980,3201,96.0,85.0,41.0
1786438836.664921,449.668,1980,3201,96.0,85.0,41.0
1786438836.674854,449.668,1980,3201,96.0,85.0,41.0
1786438836.684919,449.611,1980,3201,96.0,85.0,41.0
1786438836.694839,449.611,1980,3201,96.0,85.0,41.0
1786438836.704937,449.611,1980,3201,96.0,85.0,41.0
1786438836.714860,449.611,1980,3201,96.0,85.0,41.0
1786438836.724916,449.611,1980,3201,96.0,85.0,41.0
1786438836.734899,449.611,1980,3201,96.0,85.0,41.0
1786438836.744863,449.611,1980,3201,96.0,85.0,41.0
1786438836.754856,449.611,1980,3201,96.0,85.0,41.0
1786438836.764912,449.611,1980,3201,96.0,85.0,41.0
1786438836.774855,449.611,1980,3201,96.0,85.0,41.0
1786438836.784941,449.535,1980,3201,96.0,85.0,41.0
1786438836.794914,449.535,1980,3201,96.0,85.0,41.0
1786438836.804835,449.535,1980,3201,96.0,85.0,41.0
1786438836.814835,449.535,1980,3201,96.0,85.0,41.0
1786438836.824834,449.535,1980,3201,96.0,85.0,41.0
1786438836.834837,449.535,1980,3201,96.0,85.0,41.0
1786438836.844856,449.535,1980,3201,96.0,85.0,41.0
1786438836.854858,449.535,1980,3201,96.0,85.0,41.0
1786438836.864852,449.535,1980,3201,96.0,85.0,41.0
1786438836.874990,449.535,1980,3201,96.0,85.0,41.0
1786438836.884840,449.882,1980,3201,96.0,85.0,41.0
1786438836.894836,449.882,1980,3201,96.0,85.0,41.0
1786438836.904821,449.882,1980,3201,96.0,85.0,41.0
1786438836.914840,449.882,1980,3201,96.0,85.0,41.0
1786438836.924839,449.882,1980,3201,96.0,85.0,41.0
1786438836.934837,449.882,1980,3201,96.0,85.0,41.0
1786438836.944885,449.882,1980,3201,96.0,85.0,41.0
1786438836.954839,449.882,1980,3201,96.0,85.0,41.0
1786438836.964904,449.882,1980,3201,96.0,85.0,41.0
1786438836.974857,449.882,1980,3201,96.0,85.0,41.0
1786438836.984975,450.002,1980,3201,96.0,85.0,41.0
1786438836.994855,450.002,1980,3201,96.0,85.0,41.0
1786438837.004839,450.002,1980,3201,96.0,85.0,41.0
1786438837.014835,450.002,1980,3201,96.0,85.0,41.0
1786438837.024868,450.002,1980,3201,96.0,85.0,41.0
1786438837.034835,450.002,1980,3201,96.0,85.0,41.0
1786438837.044917,450.002,1980,3201,96.0,85.0,41.0
1786438837.054835,450.002,1980,3201,96.0,85.0,41.0
1786438837.064915,450.002,1980,3201,96.0,85.0,41.0
1786438837.074834,450.002,1980,3201,96.0,85.0,41.0
1786438837.084873,449.869,1980,3201,96.0,85.0,41.0
1786438837.094835,449.869,1980,3201,96.0,85.0,41.0
1786438837.104837,449.869,1980,3201,96.0,85.0,41.0
1786438837.114835,449.869,1980,3201,96.0,85.0,41.0
1786438837.124837,449.869,1980,3201,96.0,85.0,41.0
1786438837.134836,449.869,1980,3201,96.0,85.0,41.0
1786438837.144837,449.869,1980,3201,96.0,85.0,41.0
1786438837.154837,449.869,1980,3201,96.0,85.0,41.0
1786438837.164835,449.869,1980,3201,96.0,85.0,41.0
1786438837.174835,449.869,1980,3201,96.0,85.0,41.0
1786438837.184836,449.902,1980,3201,96.0,85.0,41.0
1786438837.194834,449.902,1980,3201,96.0,85.0,41.0
1786438837.204835,449.902,1980,3201,96.0,85.0,41.0
1786438837.214834,449.902,1980,3201,96.0,85.0,41.0
1786438837.224835,449.902,1980,3201,96.0,85.0,41.0
1786438837.234834,449.902,1980,3201,96.0,85.0,41.0
1786438837.244833,449.902,1980,3201,96.0,85.0,41.0
1786438837.254835,449.902,1980,3201,96.0,85.0,41.0
1786438837.264835,449.902,1980,3201,96.0,85.0,41.0
1786438837.274832,449.902,1980,3201,96.0,85.0,41.0
1786438837.284831,450.008,1980,3201,96.0,85.0,41.0
1786438837.294972,450.008,1980,3201,96.0,85.0,41.0
1786438837.304835,450.008,1980,3201,96.0,85.0,41.0
1786438837.314834,450.008,1980,3201,96.0,85.0,41.0
1786438837.324835,450.008,1980,3201,96.0,85.0,41.0
1786438837.334834,450.008,1980,3201,96.0,85.0,41.0
1786438837.344835,450.008,1980,3201,96.0,85.0,41.0
1786438837.354835,450.008,1980,3201,96.0,85.0,41.0
1786438837.364835,450.008,1980,3201,96.0,85.0,41.0
1786438837.374835,450.008,1980,3201,96.0,85.0,41.0
1786438837.384835,450.212,1980,3201,96.0,85.0,41.0
1786438837.394835,450.212,1980,3201,96.0,85.0,41.0
1786438837.404835,450.212,1980,3201,96.0,85.0,41.0
1786438837.414865,450.212,1980,3201,96.0,85.0,41.0
1786438837.424929,450.212,1980,3201,96.0,85.0,41.0
1786438837.434834,450.212,1980,3201,96.0,85.0,41.0
1786438837.444839,450.212,1980,3201,96.0,85.0,41.0
1786438837.454868,450.212,1980,3201,96.0,85.0,41.0
1786438837.464923,450.212,1980,3201,96.0,85.0,41.0
1786438837.474856,450.212,1980,3201,96.0,85.0,41.0
1786438837.484921,450.430,1980,3201,96.0,85.0,41.0
1786438837.494874,450.430,1980,3201,96.0,85.0,41.0
1786438837.504858,450.430,1980,3201,96.0,85.0,41.0
1786438837.514924,450.430,1980,3201,96.0,85.0,41.0
1786438837.524919,450.430,1980,3201,96.0,85.0,41.0
1786438837.534924,450.430,1980,3201,96.0,85.0,41.0
1786438837.544834,450.430,1980,3201,96.0,85.0,41.0
1786438837.554860,450.430,1980,3201,96.0,85.0,41.0
1786438837.564914,450.430,1980,3201,96.0,85.0,41.0
1786438837.574857,450.430,1980,3201,96.0,85.0,41.0
1786438837.584882,450.482,1980,3201,96.0,85.0,41.0
1786438837.594927,450.482,1980,3201,96.0,85.0,41.0
1786438837.604860,450.482,1980,3201,96.0,85.0,41.0
1786438837.614864,450.482,1980,3201,96.0,85.0,41.0
1786438837.624840,450.482,1980,3201,96.0,85.0,41.0
1786438837.634862,450.482,1980,3201,96.0,85.0,41.0
1786438837.644917,450.482,1980,3201,96.0,85.0,41.0
1786438837.654860,450.482,1980,3201,96.0,85.0,41.0
1786438837.664906,450.482,1980,3201,96.0,85.0,41.0
1786438837.674859,450.482,1980,3201,96.0,85.0,41.0
1786438837.684862,450.176,1980,3201,96.0,85.0,41.0
1786438837.694856,450.176,1980,3201,96.0,85.0,41.0
1786438837.704922,450.176,1980,3201,96.0,85.0,41.0
1786438837.714916,450.176,1980,3201,96.0,85.0,41.0
1786438837.724859,450.176,1980,3201,96.0,85.0,41.0
1786438837.734914,450.176,1980,3201,96.0,85.0,41.0
1786438837.744867,450.176,1980,3201,96.0,85.0,41.0
1786438837.754923,450.176,1980,3201,96.0,85.0,41.0
1786438837.764855,450.176,1980,3201,96.0,85.0,41.0
1786438837.774860,450.176,1980,3201,96.0,85.0,41.0
1786438837.784839,449.888,1980,3201,96.0,85.0,41.0
1786438837.794878,449.888,1980,3201,96.0,85.0,41.0
1786438837.804852,449.888,1980,3201,96.0,85.0,41.0
1786438837.814856,449.888,1980,3201,96.0,85.0,41.0
1786438837.824922,449.888,1980,3201,96.0,85.0,41.0
1786438837.834916,449.888,1980,3201,96.0,85.0,41.0
1786438837.844839,449.888,1980,3201,96.0,85.0,41.0
1786438837.854863,449.888,1980,3201,96.0,85.0,41.0
1786438837.864980,449.888,1980,3201,96.0,85.0,41.0
1786438837.874861,449.888,1980,3201,96.0,85.0,41.0
1786438837.884865,449.150,1980,3201,96.0,85.0,41.0
1786438837.894920,449.150,1980,3201,96.0,85.0,41.0
1786438837.904925,449.150,1980,3201,96.0,85.0,41.0
1786438837.914857,449.150,1980,3201,96.0,85.0,41.0
1786438837.924923,449.150,1980,3201,96.0,85.0,41.0
1786438837.934917,449.150,1980,3201,96.0,85.0,41.0
1786438837.944911,449.150,1980,3201,96.0,85.0,41.0
1786438837.954864,449.150,1980,3201,96.0,85.0,41.0
1786438837.964920,449.150,1980,3201,96.0,85.0,41.0
1786438837.974863,449.150,1980,3201,96.0,85.0,41.0
1786438837.984897,449.246,1980,3201,96.0,85.0,41.0
1786438837.994860,449.246,1980,3201,96.0,85.0,41.0
1786438838.004916,449.246,1980,3201,96.0,85.0,41.0
1786438838.014920,449.246,1980,3201,96.0,85.0,41.0
1786438838.024853,449.246,1980,3201,96.0,85.0,41.0
1786438838.034918,449.246,1980,3201,96.0,85.0,41.0
1786438838.044839,449.246,1980,3201,96.0,85.0,41.0
1786438838.054837,449.246,1980,3201,96.0,85.0,41.0
1786438838.064839,449.246,1980,3201,96.0,85.0,41.0
1786438838.074837,449.246,1980,3201,96.0,85.0,41.0
1786438838.084838,449.055,1980,3201,96.0,85.0,42.0
1786438838.094834,449.055,1980,3201,96.0,85.0,42.0
1786438838.104835,449.055,1980,3201,96.0,85.0,42.0
1786438838.114835,449.055,1980,3201,96.0,85.0,42.0
1786438838.124835,449.055,1980,3201,96.0,85.0,42.0
1786438838.134835,449.055,1980,3201,96.0,85.0,42.0
1786438838.144834,449.055,1980,3201,96.0,85.0,42.0
1786438838.154835,449.055,1980,3201,96.0,85.0,42.0
1786438838.164836,449.055,1980,3201,96.0,85.0,42.0
1786438838.174835,449.055,1980,3201,96.0,85.0,42.0
1786438838.184835,448.787,1980,3201,96.0,85.0,41.0
1786438838.194835,448.787,1980,3201,96.0,85.0,41.0
1786438838.204835,448.787,1980,3201,96.0,85.0,41.0
1786438838.214835,448.787,1980,3201,96.0,85.0,41.0
1786438838.224913,448.787,1980,3201,96.0,85.0,41.0
1786438838.234838,448.787,1980,3201,96.0,85.0,41.0
1786438838.244834,448.787,1980,3201,96.0,85.0,41.0
1786438838.254839,448.787,1980,3201,96.0,85.0,41.0
1786438838.264860,448.787,1980,3201,96.0,85.0,41.0
1786438838.274916,448.787,1980,3201,96.0,85.0,41.0
1786438838.284858,446.486,1980,3201,96.0,85.0,42.0
1786438838.294852,446.486,1980,3201,96.0,85.0,42.0
1786438838.304877,446.486,1980,3201,96.0,85.0,42.0
1786438838.314861,446.486,1980,3201,96.0,85.0,42.0
1786438838.324855,446.486,1980,3201,96.0,85.0,42.0
1786438838.334920,446.486,1980,3201,96.0,85.0,42.0
1786438838.344834,446.486,1980,3201,96.0,85.0,42.0
1786438838.354888,446.486,1980,3201,96.0,85.0,42.0
1786438838.364861,446.486,1980,3201,96.0,85.0,42.0
1786438838.374876,446.486,1980,3201,96.0,85.0,42.0
1786438838.384859,445.030,1980,3201,93.0,82.0,42.0
1786438838.394925,445.030,1980,3201,93.0,82.0,42.0
1786438838.404919,445.030,1980,3201,93.0,82.0,42.0
1786438838.414841,445.030,1980,3201,93.0,82.0,42.0
1786438838.424938,445.030,1980,3201,93.0,82.0,42.0
1786438838.434839,445.030,1980,3201,93.0,82.0,42.0
1786438838.444834,445.030,1980,3201,93.0,82.0,42.0
1786438838.454839,445.030,1980,3201,93.0,82.0,42.0
1786438838.464873,445.030,1980,3201,93.0,82.0,42.0
1786438838.474877,445.030,1980,3201,93.0,82.0,42.0
1786438838.484861,444.941,1980,3201,93.0,82.0,42.0
1786438838.494838,444.941,1980,3201,93.0,82.0,42.0
1786438838.504920,444.941,1980,3201,93.0,82.0,42.0
1786438838.514894,444.941,1980,3201,93.0,82.0,42.0
1786438838.524839,444.941,1980,3201,93.0,82.0,42.0
1786438838.535079,444.941,1980,3201,93.0,82.0,42.0
1786438838.544835,444.941,1980,3201,93.0,82.0,42.0
1786438838.554838,444.941,1980,3201,93.0,82.0,42.0
1786438838.564836,444.941,1980,3201,93.0,82.0,42.0
1786438838.574836,444.941,1980,3201,93.0,82.0,42.0
1786438838.584835,444.545,1980,3201,96.0,86.0,42.0
1786438838.594835,444.545,1980,3201,96.0,86.0,42.0
1786438838.604835,444.545,1980,3201,96.0,86.0,42.0
1786438838.614979,444.545,1980,3201,96.0,86.0,42.0
1786438838.624837,444.545,1980,3201,96.0,86.0,42.0
1786438838.634928,444.545,1980,3201,96.0,86.0,42.0
1786438838.644839,444.545,1980,3201,96.0,86.0,42.0
1786438838.654837,444.545,1980,3201,96.0,86.0,42.0
1786438838.664837,444.545,1980,3201,96.0,86.0,42.0
1786438838.674836,444.545,1980,3201,96.0,86.0,42.0
1786438838.684837,444.662,1980,3201,96.0,86.0,42.0
1786438838.694905,444.662,1980,3201,96.0,86.0,42.0
1786438838.704836,444.662,1980,3201,96.0,86.0,42.0
1786438838.714837,444.662,1980,3201,96.0,86.0,42.0
1786438838.724836,444.662,1980,3201,96.0,86.0,42.0
1786438838.734836,444.662,1980,3201,96.0,86.0,42.0
1786438838.744836,444.662,1980,3201,96.0,86.0,42.0
1786438838.754836,444.662,1980,3201,96.0,86.0,42.0
1786438838.764839,444.662,1980,3201,96.0,86.0,42.0
1786438838.774836,444.662,1980,3201,96.0,86.0,42.0
1786438838.784836,444.718,1980,3201,96.0,85.0,42.0
1786438838.794837,444.718,1980,3201,96.0,85.0,42.0
1786438838.804836,444.718,1980,3201,96.0,85.0,42.0
1786438838.814836,444.718,1980,3201,96.0,85.0,42.0
1786438838.824836,444.718,1980,3201,96.0,85.0,42.0
1786438838.834832,444.718,1980,3201,96.0,85.0,42.0
1786438838.844833,444.718,1980,3201,96.0,85.0,42.0
1786438838.854834,444.718,1980,3201,96.0,85.0,42.0
1786438838.864838,444.718,1980,3201,96.0,85.0,42.0
1786438838.874839,444.718,1980,3201,96.0,85.0,42.0
1786438838.884838,445.396,1980,3201,96.0,85.0,42.0
1786438838.894837,445.396,1980,3201,96.0,85.0,42.0
1786438838.904837,445.396,1980,3201,96.0,85.0,42.0
1786438838.914837,445.396,1980,3201,96.0,85.0,42.0
1786438838.924838,445.396,1980,3201,96.0,85.0,42.0
1786438838.934839,445.396,1980,3201,96.0,85.0,42.0
1786438838.944838,445.396,1980,3201,96.0,85.0,42.0
1786438838.954839,445.396,1980,3201,96.0,85.0,42.0
1786438838.964838,445.396,1980,3201,96.0,85.0,42.0
1786438838.974838,445.396,1980,3201,96.0,85.0,42.0
1786438838.984838,444.847,1980,3201,96.0,85.0,42.0
1786438838.994834,444.847,1980,3201,96.0,85.0,42.0
1786438839.004838,444.847,1980,3201,96.0,85.0,42.0
1786438839.014839,444.847,1980,3201,96.0,85.0,42.0
1786438839.024839,444.847,1980,3201,96.0,85.0,42.0
1786438839.034838,444.847,1980,3201,96.0,85.0,42.0
1786438839.044838,444.847,1980,3201,96.0,85.0,42.0
1786438839.054838,444.847,1980,3201,96.0,85.0,42.0
1786438839.064837,444.847,1980,3201,96.0,85.0,42.0
1786438839.074868,444.847,1980,3201,96.0,85.0,42.0
1786438839.084838,445.068,1980,3201,96.0,85.0,42.0
1786438839.094838,445.068,1980,3201,96.0,85.0,42.0
1786438839.104839,445.068,1980,3201,96.0,85.0,42.0
1786438839.114838,445.068,1980,3201,96.0,85.0,42.0
1786438839.124839,445.068,1980,3201,96.0,85.0,42.0
1786438839.134839,445.068,1980,3201,96.0,85.0,42.0
1786438839.144839,445.068,1980,3201,96.0,85.0,42.0
1786438839.154838,445.068,1980,3201,96.0,85.0,42.0
1786438839.164838,445.068,1980,3201,96.0,85.0,42.0
1786438839.174839,445.068,1980,3201,96.0,85.0,42.0
1786438839.184838,445.127,1980,3201,97.0,86.0,42.0
1786438839.194839,445.127,1980,3201,97.0,86.0,42.0
1786438839.204839,445.127,1980,3201,97.0,86.0,42.0
1786438839.214839,445.127,1980,3201,97.0,86.0,42.0
1786438839.224838,445.127,1980,3201,97.0,86.0,42.0
1786438839.234839,445.127,1980,3201,97.0,86.0,42.0
1786438839.244839,445.127,1980,3201,97.0,86.0,42.0
1786438839.254837,445.127,1980,3201,97.0,86.0,42.0
1786438839.264838,445.127,1980,3201,97.0,86.0,42.0
1786438839.274839,445.127,1980,3201,97.0,86.0,42.0
1786438839.284838,447.567,1980,3201,97.0,86.0,42.0
1786438839.294838,447.567,1980,3201,97.0,86.0,42.0
1786438839.304837,447.567,1980,3201,97.0,86.0,42.0
1786438839.314837,447.567,1980,3201,97.0,86.0,42.0
1786438839.324839,447.567,1980,3201,97.0,86.0,42.0
1786438839.334838,447.567,1980,3201,97.0,86.0,42.0
1786438839.344838,447.567,1980,3201,97.0,86.0,42.0
1786438839.354874,447.567,1980,3201,97.0,86.0,42.0
1786438839.364837,447.567,1980,3201,97.0,86.0,42.0
1786438839.374837,447.567,1980,3201,97.0,86.0,42.0
1786438839.384838,449.081,1980,3201,96.0,86.0,42.0
1786438839.394839,449.081,1980,3201,96.0,86.0,42.0
1786438839.404840,449.081,1980,3201,96.0,86.0,42.0
1786438839.414838,449.081,1980,3201,96.0,86.0,42.0
1786438839.424842,449.081,1980,3201,96.0,86.0,42.0
1786438839.434838,449.081,1980,3201,96.0,86.0,42.0
1786438839.444839,449.081,1980,3201,96.0,86.0,42.0
1786438839.454837,449.081,1980,3201,96.0,86.0,42.0
1786438839.464838,449.081,1980,3201,96.0,86.0,42.0
1786438839.474838,449.081,1980,3201,96.0,86.0,42.0
1786438839.484839,449.318,1980,3201,96.0,86.0,42.0
1786438839.494837,449.318,1980,3201,96.0,86.0,42.0
1786438839.504838,449.318,1980,3201,96.0,86.0,42.0
1786438839.514839,449.318,1980,3201,96.0,86.0,42.0
1786438839.524839,449.318,1980,3201,96.0,86.0,42.0
1786438839.534840,449.318,1980,3201,96.0,86.0,42.0
1786438839.544838,449.318,1980,3201,96.0,86.0,42.0
1786438839.554836,449.318,1980,3201,96.0,86.0,42.0
1786438839.564841,449.318,1980,3201,96.0,86.0,42.0
1786438839.574837,449.318,1980,3201,96.0,86.0,42.0
1786438839.584837,448.971,1980,3201,96.0,85.0,42.0
1786438839.594841,448.971,1980,3201,96.0,85.0,42.0
1786438839.604835,448.971,1980,3201,96.0,85.0,42.0
1786438839.614841,448.971,1980,3201,96.0,85.0,42.0
1786438839.624839,448.971,1980,3201,96.0,85.0,42.0
1786438839.634837,448.971,1980,3201,96.0,85.0,42.0
1786438839.644837,448.971,1980,3201,96.0,85.0,42.0
1786438839.654839,448.971,1980,3201,96.0,85.0,42.0
1786438839.664838,448.971,1980,3201,96.0,85.0,42.0
1786438839.674837,448.971,1980,3201,96.0,85.0,42.0
1786438839.684837,448.643,1980,3201,96.0,85.0,42.0
1786438839.694838,448.643,1980,3201,96.0,85.0,42.0
1786438839.704838,448.643,1980,3201,96.0,85.0,42.0
1786438839.714838,448.643,1980,3201,96.0,85.0,42.0
1786438839.724838,448.643,1980,3201,96.0,85.0,42.0
1786438839.734838,448.643,1980,3201,96.0,85.0,42.0
1786438839.744838,448.643,1980,3201,96.0,85.0,42.0
1786438839.754838,448.643,1980,3201,96.0,85.0,42.0
1786438839.764837,448.643,1980,3201,96.0,85.0,42.0
1786438839.774838,448.643,1980,3201,96.0,85.0,42.0
1786438839.784837,449.306,1980,3201,96.0,85.0,42.0
1786438839.794837,449.306,1980,3201,96.0,85.0,42.0
1786438839.804839,449.306,1980,3201,96.0,85.0,42.0
1786438839.814837,449.306,1980,3201,96.0,85.0,42.0
1786438839.824837,449.306,1980,3201,96.0,85.0,42.0
1786438839.834839,449.306,1980,3201,96.0,85.0,42.0
1786438839.844838,449.306,1980,3201,96.0,85.0,42.0
1786438839.854837,449.306,1980,3201,96.0,85.0,42.0
1786438839.864837,449.306,1980,3201,96.0,85.0,42.0
1786438839.874837,449.306,1980,3201,96.0,85.0,42.0
1786438839.884838,449.524,1980,3201,96.0,85.0,42.0
1786438839.894837,449.524,1980,3201,96.0,85.0,42.0
1786438839.904837,449.524,1980,3201,96.0,85.0,42.0
1786438839.914837,449.524,1980,3201,96.0,85.0,42.0
1786438839.924836,449.524,1980,3201,96.0,85.0,42.0
1786438839.934837,449.524,1980,3201,96.0,85.0,42.0
1786438839.944838,449.524,1980,3201,96.0,85.0,42.0
1786438839.954837,449.524,1980,3201,96.0,85.0,42.0
1786438839.964837,449.524,1980,3201,96.0,85.0,42.0
1786438839.974838,449.524,1980,3201,96.0,85.0,42.0
1786438839.984840,449.941,1980,3201,96.0,85.0,42.0
1786438839.994838,449.941,1980,3201,96.0,85.0,42.0
1786438840.004839,449.941,1980,3201,96.0,85.0,42.0
1786438840.014837,449.941,1980,3201,96.0,85.0,42.0
1786438840.024841,449.941,1980,3201,96.0,85.0,42.0
1786438840.034838,449.941,1980,3201,96.0,85.0,42.0
1786438840.044835,449.941,1980,3201,96.0,85.0,42.0
1786438840.054841,449.941,1980,3201,96.0,85.0,42.0
1786438840.064835,449.941,1980,3201,96.0,85.0,42.0
1786438840.074836,449.941,1980,3201,96.0,85.0,42.0
1786438840.084836,449.860,1980,3201,96.0,85.0,42.0
1786438840.094837,449.860,1980,3201,96.0,85.0,42.0
1786438840.104837,449.860,1980,3201,96.0,85.0,42.0
1786438840.114836,449.860,1980,3201,96.0,85.0,42.0
1786438840.124835,449.860,1980,3201,96.0,85.0,42.0
1786438840.134835,449.860,1980,3201,96.0,85.0,42.0
1786438840.144835,449.860,1980,3201,96.0,85.0,42.0
1786438840.154839,449.860,1980,3201,96.0,85.0,42.0
1786438840.164848,449.860,1980,3201,96.0,85.0,42.0
1786438840.174836,449.860,1980,3201,96.0,85.0,42.0
1786438840.184836,450.390,1980,3201,96.0,85.0,42.0
1786438840.194835,450.390,1980,3201,96.0,85.0,42.0
1786438840.204835,450.390,1980,3201,96.0,85.0,42.0
1786438840.214835,450.390,1980,3201,96.0,85.0,42.0
1786438840.224841,450.390,1980,3201,96.0,85.0,42.0
1786438840.234837,450.390,1980,3201,96.0,85.0,42.0
1786438840.244837,450.390,1980,3201,96.0,85.0,42.0
1786438840.254835,450.390,1980,3201,96.0,85.0,42.0
1786438840.264835,450.390,1980,3201,96.0,85.0,42.0
1786438840.274835,450.390,1980,3201,96.0,85.0,42.0
1786438840.284842,449.591,1980,3201,96.0,85.0,42.0
1786438840.294836,449.591,1980,3201,96.0,85.0,42.0
1786438840.304835,449.591,1980,3201,96.0,85.0,42.0
1786438840.314836,449.591,1980,3201,96.0,85.0,42.0
1786438840.324836,449.591,1980,3201,96.0,85.0,42.0
1786438840.334835,449.591,1980,3201,96.0,85.0,42.0
1786438840.344834,449.591,1980,3201,96.0,85.0,42.0
1786438840.354832,449.591,1980,3201,96.0,85.0,42.0
1786438840.364834,449.591,1980,3201,96.0,85.0,42.0
1786438840.374837,449.591,1980,3201,96.0,85.0,42.0
1786438840.384838,448.986,1980,3201,96.0,85.0,42.0
1786438840.394836,448.986,1980,3201,96.0,85.0,42.0
1786438840.404838,448.986,1980,3201,96.0,85.0,42.0
1786438840.414838,448.986,1980,3201,96.0,85.0,42.0
1786438840.424839,448.986,1980,3201,96.0,85.0,42.0
1786438840.434838,448.986,1980,3201,96.0,85.0,42.0
1786438840.444842,448.986,1980,3201,96.0,85.0,42.0
1786438840.454838,448.986,1980,3201,96.0,85.0,42.0
1786438840.464862,448.986,1980,3201,96.0,85.0,42.0
1786438840.474838,448.986,1980,3201,96.0,85.0,42.0
1786438840.484838,449.336,1980,3201,96.0,85.0,41.0
1786438840.494839,449.336,1980,3201,96.0,85.0,42.0
1786438840.504838,449.336,1980,3201,96.0,85.0,42.0
1786438840.514838,449.336,1980,3201,96.0,85.0,42.0
1786438840.524838,449.336,1980,3201,96.0,85.0,42.0
1786438840.534837,449.336,1980,3201,96.0,85.0,42.0
1786438840.544837,449.336,1980,3201,96.0,85.0,42.0
1786438840.554838,449.336,1980,3201,96.0,85.0,42.0
1786438840.564837,449.336,1980,3201,96.0,85.0,42.0
1786438840.574839,449.336,1980,3201,96.0,85.0,42.0
1786438840.584841,450.195,1980,3201,96.0,85.0,42.0
1786438840.594837,450.195,1980,3201,96.0,85.0,42.0
1786438840.604837,450.195,1980,3201,96.0,85.0,42.0
1786438840.614839,450.195,1980,3201,96.0,85.0,42.0
1786438840.624839,450.195,1980,3201,96.0,85.0,42.0
1786438840.634837,450.195,1980,3201,96.0,85.0,42.0
1786438840.644836,450.195,1980,3201,96.0,85.0,42.0
1786438840.654838,450.195,1980,3201,96.0,85.0,42.0
1786438840.664838,450.195,1980,3201,96.0,85.0,42.0
1786438840.674837,450.195,1980,3201,96.0,85.0,42.0
1786438840.684837,450.707,1980,3201,96.0,85.0,42.0
1786438840.694838,450.707,1980,3201,96.0,85.0,42.0
1786438840.704837,450.707,1980,3201,96.0,85.0,42.0
1786438840.714837,450.707,1980,3201,96.0,85.0,42.0
1786438840.724837,450.707,1980,3201,96.0,85.0,42.0
1786438840.734837,450.707,1980,3201,96.0,85.0,42.0
1786438840.744839,450.707,1980,3201,96.0,85.0,42.0
1786438840.754838,450.707,1980,3201,96.0,85.0,42.0
1786438840.764838,450.707,1980,3201,96.0,85.0,42.0
1786438840.774839,450.707,1980,3201,96.0,85.0,42.0
1786438840.784838,450.396,1980,3201,96.0,85.0,42.0
1786438840.794838,450.396,1980,3201,96.0,85.0,42.0
1786438840.804838,450.396,1980,3201,96.0,85.0,42.0
1786438840.814839,450.396,1980,3201,96.0,85.0,42.0
1786438840.824838,450.396,1980,3201,96.0,85.0,42.0
1786438840.834837,450.396,1980,3201,96.0,85.0,42.0
1786438840.844834,450.396,1980,3201,96.0,85.0,42.0
1786438840.854837,450.396,1980,3201,96.0,85.0,42.0
1786438840.864837,450.396,1980,3201,96.0,85.0,42.0
1786438840.874838,450.396,1980,3201,96.0,85.0,42.0
1786438840.884838,449.883,1980,3201,96.0,85.0,42.0
1786438840.894838,449.883,1980,3201,96.0,85.0,42.0
1786438840.904838,449.883,1980,3201,96.0,85.0,42.0
1786438840.914838,449.883,1980,3201,96.0,85.0,42.0
1786438840.924842,449.883,1980,3201,96.0,85.0,42.0
1786438840.934840,449.883,1980,3201,96.0,85.0,42.0
1786438840.944839,449.883,1980,3201,96.0,85.0,42.0
1786438840.954839,449.883,1980,3201,96.0,85.0,42.0
1786438840.964837,449.883,1980,3201,96.0,85.0,42.0
1786438840.974838,449.883,1980,3201,96.0,85.0,42.0
1786438840.984838,450.155,1980,3201,96.0,85.0,42.0
1786438840.994837,450.155,1980,3201,96.0,85.0,42.0
1786438841.004838,450.155,1980,3201,96.0,85.0,42.0
1786438841.014839,450.155,1980,3201,96.0,85.0,42.0
1786438841.024839,450.155,1980,3201,96.0,85.0,42.0
1786438841.034838,450.155,1980,3201,96.0,85.0,42.0
1786438841.044838,450.155,1980,3201,96.0,85.0,42.0
1786438841.054838,450.155,1980,3201,96.0,85.0,42.0
1786438841.064837,450.155,1980,3201,96.0,85.0,42.0
1786438841.074841,450.155,1980,3201,96.0,85.0,42.0
1786438841.084838,449.932,1980,3201,96.0,85.0,42.0
1786438841.094839,449.932,1980,3201,96.0,85.0,42.0
1786438841.104838,449.932,1980,3201,96.0,85.0,42.0
1786438841.114837,449.932,1980,3201,96.0,85.0,42.0
1786438841.124837,449.932,1980,3201,96.0,85.0,42.0
1786438841.134837,449.932,1980,3201,96.0,85.0,42.0
1786438841.144838,449.932,1980,3201,96.0,85.0,42.0
1786438841.154840,449.932,1980,3201,96.0,85.0,42.0
1786438841.164838,449.932,1980,3201,96.0,85.0,42.0
1786438841.174838,449.932,1980,3201,96.0,85.0,42.0
1786438841.184838,449.835,1980,3201,96.0,85.0,42.0
1786438841.194838,449.835,1980,3201,96.0,85.0,42.0
1786438841.204838,449.835,1980,3201,96.0,85.0,42.0
1786438841.214839,449.835,1980,3201,96.0,85.0,42.0
1786438841.224838,449.835,1980,3201,96.0,85.0,42.0
1786438841.234838,449.835,1980,3201,96.0,85.0,42.0
1786438841.244838,449.835,1980,3201,96.0,85.0,42.0
1786438841.254837,449.835,1980,3201,96.0,85.0,42.0
1786438841.264837,449.835,1980,3201,96.0,85.0,42.0
1786438841.274841,449.835,1980,3201,96.0,85.0,42.0
1786438841.284839,449.949,1980,3201,96.0,85.0,42.0
1786438841.294838,449.949,1980,3201,96.0,85.0,42.0
1786438841.304837,449.949,1980,3201,96.0,85.0,42.0
1786438841.314864,449.949,1980,3201,96.0,85.0,42.0
1786438841.324842,449.949,1980,3201,96.0,85.0,42.0
1786438841.334839,449.949,1980,3201,96.0,85.0,42.0
1786438841.344838,449.949,1980,3201,96.0,85.0,42.0
1786438841.354837,449.949,1980,3201,96.0,85.0,42.0
1786438841.364838,449.949,1980,3201,96.0,85.0,42.0
1786438841.374841,449.949,1980,3201,96.0,85.0,42.0
1786438841.384835,449.949,1980,3201,96.0,85.0,42.0
1786438841.394838,451.090,1980,3201,96.0,85.0,42.0
1786438841.404838,451.090,1980,3201,96.0,85.0,42.0
1786438841.414838,451.090,1980,3201,96.0,85.0,42.0
1786438841.424839,451.090,1980,3201,96.0,85.0,42.0
1786438841.434840,451.090,1980,3201,96.0,85.0,42.0
1786438841.444838,451.090,1980,3201,96.0,85.0,42.0
1786438841.454836,451.090,1980,3201,96.0,85.0,42.0
1786438841.464837,451.090,1980,3201,96.0,85.0,42.0
1786438841.474837,451.090,1980,3201,96.0,85.0,42.0
1786438841.484838,451.090,1980,3201,96.0,85.0,42.0
1786438841.494841,450.708,1980,3201,96.0,85.0,42.0
1786438841.504838,450.708,1980,3201,96.0,85.0,42.0
1786438841.514838,450.708,1980,3201,96.0,85.0,42.0
1786438841.524838,450.708,1980,3201,96.0,85.0,42.0
1786438841.534837,450.708,1980,3201,96.0,85.0,42.0
1786438841.544840,450.708,1980,3201,96.0,85.0,42.0
1786438841.554838,450.708,1980,3201,96.0,85.0,42.0
1786438841.564836,450.708,1980,3201,96.0,85.0,42.0
1786438841.574836,450.708,1980,3201,96.0,85.0,42.0
1786438841.584835,450.708,1980,3201,96.0,85.0,42.0
1786438841.594835,450.481,1980,3201,96.0,85.0,42.0
1786438841.604841,450.481,1980,3201,96.0,85.0,42.0
1786438841.614836,450.481,1980,3201,96.0,85.0,42.0
1786438841.624835,450.481,1980,3201,96.0,85.0,42.0
1786438841.634837,450.481,1980,3201,96.0,85.0,42.0
1786438841.644835,450.481,1980,3201,96.0,85.0,42.0
1786438841.654835,450.481,1980,3201,96.0,85.0,42.0
1786438841.664839,450.481,1980,3201,96.0,85.0,42.0
1786438841.674836,450.481,1980,3201,96.0,85.0,42.0
1786438841.684934,450.481,1980,3201,96.0,85.0,42.0
1786438841.694839,450.479,1980,3201,96.0,85.0,42.0
1786438841.704873,450.479,1980,3201,96.0,85.0,42.0
1786438841.714834,450.479,1980,3201,96.0,85.0,42.0
1786438841.724834,450.479,1980,3201,96.0,85.0,42.0
1786438841.734918,450.479,1980,3201,96.0,85.0,42.0
1786438841.744940,450.479,1980,3201,96.0,85.0,42.0
1786438841.754935,450.479,1980,3201,96.0,85.0,42.0
1786438841.764929,450.479,1980,3201,96.0,85.0,42.0
1786438841.774882,450.479,1980,3201,96.0,85.0,42.0
1786438841.784876,450.479,1980,3201,96.0,85.0,42.0
1786438841.794932,450.247,1980,3201,96.0,85.0,42.0
1786438841.804839,450.247,1980,3201,96.0,85.0,42.0
1786438841.814878,450.247,1980,3201,96.0,85.0,42.0
1786438841.824873,450.247,1980,3201,96.0,85.0,42.0
1786438841.834938,450.247,1980,3201,96.0,85.0,42.0
1786438841.844881,450.247,1980,3201,96.0,85.0,42.0
1786438841.854916,450.247,1980,3201,96.0,85.0,42.0
1786438841.864940,450.247,1980,3201,96.0,85.0,42.0
1786438841.874840,450.247,1980,3201,96.0,85.0,42.0
1786438841.884887,450.247,1980,3201,96.0,85.0,42.0
1786438841.894839,449.978,1980,3201,96.0,85.0,42.0
1786438841.904865,449.978,1980,3201,96.0,85.0,42.0
1786438841.914859,449.978,1980,3201,96.0,85.0,42.0
1786438841.924874,449.978,1980,3201,96.0,85.0,42.0
1786438841.934839,449.978,1980,3201,96.0,85.0,42.0
1786438841.944861,449.978,1980,3201,96.0,85.0,42.0
1786438841.954839,449.978,1980,3201,96.0,85.0,42.0
1786438841.964900,449.978,1980,3201,96.0,85.0,42.0
1786438841.974928,449.978,1980,3201,96.0,85.0,42.0
1786438841.984858,449.978,1980,3201,96.0,85.0,42.0
1786438841.994852,449.854,1980,3201,96.0,85.0,42.0
1786438842.004917,449.854,1980,3201,96.0,85.0,42.0
1786438842.014902,449.854,1980,3201,96.0,85.0,42.0
1786438842.024915,449.854,1980,3201,96.0,85.0,42.0
1786438842.034971,449.854,1980,3201,96.0,85.0,42.0
1786438842.044965,449.854,1980,3201,96.0,85.0,42.0
1786438842.054857,449.854,1980,3201,96.0,85.0,42.0
1786438842.064912,449.854,1980,3201,96.0,85.0,42.0
1786438842.074865,449.854,1980,3201,96.0,85.0,42.0
1786438842.084859,449.854,1980,3201,96.0,85.0,42.0
1786438842.094925,450.221,1980,3201,96.0,85.0,42.0
1786438842.104857,450.221,1980,3201,96.0,85.0,42.0
1786438842.114902,450.221,1980,3201,96.0,85.0,42.0
1786438842.124866,450.221,1980,3201,96.0,85.0,42.0
1786438842.134860,450.221,1980,3201,96.0,85.0,42.0
1786438842.144895,450.221,1980,3201,96.0,85.0,42.0
1786438842.154920,450.221,1980,3201,96.0,85.0,42.0
1786438842.164852,450.221,1980,3201,96.0,85.0,42.0
1786438842.174918,450.221,1980,3201,96.0,85.0,42.0
1786438842.184860,450.221,1980,3201,96.0,85.0,42.0
1786438842.194905,450.169,1980,3201,96.0,85.0,42.0
1786438842.204859,450.169,1980,3201,96.0,85.0,42.0
1786438842.214924,450.169,1980,3201,96.0,85.0,42.0
1786438842.224919,450.169,1980,3201,96.0,85.0,42.0
1786438842.234912,450.169,1980,3201,96.0,85.0,42.0
1786438842.244855,450.169,1980,3201,96.0,85.0,42.0
1786438842.254859,450.169,1980,3201,96.0,85.0,42.0
1786438842.264864,450.169,1980,3201,96.0,85.0,42.0
1786438842.274919,450.169,1980,3201,96.0,85.0,42.0
1786438842.284923,450.169,1980,3201,96.0,85.0,42.0
1786438842.294907,450.398,1980,3201,96.0,85.0,42.0
1786438842.304860,450.398,1980,3201,96.0,85.0,42.0
1786438842.314840,450.398,1980,3201,96.0,85.0,42.0
1786438842.324868,450.398,1980,3201,96.0,85.0,42.0
1786438842.334863,450.398,1980,3201,96.0,85.0,42.0
1786438842.344918,450.398,1980,3201,96.0,85.0,42.0
1786438842.354861,450.398,1980,3201,96.0,85.0,42.0
1786438842.364865,450.398,1980,3201,96.0,85.0,42.0
1786438842.374859,450.398,1980,3201,96.0,85.0,42.0
1786438842.384863,450.398,1980,3201,96.0,85.0,42.0
1786438842.394857,450.020,1980,3201,96.0,85.0,42.0
1786438842.404862,450.020,1980,3201,96.0,85.0,42.0
1786438842.414917,450.020,1980,3201,96.0,85.0,42.0
1786438842.424941,450.020,1980,3201,96.0,85.0,42.0
1786438842.434925,450.020,1980,3201,96.0,85.0,42.0
1786438842.444940,450.020,1980,3201,96.0,85.0,42.0
1786438842.454862,450.020,1980,3201,96.0,85.0,42.0
1786438842.464856,450.020,1980,3201,96.0,85.0,42.0
1786438842.474860,450.020,1980,3201,96.0,85.0,42.0
1786438842.484839,450.020,1980,3201,96.0,85.0,42.0
1786438842.494879,450.142,1980,3201,96.0,85.0,42.0
1786438842.504975,450.142,1980,3201,96.0,85.0,42.0
1786438842.514835,450.142,1980,3201,96.0,85.0,42.0
1786438842.524902,450.142,1980,3201,96.0,85.0,42.0
1786438842.534916,450.142,1980,3201,96.0,85.0,42.0
1786438842.544900,450.142,1980,3201,96.0,85.0,42.0
1786438842.554863,450.142,1980,3201,96.0,85.0,42.0
1786438842.564867,450.142,1980,3201,96.0,85.0,42.0
1786438842.574862,450.142,1980,3201,96.0,85.0,42.0
1786438842.584855,450.142,1980,3201,96.0,85.0,42.0
1786438842.594860,450.402,1980,3201,96.0,85.0,42.0
1786438842.604915,450.402,1980,3201,96.0,85.0,42.0
1786438842.614972,450.402,1980,3201,96.0,85.0,42.0
1786438842.624913,450.402,1980,3201,96.0,85.0,42.0
1786438842.634856,450.402,1980,3201,96.0,85.0,42.0
1786438842.644922,450.402,1980,3201,96.0,85.0,42.0
1786438842.654854,450.402,1980,3201,96.0,85.0,42.0
1786438842.664858,450.402,1980,3201,96.0,85.0,42.0
1786438842.674863,450.402,1980,3201,96.0,85.0,42.0
1786438842.684857,450.402,1980,3201,96.0,85.0,42.0
1786438842.694861,450.565,1980,3201,96.0,85.0,42.0
1786438842.704916,450.565,1980,3201,96.0,85.0,42.0
1786438842.714880,450.565,1980,3201,96.0,85.0,42.0
1786438842.724844,450.565,1980,3201,96.0,85.0,42.0
1786438842.734877,450.565,1980,3201,96.0,85.0,42.0
1786438842.744862,450.565,1980,3201,96.0,85.0,42.0
1786438842.754907,450.565,1980,3201,96.0,85.0,42.0
1786438842.764840,450.565,1980,3201,96.0,85.0,42.0
1786438842.774916,450.565,1980,3201,96.0,85.0,42.0
1786438842.784920,450.565,1980,3201,96.0,85.0,42.0
1786438842.794840,450.689,1980,3201,96.0,85.0,42.0
1786438842.804918,450.689,1980,3201,96.0,85.0,42.0
1786438842.814882,450.689,1980,3201,96.0,85.0,42.0
1786438842.824926,450.689,1980,3201,96.0,85.0,42.0
1786438842.834879,450.689,1980,3201,96.0,85.0,42.0
1786438842.844925,450.689,1980,3201,96.0,85.0,42.0
1786438842.854930,450.689,1980,3201,96.0,85.0,42.0
1786438842.864863,450.689,1980,3201,96.0,85.0,42.0
1786438842.874887,450.689,1980,3201,96.0,85.0,42.0
1786438842.884860,450.689,1980,3201,96.0,85.0,42.0
1786438842.894915,450.994,1980,3201,96.0,85.0,42.0
1786438842.904920,450.994,1980,3201,96.0,85.0,42.0
1786438842.914925,450.994,1980,3201,96.0,85.0,42.0
1786438842.924867,450.994,1980,3201,96.0,85.0,42.0
1786438842.934932,450.994,1980,3201,96.0,85.0,42.0
1786438842.944845,450.994,1980,3201,96.0,85.0,42.0
1786438842.954879,450.994,1980,3201,96.0,85.0,42.0
1786438842.964841,450.994,1980,3201,96.0,85.0,42.0
1786438842.974841,450.994,1980,3201,96.0,85.0,42.0
1786438842.984842,450.994,1980,3201,96.0,85.0,42.0
1786438842.994841,451.209,1980,3201,96.0,85.0,42.0
1786438843.004841,451.209,1980,3201,96.0,85.0,42.0
1786438843.014925,451.209,1980,3201,96.0,85.0,42.0
1786438843.024838,451.209,1980,3201,96.0,85.0,42.0
1786438843.034839,451.209,1980,3201,96.0,85.0,42.0
1786438843.044837,451.209,1980,3201,96.0,85.0,42.0
1786438843.054838,451.209,1980,3201,96.0,85.0,42.0
1786438843.064838,451.209,1980,3201,96.0,85.0,42.0
1786438843.074835,451.209,1980,3201,96.0,85.0,42.0
1786438843.084835,451.209,1980,3201,96.0,85.0,42.0
1786438843.094836,450.874,1980,3201,96.0,85.0,42.0
1786438843.104835,450.874,1980,3201,96.0,85.0,42.0
1786438843.114836,450.874,1980,3201,96.0,85.0,42.0
1786438843.124836,450.874,1980,3201,96.0,85.0,42.0
1786438843.134834,450.874,1980,3201,96.0,85.0,42.0
1786438843.144835,450.874,1980,3201,96.0,85.0,42.0
1786438843.154836,450.874,1980,3201,96.0,85.0,42.0
1786438843.164834,450.874,1980,3201,96.0,85.0,42.0
1786438843.174835,450.874,1980,3201,96.0,85.0,42.0
1786438843.184836,450.874,1980,3201,96.0,85.0,42.0
1786438843.194835,450.698,1980,3201,96.0,85.0,42.0
1786438843.204844,450.698,1980,3201,96.0,85.0,42.0
1786438843.214887,450.698,1980,3201,96.0,85.0,42.0
1786438843.224931,450.698,1980,3201,96.0,85.0,42.0
1786438843.234875,450.698,1980,3201,96.0,85.0,42.0
1786438843.244840,450.698,1980,3201,96.0,85.0,42.0
1786438843.254883,450.698,1980,3201,96.0,85.0,42.0
1786438843.264866,450.698,1980,3201,96.0,85.0,42.0
1786438843.274860,450.698,1980,3201,96.0,85.0,42.0
1786438843.284839,450.698,1980,3201,96.0,85.0,42.0
1786438843.294879,450.502,1980,3201,96.0,85.0,42.0
1786438843.304839,450.502,1980,3201,96.0,85.0,42.0
1786438843.314929,450.502,1980,3201,96.0,85.0,42.0
1786438843.324861,450.502,1980,3201,96.0,85.0,42.0
1786438843.334907,450.502,1980,3201,96.0,85.0,42.0
1786438843.344839,450.502,1980,3201,96.0,85.0,42.0
1786438843.354840,450.502,1980,3201,96.0,85.0,42.0
1786438843.364839,450.502,1980,3201,96.0,85.0,42.0
1786438843.374862,450.502,1980,3201,96.0,85.0,42.0
1786438843.384927,450.502,1980,3201,96.0,85.0,42.0
1786438843.394840,447.387,1980,3201,96.0,85.0,42.0
1786438843.404895,447.387,1980,3201,96.0,85.0,42.0
1786438843.414840,447.387,1980,3201,96.0,85.0,42.0
1786438843.424883,447.387,1980,3201,96.0,85.0,42.0
1786438843.434843,447.387,1980,3201,96.0,85.0,42.0
1786438843.444922,447.387,1980,3201,96.0,85.0,42.0
1786438843.454885,447.387,1980,3201,96.0,85.0,42.0
1786438843.464869,447.387,1980,3201,96.0,85.0,42.0
1786438843.474853,447.387,1980,3201,96.0,85.0,42.0
1786438843.484858,447.387,1980,3201,96.0,85.0,42.0
1786438843.494923,449.951,1980,3201,96.0,85.0,43.0
1786438843.504927,449.951,1980,3201,96.0,85.0,43.0
1786438843.514839,449.951,1980,3201,96.0,85.0,43.0
1786438843.524853,449.951,1980,3201,96.0,85.0,43.0
1786438843.534858,449.951,1980,3201,96.0,85.0,43.0
1786438843.545066,449.951,1980,3201,96.0,85.0,43.0
1786438843.554840,449.951,1980,3201,96.0,85.0,43.0
1786438843.564838,449.951,1980,3201,96.0,85.0,43.0
1786438843.574865,449.951,1980,3201,96.0,85.0,43.0
1786438843.585051,449.951,1980,3201,96.0,85.0,43.0
1786438843.594840,450.831,1980,3201,96.0,85.0,42.0
1786438843.605122,450.831,1980,3201,96.0,85.0,42.0
1786438843.614842,450.831,1980,3201,96.0,85.0,42.0
1786438843.625253,450.831,1980,3201,96.0,85.0,42.0
1786438843.634921,450.831,1980,3201,96.0,85.0,42.0
1786438843.644845,450.831,1980,3201,96.0,85.0,42.0
1786438843.654889,450.831,1980,3201,96.0,85.0,42.0
1786438843.664841,450.831,1980,3201,96.0,85.0,42.0
1786438843.674968,450.831,1980,3201,96.0,85.0,42.0
1786438843.684840,450.831,1980,3201,96.0,85.0,42.0
1786438843.694925,450.571,1980,3201,96.0,85.0,42.0
1786438843.704839,450.571,1980,3201,96.0,85.0,42.0
1786438843.714838,450.571,1980,3201,96.0,85.0,42.0
1786438843.724839,450.571,1980,3201,96.0,85.0,42.0
1786438843.734922,450.571,1980,3201,96.0,85.0,42.0
1786438843.744854,450.571,1980,3201,96.0,85.0,42.0
1786438843.754839,450.571,1980,3201,96.0,85.0,42.0
1786438843.764837,450.571,1980,3201,96.0,85.0,42.0
1786438843.774856,450.571,1980,3201,96.0,85.0,42.0
1786438843.784922,450.571,1980,3201,96.0,85.0,42.0
1786438843.794876,450.531,1980,3201,96.0,85.0,42.0
1786438843.804921,450.531,1980,3201,96.0,85.0,42.0
1786438843.814935,450.531,1980,3201,96.0,85.0,42.0
1786438843.824898,450.531,1980,3201,96.0,85.0,42.0
1786438843.834872,450.531,1980,3201,96.0,85.0,42.0
1786438843.844918,450.531,1980,3201,96.0,85.0,42.0
1786438843.854841,450.531,1980,3201,96.0,85.0,42.0
1786438843.864915,450.531,1980,3201,96.0,85.0,42.0
1786438843.874858,450.531,1980,3201,96.0,85.0,42.0
1786438843.884913,450.531,1980,3201,96.0,85.0,42.0
1786438843.894887,449.834,1980,3201,96.0,85.0,42.0
1786438843.904932,449.834,1980,3201,96.0,85.0,42.0
1786438843.914875,449.834,1980,3201,96.0,85.0,42.0
1786438843.924920,449.834,1980,3201,96.0,85.0,42.0
1786438843.934863,449.834,1980,3201,96.0,85.0,42.0
1786438843.944857,449.834,1980,3201,96.0,85.0,42.0
1786438843.954841,449.834,1980,3201,96.0,85.0,42.0
1786438843.964916,449.834,1980,3201,96.0,85.0,42.0
1786438843.974892,449.834,1980,3201,96.0,85.0,42.0
1786438843.984863,449.834,1980,3201,96.0,85.0,42.0
1786438843.994839,449.827,1980,3201,96.0,85.0,42.0
1786438844.004913,449.827,1980,3201,96.0,85.0,42.0
1786438844.014880,449.827,1980,3201,96.0,85.0,42.0
1786438844.024829,449.827,1980,3201,96.0,85.0,42.0
1786438844.034837,449.827,1980,3201,96.0,85.0,42.0
1786438844.044830,449.827,1980,3201,96.0,85.0,42.0
1786438844.054838,449.827,1980,3201,96.0,85.0,42.0
1786438844.064831,449.827,1980,3201,96.0,85.0,42.0
1786438844.074835,449.827,1980,3201,96.0,85.0,42.0
1786438844.084833,449.827,1980,3201,96.0,85.0,42.0
1786438844.094838,449.993,1980,3201,96.0,85.0,42.0
1786438844.104831,449.993,1980,3201,96.0,85.0,42.0
1786438844.114837,449.993,1980,3201,96.0,85.0,42.0
1786438844.124837,449.993,1980,3201,96.0,85.0,42.0
1786438844.134840,449.993,1980,3201,96.0,85.0,42.0
1786438844.144830,449.993,1980,3201,96.0,85.0,42.0
1786438844.154838,449.993,1980,3201,96.0,85.0,42.0
1786438844.164831,449.993,1980,3201,96.0,85.0,42.0
1786438844.174836,449.993,1980,3201,96.0,85.0,42.0
1786438844.184831,449.993,1980,3201,96.0,85.0,42.0
1786438844.194840,450.621,1980,3201,96.0,85.0,42.0
1786438844.204839,450.621,1980,3201,96.0,85.0,42.0
1786438844.214835,450.621,1980,3201,96.0,85.0,42.0
1786438844.224837,450.621,1980,3201,96.0,85.0,42.0
1786438844.234837,450.621,1980,3201,96.0,85.0,42.0
1786438844.244831,450.621,1980,3201,96.0,85.0,42.0
1786438844.254836,450.621,1980,3201,96.0,85.0,42.0
1786438844.264830,450.621,1980,3201,96.0,85.0,42.0
1786438844.274837,450.621,1980,3201,96.0,85.0,42.0
1786438844.284830,450.621,1980,3201,96.0,85.0,42.0
1786438844.294837,451.251,1980,3201,96.0,85.0,42.0
1786438844.304831,451.251,1980,3201,96.0,85.0,42.0
1786438844.314837,451.251,1980,3201,96.0,85.0,42.0
1786438844.324831,451.251,1980,3201,96.0,85.0,42.0
1786438844.334836,451.251,1980,3201,96.0,85.0,42.0
1786438844.344831,451.251,1980,3201,96.0,85.0,42.0
1786438844.354836,451.251,1980,3201,96.0,85.0,42.0
1786438844.364831,451.251,1980,3201,96.0,85.0,42.0
1786438844.374837,451.251,1980,3201,96.0,85.0,42.0
1786438844.384831,451.251,1980,3201,96.0,85.0,42.0
1786438844.394840,454.622,1980,3201,96.0,86.0,42.0
1786438844.404834,454.622,1980,3201,96.0,86.0,42.0
1786438844.414836,454.622,1980,3201,96.0,86.0,42.0
1786438844.424837,454.622,1980,3201,96.0,86.0,42.0
1786438844.434838,454.622,1980,3201,96.0,86.0,42.0
1786438844.444831,454.622,1980,3201,96.0,86.0,42.0
1786438844.454836,454.622,1980,3201,96.0,86.0,42.0
1786438844.464837,454.622,1980,3201,96.0,86.0,42.0
1786438844.474838,454.622,1980,3201,96.0,86.0,42.0
1786438844.484831,454.622,1980,3201,96.0,86.0,42.0
1786438844.494837,452.041,1980,3201,96.0,86.0,42.0
1786438844.504837,452.041,1980,3201,96.0,86.0,42.0
1786438844.514837,452.041,1980,3201,96.0,86.0,42.0
1786438844.524831,452.041,1980,3201,96.0,86.0,42.0
1786438844.534837,452.041,1980,3201,96.0,86.0,42.0
1786438844.544838,452.041,1980,3201,96.0,86.0,42.0
1786438844.554838,452.041,1980,3201,96.0,86.0,42.0
1786438844.564838,452.041,1980,3201,96.0,86.0,42.0
1786438844.574837,452.041,1980,3201,96.0,86.0,42.0
1786438844.584838,452.041,1980,3201,96.0,86.0,42.0
1786438844.594839,451.980,1980,3201,96.0,86.0,42.0
1786438844.604835,451.980,1980,3201,96.0,86.0,42.0
1786438844.614838,451.980,1980,3201,96.0,86.0,42.0
1786438844.624837,451.980,1980,3201,96.0,86.0,42.0
1786438844.634838,451.980,1980,3201,96.0,86.0,42.0
1786438844.644838,451.980,1980,3201,96.0,86.0,42.0
1786438844.654838,451.980,1980,3201,96.0,86.0,42.0
1786438844.664838,451.980,1980,3201,96.0,86.0,42.0
1786438844.674838,451.980,1980,3201,96.0,86.0,42.0
1786438844.684839,451.980,1980,3201,96.0,86.0,42.0
1786438844.694838,452.106,1980,3201,96.0,86.0,42.0
1786438844.704837,452.106,1980,3201,96.0,86.0,42.0
1786438844.714838,452.106,1980,3201,96.0,86.0,42.0
1786438844.724838,452.106,1980,3201,96.0,86.0,42.0
1786438844.734837,452.106,1980,3201,96.0,86.0,42.0
1786438844.744838,452.106,1980,3201,96.0,86.0,42.0
1786438844.754838,452.106,1980,3201,96.0,86.0,42.0
1786438844.764838,452.106,1980,3201,96.0,86.0,42.0
1786438844.774837,452.106,1980,3201,96.0,86.0,42.0
1786438844.784838,452.106,1980,3201,96.0,86.0,42.0
1786438844.794838,452.647,1980,3201,96.0,85.0,42.0
1786438844.804831,452.647,1980,3201,96.0,85.0,42.0
1786438844.814837,452.647,1980,3201,96.0,85.0,42.0
1786438844.824838,452.647,1980,3201,96.0,85.0,42.0
1786438844.834837,452.647,1980,3201,96.0,85.0,42.0
1786438844.844838,452.647,1980,3201,96.0,85.0,42.0
1786438844.854837,452.647,1980,3201,96.0,85.0,42.0
1786438844.864838,452.647,1980,3201,96.0,85.0,42.0
1786438844.874839,452.647,1980,3201,96.0,85.0,42.0
1786438844.884841,452.647,1980,3201,96.0,85.0,42.0
1786438844.894839,453.763,1980,3201,96.0,85.0,42.0
1786438844.904838,453.763,1980,3201,96.0,85.0,42.0
1786438844.914838,453.763,1980,3201,96.0,85.0,42.0
1786438844.924838,453.763,1980,3201,96.0,85.0,42.0
1786438844.934838,453.763,1980,3201,96.0,85.0,42.0
1786438844.944839,453.763,1980,3201,96.0,85.0,42.0
1786438844.954837,453.763,1980,3201,96.0,85.0,42.0
1786438844.964838,453.763,1980,3201,96.0,85.0,42.0
1786438844.974837,453.763,1980,3201,96.0,85.0,42.0
1786438844.984838,453.763,1980,3201,96.0,85.0,42.0
1786438844.994838,454.869,1980,3201,96.0,85.0,42.0
1786438845.004838,454.869,1980,3201,96.0,85.0,42.0
1786438845.014832,454.869,1980,3201,96.0,85.0,42.0
1786438845.024838,454.869,1980,3201,96.0,85.0,42.0
1786438845.034838,454.869,1980,3201,96.0,85.0,42.0
1786438845.044838,454.869,1980,3201,96.0,85.0,42.0
1786438845.054838,454.869,1980,3201,96.0,85.0,42.0
1786438845.064837,454.869,1980,3201,96.0,85.0,42.0
1786438845.074838,454.869,1980,3201,96.0,85.0,42.0
1786438845.084838,454.869,1980,3201,96.0,85.0,42.0
1786438845.094838,455.893,1980,3201,96.0,85.0,42.0
1786438845.104838,455.893,1980,3201,96.0,85.0,42.0
1786438845.114837,455.893,1980,3201,96.0,85.0,42.0
1786438845.124837,455.893,1980,3201,96.0,85.0,42.0
1786438845.134838,455.893,1980,3201,96.0,85.0,42.0
1786438845.144837,455.893,1980,3201,96.0,85.0,42.0
1786438845.154837,455.893,1980,3201,96.0,85.0,42.0
1786438845.164838,455.893,1980,3201,96.0,85.0,42.0
1786438845.174837,455.893,1980,3201,96.0,85.0,42.0
1786438845.184838,455.893,1980,3201,96.0,85.0,42.0
1786438845.194839,456.185,1980,3201,96.0,85.0,42.0
1786438845.204837,456.185,1980,3201,96.0,85.0,42.0
1786438845.214838,456.185,1980,3201,96.0,85.0,42.0
1786438845.224840,456.185,1980,3201,96.0,85.0,42.0
1786438845.234839,456.185,1980,3201,96.0,85.0,42.0
1786438845.244839,456.185,1980,3201,96.0,85.0,42.0
1786438845.254838,456.185,1980,3201,96.0,85.0,42.0
1786438845.264838,456.185,1980,3201,96.0,85.0,42.0
1786438845.274838,456.185,1980,3201,96.0,85.0,42.0
1786438845.284838,456.185,1980,3201,96.0,85.0,42.0
1786438845.294839,455.965,1980,3201,96.0,85.0,42.0
1786438845.304838,455.965,1980,3201,96.0,85.0,42.0
1786438845.314837,455.965,1980,3201,96.0,85.0,42.0
1786438845.324837,455.965,1980,3201,96.0,85.0,42.0
1786438845.334838,455.965,1980,3201,96.0,85.0,42.0
1786438845.344839,455.965,1980,3201,96.0,85.0,42.0
1786438845.354837,455.965,1980,3201,96.0,85.0,42.0
1786438845.364837,455.965,1980,3201,96.0,85.0,42.0
1786438845.374837,455.965,1980,3201,96.0,85.0,42.0
1786438845.384837,455.965,1980,3201,96.0,85.0,42.0
1786438845.394839,456.469,1980,3201,96.0,85.0,42.0
1786438845.404838,456.469,1980,3201,96.0,85.0,42.0
1786438845.414837,456.469,1980,3201,96.0,85.0,42.0
1786438845.424837,456.469,1980,3201,96.0,85.0,42.0
1786438845.434839,456.469,1980,3201,96.0,85.0,42.0
1786438845.444838,456.469,1980,3201,96.0,85.0,42.0
1786438845.454837,456.469,1980,3201,96.0,85.0,42.0
1786438845.464838,456.469,1980,3201,96.0,85.0,42.0
1786438845.474838,456.469,1980,3201,96.0,85.0,42.0
1786438845.484838,456.469,1980,3201,96.0,85.0,42.0
1786438845.494837,456.817,1980,3201,96.0,85.0,42.0
1786438845.504839,456.817,1980,3201,96.0,85.0,42.0
1786438845.514838,456.817,1980,3201,96.0,85.0,42.0
1786438845.524838,456.817,1980,3201,96.0,85.0,42.0
1786438845.534837,456.817,1980,3201,96.0,85.0,42.0
1786438845.544839,456.817,1980,3201,96.0,85.0,42.0
1786438845.554838,456.817,1980,3201,96.0,85.0,42.0
1786438845.564837,456.817,1980,3201,96.0,85.0,42.0
1786438845.574838,456.817,1980,3201,96.0,85.0,42.0
1786438845.584837,456.817,1980,3201,96.0,85.0,42.0
1786438845.594862,457.446,1980,3201,96.0,85.0,42.0
1786438845.604838,457.446,1980,3201,96.0,85.0,42.0
1786438845.614837,457.446,1980,3201,96.0,85.0,42.0
1786438845.624838,457.446,1980,3201,96.0,85.0,42.0
1786438845.634838,457.446,1980,3201,96.0,85.0,42.0
1786438845.644838,457.446,1980,3201,96.0,85.0,42.0
1786438845.654838,457.446,1980,3201,96.0,85.0,42.0
1786438845.664838,457.446,1980,3201,96.0,85.0,42.0
1786438845.674838,457.446,1980,3201,96.0,85.0,42.0
1786438845.684837,457.446,1980,3201,96.0,85.0,42.0
1786438845.694838,458.065,1980,3201,96.0,85.0,42.0
1786438845.704836,458.065,1980,3201,96.0,85.0,42.0
1786438845.714839,458.065,1980,3201,96.0,85.0,42.0
1786438845.724838,458.065,1980,3201,96.0,85.0,42.0
1786438845.734838,458.065,1980,3201,96.0,85.0,42.0
1786438845.744838,458.065,1980,3201,96.0,85.0,42.0
1786438845.754838,458.065,1980,3201,96.0,85.0,42.0
1786438845.764837,458.065,1980,3201,96.0,85.0,42.0
1786438845.774838,458.065,1980,3201,96.0,85.0,42.0
1786438845.784838,458.065,1980,3201,96.0,85.0,42.0
1786438845.794838,458.831,1980,3201,96.0,85.0,42.0
1786438845.804838,458.831,1980,3201,96.0,85.0,42.0
1786438845.814836,458.831,1980,3201,96.0,85.0,42.0
1786438845.824838,458.831,1980,3201,96.0,85.0,42.0
1786438845.834837,458.831,1980,3201,96.0,85.0,42.0
1786438845.844835,458.831,1980,3201,96.0,85.0,42.0
1786438845.854838,458.831,1980,3201,96.0,85.0,42.0
1786438845.864839,458.831,1980,3201,96.0,85.0,42.0
1786438845.874839,458.831,1980,3201,96.0,85.0,42.0
1786438845.884837,458.831,1980,3201,96.0,85.0,42.0
1786438845.894838,458.508,1980,3201,96.0,85.0,42.0
1786438845.904837,458.508,1980,3201,96.0,85.0,42.0
1786438845.914836,458.508,1980,3201,96.0,85.0,42.0
1786438845.924837,458.508,1980,3201,96.0,85.0,42.0
1786438845.934837,458.508,1980,3201,96.0,85.0,42.0
1786438845.944838,458.508,1980,3201,96.0,85.0,42.0
1786438845.954835,458.508,1980,3201,96.0,85.0,42.0
1786438845.964834,458.508,1980,3201,96.0,85.0,42.0
1786438845.974835,458.508,1980,3201,96.0,85.0,42.0
1786438845.984837,458.508,1980,3201,96.0,85.0,42.0
1786438845.994836,457.979,1980,3201,96.0,85.0,42.0
1786438846.004838,457.979,1980,3201,96.0,85.0,42.0
1786438846.014836,457.979,1980,3201,96.0,85.0,42.0
1786438846.024835,457.979,1980,3201,96.0,85.0,42.0
1786438846.034836,457.979,1980,3201,96.0,85.0,42.0
1786438846.044839,457.979,1980,3201,96.0,85.0,42.0
1786438846.054835,457.979,1980,3201,96.0,85.0,42.0
1786438846.064837,457.979,1980,3201,96.0,85.0,42.0
1786438846.074836,457.979,1980,3201,96.0,85.0,42.0
1786438846.084837,457.979,1980,3201,96.0,85.0,42.0
1786438846.094836,458.085,1980,3201,96.0,85.0,42.0
1786438846.104837,458.085,1980,3201,96.0,85.0,42.0
1786438846.114836,458.085,1980,3201,96.0,85.0,42.0
1786438846.124837,458.085,1980,3201,96.0,85.0,42.0
1786438846.134837,458.085,1980,3201,96.0,85.0,42.0
1786438846.144836,458.085,1980,3201,96.0,85.0,42.0
1786438846.154835,458.085,1980,3201,96.0,85.0,42.0
1786438846.164837,458.085,1980,3201,96.0,85.0,42.0
1786438846.174836,458.085,1980,3201,96.0,85.0,42.0
1786438846.184836,458.085,1980,3201,96.0,85.0,42.0
1786438846.194836,458.173,1980,3201,96.0,85.0,42.0
1786438846.204838,458.173,1980,3201,96.0,85.0,42.0
1786438846.214836,458.173,1980,3201,96.0,85.0,42.0
1786438846.224836,458.173,1980,3201,96.0,85.0,42.0
1786438846.234836,458.173,1980,3201,96.0,85.0,42.0
1786438846.244835,458.173,1980,3201,96.0,85.0,42.0
1786438846.254836,458.173,1980,3201,96.0,85.0,42.0
1786438846.264827,458.173,1980,3201,96.0,85.0,42.0
1786438846.274838,458.173,1980,3201,96.0,85.0,42.0
1786438846.284838,458.173,1980,3201,96.0,85.0,42.0
1786438846.294838,458.359,1980,3201,96.0,85.0,42.0
1786438846.304838,458.359,1980,3201,96.0,85.0,42.0
1786438846.314837,458.359,1980,3201,96.0,85.0,42.0
1786438846.324838,458.359,1980,3201,96.0,85.0,42.0
1786438846.334838,458.359,1980,3201,96.0,85.0,42.0
1786438846.344838,458.359,1980,3201,96.0,85.0,42.0
1786438846.354838,458.359,1980,3201,96.0,85.0,42.0
1786438846.364837,458.359,1980,3201,96.0,85.0,42.0
1786438846.374840,458.359,1980,3201,96.0,85.0,42.0
1786438846.384839,458.359,1980,3201,96.0,85.0,42.0
1786438846.394838,458.951,1980,3201,96.0,85.0,42.0
1786438846.404838,458.951,1980,3201,96.0,85.0,42.0
1786438846.414838,458.951,1980,3201,96.0,85.0,42.0
1786438846.424838,458.951,1980,3201,96.0,85.0,42.0
1786438846.434840,458.951,1980,3201,96.0,85.0,42.0
1786438846.444838,458.951,1980,3201,96.0,85.0,42.0
1786438846.454837,458.951,1980,3201,96.0,85.0,42.0
1786438846.464839,458.951,1980,3201,96.0,85.0,42.0
1786438846.474841,458.951,1980,3201,96.0,85.0,42.0
1786438846.484837,458.951,1980,3201,96.0,85.0,42.0
1786438846.494841,459.131,1980,3201,96.0,85.0,42.0
1786438846.504838,459.131,1980,3201,96.0,85.0,42.0
1786438846.514835,459.131,1980,3201,96.0,85.0,42.0
1786438846.524838,459.131,1980,3201,96.0,85.0,42.0
1786438846.534837,459.131,1980,3201,96.0,85.0,42.0
1786438846.544838,459.131,1980,3201,96.0,85.0,42.0
1786438846.554839,459.131,1980,3201,96.0,85.0,42.0
1786438846.564839,459.131,1980,3201,96.0,85.0,42.0
1786438846.574837,459.131,1980,3201,96.0,85.0,42.0
1786438846.584838,459.131,1980,3201,96.0,85.0,42.0
1786438846.594839,458.932,1980,3201,97.0,85.0,42.0
1786438846.604840,458.932,1980,3201,97.0,85.0,42.0
1786438846.614838,458.932,1980,3201,97.0,85.0,42.0
1786438846.624838,458.932,1980,3201,97.0,85.0,42.0
1786438846.634838,458.932,1980,3201,97.0,85.0,42.0
1786438846.644838,458.932,1980,3201,97.0,85.0,42.0
1786438846.654839,458.932,1980,3201,97.0,85.0,42.0
1786438846.664838,458.932,1980,3201,97.0,85.0,42.0
1786438846.674838,458.932,1980,3201,97.0,85.0,42.0
1786438846.684838,458.932,1980,3201,97.0,85.0,42.0
1786438846.694837,458.094,1980,3201,97.0,85.0,42.0
1786438846.704839,458.094,1980,3201,97.0,85.0,42.0
1786438846.714838,458.094,1980,3201,97.0,85.0,42.0
1786438846.724838,458.094,1980,3201,97.0,85.0,42.0
1786438846.734839,458.094,1980,3201,97.0,85.0,42.0
1786438846.744838,458.094,1980,3201,97.0,85.0,42.0
1786438846.754838,458.094,1980,3201,97.0,85.0,42.0
1786438846.764837,458.094,1980,3201,97.0,85.0,42.0
1786438846.774837,458.094,1980,3201,97.0,85.0,42.0
1786438846.784837,458.094,1980,3201,97.0,85.0,42.0
1786438846.794838,457.402,1980,3201,96.0,85.0,42.0
1786438846.804838,457.402,1980,3201,96.0,85.0,42.0
1786438846.814837,457.402,1980,3201,96.0,85.0,42.0
1786438846.824838,457.402,1980,3201,96.0,85.0,42.0
1786438846.834838,457.402,1980,3201,96.0,85.0,42.0
1786438846.844837,457.402,1980,3201,96.0,85.0,42.0
1786438846.854838,457.402,1980,3201,96.0,85.0,42.0
1786438846.864838,457.402,1980,3201,96.0,85.0,42.0
1786438846.874837,457.402,1980,3201,96.0,85.0,42.0
1786438846.884835,457.402,1980,3201,96.0,85.0,42.0
1786438846.894839,457.386,1980,3201,96.0,85.0,42.0
1786438846.904837,457.386,1980,3201,96.0,85.0,42.0
1786438846.914837,457.386,1980,3201,96.0,85.0,42.0
1786438846.924838,457.386,1980,3201,96.0,85.0,42.0
1786438846.934837,457.386,1980,3201,96.0,85.0,42.0
1786438846.944838,457.386,1980,3201,96.0,85.0,42.0
1786438846.954838,457.386,1980,3201,96.0,85.0,42.0
1786438846.964838,457.386,1980,3201,96.0,85.0,42.0
1786438846.974838,457.386,1980,3201,96.0,85.0,42.0
1786438846.984837,457.386,1980,3201,96.0,85.0,42.0
1786438846.994838,457.656,1980,3201,96.0,85.0,42.0
1786438847.004838,457.656,1980,3201,96.0,85.0,42.0
1786438847.014837,457.656,1980,3201,96.0,85.0,42.0
1786438847.024838,457.656,1980,3201,96.0,85.0,42.0
1786438847.034838,457.656,1980,3201,96.0,85.0,42.0
1786438847.044838,457.656,1980,3201,96.0,85.0,42.0
1786438847.054837,457.656,1980,3201,96.0,85.0,42.0
1786438847.064837,457.656,1980,3201,96.0,85.0,42.0
1786438847.074837,457.656,1980,3201,96.0,85.0,42.0
1786438847.084838,457.656,1980,3201,96.0,85.0,42.0
1786438847.094836,457.784,1980,3201,96.0,85.0,42.0
1786438847.104837,457.784,1980,3201,96.0,85.0,42.0
1786438847.114838,457.784,1980,3201,96.0,85.0,42.0
1786438847.124838,457.784,1980,3201,96.0,85.0,42.0
1786438847.134838,457.784,1980,3201,96.0,85.0,42.0
1786438847.144837,457.784,1980,3201,96.0,85.0,42.0
1786438847.154838,457.784,1980,3201,96.0,85.0,42.0
1786438847.164838,457.784,1980,3201,96.0,85.0,42.0
1786438847.174838,457.784,1980,3201,96.0,85.0,42.0
1786438847.184837,457.784,1980,3201,96.0,85.0,42.0
1786438847.194838,457.495,1980,3201,96.0,85.0,42.0
1786438847.204839,457.495,1980,3201,96.0,85.0,42.0
1786438847.214837,457.495,1980,3201,96.0,85.0,42.0
1786438847.224837,457.495,1980,3201,96.0,85.0,42.0
1786438847.234838,457.495,1980,3201,96.0,85.0,42.0
1786438847.244837,457.495,1980,3201,96.0,85.0,42.0
1786438847.254838,457.495,1980,3201,96.0,85.0,42.0
1786438847.264838,457.495,1980,3201,96.0,85.0,42.0
1786438847.274837,457.495,1980,3201,96.0,85.0,42.0
1786438847.284838,457.495,1980,3201,96.0,85.0,42.0
1786438847.294837,457.668,1980,3201,96.0,85.0,42.0
1786438847.304827,457.668,1980,3201,96.0,85.0,42.0
1786438847.314835,457.668,1980,3201,96.0,85.0,42.0
1786438847.324837,457.668,1980,3201,96.0,85.0,42.0
1786438847.334837,457.668,1980,3201,96.0,85.0,42.0
1786438847.344837,457.668,1980,3201,96.0,85.0,42.0
1786438847.354836,457.668,1980,3201,96.0,85.0,42.0
1786438847.364838,457.668,1980,3201,96.0,85.0,42.0
1786438847.374836,457.668,1980,3201,96.0,85.0,42.0
1786438847.384838,457.668,1980,3201,96.0,85.0,42.0
1786438847.394838,457.720,1980,3201,96.0,85.0,42.0
1786438847.404834,457.720,1980,3201,96.0,85.0,42.0
1786438847.414836,457.720,1980,3201,96.0,85.0,42.0
1786438847.424837,457.720,1980,3201,96.0,85.0,42.0
1786438847.434836,457.720,1980,3201,96.0,85.0,42.0
1786438847.444837,457.720,1980,3201,96.0,85.0,42.0
1786438847.454837,457.720,1980,3201,96.0,85.0,42.0
1786438847.464837,457.720,1980,3201,96.0,85.0,42.0
1786438847.474837,457.720,1980,3201,96.0,85.0,42.0
1786438847.484838,457.720,1980,3201,96.0,85.0,42.0
1786438847.494836,457.651,1980,3201,96.0,85.0,42.0
1786438847.504838,457.651,1980,3201,96.0,85.0,42.0
1786438847.514837,457.651,1980,3201,96.0,85.0,42.0
1786438847.524836,457.651,1980,3201,96.0,85.0,42.0
1786438847.534836,457.651,1980,3201,96.0,85.0,42.0
1786438847.544839,457.651,1980,3201,96.0,85.0,42.0
1786438847.554836,457.651,1980,3201,96.0,85.0,42.0
1786438847.564841,457.651,1980,3201,96.0,85.0,42.0
1786438847.574835,457.651,1980,3201,96.0,85.0,42.0
1786438847.584837,457.651,1980,3201,96.0,85.0,42.0
1786438847.594836,457.401,1980,3201,96.0,85.0,42.0
1786438847.604837,457.401,1980,3201,96.0,85.0,42.0
1786438847.614836,457.401,1980,3201,96.0,85.0,42.0
1786438847.624836,457.401,1980,3201,96.0,85.0,42.0
1786438847.634835,457.401,1980,3201,96.0,85.0,42.0
1786438847.644835,457.401,1980,3201,96.0,85.0,42.0
1786438847.654836,457.401,1980,3201,96.0,85.0,42.0
1786438847.664835,457.401,1980,3201,96.0,85.0,42.0
1786438847.674835,457.401,1980,3201,96.0,85.0,42.0
1786438847.684839,457.401,1980,3201,96.0,85.0,42.0
1786438847.694836,457.734,1980,3201,96.0,85.0,42.0
1786438847.704833,457.734,1980,3201,96.0,85.0,42.0
1786438847.714836,457.734,1980,3201,96.0,85.0,42.0
1786438847.724836,457.734,1980,3201,96.0,85.0,42.0
1786438847.734835,457.734,1980,3201,96.0,85.0,42.0
1786438847.744835,457.734,1980,3201,96.0,85.0,42.0
1786438847.754836,457.734,1980,3201,96.0,85.0,42.0
1786438847.764836,457.734,1980,3201,96.0,85.0,42.0
1786438847.774832,457.734,1980,3201,96.0,85.0,42.0
1786438847.784833,457.734,1980,3201,96.0,85.0,42.0
1786438847.794838,458.037,1980,3201,96.0,85.0,42.0
1786438847.804831,458.037,1980,3201,96.0,85.0,42.0
1786438847.814836,458.037,1980,3201,96.0,85.0,42.0
1786438847.824838,458.037,1980,3201,96.0,85.0,42.0
1786438847.834837,458.037,1980,3201,96.0,85.0,42.0
1786438847.844836,458.037,1980,3201,96.0,85.0,42.0
1786438847.854838,458.037,1980,3201,96.0,85.0,42.0
1786438847.864832,458.037,1980,3201,96.0,85.0,42.0
1786438847.874837,458.037,1980,3201,96.0,85.0,42.0
1786438847.884837,458.037,1980,3201,96.0,85.0,42.0
1786438847.894837,458.239,1980,3201,96.0,85.0,43.0
1786438847.904830,458.239,1980,3201,96.0,85.0,43.0
1786438847.914838,458.239,1980,3201,96.0,85.0,43.0
1786438847.924836,458.239,1980,3201,96.0,85.0,43.0
1786438847.934837,458.239,1980,3201,96.0,85.0,43.0
1786438847.944838,458.239,1980,3201,96.0,85.0,43.0
1786438847.954838,458.239,1980,3201,96.0,85.0,43.0
1786438847.964832,458.239,1980,3201,96.0,85.0,43.0
1786438847.974836,458.239,1980,3201,96.0,85.0,43.0
1786438847.984831,458.239,1980,3201,96.0,85.0,43.0
1786438847.994836,457.934,1980,3201,96.0,85.0,43.0
1786438848.004837,457.934,1980,3201,96.0,85.0,43.0
1786438848.014837,457.934,1980,3201,96.0,85.0,43.0
1786438848.024838,457.934,1980,3201,96.0,85.0,43.0
1786438848.034838,457.934,1980,3201,96.0,85.0,43.0
1786438848.044838,457.934,1980,3201,96.0,85.0,43.0
1786438848.054837,457.934,1980,3201,96.0,85.0,43.0
1786438848.064831,457.934,1980,3201,96.0,85.0,43.0
1786438848.074836,457.934,1980,3201,96.0,85.0,43.0
1786438848.084831,457.934,1980,3201,96.0,85.0,43.0
1786438848.094836,457.374,1980,3201,96.0,85.0,43.0
1786438848.104837,457.374,1980,3201,96.0,85.0,43.0
1786438848.114839,457.374,1980,3201,96.0,85.0,43.0
1786438848.124837,457.374,1980,3201,96.0,85.0,43.0
1786438848.134836,457.374,1980,3201,96.0,85.0,43.0
1786438848.144838,457.374,1980,3201,96.0,85.0,43.0
1786438848.154839,457.374,1980,3201,96.0,85.0,43.0
1786438848.164838,457.374,1980,3201,96.0,85.0,43.0
1786438848.174838,457.374,1980,3201,96.0,85.0,43.0
1786438848.184838,457.374,1980,3201,96.0,85.0,43.0
1786438848.194837,457.188,1980,3201,96.0,85.0,43.0
1786438848.204837,457.188,1980,3201,96.0,85.0,43.0
1786438848.214838,457.188,1980,3201,96.0,85.0,43.0
1786438848.224833,457.188,1980,3201,96.0,85.0,43.0
1786438848.234837,457.188,1980,3201,96.0,85.0,43.0
1786438848.244837,457.188,1980,3201,96.0,85.0,43.0
1786438848.254838,457.188,1980,3201,96.0,85.0,43.0
1786438848.264831,457.188,1980,3201,96.0,85.0,43.0
1786438848.274836,457.188,1980,3201,96.0,85.0,43.0
1786438848.284831,457.188,1980,3201,96.0,85.0,43.0
1786438848.294836,457.026,1980,3201,96.0,85.0,43.0
1786438848.304830,457.026,1980,3201,96.0,85.0,43.0
1786438848.314837,457.026,1980,3201,96.0,85.0,43.0
1786438848.324837,457.026,1980,3201,96.0,85.0,43.0
1786438848.334838,457.026,1980,3201,96.0,85.0,43.0
1786438848.344835,457.026,1980,3201,96.0,85.0,43.0
1786438848.354836,457.026,1980,3201,96.0,85.0,43.0
1786438848.364831,457.026,1980,3201,96.0,85.0,43.0
1786438848.374837,457.026,1980,3201,96.0,85.0,43.0
1786438848.384831,457.026,1980,3201,96.0,85.0,43.0
1786438848.394837,456.845,1980,3201,96.0,85.0,43.0
1786438848.404831,456.845,1980,3201,96.0,85.0,43.0
1786438848.414838,456.845,1980,3201,96.0,85.0,43.0
1786438848.424832,456.845,1980,3201,96.0,85.0,43.0
1786438848.434837,456.845,1980,3201,96.0,85.0,43.0
1786438848.444831,456.845,1980,3201,96.0,85.0,43.0
1786438848.454837,456.845,1980,3201,96.0,85.0,43.0
1786438848.464832,456.845,1980,3201,96.0,85.0,43.0
1786438848.474836,456.845,1980,3201,96.0,85.0,43.0
1786438848.484830,456.845,1980,3201,96.0,85.0,43.0
1786438848.494838,456.572,1980,3201,96.0,85.0,43.0
1786438848.504830,456.572,1980,3201,96.0,85.0,43.0
1786438848.514837,456.572,1980,3201,96.0,85.0,43.0
1786438848.524838,456.572,1980,3201,96.0,85.0,43.0
1786438848.534838,456.572,1980,3201,96.0,85.0,43.0
1786438848.544838,456.572,1980,3201,96.0,85.0,43.0
1786438848.554841,456.572,1980,3201,96.0,85.0,43.0
1786438848.564837,456.572,1980,3201,96.0,85.0,43.0
1786438848.574830,456.572,1980,3201,96.0,85.0,43.0
1786438848.584837,456.572,1980,3201,96.0,85.0,43.0
1786438848.594830,455.800,1980,3201,92.0,81.0,43.0
1786438848.604837,455.800,1980,3201,92.0,81.0,43.0
1786438848.614830,455.800,1980,3201,92.0,81.0,43.0
1786438848.624837,455.800,1980,3201,92.0,81.0,43.0
1786438848.634830,455.800,1980,3201,92.0,81.0,43.0
1786438848.644838,455.800,1980,3201,92.0,81.0,43.0
1786438848.654831,455.800,1980,3201,92.0,81.0,43.0
1786438848.664836,455.800,1980,3201,92.0,81.0,43.0
1786438848.674831,455.800,1980,3201,92.0,81.0,43.0
1786438848.684836,455.800,1980,3201,92.0,81.0,43.0
1786438848.694830,455.144,1980,3201,92.0,81.0,43.0
1786438848.704837,455.144,1980,3201,92.0,81.0,43.0
1786438848.714830,455.144,1980,3201,92.0,81.0,43.0
1786438848.724836,455.144,1980,3201,92.0,81.0,43.0
1786438848.734830,455.144,1980,3201,92.0,81.0,43.0
1786438848.744837,455.144,1980,3201,92.0,81.0,43.0
1786438848.754830,455.144,1980,3201,92.0,81.0,43.0
1786438848.764839,455.144,1980,3201,92.0,81.0,43.0
1786438848.774838,455.144,1980,3201,92.0,81.0,43.0
1786438848.784838,455.144,1980,3201,92.0,81.0,43.0
1786438848.794830,454.494,1980,3201,97.0,86.0,43.0
1786438848.804836,454.494,1980,3201,97.0,86.0,43.0
1786438848.814830,454.494,1980,3201,97.0,86.0,43.0
1786438848.824838,454.494,1980,3201,97.0,86.0,43.0
1786438848.834839,454.494,1980,3201,97.0,86.0,43.0
1786438848.844838,454.494,1980,3201,97.0,86.0,43.0
1786438848.854830,454.494,1980,3201,97.0,86.0,43.0
1786438848.864835,454.494,1980,3201,97.0,86.0,43.0
1786438848.874838,454.494,1980,3201,97.0,86.0,43.0
1786438848.884838,454.494,1980,3201,97.0,86.0,43.0
1786438848.894838,454.258,1980,3201,97.0,86.0,43.0
1786438848.904838,454.258,1980,3201,97.0,86.0,43.0
1786438848.914834,454.258,1980,3201,97.0,86.0,43.0
1786438848.924837,454.258,1980,3201,97.0,86.0,43.0
1786438848.934832,454.258,1980,3201,97.0,86.0,43.0
1786438848.944836,454.258,1980,3201,97.0,86.0,43.0
1786438848.954838,454.258,1980,3201,97.0,86.0,43.0
1786438848.964834,454.258,1980,3201,97.0,86.0,43.0
1786438848.974838,454.258,1980,3201,97.0,86.0,43.0
1786438848.984836,454.258,1980,3201,97.0,86.0,43.0
1786438848.994836,453.861,1980,3201,96.0,86.0,43.0
1786438849.004835,453.861,1980,3201,96.0,86.0,43.0
1786438849.014852,453.861,1980,3201,96.0,86.0,43.0
1786438849.024839,453.861,1980,3201,96.0,86.0,43.0
1786438849.034835,453.861,1980,3201,96.0,86.0,43.0
1786438849.044836,453.861,1980,3201,96.0,86.0,43.0
1786438849.054835,453.861,1980,3201,96.0,86.0,43.0
1786438849.064835,453.861,1980,3201,96.0,86.0,43.0
1786438849.074834,453.861,1980,3201,96.0,86.0,43.0
1786438849.084838,453.861,1980,3201,96.0,86.0,43.0
1786438849.094837,453.698,1980,3201,96.0,86.0,43.0
1786438849.104836,453.698,1980,3201,96.0,86.0,43.0
1786438849.114836,453.698,1980,3201,96.0,86.0,43.0
1786438849.124839,453.698,1980,3201,96.0,86.0,43.0
1786438849.134839,453.698,1980,3201,96.0,86.0,43.0
1786438849.144836,453.698,1980,3201,96.0,86.0,43.0
1786438849.154837,453.698,1980,3201,96.0,86.0,43.0
1786438849.164835,453.698,1980,3201,96.0,86.0,43.0
1786438849.174831,453.698,1980,3201,96.0,86.0,43.0
1786438849.184834,453.698,1980,3201,96.0,86.0,43.0
1786438849.194836,452.737,1980,3201,97.0,86.0,43.0
1786438849.204836,452.737,1980,3201,97.0,86.0,43.0
1786438849.214836,452.737,1980,3201,97.0,86.0,43.0
1786438849.224837,452.737,1980,3201,97.0,86.0,43.0
1786438849.234837,452.737,1980,3201,97.0,86.0,43.0
1786438849.244836,452.737,1980,3201,97.0,86.0,43.0
1786438849.254836,452.737,1980,3201,97.0,86.0,43.0
1786438849.264836,452.737,1980,3201,97.0,86.0,43.0
1786438849.274835,452.737,1980,3201,97.0,86.0,43.0
1786438849.284836,452.737,1980,3201,97.0,86.0,43.0
1786438849.294833,452.195,1980,3201,97.0,86.0,43.0
1786438849.304835,452.195,1980,3201,97.0,86.0,43.0
1786438849.314836,452.195,1980,3201,97.0,86.0,43.0
1786438849.324836,452.195,1980,3201,97.0,86.0,43.0
1786438849.334836,452.195,1980,3201,97.0,86.0,43.0
1786438849.344832,452.195,1980,3201,97.0,86.0,43.0
1786438849.354833,452.195,1980,3201,97.0,86.0,43.0
1786438849.364838,452.195,1980,3201,97.0,86.0,43.0
1786438849.374837,452.195,1980,3201,97.0,86.0,43.0
1786438849.384838,452.195,1980,3201,97.0,86.0,43.0
1786438849.394837,451.788,1980,3201,96.0,85.0,43.0
1786438849.404837,451.788,1980,3201,96.0,85.0,43.0
1786438849.414838,451.788,1980,3201,96.0,85.0,43.0
1786438849.424839,451.788,1980,3201,96.0,85.0,43.0
1786438849.434838,451.788,1980,3201,96.0,85.0,43.0
1786438849.444838,451.788,1980,3201,96.0,85.0,43.0
1786438849.454837,451.788,1980,3201,96.0,85.0,43.0
1786438849.464838,451.788,1980,3201,96.0,85.0,43.0
1786438849.474838,451.788,1980,3201,96.0,85.0,43.0
1786438849.484838,451.788,1980,3201,96.0,85.0,43.0
1786438849.494837,451.310,1980,3201,96.0,85.0,43.0
1786438849.504838,451.310,1980,3201,96.0,85.0,43.0
1786438849.514837,451.310,1980,3201,96.0,85.0,43.0
1786438849.524884,451.310,1980,3201,96.0,85.0,43.0
1786438849.534878,451.310,1980,3201,96.0,85.0,43.0
1786438849.544839,451.310,1980,3201,96.0,85.0,43.0
1786438849.554838,451.310,1980,3201,96.0,85.0,43.0
1786438849.564838,451.310,1980,3201,96.0,85.0,43.0
1786438849.574838,451.310,1980,3201,96.0,85.0,43.0
1786438849.584838,451.310,1980,3201,96.0,85.0,43.0
1786438849.594841,451.648,1980,3201,96.0,85.0,43.0
1786438849.604839,451.648,1980,3201,96.0,85.0,43.0
1786438849.614838,451.648,1980,3201,96.0,85.0,43.0
1786438849.624840,451.648,1980,3201,96.0,85.0,43.0
1786438849.634840,451.648,1980,3201,96.0,85.0,43.0
1786438849.644839,451.648,1980,3201,96.0,85.0,43.0
1786438849.654838,451.648,1980,3201,96.0,85.0,43.0
1786438849.664837,451.648,1980,3201,96.0,85.0,43.0
1786438849.674838,451.648,1980,3201,96.0,85.0,43.0
1786438849.684838,451.648,1980,3201,96.0,85.0,43.0
1786438849.694839,452.124,1980,3201,96.0,85.0,43.0
1786438849.704837,452.124,1980,3201,96.0,85.0,43.0
1786438849.714839,452.124,1980,3201,96.0,85.0,43.0
1786438849.724839,452.124,1980,3201,96.0,85.0,43.0
1786438849.734838,452.124,1980,3201,96.0,85.0,43.0
1786438849.744837,452.124,1980,3201,96.0,85.0,43.0
1786438849.754838,452.124,1980,3201,96.0,85.0,43.0
1786438849.764837,452.124,1980,3201,96.0,85.0,43.0
1786438849.774845,452.124,1980,3201,96.0,85.0,43.0
1786438849.784839,452.124,1980,3201,96.0,85.0,43.0
1786438849.794838,452.201,1980,3201,96.0,85.0,43.0
1786438849.804839,452.201,1980,3201,96.0,85.0,43.0
1786438849.814838,452.201,1980,3201,96.0,85.0,43.0
1786438849.824839,452.201,1980,3201,96.0,85.0,43.0
1786438849.834838,452.201,1980,3201,96.0,85.0,43.0
1786438849.844838,452.201,1980,3201,96.0,85.0,43.0
1786438849.854837,452.201,1980,3201,96.0,85.0,43.0
1786438849.864835,452.201,1980,3201,96.0,85.0,43.0
1786438849.874839,452.201,1980,3201,96.0,85.0,43.0
1786438849.884838,452.201,1980,3201,96.0,85.0,43.0
1786438849.894838,452.124,1980,3201,96.0,85.0,43.0
1786438849.904838,452.124,1980,3201,96.0,85.0,43.0
1786438849.914839,452.124,1980,3201,96.0,85.0,43.0
1786438849.924838,452.124,1980,3201,96.0,85.0,43.0
1786438849.934835,452.124,1980,3201,96.0,85.0,43.0
1786438849.944838,452.124,1980,3201,96.0,85.0,43.0
1786438849.954838,452.124,1980,3201,96.0,85.0,43.0
1786438849.964838,452.124,1980,3201,96.0,85.0,43.0
1786438849.974838,452.124,1980,3201,96.0,85.0,43.0
1786438849.984839,452.124,1980,3201,96.0,85.0,43.0
1786438849.994838,452.512,1980,3201,96.0,85.0,43.0
1786438850.004836,452.512,1980,3201,96.0,85.0,43.0
1786438850.014838,452.512,1980,3201,96.0,85.0,43.0
1786438850.024838,452.512,1980,3201,96.0,85.0,43.0
1786438850.034837,452.512,1980,3201,96.0,85.0,43.0
1786438850.044837,452.512,1980,3201,96.0,85.0,43.0
1786438850.054838,452.512,1980,3201,96.0,85.0,43.0
1786438850.064837,452.512,1980,3201,96.0,85.0,43.0
1786438850.074838,452.512,1980,3201,96.0,85.0,43.0
1786438850.084837,452.512,1980,3201,96.0,85.0,43.0
1786438850.094837,452.246,1980,3201,96.0,85.0,43.0
1786438850.104837,452.246,1980,3201,96.0,85.0,43.0
1786438850.114839,452.246,1980,3201,96.0,85.0,43.0
1786438850.124838,452.246,1980,3201,96.0,85.0,43.0
1786438850.134838,452.246,1980,3201,96.0,85.0,43.0
1786438850.144834,452.246,1980,3201,96.0,85.0,43.0
1786438850.154838,452.246,1980,3201,96.0,85.0,43.0
1786438850.164838,452.246,1980,3201,96.0,85.0,43.0
1786438850.174837,452.246,1980,3201,96.0,85.0,43.0
1786438850.184837,452.246,1980,3201,96.0,85.0,43.0
1786438850.194838,453.325,1980,3201,96.0,86.0,43.0
1786438850.204837,453.325,1980,3201,96.0,86.0,43.0
1786438850.214835,453.325,1980,3201,96.0,86.0,43.0
1786438850.224834,453.325,1980,3201,96.0,86.0,43.0
1786438850.234840,453.325,1980,3201,96.0,86.0,43.0
1786438850.244837,453.325,1980,3201,96.0,86.0,43.0
1786438850.254837,453.325,1980,3201,96.0,86.0,43.0
1786438850.265020,453.325,1980,3201,96.0,86.0,43.0
1786438850.274837,453.325,1980,3201,96.0,86.0,43.0
1786438850.284843,453.325,1980,3201,96.0,86.0,43.0
1786438850.294837,454.032,1980,3201,96.0,86.0,43.0
1786438850.304835,454.032,1980,3201,96.0,86.0,43.0
1786438850.314837,454.032,1980,3201,96.0,86.0,43.0
1786438850.324836,454.032,1980,3201,96.0,86.0,43.0
1786438850.334837,454.032,1980,3201,96.0,86.0,43.0
1786438850.344840,454.032,1980,3201,96.0,86.0,43.0
1786438850.354839,454.032,1980,3201,96.0,86.0,43.0
1786438850.364835,454.032,1980,3201,96.0,86.0,43.0
1786438850.374839,454.032,1980,3201,96.0,86.0,43.0
1786438850.384835,454.032,1980,3201,96.0,86.0,43.0
1786438850.394838,454.580,1980,3201,96.0,85.0,43.0
1786438850.404835,454.580,1980,3201,96.0,85.0,43.0
1786438850.414837,454.580,1980,3201,96.0,85.0,43.0
1786438850.424837,454.580,1980,3201,96.0,85.0,43.0
1786438850.434838,454.580,1980,3201,96.0,85.0,43.0
1786438850.444836,454.580,1980,3201,96.0,85.0,43.0
1786438850.454837,454.580,1980,3201,96.0,85.0,43.0
1786438850.464836,454.580,1980,3201,96.0,85.0,43.0
1786438850.474838,454.580,1980,3201,96.0,85.0,43.0
1786438850.484835,454.580,1980,3201,96.0,85.0,43.0
1786438850.494838,455.082,1980,3201,96.0,85.0,43.0
1786438850.504836,455.082,1980,3201,96.0,85.0,43.0
1786438850.514838,455.082,1980,3201,96.0,85.0,43.0
1786438850.524836,455.082,1980,3201,96.0,85.0,43.0
1786438850.534837,455.082,1980,3201,96.0,85.0,43.0
1786438850.544868,455.082,1980,3201,96.0,85.0,43.0
1786438850.554853,455.082,1980,3201,96.0,85.0,43.0
1786438850.564837,455.082,1980,3201,96.0,85.0,43.0
1786438850.574837,455.082,1980,3201,96.0,85.0,43.0
1786438850.584835,455.082,1980,3201,96.0,85.0,43.0
1786438850.594837,454.892,1980,3201,96.0,86.0,43.0
1786438850.604839,454.892,1980,3201,96.0,86.0,43.0
1786438850.614839,454.892,1980,3201,96.0,86.0,43.0
1786438850.624838,454.892,1980,3201,96.0,86.0,43.0
1786438850.634842,454.892,1980,3201,96.0,86.0,43.0
1786438850.644837,454.892,1980,3201,96.0,86.0,43.0
1786438850.654836,454.892,1980,3201,96.0,86.0,43.0
1786438850.664836,454.892,1980,3201,96.0,86.0,43.0
1786438850.674835,454.892,1980,3201,96.0,86.0,43.0
1786438850.684836,454.892,1980,3201,96.0,86.0,43.0
1786438850.694837,454.685,1980,3201,96.0,86.0,43.0
1786438850.704835,454.685,1980,3201,96.0,86.0,43.0
1786438850.714836,454.685,1980,3201,96.0,86.0,43.0
1786438850.724835,454.685,1980,3201,96.0,86.0,43.0
1786438850.734836,454.685,1980,3201,96.0,86.0,43.0
1786438850.744835,454.685,1980,3201,96.0,86.0,43.0
1786438850.754836,454.685,1980,3201,96.0,86.0,43.0
1786438850.764835,454.685,1980,3201,96.0,86.0,43.0
1786438850.774837,454.685,1980,3201,96.0,86.0,43.0
1786438850.784836,454.685,1980,3201,96.0,86.0,43.0
1786438850.794836,455.574,1980,3201,96.0,85.0,43.0
1786438850.804836,455.574,1980,3201,96.0,85.0,43.0
1786438850.814835,455.574,1980,3201,96.0,85.0,43.0
1786438850.824836,455.574,1980,3201,96.0,85.0,43.0
1786438850.834836,455.574,1980,3201,96.0,85.0,43.0
1786438850.844837,455.574,1980,3201,96.0,85.0,43.0
1786438850.854836,455.574,1980,3201,96.0,85.0,43.0
1786438850.864835,455.574,1980,3201,96.0,85.0,43.0
1786438850.874835,455.574,1980,3201,96.0,85.0,43.0
1786438850.884832,455.574,1980,3201,96.0,85.0,43.0
1786438850.894832,455.992,1980,3201,96.0,85.0,43.0
1786438850.904834,455.992,1980,3201,96.0,85.0,43.0
1786438850.914838,455.992,1980,3201,96.0,85.0,43.0
1786438850.924836,455.992,1980,3201,96.0,85.0,43.0
1786438850.934837,455.992,1980,3201,96.0,85.0,43.0
1786438850.944835,455.992,1980,3201,96.0,85.0,43.0
1786438850.954834,455.992,1980,3201,96.0,85.0,43.0
1786438850.964835,455.992,1980,3201,96.0,85.0,43.0
1786438850.974837,455.992,1980,3201,96.0,85.0,43.0
1786438850.984836,455.992,1980,3201,96.0,85.0,43.0
1786438850.994838,455.835,1980,3201,96.0,85.0,43.0
1786438851.004835,455.835,1980,3201,96.0,85.0,43.0
1786438851.014837,455.835,1980,3201,96.0,85.0,43.0
1786438851.024835,455.835,1980,3201,96.0,85.0,43.0
1786438851.034837,455.835,1980,3201,96.0,85.0,43.0
1786438851.044960,455.835,1980,3201,96.0,85.0,43.0
1786438851.054883,455.835,1980,3201,96.0,85.0,43.0
1786438851.064839,455.835,1980,3201,96.0,85.0,43.0
1786438851.074841,455.835,1980,3201,96.0,85.0,43.0
1786438851.084876,455.835,1980,3201,96.0,85.0,43.0
1786438851.094930,456.135,1980,3201,96.0,85.0,43.0
1786438851.104914,456.135,1980,3201,96.0,85.0,43.0
1786438851.114908,456.135,1980,3201,96.0,85.0,43.0
1786438851.124862,456.135,1980,3201,96.0,85.0,43.0
1786438851.134840,456.135,1980,3201,96.0,85.0,43.0
1786438851.144932,456.135,1980,3201,96.0,85.0,43.0
1786438851.154916,456.135,1980,3201,96.0,85.0,43.0
1786438851.164858,456.135,1980,3201,96.0,85.0,43.0
1786438851.174903,456.135,1980,3201,96.0,85.0,43.0
1786438851.184856,456.135,1980,3201,96.0,85.0,43.0
1786438851.194932,456.482,1980,3201,96.0,85.0,43.0
1786438851.204854,456.482,1980,3201,96.0,85.0,43.0
1786438851.214859,456.482,1980,3201,96.0,85.0,43.0
1786438851.224914,456.482,1980,3201,96.0,85.0,43.0
1786438851.234839,456.482,1980,3201,96.0,85.0,43.0
1786438851.244861,456.482,1980,3201,96.0,85.0,43.0
1786438851.254885,456.482,1980,3201,96.0,85.0,43.0
1786438851.264860,456.482,1980,3201,96.0,85.0,43.0
1786438851.274863,456.482,1980,3201,96.0,85.0,43.0
1786438851.284919,456.482,1980,3201,96.0,85.0,43.0
1786438851.294839,456.358,1980,3201,96.0,85.0,43.0
1786438851.304857,456.358,1980,3201,96.0,85.0,43.0
1786438851.314932,456.358,1980,3201,96.0,85.0,43.0
1786438851.324854,456.358,1980,3201,96.0,85.0,43.0
1786438851.334910,456.358,1980,3201,96.0,85.0,43.0
1786438851.344863,456.358,1980,3201,96.0,85.0,43.0
1786438851.354918,456.358,1980,3201,96.0,85.0,43.0
1786438851.364923,456.358,1980,3201,96.0,85.0,43.0
1786438851.374856,456.358,1980,3201,96.0,85.0,43.0
1786438851.384921,456.358,1980,3201,96.0,85.0,43.0
1786438851.394905,456.344,1980,3201,96.0,85.0,43.0
1786438851.404868,456.344,1980,3201,96.0,85.0,43.0
1786438851.414840,456.344,1980,3201,96.0,85.0,43.0
1786438851.424856,456.344,1980,3201,96.0,85.0,43.0
1786438851.434921,456.344,1980,3201,96.0,85.0,43.0
1786438851.444838,456.344,1980,3201,96.0,85.0,43.0
1786438851.454939,456.344,1980,3201,96.0,85.0,43.0
1786438851.464903,456.344,1980,3201,96.0,85.0,43.0
1786438851.474839,456.344,1980,3201,96.0,85.0,43.0
1786438851.484860,456.344,1980,3201,96.0,85.0,43.0
1786438851.494864,456.722,1980,3201,96.0,85.0,43.0
1786438851.504840,456.722,1980,3201,96.0,85.0,43.0
1786438851.514935,456.722,1980,3201,96.0,85.0,43.0
1786438851.524877,456.722,1980,3201,96.0,85.0,43.0
1786438851.534902,456.722,1980,3201,96.0,85.0,43.0
1786438851.544855,456.722,1980,3201,96.0,85.0,43.0
1786438851.554858,456.722,1980,3201,96.0,85.0,43.0
1786438851.564894,456.722,1980,3201,96.0,85.0,43.0
1786438851.574908,456.722,1980,3201,96.0,85.0,43.0
1786438851.584923,456.722,1980,3201,96.0,85.0,43.0
1786438851.594917,457.058,1980,3201,96.0,85.0,43.0
1786438851.604922,457.058,1980,3201,96.0,85.0,43.0
1786438851.614915,457.058,1980,3201,96.0,85.0,43.0
1786438851.624919,457.058,1980,3201,96.0,85.0,43.0
1786438851.634835,457.058,1980,3201,96.0,85.0,43.0
1786438851.644829,457.058,1980,3201,96.0,85.0,43.0
1786438851.654835,457.058,1980,3201,96.0,85.0,43.0
1786438851.664829,457.058,1980,3201,96.0,85.0,43.0
1786438851.674835,457.058,1980,3201,96.0,85.0,43.0
1786438851.684829,457.058,1980,3201,96.0,85.0,43.0
1786438851.694830,457.356,1980,3201,96.0,85.0,43.0
1786438851.704826,457.356,1980,3201,96.0,85.0,43.0
1786438851.714832,457.356,1980,3201,96.0,85.0,43.0
1786438851.724835,457.356,1980,3201,96.0,85.0,43.0
1786438851.734836,457.356,1980,3201,96.0,85.0,43.0
1786438851.744809,457.356,1980,3201,96.0,85.0,43.0
1786438851.754838,457.356,1980,3201,96.0,85.0,43.0
1786438851.764843,457.356,1980,3201,96.0,85.0,43.0
1786438851.774837,457.356,1980,3201,96.0,85.0,43.0
1786438851.784835,457.356,1980,3201,96.0,85.0,43.0
1786438851.794841,457.058,1980,3201,96.0,85.0,43.0
1786438851.804836,457.058,1980,3201,96.0,85.0,43.0
1786438851.814842,457.058,1980,3201,96.0,85.0,43.0
1786438851.824840,457.058,1980,3201,96.0,85.0,43.0
1786438851.834841,457.058,1980,3201,96.0,85.0,43.0
1786438851.844836,457.058,1980,3201,96.0,85.0,43.0
1786438851.854840,457.058,1980,3201,96.0,85.0,43.0
1786438851.864839,457.058,1980,3201,96.0,85.0,43.0
1786438851.874836,457.058,1980,3201,96.0,85.0,43.0
1786438851.884834,457.058,1980,3201,96.0,85.0,43.0
1786438851.894825,457.143,1980,3201,96.0,85.0,43.0
1786438851.904837,457.143,1980,3201,96.0,85.0,43.0
1786438851.914841,457.143,1980,3201,96.0,85.0,43.0
1786438851.924841,457.143,1980,3201,96.0,85.0,43.0
1786438851.934836,457.143,1980,3201,96.0,85.0,43.0
1786438851.944839,457.143,1980,3201,96.0,85.0,43.0
1786438851.954840,457.143,1980,3201,96.0,85.0,43.0
1786438851.964838,457.143,1980,3201,96.0,85.0,43.0
1786438851.974839,457.143,1980,3201,96.0,85.0,43.0
1786438851.984835,457.143,1980,3201,96.0,85.0,43.0
1786438851.994840,457.284,1980,3201,96.0,85.0,43.0
1786438852.004838,457.284,1980,3201,96.0,85.0,43.0
1786438852.014840,457.284,1980,3201,96.0,85.0,43.0
1786438852.024835,457.284,1980,3201,96.0,85.0,43.0
1786438852.034837,457.284,1980,3201,96.0,85.0,43.0
1786438852.044836,457.284,1980,3201,96.0,85.0,43.0
1786438852.054837,457.284,1980,3201,96.0,85.0,43.0
1786438852.064836,457.284,1980,3201,96.0,85.0,43.0
1786438852.074838,457.284,1980,3201,96.0,85.0,43.0
1786438852.084832,457.284,1980,3201,96.0,85.0,43.0
1786438852.094837,457.476,1980,3201,96.0,85.0,43.0
1786438852.104835,457.476,1980,3201,96.0,85.0,43.0
1786438852.114839,457.476,1980,3201,96.0,85.0,43.0
1786438852.124839,457.476,1980,3201,96.0,85.0,43.0
1786438852.134838,457.476,1980,3201,96.0,85.0,43.0
1786438852.144836,457.476,1980,3201,96.0,85.0,43.0
1786438852.154839,457.476,1980,3201,96.0,85.0,43.0
1786438852.164836,457.476,1980,3201,96.0,85.0,43.0
1786438852.174837,457.476,1980,3201,96.0,85.0,43.0
1786438852.184835,457.476,1980,3201,96.0,85.0,43.0
1786438852.194838,457.085,1980,3201,96.0,85.0,43.0
1786438852.204836,457.085,1980,3201,96.0,85.0,43.0
1786438852.214838,457.085,1980,3201,96.0,85.0,43.0
1786438852.224834,457.085,1980,3201,96.0,85.0,43.0
1786438852.234838,457.085,1980,3201,96.0,85.0,43.0
1786438852.244836,457.085,1980,3201,96.0,85.0,43.0
1786438852.254838,457.085,1980,3201,96.0,85.0,43.0
1786438852.264837,457.085,1980,3201,96.0,85.0,43.0
1786438852.274838,457.085,1980,3201,96.0,85.0,43.0
1786438852.284837,457.085,1980,3201,96.0,85.0,43.0
1786438852.294836,456.871,1980,3201,96.0,85.0,43.0
1786438852.304835,456.871,1980,3201,96.0,85.0,43.0
1786438852.314838,456.871,1980,3201,96.0,85.0,43.0
1786438852.324836,456.871,1980,3201,96.0,85.0,43.0
1786438852.334843,456.871,1980,3201,96.0,85.0,43.0
1786438852.344836,456.871,1980,3201,96.0,85.0,43.0
1786438852.354836,456.871,1980,3201,96.0,85.0,43.0
1786438852.364836,456.871,1980,3201,96.0,85.0,43.0
1786438852.374836,456.871,1980,3201,96.0,85.0,43.0
1786438852.384835,456.871,1980,3201,96.0,85.0,43.0
1786438852.394836,454.713,1980,3201,96.0,85.0,43.0
1786438852.404836,454.713,1980,3201,96.0,85.0,43.0
1786438852.414836,454.713,1980,3201,96.0,85.0,43.0
1786438852.424837,454.713,1980,3201,96.0,85.0,43.0
1786438852.435036,454.713,1980,3201,96.0,85.0,43.0
1786438852.444837,454.713,1980,3201,96.0,85.0,43.0
1786438852.455106,454.713,1980,3201,96.0,85.0,43.0
1786438852.464837,454.713,1980,3201,96.0,85.0,43.0
1786438852.475085,454.713,1980,3201,96.0,85.0,43.0
1786438852.484833,454.713,1980,3201,96.0,85.0,43.0
1786438852.495073,453.825,1980,3201,96.0,85.0,43.0
1786438852.504833,453.825,1980,3201,96.0,85.0,43.0
1786438852.514836,453.825,1980,3201,96.0,85.0,43.0
1786438852.524840,453.825,1980,3201,96.0,85.0,43.0
1786438852.534858,453.825,1980,3201,96.0,85.0,43.0
1786438852.544838,453.825,1980,3201,96.0,85.0,43.0
1786438852.554906,453.825,1980,3201,96.0,85.0,43.0
1786438852.564841,453.825,1980,3201,96.0,85.0,43.0
1786438852.574836,453.825,1980,3201,96.0,85.0,43.0
1786438852.584838,453.825,1980,3201,96.0,85.0,43.0
1786438852.594836,451.781,1980,3201,96.0,85.0,43.0
1786438852.604836,451.781,1980,3201,96.0,85.0,43.0
1786438852.614839,451.781,1980,3201,96.0,85.0,43.0
1786438852.624839,451.781,1980,3201,96.0,85.0,43.0
1786438852.634839,451.781,1980,3201,96.0,85.0,43.0
1786438852.644838,451.781,1980,3201,96.0,85.0,43.0
1786438852.654840,451.781,1980,3201,96.0,85.0,43.0
1786438852.664840,451.781,1980,3201,96.0,85.0,43.0
1786438852.674839,451.781,1980,3201,96.0,85.0,43.0
1786438852.684839,451.781,1980,3201,96.0,85.0,43.0
1786438852.694838,450.895,1980,3201,96.0,85.0,43.0
1786438852.704838,450.895,1980,3201,96.0,85.0,43.0
1786438852.714839,450.895,1980,3201,96.0,85.0,43.0
1786438852.724838,450.895,1980,3201,96.0,85.0,43.0
1786438852.734838,450.895,1980,3201,96.0,85.0,43.0
1786438852.744837,450.895,1980,3201,96.0,85.0,43.0
1786438852.754839,450.895,1980,3201,96.0,85.0,43.0
1786438852.764840,450.895,1980,3201,96.0,85.0,43.0
1786438852.774834,450.895,1980,3201,96.0,85.0,43.0
1786438852.784840,450.895,1980,3201,96.0,85.0,43.0
1786438852.794836,449.244,1980,3201,95.0,84.0,43.0
1786438852.804839,449.244,1980,3201,95.0,84.0,43.0
1786438852.814841,449.244,1980,3201,95.0,84.0,43.0
1786438852.824839,449.244,1980,3201,95.0,84.0,43.0
1786438852.834835,449.244,1980,3201,95.0,84.0,43.0
1786438852.844837,449.244,1980,3201,95.0,84.0,43.0
1786438852.855112,449.244,1980,3201,95.0,84.0,43.0
1786438852.864838,449.244,1980,3201,95.0,84.0,43.0
1786438852.875050,449.244,1980,3201,95.0,84.0,43.0
1786438852.884840,449.244,1980,3201,95.0,84.0,43.0
1786438852.894832,448.552,1980,3201,95.0,84.0,43.0
1786438852.904835,448.552,1980,3201,95.0,84.0,43.0
1786438852.915006,448.552,1980,3201,95.0,84.0,43.0
1786438852.924843,448.552,1980,3201,95.0,84.0,43.0
1786438852.935054,448.552,1980,3201,95.0,84.0,43.0
1786438852.944837,448.552,1980,3201,95.0,84.0,43.0
1786438852.954863,448.552,1980,3201,95.0,84.0,43.0
1786438852.964838,448.552,1980,3201,95.0,84.0,43.0
1786438852.974836,448.552,1980,3201,95.0,84.0,43.0
1786438852.984839,448.552,1980,3201,95.0,84.0,43.0
1786438852.994840,447.856,1980,3201,96.0,85.0,43.0
1786438853.004837,447.856,1980,3201,96.0,85.0,43.0
1786438853.014836,447.856,1980,3201,96.0,85.0,43.0
1786438853.024835,447.856,1980,3201,96.0,85.0,43.0
1786438853.034837,447.856,1980,3201,96.0,85.0,43.0
1786438853.044835,447.856,1980,3201,96.0,85.0,43.0
1786438853.054837,447.856,1980,3201,96.0,85.0,43.0
1786438853.064839,447.856,1980,3201,96.0,85.0,43.0
1786438853.074835,447.856,1980,3201,96.0,85.0,43.0
1786438853.084835,447.856,1980,3201,96.0,85.0,43.0
1786438853.094834,446.992,1980,3201,96.0,85.0,43.0
1786438853.104836,446.992,1980,3201,96.0,85.0,43.0
1786438853.114835,446.992,1980,3201,96.0,85.0,43.0
1786438853.124835,446.992,1980,3201,96.0,85.0,43.0
1786438853.134833,446.992,1980,3201,96.0,85.0,43.0
1786438853.144835,446.992,1980,3201,96.0,85.0,43.0
1786438853.154833,446.992,1980,3201,96.0,85.0,43.0
1786438853.164836,446.992,1980,3201,96.0,85.0,43.0
1786438853.174834,446.992,1980,3201,96.0,85.0,43.0
1786438853.184835,446.992,1980,3201,96.0,85.0,43.0
1786438853.194834,446.000,1980,3201,97.0,86.0,43.0
1786438853.204835,446.000,1980,3201,97.0,86.0,43.0
1786438853.214834,446.000,1980,3201,97.0,86.0,43.0
1786438853.224836,446.000,1980,3201,97.0,86.0,43.0
1786438853.234835,446.000,1980,3201,97.0,86.0,43.0
1786438853.244834,446.000,1980,3201,97.0,86.0,43.0
1786438853.254834,446.000,1980,3201,97.0,86.0,43.0
1786438853.264836,446.000,1980,3201,97.0,86.0,43.0
1786438853.274833,446.000,1980,3201,97.0,86.0,43.0
1786438853.284834,446.000,1980,3201,97.0,86.0,43.0
1786438853.294834,444.810,1980,3201,97.0,86.0,43.0
1786438853.304835,444.810,1980,3201,97.0,86.0,43.0
1786438853.314834,444.810,1980,3201,97.0,86.0,43.0
1786438853.324836,444.810,1980,3201,97.0,86.0,43.0
1786438853.334834,444.810,1980,3201,97.0,86.0,43.0
1786438853.344834,444.810,1980,3201,97.0,86.0,43.0
1786438853.354834,444.810,1980,3201,97.0,86.0,43.0
1786438853.364835,444.810,1980,3201,97.0,86.0,43.0
1786438853.374835,444.810,1980,3201,97.0,86.0,43.0
1786438853.384836,444.810,1980,3201,97.0,86.0,43.0
1786438853.394834,446.461,1980,3201,96.0,86.0,43.0
1786438853.404922,446.461,1980,3201,96.0,86.0,43.0
1786438853.414835,446.461,1980,3201,96.0,86.0,43.0
1786438853.424834,446.461,1980,3201,96.0,86.0,43.0
1786438853.434835,446.461,1980,3201,96.0,86.0,43.0
1786438853.444836,446.461,1980,3201,96.0,86.0,43.0
1786438853.454917,446.461,1980,3201,96.0,86.0,43.0
1786438853.464840,446.461,1980,3201,96.0,86.0,43.0
1786438853.474882,446.461,1980,3201,96.0,86.0,43.0
1786438853.484839,446.461,1980,3201,96.0,86.0,43.0
1786438853.494880,446.294,1980,3201,96.0,86.0,43.0
1786438853.504864,446.294,1980,3201,96.0,86.0,43.0
1786438853.514889,446.294,1980,3201,96.0,86.0,43.0
1786438853.524863,446.294,1980,3201,96.0,86.0,43.0
1786438853.534928,446.294,1980,3201,96.0,86.0,43.0
1786438853.545024,446.294,1980,3201,96.0,86.0,43.0
1786438853.554916,446.294,1980,3201,96.0,86.0,43.0
1786438853.564859,446.294,1980,3201,96.0,86.0,43.0
1786438853.574914,446.294,1980,3201,96.0,86.0,43.0
1786438853.584840,446.294,1980,3201,96.0,86.0,43.0
1786438853.594882,446.882,1980,3201,96.0,85.0,43.0
1786438853.604840,446.882,1980,3201,96.0,85.0,43.0
1786438853.614840,446.882,1980,3201,96.0,85.0,43.0
1786438853.624874,446.882,1980,3201,96.0,85.0,43.0
1786438853.634840,446.882,1980,3201,96.0,85.0,43.0
1786438853.644840,446.882,1980,3201,96.0,85.0,43.0
1786438853.654840,446.882,1980,3201,96.0,85.0,43.0
1786438853.664841,446.882,1980,3201,96.0,85.0,43.0
1786438853.674886,446.882,1980,3201,96.0,85.0,43.0
1786438853.684840,446.882,1980,3201,96.0,85.0,43.0
1786438853.694844,447.827,1980,3201,96.0,85.0,43.0
1786438853.704840,447.827,1980,3201,96.0,85.0,43.0
1786438853.714862,447.827,1980,3201,96.0,85.0,43.0
1786438853.724866,447.827,1980,3201,96.0,85.0,43.0
1786438853.734911,447.827,1980,3201,96.0,85.0,43.0
1786438853.744884,447.827,1980,3201,96.0,85.0,43.0
1786438853.754858,447.827,1980,3201,96.0,85.0,43.0
1786438853.764842,447.827,1980,3201,96.0,85.0,43.0
1786438853.774840,447.827,1980,3201,96.0,85.0,43.0
1786438853.784891,447.827,1980,3201,96.0,85.0,43.0
1786438853.794854,449.559,1980,3201,96.0,85.0,43.0
1786438853.804839,449.559,1980,3201,96.0,85.0,43.0
1786438853.814913,449.559,1980,3201,96.0,85.0,43.0
1786438853.824921,449.559,1980,3201,96.0,85.0,43.0
1786438853.834912,449.559,1980,3201,96.0,85.0,43.0
1786438853.844936,449.559,1980,3201,96.0,85.0,43.0
1786438853.854839,449.559,1980,3201,96.0,85.0,43.0
1786438853.864924,449.559,1980,3201,96.0,85.0,43.0
1786438853.874877,449.559,1980,3201,96.0,85.0,43.0
1786438853.884861,449.559,1980,3201,96.0,85.0,43.0
1786438853.894866,450.075,1980,3201,96.0,85.0,43.0
1786438853.904859,450.075,1980,3201,96.0,85.0,43.0
1786438853.914839,450.075,1980,3201,96.0,85.0,43.0
1786438853.924990,450.075,1980,3201,96.0,85.0,43.0
1786438853.934912,450.075,1980,3201,96.0,85.0,43.0
1786438853.944957,450.075,1980,3201,96.0,85.0,43.0
1786438853.954880,450.075,1980,3201,96.0,85.0,43.0
1786438853.964854,450.075,1980,3201,96.0,85.0,43.0
1786438853.974970,450.075,1980,3201,96.0,85.0,43.0
1786438853.984923,450.075,1980,3201,96.0,85.0,43.0
1786438853.994917,450.495,1980,3201,96.0,85.0,43.0
1786438854.004838,450.495,1980,3201,96.0,85.0,43.0
1786438854.014906,450.495,1980,3201,96.0,85.0,43.0
1786438854.024839,450.495,1980,3201,96.0,85.0,43.0
1786438854.034914,450.495,1980,3201,96.0,85.0,43.0
1786438854.044887,450.495,1980,3201,96.0,85.0,43.0
1786438854.054871,450.495,1980,3201,96.0,85.0,43.0
1786438854.064865,450.495,1980,3201,96.0,85.0,43.0
1786438854.074920,450.495,1980,3201,96.0,85.0,43.0
1786438854.084853,450.495,1980,3201,96.0,85.0,43.0
1786438854.094919,451.515,1980,3201,96.0,85.0,43.0
1786438854.104851,451.515,1980,3201,96.0,85.0,43.0
1786438854.114856,451.515,1980,3201,96.0,85.0,43.0
1786438854.124860,451.515,1980,3201,96.0,85.0,43.0
1786438854.134853,451.515,1980,3201,96.0,85.0,43.0
1786438854.144919,451.515,1980,3201,96.0,85.0,43.0
1786438854.154862,451.515,1980,3201,96.0,85.0,43.0
1786438854.164928,451.515,1980,3201,96.0,85.0,43.0
1786438854.174912,451.515,1980,3201,96.0,85.0,43.0
1786438854.184875,451.515,1980,3201,96.0,85.0,43.0
1786438854.194859,451.884,1980,3201,96.0,85.0,43.0
1786438854.204914,451.884,1980,3201,96.0,85.0,43.0
1786438854.214929,451.884,1980,3201,96.0,85.0,43.0
1786438854.224851,451.884,1980,3201,96.0,85.0,43.0
1786438854.234927,451.884,1980,3201,96.0,85.0,43.0
1786438854.244921,451.884,1980,3201,96.0,85.0,43.0
1786438854.254935,451.884,1980,3201,96.0,85.0,43.0
1786438854.264858,451.884,1980,3201,96.0,85.0,43.0
1786438854.274913,451.884,1980,3201,96.0,85.0,43.0
1786438854.284968,451.884,1980,3201,96.0,85.0,43.0
1786438854.294911,452.598,1980,3201,96.0,85.0,43.0
1786438854.304864,452.598,1980,3201,96.0,85.0,43.0
1786438854.314920,452.598,1980,3201,96.0,85.0,43.0
1786438854.324924,452.598,1980,3201,96.0,85.0,43.0
1786438854.334857,452.598,1980,3201,96.0,85.0,43.0
1786438854.344861,452.598,1980,3201,96.0,85.0,43.0
1786438854.354947,452.598,1980,3201,96.0,85.0,43.0
1786438854.364859,452.598,1980,3201,96.0,85.0,43.0
1786438854.374839,452.598,1980,3201,96.0,85.0,43.0
1786438854.384857,452.598,1980,3201,96.0,85.0,43.0
1786438854.394841,452.827,1980,3201,96.0,85.0,43.0
1786438854.404866,452.827,1980,3201,96.0,85.0,43.0
1786438854.414921,452.827,1980,3201,96.0,85.0,43.0
1786438854.424925,452.827,1980,3201,96.0,85.0,43.0
1786438854.434857,452.827,1980,3201,96.0,85.0,43.0
1786438854.444838,452.827,1980,3201,96.0,85.0,43.0
1786438854.454918,452.827,1980,3201,96.0,85.0,43.0
1786438854.464860,452.827,1980,3201,96.0,85.0,43.0
1786438854.474838,452.827,1980,3201,96.0,85.0,43.0
1786438854.484837,452.827,1980,3201,96.0,85.0,43.0
1786438854.494837,452.802,1980,3201,96.0,85.0,43.0
1786438854.504835,452.802,1980,3201,96.0,85.0,43.0
1786438854.514835,452.802,1980,3201,96.0,85.0,43.0
1786438854.524835,452.802,1980,3201,96.0,85.0,43.0
1786438854.534835,452.802,1980,3201,96.0,85.0,43.0
1786438854.544835,452.802,1980,3201,96.0,85.0,43.0
1786438854.554835,452.802,1980,3201,96.0,85.0,43.0
1786438854.564835,452.802,1980,3201,96.0,85.0,43.0
1786438854.574835,452.802,1980,3201,96.0,85.0,43.0
1786438854.584835,452.802,1980,3201,96.0,85.0,43.0
1786438854.594836,453.187,1980,3201,96.0,85.0,43.0
1786438854.604835,453.187,1980,3201,96.0,85.0,43.0
1786438854.614834,453.187,1980,3201,96.0,85.0,43.0
1786438854.624835,453.187,1980,3201,96.0,85.0,43.0
1786438854.634852,453.187,1980,3201,96.0,85.0,43.0
1786438854.644967,453.187,1980,3201,96.0,85.0,43.0
1786438854.654971,453.187,1980,3201,96.0,85.0,43.0
1786438854.664985,453.187,1980,3201,96.0,85.0,43.0
1786438854.674918,453.187,1980,3201,96.0,85.0,43.0
1786438854.684861,453.187,1980,3201,96.0,85.0,43.0
1786438854.694917,452.839,1980,3201,96.0,85.0,43.0
1786438854.704859,452.839,1980,3201,96.0,85.0,43.0
1786438854.714853,452.839,1980,3201,96.0,85.0,43.0
1786438854.724857,452.839,1980,3201,96.0,85.0,43.0
1786438854.734862,452.839,1980,3201,96.0,85.0,43.0
1786438854.744917,452.839,1980,3201,96.0,85.0,43.0
1786438854.754973,452.839,1980,3201,96.0,85.0,43.0
1786438854.764864,452.839,1980,3201,96.0,85.0,43.0
1786438854.774930,452.839,1980,3201,96.0,85.0,43.0
1786438854.784883,452.839,1980,3201,96.0,85.0,43.0
1786438854.794856,452.008,1980,3201,96.0,85.0,43.0
1786438854.804912,452.008,1980,3201,96.0,85.0,43.0
1786438854.814916,452.008,1980,3201,96.0,85.0,43.0
1786438854.824834,452.008,1980,3201,96.0,85.0,43.0
1786438854.834834,452.008,1980,3201,96.0,85.0,43.0
1786438854.844838,452.008,1980,3201,96.0,85.0,43.0
1786438854.854904,452.008,1980,3201,96.0,85.0,43.0
1786438854.864838,452.008,1980,3201,96.0,85.0,43.0
1786438854.874870,452.008,1980,3201,96.0,85.0,43.0
1786438854.884863,452.008,1980,3201,96.0,85.0,43.0
1786438854.894868,451.945,1980,3201,96.0,85.0,43.0
1786438854.904839,451.945,1980,3201,96.0,85.0,43.0
1786438854.914917,451.945,1980,3201,96.0,85.0,43.0
1786438854.924922,451.945,1980,3201,96.0,85.0,43.0
1786438854.934916,451.945,1980,3201,96.0,85.0,43.0
1786438854.944920,451.945,1980,3201,96.0,85.0,43.0
1786438854.954924,451.945,1980,3201,96.0,85.0,43.0
1786438854.964857,451.945,1980,3201,96.0,85.0,43.0
1786438854.974912,451.945,1980,3201,96.0,85.0,43.0
1786438854.984916,451.945,1980,3201,96.0,85.0,43.0
1786438854.994839,451.831,1980,3201,96.0,85.0,43.0
1786438855.004915,451.831,1980,3201,96.0,85.0,43.0
1786438855.014929,451.831,1980,3201,96.0,85.0,43.0
1786438855.024933,451.831,1980,3201,96.0,85.0,43.0
1786438855.034837,451.831,1980,3201,96.0,85.0,43.0
1786438855.044890,451.831,1980,3201,96.0,85.0,43.0
1786438855.054904,451.831,1980,3201,96.0,85.0,43.0
1786438855.064879,451.831,1980,3201,96.0,85.0,43.0
1786438855.074893,451.831,1980,3201,96.0,85.0,43.0
1786438855.084867,451.831,1980,3201,96.0,85.0,43.0
1786438855.094840,451.424,1980,3201,96.0,85.0,43.0
1786438855.104875,451.424,1980,3201,96.0,85.0,43.0
1786438855.114879,451.424,1980,3201,96.0,85.0,43.0
1786438855.124884,451.424,1980,3201,96.0,85.0,43.0
1786438855.134840,451.424,1980,3201,96.0,85.0,43.0
1786438855.144841,451.424,1980,3201,96.0,85.0,43.0
1786438855.154876,451.424,1980,3201,96.0,85.0,43.0
1786438855.164840,451.424,1980,3201,96.0,85.0,43.0
1786438855.174839,451.424,1980,3201,96.0,85.0,43.0
1786438855.184839,451.424,1980,3201,96.0,85.0,43.0
1786438855.194852,451.336,1980,3201,96.0,85.0,43.0
1786438855.204840,451.336,1980,3201,96.0,85.0,43.0
1786438855.214839,451.336,1980,3201,96.0,85.0,43.0
1786438855.224875,451.336,1980,3201,96.0,85.0,43.0
1786438855.234930,451.336,1980,3201,96.0,85.0,43.0
1786438855.244842,451.336,1980,3201,96.0,85.0,43.0
1786438855.254840,451.336,1980,3201,96.0,85.0,43.0
1786438855.264841,451.336,1980,3201,96.0,85.0,43.0
1786438855.274875,451.336,1980,3201,96.0,85.0,43.0
1786438855.284840,451.336,1980,3201,96.0,85.0,43.0
1786438855.294894,451.476,1980,3201,96.0,85.0,43.0
1786438855.304839,451.476,1980,3201,96.0,85.0,43.0
1786438855.314841,451.476,1980,3201,96.0,85.0,43.0
1786438855.324855,451.476,1980,3201,96.0,85.0,43.0
1786438855.334838,451.476,1980,3201,96.0,85.0,43.0
1786438855.344915,451.476,1980,3201,96.0,85.0,43.0
1786438855.354837,451.476,1980,3201,96.0,85.0,43.0
1786438855.364836,451.476,1980,3201,96.0,85.0,43.0
1786438855.374835,451.476,1980,3201,96.0,85.0,43.0
1786438855.384835,451.476,1980,3201,96.0,85.0,43.0
1786438855.394835,451.801,1980,3201,96.0,85.0,43.0
1786438855.404835,451.801,1980,3201,96.0,85.0,43.0
1786438855.414834,451.801,1980,3201,96.0,85.0,43.0
1786438855.424834,451.801,1980,3201,96.0,85.0,43.0
1786438855.434835,451.801,1980,3201,96.0,85.0,43.0
1786438855.444835,451.801,1980,3201,96.0,85.0,43.0
1786438855.454834,451.801,1980,3201,96.0,85.0,43.0
1786438855.464834,451.801,1980,3201,96.0,85.0,43.0
1786438855.474833,451.801,1980,3201,96.0,85.0,43.0
1786438855.484835,451.801,1980,3201,96.0,85.0,43.0
1786438855.495040,451.963,1980,3201,96.0,85.0,43.0
1786438855.504838,451.963,1980,3201,96.0,85.0,43.0
1786438855.514837,451.963,1980,3201,96.0,85.0,43.0
1786438855.524834,451.963,1980,3201,96.0,85.0,43.0
1786438855.534885,451.963,1980,3201,96.0,85.0,43.0
1786438855.544879,451.963,1980,3201,96.0,85.0,43.0
1786438855.554832,451.963,1980,3201,96.0,85.0,43.0
1786438855.564839,451.963,1980,3201,96.0,85.0,43.0
1786438855.574840,451.963,1980,3201,96.0,85.0,43.0
1786438855.584838,451.963,1980,3201,96.0,85.0,43.0
1786438855.594840,451.726,1980,3201,96.0,85.0,43.0
1786438855.604840,451.726,1980,3201,96.0,85.0,43.0
1786438855.614834,451.726,1980,3201,96.0,85.0,43.0
1786438855.624838,451.726,1980,3201,96.0,85.0,43.0
1786438855.634840,451.726,1980,3201,96.0,85.0,43.0
1786438855.644838,451.726,1980,3201,96.0,85.0,43.0
1786438855.654839,451.726,1980,3201,96.0,85.0,43.0
1786438855.664840,451.726,1980,3201,96.0,85.0,43.0
1786438855.674839,451.726,1980,3201,96.0,85.0,43.0
1786438855.684838,451.726,1980,3201,96.0,85.0,43.0
1786438855.694839,451.899,1980,3201,96.0,85.0,43.0
1786438855.704837,451.899,1980,3201,96.0,85.0,43.0
1786438855.714838,451.899,1980,3201,96.0,85.0,43.0
1786438855.724834,451.899,1980,3201,96.0,85.0,43.0
1786438855.734839,451.899,1980,3201,96.0,85.0,43.0
1786438855.744838,451.899,1980,3201,96.0,85.0,43.0
1786438855.754838,451.899,1980,3201,96.0,85.0,43.0
1786438855.764837,451.899,1980,3201,96.0,85.0,43.0
1786438855.774840,451.899,1980,3201,96.0,85.0,43.0
1786438855.784839,451.899,1980,3201,96.0,85.0,43.0
1786438855.794837,452.238,1980,3201,96.0,85.0,43.0
1786438855.804839,452.238,1980,3201,96.0,85.0,43.0
1786438855.814838,452.238,1980,3201,96.0,85.0,43.0
1786438855.824834,452.238,1980,3201,96.0,85.0,43.0
1786438855.834837,452.238,1980,3201,96.0,85.0,43.0
1786438855.844837,452.238,1980,3201,96.0,85.0,43.0
1786438855.854836,452.238,1980,3201,96.0,85.0,43.0
1786438855.864839,452.238,1980,3201,96.0,85.0,43.0
1786438855.874838,452.238,1980,3201,96.0,85.0,43.0
1786438855.884834,452.238,1980,3201,96.0,85.0,43.0
1786438855.894838,452.185,1980,3201,96.0,85.0,43.0
1786438855.904839,452.185,1980,3201,96.0,85.0,43.0
1786438855.914837,452.185,1980,3201,96.0,85.0,43.0
1786438855.924835,452.185,1980,3201,96.0,85.0,43.0
1786438855.934838,452.185,1980,3201,96.0,85.0,43.0
1786438855.944838,452.185,1980,3201,96.0,85.0,43.0
1786438855.954839,452.185,1980,3201,96.0,85.0,43.0
1786438855.964838,452.185,1980,3201,96.0,85.0,43.0
1786438855.974838,452.185,1980,3201,96.0,85.0,43.0
1786438855.984838,452.185,1980,3201,96.0,85.0,43.0
1786438855.994839,451.888,1980,3201,96.0,85.0,43.0
1786438856.004838,451.888,1980,3201,96.0,85.0,43.0
1786438856.014837,451.888,1980,3201,96.0,85.0,43.0
1786438856.024835,451.888,1980,3201,96.0,85.0,43.0
1786438856.034839,451.888,1980,3201,96.0,85.0,43.0
1786438856.044840,451.888,1980,3201,96.0,85.0,43.0
1786438856.054839,451.888,1980,3201,96.0,85.0,43.0
1786438856.064838,451.888,1980,3201,96.0,85.0,43.0
1786438856.074836,451.888,1980,3201,96.0,85.0,43.0
1786438856.084836,451.888,1980,3201,96.0,85.0,43.0
1786438856.094834,451.928,1980,3201,96.0,85.0,43.0
1786438856.104837,451.928,1980,3201,96.0,85.0,43.0
1786438856.114839,451.928,1980,3201,96.0,85.0,43.0
1786438856.124836,451.928,1980,3201,96.0,85.0,43.0
1786438856.134841,451.928,1980,3201,96.0,85.0,43.0
1786438856.144839,451.928,1980,3201,96.0,85.0,43.0
1786438856.154839,451.928,1980,3201,96.0,85.0,43.0
1786438856.164834,451.928,1980,3201,96.0,85.0,43.0
1786438856.174838,451.928,1980,3201,96.0,85.0,43.0
1786438856.184839,451.928,1980,3201,96.0,85.0,43.0
1786438856.194838,451.967,1980,3201,96.0,85.0,43.0
1786438856.204837,451.967,1980,3201,96.0,85.0,43.0
1786438856.214838,451.967,1980,3201,96.0,85.0,43.0
1786438856.224834,451.967,1980,3201,96.0,85.0,43.0
1786438856.234838,451.967,1980,3201,96.0,85.0,43.0
1786438856.244836,451.967,1980,3201,96.0,85.0,43.0
1786438856.254839,451.967,1980,3201,96.0,85.0,43.0
1786438856.264838,451.967,1980,3201,96.0,85.0,43.0
1786438856.274841,451.967,1980,3201,96.0,85.0,43.0
1786438856.284884,451.967,1980,3201,96.0,85.0,43.0
1786438856.294839,451.854,1980,3201,96.0,85.0,43.0
1786438856.304835,451.854,1980,3201,96.0,85.0,43.0
1786438856.314835,451.854,1980,3201,96.0,85.0,43.0
1786438856.324836,451.854,1980,3201,96.0,85.0,43.0
1786438856.334837,451.854,1980,3201,96.0,85.0,43.0
1786438856.344839,451.854,1980,3201,96.0,85.0,43.0
1786438856.354839,451.854,1980,3201,96.0,85.0,43.0
1786438856.364835,451.854,1980,3201,96.0,85.0,43.0
1786438856.374839,451.854,1980,3201,96.0,85.0,43.0
1786438856.384836,451.854,1980,3201,96.0,85.0,43.0
1786438856.394835,452.328,1980,3201,96.0,85.0,43.0
1786438856.404835,452.328,1980,3201,96.0,85.0,43.0
1786438856.414835,452.328,1980,3201,96.0,85.0,43.0
1786438856.424834,452.328,1980,3201,96.0,85.0,43.0
1786438856.434834,452.328,1980,3201,96.0,85.0,43.0
1786438856.444835,452.328,1980,3201,96.0,85.0,43.0
1786438856.454836,452.328,1980,3201,96.0,85.0,43.0
1786438856.464834,452.328,1980,3201,96.0,85.0,43.0
1786438856.474835,452.328,1980,3201,96.0,85.0,43.0
1786438856.484835,452.328,1980,3201,96.0,85.0,43.0
1786438856.494835,452.327,1980,3201,96.0,85.0,43.0
1786438856.504836,452.327,1980,3201,96.0,85.0,43.0
1786438856.514835,452.327,1980,3201,96.0,85.0,43.0
1786438856.524835,452.327,1980,3201,96.0,85.0,43.0
1786438856.534835,452.327,1980,3201,96.0,85.0,43.0
1786438856.544835,452.327,1980,3201,96.0,85.0,43.0
1786438856.554834,452.327,1980,3201,96.0,85.0,43.0
1786438856.564835,452.327,1980,3201,96.0,85.0,43.0
1786438856.574833,452.327,1980,3201,96.0,85.0,43.0
1786438856.584834,452.327,1980,3201,96.0,85.0,43.0
1786438856.594836,453.195,1980,3201,96.0,86.0,43.0
1786438856.604835,453.195,1980,3201,96.0,86.0,43.0
1786438856.614834,453.195,1980,3201,96.0,86.0,43.0
1786438856.624834,453.195,1980,3201,96.0,86.0,43.0
1786438856.634838,453.195,1980,3201,96.0,86.0,43.0
1786438856.644834,453.195,1980,3201,96.0,86.0,43.0
1786438856.654835,453.195,1980,3201,96.0,86.0,43.0
1786438856.664836,453.195,1980,3201,96.0,86.0,43.0
1786438856.674836,453.195,1980,3201,96.0,86.0,43.0
1786438856.684835,453.195,1980,3201,96.0,86.0,43.0
1786438856.694834,453.055,1980,3201,96.0,86.0,43.0
1786438856.704925,453.055,1980,3201,96.0,86.0,43.0
1786438856.714890,453.055,1980,3201,96.0,86.0,43.0
1786438856.724884,453.055,1980,3201,96.0,86.0,43.0
1786438856.734839,453.055,1980,3201,96.0,86.0,43.0
1786438856.744838,453.055,1980,3201,96.0,86.0,43.0
1786438856.754839,453.055,1980,3201,96.0,86.0,43.0
1786438856.764838,453.055,1980,3201,96.0,86.0,43.0
1786438856.774837,453.055,1980,3201,96.0,86.0,43.0
1786438856.784836,453.055,1980,3201,96.0,86.0,43.0
1786438856.794836,453.055,1980,3201,96.0,86.0,43.0
1786438856.804835,453.055,1980,3201,96.0,86.0,43.0
1786438856.814836,453.055,1980,3201,96.0,86.0,43.0
1786438856.824836,453.055,1980,3201,96.0,86.0,43.0
1786438856.834834,453.055,1980,3201,96.0,86.0,43.0
1786438856.844831,453.055,1980,3201,96.0,86.0,43.0
1786438856.854834,453.055,1980,3201,96.0,86.0,43.0
1786438856.864835,453.055,1980,3201,96.0,86.0,43.0
1786438856.874835,453.055,1980,3201,96.0,86.0,43.0
1786438856.884835,453.055,1980,3201,96.0,86.0,43.0
1786438856.894835,453.243,1980,3201,96.0,86.0,43.0
1786438856.904836,453.243,1980,3201,96.0,86.0,43.0
1786438856.914835,453.243,1980,3201,96.0,86.0,43.0
1786438856.924929,453.243,1980,3201,96.0,86.0,43.0
1786438856.934838,453.243,1980,3201,96.0,86.0,43.0
1786438856.944837,453.243,1980,3201,96.0,86.0,43.0
1786438856.954837,453.243,1980,3201,96.0,86.0,43.0
1786438856.964837,453.243,1980,3201,96.0,86.0,43.0
1786438856.974838,453.243,1980,3201,96.0,86.0,43.0
1786438856.984843,453.243,1980,3201,96.0,86.0,43.0
1786438856.994838,453.589,1980,3201,96.0,86.0,43.0
1786438857.004837,453.589,1980,3201,96.0,86.0,43.0
1786438857.014837,453.589,1980,3201,96.0,86.0,43.0
1786438857.024833,453.589,1980,3201,96.0,86.0,43.0
1786438857.034837,453.589,1980,3201,96.0,86.0,43.0
1786438857.044838,453.589,1980,3201,96.0,86.0,43.0
1786438857.054838,453.589,1980,3201,96.0,86.0,43.0
1786438857.064837,453.589,1980,3201,96.0,86.0,43.0
1786438857.074840,453.589,1980,3201,96.0,86.0,43.0
1786438857.084838,453.589,1980,3201,96.0,86.0,43.0
1786438857.094837,453.540,1980,3201,96.0,86.0,43.0
1786438857.104838,453.540,1980,3201,96.0,86.0,43.0
1786438857.114839,453.540,1980,3201,96.0,86.0,43.0
1786438857.124835,453.540,1980,3201,96.0,86.0,43.0
1786438857.134837,453.540,1980,3201,96.0,86.0,43.0
1786438857.144838,453.540,1980,3201,96.0,86.0,43.0
1786438857.154838,453.540,1980,3201,96.0,86.0,43.0
1786438857.164837,453.540,1980,3201,96.0,86.0,43.0
1786438857.174840,453.540,1980,3201,96.0,86.0,43.0
1786438857.184838,453.540,1980,3201,96.0,86.0,43.0
1786438857.194837,453.888,1980,3201,96.0,85.0,43.0
1786438857.204839,453.888,1980,3201,96.0,85.0,43.0
1786438857.214838,453.888,1980,3201,96.0,85.0,43.0
1786438857.224834,453.888,1980,3201,96.0,85.0,43.0
1786438857.234837,453.888,1980,3201,96.0,85.0,43.0
1786438857.244837,453.888,1980,3201,96.0,85.0,43.0
1786438857.254837,453.888,1980,3201,96.0,85.0,43.0
1786438857.264837,453.888,1980,3201,96.0,85.0,43.0
1786438857.274835,453.888,1980,3201,96.0,85.0,43.0
1786438857.284836,453.888,1980,3201,96.0,85.0,43.0
1786438857.294837,454.572,1980,3201,96.0,85.0,43.0
1786438857.304838,454.572,1980,3201,96.0,85.0,43.0
1786438857.314880,454.572,1980,3201,96.0,85.0,43.0
1786438857.324841,454.572,1980,3201,96.0,85.0,43.0
1786438857.334837,454.572,1980,3201,96.0,85.0,43.0
1786438857.344831,454.572,1980,3201,96.0,85.0,43.0
1786438857.354838,454.572,1980,3201,96.0,85.0,43.0
1786438857.365045,454.572,1980,3201,96.0,85.0,43.0
1786438857.374838,454.572,1980,3201,96.0,85.0,43.0
1786438857.384839,454.572,1980,3201,96.0,85.0,43.0
1786438857.394835,454.356,1980,3201,96.0,86.0,43.0
1786438857.404833,454.356,1980,3201,96.0,86.0,43.0
1786438857.414839,454.356,1980,3201,96.0,86.0,43.0
1786438857.425088,454.356,1980,3201,96.0,86.0,43.0
1786438857.434840,454.356,1980,3201,96.0,86.0,43.0
1786438857.444835,454.356,1980,3201,96.0,86.0,43.0
1786438857.454838,454.356,1980,3201,96.0,86.0,43.0
1786438857.464839,454.356,1980,3201,96.0,86.0,43.0
1786438857.474840,454.356,1980,3201,96.0,86.0,43.0
1786438857.484837,454.356,1980,3201,96.0,86.0,43.0
1786438857.494836,454.965,1980,3201,96.0,86.0,43.0
1786438857.504835,454.965,1980,3201,96.0,86.0,43.0
1786438857.514837,454.965,1980,3201,96.0,86.0,43.0
1786438857.524834,454.965,1980,3201,96.0,86.0,43.0
1786438857.534837,454.965,1980,3201,96.0,86.0,43.0
1786438857.544835,454.965,1980,3201,96.0,86.0,43.0
1786438857.554889,454.965,1980,3201,96.0,86.0,43.0
1786438857.564836,454.965,1980,3201,96.0,86.0,43.0
1786438857.574839,454.965,1980,3201,96.0,86.0,43.0
1786438857.584839,454.965,1980,3201,96.0,86.0,43.0
1786438857.594839,454.183,1980,3201,96.0,86.0,43.0
1786438857.604832,454.183,1980,3201,96.0,86.0,43.0
1786438857.614836,454.183,1980,3201,96.0,86.0,43.0
1786438857.624830,454.183,1980,3201,96.0,86.0,43.0
1786438857.634836,454.183,1980,3201,96.0,86.0,43.0
1786438857.644831,454.183,1980,3201,96.0,86.0,43.0
1786438857.654838,454.183,1980,3201,96.0,86.0,43.0
1786438857.664830,454.183,1980,3201,96.0,86.0,43.0
1786438857.674837,454.183,1980,3201,96.0,86.0,43.0
1786438857.684831,454.183,1980,3201,96.0,86.0,43.0
1786438857.694866,454.444,1980,3201,96.0,86.0,43.0
1786438857.704830,454.444,1980,3201,96.0,86.0,43.0
1786438857.714835,454.444,1980,3201,96.0,86.0,43.0
1786438857.724830,454.444,1980,3201,96.0,86.0,43.0
1786438857.734838,454.444,1980,3201,96.0,86.0,43.0
1786438857.744830,454.444,1980,3201,96.0,86.0,43.0
1786438857.754836,454.444,1980,3201,96.0,86.0,43.0
1786438857.764830,454.444,1980,3201,96.0,86.0,43.0
1786438857.774840,454.444,1980,3201,96.0,86.0,43.0
1786438857.784837,454.444,1980,3201,96.0,86.0,43.0
1786438857.794839,455.135,1980,3201,96.0,85.0,43.0
1786438857.804831,455.135,1980,3201,96.0,85.0,43.0
1786438857.814840,455.135,1980,3201,96.0,85.0,43.0
1786438857.824834,455.135,1980,3201,96.0,85.0,43.0
1786438857.834839,455.135,1980,3201,96.0,85.0,43.0
1786438857.844836,455.135,1980,3201,96.0,85.0,43.0
1786438857.854838,455.135,1980,3201,96.0,85.0,43.0
1786438857.864838,455.135,1980,3201,96.0,85.0,43.0
1786438857.874839,455.135,1980,3201,96.0,85.0,43.0
1786438857.884831,455.135,1980,3201,96.0,85.0,43.0
1786438857.894837,455.581,1980,3201,96.0,85.0,43.0
1786438857.904830,455.581,1980,3201,96.0,85.0,43.0
1786438857.914840,455.581,1980,3201,96.0,85.0,43.0
1786438857.924834,455.581,1980,3201,96.0,85.0,43.0
1786438857.934840,455.581,1980,3201,96.0,85.0,43.0
1786438857.944838,455.581,1980,3201,96.0,85.0,43.0
1786438857.954840,455.581,1980,3201,96.0,85.0,43.0
1786438857.964839,455.581,1980,3201,96.0,85.0,43.0
1786438857.974838,455.581,1980,3201,96.0,85.0,43.0
1786438857.984838,455.581,1980,3201,96.0,85.0,43.0
1786438857.994839,455.245,1980,3201,96.0,85.0,43.0
1786438858.004837,455.245,1980,3201,96.0,85.0,43.0
1786438858.014836,455.245,1980,3201,96.0,85.0,43.0
1786438858.024834,455.245,1980,3201,96.0,85.0,43.0
1786438858.034840,455.245,1980,3201,96.0,85.0,43.0
1786438858.044830,455.245,1980,3201,96.0,85.0,43.0
1786438858.054833,455.245,1980,3201,96.0,85.0,43.0
1786438858.064829,455.245,1980,3201,96.0,85.0,43.0
1786438858.074833,455.245,1980,3201,96.0,85.0,43.0
1786438858.084829,455.245,1980,3201,96.0,85.0,43.0
1786438858.094833,456.279,1980,3201,96.0,85.0,43.0
1786438858.104829,456.279,1980,3201,96.0,85.0,43.0
1786438858.114834,456.279,1980,3201,96.0,85.0,43.0
1786438858.124828,456.279,1980,3201,96.0,85.0,43.0
1786438858.134834,456.279,1980,3201,96.0,85.0,43.0
1786438858.144830,456.279,1980,3201,96.0,85.0,43.0
1786438858.154833,456.279,1980,3201,96.0,85.0,43.0
1786438858.164833,456.279,1980,3201,96.0,85.0,43.0
1786438858.174830,456.279,1980,3201,96.0,85.0,43.0
1786438858.184830,456.279,1980,3201,96.0,85.0,43.0
1786438858.194834,455.942,1980,3201,96.0,85.0,43.0
1786438858.204837,455.942,1980,3201,96.0,85.0,43.0
1786438858.214835,455.942,1980,3201,96.0,85.0,43.0
1786438858.224830,455.942,1980,3201,96.0,85.0,43.0
1786438858.234833,455.942,1980,3201,96.0,85.0,43.0
1786438858.244829,455.942,1980,3201,96.0,85.0,43.0
1786438858.254833,455.942,1980,3201,96.0,85.0,43.0
1786438858.264836,455.942,1980,3201,96.0,85.0,43.0
1786438858.274834,455.942,1980,3201,96.0,85.0,43.0
1786438858.284832,455.942,1980,3201,96.0,85.0,43.0
1786438858.294833,456.359,1980,3201,96.0,85.0,43.0
1786438858.304835,456.359,1980,3201,96.0,85.0,43.0
1786438858.314836,456.359,1980,3201,96.0,85.0,43.0
1786438858.324829,456.359,1980,3201,96.0,85.0,43.0
1786438858.334834,456.359,1980,3201,96.0,85.0,43.0
1786438858.344830,456.359,1980,3201,96.0,85.0,43.0
1786438858.354833,456.359,1980,3201,96.0,85.0,43.0
1786438858.364920,456.359,1980,3201,96.0,85.0,43.0
1786438858.374835,456.359,1980,3201,96.0,85.0,43.0
1786438858.384794,456.359,1980,3201,96.0,85.0,43.0
1786438858.394836,456.502,1980,3201,96.0,85.0,43.0
1786438858.404838,456.502,1980,3201,96.0,85.0,43.0
1786438858.414838,456.502,1980,3201,96.0,85.0,43.0
1786438858.424837,456.502,1980,3201,96.0,85.0,43.0
1786438858.434838,456.502,1980,3201,96.0,85.0,43.0
1786438858.444837,456.502,1980,3201,96.0,85.0,43.0
1786438858.454837,456.502,1980,3201,96.0,85.0,43.0
1786438858.464839,456.502,1980,3201,96.0,85.0,43.0
1786438858.474834,456.502,1980,3201,96.0,85.0,43.0
1786438858.484837,456.502,1980,3201,96.0,85.0,43.0
1786438858.494837,456.912,1980,3201,96.0,85.0,43.0
1786438858.504838,456.912,1980,3201,96.0,85.0,43.0
1786438858.514837,456.912,1980,3201,96.0,85.0,43.0
1786438858.524837,456.912,1980,3201,96.0,85.0,43.0
1786438858.534835,456.912,1980,3201,96.0,85.0,43.0
1786438858.544837,456.912,1980,3201,96.0,85.0,43.0
1786438858.554838,456.912,1980,3201,96.0,85.0,43.0
1786438858.564837,456.912,1980,3201,96.0,85.0,43.0
1786438858.574835,456.912,1980,3201,96.0,85.0,43.0
1786438858.584837,456.912,1980,3201,96.0,85.0,43.0
1786438858.594837,457.945,1980,3201,96.0,85.0,43.0
1786438858.604872,457.945,1980,3201,96.0,85.0,43.0
1786438858.614837,457.945,1980,3201,96.0,85.0,43.0
1786438858.624837,457.945,1980,3201,96.0,85.0,43.0
1786438858.634837,457.945,1980,3201,96.0,85.0,43.0
1786438858.644837,457.945,1980,3201,96.0,85.0,43.0
1786438858.654835,457.945,1980,3201,96.0,85.0,43.0
1786438858.664837,457.945,1980,3201,96.0,85.0,43.0
1786438858.674835,457.945,1980,3201,96.0,85.0,43.0
1786438858.684837,457.945,1980,3201,96.0,85.0,43.0
1786438858.694837,458.307,1980,3201,96.0,85.0,43.0
1786438858.704837,458.307,1980,3201,96.0,85.0,43.0
1786438858.714838,458.307,1980,3201,96.0,85.0,43.0
1786438858.724838,458.307,1980,3201,96.0,85.0,43.0
1786438858.734837,458.307,1980,3201,96.0,85.0,43.0
1786438858.744839,458.307,1980,3201,96.0,85.0,43.0
1786438858.754837,458.307,1980,3201,96.0,85.0,43.0
1786438858.764837,458.307,1980,3201,96.0,85.0,43.0
1786438858.774834,458.307,1980,3201,96.0,85.0,43.0
1786438858.784840,458.307,1980,3201,96.0,85.0,43.0
1786438858.794838,458.706,1980,3201,96.0,85.0,43.0
1786438858.804838,458.706,1980,3201,96.0,85.0,43.0
1786438858.814838,458.706,1980,3201,96.0,85.0,43.0
1786438858.824837,458.706,1980,3201,96.0,85.0,43.0
1786438858.834838,458.706,1980,3201,96.0,85.0,43.0
1786438858.844839,458.706,1980,3201,96.0,85.0,43.0
1786438858.854837,458.706,1980,3201,96.0,85.0,43.0
1786438858.864837,458.706,1980,3201,96.0,85.0,43.0
1786438858.874835,458.706,1980,3201,96.0,85.0,43.0
1786438858.884837,458.706,1980,3201,96.0,85.0,43.0
1786438858.894838,458.805,1980,3201,96.0,85.0,43.0
1786438858.904837,458.805,1980,3201,96.0,85.0,43.0
1786438858.914838,458.805,1980,3201,96.0,85.0,43.0
1786438858.924837,458.805,1980,3201,96.0,85.0,43.0
1786438858.934837,458.805,1980,3201,96.0,85.0,43.0
1786438858.944837,458.805,1980,3201,96.0,85.0,43.0
1786438858.954839,458.805,1980,3201,96.0,85.0,43.0
1786438858.964837,458.805,1980,3201,96.0,85.0,43.0
1786438858.974835,458.805,1980,3201,96.0,85.0,43.0
1786438858.984837,458.805,1980,3201,96.0,85.0,43.0
1786438858.994837,459.292,1980,3201,96.0,85.0,43.0
1786438859.004839,459.292,1980,3201,96.0,85.0,43.0
1786438859.014838,459.292,1980,3201,96.0,85.0,43.0
1786438859.024837,459.292,1980,3201,96.0,85.0,43.0
1786438859.034838,459.292,1980,3201,96.0,85.0,43.0
1786438859.044837,459.292,1980,3201,96.0,85.0,43.0
1786438859.054839,459.292,1980,3201,96.0,85.0,43.0
1786438859.064837,459.292,1980,3201,96.0,85.0,43.0
1786438859.074837,459.292,1980,3201,96.0,85.0,43.0
1786438859.084838,459.292,1980,3201,96.0,85.0,43.0
1786438859.094837,459.048,1980,3201,96.0,85.0,43.0
1786438859.104837,459.048,1980,3201,96.0,85.0,43.0
1786438859.114839,459.048,1980,3201,96.0,85.0,43.0
1786438859.124838,459.048,1980,3201,96.0,85.0,43.0
1786438859.134837,459.048,1980,3201,96.0,85.0,43.0
1786438859.144838,459.048,1980,3201,96.0,85.0,43.0
1786438859.154837,459.048,1980,3201,96.0,85.0,43.0
1786438859.164838,459.048,1980,3201,96.0,85.0,43.0
1786438859.174834,459.048,1980,3201,96.0,85.0,43.0
1786438859.184837,459.048,1980,3201,96.0,85.0,43.0
1786438859.194838,460.079,1980,3201,96.0,85.0,43.0
1786438859.204838,460.079,1980,3201,96.0,85.0,43.0
1786438859.214838,460.079,1980,3201,96.0,85.0,43.0
1786438859.224837,460.079,1980,3201,96.0,85.0,43.0
1786438859.234838,460.079,1980,3201,96.0,85.0,43.0
1786438859.244840,460.079,1980,3201,96.0,85.0,43.0
1786438859.254838,460.079,1980,3201,96.0,85.0,43.0
1786438859.264838,460.079,1980,3201,96.0,85.0,43.0
1786438859.274837,460.079,1980,3201,96.0,85.0,43.0
1786438859.284839,460.079,1980,3201,96.0,85.0,43.0
1786438859.294837,459.946,1980,3201,96.0,85.0,43.0
1786438859.304841,459.946,1980,3201,96.0,85.0,43.0
1786438859.314839,459.946,1980,3201,96.0,85.0,43.0
1786438859.324837,459.946,1980,3201,96.0,85.0,43.0
1786438859.334837,459.946,1980,3201,96.0,85.0,43.0
1786438859.344838,459.946,1980,3201,96.0,85.0,43.0
1786438859.354837,459.946,1980,3201,96.0,85.0,43.0
1786438859.364836,459.946,1980,3201,96.0,85.0,43.0
1786438859.374834,459.946,1980,3201,96.0,85.0,43.0
1786438859.384837,459.946,1980,3201,96.0,85.0,43.0
1786438859.394837,460.000,1980,3201,96.0,85.0,43.0
1786438859.404837,460.000,1980,3201,96.0,85.0,43.0
1786438859.414839,460.000,1980,3201,96.0,85.0,43.0
1786438859.424837,460.000,1980,3201,96.0,85.0,43.0
1786438859.434836,460.000,1980,3201,96.0,85.0,43.0
1786438859.444838,460.000,1980,3201,96.0,85.0,43.0
1786438859.454838,460.000,1980,3201,96.0,85.0,43.0
1786438859.464839,460.000,1980,3201,96.0,85.0,43.0
1786438859.474833,460.000,1980,3201,96.0,85.0,43.0
1786438859.484838,460.000,1980,3201,96.0,85.0,43.0
1786438859.494836,459.687,1980,3201,96.0,85.0,43.0
1786438859.504838,459.687,1980,3201,96.0,85.0,43.0
1786438859.514838,459.687,1980,3201,96.0,85.0,43.0
1786438859.524837,459.687,1980,3201,96.0,85.0,43.0
1786438859.534838,459.687,1980,3201,96.0,85.0,43.0
1786438859.544840,459.687,1980,3201,96.0,85.0,43.0
1786438859.554837,459.687,1980,3201,96.0,85.0,43.0
1786438859.564838,459.687,1980,3201,96.0,85.0,43.0
1786438859.574832,459.687,1980,3201,96.0,85.0,43.0
1786438859.584837,459.687,1980,3201,96.0,85.0,43.0
1786438859.594837,459.507,1980,3201,96.0,85.0,43.0
1786438859.604837,459.507,1980,3201,96.0,85.0,43.0
1786438859.614838,459.507,1980,3201,96.0,85.0,43.0
1786438859.624837,459.507,1980,3201,96.0,85.0,43.0
1786438859.634838,459.507,1980,3201,96.0,85.0,43.0
1786438859.644830,459.507,1980,3201,96.0,85.0,43.0
1786438859.654837,459.507,1980,3201,96.0,85.0,43.0
1786438859.664837,459.507,1980,3201,96.0,85.0,43.0
1786438859.674834,459.507,1980,3201,96.0,85.0,43.0
1786438859.684838,459.507,1980,3201,96.0,85.0,43.0
1786438859.694838,458.938,1980,3201,96.0,85.0,43.0
1786438859.704838,458.938,1980,3201,96.0,85.0,43.0
1786438859.714838,458.938,1980,3201,96.0,85.0,43.0
1786438859.724837,458.938,1980,3201,96.0,85.0,43.0
1786438859.734837,458.938,1980,3201,96.0,85.0,43.0
1786438859.744837,458.938,1980,3201,96.0,85.0,43.0
1786438859.754837,458.938,1980,3201,96.0,85.0,43.0
1786438859.764837,458.938,1980,3201,96.0,85.0,43.0
1786438859.774834,458.938,1980,3201,96.0,85.0,43.0
1786438859.784838,458.938,1980,3201,96.0,85.0,43.0
1786438859.794837,458.717,1980,3201,96.0,85.0,43.0
1786438859.804838,458.717,1980,3201,96.0,85.0,43.0
1786438859.814837,458.717,1980,3201,96.0,85.0,43.0
1786438859.824837,458.717,1980,3201,96.0,85.0,43.0
1786438859.834838,458.717,1980,3201,96.0,85.0,43.0
1786438859.844837,458.717,1980,3201,96.0,85.0,43.0
1786438859.855011,458.717,1980,3201,96.0,85.0,43.0
1786438859.864835,458.717,1980,3201,96.0,85.0,43.0
1786438859.874835,458.717,1980,3201,96.0,85.0,43.0
1786438859.884835,458.717,1980,3201,96.0,85.0,43.0
1786438859.894835,458.559,1980,3201,96.0,85.0,43.0
1786438859.904831,458.559,1980,3201,96.0,85.0,43.0
1786438859.914852,458.559,1980,3201,96.0,85.0,43.0
1786438859.924837,458.559,1980,3201,96.0,85.0,43.0
1786438859.934838,458.559,1980,3201,96.0,85.0,43.0
1786438859.944837,458.559,1980,3201,96.0,85.0,43.0
1786438859.954837,458.559,1980,3201,96.0,85.0,43.0
1786438859.964838,458.559,1980,3201,96.0,85.0,43.0
1786438859.974838,458.559,1980,3201,96.0,85.0,43.0
1786438859.984837,458.559,1980,3201,96.0,85.0,43.0
1786438859.994838,458.385,1980,3201,96.0,85.0,43.0
1786438860.004837,458.385,1980,3201,96.0,85.0,43.0
1786438860.014837,458.385,1980,3201,96.0,85.0,43.0
1786438860.024837,458.385,1980,3201,96.0,85.0,43.0
1786438860.034838,458.385,1980,3201,96.0,85.0,43.0
1786438860.044838,458.385,1980,3201,96.0,85.0,43.0
1786438860.054837,458.385,1980,3201,96.0,85.0,43.0
1786438860.064837,458.385,1980,3201,96.0,85.0,43.0
1786438860.074837,458.385,1980,3201,96.0,85.0,43.0
1786438860.084838,458.385,1980,3201,96.0,85.0,43.0
1786438860.094838,458.385,1980,3201,96.0,85.0,43.0
1786438860.104837,458.056,1980,3201,96.0,85.0,43.0
1786438860.114837,458.056,1980,3201,96.0,85.0,43.0
1786438860.124838,458.056,1980,3201,96.0,85.0,43.0
1786438860.134836,458.056,1980,3201,96.0,85.0,43.0
1786438860.144837,458.056,1980,3201,96.0,85.0,43.0
1786438860.154836,458.056,1980,3201,96.0,85.0,43.0
1786438860.164837,458.056,1980,3201,96.0,85.0,43.0
1786438860.174837,458.056,1980,3201,96.0,85.0,43.0
1786438860.184837,458.056,1980,3201,96.0,85.0,43.0
1786438860.194838,458.056,1980,3201,96.0,85.0,43.0
1786438860.204838,457.269,1980,3201,96.0,85.0,43.0
1786438860.214838,457.269,1980,3201,96.0,85.0,43.0
1786438860.224837,457.269,1980,3201,96.0,85.0,43.0
1786438860.234837,457.269,1980,3201,96.0,85.0,43.0
1786438860.244837,457.269,1980,3201,96.0,85.0,43.0
1786438860.254838,457.269,1980,3201,96.0,85.0,43.0
1786438860.264837,457.269,1980,3201,96.0,85.0,43.0
1786438860.274837,457.269,1980,3201,96.0,85.0,43.0
1786438860.284837,457.269,1980,3201,96.0,85.0,43.0
1786438860.294837,457.269,1980,3201,96.0,85.0,43.0
1786438860.304837,457.159,1980,3201,96.0,85.0,43.0
1786438860.314837,457.159,1980,3201,96.0,85.0,43.0
1786438860.324837,457.159,1980,3201,96.0,85.0,43.0
1786438860.334838,457.159,1980,3201,96.0,85.0,43.0
1786438860.344837,457.159,1980,3201,96.0,85.0,43.0
1786438860.354837,457.159,1980,3201,96.0,85.0,43.0
1786438860.364838,457.159,1980,3201,96.0,85.0,43.0
1786438860.374837,457.159,1980,3201,96.0,85.0,43.0
1786438860.384838,457.159,1980,3201,96.0,85.0,43.0
1786438860.394838,457.159,1980,3201,96.0,85.0,43.0
1786438860.404836,457.354,1980,3201,96.0,85.0,43.0
1786438860.414837,457.354,1980,3201,96.0,85.0,43.0
1786438860.424837,457.354,1980,3201,96.0,85.0,43.0
1786438860.434838,457.354,1980,3201,96.0,85.0,43.0
1786438860.444837,457.354,1980,3201,96.0,85.0,43.0
1786438860.454837,457.354,1980,3201,96.0,85.0,43.0
1786438860.464838,457.354,1980,3201,96.0,85.0,43.0
1786438860.474838,457.354,1980,3201,96.0,85.0,43.0
1786438860.484839,457.354,1980,3201,96.0,85.0,43.0
1786438860.494838,457.354,1980,3201,96.0,85.0,43.0
1786438860.504837,456.776,1980,3201,96.0,85.0,43.0
1786438860.514835,456.776,1980,3201,96.0,85.0,43.0
1786438860.524838,456.776,1980,3201,96.0,85.0,43.0
1786438860.534837,456.776,1980,3201,96.0,85.0,43.0
1786438860.544837,456.776,1980,3201,96.0,85.0,43.0
1786438860.554837,456.776,1980,3201,96.0,85.0,43.0
1786438860.564838,456.776,1980,3201,96.0,85.0,43.0
1786438860.574837,456.776,1980,3201,96.0,85.0,43.0
1786438860.584838,456.776,1980,3201,96.0,85.0,43.0
1786438860.594837,456.776,1980,3201,96.0,85.0,43.0
1786438860.604836,456.817,1980,3201,96.0,85.0,43.0
1786438860.614835,456.817,1980,3201,96.0,85.0,43.0
1786438860.624837,456.817,1980,3201,96.0,85.0,43.0
1786438860.634838,456.817,1980,3201,96.0,85.0,43.0
1786438860.644837,456.817,1980,3201,96.0,85.0,43.0
1786438860.654837,456.817,1980,3201,96.0,85.0,43.0
1786438860.664837,456.817,1980,3201,96.0,85.0,43.0
1786438860.674838,456.817,1980,3201,96.0,85.0,43.0
1786438860.684837,456.817,1980,3201,96.0,85.0,43.0
1786438860.694838,456.817,1980,3201,96.0,85.0,43.0
1786438860.704837,457.257,1980,3201,96.0,85.0,43.0
1786438860.714837,457.257,1980,3201,96.0,85.0,43.0
1786438860.724838,457.257,1980,3201,96.0,85.0,43.0
1786438860.734837,457.257,1980,3201,96.0,85.0,43.0
1786438860.744837,457.257,1980,3201,96.0,85.0,43.0
1786438860.754838,457.257,1980,3201,96.0,85.0,43.0
1786438860.764837,457.257,1980,3201,96.0,85.0,43.0
1786438860.774839,457.257,1980,3201,96.0,85.0,43.0
1786438860.784838,457.257,1980,3201,96.0,85.0,43.0
1786438860.794837,457.257,1980,3201,96.0,85.0,43.0
1786438860.804838,457.901,1980,3201,96.0,85.0,43.0
1786438860.814837,457.901,1980,3201,96.0,85.0,43.0
1786438860.824839,457.901,1980,3201,96.0,85.0,43.0
1786438860.834839,457.901,1980,3201,96.0,85.0,43.0
1786438860.844839,457.901,1980,3201,96.0,85.0,43.0
1786438860.854837,457.901,1980,3201,96.0,85.0,43.0
1786438860.864837,457.901,1980,3201,96.0,85.0,43.0
1786438860.874835,457.901,1980,3201,96.0,85.0,43.0
1786438860.884836,457.901,1980,3201,96.0,85.0,43.0
1786438860.894838,457.901,1980,3201,96.0,85.0,43.0
1786438860.904836,458.410,1980,3201,96.0,85.0,43.0
1786438860.914836,458.410,1980,3201,96.0,85.0,43.0
1786438860.924837,458.410,1980,3201,96.0,85.0,43.0
1786438860.934839,458.410,1980,3201,96.0,85.0,43.0
1786438860.944838,458.410,1980,3201,96.0,85.0,43.0
1786438860.954835,458.410,1980,3201,96.0,85.0,43.0
1786438860.964837,458.410,1980,3201,96.0,85.0,43.0
1786438860.974836,458.410,1980,3201,96.0,85.0,43.0
1786438860.984836,458.410,1980,3201,96.0,85.0,43.0
1786438860.994836,458.410,1980,3201,96.0,85.0,43.0
1786438861.004836,458.596,1980,3201,96.0,85.0,43.0
1786438861.014835,458.596,1980,3201,96.0,85.0,43.0
1786438861.024835,458.596,1980,3201,96.0,85.0,43.0
1786438861.034839,458.596,1980,3201,96.0,85.0,43.0
1786438861.044838,458.596,1980,3201,96.0,85.0,43.0
1786438861.054835,458.596,1980,3201,96.0,85.0,43.0
1786438861.064835,458.596,1980,3201,96.0,85.0,43.0
1786438861.074835,458.596,1980,3201,96.0,85.0,43.0
1786438861.084836,458.596,1980,3201,96.0,85.0,43.0
1786438861.094837,458.596,1980,3201,96.0,85.0,43.0
1786438861.104836,458.923,1980,3201,96.0,85.0,43.0
1786438861.114835,458.923,1980,3201,96.0,85.0,43.0
1786438861.124836,458.923,1980,3201,96.0,85.0,43.0
1786438861.134837,458.923,1980,3201,96.0,85.0,43.0
1786438861.144835,458.923,1980,3201,96.0,85.0,43.0
1786438861.154835,458.923,1980,3201,96.0,85.0,43.0
1786438861.164836,458.923,1980,3201,96.0,85.0,43.0
1786438861.174836,458.923,1980,3201,96.0,85.0,43.0
1786438861.184836,458.923,1980,3201,96.0,85.0,43.0
1786438861.194835,458.923,1980,3201,96.0,85.0,43.0
1786438861.204834,458.961,1980,3201,96.0,85.0,43.0
1786438861.214835,458.961,1980,3201,96.0,85.0,43.0
1786438861.224837,458.961,1980,3201,96.0,85.0,43.0
1786438861.234836,458.961,1980,3201,96.0,85.0,43.0
1786438861.244836,458.961,1980,3201,96.0,85.0,43.0
1786438861.254836,458.961,1980,3201,96.0,85.0,43.0
1786438861.264836,458.961,1980,3201,96.0,85.0,43.0
1786438861.274836,458.961,1980,3201,96.0,85.0,43.0
1786438861.284835,458.961,1980,3201,96.0,85.0,43.0
1786438861.294835,458.961,1980,3201,96.0,85.0,43.0
1786438861.304837,458.804,1980,3201,96.0,85.0,43.0
1786438861.314833,458.804,1980,3201,96.0,85.0,43.0
1786438861.324831,458.804,1980,3201,96.0,85.0,43.0
1786438861.334837,458.804,1980,3201,96.0,85.0,43.0
1786438861.344837,458.804,1980,3201,96.0,85.0,43.0
1786438861.354837,458.804,1980,3201,96.0,85.0,43.0
1786438861.364837,458.804,1980,3201,96.0,85.0,43.0
1786438861.374838,458.804,1980,3201,96.0,85.0,43.0
1786438861.384837,458.804,1980,3201,96.0,85.0,43.0
1786438861.394837,458.804,1980,3201,96.0,85.0,43.0
1786438861.404838,458.083,1980,3201,96.0,85.0,44.0
1786438861.414837,458.083,1980,3201,96.0,85.0,44.0
1786438861.424838,458.083,1980,3201,96.0,85.0,44.0
1786438861.434837,458.083,1980,3201,96.0,85.0,44.0
1786438861.444837,458.083,1980,3201,96.0,85.0,44.0
1786438861.454836,458.083,1980,3201,96.0,85.0,44.0
1786438861.464853,458.083,1980,3201,96.0,85.0,44.0
1786438861.474838,458.083,1980,3201,96.0,85.0,44.0
1786438861.484837,458.083,1980,3201,96.0,85.0,44.0
1786438861.494837,458.083,1980,3201,96.0,85.0,44.0
1786438861.504838,458.453,1980,3201,96.0,85.0,44.0
1786438861.514838,458.453,1980,3201,96.0,85.0,44.0
1786438861.524837,458.453,1980,3201,96.0,85.0,44.0
1786438861.534837,458.453,1980,3201,96.0,85.0,44.0
1786438861.544838,458.453,1980,3201,96.0,85.0,44.0
1786438861.554838,458.453,1980,3201,96.0,85.0,44.0
1786438861.564836,458.453,1980,3201,96.0,85.0,44.0
1786438861.574837,458.453,1980,3201,96.0,85.0,44.0
1786438861.584837,458.453,1980,3201,96.0,85.0,44.0
1786438861.594837,458.453,1980,3201,96.0,85.0,44.0
1786438861.604837,458.258,1980,3201,95.0,84.0,44.0
1786438861.614838,458.258,1980,3201,95.0,84.0,44.0
1786438861.624838,458.258,1980,3201,95.0,84.0,44.0
1786438861.634837,458.258,1980,3201,95.0,84.0,44.0
1786438861.644837,458.258,1980,3201,95.0,84.0,44.0
1786438861.654836,458.258,1980,3201,95.0,84.0,44.0
1786438861.664838,458.258,1980,3201,95.0,84.0,44.0
1786438861.674839,458.258,1980,3201,95.0,84.0,44.0
1786438861.684838,458.258,1980,3201,95.0,84.0,44.0
1786438861.694837,458.258,1980,3201,95.0,84.0,44.0
1786438861.704836,458.242,1980,3201,95.0,84.0,43.0
1786438861.714838,458.242,1980,3201,95.0,84.0,43.0
1786438861.724838,458.242,1980,3201,95.0,84.0,43.0
1786438861.734838,458.242,1980,3201,95.0,84.0,43.0
1786438861.744838,458.242,1980,3201,95.0,84.0,43.0
1786438861.754837,458.242,1980,3201,95.0,84.0,43.0
1786438861.764837,458.242,1980,3201,95.0,84.0,43.0
1786438861.774837,458.242,1980,3201,95.0,84.0,43.0
1786438861.784837,458.242,1980,3201,95.0,84.0,43.0
1786438861.794837,458.242,1980,3201,95.0,84.0,43.0
1786438861.804837,456.902,1980,3201,96.0,85.0,43.0
1786438861.814837,456.902,1980,3201,96.0,85.0,43.0
1786438861.824836,456.902,1980,3201,96.0,85.0,43.0
1786438861.834837,456.902,1980,3201,96.0,85.0,43.0
1786438861.844839,456.902,1980,3201,96.0,85.0,43.0
1786438861.854838,456.902,1980,3201,96.0,85.0,43.0
1786438861.864836,456.902,1980,3201,96.0,85.0,43.0
1786438861.874837,456.902,1980,3201,96.0,85.0,43.0
1786438861.884838,456.902,1980,3201,96.0,85.0,43.0
1786438861.894838,456.902,1980,3201,96.0,85.0,43.0
1786438861.904836,456.133,1980,3201,96.0,85.0,44.0
1786438861.914837,456.133,1980,3201,96.0,85.0,44.0
1786438861.924838,456.133,1980,3201,96.0,85.0,44.0
1786438861.934837,456.133,1980,3201,96.0,85.0,44.0
1786438861.944837,456.133,1980,3201,96.0,85.0,44.0
1786438861.954837,456.133,1980,3201,96.0,85.0,44.0
1786438861.964837,456.133,1980,3201,96.0,85.0,44.0
1786438861.974838,456.133,1980,3201,96.0,85.0,44.0
1786438861.984837,456.133,1980,3201,96.0,85.0,44.0
1786438861.994837,456.133,1980,3201,96.0,85.0,44.0
1786438862.004836,455.530,1980,3201,96.0,86.0,43.0
1786438862.014837,455.530,1980,3201,96.0,86.0,43.0
1786438862.024837,455.530,1980,3201,96.0,86.0,43.0
1786438862.034838,455.530,1980,3201,96.0,86.0,43.0
1786438862.044831,455.530,1980,3201,96.0,86.0,43.0
1786438862.054839,455.530,1980,3201,96.0,86.0,43.0
1786438862.065024,455.530,1980,3201,96.0,86.0,43.0
1786438862.074840,455.530,1980,3201,96.0,86.0,43.0
1786438862.085092,455.530,1980,3201,96.0,86.0,43.0
1786438862.094837,455.530,1980,3201,96.0,86.0,43.0
1786438862.104835,455.342,1980,3201,96.0,86.0,43.0
1786438862.114837,455.342,1980,3201,96.0,86.0,43.0
1786438862.124836,455.342,1980,3201,96.0,86.0,43.0
1786438862.134837,455.342,1980,3201,96.0,86.0,43.0
1786438862.144836,455.342,1980,3201,96.0,86.0,43.0
1786438862.154838,455.342,1980,3201,96.0,86.0,43.0
1786438862.164834,455.342,1980,3201,96.0,86.0,43.0
1786438862.174837,455.342,1980,3201,96.0,86.0,43.0
1786438862.184835,455.342,1980,3201,96.0,86.0,43.0
1786438862.194837,455.342,1980,3201,96.0,86.0,43.0
1786438862.204834,455.659,1980,3201,96.0,85.0,43.0
1786438862.214835,455.659,1980,3201,96.0,85.0,43.0
1786438862.224835,455.659,1980,3201,96.0,85.0,43.0
1786438862.234833,455.659,1980,3201,96.0,85.0,43.0
1786438862.244833,455.659,1980,3201,96.0,85.0,43.0
1786438862.254838,455.659,1980,3201,96.0,85.0,43.0
1786438862.264835,455.659,1980,3201,96.0,85.0,43.0
1786438862.274837,455.659,1980,3201,96.0,85.0,43.0
1786438862.284835,455.659,1980,3201,96.0,85.0,43.0
1786438862.294836,455.659,1980,3201,96.0,85.0,43.0
1786438862.304834,455.385,1980,3201,96.0,85.0,44.0
1786438862.314837,455.385,1980,3201,96.0,85.0,44.0
1786438862.324834,455.385,1980,3201,96.0,85.0,44.0
1786438862.334837,455.385,1980,3201,96.0,85.0,44.0
1786438862.344835,455.385,1980,3201,96.0,85.0,44.0
1786438862.354837,455.385,1980,3201,96.0,85.0,44.0
1786438862.364835,455.385,1980,3201,96.0,85.0,44.0
1786438862.374837,455.385,1980,3201,96.0,85.0,44.0
1786438862.384837,455.385,1980,3201,96.0,85.0,44.0
1786438862.394836,455.385,1980,3201,96.0,85.0,44.0
1786438862.404835,455.082,1980,3201,96.0,85.0,43.0
1786438862.414836,455.082,1980,3201,96.0,85.0,43.0
1786438862.424836,455.082,1980,3201,96.0,85.0,43.0
1786438862.434837,455.082,1980,3201,96.0,85.0,43.0
1786438862.444834,455.082,1980,3201,96.0,85.0,43.0
1786438862.454836,455.082,1980,3201,96.0,85.0,43.0
1786438862.464835,455.082,1980,3201,96.0,85.0,43.0
1786438862.474837,455.082,1980,3201,96.0,85.0,43.0
1786438862.484834,455.082,1980,3201,96.0,85.0,43.0
1786438862.494837,455.082,1980,3201,96.0,85.0,43.0
1786438862.504834,455.595,1980,3201,96.0,85.0,44.0
1786438862.514836,455.595,1980,3201,96.0,85.0,44.0
1786438862.524836,455.595,1980,3201,96.0,85.0,44.0
1786438862.534839,455.595,1980,3201,96.0,85.0,44.0
1786438862.544837,455.595,1980,3201,96.0,85.0,44.0
1786438862.554837,455.595,1980,3201,96.0,85.0,44.0
1786438862.564836,455.595,1980,3201,96.0,85.0,44.0
1786438862.574837,455.595,1980,3201,96.0,85.0,44.0
1786438862.584837,455.595,1980,3201,96.0,85.0,44.0
1786438862.594836,455.595,1980,3201,96.0,85.0,44.0
1786438862.604836,456.017,1980,3201,96.0,85.0,43.0
1786438862.614837,456.017,1980,3201,96.0,85.0,43.0
1786438862.624837,456.017,1980,3201,96.0,85.0,43.0
1786438862.634838,456.017,1980,3201,96.0,85.0,43.0
1786438862.644837,456.017,1980,3201,96.0,85.0,43.0
1786438862.654839,456.017,1980,3201,96.0,85.0,43.0
1786438862.664837,456.017,1980,3201,96.0,85.0,43.0
1786438862.674838,456.017,1980,3201,96.0,85.0,43.0
1786438862.684838,456.017,1980,3201,96.0,85.0,43.0
1786438862.694834,456.017,1980,3201,96.0,85.0,43.0
1786438862.704835,455.667,1980,3201,96.0,85.0,44.0
1786438862.714838,455.667,1980,3201,96.0,85.0,44.0
1786438862.724838,455.667,1980,3201,96.0,85.0,44.0
1786438862.734838,455.667,1980,3201,96.0,85.0,44.0
1786438862.744836,455.667,1980,3201,96.0,85.0,44.0
1786438862.754837,455.667,1980,3201,96.0,85.0,44.0
1786438862.764838,455.667,1980,3201,96.0,85.0,44.0
1786438862.774837,455.667,1980,3201,96.0,85.0,44.0
1786438862.784838,455.667,1980,3201,96.0,85.0,44.0
1786438862.794838,455.667,1980,3201,96.0,85.0,44.0
1786438862.804837,457.095,1980,3201,96.0,86.0,43.0
1786438862.814837,457.095,1980,3201,96.0,86.0,43.0
1786438862.824837,457.095,1980,3201,96.0,86.0,43.0
1786438862.834837,457.095,1980,3201,96.0,86.0,43.0
1786438862.844836,457.095,1980,3201,96.0,86.0,43.0
1786438862.854838,457.095,1980,3201,96.0,86.0,43.0
1786438862.864837,457.095,1980,3201,96.0,86.0,43.0
1786438862.874839,457.095,1980,3201,96.0,86.0,43.0
1786438862.884838,457.095,1980,3201,96.0,86.0,43.0
1786438862.894838,457.095,1980,3201,96.0,86.0,43.0
1786438862.904840,458.084,1980,3201,96.0,86.0,44.0
1786438862.914838,458.084,1980,3201,96.0,86.0,44.0
1786438862.924840,458.084,1980,3201,96.0,86.0,44.0
1786438862.934838,458.084,1980,3201,96.0,86.0,44.0
1786438862.944839,458.084,1980,3201,96.0,86.0,44.0
1786438862.954838,458.084,1980,3201,96.0,86.0,44.0
1786438862.964837,458.084,1980,3201,96.0,86.0,44.0
1786438862.974838,458.084,1980,3201,96.0,86.0,44.0
1786438862.984838,458.084,1980,3201,96.0,86.0,44.0
1786438862.994838,458.084,1980,3201,96.0,86.0,44.0
1786438863.004839,458.610,1980,3201,96.0,85.0,43.0
1786438863.014838,458.610,1980,3201,96.0,85.0,43.0
1786438863.024838,458.610,1980,3201,96.0,85.0,43.0
1786438863.034837,458.610,1980,3201,96.0,85.0,43.0
1786438863.044838,458.610,1980,3201,96.0,85.0,43.0
1786438863.054838,458.610,1980,3201,96.0,85.0,43.0
1786438863.064837,458.610,1980,3201,96.0,85.0,43.0
1786438863.074837,458.610,1980,3201,96.0,85.0,43.0
1786438863.084838,458.610,1980,3201,96.0,85.0,43.0
1786438863.094837,458.610,1980,3201,96.0,85.0,43.0
1786438863.104837,459.545,1980,3201,96.0,85.0,43.0
1786438863.114839,459.545,1980,3201,96.0,85.0,43.0
1786438863.124840,459.545,1980,3201,96.0,85.0,43.0
1786438863.134837,459.545,1980,3201,96.0,85.0,43.0
1786438863.144838,459.545,1980,3201,96.0,85.0,43.0
1786438863.154840,459.545,1980,3201,96.0,85.0,43.0
1786438863.164838,459.545,1980,3201,96.0,85.0,43.0
1786438863.174839,459.545,1980,3201,96.0,85.0,43.0
1786438863.184838,459.545,1980,3201,96.0,85.0,43.0
1786438863.194837,459.545,1980,3201,96.0,85.0,43.0
1786438863.204836,459.398,1980,3201,96.0,85.0,43.0
1786438863.214838,459.398,1980,3201,96.0,85.0,43.0
1786438863.224836,459.398,1980,3201,96.0,85.0,43.0
1786438863.234838,459.398,1980,3201,96.0,85.0,43.0
1786438863.244838,459.398,1980,3201,96.0,85.0,43.0
1786438863.254837,459.398,1980,3201,96.0,85.0,43.0
1786438863.264837,459.398,1980,3201,96.0,85.0,43.0
1786438863.274838,459.398,1980,3201,96.0,85.0,43.0
1786438863.284837,459.398,1980,3201,96.0,85.0,43.0
1786438863.294835,459.398,1980,3201,96.0,85.0,43.0
1786438863.304837,458.845,1980,3201,96.0,85.0,43.0
1786438863.314837,458.845,1980,3201,96.0,85.0,43.0
1786438863.324841,458.845,1980,3201,96.0,85.0,43.0
1786438863.334841,458.845,1980,3201,96.0,85.0,43.0
1786438863.344838,458.845,1980,3201,96.0,85.0,43.0
1786438863.354838,458.845,1980,3201,96.0,85.0,43.0
1786438863.364836,458.845,1980,3201,96.0,85.0,43.0
1786438863.374837,458.845,1980,3201,96.0,85.0,43.0
1786438863.384840,458.845,1980,3201,96.0,85.0,43.0
1786438863.394837,458.845,1980,3201,96.0,85.0,43.0
1786438863.404837,459.545,1980,3201,96.0,85.0,43.0
1786438863.414838,459.545,1980,3201,96.0,85.0,43.0
1786438863.424837,459.545,1980,3201,96.0,85.0,43.0
1786438863.434838,459.545,1980,3201,96.0,85.0,43.0
1786438863.444837,459.545,1980,3201,96.0,85.0,43.0
1786438863.454837,459.545,1980,3201,96.0,85.0,43.0
1786438863.464837,459.545,1980,3201,96.0,85.0,43.0
1786438863.474838,459.545,1980,3201,96.0,85.0,43.0
1786438863.484838,459.545,1980,3201,96.0,85.0,43.0
1786438863.494838,459.545,1980,3201,96.0,85.0,43.0
1786438863.504837,459.721,1980,3201,96.0,85.0,44.0
1786438863.514838,459.721,1980,3201,96.0,85.0,44.0
1786438863.524837,459.721,1980,3201,96.0,85.0,44.0
1786438863.534839,459.721,1980,3201,96.0,85.0,44.0
1786438863.544838,459.721,1980,3201,96.0,85.0,44.0
1786438863.554838,459.721,1980,3201,96.0,85.0,44.0
1786438863.564838,459.721,1980,3201,96.0,85.0,44.0
1786438863.574838,459.721,1980,3201,96.0,85.0,44.0
1786438863.584839,459.721,1980,3201,96.0,85.0,44.0
1786438863.594837,459.721,1980,3201,96.0,85.0,44.0
1786438863.604841,460.248,1980,3201,96.0,85.0,43.0
1786438863.614844,460.248,1980,3201,96.0,85.0,43.0
1786438863.624839,460.248,1980,3201,96.0,85.0,43.0
1786438863.634838,460.248,1980,3201,96.0,85.0,43.0
1786438863.644839,460.248,1980,3201,96.0,85.0,43.0
1786438863.654838,460.248,1980,3201,96.0,85.0,43.0
1786438863.664837,460.248,1980,3201,96.0,85.0,43.0
1786438863.674836,460.248,1980,3201,96.0,85.0,43.0
1786438863.684838,460.248,1980,3201,96.0,85.0,43.0
1786438863.694839,460.248,1980,3201,96.0,85.0,43.0
1786438863.704838,459.471,1980,3201,96.0,85.0,44.0
1786438863.714838,459.471,1980,3201,96.0,85.0,44.0
1786438863.724838,459.471,1980,3201,96.0,85.0,44.0
1786438863.734837,459.471,1980,3201,96.0,85.0,44.0
1786438863.744838,459.471,1980,3201,96.0,85.0,44.0
1786438863.754838,459.471,1980,3201,96.0,85.0,44.0
1786438863.764838,459.471,1980,3201,96.0,85.0,44.0
1786438863.774837,459.471,1980,3201,96.0,85.0,44.0
1786438863.784839,459.471,1980,3201,96.0,85.0,44.0
1786438863.794840,459.471,1980,3201,96.0,85.0,44.0
1786438863.804838,459.181,1980,3201,96.0,85.0,43.0
1786438863.814837,459.181,1980,3201,96.0,85.0,43.0
1786438863.824836,459.181,1980,3201,96.0,85.0,43.0
1786438863.834839,459.181,1980,3201,96.0,85.0,43.0
1786438863.844836,459.181,1980,3201,96.0,85.0,43.0
1786438863.854835,459.181,1980,3201,96.0,85.0,43.0
1786438863.864837,459.181,1980,3201,96.0,85.0,43.0
1786438863.874838,459.181,1980,3201,96.0,85.0,43.0
1786438863.884837,459.181,1980,3201,96.0,85.0,43.0
1786438863.894837,459.181,1980,3201,96.0,85.0,43.0
1786438863.904841,458.880,1980,3201,96.0,85.0,44.0
1786438863.914838,458.880,1980,3201,96.0,85.0,44.0
1786438863.924837,458.880,1980,3201,96.0,85.0,44.0
1786438863.934838,458.880,1980,3201,96.0,85.0,44.0
1786438863.944838,458.880,1980,3201,96.0,85.0,44.0
1786438863.954837,458.880,1980,3201,96.0,85.0,44.0
1786438863.964837,458.880,1980,3201,96.0,85.0,44.0
1786438863.974837,458.880,1980,3201,96.0,85.0,44.0
1786438863.984838,458.880,1980,3201,96.0,85.0,44.0
1786438863.994837,458.880,1980,3201,96.0,85.0,44.0
1786438864.004837,458.125,1980,3201,96.0,85.0,43.0
1786438864.014838,458.125,1980,3201,96.0,85.0,43.0
1786438864.024839,458.125,1980,3201,96.0,85.0,43.0
1786438864.034837,458.125,1980,3201,96.0,85.0,43.0
1786438864.044838,458.125,1980,3201,96.0,85.0,43.0
1786438864.054837,458.125,1980,3201,96.0,85.0,43.0
1786438864.064837,458.125,1980,3201,96.0,85.0,43.0
1786438864.074837,458.125,1980,3201,96.0,85.0,43.0
1786438864.084838,458.125,1980,3201,96.0,85.0,43.0
1786438864.094839,458.125,1980,3201,96.0,85.0,43.0
1786438864.104838,457.173,1980,3201,96.0,85.0,44.0
1786438864.114837,457.173,1980,3201,96.0,85.0,44.0
1786438864.124837,457.173,1980,3201,96.0,85.0,44.0
1786438864.134837,457.173,1980,3201,96.0,85.0,44.0
1786438864.144838,457.173,1980,3201,96.0,85.0,44.0
1786438864.154840,457.173,1980,3201,96.0,85.0,44.0
1786438864.164837,457.173,1980,3201,96.0,85.0,44.0
1786438864.174838,457.173,1980,3201,96.0,85.0,44.0
1786438864.184838,457.173,1980,3201,96.0,85.0,44.0
1786438864.194839,457.173,1980,3201,96.0,85.0,44.0
1786438864.204839,457.455,1980,3201,96.0,85.0,44.0
1786438864.214837,457.455,1980,3201,96.0,85.0,44.0
1786438864.224839,457.455,1980,3201,96.0,85.0,44.0
1786438864.234837,457.455,1980,3201,96.0,85.0,44.0
1786438864.244837,457.455,1980,3201,96.0,85.0,44.0
1786438864.254836,457.455,1980,3201,96.0,85.0,44.0
1786438864.264837,457.455,1980,3201,96.0,85.0,44.0
1786438864.274836,457.455,1980,3201,96.0,85.0,44.0
1786438864.284838,457.455,1980,3201,96.0,85.0,44.0
1786438864.294837,457.455,1980,3201,96.0,85.0,44.0
1786438864.304837,457.877,1980,3201,96.0,85.0,44.0
1786438864.314837,457.877,1980,3201,96.0,85.0,44.0
1786438864.324836,457.877,1980,3201,96.0,85.0,44.0
1786438864.334838,457.877,1980,3201,96.0,85.0,44.0
1786438864.344838,457.877,1980,3201,96.0,85.0,44.0
1786438864.354837,457.877,1980,3201,96.0,85.0,44.0
1786438864.364839,457.877,1980,3201,96.0,85.0,44.0
1786438864.374840,457.877,1980,3201,96.0,85.0,44.0
1786438864.384839,457.877,1980,3201,96.0,85.0,44.0
1786438864.394839,457.877,1980,3201,96.0,85.0,44.0
1786438864.404837,458.310,1980,3201,96.0,85.0,44.0
1786438864.414837,458.310,1980,3201,96.0,85.0,44.0
1786438864.424838,458.310,1980,3201,96.0,85.0,44.0
1786438864.434838,458.310,1980,3201,96.0,85.0,44.0
1786438864.444837,458.310,1980,3201,96.0,85.0,44.0
1786438864.454837,458.310,1980,3201,96.0,85.0,44.0
1786438864.464838,458.310,1980,3201,96.0,85.0,44.0
1786438864.474875,458.310,1980,3201,96.0,85.0,44.0
1786438864.484838,458.310,1980,3201,96.0,85.0,44.0
1786438864.494838,458.310,1980,3201,96.0,85.0,44.0
1786438864.504838,458.398,1980,3201,96.0,85.0,44.0
1786438864.514838,458.398,1980,3201,96.0,85.0,44.0
1786438864.524837,458.398,1980,3201,96.0,85.0,44.0
1786438864.534840,458.398,1980,3201,96.0,85.0,44.0
1786438864.544839,458.398,1980,3201,96.0,85.0,44.0
1786438864.554837,458.398,1980,3201,96.0,85.0,44.0
1786438864.564835,458.398,1980,3201,96.0,85.0,44.0
1786438864.574837,458.398,1980,3201,96.0,85.0,44.0
1786438864.584872,458.398,1980,3201,96.0,85.0,44.0
1786438864.594841,458.398,1980,3201,96.0,85.0,44.0
1786438864.604837,458.065,1980,3201,96.0,85.0,44.0
1786438864.614838,458.065,1980,3201,96.0,85.0,44.0
1786438864.624838,458.065,1980,3201,96.0,85.0,44.0
1786438864.634837,458.065,1980,3201,96.0,85.0,44.0
1786438864.644837,458.065,1980,3201,96.0,85.0,44.0
1786438864.654838,458.065,1980,3201,96.0,85.0,44.0
1786438864.664838,458.065,1980,3201,96.0,85.0,44.0
1786438864.674837,458.065,1980,3201,96.0,85.0,44.0
1786438864.684838,458.065,1980,3201,96.0,85.0,44.0
1786438864.694836,458.065,1980,3201,96.0,85.0,44.0
1786438864.704931,458.664,1980,3201,96.0,85.0,44.0
1786438864.714838,458.664,1980,3201,96.0,85.0,44.0
1786438864.724836,458.664,1980,3201,96.0,85.0,44.0
1786438864.734837,458.664,1980,3201,96.0,85.0,44.0
1786438864.744837,458.664,1980,3201,96.0,85.0,44.0
1786438864.754837,458.664,1980,3201,96.0,85.0,44.0
1786438864.764837,458.664,1980,3201,96.0,85.0,44.0
1786438864.774836,458.664,1980,3201,96.0,85.0,44.0
1786438864.784839,458.664,1980,3201,96.0,85.0,44.0
1786438864.794839,458.664,1980,3201,96.0,85.0,44.0
1786438864.804838,459.222,1980,3201,96.0,85.0,44.0
1786438864.814837,459.222,1980,3201,96.0,85.0,44.0
1786438864.824837,459.222,1980,3201,96.0,85.0,44.0
1786438864.834841,459.222,1980,3201,96.0,85.0,44.0
1786438864.844837,459.222,1980,3201,96.0,85.0,44.0
1786438864.854836,459.222,1980,3201,96.0,85.0,44.0
1786438864.864837,459.222,1980,3201,96.0,85.0,44.0
1786438864.874837,459.222,1980,3201,96.0,85.0,44.0
1786438864.884839,459.222,1980,3201,96.0,85.0,44.0
1786438864.894838,459.222,1980,3201,96.0,85.0,44.0
1786438864.904837,459.323,1980,3201,96.0,85.0,44.0
1786438864.914838,459.323,1980,3201,96.0,85.0,44.0
1786438864.924837,459.323,1980,3201,96.0,85.0,44.0
1786438864.934837,459.323,1980,3201,96.0,85.0,44.0
1786438864.944837,459.323,1980,3201,96.0,85.0,44.0
1786438864.954837,459.323,1980,3201,96.0,85.0,44.0
1786438864.964836,459.323,1980,3201,96.0,85.0,44.0
1786438864.974838,459.323,1980,3201,96.0,85.0,44.0
1786438864.984835,459.323,1980,3201,96.0,85.0,44.0
1786438864.994838,459.323,1980,3201,96.0,85.0,44.0
1786438865.004837,458.979,1980,3201,96.0,85.0,44.0
1786438865.014837,458.979,1980,3201,96.0,85.0,44.0
1786438865.024838,458.979,1980,3201,96.0,85.0,44.0
1786438865.034837,458.979,1980,3201,96.0,85.0,44.0
1786438865.044838,458.979,1980,3201,96.0,85.0,44.0
1786438865.054837,458.979,1980,3201,96.0,85.0,44.0
1786438865.064838,458.979,1980,3201,96.0,85.0,44.0
1786438865.074838,458.979,1980,3201,96.0,85.0,44.0
1786438865.084837,458.979,1980,3201,96.0,85.0,44.0
1786438865.094838,458.979,1980,3201,96.0,85.0,44.0
1786438865.104838,459.726,1980,3201,96.0,85.0,44.0
1786438865.114837,459.726,1980,3201,96.0,85.0,44.0
1786438865.124837,459.726,1980,3201,96.0,85.0,44.0
1786438865.134838,459.726,1980,3201,96.0,85.0,44.0
1786438865.144837,459.726,1980,3201,96.0,85.0,44.0
1786438865.154838,459.726,1980,3201,96.0,85.0,44.0
1786438865.164837,459.726,1980,3201,96.0,85.0,44.0
1786438865.174839,459.726,1980,3201,96.0,85.0,44.0
1786438865.184838,459.726,1980,3201,96.0,85.0,44.0
1786438865.194841,459.726,1980,3201,96.0,85.0,44.0
1786438865.204839,459.296,1980,3201,96.0,85.0,44.0
1786438865.214837,459.296,1980,3201,96.0,85.0,44.0
1786438865.224837,459.296,1980,3201,96.0,85.0,44.0
1786438865.234838,459.296,1980,3201,96.0,85.0,44.0
1786438865.244838,459.296,1980,3201,96.0,85.0,44.0
1786438865.254837,459.296,1980,3201,96.0,85.0,44.0
1786438865.264838,459.296,1980,3201,96.0,85.0,44.0
1786438865.274838,459.296,1980,3201,96.0,85.0,44.0
1786438865.284837,459.296,1980,3201,96.0,85.0,44.0
1786438865.294837,459.296,1980,3201,96.0,85.0,44.0
1786438865.304836,459.812,1980,3201,96.0,85.0,44.0
1786438865.314838,459.812,1980,3201,96.0,85.0,44.0
1786438865.324837,459.812,1980,3201,96.0,85.0,44.0
1786438865.334838,459.812,1980,3201,96.0,85.0,44.0
1786438865.344838,459.812,1980,3201,96.0,85.0,44.0
1786438865.354837,459.812,1980,3201,96.0,85.0,44.0
1786438865.364837,459.812,1980,3201,96.0,85.0,44.0
1786438865.374838,459.812,1980,3201,96.0,85.0,44.0
1786438865.384839,459.812,1980,3201,96.0,85.0,44.0
1786438865.394835,459.812,1980,3201,96.0,85.0,44.0
1786438865.404838,459.252,1980,3201,96.0,85.0,44.0
1786438865.414835,459.252,1980,3201,96.0,85.0,44.0
1786438865.424835,459.252,1980,3201,96.0,85.0,44.0
1786438865.434837,459.252,1980,3201,96.0,85.0,44.0
1786438865.444837,459.252,1980,3201,96.0,85.0,44.0
1786438865.454837,459.252,1980,3201,96.0,85.0,44.0
1786438865.464837,459.252,1980,3201,96.0,85.0,44.0
1786438865.474838,459.252,1980,3201,96.0,85.0,44.0
1786438865.484838,459.252,1980,3201,96.0,85.0,44.0
1786438865.494837,459.252,1980,3201,96.0,85.0,44.0
1786438865.504838,458.868,1980,3201,96.0,85.0,44.0
1786438865.514838,458.868,1980,3201,96.0,85.0,44.0
1786438865.524837,458.868,1980,3201,96.0,85.0,44.0
1786438865.534838,458.868,1980,3201,96.0,85.0,44.0
1786438865.544835,458.868,1980,3201,96.0,85.0,44.0
1786438865.554837,458.868,1980,3201,96.0,85.0,44.0
1786438865.564838,458.868,1980,3201,96.0,85.0,44.0
1786438865.574837,458.868,1980,3201,96.0,85.0,44.0
1786438865.584838,458.868,1980,3201,96.0,85.0,44.0
1786438865.594837,458.868,1980,3201,96.0,85.0,44.0
1786438865.604835,459.157,1980,3201,96.0,85.0,44.0
1786438865.614837,459.157,1980,3201,96.0,85.0,44.0
1786438865.624837,459.157,1980,3201,96.0,85.0,44.0
1786438865.634835,459.157,1980,3201,96.0,85.0,44.0
1786438865.644837,459.157,1980,3201,96.0,85.0,44.0
1786438865.654837,459.157,1980,3201,96.0,85.0,44.0
1786438865.664838,459.157,1980,3201,96.0,85.0,44.0
1786438865.674837,459.157,1980,3201,96.0,85.0,44.0
1786438865.684839,459.157,1980,3201,96.0,85.0,44.0
1786438865.694837,459.157,1980,3201,96.0,85.0,44.0
1786438865.704837,458.768,1980,3201,96.0,85.0,44.0
1786438865.714838,458.768,1980,3201,96.0,85.0,44.0
1786438865.724836,458.768,1980,3201,96.0,85.0,44.0
1786438865.734838,458.768,1980,3201,96.0,85.0,44.0
1786438865.744837,458.768,1980,3201,96.0,85.0,44.0
1786438865.754838,458.768,1980,3201,96.0,85.0,44.0
1786438865.764838,458.768,1980,3201,96.0,85.0,44.0
1786438865.774834,458.768,1980,3201,96.0,85.0,44.0
1786438865.784839,458.768,1980,3201,96.0,85.0,44.0
1786438865.794838,458.768,1980,3201,96.0,85.0,44.0
1786438865.804837,458.643,1980,3201,96.0,85.0,44.0
1786438865.814836,458.643,1980,3201,96.0,85.0,44.0
1786438865.824836,458.643,1980,3201,96.0,85.0,44.0
1786438865.834836,458.643,1980,3201,96.0,85.0,44.0
1786438865.844838,458.643,1980,3201,96.0,85.0,44.0
1786438865.854836,458.643,1980,3201,96.0,85.0,44.0
1786438865.864837,458.643,1980,3201,96.0,85.0,44.0
1786438865.874837,458.643,1980,3201,96.0,85.0,44.0
1786438865.884838,458.643,1980,3201,96.0,85.0,44.0
1786438865.894837,458.643,1980,3201,96.0,85.0,44.0
1786438865.904837,458.522,1980,3201,96.0,85.0,44.0
1786438865.914838,458.522,1980,3201,96.0,85.0,44.0
1786438865.924838,458.522,1980,3201,96.0,85.0,44.0
1786438865.934835,458.522,1980,3201,96.0,85.0,44.0
1786438865.944839,458.522,1980,3201,96.0,85.0,44.0
1786438865.954837,458.522,1980,3201,96.0,85.0,44.0
1786438865.964838,458.522,1980,3201,96.0,85.0,44.0
1786438865.974838,458.522,1980,3201,96.0,85.0,44.0
1786438865.984838,458.522,1980,3201,96.0,85.0,44.0
1786438865.994837,458.522,1980,3201,96.0,85.0,44.0
1786438866.004838,458.683,1980,3201,96.0,85.0,44.0
1786438866.014838,458.683,1980,3201,96.0,85.0,44.0
1786438866.024839,458.683,1980,3201,96.0,85.0,44.0
1786438866.034837,458.683,1980,3201,96.0,85.0,44.0
1786438866.044837,458.683,1980,3201,96.0,85.0,44.0
1786438866.054837,458.683,1980,3201,96.0,85.0,44.0
1786438866.064835,458.683,1980,3201,96.0,85.0,44.0
1786438866.074839,458.683,1980,3201,96.0,85.0,44.0
1786438866.084839,458.683,1980,3201,96.0,85.0,44.0
1786438866.094839,458.683,1980,3201,96.0,85.0,44.0
1786438866.104837,458.655,1980,3201,96.0,85.0,44.0
1786438866.114837,458.655,1980,3201,96.0,85.0,44.0
1786438866.124837,458.655,1980,3201,96.0,85.0,44.0
1786438866.134839,458.655,1980,3201,96.0,85.0,44.0
1786438866.144837,458.655,1980,3201,96.0,85.0,44.0
1786438866.154836,458.655,1980,3201,96.0,85.0,44.0
1786438866.164837,458.655,1980,3201,96.0,85.0,44.0
1786438866.174837,458.655,1980,3201,96.0,85.0,44.0
1786438866.184838,458.655,1980,3201,96.0,85.0,44.0
1786438866.194838,458.655,1980,3201,96.0,85.0,44.0
1786438866.204837,458.540,1980,3201,96.0,85.0,44.0
1786438866.214838,458.540,1980,3201,96.0,85.0,44.0
1786438866.224836,458.540,1980,3201,96.0,85.0,44.0
1786438866.234838,458.540,1980,3201,96.0,85.0,44.0
1786438866.244838,458.540,1980,3201,96.0,85.0,44.0
1786438866.254837,458.540,1980,3201,96.0,85.0,44.0
1786438866.264836,458.540,1980,3201,96.0,85.0,44.0
1786438866.274837,458.540,1980,3201,96.0,85.0,44.0
1786438866.284838,458.540,1980,3201,96.0,85.0,44.0
1786438866.294837,458.540,1980,3201,96.0,85.0,44.0
1786438866.304838,458.227,1980,3201,96.0,85.0,44.0
1786438866.314838,458.227,1980,3201,96.0,85.0,44.0
1786438866.324837,458.227,1980,3201,96.0,85.0,44.0
1786438866.334838,458.227,1980,3201,96.0,85.0,44.0
1786438866.344836,458.227,1980,3201,96.0,85.0,44.0
1786438866.354836,458.227,1980,3201,96.0,85.0,44.0
1786438866.364836,458.227,1980,3201,96.0,85.0,44.0
1786438866.374837,458.227,1980,3201,96.0,85.0,44.0
1786438866.384839,458.227,1980,3201,96.0,85.0,44.0
1786438866.394839,458.227,1980,3201,96.0,85.0,44.0
1786438866.404837,458.734,1980,3201,96.0,85.0,44.0
1786438866.414836,458.734,1980,3201,96.0,85.0,44.0
1786438866.424837,458.734,1980,3201,96.0,85.0,44.0
1786438866.434838,458.734,1980,3201,96.0,85.0,44.0
1786438866.444838,458.734,1980,3201,96.0,85.0,44.0
1786438866.454836,458.734,1980,3201,96.0,85.0,44.0
1786438866.464837,458.734,1980,3201,96.0,85.0,44.0
1786438866.474836,458.734,1980,3201,96.0,85.0,44.0
1786438866.484839,458.734,1980,3201,96.0,85.0,44.0
1786438866.494838,458.734,1980,3201,96.0,85.0,44.0
1786438866.504837,458.433,1980,3201,96.0,85.0,44.0
1786438866.514837,458.433,1980,3201,96.0,85.0,44.0
1786438866.524837,458.433,1980,3201,96.0,85.0,44.0
1786438866.534838,458.433,1980,3201,96.0,85.0,44.0
