t_start,t_end,phase,n_running,n_waiting,kv_tokens_resident,kv_cache_pct,prefill_tokens,decode_tokens,dram_bytes
1784040197.831603,1784040197.831603,mixed,1,1,2048,0.0010,2048,1,
1784040197.831603,1784040197.850132,mixed,2,0,2080,0.0010,2048,2,
1784040197.850132,1784040197.864006,decode,2,0,2096,0.0010,0,2,
1784040197.864006,1784040197.870171,decode,2,0,2096,0.0010,0,2,
1784040197.870171,1784040197.876757,decode,2,0,2096,0.0010,0,2,
1784040197.876757,1784040197.882789,decode,2,0,2096,0.0010,0,2,
1784040197.882789,1784040197.889033,decode,2,0,2096,0.0010,0,2,
1784040197.889033,1784040197.894831,decode,2,0,2096,0.0010,0,2,
1784040197.894831,1784040197.900956,decode,2,0,2096,0.0010,0,2,
1784040197.900956,1784040197.906947,decode,2,0,2096,0.0010,0,2,
1784040197.906947,1784040197.913043,decode,2,0,2096,0.0010,0,2,
1784040197.913043,1784040197.919162,decode,2,0,2096,0.0010,0,2,
1784040197.919162,1784040197.925344,decode,2,0,2096,0.0010,0,2,
1784040197.925344,1784040197.931286,decode,2,0,2096,0.0010,0,2,
1784040197.931286,1784040197.937453,decode,2,0,2096,0.0010,0,2,
1784040197.937453,1784040197.943431,decode,2,0,2096,0.0010,0,2,
1784040197.943431,1784040197.949448,decode,2,0,2096,0.0010,0,2,
1784040197.949448,1784040197.955588,decode,2,0,2112,0.0010,0,2,
1784040197.955588,1784040197.961622,decode,2,0,2128,0.0010,0,2,
1784040197.961622,1784040197.967616,decode,2,0,2128,0.0010,0,2,
1784040197.967616,1784040197.973693,decode,2,0,2128,0.0010,0,2,
1784040197.973693,1784040197.979722,decode,2,0,2128,0.0010,0,2,
1784040197.979722,1784040197.985606,decode,2,0,2128,0.0010,0,2,
1784040197.985606,1784040197.991800,decode,2,0,2128,0.0010,0,2,
1784040197.991800,1784040197.997849,decode,2,0,2128,0.0010,0,2,
1784040197.997849,1784040198.003887,decode,2,0,2128,0.0010,0,2,
1784040198.003887,1784040198.009958,decode,2,0,2128,0.0010,0,2,
1784040198.009958,1784040198.016050,decode,2,0,2128,0.0010,0,2,
1784040198.016050,1784040198.022063,decode,2,0,2128,0.0010,0,2,
1784040198.022063,1784040198.028151,decode,2,0,2128,0.0010,0,2,
1784040198.028151,1784040198.034230,decode,2,0,2128,0.0010,0,2,
1784040198.034230,1784040198.040267,decode,2,0,2128,0.0010,0,2,
1784040198.040267,1784040198.046387,decode,2,0,2128,0.0010,0,2,
1784040198.046387,1784040198.052475,decode,2,0,2144,0.0010,0,2,
1784040198.052475,1784040198.058553,decode,2,0,2160,0.0010,0,2,
1784040198.058553,1784040198.064605,decode,2,0,2160,0.0010,0,2,
1784040198.064605,1784040198.070660,decode,2,0,2160,0.0010,0,2,
1784040198.070660,1784040198.076720,decode,2,0,2160,0.0010,0,2,
1784040198.076720,1784040198.082789,decode,2,0,2160,0.0010,0,2,
1784040198.082789,1784040198.088868,decode,2,0,2160,0.0010,0,2,
1784040198.088868,1784040198.094893,decode,2,0,2160,0.0010,0,2,
1784040198.094893,1784040198.101037,decode,2,0,2160,0.0010,0,2,
1784040198.101037,1784040198.107042,decode,2,0,2160,0.0010,0,2,
1784040198.107042,1784040198.113111,decode,2,0,2160,0.0010,0,2,
1784040198.113111,1784040198.119174,decode,2,0,2160,0.0010,0,2,
1784040198.119174,1784040198.125199,decode,2,0,2160,0.0010,0,2,
1784040198.125199,1784040198.131392,decode,2,0,2160,0.0010,0,2,
1784040198.131392,1784040198.137466,decode,2,0,2160,0.0010,0,2,
1784040198.137466,1784040198.143434,decode,2,0,2160,0.0010,0,2,
1784040198.143434,1784040198.149561,decode,2,0,2176,0.0010,0,2,
1784040198.149561,1784040198.156064,decode,2,0,2192,0.0011,0,2,
1784040198.156064,1784040198.161735,decode,2,0,2192,0.0011,0,2,
1784040198.161735,1784040198.167989,decode,2,0,2192,0.0011,0,2,
1784040198.167989,1784040198.173877,decode,2,0,2192,0.0011,0,2,
1784040198.173877,1784040198.180315,decode,2,0,2192,0.0011,0,2,
1784040198.180315,1784040198.186349,decode,2,0,2192,0.0011,0,2,
1784040198.186349,1784040198.192034,decode,2,0,2192,0.0011,0,2,
1784040198.192034,1784040198.198158,decode,2,0,2192,0.0011,0,2,
1784040198.198158,1784040198.204125,decode,2,0,2192,0.0011,0,2,
1784040198.204125,1784040198.210318,decode,2,0,2192,0.0011,0,2,
1784040198.210318,1784040198.216633,decode,2,0,2192,0.0011,0,2,
1784040198.216633,1784040198.222474,decode,2,0,2192,0.0011,0,2,
1784040198.222474,1784040198.228840,decode,2,0,2192,0.0011,0,2,
1784040198.228840,1784040198.234240,decode,2,0,2192,0.0011,0,2,
1784040198.234240,1784040198.240697,decode,2,0,2192,0.0011,0,2,
1784040198.240697,1784040198.247010,decode,2,0,2208,0.0011,0,2,
1784040198.247010,1784040198.252675,decode,2,0,2224,0.0011,0,2,
1784040198.252675,1784040198.259077,decode,2,0,2224,0.0011,0,2,
1784040198.259077,1784040198.264736,decode,2,0,2224,0.0011,0,2,
1784040198.264736,1784040198.271301,decode,2,0,2224,0.0011,0,2,
1784040198.271301,1784040198.277390,decode,2,0,2224,0.0011,0,2,
1784040198.277390,1784040198.283109,decode,2,0,2224,0.0011,0,2,
1784040198.283109,1784040198.289762,decode,2,0,2224,0.0011,0,2,
1784040198.289762,1784040198.295386,decode,2,0,2224,0.0011,0,2,
1784040198.295386,1784040198.301700,decode,2,0,2224,0.0011,0,2,
1784040198.301700,1784040198.308043,decode,2,0,2224,0.0011,0,2,
1784040198.308043,1784040198.313935,decode,2,0,2224,0.0011,0,2,
1784040198.313935,1784040198.320561,decode,2,0,2224,0.0011,0,2,
1784040198.320561,1784040198.326446,decode,2,0,2224,0.0011,0,2,
1784040198.326446,1784040198.332622,decode,2,0,2224,0.0011,0,2,
1784040198.332622,1784040198.338616,decode,2,0,2224,0.0011,0,2,
1784040198.338616,1784040198.344751,decode,2,0,2240,0.0011,0,2,
1784040198.344751,1784040198.351322,decode,2,0,2256,0.0011,0,2,
1784040198.351322,1784040198.357324,decode,2,0,2256,0.0011,0,2,
1784040198.357324,1784040198.363346,decode,2,0,2256,0.0011,0,2,
1784040198.363346,1784040198.369843,decode,2,0,2256,0.0011,0,2,
1784040198.369843,1784040198.375690,decode,2,0,2256,0.0011,0,2,
1784040198.375690,1784040198.382109,decode,2,0,2256,0.0011,0,2,
1784040198.382109,1784040198.388165,decode,2,0,2256,0.0011,0,2,
1784040198.388165,1784040198.393930,decode,2,0,2256,0.0011,0,2,
1784040198.393930,1784040198.400022,decode,2,0,2256,0.0011,0,2,
1784040198.400022,1784040198.406173,decode,2,0,2256,0.0011,0,2,
1784040198.406173,1784040198.412390,decode,2,0,2256,0.0011,0,2,
1784040198.412390,1784040198.418621,decode,2,0,2256,0.0011,0,2,
1784040198.418621,1784040198.424562,decode,2,0,2256,0.0011,0,2,
1784040198.424562,1784040198.430553,decode,2,0,2256,0.0011,0,2,
1784040198.430553,1784040198.436676,decode,2,0,2256,0.0011,0,2,
1784040198.436676,1784040198.442944,decode,2,0,2272,0.0011,0,2,
1784040198.442944,1784040198.449090,decode,2,0,2288,0.0011,0,2,
1784040198.449090,1784040198.455169,decode,2,0,2288,0.0011,0,2,
1784040198.455169,1784040198.461252,decode,2,0,2288,0.0011,0,2,
1784040198.461252,1784040198.467376,decode,2,0,2288,0.0011,0,2,
1784040198.467376,1784040198.473508,decode,2,0,2288,0.0011,0,2,
1784040198.473508,1784040198.479652,decode,2,0,2288,0.0011,0,2,
1784040198.479652,1784040198.485791,decode,2,0,2288,0.0011,0,2,
1784040198.485791,1784040198.491981,decode,2,0,2288,0.0011,0,2,
1784040198.491981,1784040198.498109,decode,2,0,2288,0.0011,0,2,
1784040198.498109,1784040198.504310,decode,2,0,2288,0.0011,0,2,
1784040198.504310,1784040198.510354,decode,2,0,2288,0.0011,0,2,
1784040198.510354,1784040198.516612,decode,2,0,2288,0.0011,0,2,
1784040198.516612,1784040198.522733,decode,2,0,2288,0.0011,0,2,
1784040198.522733,1784040198.529066,decode,2,0,2288,0.0011,0,2,
1784040198.529066,1784040198.534933,decode,2,0,2288,0.0011,0,2,
1784040198.534933,1784040198.541087,decode,2,0,2304,0.0011,0,2,
1784040198.541087,1784040198.547628,decode,2,0,2320,0.0011,0,2,
1784040198.547628,1784040198.553414,decode,2,0,2320,0.0011,0,2,
1784040198.553414,1784040198.559804,decode,2,0,2320,0.0011,0,2,
1784040198.559804,1784040198.565760,decode,2,0,2320,0.0011,0,2,
1784040198.565760,1784040198.572216,decode,2,0,2320,0.0011,0,2,
1784040198.572216,1784040198.578208,decode,2,0,2320,0.0011,0,2,
1784040198.578208,1784040198.584289,decode,2,0,2320,0.0011,0,2,
1784040198.584289,1784040198.590407,decode,2,0,2320,0.0011,0,2,
1784040198.590407,1784040198.596307,decode,2,0,2320,0.0011,0,2,
1784040198.596307,1784040198.602347,decode,2,0,2320,0.0011,0,2,
1784040198.602347,1784040198.608752,decode,2,0,2320,0.0011,0,2,
1784040198.608752,1784040198.614555,decode,2,0,2320,0.0011,0,2,
1784040198.614555,1784040198.620914,decode,2,0,2320,0.0011,0,2,
1784040198.620914,1784040198.626780,decode,1,0,2176,0.0010,0,2,
1784040198.626780,1784040198.634180,decode,0,0,0,0.0000,0,1,
1784040198.634180,1784040198.634238,idle,0,0,0,0.0000,,,
1784040198.634238,1784040198.650308,mixed,2,0,2064,0.0010,4096,2,
1784040198.650308,1784040198.656422,decode,2,0,2096,0.0010,0,2,
1784040198.656422,1784040198.662455,decode,2,0,2096,0.0010,0,2,
1784040198.662455,1784040198.668801,decode,2,0,2096,0.0010,0,2,
1784040198.668801,1784040198.674711,decode,2,0,2096,0.0010,0,2,
1784040198.674711,1784040198.680873,decode,2,0,2096,0.0010,0,2,
1784040198.680873,1784040198.686531,decode,2,0,2096,0.0010,0,2,
1784040198.686531,1784040198.693062,decode,2,0,2096,0.0010,0,2,
1784040198.693062,1784040198.699136,decode,2,0,2096,0.0010,0,2,
1784040198.699136,1784040198.704874,decode,2,0,2096,0.0010,0,2,
1784040198.704874,1784040198.711017,decode,2,0,2096,0.0010,0,2,
1784040198.711017,1784040198.717108,decode,2,0,2096,0.0010,0,2,
1784040198.717108,1784040198.723519,decode,2,0,2096,0.0010,0,2,
1784040198.723519,1784040198.729536,decode,2,0,2096,0.0010,0,2,
1784040198.729536,1784040198.735324,decode,2,0,2096,0.0010,0,2,
1784040198.735324,1784040198.741386,decode,2,0,2096,0.0010,0,2,
1784040198.741386,1784040198.747341,decode,2,0,2096,0.0010,0,2,
1784040198.747341,1784040198.753798,decode,2,0,2128,0.0010,0,2,
1784040198.753798,1784040198.759753,decode,2,0,2128,0.0010,0,2,
1784040198.759753,1784040198.765663,decode,2,0,2128,0.0010,0,2,
1784040198.765663,1784040198.771961,decode,2,0,2128,0.0010,0,2,
1784040198.771961,1784040198.777809,decode,2,0,2128,0.0010,0,2,
1784040198.777809,1784040198.784411,decode,2,0,2128,0.0010,0,2,
1784040198.784411,1784040198.790403,decode,2,0,2128,0.0010,0,2,
1784040198.790403,1784040198.796167,decode,2,0,2128,0.0010,0,2,
1784040198.796167,1784040198.802539,decode,2,0,2128,0.0010,0,2,
1784040198.802539,1784040198.808454,decode,2,0,2128,0.0010,0,2,
1784040198.808454,1784040198.814853,decode,2,0,2128,0.0010,0,2,
1784040198.814853,1784040198.820846,decode,2,0,2128,0.0010,0,2,
1784040198.820846,1784040198.826709,decode,2,0,2128,0.0010,0,2,
1784040198.826709,1784040198.833141,decode,2,0,2128,0.0010,0,2,
1784040198.833141,1784040198.839142,decode,2,0,2128,0.0010,0,2,
1784040198.839142,1784040198.845535,decode,2,0,2128,0.0010,0,2,
1784040198.845535,1784040198.851868,decode,2,0,2160,0.0010,0,2,
1784040198.851868,1784040198.857554,decode,2,0,2160,0.0010,0,2,
1784040198.857554,1784040198.864054,decode,2,0,2160,0.0010,0,2,
1784040198.864054,1784040198.870005,decode,2,0,2160,0.0010,0,2,
1784040198.870005,1784040198.875944,decode,2,0,2160,0.0010,0,2,
1784040198.875944,1784040198.882543,decode,2,0,2160,0.0010,0,2,
1784040198.882543,1784040198.888267,decode,2,0,2160,0.0010,0,2,
1784040198.888267,1784040198.894470,decode,2,0,2160,0.0010,0,2,
1784040198.894470,1784040198.900849,decode,2,0,2160,0.0010,0,2,
1784040198.900849,1784040198.906812,decode,2,0,2160,0.0010,0,2,
1784040198.906812,1784040198.913152,decode,2,0,2160,0.0010,0,2,
1784040198.913152,1784040198.919022,decode,2,0,2160,0.0010,0,2,
1784040198.919022,1784040198.925725,decode,2,0,2160,0.0010,0,2,
1784040198.925725,1784040198.931814,decode,2,0,2160,0.0010,0,2,
1784040198.931814,1784040198.937721,decode,2,0,2160,0.0010,0,2,
1784040198.937721,1784040198.943714,decode,2,0,2160,0.0010,0,2,
1784040198.943714,1784040198.950384,decode,2,0,2192,0.0011,0,2,
1784040198.950384,1784040198.956384,decode,2,0,2192,0.0011,0,2,
1784040198.956384,1784040198.962610,decode,2,0,2192,0.0011,0,2,
1784040198.962610,1784040198.968513,decode,2,0,2192,0.0011,0,2,
1784040198.968513,1784040198.975241,decode,2,0,2192,0.0011,0,2,
1784040198.975241,1784040198.981136,decode,2,0,2192,0.0011,0,2,
1784040198.981136,1784040198.986818,decode,2,0,2192,0.0011,0,2,
1784040198.986818,1784040198.993488,decode,2,0,2192,0.0011,0,2,
1784040198.993488,1784040198.999290,decode,2,0,2192,0.0011,0,2,
1784040198.999290,1784040199.005747,decode,2,0,2192,0.0011,0,2,
1784040199.005747,1784040199.011399,decode,2,0,2192,0.0011,0,2,
1784040199.011399,1784040199.017730,decode,2,0,2192,0.0011,0,2,
1784040199.017730,1784040199.023960,decode,2,0,2192,0.0011,0,2,
1784040199.023960,1784040199.029859,decode,2,0,2192,0.0011,0,2,
1784040199.029859,1784040199.036327,decode,2,0,2192,0.0011,0,2,
1784040199.036327,1784040199.042356,decode,2,0,2192,0.0011,0,2,
1784040199.042356,1784040199.048414,decode,2,0,2224,0.0011,0,2,
1784040199.048414,1784040199.054889,decode,2,0,2224,0.0011,0,2,
1784040199.054889,1784040199.061070,decode,2,0,2224,0.0011,0,2,
1784040199.061070,1784040199.067235,decode,2,0,2224,0.0011,0,2,
1784040199.067235,1784040199.073460,decode,2,0,2224,0.0011,0,2,
1784040199.073460,1784040199.079389,decode,2,0,2224,0.0011,0,2,
1784040199.079389,1784040199.085749,decode,2,0,2224,0.0011,0,2,
1784040199.085749,1784040199.092045,decode,2,0,2224,0.0011,0,2,
1784040199.092045,1784040199.098076,decode,2,0,2224,0.0011,0,2,
1784040199.098076,1784040199.104404,decode,2,0,2224,0.0011,0,2,
1784040199.104404,1784040199.110178,decode,2,0,2224,0.0011,0,2,
1784040199.110178,1784040199.116817,decode,2,0,2224,0.0011,0,2,
1784040199.116817,1784040199.122991,decode,2,0,2224,0.0011,0,2,
1784040199.122991,1784040199.128992,decode,2,0,2224,0.0011,0,2,
1784040199.128992,1784040199.135572,decode,2,0,2224,0.0011,0,2,
1784040199.135572,1784040199.141400,decode,2,0,2224,0.0011,0,2,
1784040199.141400,1784040199.147786,decode,2,0,2256,0.0011,0,2,
1784040199.147786,1784040199.154200,decode,2,0,2256,0.0011,0,2,
1784040199.154200,1784040199.160059,decode,2,0,2256,0.0011,0,2,
1784040199.160059,1784040199.166408,decode,2,0,2256,0.0011,0,2,
1784040199.166408,1784040199.172607,decode,2,0,2256,0.0011,0,2,
1784040199.172607,1784040199.178564,decode,2,0,2256,0.0011,0,2,
1784040199.178564,1784040199.184953,decode,2,0,2256,0.0011,0,2,
1784040199.184953,1784040199.190816,decode,2,0,2256,0.0011,0,2,
1784040199.190816,1784040199.197362,decode,2,0,2256,0.0011,0,2,
1784040199.197362,1784040199.203719,decode,2,0,2256,0.0011,0,2,
1784040199.203719,1784040199.209546,decode,2,0,2256,0.0011,0,2,
1784040199.209546,1784040199.215957,decode,2,0,2256,0.0011,0,2,
1784040199.215957,1784040199.222172,decode,2,0,2256,0.0011,0,2,
1784040199.222172,1784040199.228562,decode,2,0,2256,0.0011,0,2,
1784040199.228562,1784040199.234408,decode,2,0,2256,0.0011,0,2,
1784040199.234408,1784040199.240512,decode,2,0,2256,0.0011,0,2,
1784040199.240512,1784040199.246984,decode,2,0,2288,0.0011,0,2,
1784040199.246984,1784040199.253200,decode,2,0,2288,0.0011,0,2,
1784040199.253200,1784040199.259189,decode,2,0,2288,0.0011,0,2,
1784040199.259189,1784040199.265641,decode,2,0,2288,0.0011,0,2,
1784040199.265641,1784040199.271332,decode,2,0,2288,0.0011,0,2,
1784040199.271332,1784040199.277950,decode,2,0,2288,0.0011,0,2,
1784040199.277950,1784040199.284349,decode,2,0,2288,0.0011,0,2,
1784040199.284349,1784040199.290135,decode,2,0,2288,0.0011,0,2,
1784040199.290135,1784040199.296696,decode,2,0,2288,0.0011,0,2,
1784040199.296696,1784040199.302768,decode,2,0,2288,0.0011,0,2,
1784040199.302768,1784040199.308756,decode,2,0,2288,0.0011,0,2,
1784040199.308756,1784040199.315133,decode,2,0,2288,0.0011,0,2,
1784040199.315133,1784040199.321181,decode,2,0,2288,0.0011,0,2,
1784040199.321181,1784040199.327723,decode,2,0,2288,0.0011,0,2,
1784040199.327723,1784040199.333797,decode,2,0,2288,0.0011,0,2,
1784040199.333797,1784040199.339796,decode,2,0,2288,0.0011,0,2,
1784040199.339796,1784040199.346224,decode,2,0,2320,0.0011,0,2,
1784040199.346224,1784040199.351989,decode,2,0,2320,0.0011,0,2,
1784040199.351989,1784040199.358484,decode,2,0,2320,0.0011,0,2,
1784040199.358484,1784040199.364728,decode,2,0,2320,0.0011,0,2,
1784040199.364728,1784040199.370882,decode,2,0,2320,0.0011,0,2,
1784040199.370882,1784040199.377286,decode,2,0,2320,0.0011,0,2,
1784040199.377286,1784040199.383466,decode,2,0,2320,0.0011,0,2,
1784040199.383466,1784040199.389431,decode,2,0,2320,0.0011,0,2,
1784040199.389431,1784040199.395727,decode,2,0,2320,0.0011,0,2,
1784040199.395727,1784040199.401908,decode,2,0,2320,0.0011,0,2,
1784040199.401908,1784040199.408258,decode,2,0,2320,0.0011,0,2,
1784040199.408258,1784040199.414488,decode,2,0,2320,0.0011,0,2,
1784040199.414488,1784040199.420440,decode,2,0,2320,0.0011,0,2,
1784040199.420440,1784040199.426854,decode,2,0,2320,0.0011,0,2,
1784040199.426854,1784040199.433116,decode,0,0,0,0.0000,0,2,
1784040199.433116,1784040199.433204,idle,0,0,0,0.0000,,,
1784040199.433204,1784040199.442568,mixed,2,0,2064,0.0010,4096,2,
1784040199.442568,1784040199.448946,decode,2,0,2096,0.0010,0,2,
1784040199.448946,1784040199.455020,decode,2,0,2096,0.0010,0,2,
1784040199.455020,1784040199.461086,decode,2,0,2096,0.0010,0,2,
1784040199.461086,1784040199.467405,decode,2,0,2096,0.0010,0,2,
1784040199.467405,1784040199.473847,decode,2,0,2096,0.0010,0,2,
1784040199.473847,1784040199.479721,decode,2,0,2096,0.0010,0,2,
1784040199.479721,1784040199.485885,decode,2,0,2096,0.0010,0,2,
1784040199.485885,1784040199.492000,decode,2,0,2096,0.0010,0,2,
1784040199.492000,1784040199.498338,decode,2,0,2096,0.0010,0,2,
1784040199.498338,1784040199.504720,decode,2,0,2096,0.0010,0,2,
1784040199.504720,1784040199.510542,decode,2,0,2096,0.0010,0,2,
1784040199.510542,1784040199.516923,decode,2,0,2096,0.0010,0,2,
1784040199.516923,1784040199.522891,decode,2,0,2096,0.0010,0,2,
1784040199.522891,1784040199.529281,decode,2,0,2096,0.0010,0,2,
1784040199.529281,1784040199.535334,decode,2,0,2096,0.0010,0,2,
1784040199.535334,1784040199.541476,decode,2,0,2096,0.0010,0,2,
1784040199.541476,1784040199.547946,decode,2,0,2128,0.0010,0,2,
1784040199.547946,1784040199.554049,decode,2,0,2128,0.0010,0,2,
1784040199.554049,1784040199.560256,decode,2,0,2128,0.0010,0,2,
1784040199.560256,1784040199.566646,decode,2,0,2128,0.0010,0,2,
1784040199.566646,1784040199.572480,decode,2,0,2128,0.0010,0,2,
1784040199.572480,1784040199.578954,decode,2,0,2128,0.0010,0,2,
1784040199.578954,1784040199.584961,decode,2,0,2128,0.0010,0,2,
1784040199.584961,1784040199.590718,decode,2,0,2128,0.0010,0,2,
1784040199.590718,1784040199.596694,decode,2,0,2128,0.0010,0,2,
1784040199.596694,1784040199.602737,decode,2,0,2128,0.0010,0,2,
1784040199.602737,1784040199.609036,decode,2,0,2128,0.0010,0,2,
1784040199.609036,1784040199.615441,decode,2,0,2128,0.0010,0,2,
1784040199.615441,1784040199.621610,decode,2,0,2128,0.0010,0,2,
1784040199.621610,1784040199.628423,decode,2,0,2128,0.0010,0,2,
1784040199.628423,1784040199.634860,decode,2,0,2128,0.0010,0,2,
1784040199.634860,1784040199.641248,decode,2,0,2128,0.0010,0,2,
1784040199.641248,1784040199.647899,decode,2,0,2160,0.0010,0,2,
1784040199.647899,1784040199.654072,decode,2,0,2160,0.0010,0,2,
1784040199.654072,1784040199.660797,decode,2,0,2160,0.0010,0,2,
1784040199.660797,1784040199.667279,decode,2,0,2160,0.0010,0,2,
1784040199.667279,1784040199.673354,decode,2,0,2160,0.0010,0,2,
1784040199.673354,1784040199.680017,decode,2,0,2160,0.0010,0,2,
1784040199.680017,1784040199.685921,decode,2,0,2160,0.0010,0,2,
1784040199.685921,1784040199.693593,decode,2,0,2160,0.0010,0,2,
1784040199.693593,1784040199.700240,decode,2,0,2160,0.0010,0,2,
1784040199.700240,1784040199.706426,decode,2,0,2160,0.0010,0,2,
1784040199.706426,1784040199.712279,decode,2,0,2160,0.0010,0,2,
1784040199.712279,1784040199.718899,decode,2,0,2160,0.0010,0,2,
1784040199.718899,1784040199.724955,decode,2,0,2160,0.0010,0,2,
1784040199.724955,1784040199.730914,decode,2,0,2160,0.0010,0,2,
1784040199.730914,1784040199.737068,decode,2,0,2160,0.0010,0,2,
1784040199.737068,1784040199.743229,decode,2,0,2160,0.0010,0,2,
1784040199.743229,1784040199.749447,decode,2,0,2192,0.0011,0,2,
1784040199.749447,1784040199.755958,decode,2,0,2192,0.0011,0,2,
1784040199.755958,1784040199.761820,decode,2,0,2192,0.0011,0,2,
1784040199.761820,1784040199.768317,decode,2,0,2192,0.0011,0,2,
1784040199.768317,1784040199.774156,decode,2,0,2192,0.0011,0,2,
1784040199.774156,1784040199.780703,decode,2,0,2192,0.0011,0,2,
1784040199.780703,1784040199.786954,decode,2,0,2192,0.0011,0,2,
1784040199.786954,1784040199.792787,decode,2,0,2192,0.0011,0,2,
1784040199.792787,1784040199.799279,decode,2,0,2192,0.0011,0,2,
1784040199.799279,1784040199.805321,decode,2,0,2192,0.0011,0,2,
1784040199.805321,1784040199.811531,decode,2,0,2192,0.0011,0,2,
1784040199.811531,1784040199.817634,decode,2,0,2192,0.0011,0,2,
1784040199.817634,1784040199.823664,decode,2,0,2192,0.0011,0,2,
1784040199.823664,1784040199.829865,decode,2,0,2192,0.0011,0,2,
1784040199.829865,1784040199.835924,decode,2,0,2192,0.0011,0,2,
1784040199.835924,1784040199.842295,decode,2,0,2192,0.0011,0,2,
1784040199.842295,1784040199.848628,decode,2,0,2224,0.0011,0,2,
1784040199.848628,1784040199.854439,decode,2,0,2224,0.0011,0,2,
1784040199.854439,1784040199.860960,decode,2,0,2224,0.0011,0,2,
1784040199.860960,1784040199.867160,decode,2,0,2224,0.0011,0,2,
1784040199.867160,1784040199.873067,decode,2,0,2224,0.0011,0,2,
1784040199.873067,1784040199.879437,decode,2,0,2224,0.0011,0,2,
1784040199.879437,1784040199.885704,decode,2,0,2224,0.0011,0,2,
1784040199.885704,1784040199.891886,decode,2,0,2224,0.0011,0,2,
1784040199.891886,1784040199.898229,decode,2,0,2224,0.0011,0,2,
1784040199.898229,1784040199.904113,decode,2,0,2224,0.0011,0,2,
1784040199.904113,1784040199.910612,decode,2,0,2224,0.0011,0,2,
1784040199.910612,1784040199.916845,decode,2,0,2224,0.0011,0,2,
1784040199.916845,1784040199.922734,decode,2,0,2224,0.0011,0,2,
1784040199.922734,1784040199.929220,decode,2,0,2224,0.0011,0,2,
1784040199.929220,1784040199.935114,decode,2,0,2224,0.0011,0,2,
1784040199.935114,1784040199.941458,decode,2,0,2224,0.0011,0,2,
1784040199.941458,1784040199.947860,decode,2,0,2256,0.0011,0,2,
1784040199.947860,1784040199.953753,decode,2,0,2256,0.0011,0,2,
1784040199.953753,1784040199.960322,decode,2,0,2256,0.0011,0,2,
1784040199.960322,1784040199.966243,decode,2,0,2256,0.0011,0,2,
1784040199.966243,1784040199.972787,decode,2,0,2256,0.0011,0,2,
1784040199.972787,1784040199.978812,decode,2,0,2256,0.0011,0,2,
1784040199.978812,1784040199.984828,decode,2,0,2256,0.0011,0,2,
1784040199.984828,1784040199.991474,decode,2,0,2256,0.0011,0,2,
1784040199.991474,1784040199.997242,decode,2,0,2256,0.0011,0,2,
1784040199.997242,1784040200.003395,decode,2,0,2256,0.0011,0,2,
1784040200.003395,1784040200.009927,decode,2,0,2256,0.0011,0,2,
1784040200.009927,1784040200.015942,decode,2,0,2256,0.0011,0,2,
1784040200.015942,1784040200.022233,decode,2,0,2256,0.0011,0,2,
1784040200.022233,1784040200.028344,decode,2,0,2256,0.0011,0,2,
1784040200.028344,1784040200.034341,decode,2,0,2256,0.0011,0,2,
1784040200.034341,1784040200.040510,decode,2,0,2256,0.0011,0,2,
1784040200.040510,1784040200.046999,decode,2,0,2288,0.0011,0,2,
1784040200.046999,1784040200.053360,decode,2,0,2288,0.0011,0,2,
1784040200.053360,1784040200.059360,decode,2,0,2288,0.0011,0,2,
1784040200.059360,1784040200.065305,decode,2,0,2288,0.0011,0,2,
1784040200.065305,1784040200.071747,decode,2,0,2288,0.0011,0,2,
1784040200.071747,1784040200.078101,decode,2,0,2288,0.0011,0,2,
1784040200.078101,1784040200.084002,decode,2,0,2288,0.0011,0,2,
1784040200.084002,1784040200.090393,decode,2,0,2288,0.0011,0,2,
1784040200.090393,1784040200.096452,decode,2,0,2288,0.0011,0,2,
1784040200.096452,1784040200.102744,decode,2,0,2288,0.0011,0,2,
1784040200.102744,1784040200.108866,decode,2,0,2288,0.0011,0,2,
1784040200.108866,1784040200.115005,decode,2,0,2288,0.0011,0,2,
1784040200.115005,1784040200.121368,decode,2,0,2288,0.0011,0,2,
1784040200.121368,1784040200.127862,decode,2,0,2288,0.0011,0,2,
1784040200.127862,1784040200.133771,decode,2,0,2288,0.0011,0,2,
1784040200.133771,1784040200.140056,decode,2,0,2288,0.0011,0,2,
1784040200.140056,1784040200.146072,decode,2,0,2320,0.0011,0,2,
1784040200.146072,1784040200.152622,decode,2,0,2320,0.0011,0,2,
1784040200.152622,1784040200.158843,decode,2,0,2320,0.0011,0,2,
1784040200.158843,1784040200.164799,decode,2,0,2320,0.0011,0,2,
1784040200.164799,1784040200.171424,decode,2,0,2320,0.0011,0,2,
1784040200.171424,1784040200.177248,decode,2,0,2320,0.0011,0,2,
1784040200.177248,1784040200.183431,decode,2,0,2320,0.0011,0,2,
1784040200.183431,1784040200.189981,decode,2,0,2320,0.0011,0,2,
1784040200.189981,1784040200.195897,decode,2,0,2320,0.0011,0,2,
1784040200.195897,1784040200.202156,decode,2,0,2320,0.0011,0,2,
1784040200.202156,1784040200.208268,decode,2,0,2320,0.0011,0,2,
1784040200.208268,1784040200.214494,decode,2,0,2320,0.0011,0,2,
1784040200.214494,1784040200.220985,decode,2,0,2320,0.0011,0,2,
1784040200.220985,1784040200.226977,decode,2,0,2320,0.0011,0,2,
1784040200.226977,1784040200.234759,decode,0,0,0,0.0000,0,2,
1784040200.234759,1784040200.234836,idle,0,0,0,0.0000,,,
1784040200.234836,1784040200.250242,mixed,1,0,2048,0.0010,2048,1,
1784040200.250242,1784040200.256537,mixed,2,0,2080,0.0010,2048,2,
1784040200.256537,1784040200.263188,decode,2,0,2096,0.0010,0,2,
1784040200.263188,1784040200.269438,decode,2,0,2096,0.0010,0,2,
1784040200.269438,1784040200.275438,decode,2,0,2096,0.0010,0,2,
1784040200.275438,1784040200.281554,decode,2,0,2096,0.0010,0,2,
1784040200.281554,1784040200.287730,decode,2,0,2096,0.0010,0,2,
1784040200.287730,1784040200.293994,decode,2,0,2096,0.0010,0,2,
1784040200.293994,1784040200.300211,decode,2,0,2096,0.0010,0,2,
1784040200.300211,1784040200.306472,decode,2,0,2096,0.0010,0,2,
1784040200.306472,1784040200.312639,decode,2,0,2096,0.0010,0,2,
1784040200.312639,1784040200.318926,decode,2,0,2096,0.0010,0,2,
1784040200.318926,1784040200.325199,decode,2,0,2096,0.0010,0,2,
1784040200.325199,1784040200.331402,decode,2,0,2096,0.0010,0,2,
1784040200.331402,1784040200.337540,decode,2,0,2096,0.0010,0,2,
1784040200.337540,1784040200.343842,decode,2,0,2096,0.0010,0,2,
1784040200.343842,1784040200.350059,decode,2,0,2096,0.0010,0,2,
1784040200.350059,1784040200.356315,decode,2,0,2112,0.0010,0,2,
1784040200.356315,1784040200.362569,decode,2,0,2128,0.0010,0,2,
1784040200.362569,1784040200.368788,decode,2,0,2128,0.0010,0,2,
1784040200.368788,1784040200.375071,decode,2,0,2128,0.0010,0,2,
1784040200.375071,1784040200.381277,decode,2,0,2128,0.0010,0,2,
1784040200.381277,1784040200.387465,decode,2,0,2128,0.0010,0,2,
1784040200.387465,1784040200.393815,decode,2,0,2128,0.0010,0,2,
1784040200.393815,1784040200.400068,decode,2,0,2128,0.0010,0,2,
1784040200.400068,1784040200.406245,decode,2,0,2128,0.0010,0,2,
1784040200.406245,1784040200.412249,decode,2,0,2128,0.0010,0,2,
1784040200.412249,1784040200.418572,decode,2,0,2128,0.0010,0,2,
1784040200.418572,1784040200.424696,decode,2,0,2128,0.0010,0,2,
1784040200.424696,1784040200.430864,decode,2,0,2128,0.0010,0,2,
1784040200.430864,1784040200.437057,decode,2,0,2128,0.0010,0,2,
1784040200.437057,1784040200.443281,decode,2,0,2128,0.0010,0,2,
1784040200.443281,1784040200.449446,decode,2,0,2128,0.0010,0,2,
1784040200.449446,1784040200.455660,decode,2,0,2144,0.0010,0,2,
1784040200.455660,1784040200.461848,decode,2,0,2160,0.0010,0,2,
1784040200.461848,1784040200.468055,decode,2,0,2160,0.0010,0,2,
1784040200.468055,1784040200.474253,decode,2,0,2160,0.0010,0,2,
1784040200.474253,1784040200.480458,decode,2,0,2160,0.0010,0,2,
1784040200.480458,1784040200.486603,decode,2,0,2160,0.0010,0,2,
1784040200.486603,1784040200.492823,decode,2,0,2160,0.0010,0,2,
1784040200.492823,1784040200.499026,decode,2,0,2160,0.0010,0,2,
1784040200.499026,1784040200.505202,decode,2,0,2160,0.0010,0,2,
1784040200.505202,1784040200.511405,decode,2,0,2160,0.0010,0,2,
1784040200.511405,1784040200.517565,decode,2,0,2160,0.0010,0,2,
1784040200.517565,1784040200.523750,decode,2,0,2160,0.0010,0,2,
1784040200.523750,1784040200.529953,decode,2,0,2160,0.0010,0,2,
1784040200.529953,1784040200.536178,decode,2,0,2160,0.0010,0,2,
1784040200.536178,1784040200.542392,decode,2,0,2160,0.0010,0,2,
1784040200.542392,1784040200.548618,decode,2,0,2160,0.0010,0,2,
1784040200.548618,1784040200.554830,decode,2,0,2176,0.0010,0,2,
1784040200.554830,1784040200.561100,decode,2,0,2192,0.0011,0,2,
1784040200.561100,1784040200.567244,decode,2,0,2192,0.0011,0,2,
1784040200.567244,1784040200.573518,decode,2,0,2192,0.0011,0,2,
1784040200.573518,1784040200.579699,decode,2,0,2192,0.0011,0,2,
1784040200.579699,1784040200.585915,decode,2,0,2192,0.0011,0,2,
1784040200.585915,1784040200.592182,decode,2,0,2192,0.0011,0,2,
1784040200.592182,1784040200.598367,decode,2,0,2192,0.0011,0,2,
1784040200.598367,1784040200.604601,decode,2,0,2192,0.0011,0,2,
1784040200.604601,1784040200.610808,decode,2,0,2192,0.0011,0,2,
1784040200.610808,1784040200.616960,decode,2,0,2192,0.0011,0,2,
1784040200.616960,1784040200.623206,decode,2,0,2192,0.0011,0,2,
1784040200.623206,1784040200.629256,decode,2,0,2192,0.0011,0,2,
1784040200.629256,1784040200.635585,decode,2,0,2192,0.0011,0,2,
1784040200.635585,1784040200.641797,decode,2,0,2192,0.0011,0,2,
1784040200.641797,1784040200.648065,decode,2,0,2192,0.0011,0,2,
1784040200.648065,1784040200.654294,decode,2,0,2208,0.0011,0,2,
1784040200.654294,1784040200.660560,decode,2,0,2224,0.0011,0,2,
1784040200.660560,1784040200.666876,decode,2,0,2224,0.0011,0,2,
1784040200.666876,1784040200.673029,decode,2,0,2224,0.0011,0,2,
1784040200.673029,1784040200.679249,decode,2,0,2224,0.0011,0,2,
1784040200.679249,1784040200.685477,decode,2,0,2224,0.0011,0,2,
1784040200.685477,1784040200.691673,decode,2,0,2224,0.0011,0,2,
1784040200.691673,1784040200.697969,decode,2,0,2224,0.0011,0,2,
1784040200.697969,1784040200.704139,decode,2,0,2224,0.0011,0,2,
1784040200.704139,1784040200.710387,decode,2,0,2224,0.0011,0,2,
1784040200.710387,1784040200.716776,decode,2,0,2224,0.0011,0,2,
1784040200.716776,1784040200.723068,decode,2,0,2224,0.0011,0,2,
1784040200.723068,1784040200.729331,decode,2,0,2224,0.0011,0,2,
1784040200.729331,1784040200.735604,decode,2,0,2224,0.0011,0,2,
1784040200.735604,1784040200.742025,decode,2,0,2224,0.0011,0,2,
1784040200.742025,1784040200.748232,decode,2,0,2224,0.0011,0,2,
1784040200.748232,1784040200.754649,decode,2,0,2240,0.0011,0,2,
1784040200.754649,1784040200.760975,decode,2,0,2256,0.0011,0,2,
1784040200.760975,1784040200.767244,decode,2,0,2256,0.0011,0,2,
1784040200.767244,1784040200.774117,decode,2,0,2256,0.0011,0,2,
1784040200.774117,1784040200.780666,decode,2,0,2256,0.0011,0,2,
1784040200.780666,1784040200.786996,decode,2,0,2256,0.0011,0,2,
1784040200.786996,1784040200.793171,decode,2,0,2256,0.0011,0,2,
1784040200.793171,1784040200.799604,decode,2,0,2256,0.0011,0,2,
1784040200.799604,1784040200.805913,decode,2,0,2256,0.0011,0,2,
1784040200.805913,1784040200.812208,decode,2,0,2256,0.0011,0,2,
1784040200.812208,1784040200.818551,decode,2,0,2256,0.0011,0,2,
1784040200.818551,1784040200.824836,decode,2,0,2256,0.0011,0,2,
1784040200.824836,1784040200.831078,decode,2,0,2256,0.0011,0,2,
1784040200.831078,1784040200.837356,decode,2,0,2256,0.0011,0,2,
1784040200.837356,1784040200.843584,decode,2,0,2256,0.0011,0,2,
1784040200.843584,1784040200.849862,decode,2,0,2256,0.0011,0,2,
1784040200.849862,1784040200.856080,decode,2,0,2272,0.0011,0,2,
1784040200.856080,1784040200.862421,decode,2,0,2288,0.0011,0,2,
1784040200.862421,1784040200.868617,decode,2,0,2288,0.0011,0,2,
1784040200.868617,1784040200.874871,decode,2,0,2288,0.0011,0,2,
1784040200.874871,1784040200.881113,decode,2,0,2288,0.0011,0,2,
1784040200.881113,1784040200.887342,decode,2,0,2288,0.0011,0,2,
1784040200.887342,1784040200.893698,decode,2,0,2288,0.0011,0,2,
1784040200.893698,1784040200.899945,decode,2,0,2288,0.0011,0,2,
1784040200.899945,1784040200.906278,decode,2,0,2288,0.0011,0,2,
1784040200.906278,1784040200.912449,decode,2,0,2288,0.0011,0,2,
1784040200.912449,1784040200.918824,decode,2,0,2288,0.0011,0,2,
1784040200.918824,1784040200.925304,decode,2,0,2288,0.0011,0,2,
1784040200.925304,1784040200.931539,decode,2,0,2288,0.0011,0,2,
1784040200.931539,1784040200.937914,decode,2,0,2288,0.0011,0,2,
1784040200.937914,1784040200.944215,decode,2,0,2288,0.0011,0,2,
1784040200.944215,1784040200.950576,decode,2,0,2288,0.0011,0,2,
1784040200.950576,1784040200.956926,decode,2,0,2304,0.0011,0,2,
1784040200.956926,1784040200.963331,decode,2,0,2320,0.0011,0,2,
1784040200.963331,1784040200.969990,decode,2,0,2320,0.0011,0,2,
1784040200.969990,1784040200.976082,decode,2,0,2320,0.0011,0,2,
1784040200.976082,1784040200.982306,decode,2,0,2320,0.0011,0,2,
1784040200.982306,1784040200.988616,decode,2,0,2320,0.0011,0,2,
1784040200.988616,1784040200.995004,decode,2,0,2320,0.0011,0,2,
1784040200.995004,1784040201.001341,decode,2,0,2320,0.0011,0,2,
1784040201.001341,1784040201.007735,decode,2,0,2320,0.0011,0,2,
1784040201.007735,1784040201.014090,decode,2,0,2320,0.0011,0,2,
1784040201.014090,1784040201.020386,decode,2,0,2320,0.0011,0,2,
1784040201.020386,1784040201.026752,decode,2,0,2320,0.0011,0,2,
1784040201.026752,1784040201.033145,decode,2,0,2320,0.0011,0,2,
1784040201.033145,1784040201.039510,decode,2,0,2320,0.0011,0,2,
1784040201.039510,1784040201.045902,decode,1,0,2176,0.0010,0,2,
1784040201.045902,1784040201.053335,decode,0,0,0,0.0000,0,1,
1784040201.053335,1784040201.060706,mixed,1,0,2048,0.0010,2048,1,
1784040201.060706,1784040201.067366,mixed,2,0,2080,0.0010,2048,2,
1784040201.067366,1784040201.073724,decode,2,0,2096,0.0010,0,2,
1784040201.073724,1784040201.079950,decode,2,0,2096,0.0010,0,2,
1784040201.079950,1784040201.086393,decode,2,0,2096,0.0010,0,2,
1784040201.086393,1784040201.092656,decode,2,0,2096,0.0010,0,2,
1784040201.092656,1784040201.099051,decode,2,0,2096,0.0010,0,2,
1784040201.099051,1784040201.105398,decode,2,0,2096,0.0010,0,2,
1784040201.105398,1784040201.111737,decode,2,0,2096,0.0010,0,2,
1784040201.111737,1784040201.118083,decode,2,0,2096,0.0010,0,2,
1784040201.118083,1784040201.124392,decode,2,0,2096,0.0010,0,2,
1784040201.124392,1784040201.130743,decode,2,0,2096,0.0010,0,2,
1784040201.130743,1784040201.136972,decode,2,0,2096,0.0010,0,2,
1784040201.136972,1784040201.143436,decode,2,0,2096,0.0010,0,2,
1784040201.143436,1784040201.149774,decode,2,0,2096,0.0010,0,2,
1784040201.149774,1784040201.156029,decode,2,0,2096,0.0010,0,2,
1784040201.156029,1784040201.162312,decode,2,0,2096,0.0010,0,2,
1784040201.162312,1784040201.168749,decode,2,0,2112,0.0010,0,2,
1784040201.168749,1784040201.174935,decode,2,0,2128,0.0010,0,2,
1784040201.174935,1784040201.181379,decode,2,0,2128,0.0010,0,2,
1784040201.181379,1784040201.187558,decode,2,0,2128,0.0010,0,2,
1784040201.187558,1784040201.193965,decode,2,0,2128,0.0010,0,2,
1784040201.193965,1784040201.200242,decode,2,0,2128,0.0010,0,2,
1784040201.200242,1784040201.206533,decode,2,0,2128,0.0010,0,2,
1784040201.206533,1784040201.212773,decode,2,0,2128,0.0010,0,2,
1784040201.212773,1784040201.219186,decode,2,0,2128,0.0010,0,2,
1784040201.219186,1784040201.225430,decode,2,0,2128,0.0010,0,2,
1784040201.225430,1784040201.231922,decode,2,0,2128,0.0010,0,2,
1784040201.231922,1784040201.238476,decode,2,0,2128,0.0010,0,2,
1784040201.238476,1784040201.244571,decode,2,0,2128,0.0010,0,2,
1784040201.244571,1784040201.250911,decode,2,0,2128,0.0010,0,2,
1784040201.250911,1784040201.257199,decode,2,0,2128,0.0010,0,2,
1784040201.257199,1784040201.263549,decode,2,0,2128,0.0010,0,2,
1784040201.263549,1784040201.269928,decode,2,0,2144,0.0010,0,2,
1784040201.269928,1784040201.276533,decode,2,0,2160,0.0010,0,2,
1784040201.276533,1784040201.282611,decode,2,0,2160,0.0010,0,2,
1784040201.282611,1784040201.289304,decode,2,0,2160,0.0010,0,2,
1784040201.289304,1784040201.295591,decode,2,0,2160,0.0010,0,2,
1784040201.295591,1784040201.301701,decode,2,0,2160,0.0010,0,2,
1784040201.301701,1784040201.308186,decode,2,0,2160,0.0010,0,2,
1784040201.308186,1784040201.314544,decode,2,0,2160,0.0010,0,2,
1784040201.314544,1784040201.320800,decode,2,0,2160,0.0010,0,2,
1784040201.320800,1784040201.327457,decode,2,0,2160,0.0010,0,2,
1784040201.327457,1784040201.333515,decode,2,0,2160,0.0010,0,2,
1784040201.333515,1784040201.339822,decode,2,0,2160,0.0010,0,2,
1784040201.339822,1784040201.346033,decode,2,0,2160,0.0010,0,2,
1784040201.346033,1784040201.352521,decode,2,0,2160,0.0010,0,2,
1784040201.352521,1784040201.359300,decode,2,0,2160,0.0010,0,2,
1784040201.359300,1784040201.365372,decode,2,0,2160,0.0010,0,2,
1784040201.365372,1784040201.371719,decode,2,0,2176,0.0010,0,2,
1784040201.371719,1784040201.378028,decode,2,0,2192,0.0011,0,2,
1784040201.378028,1784040201.384512,decode,2,0,2192,0.0011,0,2,
1784040201.384512,1784040201.391035,decode,2,0,2192,0.0011,0,2,
1784040201.391035,1784040201.397603,decode,2,0,2192,0.0011,0,2,
1784040201.397603,1784040201.403650,decode,2,0,2192,0.0011,0,2,
1784040201.403650,1784040201.410015,decode,2,0,2192,0.0011,0,2,
1784040201.410015,1784040201.416396,decode,2,0,2192,0.0011,0,2,
1784040201.416396,1784040201.422760,decode,2,0,2192,0.0011,0,2,
1784040201.422760,1784040201.429092,decode,2,0,2192,0.0011,0,2,
1784040201.429092,1784040201.435407,decode,2,0,2192,0.0011,0,2,
1784040201.435407,1784040201.441776,decode,2,0,2192,0.0011,0,2,
1784040201.441776,1784040201.448120,decode,2,0,2192,0.0011,0,2,
1784040201.448120,1784040201.454471,decode,2,0,2192,0.0011,0,2,
1784040201.454471,1784040201.460800,decode,2,0,2192,0.0011,0,2,
1784040201.460800,1784040201.467165,decode,2,0,2192,0.0011,0,2,
1784040201.467165,1784040201.473511,decode,2,0,2208,0.0011,0,2,
1784040201.473511,1784040201.480092,decode,2,0,2224,0.0011,0,2,
1784040201.480092,1784040201.486738,decode,2,0,2224,0.0011,0,2,
1784040201.486738,1784040201.492719,decode,2,0,2224,0.0011,0,2,
1784040201.492719,1784040201.499282,decode,2,0,2224,0.0011,0,2,
1784040201.499282,1784040201.505654,decode,2,0,2224,0.0011,0,2,
1784040201.505654,1784040201.511930,decode,2,0,2224,0.0011,0,2,
1784040201.511930,1784040201.518084,decode,2,0,2224,0.0011,0,2,
1784040201.518084,1784040201.524650,decode,2,0,2224,0.0011,0,2,
1784040201.524650,1784040201.531022,decode,2,0,2224,0.0011,0,2,
1784040201.531022,1784040201.537192,decode,2,0,2224,0.0011,0,2,
1784040201.537192,1784040201.543748,decode,2,0,2224,0.0011,0,2,
1784040201.543748,1784040201.550121,decode,2,0,2224,0.0011,0,2,
1784040201.550121,1784040201.556303,decode,2,0,2224,0.0011,0,2,
1784040201.556303,1784040201.562935,decode,2,0,2224,0.0011,0,2,
1784040201.562935,1784040201.569192,decode,2,0,2224,0.0011,0,2,
1784040201.569192,1784040201.575715,decode,2,0,2240,0.0011,0,2,
1784040201.575715,1784040201.582380,decode,2,0,2256,0.0011,0,2,
1784040201.582380,1784040201.588420,decode,2,0,2256,0.0011,0,2,
1784040201.588420,1784040201.594612,decode,2,0,2256,0.0011,0,2,
1784040201.594612,1784040201.601105,decode,2,0,2256,0.0011,0,2,
1784040201.601105,1784040201.607295,decode,2,0,2256,0.0011,0,2,
1784040201.607295,1784040201.613104,decode,2,0,2256,0.0011,0,2,
1784040201.613104,1784040201.619419,decode,2,0,2256,0.0011,0,2,
1784040201.619419,1784040201.625459,decode,2,0,2256,0.0011,0,2,
1784040201.625459,1784040201.632046,decode,2,0,2256,0.0011,0,2,
1784040201.632046,1784040201.638265,decode,2,0,2256,0.0011,0,2,
1784040201.638265,1784040201.644144,decode,2,0,2256,0.0011,0,2,
1784040201.644144,1784040201.650664,decode,2,0,2256,0.0011,0,2,
1784040201.650664,1784040201.656942,decode,2,0,2256,0.0011,0,2,
1784040201.656942,1784040201.662877,decode,2,0,2256,0.0011,0,2,
1784040201.662877,1784040201.668903,decode,2,0,2256,0.0011,0,2,
1784040201.668903,1784040201.675096,decode,2,0,2272,0.0011,0,2,
1784040201.675096,1784040201.681658,decode,2,0,2288,0.0011,0,2,
1784040201.681658,1784040201.687710,decode,2,0,2288,0.0011,0,2,
1784040201.687710,1784040201.693883,decode,2,0,2288,0.0011,0,2,
1784040201.693883,1784040201.700121,decode,2,0,2288,0.0011,0,2,
1784040201.700121,1784040201.706054,decode,2,0,2288,0.0011,0,2,
1784040201.706054,1784040201.712218,decode,2,0,2288,0.0011,0,2,
1784040201.712218,1784040201.718727,decode,2,0,2288,0.0011,0,2,
1784040201.718727,1784040201.724576,decode,2,0,2288,0.0011,0,2,
1784040201.724576,1784040201.731112,decode,2,0,2288,0.0011,0,2,
1784040201.731112,1784040201.736935,decode,2,0,2288,0.0011,0,2,
1784040201.736935,1784040201.743397,decode,2,0,2288,0.0011,0,2,
1784040201.743397,1784040201.749526,decode,2,0,2288,0.0011,0,2,
1784040201.749526,1784040201.755532,decode,2,0,2288,0.0011,0,2,
1784040201.755532,1784040201.761999,decode,2,0,2288,0.0011,0,2,
1784040201.761999,1784040201.767902,decode,2,0,2288,0.0011,0,2,
1784040201.767902,1784040201.774094,decode,2,0,2304,0.0011,0,2,
1784040201.774094,1784040201.780483,decode,2,0,2320,0.0011,0,2,
1784040201.780483,1784040201.786475,decode,2,0,2320,0.0011,0,2,
1784040201.786475,1784040201.792661,decode,2,0,2320,0.0011,0,2,
1784040201.792661,1784040201.798968,decode,2,0,2320,0.0011,0,2,
1784040201.798968,1784040201.805011,decode,2,0,2320,0.0011,0,2,
1784040201.805011,1784040201.811509,decode,2,0,2320,0.0011,0,2,
1784040201.811509,1784040201.817478,decode,2,0,2320,0.0011,0,2,
1784040201.817478,1784040201.823898,decode,2,0,2320,0.0011,0,2,
1784040201.823898,1784040201.829976,decode,2,0,2320,0.0011,0,2,
1784040201.829976,1784040201.836149,decode,2,0,2320,0.0011,0,2,
1784040201.836149,1784040201.842152,decode,2,0,2320,0.0011,0,2,
1784040201.842152,1784040201.848476,decode,2,0,2320,0.0011,0,2,
1784040201.848476,1784040201.854489,decode,2,0,2320,0.0011,0,2,
1784040201.854489,1784040201.860657,decode,1,0,2176,0.0010,0,2,
1784040201.860657,1784040201.867795,decode,0,0,0,0.0000,0,1,
1784040201.867795,1784040201.875065,mixed,1,0,2048,0.0010,2048,1,
1784040201.875065,1784040201.881597,mixed,2,0,2080,0.0010,2048,2,
1784040201.881597,1784040201.887900,decode,2,0,2096,0.0010,0,2,
1784040201.887900,1784040201.894429,decode,2,0,2096,0.0010,0,2,
1784040201.894429,1784040201.900585,decode,2,0,2096,0.0010,0,2,
1784040201.900585,1784040201.906901,decode,2,0,2096,0.0010,0,2,
1784040201.906901,1784040201.913317,decode,2,0,2096,0.0010,0,2,
1784040201.913317,1784040201.919575,decode,2,0,2096,0.0010,0,2,
1784040201.919575,1784040201.925882,decode,2,0,2096,0.0010,0,2,
1784040201.925882,1784040201.932283,decode,2,0,2096,0.0010,0,2,
1784040201.932283,1784040201.938400,decode,2,0,2096,0.0010,0,2,
1784040201.938400,1784040201.944607,decode,2,0,2096,0.0010,0,2,
1784040201.944607,1784040201.950773,decode,2,0,2096,0.0010,0,2,
1784040201.950773,1784040201.956969,decode,2,0,2096,0.0010,0,2,
1784040201.956969,1784040201.963114,decode,2,0,2096,0.0010,0,2,
1784040201.963114,1784040201.969244,decode,2,0,2096,0.0010,0,2,
1784040201.969244,1784040201.975503,decode,2,0,2096,0.0010,0,2,
1784040201.975503,1784040201.981726,decode,2,0,2112,0.0010,0,2,
1784040201.981726,1784040201.987929,decode,2,0,2128,0.0010,0,2,
1784040201.987929,1784040201.994036,decode,2,0,2128,0.0010,0,2,
1784040201.994036,1784040202.000400,decode,2,0,2128,0.0010,0,2,
1784040202.000400,1784040202.006420,decode,2,0,2128,0.0010,0,2,
1784040202.006420,1784040202.012805,decode,2,0,2128,0.0010,0,2,
1784040202.012805,1784040202.018844,decode,2,0,2128,0.0010,0,2,
1784040202.018844,1784040202.025374,decode,2,0,2128,0.0010,0,2,
1784040202.025374,1784040202.031537,decode,2,0,2128,0.0010,0,2,
1784040202.031537,1784040202.037476,decode,2,0,2128,0.0010,0,2,
1784040202.037476,1784040202.044044,decode,2,0,2128,0.0010,0,2,
1784040202.044044,1784040202.050089,decode,2,0,2128,0.0010,0,2,
1784040202.050089,1784040202.056072,decode,2,0,2128,0.0010,0,2,
1784040202.056072,1784040202.062382,decode,2,0,2128,0.0010,0,2,
1784040202.062382,1784040202.068509,decode,2,0,2128,0.0010,0,2,
1784040202.068509,1784040202.074658,decode,2,0,2128,0.0010,0,2,
1784040202.074658,1784040202.081186,decode,2,0,2144,0.0010,0,2,
1784040202.081186,1784040202.087105,decode,2,0,2160,0.0010,0,2,
1784040202.087105,1784040202.093405,decode,2,0,2160,0.0010,0,2,
1784040202.093405,1784040202.099763,decode,2,0,2160,0.0010,0,2,
1784040202.099763,1784040202.105887,decode,2,0,2160,0.0010,0,2,
1784040202.105887,1784040202.112391,decode,2,0,2160,0.0010,0,2,
1784040202.112391,1784040202.118462,decode,2,0,2160,0.0010,0,2,
1784040202.118462,1784040202.124935,decode,2,0,2160,0.0010,0,2,
1784040202.124935,1784040202.131082,decode,2,0,2160,0.0010,0,2,
1784040202.131082,1784040202.137266,decode,2,0,2160,0.0010,0,2,
1784040202.137266,1784040202.143788,decode,2,0,2160,0.0010,0,2,
1784040202.143788,1784040202.149934,decode,2,0,2160,0.0010,0,2,
1784040202.149934,1784040202.156167,decode,2,0,2160,0.0010,0,2,
1784040202.156167,1784040202.162905,decode,2,0,2160,0.0010,0,2,
1784040202.162905,1784040202.168895,decode,2,0,2160,0.0010,0,2,
1784040202.168895,1784040202.175188,decode,2,0,2160,0.0010,0,2,
1784040202.175188,1784040202.181896,decode,2,0,2176,0.0010,0,2,
1784040202.181896,1784040202.187884,decode,2,0,2192,0.0011,0,2,
1784040202.187884,1784040202.194387,decode,2,0,2192,0.0011,0,2,
1784040202.194387,1784040202.200538,decode,2,0,2192,0.0011,0,2,
1784040202.200538,1784040202.206887,decode,2,0,2192,0.0011,0,2,
1784040202.206887,1784040202.213347,decode,2,0,2192,0.0011,0,2,
1784040202.213347,1784040202.219590,decode,2,0,2192,0.0011,0,2,
1784040202.219590,1784040202.226139,decode,2,0,2192,0.0011,0,2,
1784040202.226139,1784040202.232324,decode,2,0,2192,0.0011,0,2,
1784040202.232324,1784040202.238762,decode,2,0,2192,0.0011,0,2,
1784040202.238762,1784040202.245328,decode,2,0,2192,0.0011,0,2,
1784040202.245328,1784040202.251462,decode,2,0,2192,0.0011,0,2,
1784040202.251462,1784040202.257821,decode,2,0,2192,0.0011,0,2,
1784040202.257821,1784040202.264583,decode,2,0,2192,0.0011,0,2,
1784040202.264583,1784040202.270715,decode,2,0,2192,0.0011,0,2,
1784040202.270715,1784040202.276967,decode,2,0,2192,0.0011,0,2,
1784040202.276967,1784040202.283286,decode,2,0,2208,0.0011,0,2,
1784040202.283286,1784040202.289671,decode,2,0,2224,0.0011,0,2,
1784040202.289671,1784040202.296044,decode,2,0,2224,0.0011,0,2,
1784040202.296044,1784040202.303163,decode,2,0,2224,0.0011,0,2,
1784040202.303163,1784040202.309246,decode,2,0,2224,0.0011,0,2,
1784040202.309246,1784040202.316134,decode,2,0,2224,0.0011,0,2,
1784040202.316134,1784040202.322366,decode,2,0,2224,0.0011,0,2,
1784040202.322366,1784040202.328646,decode,2,0,2224,0.0011,0,2,
1784040202.328646,1784040202.335568,decode,2,0,2224,0.0011,0,2,
1784040202.335568,1784040202.341757,decode,2,0,2224,0.0011,0,2,
1784040202.341757,1784040202.347764,decode,2,0,2224,0.0011,0,2,
1784040202.347764,1784040202.354159,decode,2,0,2224,0.0011,0,2,
1784040202.354159,1784040202.359965,decode,2,0,2224,0.0011,0,2,
1784040202.359965,1784040202.366242,decode,2,0,2224,0.0011,0,2,
1784040202.366242,1784040202.372318,decode,2,0,2224,0.0011,0,2,
1784040202.372318,1784040202.378341,decode,2,0,2224,0.0011,0,2,
1784040202.378341,1784040202.384383,decode,2,0,2240,0.0011,0,2,
1784040202.384383,1784040202.390380,decode,2,0,2256,0.0011,0,2,
1784040202.390380,1784040202.396796,decode,2,0,2256,0.0011,0,2,
1784040202.396796,1784040202.402731,decode,2,0,2256,0.0011,0,2,
1784040202.402731,1784040202.408704,decode,2,0,2256,0.0011,0,2,
1784040202.408704,1784040202.414844,decode,2,0,2256,0.0011,0,2,
1784040202.414844,1784040202.420676,decode,2,0,2256,0.0011,0,2,
1784040202.420676,1784040202.426881,decode,2,0,2256,0.0011,0,2,
1784040202.426881,1784040202.432879,decode,2,0,2256,0.0011,0,2,
1784040202.432879,1784040202.438907,decode,2,0,2256,0.0011,0,2,
1784040202.438907,1784040202.445295,decode,2,0,2256,0.0011,0,2,
1784040202.445295,1784040202.451100,decode,2,0,2256,0.0011,0,2,
1784040202.451100,1784040202.457449,decode,2,0,2256,0.0011,0,2,
1784040202.457449,1784040202.463722,decode,2,0,2256,0.0011,0,2,
1784040202.463722,1784040202.469440,decode,2,0,2256,0.0011,0,2,
1784040202.469440,1784040202.475827,decode,2,0,2256,0.0011,0,2,
1784040202.475827,1784040202.482134,decode,2,0,2272,0.0011,0,2,
1784040202.482134,1784040202.487887,decode,2,0,2288,0.0011,0,2,
1784040202.487887,1784040202.494354,decode,2,0,2288,0.0011,0,2,
1784040202.494354,1784040202.500111,decode,2,0,2288,0.0011,0,2,
1784040202.500111,1784040202.506415,decode,2,0,2288,0.0011,0,2,
1784040202.506415,1784040202.512329,decode,2,0,2288,0.0011,0,2,
1784040202.512329,1784040202.518629,decode,2,0,2288,0.0011,0,2,
1784040202.518629,1784040202.524584,decode,2,0,2288,0.0011,0,2,
1784040202.524584,1784040202.530751,decode,2,0,2288,0.0011,0,2,
1784040202.530751,1784040202.537120,decode,2,0,2288,0.0011,0,2,
1784040202.537120,1784040202.542994,decode,2,0,2288,0.0011,0,2,
1784040202.542994,1784040202.549359,decode,2,0,2288,0.0011,0,2,
1784040202.549359,1784040202.555235,decode,2,0,2288,0.0011,0,2,
1784040202.555235,1784040202.561311,decode,2,0,2288,0.0011,0,2,
1784040202.561311,1784040202.567619,decode,2,0,2288,0.0011,0,2,
1784040202.567619,1784040202.573417,decode,2,0,2288,0.0011,0,2,
1784040202.573417,1784040202.579865,decode,2,0,2304,0.0011,0,2,
1784040202.579865,1784040202.585915,decode,2,0,2320,0.0011,0,2,
1784040202.585915,1784040202.592072,decode,2,0,2320,0.0011,0,2,
1784040202.592072,1784040202.598588,decode,2,0,2320,0.0011,0,2,
1784040202.598588,1784040202.604575,decode,2,0,2320,0.0011,0,2,
1784040202.604575,1784040202.610518,decode,2,0,2320,0.0011,0,2,
1784040202.610518,1784040202.616909,decode,2,0,2320,0.0011,0,2,
1784040202.616909,1784040202.623073,decode,2,0,2320,0.0011,0,2,
1784040202.623073,1784040202.629431,decode,2,0,2320,0.0011,0,2,
1784040202.629431,1784040202.635222,decode,2,0,2320,0.0011,0,2,
1784040202.635222,1784040202.641337,decode,2,0,2320,0.0011,0,2,
1784040202.641337,1784040202.647728,decode,2,0,2320,0.0011,0,2,
1784040202.647728,1784040202.653867,decode,2,0,2320,0.0011,0,2,
1784040202.653867,1784040202.660082,decode,2,0,2320,0.0011,0,2,
1784040202.660082,1784040202.666077,decode,1,0,2176,0.0010,0,2,
1784040202.666077,1784040202.673424,decode,0,0,0,0.0000,0,1,
1784040202.673424,1784040202.680126,mixed,1,0,2048,0.0010,2048,1,
1784040202.680126,1784040202.686373,mixed,2,0,2080,0.0010,2048,2,
1784040202.686373,1784040202.692521,decode,2,0,2096,0.0010,0,2,
1784040202.692521,1784040202.698879,decode,2,0,2096,0.0010,0,2,
1784040202.698879,1784040202.704707,decode,2,0,2096,0.0010,0,2,
1784040202.704707,1784040202.710943,decode,2,0,2096,0.0010,0,2,
1784040202.710943,1784040202.716937,decode,2,0,2096,0.0010,0,2,
1784040202.716937,1784040202.723268,decode,2,0,2096,0.0010,0,2,
1784040202.723268,1784040202.729700,decode,2,0,2096,0.0010,0,2,
1784040202.729700,1784040202.735717,decode,2,0,2096,0.0010,0,2,
1784040202.735717,1784040202.741495,decode,2,0,2096,0.0010,0,2,
1784040202.741495,1784040202.747846,decode,2,0,2096,0.0010,0,2,
1784040202.747846,1784040202.753833,decode,2,0,2096,0.0010,0,2,
1784040202.753833,1784040202.759900,decode,2,0,2096,0.0010,0,2,
1784040202.759900,1784040202.766205,decode,2,0,2096,0.0010,0,2,
1784040202.766205,1784040202.772153,decode,2,0,2096,0.0010,0,2,
1784040202.772153,1784040202.778533,decode,2,0,2096,0.0010,0,2,
1784040202.778533,1784040202.784514,decode,2,0,2112,0.0010,0,2,
1784040202.784514,1784040202.790864,decode,2,0,2128,0.0010,0,2,
1784040202.790864,1784040202.797073,decode,2,0,2128,0.0010,0,2,
1784040202.797073,1784040202.803101,decode,2,0,2128,0.0010,0,2,
1784040202.803101,1784040202.809697,decode,2,0,2128,0.0010,0,2,
1784040202.809697,1784040202.815924,decode,2,0,2128,0.0010,0,2,
1784040202.815924,1784040202.821696,decode,2,0,2128,0.0010,0,2,
1784040202.821696,1784040202.828259,decode,2,0,2128,0.0010,0,2,
1784040202.828259,1784040202.834233,decode,2,0,2128,0.0010,0,2,
1784040202.834233,1784040202.840476,decode,2,0,2128,0.0010,0,2,
1784040202.840476,1784040202.846417,decode,2,0,2128,0.0010,0,2,
1784040202.846417,1784040202.852631,decode,2,0,2128,0.0010,0,2,
1784040202.852631,1784040202.859031,decode,2,0,2128,0.0010,0,2,
1784040202.859031,1784040202.865472,decode,2,0,2128,0.0010,0,2,
1784040202.865472,1784040202.871458,decode,2,0,2128,0.0010,0,2,
1784040202.871458,1784040202.878094,decode,2,0,2128,0.0010,0,2,
1784040202.878094,1784040202.883708,decode,2,0,2144,0.0010,0,2,
1784040202.883708,1784040202.890059,decode,2,0,2160,0.0010,0,2,
1784040202.890059,1784040202.896467,decode,2,0,2160,0.0010,0,2,
1784040202.896467,1784040202.902263,decode,2,0,2160,0.0010,0,2,
1784040202.902263,1784040202.908992,decode,2,0,2160,0.0010,0,2,
1784040202.908992,1784040202.914664,decode,2,0,2160,0.0010,0,2,
1784040202.914664,1784040202.920940,decode,2,0,2160,0.0010,0,2,
1784040202.920940,1784040202.927311,decode,2,0,2160,0.0010,0,2,
1784040202.927311,1784040202.933308,decode,2,0,2160,0.0010,0,2,
1784040202.933308,1784040202.939720,decode,2,0,2160,0.0010,0,2,
1784040202.939720,1784040202.945918,decode,2,0,2160,0.0010,0,2,
1784040202.945918,1784040202.951926,decode,2,0,2160,0.0010,0,2,
1784040202.951926,1784040202.958531,decode,2,0,2160,0.0010,0,2,
1784040202.958531,1784040202.964268,decode,2,0,2160,0.0010,0,2,
1784040202.964268,1784040202.970787,decode,2,0,2160,0.0010,0,2,
1784040202.970787,1784040202.976818,decode,2,0,2160,0.0010,0,2,
1784040202.976818,1784040202.982995,decode,2,0,2176,0.0010,0,2,
1784040202.982995,1784040202.989464,decode,2,0,2192,0.0011,0,2,
1784040202.989464,1784040202.995509,decode,2,0,2192,0.0011,0,2,
1784040202.995509,1784040203.001701,decode,2,0,2192,0.0011,0,2,
1784040203.001701,1784040203.008074,decode,2,0,2192,0.0011,0,2,
1784040203.008074,1784040203.014105,decode,2,0,2192,0.0011,0,2,
1784040203.014105,1784040203.020634,decode,2,0,2192,0.0011,0,2,
1784040203.020634,1784040203.026706,decode,2,0,2192,0.0011,0,2,
1784040203.026706,1784040203.032727,decode,2,0,2192,0.0011,0,2,
1784040203.032727,1784040203.039100,decode,2,0,2192,0.0011,0,2,
1784040203.039100,1784040203.045551,decode,2,0,2192,0.0011,0,2,
1784040203.045551,1784040203.051342,decode,2,0,2192,0.0011,0,2,
1784040203.051342,1784040203.057768,decode,2,0,2192,0.0011,0,2,
1784040203.057768,1784040203.063805,decode,2,0,2192,0.0011,0,2,
1784040203.063805,1784040203.069948,decode,2,0,2192,0.0011,0,2,
1784040203.069948,1784040203.076128,decode,2,0,2192,0.0011,0,2,
1784040203.076128,1784040203.082412,decode,2,0,2208,0.0011,0,2,
1784040203.082412,1784040203.088840,decode,2,0,2224,0.0011,0,2,
1784040203.088840,1784040203.094878,decode,2,0,2224,0.0011,0,2,
1784040203.094878,1784040203.101305,decode,2,0,2224,0.0011,0,2,
1784040203.101305,1784040203.107736,decode,2,0,2224,0.0011,0,2,
1784040203.107736,1784040203.113555,decode,2,0,2224,0.0011,0,2,
1784040203.113555,1784040203.119831,decode,2,0,2224,0.0011,0,2,
1784040203.119831,1784040203.126137,decode,2,0,2224,0.0011,0,2,
1784040203.126137,1784040203.132218,decode,2,0,2224,0.0011,0,2,
1784040203.132218,1784040203.138354,decode,2,0,2224,0.0011,0,2,
1784040203.138354,1784040203.144577,decode,2,0,2224,0.0011,0,2,
1784040203.144577,1784040203.151081,decode,2,0,2224,0.0011,0,2,
1784040203.151081,1784040203.157071,decode,2,0,2224,0.0011,0,2,
1784040203.157071,1784040203.163502,decode,2,0,2224,0.0011,0,2,
1784040203.163502,1784040203.169356,decode,2,0,2224,0.0011,0,2,
1784040203.169356,1784040203.175574,decode,2,0,2224,0.0011,0,2,
1784040203.175574,1784040203.181878,decode,2,0,2240,0.0011,0,2,
1784040203.181878,1784040203.188528,decode,2,0,2256,0.0011,0,2,
1784040203.188528,1784040203.194337,decode,2,0,2256,0.0011,0,2,
1784040203.194337,1784040203.200807,decode,2,0,2256,0.0011,0,2,
1784040203.200807,1784040203.206934,decode,2,0,2256,0.0011,0,2,
1784040203.206934,1784040203.212986,decode,2,0,2256,0.0011,0,2,
1784040203.212986,1784040203.219565,decode,2,0,2256,0.0011,0,2,
1784040203.219565,1784040203.225402,decode,2,0,2256,0.0011,0,2,
1784040203.225402,1784040203.231820,decode,2,0,2256,0.0011,0,2,
1784040203.231820,1784040203.237819,decode,2,0,2256,0.0011,0,2,
1784040203.237819,1784040203.243965,decode,2,0,2256,0.0011,0,2,
1784040203.243965,1784040203.250468,decode,2,0,2256,0.0011,0,2,
1784040203.250468,1784040203.256691,decode,2,0,2256,0.0011,0,2,
1784040203.256691,1784040203.262764,decode,2,0,2256,0.0011,0,2,
1784040203.262764,1784040203.269029,decode,2,0,2256,0.0011,0,2,
1784040203.269029,1784040203.275071,decode,2,0,2256,0.0011,0,2,
1784040203.275071,1784040203.281195,decode,2,0,2272,0.0011,0,2,
1784040203.281195,1784040203.287420,decode,2,0,2288,0.0011,0,2,
1784040203.287420,1784040203.293460,decode,2,0,2288,0.0011,0,2,
1784040203.293460,1784040203.299500,decode,2,0,2288,0.0011,0,2,
1784040203.299500,1784040203.305485,decode,2,0,2288,0.0011,0,2,
1784040203.305485,1784040203.311568,decode,2,0,2288,0.0011,0,2,
1784040203.311568,1784040203.317637,decode,2,0,2288,0.0011,0,2,
1784040203.317637,1784040203.323672,decode,2,0,2288,0.0011,0,2,
1784040203.323672,1784040203.329792,decode,2,0,2288,0.0011,0,2,
1784040203.329792,1784040203.335858,decode,2,0,2288,0.0011,0,2,
1784040203.335858,1784040203.341907,decode,2,0,2288,0.0011,0,2,
1784040203.341907,1784040203.347969,decode,2,0,2288,0.0011,0,2,
1784040203.347969,1784040203.353997,decode,2,0,2288,0.0011,0,2,
1784040203.353997,1784040203.360024,decode,2,0,2288,0.0011,0,2,
1784040203.360024,1784040203.366109,decode,2,0,2288,0.0011,0,2,
1784040203.366109,1784040203.372138,decode,2,0,2288,0.0011,0,2,
1784040203.372138,1784040203.378273,decode,2,0,2304,0.0011,0,2,
1784040203.378273,1784040203.384283,decode,2,0,2320,0.0011,0,2,
1784040203.384283,1784040203.390335,decode,2,0,2320,0.0011,0,2,
1784040203.390335,1784040203.396367,decode,2,0,2320,0.0011,0,2,
1784040203.396367,1784040203.402417,decode,2,0,2320,0.0011,0,2,
1784040203.402417,1784040203.408427,decode,2,0,2320,0.0011,0,2,
1784040203.408427,1784040203.414450,decode,2,0,2320,0.0011,0,2,
1784040203.414450,1784040203.420534,decode,2,0,2320,0.0011,0,2,
1784040203.420534,1784040203.426558,decode,2,0,2320,0.0011,0,2,
1784040203.426558,1784040203.432667,decode,2,0,2320,0.0011,0,2,
1784040203.432667,1784040203.438646,decode,2,0,2320,0.0011,0,2,
1784040203.438646,1784040203.444746,decode,2,0,2320,0.0011,0,2,
1784040203.444746,1784040203.450798,decode,2,0,2320,0.0011,0,2,
1784040203.450798,1784040203.456851,decode,2,0,2320,0.0011,0,2,
1784040203.456851,1784040203.462921,decode,1,0,2176,0.0010,0,2,
1784040203.462921,1784040203.469502,decode,0,0,0,0.0000,0,1,
1784040203.469502,1784040203.476195,mixed,1,0,2048,0.0010,2048,1,
1784040203.476195,1784040203.482609,mixed,2,0,2080,0.0010,2048,2,
1784040203.482609,1784040203.488557,decode,2,0,2096,0.0010,0,2,
1784040203.488557,1784040203.494572,decode,2,0,2096,0.0010,0,2,
1784040203.494572,1784040203.500634,decode,2,0,2096,0.0010,0,2,
1784040203.500634,1784040203.506706,decode,2,0,2096,0.0010,0,2,
1784040203.506706,1784040203.512748,decode,2,0,2096,0.0010,0,2,
1784040203.512748,1784040203.518802,decode,2,0,2096,0.0010,0,2,
1784040203.518802,1784040203.524900,decode,2,0,2096,0.0010,0,2,
1784040203.524900,1784040203.530936,decode,2,0,2096,0.0010,0,2,
1784040203.530936,1784040203.536968,decode,2,0,2096,0.0010,0,2,
1784040203.536968,1784040203.543059,decode,2,0,2096,0.0010,0,2,
1784040203.543059,1784040203.549065,decode,2,0,2096,0.0010,0,2,
1784040203.549065,1784040203.555119,decode,2,0,2096,0.0010,0,2,
1784040203.555119,1784040203.561223,decode,2,0,2096,0.0010,0,2,
1784040203.561223,1784040203.567276,decode,2,0,2096,0.0010,0,2,
1784040203.567276,1784040203.573388,decode,2,0,2096,0.0010,0,2,
1784040203.573388,1784040203.579422,decode,2,0,2112,0.0010,0,2,
1784040203.579422,1784040203.585485,decode,2,0,2128,0.0010,0,2,
1784040203.585485,1784040203.591562,decode,2,0,2128,0.0010,0,2,
1784040203.591562,1784040203.597613,decode,2,0,2128,0.0010,0,2,
1784040203.597613,1784040203.603707,decode,2,0,2128,0.0010,0,2,
1784040203.603707,1784040203.609758,decode,2,0,2128,0.0010,0,2,
1784040203.609758,1784040203.615835,decode,2,0,2128,0.0010,0,2,
1784040203.615835,1784040203.621891,decode,2,0,2128,0.0010,0,2,
1784040203.621891,1784040203.627972,decode,2,0,2128,0.0010,0,2,
1784040203.627972,1784040203.634036,decode,2,0,2128,0.0010,0,2,
1784040203.634036,1784040203.640179,decode,2,0,2128,0.0010,0,2,
1784040203.640179,1784040203.646230,decode,2,0,2128,0.0010,0,2,
1784040203.646230,1784040203.652288,decode,2,0,2128,0.0010,0,2,
1784040203.652288,1784040203.658381,decode,2,0,2128,0.0010,0,2,
1784040203.658381,1784040203.664480,decode,2,0,2128,0.0010,0,2,
1784040203.664480,1784040203.670607,decode,2,0,2128,0.0010,0,2,
1784040203.670607,1784040203.676775,decode,2,0,2144,0.0010,0,2,
1784040203.676775,1784040203.682862,decode,2,0,2160,0.0010,0,2,
1784040203.682862,1784040203.689008,decode,2,0,2160,0.0010,0,2,
1784040203.689008,1784040203.695067,decode,2,0,2160,0.0010,0,2,
1784040203.695067,1784040203.701118,decode,2,0,2160,0.0010,0,2,
1784040203.701118,1784040203.707176,decode,2,0,2160,0.0010,0,2,
1784040203.707176,1784040203.713224,decode,2,0,2160,0.0010,0,2,
1784040203.713224,1784040203.719265,decode,2,0,2160,0.0010,0,2,
1784040203.719265,1784040203.725341,decode,2,0,2160,0.0010,0,2,
1784040203.725341,1784040203.731336,decode,2,0,2160,0.0010,0,2,
1784040203.731336,1784040203.737411,decode,2,0,2160,0.0010,0,2,
1784040203.737411,1784040203.743421,decode,2,0,2160,0.0010,0,2,
1784040203.743421,1784040203.749452,decode,2,0,2160,0.0010,0,2,
1784040203.749452,1784040203.755529,decode,2,0,2160,0.0010,0,2,
1784040203.755529,1784040203.761741,decode,2,0,2160,0.0010,0,2,
1784040203.761741,1784040203.767727,decode,2,0,2160,0.0010,0,2,
1784040203.767727,1784040203.773824,decode,2,0,2176,0.0010,0,2,
1784040203.773824,1784040203.779891,decode,2,0,2192,0.0011,0,2,
1784040203.779891,1784040203.785980,decode,2,0,2192,0.0011,0,2,
1784040203.785980,1784040203.792083,decode,2,0,2192,0.0011,0,2,
1784040203.792083,1784040203.798249,decode,2,0,2192,0.0011,0,2,
1784040203.798249,1784040203.804277,decode,2,0,2192,0.0011,0,2,
1784040203.804277,1784040203.810353,decode,2,0,2192,0.0011,0,2,
1784040203.810353,1784040203.816458,decode,2,0,2192,0.0011,0,2,
1784040203.816458,1784040203.822617,decode,2,0,2192,0.0011,0,2,
1784040203.822617,1784040203.828799,decode,2,0,2192,0.0011,0,2,
1784040203.828799,1784040203.834807,decode,2,0,2192,0.0011,0,2,
1784040203.834807,1784040203.841074,decode,2,0,2192,0.0011,0,2,
1784040203.841074,1784040203.847140,decode,2,0,2192,0.0011,0,2,
1784040203.847140,1784040203.853186,decode,2,0,2192,0.0011,0,2,
1784040203.853186,1784040203.859234,decode,2,0,2192,0.0011,0,2,
1784040203.859234,1784040203.865450,decode,2,0,2192,0.0011,0,2,
1784040203.865450,1784040203.871506,decode,2,0,2208,0.0011,0,2,
1784040203.871506,1784040203.877665,decode,2,0,2224,0.0011,0,2,
1784040203.877665,1784040203.883744,decode,2,0,2224,0.0011,0,2,
1784040203.883744,1784040203.889867,decode,2,0,2224,0.0011,0,2,
1784040203.889867,1784040203.895963,decode,2,0,2224,0.0011,0,2,
1784040203.895963,1784040203.902045,decode,2,0,2224,0.0011,0,2,
1784040203.902045,1784040203.908209,decode,2,0,2224,0.0011,0,2,
1784040203.908209,1784040203.914277,decode,2,0,2224,0.0011,0,2,
1784040203.914277,1784040203.920508,decode,2,0,2224,0.0011,0,2,
1784040203.920508,1784040203.926477,decode,2,0,2224,0.0011,0,2,
1784040203.926477,1784040203.932965,decode,2,0,2224,0.0011,0,2,
1784040203.932965,1784040203.938619,decode,2,0,2224,0.0011,0,2,
1784040203.938619,1784040203.945056,decode,2,0,2224,0.0011,0,2,
1784040203.945056,1784040203.950822,decode,2,0,2224,0.0011,0,2,
1784040203.950822,1784040203.957123,decode,2,0,2224,0.0011,0,2,
1784040203.957123,1784040203.962949,decode,2,0,2224,0.0011,0,2,
1784040203.962949,1784040203.969633,decode,2,0,2240,0.0011,0,2,
1784040203.969633,1784040203.975325,decode,2,0,2256,0.0011,0,2,
1784040203.975325,1784040203.981331,decode,2,0,2256,0.0011,0,2,
1784040203.981331,1784040203.987863,decode,2,0,2256,0.0011,0,2,
1784040203.987863,1784040203.993942,decode,2,0,2256,0.0011,0,2,
1784040203.993942,1784040203.999733,decode,2,0,2256,0.0011,0,2,
1784040203.999733,1784040204.005827,decode,2,0,2256,0.0011,0,2,
1784040204.005827,1784040204.011921,decode,2,0,2256,0.0011,0,2,
1784040204.011921,1784040204.018303,decode,2,0,2256,0.0011,0,2,
1784040204.018303,1784040204.024516,decode,2,0,2256,0.0011,0,2,
1784040204.024516,1784040204.030455,decode,2,0,2256,0.0011,0,2,
1784040204.030455,1784040204.036303,decode,2,0,2256,0.0011,0,2,
1784040204.036303,1784040204.042515,decode,2,0,2256,0.0011,0,2,
1784040204.042515,1784040204.048610,decode,2,0,2256,0.0011,0,2,
1784040204.048610,1784040204.054690,decode,2,0,2256,0.0011,0,2,
1784040204.054690,1784040204.060843,decode,2,0,2256,0.0011,0,2,
1784040204.060843,1784040204.067064,decode,2,0,2272,0.0011,0,2,
1784040204.067064,1784040204.073147,decode,2,0,2288,0.0011,0,2,
1784040204.073147,1784040204.079278,decode,2,0,2288,0.0011,0,2,
1784040204.079278,1784040204.085248,decode,2,0,2288,0.0011,0,2,
1784040204.085248,1784040204.091443,decode,2,0,2288,0.0011,0,2,
1784040204.091443,1784040204.097546,decode,2,0,2288,0.0011,0,2,
1784040204.097546,1784040204.103647,decode,2,0,2288,0.0011,0,2,
1784040204.103647,1784040204.109800,decode,2,0,2288,0.0011,0,2,
1784040204.109800,1784040204.115762,decode,2,0,2288,0.0011,0,2,
1784040204.115762,1784040204.122158,decode,2,0,2288,0.0011,0,2,
1784040204.122158,1784040204.128052,decode,2,0,2288,0.0011,0,2,
1784040204.128052,1784040204.134207,decode,2,0,2288,0.0011,0,2,
1784040204.134207,1784040204.139962,decode,2,0,2288,0.0011,0,2,
1784040204.139962,1784040204.146398,decode,2,0,2288,0.0011,0,2,
1784040204.146398,1784040204.152095,decode,2,0,2288,0.0011,0,2,
1784040204.152095,1784040204.158136,decode,2,0,2288,0.0011,0,2,
1784040204.158136,1784040204.164432,decode,2,0,2304,0.0011,0,2,
1784040204.164432,1784040204.170299,decode,2,0,2320,0.0011,0,2,
1784040204.170299,1784040204.176547,decode,2,0,2320,0.0011,0,2,
1784040204.176547,1784040204.182405,decode,2,0,2320,0.0011,0,2,
1784040204.182405,1784040204.188780,decode,2,0,2320,0.0011,0,2,
1784040204.188780,1784040204.194810,decode,2,0,2320,0.0011,0,2,
1784040204.194810,1784040204.200577,decode,2,0,2320,0.0011,0,2,
1784040204.200577,1784040204.206971,decode,2,0,2320,0.0011,0,2,
1784040204.206971,1784040204.212727,decode,2,0,2320,0.0011,0,2,
1784040204.212727,1784040204.219221,decode,2,0,2320,0.0011,0,2,
1784040204.219221,1784040204.225166,decode,2,0,2320,0.0011,0,2,
1784040204.225166,1784040204.230952,decode,2,0,2320,0.0011,0,2,
1784040204.230952,1784040204.237241,decode,2,0,2320,0.0011,0,2,
1784040204.237241,1784040204.243181,decode,2,0,2320,0.0011,0,2,
1784040204.243181,1784040204.249235,decode,1,0,2176,0.0010,0,2,
1784040204.249235,1784040204.256431,decode,0,0,0,0.0000,0,1,
1784040204.256431,1784040204.262642,mixed,1,0,2048,0.0010,2048,1,
1784040204.262642,1784040204.269084,mixed,2,0,2080,0.0010,2048,2,
1784040204.269084,1784040204.275296,decode,2,0,2096,0.0010,0,2,
1784040204.275296,1784040204.281446,decode,2,0,2096,0.0010,0,2,
1784040204.281446,1784040204.287644,decode,2,0,2096,0.0010,0,2,
1784040204.287644,1784040204.293396,decode,2,0,2096,0.0010,0,2,
1784040204.293396,1784040204.299563,decode,2,0,2096,0.0010,0,2,
1784040204.299563,1784040204.305549,decode,2,0,2096,0.0010,0,2,
1784040204.305549,1784040204.311905,decode,2,0,2096,0.0010,0,2,
1784040204.311905,1784040204.318468,decode,2,0,2096,0.0010,0,2,
1784040204.318468,1784040204.323946,decode,2,0,2096,0.0010,0,2,
1784040204.323946,1784040204.330357,decode,2,0,2096,0.0010,0,2,
1784040204.330357,1784040204.336409,decode,2,0,2096,0.0010,0,2,
1784040204.336409,1784040204.342470,decode,2,0,2096,0.0010,0,2,
1784040204.342470,1784040204.348340,decode,2,0,2096,0.0010,0,2,
1784040204.348340,1784040204.354481,decode,2,0,2096,0.0010,0,2,
1784040204.354481,1784040204.360595,decode,2,0,2096,0.0010,0,2,
1784040204.360595,1784040204.366787,decode,2,0,2112,0.0010,0,2,
1784040204.366787,1784040204.372903,decode,2,0,2128,0.0010,0,2,
1784040204.372903,1784040204.378984,decode,2,0,2128,0.0010,0,2,
1784040204.378984,1784040204.385089,decode,2,0,2128,0.0010,0,2,
1784040204.385089,1784040204.391285,decode,2,0,2128,0.0010,0,2,
1784040204.391285,1784040204.397383,decode,2,0,2128,0.0010,0,2,
1784040204.397383,1784040204.403465,decode,2,0,2128,0.0010,0,2,
1784040204.403465,1784040204.409586,decode,2,0,2128,0.0010,0,2,
1784040204.409586,1784040204.415948,decode,2,0,2128,0.0010,0,2,
1784040204.415948,1784040204.422063,decode,2,0,2128,0.0010,0,2,
1784040204.422063,1784040204.428016,decode,2,0,2128,0.0010,0,2,
1784040204.428016,1784040204.434168,decode,2,0,2128,0.0010,0,2,
1784040204.434168,1784040204.440301,decode,2,0,2128,0.0010,0,2,
1784040204.440301,1784040204.446446,decode,2,0,2128,0.0010,0,2,
1784040204.446446,1784040204.452590,decode,2,0,2128,0.0010,0,2,
1784040204.452590,1784040204.458740,decode,2,0,2128,0.0010,0,2,
1784040204.458740,1784040204.464948,decode,2,0,2144,0.0010,0,2,
1784040204.464948,1784040204.471144,decode,2,0,2160,0.0010,0,2,
1784040204.471144,1784040204.477276,decode,2,0,2160,0.0010,0,2,
1784040204.477276,1784040204.483419,decode,2,0,2160,0.0010,0,2,
1784040204.483419,1784040204.489513,decode,2,0,2160,0.0010,0,2,
1784040204.489513,1784040204.495738,decode,2,0,2160,0.0010,0,2,
1784040204.495738,1784040204.501886,decode,2,0,2160,0.0010,0,2,
1784040204.501886,1784040204.508013,decode,2,0,2160,0.0010,0,2,
1784040204.508013,1784040204.514220,decode,2,0,2160,0.0010,0,2,
1784040204.514220,1784040204.520393,decode,2,0,2160,0.0010,0,2,
1784040204.520393,1784040204.526907,decode,2,0,2160,0.0010,0,2,
1784040204.526907,1784040204.532743,decode,2,0,2160,0.0010,0,2,
1784040204.532743,1784040204.538970,decode,2,0,2160,0.0010,0,2,
1784040204.538970,1784040204.545136,decode,2,0,2160,0.0010,0,2,
1784040204.545136,1784040204.551263,decode,2,0,2160,0.0010,0,2,
1784040204.551263,1784040204.557643,decode,2,0,2160,0.0010,0,2,
1784040204.557643,1784040204.563572,decode,2,0,2176,0.0010,0,2,
1784040204.563572,1784040204.569885,decode,2,0,2192,0.0011,0,2,
1784040204.569885,1784040204.575902,decode,2,0,2192,0.0011,0,2,
1784040204.575902,1784040204.582322,decode,2,0,2192,0.0011,0,2,
1784040204.582322,1784040204.588543,decode,2,0,2192,0.0011,0,2,
1784040204.588543,1784040204.594246,decode,2,0,2192,0.0011,0,2,
1784040204.594246,1784040204.600783,decode,2,0,2192,0.0011,0,2,
1784040204.600783,1784040204.606838,decode,2,0,2192,0.0011,0,2,
1784040204.606838,1784040204.612818,decode,2,0,2192,0.0011,0,2,
1784040204.612818,1784040204.619172,decode,2,0,2192,0.0011,0,2,
1784040204.619172,1784040204.625206,decode,2,0,2192,0.0011,0,2,
1784040204.625206,1784040204.631756,decode,2,0,2192,0.0011,0,2,
1784040204.631756,1784040204.637808,decode,2,0,2192,0.0011,0,2,
1784040204.637808,1784040204.643805,decode,2,0,2192,0.0011,0,2,
1784040204.643805,1784040204.649992,decode,2,0,2192,0.0011,0,2,
1784040204.649992,1784040204.656167,decode,2,0,2192,0.0011,0,2,
1784040204.656167,1784040204.662454,decode,2,0,2208,0.0011,0,2,
1784040204.662454,1784040204.669081,decode,2,0,2224,0.0011,0,2,
1784040204.669081,1784040204.674910,decode,2,0,2224,0.0011,0,2,
1784040204.674910,1784040204.681481,decode,2,0,2224,0.0011,0,2,
1784040204.681481,1784040204.687265,decode,2,0,2224,0.0011,0,2,
1784040204.687265,1784040204.693665,decode,2,0,2224,0.0011,0,2,
1784040204.693665,1784040204.699896,decode,2,0,2224,0.0011,0,2,
1784040204.699896,1784040204.705975,decode,2,0,2224,0.0011,0,2,
1784040204.705975,1784040204.712394,decode,2,0,2224,0.0011,0,2,
1784040204.712394,1784040204.718659,decode,2,0,2224,0.0011,0,2,
1784040204.718659,1784040204.724612,decode,2,0,2224,0.0011,0,2,
1784040204.724612,1784040204.731104,decode,2,0,2224,0.0011,0,2,
1784040204.731104,1784040204.736971,decode,2,0,2224,0.0011,0,2,
1784040204.736971,1784040204.743310,decode,2,0,2224,0.0011,0,2,
1784040204.743310,1784040204.749329,decode,2,0,2224,0.0011,0,2,
1784040204.749329,1784040204.755545,decode,2,0,2224,0.0011,0,2,
1784040204.755545,1784040204.762049,decode,2,0,2240,0.0011,0,2,
1784040204.762049,1784040204.768019,decode,2,0,2256,0.0011,0,2,
1784040204.768019,1784040204.774263,decode,2,0,2256,0.0011,0,2,
1784040204.774263,1784040204.780721,decode,2,0,2256,0.0011,0,2,
1784040204.780721,1784040204.786767,decode,2,0,2256,0.0011,0,2,
1784040204.786767,1784040204.793115,decode,2,0,2256,0.0011,0,2,
1784040204.793115,1784040204.799278,decode,2,0,2256,0.0011,0,2,
1784040204.799278,1784040204.805333,decode,2,0,2256,0.0011,0,2,
1784040204.805333,1784040204.811758,decode,2,0,2256,0.0011,0,2,
1784040204.811758,1784040204.817772,decode,2,0,2256,0.0011,0,2,
1784040204.817772,1784040204.824141,decode,2,0,2256,0.0011,0,2,
1784040204.824141,1784040204.830510,decode,2,0,2256,0.0011,0,2,
1784040204.830510,1784040204.838256,decode,2,0,2256,0.0011,0,2,
1784040204.838256,1784040204.844570,decode,2,0,2256,0.0011,0,2,
1784040204.844570,1784040204.850673,decode,2,0,2256,0.0011,0,2,
1784040204.850673,1784040204.856891,decode,2,0,2256,0.0011,0,2,
1784040204.856891,1784040204.863121,decode,2,0,2272,0.0011,0,2,
1784040204.863121,1784040204.869315,decode,2,0,2288,0.0011,0,2,
1784040204.869315,1784040204.875556,decode,2,0,2288,0.0011,0,2,
1784040204.875556,1784040204.881929,decode,2,0,2288,0.0011,0,2,
1784040204.881929,1784040204.887894,decode,2,0,2288,0.0011,0,2,
1784040204.887894,1784040204.894484,decode,2,0,2288,0.0011,0,2,
1784040204.894484,1784040204.900473,decode,2,0,2288,0.0011,0,2,
1784040204.900473,1784040204.906382,decode,2,0,2288,0.0011,0,2,
1784040204.906382,1784040204.912699,decode,2,0,2288,0.0011,0,2,
1784040204.912699,1784040204.918986,decode,2,0,2288,0.0011,0,2,
1784040204.918986,1784040204.924903,decode,2,0,2288,0.0011,0,2,
1784040204.924903,1784040204.931245,decode,2,0,2288,0.0011,0,2,
1784040204.931245,1784040204.937305,decode,2,0,2288,0.0011,0,2,
1784040204.937305,1784040204.943675,decode,2,0,2288,0.0011,0,2,
1784040204.943675,1784040204.949675,decode,2,0,2288,0.0011,0,2,
1784040204.949675,1784040204.955915,decode,2,0,2288,0.0011,0,2,
1784040204.955915,1784040204.962205,decode,2,0,2304,0.0011,0,2,
1784040204.962205,1784040204.968495,decode,2,0,2320,0.0011,0,2,
1784040204.968495,1784040204.974833,decode,2,0,2320,0.0011,0,2,
1784040204.974833,1784040204.980878,decode,2,0,2320,0.0011,0,2,
1784040204.980878,1784040204.987097,decode,2,0,2320,0.0011,0,2,
1784040204.987097,1784040204.993365,decode,2,0,2320,0.0011,0,2,
1784040204.993365,1784040204.999518,decode,2,0,2320,0.0011,0,2,
1784040204.999518,1784040205.005745,decode,2,0,2320,0.0011,0,2,
1784040205.005745,1784040205.012176,decode,2,0,2320,0.0011,0,2,
1784040205.012176,1784040205.018268,decode,2,0,2320,0.0011,0,2,
1784040205.018268,1784040205.024934,decode,2,0,2320,0.0011,0,2,
1784040205.024934,1784040205.030883,decode,2,0,2320,0.0011,0,2,
1784040205.030883,1784040205.036985,decode,2,0,2320,0.0011,0,2,
1784040205.036985,1784040205.043298,decode,2,0,2320,0.0011,0,2,
1784040205.043298,1784040205.049372,decode,1,0,2176,0.0010,0,2,
1784040205.049372,1784040205.056496,decode,0,0,0,0.0000,0,1,
1784040205.056496,1784040205.063619,mixed,1,0,2048,0.0010,2048,1,
1784040205.063619,1784040205.069800,mixed,2,0,2080,0.0010,2048,2,
1784040205.069800,1784040205.076092,decode,2,0,2096,0.0010,0,2,
1784040205.076092,1784040205.082275,decode,2,0,2096,0.0010,0,2,
1784040205.082275,1784040205.088509,decode,2,0,2096,0.0010,0,2,
1784040205.088509,1784040205.094904,decode,2,0,2096,0.0010,0,2,
1784040205.094904,1784040205.101127,decode,2,0,2096,0.0010,0,2,
1784040205.101127,1784040205.107209,decode,2,0,2096,0.0010,0,2,
1784040205.107209,1784040205.113341,decode,2,0,2096,0.0010,0,2,
1784040205.113341,1784040205.119772,decode,2,0,2096,0.0010,0,2,
1784040205.119772,1784040205.126152,decode,2,0,2096,0.0010,0,2,
1784040205.126152,1784040205.132112,decode,2,0,2096,0.0010,0,2,
1784040205.132112,1784040205.138490,decode,2,0,2096,0.0010,0,2,
1784040205.138490,1784040205.144163,decode,2,0,2096,0.0010,0,2,
1784040205.144163,1784040205.150594,decode,2,0,2096,0.0010,0,2,
1784040205.150594,1784040205.156806,decode,2,0,2096,0.0010,0,2,
1784040205.156806,1784040205.162973,decode,2,0,2096,0.0010,0,2,
1784040205.162973,1784040205.169189,decode,2,0,2112,0.0010,0,2,
1784040205.169189,1784040205.175478,decode,2,0,2128,0.0010,0,2,
1784040205.175478,1784040205.181662,decode,2,0,2128,0.0010,0,2,
1784040205.181662,1784040205.187873,decode,2,0,2128,0.0010,0,2,
1784040205.187873,1784040205.194075,decode,2,0,2128,0.0010,0,2,
1784040205.194075,1784040205.200319,decode,2,0,2128,0.0010,0,2,
1784040205.200319,1784040205.206494,decode,2,0,2128,0.0010,0,2,
1784040205.206494,1784040205.212726,decode,2,0,2128,0.0010,0,2,
1784040205.212726,1784040205.219151,decode,2,0,2128,0.0010,0,2,
1784040205.219151,1784040205.225542,decode,2,0,2128,0.0010,0,2,
1784040205.225542,1784040205.231560,decode,2,0,2128,0.0010,0,2,
1784040205.231560,1784040205.237591,decode,2,0,2128,0.0010,0,2,
1784040205.237591,1784040205.243826,decode,2,0,2128,0.0010,0,2,
1784040205.243826,1784040205.250006,decode,2,0,2128,0.0010,0,2,
1784040205.250006,1784040205.256240,decode,2,0,2128,0.0010,0,2,
1784040205.256240,1784040205.262455,decode,2,0,2128,0.0010,0,2,
1784040205.262455,1784040205.268620,decode,2,0,2144,0.0010,0,2,
1784040205.268620,1784040205.275076,decode,2,0,2160,0.0010,0,2,
1784040205.275076,1784040205.281420,decode,2,0,2160,0.0010,0,2,
1784040205.281420,1784040205.287530,decode,2,0,2160,0.0010,0,2,
1784040205.287530,1784040205.293939,decode,2,0,2160,0.0010,0,2,
1784040205.293939,1784040205.299766,decode,2,0,2160,0.0010,0,2,
1784040205.299766,1784040205.305815,decode,2,0,2160,0.0010,0,2,
1784040205.305815,1784040205.311844,decode,2,0,2160,0.0010,0,2,
1784040205.311844,1784040205.318044,decode,2,0,2160,0.0010,0,2,
1784040205.318044,1784040205.324122,decode,2,0,2160,0.0010,0,2,
1784040205.324122,1784040205.329957,decode,2,0,2160,0.0010,0,2,
1784040205.329957,1784040205.336059,decode,2,0,2160,0.0010,0,2,
1784040205.336059,1784040205.342014,decode,2,0,2160,0.0010,0,2,
1784040205.342014,1784040205.348196,decode,2,0,2160,0.0010,0,2,
1784040205.348196,1784040205.354357,decode,2,0,2160,0.0010,0,2,
1784040205.354357,1784040205.360166,decode,2,0,2160,0.0010,0,2,
1784040205.360166,1784040205.366230,decode,2,0,2176,0.0010,0,2,
1784040205.366230,1784040205.372283,decode,2,0,2192,0.0011,0,2,
1784040205.372283,1784040205.378578,decode,2,0,2192,0.0011,0,2,
1784040205.378578,1784040205.384447,decode,2,0,2192,0.0011,0,2,
1784040205.384447,1784040205.390507,decode,2,0,2192,0.0011,0,2,
1784040205.390507,1784040205.396898,decode,2,0,2192,0.0011,0,2,
1784040205.396898,1784040205.402730,decode,2,0,2192,0.0011,0,2,
1784040205.402730,1784040205.408676,decode,2,0,2192,0.0011,0,2,
1784040205.408676,1784040205.414736,decode,2,0,2192,0.0011,0,2,
1784040205.414736,1784040205.420839,decode,2,0,2192,0.0011,0,2,
1784040205.420839,1784040205.427167,decode,2,0,2192,0.0011,0,2,
1784040205.427167,1784040205.432904,decode,2,0,2192,0.0011,0,2,
1784040205.432904,1784040205.439164,decode,2,0,2192,0.0011,0,2,
1784040205.439164,1784040205.445303,decode,2,0,2192,0.0011,0,2,
1784040205.445303,1784040205.451097,decode,2,0,2192,0.0011,0,2,
1784040205.451097,1784040205.457122,decode,2,0,2192,0.0011,0,2,
1784040205.457122,1784040205.463420,decode,2,0,2208,0.0011,0,2,
1784040205.463420,1784040205.469437,decode,2,0,2224,0.0011,0,2,
1784040205.469437,1784040205.475626,decode,2,0,2224,0.0011,0,2,
1784040205.475626,1784040205.481363,decode,2,0,2224,0.0011,0,2,
1784040205.481363,1784040205.487728,decode,2,0,2224,0.0011,0,2,
1784040205.487728,1784040205.493783,decode,2,0,2224,0.0011,0,2,
1784040205.493783,1784040205.499505,decode,2,0,2224,0.0011,0,2,
1784040205.499505,1784040205.505906,decode,2,0,2224,0.0011,0,2,
1784040205.505906,1784040205.511611,decode,2,0,2224,0.0011,0,2,
1784040205.511611,1784040205.517852,decode,2,0,2224,0.0011,0,2,
1784040205.517852,1784040205.524081,decode,2,0,2224,0.0011,0,2,
1784040205.524081,1784040205.529772,decode,2,0,2224,0.0011,0,2,
1784040205.529772,1784040205.536179,decode,2,0,2224,0.0011,0,2,
1784040205.536179,1784040205.541890,decode,2,0,2224,0.0011,0,2,
1784040205.541890,1784040205.548257,decode,2,0,2224,0.0011,0,2,
1784040205.548257,1784040205.553973,decode,2,0,2224,0.0011,0,2,
1784040205.553973,1784040205.560188,decode,2,0,2240,0.0011,0,2,
1784040205.560188,1784040205.566265,decode,2,0,2256,0.0011,0,2,
1784040205.566265,1784040205.572178,decode,2,0,2256,0.0011,0,2,
1784040205.572178,1784040205.578210,decode,2,0,2256,0.0011,0,2,
1784040205.578210,1784040205.584239,decode,2,0,2256,0.0011,0,2,
1784040205.584239,1784040205.590476,decode,2,0,2256,0.0011,0,2,
1784040205.590476,1784040205.596524,decode,2,0,2256,0.0011,0,2,
1784040205.596524,1784040205.602371,decode,2,0,2256,0.0011,0,2,
1784040205.602371,1784040205.608423,decode,2,0,2256,0.0011,0,2,
1784040205.608423,1784040205.614507,decode,2,0,2256,0.0011,0,2,
1784040205.614507,1784040205.620562,decode,2,0,2256,0.0011,0,2,
1784040205.620562,1784040205.626835,decode,2,0,2256,0.0011,0,2,
1784040205.626835,1784040205.632694,decode,2,0,2256,0.0011,0,2,
1784040205.632694,1784040205.639079,decode,2,0,2256,0.0011,0,2,
1784040205.639079,1784040205.645187,decode,2,0,2256,0.0011,0,2,
1784040205.645187,1784040205.650922,decode,2,0,2256,0.0011,0,2,
1784040205.650922,1784040205.657371,decode,2,0,2272,0.0011,0,2,
1784040205.657371,1784040205.663088,decode,2,0,2288,0.0011,0,2,
1784040205.663088,1784040205.669106,decode,2,0,2288,0.0011,0,2,
1784040205.669106,1784040205.675490,decode,2,0,2288,0.0011,0,2,
1784040205.675490,1784040205.681215,decode,2,0,2288,0.0011,0,2,
1784040205.681215,1784040205.687499,decode,2,0,2288,0.0011,0,2,
1784040205.687499,1784040205.693287,decode,2,0,2288,0.0011,0,2,
1784040205.693287,1784040205.699649,decode,2,0,2288,0.0011,0,2,
1784040205.699649,1784040205.705577,decode,2,0,2288,0.0011,0,2,
1784040205.705577,1784040205.711518,decode,2,0,2288,0.0011,0,2,
1784040205.711518,1784040205.717917,decode,2,0,2288,0.0011,0,2,
1784040205.717917,1784040205.723972,decode,2,0,2288,0.0011,0,2,
1784040205.723972,1784040205.729902,decode,2,0,2288,0.0011,0,2,
1784040205.729902,1784040205.735768,decode,2,0,2288,0.0011,0,2,
1784040205.735768,1784040205.741872,decode,2,0,2288,0.0011,0,2,
1784040205.741872,1784040205.747906,decode,2,0,2288,0.0011,0,2,
1784040205.747906,1784040205.754000,decode,2,0,2304,0.0011,0,2,
1784040205.754000,1784040205.760135,decode,2,0,2320,0.0011,0,2,
1784040205.760135,1784040205.766239,decode,2,0,2320,0.0011,0,2,
1784040205.766239,1784040205.772321,decode,2,0,2320,0.0011,0,2,
1784040205.772321,1784040205.778415,decode,2,0,2320,0.0011,0,2,
1784040205.778415,1784040205.784425,decode,2,0,2320,0.0011,0,2,
1784040205.784425,1784040205.790532,decode,2,0,2320,0.0011,0,2,
1784040205.790532,1784040205.796615,decode,2,0,2320,0.0011,0,2,
1784040205.796615,1784040205.802719,decode,2,0,2320,0.0011,0,2,
1784040205.802719,1784040205.808860,decode,2,0,2320,0.0011,0,2,
1784040205.808860,1784040205.815058,decode,2,0,2320,0.0011,0,2,
1784040205.815058,1784040205.821547,decode,2,0,2320,0.0011,0,2,
1784040205.821547,1784040205.827363,decode,2,0,2320,0.0011,0,2,
1784040205.827363,1784040205.833636,decode,2,0,2320,0.0011,0,2,
1784040205.833636,1784040205.839654,decode,1,0,2176,0.0010,0,2,
1784040205.839654,1784040205.846799,decode,0,0,0,0.0000,0,1,
1784040205.846799,1784040205.853678,mixed,1,0,2048,0.0010,2048,1,
1784040205.853678,1784040205.860189,mixed,2,0,2080,0.0010,2048,2,
1784040205.860189,1784040205.866417,decode,2,0,2096,0.0010,0,2,
1784040205.866417,1784040205.872814,decode,2,0,2096,0.0010,0,2,
1784040205.872814,1784040205.878930,decode,2,0,2096,0.0010,0,2,
1784040205.878930,1784040205.885059,decode,2,0,2096,0.0010,0,2,
1784040205.885059,1784040205.891259,decode,2,0,2096,0.0010,0,2,
1784040205.891259,1784040205.897351,decode,2,0,2096,0.0010,0,2,
1784040205.897351,1784040205.903507,decode,2,0,2096,0.0010,0,2,
1784040205.903507,1784040205.909638,decode,2,0,2096,0.0010,0,2,
1784040205.909638,1784040205.915695,decode,2,0,2096,0.0010,0,2,
1784040205.915695,1784040205.922039,decode,2,0,2096,0.0010,0,2,
1784040205.922039,1784040205.928327,decode,2,0,2096,0.0010,0,2,
1784040205.928327,1784040205.934064,decode,2,0,2096,0.0010,0,2,
1784040205.934064,1784040205.940248,decode,2,0,2096,0.0010,0,2,
1784040205.940248,1784040205.946369,decode,2,0,2096,0.0010,0,2,
1784040205.946369,1784040205.952452,decode,2,0,2096,0.0010,0,2,
1784040205.952452,1784040205.958596,decode,2,0,2112,0.0010,0,2,
1784040205.958596,1784040205.964726,decode,2,0,2128,0.0010,0,2,
1784040205.964726,1784040205.970887,decode,2,0,2128,0.0010,0,2,
1784040205.970887,1784040205.977318,decode,2,0,2128,0.0010,0,2,
1784040205.977318,1784040205.983070,decode,2,0,2128,0.0010,0,2,
1784040205.983070,1784040205.989161,decode,2,0,2128,0.0010,0,2,
1784040205.989161,1784040205.995234,decode,2,0,2128,0.0010,0,2,
1784040205.995234,1784040206.001659,decode,2,0,2128,0.0010,0,2,
1784040206.001659,1784040206.007453,decode,2,0,2128,0.0010,0,2,
1784040206.007453,1784040206.013483,decode,2,0,2128,0.0010,0,2,
1784040206.013483,1784040206.019853,decode,2,0,2128,0.0010,0,2,
1784040206.019853,1784040206.025610,decode,2,0,2128,0.0010,0,2,
1784040206.025610,1784040206.032103,decode,2,0,2128,0.0010,0,2,
1784040206.032103,1784040206.038023,decode,2,0,2128,0.0010,0,2,
1784040206.038023,1784040206.043818,decode,2,0,2128,0.0010,0,2,
1784040206.043818,1784040206.049855,decode,2,0,2128,0.0010,0,2,
1784040206.049855,1784040206.056009,decode,2,0,2144,0.0010,0,2,
1784040206.056009,1784040206.062326,decode,2,0,2160,0.0010,0,2,
1784040206.062326,1784040206.068388,decode,2,0,2160,0.0010,0,2,
1784040206.068388,1784040206.074447,decode,2,0,2160,0.0010,0,2,
1784040206.074447,1784040206.080099,decode,2,0,2160,0.0010,0,2,
1784040206.080099,1784040206.086218,decode,2,0,2160,0.0010,0,2,
1784040206.086218,1784040206.092237,decode,2,0,2160,0.0010,0,2,
1784040206.092237,1784040206.098229,decode,2,0,2160,0.0010,0,2,
1784040206.098229,1784040206.104312,decode,2,0,2160,0.0010,0,2,
1784040206.104312,1784040206.110356,decode,2,0,2160,0.0010,0,2,
1784040206.110356,1784040206.116333,decode,2,0,2160,0.0010,0,2,
1784040206.116333,1784040206.122817,decode,2,0,2160,0.0010,0,2,
1784040206.122817,1784040206.128615,decode,2,0,2160,0.0010,0,2,
1784040206.128615,1784040206.134671,decode,2,0,2160,0.0010,0,2,
1784040206.134671,1784040206.140821,decode,2,0,2160,0.0010,0,2,
1784040206.140821,1784040206.146881,decode,2,0,2160,0.0010,0,2,
1784040206.146881,1784040206.153030,decode,2,0,2176,0.0010,0,2,
1784040206.153030,1784040206.159212,decode,2,0,2192,0.0011,0,2,
1784040206.159212,1784040206.165213,decode,2,0,2192,0.0011,0,2,
1784040206.165213,1784040206.171330,decode,2,0,2192,0.0011,0,2,
1784040206.171330,1784040206.177424,decode,2,0,2192,0.0011,0,2,
1784040206.177424,1784040206.183474,decode,2,0,2192,0.0011,0,2,
1784040206.183474,1784040206.189557,decode,2,0,2192,0.0011,0,2,
1784040206.189557,1784040206.195667,decode,2,0,2192,0.0011,0,2,
1784040206.195667,1784040206.201796,decode,2,0,2192,0.0011,0,2,
1784040206.201796,1784040206.207791,decode,2,0,2192,0.0011,0,2,
1784040206.207791,1784040206.213938,decode,2,0,2192,0.0011,0,2,
1784040206.213938,1784040206.220221,decode,2,0,2192,0.0011,0,2,
1784040206.220221,1784040206.226396,decode,2,0,2192,0.0011,0,2,
1784040206.226396,1784040206.232383,decode,2,0,2192,0.0011,0,2,
1784040206.232383,1784040206.238290,decode,2,0,2192,0.0011,0,2,
1784040206.238290,1784040206.244350,decode,2,0,2192,0.0011,0,2,
1784040206.244350,1784040206.250520,decode,2,0,2208,0.0011,0,2,
1784040206.250520,1784040206.256702,decode,2,0,2224,0.0011,0,2,
1784040206.256702,1784040206.262846,decode,2,0,2224,0.0011,0,2,
1784040206.262846,1784040206.269001,decode,2,0,2224,0.0011,0,2,
1784040206.269001,1784040206.275111,decode,2,0,2224,0.0011,0,2,
1784040206.275111,1784040206.281281,decode,2,0,2224,0.0011,0,2,
1784040206.281281,1784040206.287349,decode,2,0,2224,0.0011,0,2,
1784040206.287349,1784040206.293484,decode,2,0,2224,0.0011,0,2,
1784040206.293484,1784040206.299590,decode,2,0,2224,0.0011,0,2,
1784040206.299590,1784040206.305770,decode,2,0,2224,0.0011,0,2,
1784040206.305770,1784040206.311906,decode,2,0,2224,0.0011,0,2,
1784040206.311906,1784040206.318393,decode,2,0,2224,0.0011,0,2,
1784040206.318393,1784040206.324320,decode,2,0,2224,0.0011,0,2,
1784040206.324320,1784040206.330411,decode,2,0,2224,0.0011,0,2,
1784040206.330411,1784040206.336400,decode,2,0,2224,0.0011,0,2,
1784040206.336400,1784040206.342524,decode,2,0,2224,0.0011,0,2,
1784040206.342524,1784040206.348640,decode,2,0,2240,0.0011,0,2,
1784040206.348640,1784040206.354831,decode,2,0,2256,0.0011,0,2,
1784040206.354831,1784040206.361068,decode,2,0,2256,0.0011,0,2,
1784040206.361068,1784040206.367181,decode,2,0,2256,0.0011,0,2,
1784040206.367181,1784040206.373267,decode,2,0,2256,0.0011,0,2,
1784040206.373267,1784040206.379388,decode,2,0,2256,0.0011,0,2,
1784040206.379388,1784040206.385532,decode,2,0,2256,0.0011,0,2,
1784040206.385532,1784040206.391694,decode,2,0,2256,0.0011,0,2,
1784040206.391694,1784040206.397805,decode,2,0,2256,0.0011,0,2,
1784040206.397805,1784040206.403895,decode,2,0,2256,0.0011,0,2,
1784040206.403895,1784040206.410191,decode,2,0,2256,0.0011,0,2,
1784040206.410191,1784040206.416180,decode,2,0,2256,0.0011,0,2,
1784040206.416180,1784040206.422451,decode,2,0,2256,0.0011,0,2,
1784040206.422451,1784040206.428361,decode,2,0,2256,0.0011,0,2,
1784040206.428361,1784040206.434695,decode,2,0,2256,0.0011,0,2,
1784040206.434695,1784040206.440713,decode,2,0,2256,0.0011,0,2,
1784040206.440713,1784040206.446842,decode,2,0,2272,0.0011,0,2,
1784040206.446842,1784040206.453430,decode,2,0,2288,0.0011,0,2,
1784040206.453430,1784040206.459574,decode,2,0,2288,0.0011,0,2,
1784040206.459574,1784040206.465408,decode,2,0,2288,0.0011,0,2,
1784040206.465408,1784040206.471954,decode,2,0,2288,0.0011,0,2,
1784040206.471954,1784040206.477759,decode,2,0,2288,0.0011,0,2,
1784040206.477759,1784040206.484080,decode,2,0,2288,0.0011,0,2,
1784040206.484080,1784040206.490079,decode,2,0,2288,0.0011,0,2,
1784040206.490079,1784040206.496440,decode,2,0,2288,0.0011,0,2,
1784040206.496440,1784040206.502752,decode,2,0,2288,0.0011,0,2,
1784040206.502752,1784040206.508646,decode,2,0,2288,0.0011,0,2,
1784040206.508646,1784040206.514862,decode,2,0,2288,0.0011,0,2,
1784040206.514862,1784040206.521374,decode,2,0,2288,0.0011,0,2,
1784040206.521374,1784040206.527307,decode,2,0,2288,0.0011,0,2,
1784040206.527307,1784040206.533484,decode,2,0,2288,0.0011,0,2,
1784040206.533484,1784040206.539757,decode,2,0,2288,0.0011,0,2,
1784040206.539757,1784040206.545984,decode,2,0,2304,0.0011,0,2,
1784040206.545984,1784040206.552376,decode,2,0,2320,0.0011,0,2,
1784040206.552376,1784040206.558415,decode,2,0,2320,0.0011,0,2,
1784040206.558415,1784040206.564890,decode,2,0,2320,0.0011,0,2,
1784040206.564890,1784040206.571238,decode,2,0,2320,0.0011,0,2,
1784040206.571238,1784040206.577083,decode,2,0,2320,0.0011,0,2,
1784040206.577083,1784040206.583587,decode,2,0,2320,0.0011,0,2,
1784040206.583587,1784040206.589465,decode,2,0,2320,0.0011,0,2,
1784040206.589465,1784040206.596080,decode,2,0,2320,0.0011,0,2,
1784040206.596080,1784040206.601998,decode,2,0,2320,0.0011,0,2,
1784040206.601998,1784040206.608088,decode,2,0,2320,0.0011,0,2,
1784040206.608088,1784040206.614182,decode,2,0,2320,0.0011,0,2,
1784040206.614182,1784040206.620693,decode,2,0,2320,0.0011,0,2,
1784040206.620693,1784040206.626750,decode,2,0,2320,0.0011,0,2,
1784040206.626750,1784040206.633191,decode,1,0,2176,0.0010,0,2,
1784040206.633191,1784040206.639885,decode,0,0,0,0.0000,0,1,
1784040206.639885,1784040206.646959,mixed,1,0,2048,0.0010,2048,1,
1784040206.646959,1784040206.653367,mixed,2,0,2080,0.0010,2048,2,
1784040206.653367,1784040206.659575,decode,2,0,2096,0.0010,0,2,
1784040206.659575,1784040206.665977,decode,2,0,2096,0.0010,0,2,
1784040206.665977,1784040206.672169,decode,2,0,2096,0.0010,0,2,
1784040206.672169,1784040206.678170,decode,2,0,2096,0.0010,0,2,
1784040206.678170,1784040206.684669,decode,2,0,2096,0.0010,0,2,
1784040206.684669,1784040206.690721,decode,2,0,2096,0.0010,0,2,
1784040206.690721,1784040206.696883,decode,2,0,2096,0.0010,0,2,
1784040206.696883,1784040206.703133,decode,2,0,2096,0.0010,0,2,
1784040206.703133,1784040206.709229,decode,2,0,2096,0.0010,0,2,
1784040206.709229,1784040206.715374,decode,2,0,2096,0.0010,0,2,
1784040206.715374,1784040206.721802,decode,2,0,2096,0.0010,0,2,
1784040206.721802,1784040206.727965,decode,2,0,2096,0.0010,0,2,
1784040206.727965,1784040206.734202,decode,2,0,2096,0.0010,0,2,
1784040206.734202,1784040206.740314,decode,2,0,2096,0.0010,0,2,
1784040206.740314,1784040206.746508,decode,2,0,2096,0.0010,0,2,
1784040206.746508,1784040206.752734,decode,2,0,2112,0.0010,0,2,
1784040206.752734,1784040206.759005,decode,2,0,2128,0.0010,0,2,
1784040206.759005,1784040206.765321,decode,2,0,2128,0.0010,0,2,
1784040206.765321,1784040206.771749,decode,2,0,2128,0.0010,0,2,
1784040206.771749,1784040206.777621,decode,2,0,2128,0.0010,0,2,
1784040206.777621,1784040206.784191,decode,2,0,2128,0.0010,0,2,
1784040206.784191,1784040206.790006,decode,2,0,2128,0.0010,0,2,
1784040206.790006,1784040206.796615,decode,2,0,2128,0.0010,0,2,
1784040206.796615,1784040206.802631,decode,2,0,2128,0.0010,0,2,
1784040206.802631,1784040206.808656,decode,2,0,2128,0.0010,0,2,
1784040206.808656,1784040206.814921,decode,2,0,2128,0.0010,0,2,
1784040206.814921,1784040206.821135,decode,2,0,2128,0.0010,0,2,
1784040206.821135,1784040206.827343,decode,2,0,2128,0.0010,0,2,
1784040206.827343,1784040206.833989,decode,2,0,2128,0.0010,0,2,
1784040206.833989,1784040206.839785,decode,2,0,2128,0.0010,0,2,
1784040206.839785,1784040206.845914,decode,2,0,2128,0.0010,0,2,
1784040206.845914,1784040206.852175,decode,2,0,2144,0.0010,0,2,
1784040206.852175,1784040206.858471,decode,2,0,2160,0.0010,0,2,
1784040206.858471,1784040206.864625,decode,2,0,2160,0.0010,0,2,
1784040206.864625,1784040206.870897,decode,2,0,2160,0.0010,0,2,
1784040206.870897,1784040206.877109,decode,2,0,2160,0.0010,0,2,
1784040206.877109,1784040206.883313,decode,2,0,2160,0.0010,0,2,
1784040206.883313,1784040206.889519,decode,2,0,2160,0.0010,0,2,
1784040206.889519,1784040206.895703,decode,2,0,2160,0.0010,0,2,
1784040206.895703,1784040206.901981,decode,2,0,2160,0.0010,0,2,
1784040206.901981,1784040206.908196,decode,2,0,2160,0.0010,0,2,
1784040206.908196,1784040206.914392,decode,2,0,2160,0.0010,0,2,
1784040206.914392,1784040206.920820,decode,2,0,2160,0.0010,0,2,
1784040206.920820,1784040206.926820,decode,2,0,2160,0.0010,0,2,
1784040206.926820,1784040206.933048,decode,2,0,2160,0.0010,0,2,
1784040206.933048,1784040206.939272,decode,2,0,2160,0.0010,0,2,
1784040206.939272,1784040206.945511,decode,2,0,2160,0.0010,0,2,
1784040206.945511,1784040206.951704,decode,2,0,2176,0.0010,0,2,
1784040206.951704,1784040206.957959,decode,2,0,2192,0.0011,0,2,
1784040206.957959,1784040206.964164,decode,2,0,2192,0.0011,0,2,
1784040206.964164,1784040206.970305,decode,2,0,2192,0.0011,0,2,
1784040206.970305,1784040206.976375,decode,2,0,2192,0.0011,0,2,
1784040206.976375,1784040206.982449,decode,2,0,2192,0.0011,0,2,
1784040206.982449,1784040206.988540,decode,2,0,2192,0.0011,0,2,
1784040206.988540,1784040206.994596,decode,2,0,2192,0.0011,0,2,
1784040206.994596,1784040207.000601,decode,2,0,2192,0.0011,0,2,
1784040207.000601,1784040207.006640,decode,2,0,2192,0.0011,0,2,
1784040207.006640,1784040207.012699,decode,2,0,2192,0.0011,0,2,
1784040207.012699,1784040207.019073,decode,2,0,2192,0.0011,0,2,
1784040207.019073,1784040207.024882,decode,2,0,2192,0.0011,0,2,
1784040207.024882,1784040207.031208,decode,2,0,2192,0.0011,0,2,
1784040207.031208,1784040207.036883,decode,2,0,2192,0.0011,0,2,
1784040207.036883,1784040207.042985,decode,2,0,2192,0.0011,0,2,
1784040207.042985,1784040207.048932,decode,2,0,2208,0.0011,0,2,
1784040207.048932,1784040207.055029,decode,2,0,2224,0.0011,0,2,
1784040207.055029,1784040207.061141,decode,2,0,2224,0.0011,0,2,
1784040207.061141,1784040207.067410,decode,2,0,2224,0.0011,0,2,
1784040207.067410,1784040207.073221,decode,2,0,2224,0.0011,0,2,
1784040207.073221,1784040207.079246,decode,2,0,2224,0.0011,0,2,
1784040207.079246,1784040207.085302,decode,2,0,2224,0.0011,0,2,
1784040207.085302,1784040207.091350,decode,2,0,2224,0.0011,0,2,
1784040207.091350,1784040207.097405,decode,2,0,2224,0.0011,0,2,
1784040207.097405,1784040207.103431,decode,2,0,2224,0.0011,0,2,
1784040207.103431,1784040207.109482,decode,2,0,2224,0.0011,0,2,
1784040207.109482,1784040207.115506,decode,2,0,2224,0.0011,0,2,
1784040207.115506,1784040207.121997,decode,2,0,2224,0.0011,0,2,
1784040207.121997,1784040207.127903,decode,2,0,2224,0.0011,0,2,
1784040207.127903,1784040207.133677,decode,2,0,2224,0.0011,0,2,
1784040207.133677,1784040207.139728,decode,2,0,2224,0.0011,0,2,
1784040207.139728,1784040207.146028,decode,2,0,2240,0.0011,0,2,
1784040207.146028,1784040207.151877,decode,2,0,2256,0.0011,0,2,
1784040207.151877,1784040207.157917,decode,2,0,2256,0.0011,0,2,
1784040207.157917,1784040207.163936,decode,2,0,2256,0.0011,0,2,
1784040207.163936,1784040207.170006,decode,2,0,2256,0.0011,0,2,
1784040207.170006,1784040207.176131,decode,2,0,2256,0.0011,0,2,
1784040207.176131,1784040207.182071,decode,2,0,2256,0.0011,0,2,
1784040207.182071,1784040207.188126,decode,2,0,2256,0.0011,0,2,
1784040207.188126,1784040207.194183,decode,2,0,2256,0.0011,0,2,
1784040207.194183,1784040207.200229,decode,2,0,2256,0.0011,0,2,
1784040207.200229,1784040207.206311,decode,2,0,2256,0.0011,0,2,
1784040207.206311,1784040207.212453,decode,2,0,2256,0.0011,0,2,
1784040207.212453,1784040207.218718,decode,2,0,2256,0.0011,0,2,
1784040207.218718,1784040207.224485,decode,2,0,2256,0.0011,0,2,
1784040207.224485,1784040207.230474,decode,2,0,2256,0.0011,0,2,
1784040207.230474,1784040207.236877,decode,2,0,2256,0.0011,0,2,
1784040207.236877,1784040207.242970,decode,2,0,2272,0.0011,0,2,
1784040207.242970,1784040207.248619,decode,2,0,2288,0.0011,0,2,
1784040207.248619,1784040207.254661,decode,2,0,2288,0.0011,0,2,
1784040207.254661,1784040207.260731,decode,2,0,2288,0.0011,0,2,
1784040207.260731,1784040207.266863,decode,2,0,2288,0.0011,0,2,
1784040207.266863,1784040207.272866,decode,2,0,2288,0.0011,0,2,
1784040207.272866,1784040207.278857,decode,2,0,2288,0.0011,0,2,
1784040207.278857,1784040207.285079,decode,2,0,2288,0.0011,0,2,
1784040207.285079,1784040207.291071,decode,2,0,2288,0.0011,0,2,
1784040207.291071,1784040207.297141,decode,2,0,2288,0.0011,0,2,
1784040207.297141,1784040207.303237,decode,2,0,2288,0.0011,0,2,
1784040207.303237,1784040207.309316,decode,2,0,2288,0.0011,0,2,
1784040207.309316,1784040207.315307,decode,2,0,2288,0.0011,0,2,
1784040207.315307,1784040207.321858,decode,2,0,2288,0.0011,0,2,
1784040207.321858,1784040207.327948,decode,2,0,2288,0.0011,0,2,
1784040207.327948,1784040207.333771,decode,2,0,2288,0.0011,0,2,
1784040207.333771,1784040207.339803,decode,2,0,2304,0.0011,0,2,
1784040207.339803,1784040207.345882,decode,2,0,2320,0.0011,0,2,
1784040207.345882,1784040207.352070,decode,2,0,2320,0.0011,0,2,
1784040207.352070,1784040207.358093,decode,2,0,2320,0.0011,0,2,
1784040207.358093,1784040207.364368,decode,2,0,2320,0.0011,0,2,
1784040207.364368,1784040207.370199,decode,2,0,2320,0.0011,0,2,
1784040207.370199,1784040207.376334,decode,2,0,2320,0.0011,0,2,
1784040207.376334,1784040207.382458,decode,2,0,2320,0.0011,0,2,
1784040207.382458,1784040207.388529,decode,2,0,2320,0.0011,0,2,
1784040207.388529,1784040207.394642,decode,2,0,2320,0.0011,0,2,
1784040207.394642,1784040207.400726,decode,2,0,2320,0.0011,0,2,
1784040207.400726,1784040207.406763,decode,2,0,2320,0.0011,0,2,
1784040207.406763,1784040207.412825,decode,2,0,2320,0.0011,0,2,
1784040207.412825,1784040207.419322,decode,2,0,2320,0.0011,0,2,
1784040207.419322,1784040207.424945,decode,1,0,2176,0.0010,0,2,
1784040207.424945,1784040207.431689,decode,0,0,0,0.0000,0,1,
1784040207.431689,1784040207.438598,mixed,1,0,2048,0.0010,2048,1,
1784040207.438598,1784040207.444882,mixed,2,0,2080,0.0010,2048,2,
1784040207.444882,1784040207.451335,decode,2,0,2096,0.0010,0,2,
1784040207.451335,1784040207.457366,decode,2,0,2096,0.0010,0,2,
1784040207.457366,1784040207.463475,decode,2,0,2096,0.0010,0,2,
1784040207.463475,1784040207.469409,decode,2,0,2096,0.0010,0,2,
1784040207.469409,1784040207.475159,decode,2,0,2096,0.0010,0,2,
1784040207.475159,1784040207.481489,decode,2,0,2096,0.0010,0,2,
1784040207.481489,1784040207.487612,decode,2,0,2096,0.0010,0,2,
1784040207.487612,1784040207.493314,decode,2,0,2096,0.0010,0,2,
1784040207.493314,1784040207.499816,decode,2,0,2096,0.0010,0,2,
1784040207.499816,1784040207.505513,decode,2,0,2096,0.0010,0,2,
1784040207.505513,1784040207.511828,decode,2,0,2096,0.0010,0,2,
1784040207.511828,1784040207.517887,decode,2,0,2096,0.0010,0,2,
1784040207.517887,1784040207.523868,decode,2,0,2096,0.0010,0,2,
1784040207.523868,1784040207.530492,decode,2,0,2096,0.0010,0,2,
1784040207.530492,1784040207.536007,decode,2,0,2096,0.0010,0,2,
1784040207.536007,1784040207.542083,decode,2,0,2112,0.0010,0,2,
1784040207.542083,1784040207.548431,decode,2,0,2128,0.0010,0,2,
1784040207.548431,1784040207.554491,decode,2,0,2128,0.0010,0,2,
1784040207.554491,1784040207.560695,decode,2,0,2128,0.0010,0,2,
1784040207.560695,1784040207.566358,decode,2,0,2128,0.0010,0,2,
1784040207.566358,1784040207.572724,decode,2,0,2128,0.0010,0,2,
1784040207.572724,1784040207.578980,decode,2,0,2128,0.0010,0,2,
1784040207.578980,1784040207.585057,decode,2,0,2128,0.0010,0,2,
1784040207.585057,1784040207.590943,decode,2,0,2128,0.0010,0,2,
1784040207.590943,1784040207.597032,decode,2,0,2128,0.0010,0,2,
1784040207.597032,1784040207.603068,decode,2,0,2128,0.0010,0,2,
1784040207.603068,1784040207.609232,decode,2,0,2128,0.0010,0,2,
1784040207.609232,1784040207.615229,decode,2,0,2128,0.0010,0,2,
1784040207.615229,1784040207.621526,decode,2,0,2128,0.0010,0,2,
1784040207.621526,1784040207.627614,decode,2,0,2128,0.0010,0,2,
1784040207.627614,1784040207.633635,decode,2,0,2128,0.0010,0,2,
1784040207.633635,1784040207.639795,decode,2,0,2144,0.0010,0,2,
1784040207.639795,1784040207.645952,decode,2,0,2160,0.0010,0,2,
1784040207.645952,1784040207.652083,decode,2,0,2160,0.0010,0,2,
1784040207.652083,1784040207.658173,decode,2,0,2160,0.0010,0,2,
1784040207.658173,1784040207.664224,decode,2,0,2160,0.0010,0,2,
1784040207.664224,1784040207.670297,decode,2,0,2160,0.0010,0,2,
1784040207.670297,1784040207.676475,decode,2,0,2160,0.0010,0,2,
1784040207.676475,1784040207.682630,decode,2,0,2160,0.0010,0,2,
1784040207.682630,1784040207.688778,decode,2,0,2160,0.0010,0,2,
1784040207.688778,1784040207.694911,decode,2,0,2160,0.0010,0,2,
1784040207.694911,1784040207.701126,decode,2,0,2160,0.0010,0,2,
1784040207.701126,1784040207.707221,decode,2,0,2160,0.0010,0,2,
1784040207.707221,1784040207.713403,decode,2,0,2160,0.0010,0,2,
1784040207.713403,1784040207.719760,decode,2,0,2160,0.0010,0,2,
1784040207.719760,1784040207.725797,decode,2,0,2160,0.0010,0,2,
1784040207.725797,1784040207.732001,decode,2,0,2160,0.0010,0,2,
1784040207.732001,1784040207.738181,decode,2,0,2176,0.0010,0,2,
1784040207.738181,1784040207.744649,decode,2,0,2192,0.0011,0,2,
1784040207.744649,1784040207.750861,decode,2,0,2192,0.0011,0,2,
1784040207.750861,1784040207.756865,decode,2,0,2192,0.0011,0,2,
1784040207.756865,1784040207.763235,decode,2,0,2192,0.0011,0,2,
1784040207.763235,1784040207.769481,decode,2,0,2192,0.0011,0,2,
1784040207.769481,1784040207.775649,decode,2,0,2192,0.0011,0,2,
1784040207.775649,1784040207.781606,decode,2,0,2192,0.0011,0,2,
1784040207.781606,1784040207.787837,decode,2,0,2192,0.0011,0,2,
1784040207.787837,1784040207.794127,decode,2,0,2192,0.0011,0,2,
1784040207.794127,1784040207.800378,decode,2,0,2192,0.0011,0,2,
1784040207.800378,1784040207.806062,decode,2,0,2192,0.0011,0,2,
1784040207.806062,1784040207.812446,decode,2,0,2192,0.0011,0,2,
1784040207.812446,1784040207.818125,decode,2,0,2192,0.0011,0,2,
1784040207.818125,1784040207.824556,decode,2,0,2192,0.0011,0,2,
1784040207.824556,1784040207.830239,decode,2,0,2192,0.0011,0,2,
1784040207.830239,1784040207.836537,decode,2,0,2208,0.0011,0,2,
1784040207.836537,1784040207.842772,decode,2,0,2224,0.0011,0,2,
1784040207.842772,1784040207.848508,decode,2,0,2224,0.0011,0,2,
1784040207.848508,1784040207.854851,decode,2,0,2224,0.0011,0,2,
1784040207.854851,1784040207.860741,decode,2,0,2224,0.0011,0,2,
1784040207.860741,1784040207.866674,decode,2,0,2224,0.0011,0,2,
1784040207.866674,1784040207.872902,decode,2,0,2224,0.0011,0,2,
1784040207.872902,1784040207.879044,decode,2,0,2224,0.0011,0,2,
1784040207.879044,1784040207.885108,decode,2,0,2224,0.0011,0,2,
1784040207.885108,1784040207.891058,decode,2,0,2224,0.0011,0,2,
1784040207.891058,1784040207.896956,decode,2,0,2224,0.0011,0,2,
1784040207.896956,1784040207.903428,decode,2,0,2224,0.0011,0,2,
1784040207.903428,1784040207.909337,decode,2,0,2224,0.0011,0,2,
1784040207.909337,1784040207.915174,decode,2,0,2224,0.0011,0,2,
1784040207.915174,1784040207.921266,decode,2,0,2224,0.0011,0,2,
1784040207.921266,1784040207.927376,decode,2,0,2224,0.0011,0,2,
1784040207.927376,1784040207.933400,decode,2,0,2240,0.0011,0,2,
1784040207.933400,1784040207.939694,decode,2,0,2256,0.0011,0,2,
1784040207.939694,1784040207.945654,decode,2,0,2256,0.0011,0,2,
1784040207.945654,1784040207.951746,decode,2,0,2256,0.0011,0,2,
1784040207.951746,1784040207.957807,decode,2,0,2256,0.0011,0,2,
1784040207.957807,1784040207.963881,decode,2,0,2256,0.0011,0,2,
1784040207.963881,1784040207.970069,decode,2,0,2256,0.0011,0,2,
1784040207.970069,1784040207.976038,decode,2,0,2256,0.0011,0,2,
1784040207.976038,1784040207.982119,decode,2,0,2256,0.0011,0,2,
1784040207.982119,1784040207.988222,decode,2,0,2256,0.0011,0,2,
1784040207.988222,1784040207.994273,decode,2,0,2256,0.0011,0,2,
1784040207.994273,1784040208.000348,decode,2,0,2256,0.0011,0,2,
1784040208.000348,1784040208.006453,decode,2,0,2256,0.0011,0,2,
1784040208.006453,1784040208.012533,decode,2,0,2256,0.0011,0,2,
1784040208.012533,1784040208.018707,decode,2,0,2256,0.0011,0,2,
1784040208.018707,1784040208.024770,decode,2,0,2256,0.0011,0,2,
1784040208.024770,1784040208.030859,decode,2,0,2272,0.0011,0,2,
1784040208.030859,1784040208.037357,decode,2,0,2288,0.0011,0,2,
1784040208.037357,1784040208.043510,decode,2,0,2288,0.0011,0,2,
1784040208.043510,1784040208.049387,decode,2,0,2288,0.0011,0,2,
1784040208.049387,1784040208.055471,decode,2,0,2288,0.0011,0,2,
1784040208.055471,1784040208.061511,decode,2,0,2288,0.0011,0,2,
1784040208.061511,1784040208.067420,decode,2,0,2288,0.0011,0,2,
1784040208.067420,1784040208.073503,decode,2,0,2288,0.0011,0,2,
1784040208.073503,1784040208.079595,decode,2,0,2288,0.0011,0,2,
1784040208.079595,1784040208.085767,decode,2,0,2288,0.0011,0,2,
1784040208.085767,1784040208.091861,decode,2,0,2288,0.0011,0,2,
1784040208.091861,1784040208.097993,decode,2,0,2288,0.0011,0,2,
1784040208.097993,1784040208.104185,decode,2,0,2288,0.0011,0,2,
1784040208.104185,1784040208.110253,decode,2,0,2288,0.0011,0,2,
1784040208.110253,1784040208.116378,decode,2,0,2288,0.0011,0,2,
1784040208.116378,1784040208.122480,decode,2,0,2288,0.0011,0,2,
1784040208.122480,1784040208.128827,decode,2,0,2304,0.0011,0,2,
1784040208.128827,1784040208.134833,decode,2,0,2320,0.0011,0,2,
1784040208.134833,1784040208.140911,decode,2,0,2320,0.0011,0,2,
1784040208.140911,1784040208.147043,decode,2,0,2320,0.0011,0,2,
1784040208.147043,1784040208.153187,decode,2,0,2320,0.0011,0,2,
1784040208.153187,1784040208.159553,decode,2,0,2320,0.0011,0,2,
1784040208.159553,1784040208.165544,decode,2,0,2320,0.0011,0,2,
1784040208.165544,1784040208.171665,decode,2,0,2320,0.0011,0,2,
1784040208.171665,1784040208.177777,decode,2,0,2320,0.0011,0,2,
1784040208.177777,1784040208.183903,decode,2,0,2320,0.0011,0,2,
1784040208.183903,1784040208.190076,decode,2,0,2320,0.0011,0,2,
1784040208.190076,1784040208.196176,decode,2,0,2320,0.0011,0,2,
1784040208.196176,1784040208.202328,decode,2,0,2320,0.0011,0,2,
1784040208.202328,1784040208.208441,decode,2,0,2320,0.0011,0,2,
1784040208.208441,1784040208.214588,decode,1,0,2176,0.0010,0,2,
1784040208.214588,1784040208.221781,decode,0,0,0,0.0000,0,1,
1784040208.221781,1784040208.228920,mixed,1,0,2048,0.0010,2048,1,
1784040208.228920,1784040208.235087,mixed,2,0,2080,0.0010,2048,2,
1784040208.235087,1784040208.241300,decode,2,0,2096,0.0010,0,2,
1784040208.241300,1784040208.247291,decode,2,0,2096,0.0010,0,2,
1784040208.247291,1784040208.253377,decode,2,0,2096,0.0010,0,2,
1784040208.253377,1784040208.259473,decode,2,0,2096,0.0010,0,2,
1784040208.259473,1784040208.265547,decode,2,0,2096,0.0010,0,2,
1784040208.265547,1784040208.271732,decode,2,0,2096,0.0010,0,2,
1784040208.271732,1784040208.277869,decode,2,0,2096,0.0010,0,2,
1784040208.277869,1784040208.284019,decode,2,0,2096,0.0010,0,2,
1784040208.284019,1784040208.290074,decode,2,0,2096,0.0010,0,2,
1784040208.290074,1784040208.296166,decode,2,0,2096,0.0010,0,2,
1784040208.296166,1784040208.302201,decode,2,0,2096,0.0010,0,2,
1784040208.302201,1784040208.308331,decode,2,0,2096,0.0010,0,2,
1784040208.308331,1784040208.314435,decode,2,0,2096,0.0010,0,2,
1784040208.314435,1784040208.320601,decode,2,0,2096,0.0010,0,2,
1784040208.320601,1784040208.326700,decode,2,0,2096,0.0010,0,2,
1784040208.326700,1784040208.332822,decode,2,0,2112,0.0010,0,2,
1784040208.332822,1784040208.339147,decode,2,0,2128,0.0010,0,2,
1784040208.339147,1784040208.345514,decode,2,0,2128,0.0010,0,2,
1784040208.345514,1784040208.351431,decode,2,0,2128,0.0010,0,2,
1784040208.351431,1784040208.357403,decode,2,0,2128,0.0010,0,2,
1784040208.357403,1784040208.363549,decode,2,0,2128,0.0010,0,2,
1784040208.363549,1784040208.369714,decode,2,0,2128,0.0010,0,2,
1784040208.369714,1784040208.375857,decode,2,0,2128,0.0010,0,2,
1784040208.375857,1784040208.381956,decode,2,0,2128,0.0010,0,2,
1784040208.381956,1784040208.388177,decode,2,0,2128,0.0010,0,2,
1784040208.388177,1784040208.394269,decode,2,0,2128,0.0010,0,2,
1784040208.394269,1784040208.400495,decode,2,0,2128,0.0010,0,2,
1784040208.400495,1784040208.406838,decode,2,0,2128,0.0010,0,2,
1784040208.406838,1784040208.412965,decode,2,0,2128,0.0010,0,2,
1784040208.412965,1784040208.419337,decode,2,0,2128,0.0010,0,2,
1784040208.419337,1784040208.425193,decode,2,0,2128,0.0010,0,2,
1784040208.425193,1784040208.431397,decode,2,0,2144,0.0010,0,2,
1784040208.431397,1784040208.437715,decode,2,0,2160,0.0010,0,2,
1784040208.437715,1784040208.443888,decode,2,0,2160,0.0010,0,2,
1784040208.443888,1784040208.449922,decode,2,0,2160,0.0010,0,2,
1784040208.449922,1784040208.456453,decode,2,0,2160,0.0010,0,2,
1784040208.456453,1784040208.462240,decode,2,0,2160,0.0010,0,2,
1784040208.462240,1784040208.468546,decode,2,0,2160,0.0010,0,2,
1784040208.468546,1784040208.474722,decode,2,0,2160,0.0010,0,2,
1784040208.474722,1784040208.480844,decode,2,0,2160,0.0010,0,2,
1784040208.480844,1784040208.487102,decode,2,0,2160,0.0010,0,2,
1784040208.487102,1784040208.493113,decode,2,0,2160,0.0010,0,2,
1784040208.493113,1784040208.499473,decode,2,0,2160,0.0010,0,2,
1784040208.499473,1784040208.505663,decode,2,0,2160,0.0010,0,2,
1784040208.505663,1784040208.511886,decode,2,0,2160,0.0010,0,2,
1784040208.511886,1784040208.518114,decode,2,0,2160,0.0010,0,2,
1784040208.518114,1784040208.524308,decode,2,0,2160,0.0010,0,2,
1784040208.524308,1784040208.530525,decode,2,0,2176,0.0010,0,2,
1784040208.530525,1784040208.536949,decode,2,0,2192,0.0011,0,2,
1784040208.536949,1784040208.543000,decode,2,0,2192,0.0011,0,2,
1784040208.543000,1784040208.549356,decode,2,0,2192,0.0011,0,2,
1784040208.549356,1784040208.555388,decode,2,0,2192,0.0011,0,2,
1784040208.555388,1784040208.561546,decode,2,0,2192,0.0011,0,2,
1784040208.561546,1784040208.567888,decode,2,0,2192,0.0011,0,2,
1784040208.567888,1784040208.573978,decode,2,0,2192,0.0011,0,2,
1784040208.573978,1784040208.580220,decode,2,0,2192,0.0011,0,2,
1784040208.580220,1784040208.586264,decode,2,0,2192,0.0011,0,2,
1784040208.586264,1784040208.592346,decode,2,0,2192,0.0011,0,2,
1784040208.592346,1784040208.598543,decode,2,0,2192,0.0011,0,2,
1784040208.598543,1784040208.605095,decode,2,0,2192,0.0011,0,2,
1784040208.605095,1784040208.611147,decode,2,0,2192,0.0011,0,2,
1784040208.611147,1784040208.617087,decode,2,0,2192,0.0011,0,2,
1784040208.617087,1784040208.623290,decode,2,0,2192,0.0011,0,2,
1784040208.623290,1784040208.629553,decode,2,0,2208,0.0011,0,2,
1784040208.629553,1784040208.635906,decode,2,0,2224,0.0011,0,2,
1784040208.635906,1784040208.641904,decode,2,0,2224,0.0011,0,2,
1784040208.641904,1784040208.648128,decode,2,0,2224,0.0011,0,2,
1784040208.648128,1784040208.654290,decode,2,0,2224,0.0011,0,2,
1784040208.654290,1784040208.660746,decode,2,0,2224,0.0011,0,2,
1784040208.660746,1784040208.666798,decode,2,0,2224,0.0011,0,2,
1784040208.666798,1784040208.672944,decode,2,0,2224,0.0011,0,2,
1784040208.672944,1784040208.679022,decode,2,0,2224,0.0011,0,2,
1784040208.679022,1784040208.685465,decode,2,0,2224,0.0011,0,2,
1784040208.685465,1784040208.691514,decode,2,0,2224,0.0011,0,2,
1784040208.691514,1784040208.697526,decode,2,0,2224,0.0011,0,2,
1784040208.697526,1784040208.703855,decode,2,0,2224,0.0011,0,2,
1784040208.703855,1784040208.864127,decode,2,0,2224,0.0011,0,2,
1784040208.864127,1784040208.864200,decode,2,0,2224,0.0011,0,2,
1784040208.864200,1784040208.864235,decode,2,0,2224,0.0011,0,2,
1784040208.864235,1784040208.864267,decode,2,0,2240,0.0011,0,2,
1784040208.864267,1784040208.864296,decode,2,0,2256,0.0011,0,2,
1784040208.864296,1784040208.864323,decode,2,0,2256,0.0011,0,2,
1784040208.864323,1784040208.864349,decode,2,0,2256,0.0011,0,2,
1784040208.864349,1784040208.864381,decode,2,0,2256,0.0011,0,2,
1784040208.864381,1784040208.864407,decode,2,0,2256,0.0011,0,2,
1784040208.864407,1784040208.864433,decode,2,0,2256,0.0011,0,2,
1784040208.864433,1784040208.864458,decode,2,0,2256,0.0011,0,2,
1784040208.864458,1784040208.864483,decode,2,0,2256,0.0011,0,2,
1784040208.864483,1784040208.864507,decode,2,0,2256,0.0011,0,2,
1784040208.864507,1784040208.864532,decode,2,0,2256,0.0011,0,2,
1784040208.864532,1784040208.864558,decode,2,0,2256,0.0011,0,2,
1784040208.864558,1784040208.864582,decode,2,0,2256,0.0011,0,2,
1784040208.864582,1784040208.864606,decode,2,0,2256,0.0011,0,2,
1784040208.864606,1784040208.864629,decode,2,0,2256,0.0011,0,2,
1784040208.864629,1784040208.864654,decode,2,0,2256,0.0011,0,2,
1784040208.864654,1784040208.864678,decode,2,0,2272,0.0011,0,2,
1784040208.864678,1784040208.864706,decode,2,0,2288,0.0011,0,2,
1784040208.864706,1784040208.864730,decode,2,0,2288,0.0011,0,2,
1784040208.864730,1784040208.864754,decode,2,0,2288,0.0011,0,2,
1784040208.864754,1784040208.864778,decode,2,0,2288,0.0011,0,2,
1784040208.864778,1784040208.864802,decode,2,0,2288,0.0011,0,2,
1784040208.864802,1784040208.865309,decode,2,0,2288,0.0011,0,2,
1784040208.865309,1784040208.871694,decode,2,0,2288,0.0011,0,2,
1784040208.871694,1784040208.877879,decode,2,0,2288,0.0011,0,2,
1784040208.877879,1784040208.883888,decode,2,0,2288,0.0011,0,2,
1784040208.883888,1784040208.890309,decode,2,0,2288,0.0011,0,2,
1784040208.890309,1784040208.896273,decode,2,0,2288,0.0011,0,2,
1784040208.896273,1784040208.902525,decode,2,0,2288,0.0011,0,2,
1784040208.902525,1784040208.908943,decode,2,0,2288,0.0011,0,2,
1784040208.908943,1784040208.914905,decode,2,0,2288,0.0011,0,2,
1784040208.914905,1784040208.921073,decode,2,0,2288,0.0011,0,2,
1784040208.921073,1784040208.928499,decode,2,0,2304,0.0011,0,2,
1784040208.928499,1784040208.934922,decode,2,0,2320,0.0011,0,2,
1784040208.934922,1784040208.941585,decode,2,0,2320,0.0011,0,2,
1784040208.941585,1784040208.947648,decode,2,0,2320,0.0011,0,2,
1784040208.947648,1784040208.953662,decode,2,0,2320,0.0011,0,2,
1784040208.953662,1784040208.959925,decode,2,0,2320,0.0011,0,2,
1784040208.959925,1784040208.966388,decode,2,0,2320,0.0011,0,2,
1784040208.966388,1784040208.972508,decode,2,0,2320,0.0011,0,2,
1784040208.972508,1784040208.978756,decode,2,0,2320,0.0011,0,2,
1784040208.978756,1784040208.984781,decode,2,0,2320,0.0011,0,2,
1784040208.984781,1784040208.991179,decode,2,0,2320,0.0011,0,2,
1784040208.991179,1784040208.997180,decode,2,0,2320,0.0011,0,2,
1784040208.997180,1784040209.003306,decode,2,0,2320,0.0011,0,2,
1784040209.003306,1784040209.009366,decode,2,0,2320,0.0011,0,2,
1784040209.009366,1784040209.015414,decode,1,0,2176,0.0010,0,2,
1784040209.015414,1784040209.022527,decode,0,0,0,0.0000,0,1,
1784040209.022527,1784040209.029769,mixed,1,0,2048,0.0010,2048,1,
1784040209.029769,1784040209.036046,mixed,2,0,2080,0.0010,2048,2,
1784040209.036046,1784040209.042260,decode,2,0,2096,0.0010,0,2,
1784040209.042260,1784040209.048160,decode,2,0,2096,0.0010,0,2,
1784040209.048160,1784040209.054049,decode,2,0,2096,0.0010,0,2,
1784040209.054049,1784040209.060382,decode,2,0,2096,0.0010,0,2,
1784040209.060382,1784040209.066174,decode,2,0,2096,0.0010,0,2,
1784040209.066174,1784040209.072361,decode,2,0,2096,0.0010,0,2,
1784040209.072361,1784040209.078363,decode,2,0,2096,0.0010,0,2,
1784040209.078363,1784040209.084466,decode,2,0,2096,0.0010,0,2,
1784040209.084466,1784040209.090526,decode,2,0,2096,0.0010,0,2,
1784040209.090526,1784040209.096221,decode,2,0,2096,0.0010,0,2,
1784040209.096221,1784040209.102299,decode,2,0,2096,0.0010,0,2,
1784040209.102299,1784040209.108499,decode,2,0,2096,0.0010,0,2,
1784040209.108499,1784040209.114368,decode,2,0,2096,0.0010,0,2,
1784040209.114368,1784040209.120409,decode,2,0,2096,0.0010,0,2,
1784040209.120409,1784040209.126487,decode,2,0,2096,0.0010,0,2,
1784040209.126487,1784040209.132476,decode,2,0,2112,0.0010,0,2,
1784040209.132476,1784040209.138937,decode,2,0,2128,0.0010,0,2,
1784040209.138937,1784040209.144598,decode,2,0,2128,0.0010,0,2,
1784040209.144598,1784040209.151112,decode,2,0,2128,0.0010,0,2,
1784040209.151112,1784040209.156743,decode,2,0,2128,0.0010,0,2,
1784040209.156743,1784040209.163067,decode,2,0,2128,0.0010,0,2,
1784040209.163067,1784040209.169181,decode,2,0,2128,0.0010,0,2,
1784040209.169181,1784040209.174870,decode,2,0,2128,0.0010,0,2,
1784040209.174870,1784040209.181260,decode,2,0,2128,0.0010,0,2,
1784040209.181260,1784040209.186913,decode,2,0,2128,0.0010,0,2,
1784040209.186913,1784040209.193344,decode,2,0,2128,0.0010,0,2,
1784040209.193344,1784040209.199276,decode,2,0,2128,0.0010,0,2,
1784040209.199276,1784040209.205046,decode,2,0,2128,0.0010,0,2,
1784040209.205046,1784040209.211179,decode,2,0,2128,0.0010,0,2,
1784040209.211179,1784040209.217206,decode,2,0,2128,0.0010,0,2,
1784040209.217206,1784040209.223618,decode,2,0,2128,0.0010,0,2,
1784040209.223618,1784040209.229686,decode,2,0,2144,0.0010,0,2,
1784040209.229686,1784040209.235460,decode,2,0,2160,0.0010,0,2,
1784040209.235460,1784040209.241759,decode,2,0,2160,0.0010,0,2,
1784040209.241759,1784040209.247503,decode,2,0,2160,0.0010,0,2,
1784040209.247503,1784040209.253939,decode,2,0,2160,0.0010,0,2,
1784040209.253939,1784040209.259936,decode,2,0,2160,0.0010,0,2,
1784040209.259936,1784040209.265655,decode,2,0,2160,0.0010,0,2,
1784040209.265655,1784040209.271894,decode,2,0,2160,0.0010,0,2,
1784040209.271894,1784040209.277762,decode,2,0,2160,0.0010,0,2,
1784040209.277762,1784040209.284060,decode,2,0,2160,0.0010,0,2,
1784040209.284060,1784040209.290050,decode,2,0,2160,0.0010,0,2,
1784040209.290050,1784040209.295862,decode,2,0,2160,0.0010,0,2,
1784040209.295862,1784040209.302111,decode,2,0,2160,0.0010,0,2,
1784040209.302111,1784040209.307928,decode,2,0,2160,0.0010,0,2,
1784040209.307928,1784040209.314379,decode,2,0,2160,0.0010,0,2,
1784040209.314379,1784040209.320089,decode,2,0,2160,0.0010,0,2,
1784040209.320089,1784040209.326243,decode,2,0,2176,0.0010,0,2,
1784040209.326243,1784040209.332339,decode,2,0,2192,0.0011,0,2,
1784040209.332339,1784040209.338320,decode,2,0,2192,0.0011,0,2,
1784040209.338320,1784040209.344411,decode,2,0,2192,0.0011,0,2,
1784040209.344411,1784040209.350572,decode,2,0,2192,0.0011,0,2,
1784040209.350572,1784040209.356659,decode,2,0,2192,0.0011,0,2,
1784040209.356659,1784040209.362297,decode,2,0,2192,0.0011,0,2,
1784040209.362297,1784040209.368508,decode,2,0,2192,0.0011,0,2,
1784040209.368508,1784040209.374382,decode,2,0,2192,0.0011,0,2,
1784040209.374382,1784040209.380422,decode,2,0,2192,0.0011,0,2,
1784040209.380422,1784040209.386454,decode,2,0,2192,0.0011,0,2,
1784040209.386454,1784040209.392520,decode,2,0,2192,0.0011,0,2,
1784040209.392520,1784040209.398615,decode,2,0,2192,0.0011,0,2,
1784040209.398615,1784040209.404635,decode,2,0,2192,0.0011,0,2,
1784040209.404635,1784040209.410730,decode,2,0,2192,0.0011,0,2,
1784040209.410730,1784040209.416796,decode,2,0,2192,0.0011,0,2,
1784040209.416796,1784040209.422819,decode,2,0,2208,0.0011,0,2,
1784040209.422819,1784040209.428861,decode,2,0,2224,0.0011,0,2,
1784040209.428861,1784040209.434938,decode,2,0,2224,0.0011,0,2,
1784040209.434938,1784040209.440963,decode,2,0,2224,0.0011,0,2,
1784040209.440963,1784040209.447034,decode,2,0,2224,0.0011,0,2,
1784040209.447034,1784040209.453079,decode,2,0,2224,0.0011,0,2,
1784040209.453079,1784040209.459173,decode,2,0,2224,0.0011,0,2,
1784040209.459173,1784040209.465235,decode,2,0,2224,0.0011,0,2,
1784040209.465235,1784040209.471325,decode,2,0,2224,0.0011,0,2,
1784040209.471325,1784040209.477441,decode,2,0,2224,0.0011,0,2,
1784040209.477441,1784040209.483445,decode,2,0,2224,0.0011,0,2,
1784040209.483445,1784040209.489575,decode,2,0,2224,0.0011,0,2,
1784040209.489575,1784040209.495736,decode,2,0,2224,0.0011,0,2,
1784040209.495736,1784040209.501806,decode,2,0,2224,0.0011,0,2,
1784040209.501806,1784040209.507915,decode,2,0,2224,0.0011,0,2,
1784040209.507915,1784040209.513984,decode,2,0,2224,0.0011,0,2,
1784040209.513984,1784040209.520157,decode,2,0,2240,0.0011,0,2,
1784040209.520157,1784040209.526261,decode,2,0,2256,0.0011,0,2,
1784040209.526261,1784040209.532331,decode,2,0,2256,0.0011,0,2,
1784040209.532331,1784040209.538415,decode,2,0,2256,0.0011,0,2,
1784040209.538415,1784040209.544508,decode,2,0,2256,0.0011,0,2,
1784040209.544508,1784040209.550632,decode,2,0,2256,0.0011,0,2,
1784040209.550632,1784040209.556781,decode,2,0,2256,0.0011,0,2,
1784040209.556781,1784040209.562863,decode,2,0,2256,0.0011,0,2,
1784040209.562863,1784040209.568976,decode,2,0,2256,0.0011,0,2,
1784040209.568976,1784040209.575089,decode,2,0,2256,0.0011,0,2,
1784040209.575089,1784040209.581192,decode,2,0,2256,0.0011,0,2,
1784040209.581192,1784040209.587395,decode,2,0,2256,0.0011,0,2,
1784040209.587395,1784040209.593518,decode,2,0,2256,0.0011,0,2,
1784040209.593518,1784040209.599751,decode,2,0,2256,0.0011,0,2,
1784040209.599751,1784040209.605974,decode,2,0,2256,0.0011,0,2,
1784040209.605974,1784040209.612125,decode,2,0,2256,0.0011,0,2,
1784040209.612125,1784040209.618229,decode,2,0,2272,0.0011,0,2,
1784040209.618229,1784040209.624824,decode,2,0,2288,0.0011,0,2,
1784040209.624824,1784040209.631060,decode,2,0,2288,0.0011,0,2,
1784040209.631060,1784040209.637174,decode,2,0,2288,0.0011,0,2,
1784040209.637174,1784040209.643379,decode,2,0,2288,0.0011,0,2,
1784040209.643379,1784040209.649174,decode,2,0,2288,0.0011,0,2,
1784040209.649174,1784040209.655725,decode,2,0,2288,0.0011,0,2,
1784040209.655725,1784040209.661604,decode,2,0,2288,0.0011,0,2,
1784040209.661604,1784040209.667742,decode,2,0,2288,0.0011,0,2,
1784040209.667742,1784040209.674197,decode,2,0,2288,0.0011,0,2,
1784040209.674197,1784040209.680119,decode,2,0,2288,0.0011,0,2,
1784040209.680119,1784040209.686751,decode,2,0,2288,0.0011,0,2,
1784040209.686751,1784040209.692518,decode,2,0,2288,0.0011,0,2,
1784040209.692518,1784040209.698875,decode,2,0,2288,0.0011,0,2,
1784040209.698875,1784040209.704849,decode,2,0,2288,0.0011,0,2,
1784040209.704849,1784040209.710947,decode,2,0,2288,0.0011,0,2,
1784040209.710947,1784040209.717280,decode,2,0,2304,0.0011,0,2,
1784040209.717280,1784040209.723598,decode,2,0,2320,0.0011,0,2,
1784040209.723598,1784040209.729634,decode,2,0,2320,0.0011,0,2,
1784040209.729634,1784040209.735490,decode,2,0,2320,0.0011,0,2,
1784040209.735490,1784040209.741614,decode,2,0,2320,0.0011,0,2,
1784040209.741614,1784040209.747763,decode,2,0,2320,0.0011,0,2,
1784040209.747763,1784040209.753844,decode,2,0,2320,0.0011,0,2,
1784040209.753844,1784040209.760028,decode,2,0,2320,0.0011,0,2,
1784040209.760028,1784040209.766051,decode,2,0,2320,0.0011,0,2,
1784040209.766051,1784040209.772068,decode,2,0,2320,0.0011,0,2,
1784040209.772068,1784040209.778220,decode,2,0,2320,0.0011,0,2,
1784040209.778220,1784040209.784261,decode,2,0,2320,0.0011,0,2,
1784040209.784261,1784040209.790372,decode,2,0,2320,0.0011,0,2,
1784040209.790372,1784040209.796354,decode,2,0,2320,0.0011,0,2,
1784040209.796354,1784040209.802428,decode,1,0,2176,0.0010,0,2,
1784040209.802428,1784040209.809072,decode,0,0,0,0.0000,0,1,
1784040209.809072,1784040209.815713,mixed,1,0,2048,0.0010,2048,1,
1784040209.815713,1784040209.822115,mixed,2,0,2080,0.0010,2048,2,
1784040209.822115,1784040209.828220,decode,2,0,2096,0.0010,0,2,
1784040209.828220,1784040209.834297,decode,2,0,2096,0.0010,0,2,
1784040209.834297,1784040209.840328,decode,2,0,2096,0.0010,0,2,
1784040209.840328,1784040209.846695,decode,2,0,2096,0.0010,0,2,
1784040209.846695,1784040209.852423,decode,2,0,2096,0.0010,0,2,
1784040209.852423,1784040209.858819,decode,2,0,2096,0.0010,0,2,
1784040209.858819,1784040209.864573,decode,2,0,2096,0.0010,0,2,
1784040209.864573,1784040209.870647,decode,2,0,2096,0.0010,0,2,
1784040209.870647,1784040209.876717,decode,2,0,2096,0.0010,0,2,
1784040209.876717,1784040209.882861,decode,2,0,2096,0.0010,0,2,
1784040209.882861,1784040209.888895,decode,2,0,2096,0.0010,0,2,
1784040209.888895,1784040209.894928,decode,2,0,2096,0.0010,0,2,
1784040209.894928,1784040209.901156,decode,2,0,2096,0.0010,0,2,
1784040209.901156,1784040209.907193,decode,2,0,2096,0.0010,0,2,
1784040209.907193,1784040209.913331,decode,2,0,2096,0.0010,0,2,
1784040209.913331,1784040209.919488,decode,2,0,2112,0.0010,0,2,
1784040209.919488,1784040209.925582,decode,2,0,2128,0.0010,0,2,
1784040209.925582,1784040209.931656,decode,2,0,2128,0.0010,0,2,
1784040209.931656,1784040209.937738,decode,2,0,2128,0.0010,0,2,
1784040209.937738,1784040209.943798,decode,2,0,2128,0.0010,0,2,
1784040209.943798,1784040209.950024,decode,2,0,2128,0.0010,0,2,
1784040209.950024,1784040209.956043,decode,2,0,2128,0.0010,0,2,
1784040209.956043,1784040209.962143,decode,2,0,2128,0.0010,0,2,
1784040209.962143,1784040209.968269,decode,2,0,2128,0.0010,0,2,
1784040209.968269,1784040209.974392,decode,2,0,2128,0.0010,0,2,
1784040209.974392,1784040209.980505,decode,2,0,2128,0.0010,0,2,
1784040209.980505,1784040209.986607,decode,2,0,2128,0.0010,0,2,
1784040209.986607,1784040209.992724,decode,2,0,2128,0.0010,0,2,
1784040209.992724,1784040209.998872,decode,2,0,2128,0.0010,0,2,
1784040209.998872,1784040210.004917,decode,2,0,2128,0.0010,0,2,
1784040210.004917,1784040210.011062,decode,2,0,2128,0.0010,0,2,
1784040210.011062,1784040210.017206,decode,2,0,2144,0.0010,0,2,
1784040210.017206,1784040210.023308,decode,2,0,2160,0.0010,0,2,
1784040210.023308,1784040210.029452,decode,2,0,2160,0.0010,0,2,
1784040210.029452,1784040210.035542,decode,2,0,2160,0.0010,0,2,
1784040210.035542,1784040210.041606,decode,2,0,2160,0.0010,0,2,
1784040210.041606,1784040210.047727,decode,2,0,2160,0.0010,0,2,
1784040210.047727,1784040210.053839,decode,2,0,2160,0.0010,0,2,
1784040210.053839,1784040210.059945,decode,2,0,2160,0.0010,0,2,
1784040210.059945,1784040210.066123,decode,2,0,2160,0.0010,0,2,
1784040210.066123,1784040210.072211,decode,2,0,2160,0.0010,0,2,
1784040210.072211,1784040210.078280,decode,2,0,2160,0.0010,0,2,
1784040210.078280,1784040210.084374,decode,2,0,2160,0.0010,0,2,
1784040210.084374,1784040210.090441,decode,2,0,2160,0.0010,0,2,
1784040210.090441,1784040210.096555,decode,2,0,2160,0.0010,0,2,
1784040210.096555,1784040210.102695,decode,2,0,2160,0.0010,0,2,
1784040210.102695,1784040210.108778,decode,2,0,2160,0.0010,0,2,
1784040210.108778,1784040210.115002,decode,2,0,2176,0.0010,0,2,
1784040210.115002,1784040210.121022,decode,2,0,2192,0.0011,0,2,
1784040210.121022,1784040210.127086,decode,2,0,2192,0.0011,0,2,
1784040210.127086,1784040210.133165,decode,2,0,2192,0.0011,0,2,
1784040210.133165,1784040210.139243,decode,2,0,2192,0.0011,0,2,
1784040210.139243,1784040210.145508,decode,2,0,2192,0.0011,0,2,
1784040210.145508,1784040210.151419,decode,2,0,2192,0.0011,0,2,
1784040210.151419,1784040210.157445,decode,2,0,2192,0.0011,0,2,
1784040210.157445,1784040210.163589,decode,2,0,2192,0.0011,0,2,
1784040210.163589,1784040210.169720,decode,2,0,2192,0.0011,0,2,
1784040210.169720,1784040210.175830,decode,2,0,2192,0.0011,0,2,
1784040210.175830,1784040210.181911,decode,2,0,2192,0.0011,0,2,
1784040210.181911,1784040210.188066,decode,2,0,2192,0.0011,0,2,
1784040210.188066,1784040210.194101,decode,2,0,2192,0.0011,0,2,
1784040210.194101,1784040210.200200,decode,2,0,2192,0.0011,0,2,
1784040210.200200,1784040210.206326,decode,2,0,2192,0.0011,0,2,
1784040210.206326,1784040210.212702,decode,2,0,2208,0.0011,0,2,
1784040210.212702,1784040210.219012,decode,2,0,2224,0.0011,0,2,
1784040210.219012,1784040210.224622,decode,2,0,2224,0.0011,0,2,
1784040210.224622,1784040210.231042,decode,2,0,2224,0.0011,0,2,
1784040210.231042,1784040210.237258,decode,2,0,2224,0.0011,0,2,
1784040210.237258,1784040210.243053,decode,2,0,2224,0.0011,0,2,
1784040210.243053,1784040210.249290,decode,2,0,2224,0.0011,0,2,
1784040210.249290,1784040210.255474,decode,2,0,2224,0.0011,0,2,
1784040210.255474,1784040210.261320,decode,2,0,2224,0.0011,0,2,
1784040210.261320,1784040210.267411,decode,2,0,2224,0.0011,0,2,
1784040210.267411,1784040210.273462,decode,2,0,2224,0.0011,0,2,
1784040210.273462,1784040210.279697,decode,2,0,2224,0.0011,0,2,
1784040210.279697,1784040210.285875,decode,2,0,2224,0.0011,0,2,
1784040210.285875,1784040210.291606,decode,2,0,2224,0.0011,0,2,
1784040210.291606,1784040210.297764,decode,2,0,2224,0.0011,0,2,
1784040210.297764,1784040210.303754,decode,2,0,2224,0.0011,0,2,
1784040210.303754,1784040210.310206,decode,2,0,2240,0.0011,0,2,
1784040210.310206,1784040210.316222,decode,2,0,2256,0.0011,0,2,
1784040210.316222,1784040210.322350,decode,2,0,2256,0.0011,0,2,
1784040210.322350,1784040210.328207,decode,2,0,2256,0.0011,0,2,
1784040210.328207,1784040210.334168,decode,2,0,2256,0.0011,0,2,
1784040210.334168,1784040210.340582,decode,2,0,2256,0.0011,0,2,
1784040210.340582,1784040210.346398,decode,2,0,2256,0.0011,0,2,
1784040210.346398,1784040210.352439,decode,2,0,2256,0.0011,0,2,
1784040210.352439,1784040210.358666,decode,2,0,2256,0.0011,0,2,
1784040210.358666,1784040210.364609,decode,2,0,2256,0.0011,0,2,
1784040210.364609,1784040210.371101,decode,2,0,2256,0.0011,0,2,
1784040210.371101,1784040210.377043,decode,2,0,2256,0.0011,0,2,
1784040210.377043,1784040210.382898,decode,2,0,2256,0.0011,0,2,
1784040210.382898,1784040210.389144,decode,2,0,2256,0.0011,0,2,
1784040210.389144,1784040210.395144,decode,2,0,2256,0.0011,0,2,
1784040210.395144,1784040210.401203,decode,2,0,2256,0.0011,0,2,
1784040210.401203,1784040210.407554,decode,2,0,2272,0.0011,0,2,
1784040210.407554,1784040210.413503,decode,2,0,2288,0.0011,0,2,
1784040210.413503,1784040210.419831,decode,2,0,2288,0.0011,0,2,
1784040210.419831,1784040210.425730,decode,2,0,2288,0.0011,0,2,
1784040210.425730,1784040210.432002,decode,2,0,2288,0.0011,0,2,
1784040210.432002,1784040210.438145,decode,2,0,2288,0.0011,0,2,
1784040210.438145,1784040210.444200,decode,2,0,2288,0.0011,0,2,
1784040210.444200,1784040210.450413,decode,2,0,2288,0.0011,0,2,
1784040210.450413,1784040210.456736,decode,2,0,2288,0.0011,0,2,
1784040210.456736,1784040210.462886,decode,2,0,2288,0.0011,0,2,
1784040210.462886,1784040210.468701,decode,2,0,2288,0.0011,0,2,
1784040210.468701,1784040210.474845,decode,2,0,2288,0.0011,0,2,
1784040210.474845,1784040210.480991,decode,2,0,2288,0.0011,0,2,
1784040210.480991,1784040210.487103,decode,2,0,2288,0.0011,0,2,
1784040210.487103,1784040210.493322,decode,2,0,2288,0.0011,0,2,
1784040210.493322,1784040210.499462,decode,2,0,2288,0.0011,0,2,
1784040210.499462,1784040210.505575,decode,2,0,2304,0.0011,0,2,
1784040210.505575,1784040210.511886,decode,2,0,2320,0.0011,0,2,
1784040210.511886,1784040210.517927,decode,2,0,2320,0.0011,0,2,
1784040210.517927,1784040210.524206,decode,2,0,2320,0.0011,0,2,
1784040210.524206,1784040210.530287,decode,2,0,2320,0.0011,0,2,
1784040210.530287,1784040210.536449,decode,2,0,2320,0.0011,0,2,
1784040210.536449,1784040210.542596,decode,2,0,2320,0.0011,0,2,
1784040210.542596,1784040210.548921,decode,2,0,2320,0.0011,0,2,
1784040210.548921,1784040210.554974,decode,2,0,2320,0.0011,0,2,
1784040210.554974,1784040210.561374,decode,2,0,2320,0.0011,0,2,
1784040210.561374,1784040210.567517,decode,2,0,2320,0.0011,0,2,
1784040210.567517,1784040210.573762,decode,2,0,2320,0.0011,0,2,
1784040210.573762,1784040210.579820,decode,2,0,2320,0.0011,0,2,
1784040210.579820,1784040210.585847,decode,2,0,2320,0.0011,0,2,
1784040210.585847,1784040210.592170,decode,1,0,2176,0.0010,0,2,
1784040210.592170,1784040210.598906,decode,0,0,0,0.0000,0,1,
1784040210.598906,1784040210.605840,mixed,1,0,2048,0.0010,2048,1,
1784040210.605840,1784040210.612296,mixed,2,0,2080,0.0010,2048,2,
1784040210.612296,1784040210.618540,decode,2,0,2096,0.0010,0,2,
1784040210.618540,1784040210.624742,decode,2,0,2096,0.0010,0,2,
1784040210.624742,1784040210.630976,decode,2,0,2096,0.0010,0,2,
1784040210.630976,1784040210.637089,decode,2,0,2096,0.0010,0,2,
1784040210.637089,1784040210.643275,decode,2,0,2096,0.0010,0,2,
1784040210.643275,1784040210.649482,decode,2,0,2096,0.0010,0,2,
1784040210.649482,1784040210.655673,decode,2,0,2096,0.0010,0,2,
1784040210.655673,1784040210.661844,decode,2,0,2096,0.0010,0,2,
1784040210.661844,1784040210.668091,decode,2,0,2096,0.0010,0,2,
1784040210.668091,1784040210.674224,decode,2,0,2096,0.0010,0,2,
1784040210.674224,1784040210.680209,decode,2,0,2096,0.0010,0,2,
1784040210.680209,1784040210.686253,decode,2,0,2096,0.0010,0,2,
1784040210.686253,1784040210.692258,decode,2,0,2096,0.0010,0,2,
1784040210.692258,1784040210.698350,decode,2,0,2096,0.0010,0,2,
1784040210.698350,1784040210.704503,decode,2,0,2096,0.0010,0,2,
1784040210.704503,1784040210.710617,decode,2,0,2112,0.0010,0,2,
1784040210.710617,1784040210.716646,decode,2,0,2128,0.0010,0,2,
1784040210.716646,1784040210.722504,decode,2,0,2128,0.0010,0,2,
1784040210.722504,1784040210.728761,decode,2,0,2128,0.0010,0,2,
1784040210.728761,1784040210.734544,decode,2,0,2128,0.0010,0,2,
1784040210.734544,1784040210.740934,decode,2,0,2128,0.0010,0,2,
1784040210.740934,1784040210.747006,decode,2,0,2128,0.0010,0,2,
1784040210.747006,1784040210.752679,decode,2,0,2128,0.0010,0,2,
1784040210.752679,1784040210.759082,decode,2,0,2128,0.0010,0,2,
1784040210.759082,1784040210.765132,decode,2,0,2128,0.0010,0,2,
1784040210.765132,1784040210.770833,decode,2,0,2128,0.0010,0,2,
1784040210.770833,1784040210.777198,decode,2,0,2128,0.0010,0,2,
1784040210.777198,1784040210.782927,decode,2,0,2128,0.0010,0,2,
1784040210.782927,1784040210.789024,decode,2,0,2128,0.0010,0,2,
1784040210.789024,1784040210.795220,decode,2,0,2128,0.0010,0,2,
1784040210.795220,1784040210.801097,decode,2,0,2128,0.0010,0,2,
1784040210.801097,1784040210.807444,decode,2,0,2144,0.0010,0,2,
1784040210.807444,1784040210.813171,decode,2,0,2160,0.0010,0,2,
1784040210.813171,1784040210.819450,decode,2,0,2160,0.0010,0,2,
1784040210.819450,1784040210.825549,decode,2,0,2160,0.0010,0,2,
1784040210.825549,1784040210.831623,decode,2,0,2160,0.0010,0,2,
1784040210.831623,1784040210.837621,decode,2,0,2160,0.0010,0,2,
1784040210.837621,1784040210.843342,decode,2,0,2160,0.0010,0,2,
1784040210.843342,1784040210.849720,decode,2,0,2160,0.0010,0,2,
1784040210.849720,1784040210.855551,decode,2,0,2160,0.0010,0,2,
1784040210.855551,1784040210.861609,decode,2,0,2160,0.0010,0,2,
1784040210.861609,1784040210.867793,decode,2,0,2160,0.0010,0,2,
1784040210.867793,1784040210.873405,decode,2,0,2160,0.0010,0,2,
1784040210.873405,1784040210.879523,decode,2,0,2160,0.0010,0,2,
1784040210.879523,1784040210.885880,decode,2,0,2160,0.0010,0,2,
1784040210.885880,1784040210.891573,decode,2,0,2160,0.0010,0,2,
1784040210.891573,1784040210.897626,decode,2,0,2160,0.0010,0,2,
1784040210.897626,1784040210.903744,decode,2,0,2176,0.0010,0,2,
1784040210.903744,1784040210.910109,decode,2,0,2192,0.0011,0,2,
1784040210.910109,1784040210.916150,decode,2,0,2192,0.0011,0,2,
1784040210.916150,1784040210.921877,decode,2,0,2192,0.0011,0,2,
1784040210.921877,1784040210.928132,decode,2,0,2192,0.0011,0,2,
1784040210.928132,1784040210.933867,decode,2,0,2192,0.0011,0,2,
1784040210.933867,1784040210.940346,decode,2,0,2192,0.0011,0,2,
1784040210.940346,1784040210.946336,decode,2,0,2192,0.0011,0,2,
1784040210.946336,1784040210.952038,decode,2,0,2192,0.0011,0,2,
1784040210.952038,1784040210.958417,decode,2,0,2192,0.0011,0,2,
1784040210.958417,1784040210.964182,decode,2,0,2192,0.0011,0,2,
1784040210.964182,1784040210.970553,decode,2,0,2192,0.0011,0,2,
1784040210.970553,1784040210.976554,decode,2,0,2192,0.0011,0,2,
1784040210.976554,1784040210.982420,decode,2,0,2192,0.0011,0,2,
1784040210.982420,1784040210.988618,decode,2,0,2192,0.0011,0,2,
1784040210.988618,1784040210.994335,decode,2,0,2192,0.0011,0,2,
1784040210.994335,1784040211.000807,decode,2,0,2208,0.0011,0,2,
1784040211.000807,1784040211.006858,decode,2,0,2224,0.0011,0,2,
1784040211.006858,1784040211.012613,decode,2,0,2224,0.0011,0,2,
1784040211.012613,1784040211.019141,decode,2,0,2224,0.0011,0,2,
1784040211.019141,1784040211.024864,decode,2,0,2224,0.0011,0,2,
1784040211.024864,1784040211.031041,decode,2,0,2224,0.0011,0,2,
1784040211.031041,1784040211.036933,decode,2,0,2224,0.0011,0,2,
1784040211.036933,1784040211.043378,decode,2,0,2224,0.0011,0,2,
1784040211.043378,1784040211.049130,decode,2,0,2224,0.0011,0,2,
1784040211.049130,1784040211.055220,decode,2,0,2224,0.0011,0,2,
1784040211.055220,1784040211.061641,decode,2,0,2224,0.0011,0,2,
1784040211.061641,1784040211.067578,decode,2,0,2224,0.0011,0,2,
1784040211.067578,1784040211.073389,decode,2,0,2224,0.0011,0,2,
1784040211.073389,1784040211.079627,decode,2,0,2224,0.0011,0,2,
1784040211.079627,1784040211.085785,decode,2,0,2224,0.0011,0,2,
1784040211.085785,1784040211.091527,decode,2,0,2224,0.0011,0,2,
1784040211.091527,1784040211.097482,decode,2,0,2240,0.0011,0,2,
1784040211.097482,1784040211.103591,decode,2,0,2256,0.0011,0,2,
1784040211.103591,1784040211.109702,decode,2,0,2256,0.0011,0,2,
1784040211.109702,1784040211.115878,decode,2,0,2256,0.0011,0,2,
1784040211.115878,1784040211.121854,decode,2,0,2256,0.0011,0,2,
1784040211.121854,1784040211.128136,decode,2,0,2256,0.0011,0,2,
1784040211.128136,1784040211.133940,decode,2,0,2256,0.0011,0,2,
1784040211.133940,1784040211.140000,decode,2,0,2256,0.0011,0,2,
1784040211.140000,1784040211.146060,decode,2,0,2256,0.0011,0,2,
1784040211.146060,1784040211.152117,decode,2,0,2256,0.0011,0,2,
1784040211.152117,1784040211.158427,decode,2,0,2256,0.0011,0,2,
1784040211.158427,1784040211.164574,decode,2,0,2256,0.0011,0,2,
1784040211.164574,1784040211.170371,decode,2,0,2256,0.0011,0,2,
1784040211.170371,1784040211.176495,decode,2,0,2256,0.0011,0,2,
1784040211.176495,1784040211.182586,decode,2,0,2256,0.0011,0,2,
1784040211.182586,1784040211.188618,decode,2,0,2256,0.0011,0,2,
1784040211.188618,1784040211.194821,decode,2,0,2272,0.0011,0,2,
1784040211.194821,1784040211.200959,decode,2,0,2288,0.0011,0,2,
1784040211.200959,1784040211.207082,decode,2,0,2288,0.0011,0,2,
1784040211.207082,1784040211.213327,decode,2,0,2288,0.0011,0,2,
1784040211.213327,1784040211.219369,decode,2,0,2288,0.0011,0,2,
1784040211.219369,1784040211.225706,decode,2,0,2288,0.0011,0,2,
1784040211.225706,1784040211.231658,decode,2,0,2288,0.0011,0,2,
1784040211.231658,1784040211.237958,decode,2,0,2288,0.0011,0,2,
1784040211.237958,1784040211.244112,decode,2,0,2288,0.0011,0,2,
1784040211.244112,1784040211.250102,decode,2,0,2288,0.0011,0,2,
1784040211.250102,1784040211.256570,decode,2,0,2288,0.0011,0,2,
1784040211.256570,1784040211.262608,decode,2,0,2288,0.0011,0,2,
1784040211.262608,1784040211.268589,decode,2,0,2288,0.0011,0,2,
1784040211.268589,1784040211.274703,decode,2,0,2288,0.0011,0,2,
1784040211.274703,1784040211.280965,decode,2,0,2288,0.0011,0,2,
1784040211.280965,1784040211.287086,decode,2,0,2288,0.0011,0,2,
1784040211.287086,1784040211.293244,decode,2,0,2304,0.0011,0,2,
1784040211.293244,1784040211.299516,decode,2,0,2320,0.0011,0,2,
1784040211.299516,1784040211.305638,decode,2,0,2320,0.0011,0,2,
1784040211.305638,1784040211.311759,decode,2,0,2320,0.0011,0,2,
1784040211.311759,1784040211.317854,decode,2,0,2320,0.0011,0,2,
1784040211.317854,1784040211.324380,decode,2,0,2320,0.0011,0,2,
1784040211.324380,1784040211.330523,decode,2,0,2320,0.0011,0,2,
1784040211.330523,1784040211.336364,decode,2,0,2320,0.0011,0,2,
1784040211.336364,1784040211.342901,decode,2,0,2320,0.0011,0,2,
1784040211.342901,1784040211.348884,decode,2,0,2320,0.0011,0,2,
1784040211.348884,1784040211.355058,decode,2,0,2320,0.0011,0,2,
1784040211.355058,1784040211.361203,decode,2,0,2320,0.0011,0,2,
1784040211.361203,1784040211.367244,decode,2,0,2320,0.0011,0,2,
1784040211.367244,1784040211.373306,decode,2,0,2320,0.0011,0,2,
1784040211.373306,1784040211.379609,decode,1,0,2176,0.0010,0,2,
1784040211.379609,1784040211.386427,decode,0,0,0,0.0000,0,1,
1784040211.386427,1784040211.393478,mixed,1,0,2048,0.0010,2048,1,
1784040211.393478,1784040211.399929,mixed,2,0,2080,0.0010,2048,2,
1784040211.399929,1784040211.406075,decode,2,0,2096,0.0010,0,2,
1784040211.406075,1784040211.412208,decode,2,0,2096,0.0010,0,2,
1784040211.412208,1784040211.418468,decode,2,0,2096,0.0010,0,2,
1784040211.418468,1784040211.425090,decode,2,0,2096,0.0010,0,2,
1784040211.425090,1784040211.431069,decode,2,0,2096,0.0010,0,2,
1784040211.431069,1784040211.437061,decode,2,0,2096,0.0010,0,2,
1784040211.437061,1784040211.443326,decode,2,0,2096,0.0010,0,2,
1784040211.443326,1784040211.449500,decode,2,0,2096,0.0010,0,2,
1784040211.449500,1784040211.455676,decode,2,0,2096,0.0010,0,2,
1784040211.455676,1784040211.461897,decode,2,0,2096,0.0010,0,2,
1784040211.461897,1784040211.468117,decode,2,0,2096,0.0010,0,2,
1784040211.468117,1784040211.474235,decode,2,0,2096,0.0010,0,2,
1784040211.474235,1784040211.480455,decode,2,0,2096,0.0010,0,2,
1784040211.480455,1784040211.486613,decode,2,0,2096,0.0010,0,2,
1784040211.486613,1784040211.492853,decode,2,0,2096,0.0010,0,2,
1784040211.492853,1784040211.499165,decode,2,0,2112,0.0010,0,2,
1784040211.499165,1784040211.505334,decode,2,0,2128,0.0010,0,2,
1784040211.505334,1784040211.511324,decode,2,0,2128,0.0010,0,2,
1784040211.511324,1784040211.517326,decode,2,0,2128,0.0010,0,2,
1784040211.517326,1784040211.523677,decode,2,0,2128,0.0010,0,2,
1784040211.523677,1784040211.529654,decode,2,0,2128,0.0010,0,2,
1784040211.529654,1784040211.535773,decode,2,0,2128,0.0010,0,2,
1784040211.535773,1784040211.541543,decode,2,0,2128,0.0010,0,2,
1784040211.541543,1784040211.547637,decode,2,0,2128,0.0010,0,2,
1784040211.547637,1784040211.553650,decode,2,0,2128,0.0010,0,2,
1784040211.553650,1784040211.559780,decode,2,0,2128,0.0010,0,2,
1784040211.559780,1784040211.566170,decode,2,0,2128,0.0010,0,2,
1784040211.566170,1784040211.571893,decode,2,0,2128,0.0010,0,2,
1784040211.571893,1784040211.578326,decode,2,0,2128,0.0010,0,2,
1784040211.578326,1784040211.584064,decode,2,0,2128,0.0010,0,2,
1784040211.584064,1784040211.590616,decode,2,0,2128,0.0010,0,2,
1784040211.590616,1784040211.596272,decode,2,0,2144,0.0010,0,2,
1784040211.596272,1784040211.602532,decode,2,0,2160,0.0010,0,2,
1784040211.602532,1784040211.608516,decode,2,0,2160,0.0010,0,2,
1784040211.608516,1784040211.614464,decode,2,0,2160,0.0010,0,2,
1784040211.614464,1784040211.620525,decode,2,0,2160,0.0010,0,2,
1784040211.620525,1784040211.626795,decode,2,0,2160,0.0010,0,2,
1784040211.626795,1784040211.632880,decode,2,0,2160,0.0010,0,2,
1784040211.632880,1784040211.638773,decode,2,0,2160,0.0010,0,2,
1784040211.638773,1784040211.644859,decode,2,0,2160,0.0010,0,2,
1784040211.644859,1784040211.650936,decode,2,0,2160,0.0010,0,2,
1784040211.650936,1784040211.656999,decode,2,0,2160,0.0010,0,2,
1784040211.656999,1784040211.663079,decode,2,0,2160,0.0010,0,2,
1784040211.663079,1784040211.669163,decode,2,0,2160,0.0010,0,2,
1784040211.669163,1784040211.675220,decode,2,0,2160,0.0010,0,2,
1784040211.675220,1784040211.681317,decode,2,0,2160,0.0010,0,2,
1784040211.681317,1784040211.687419,decode,2,0,2160,0.0010,0,2,
1784040211.687419,1784040211.693505,decode,2,0,2176,0.0010,0,2,
1784040211.693505,1784040211.699637,decode,2,0,2192,0.0011,0,2,
1784040211.699637,1784040211.705719,decode,2,0,2192,0.0011,0,2,
1784040211.705719,1784040211.711791,decode,2,0,2192,0.0011,0,2,
1784040211.711791,1784040211.717868,decode,2,0,2192,0.0011,0,2,
1784040211.717868,1784040211.723957,decode,2,0,2192,0.0011,0,2,
1784040211.723957,1784040211.730347,decode,2,0,2192,0.0011,0,2,
1784040211.730347,1784040211.736063,decode,2,0,2192,0.0011,0,2,
1784040211.736063,1784040211.742337,decode,2,0,2192,0.0011,0,2,
1784040211.742337,1784040211.748380,decode,2,0,2192,0.0011,0,2,
1784040211.748380,1784040211.754348,decode,2,0,2192,0.0011,0,2,
1784040211.754348,1784040211.760328,decode,2,0,2192,0.0011,0,2,
1784040211.760328,1784040211.766384,decode,2,0,2192,0.0011,0,2,
1784040211.766384,1784040211.772431,decode,2,0,2192,0.0011,0,2,
1784040211.772431,1784040211.778534,decode,2,0,2192,0.0011,0,2,
1784040211.778534,1784040211.784525,decode,2,0,2192,0.0011,0,2,
1784040211.784525,1784040211.790789,decode,2,0,2208,0.0011,0,2,
1784040211.790789,1784040211.796800,decode,2,0,2224,0.0011,0,2,
1784040211.796800,1784040211.802925,decode,2,0,2224,0.0011,0,2,
1784040211.802925,1784040211.809020,decode,2,0,2224,0.0011,0,2,
1784040211.809020,1784040211.815050,decode,2,0,2224,0.0011,0,2,
1784040211.815050,1784040211.821298,decode,2,0,2224,0.0011,0,2,
1784040211.821298,1784040211.827296,decode,2,0,2224,0.0011,0,2,
1784040211.827296,1784040211.833427,decode,2,0,2224,0.0011,0,2,
1784040211.833427,1784040211.839299,decode,2,0,2224,0.0011,0,2,
1784040211.839299,1784040211.845564,decode,2,0,2224,0.0011,0,2,
1784040211.845564,1784040211.851452,decode,2,0,2224,0.0011,0,2,
1784040211.851452,1784040211.857504,decode,2,0,2224,0.0011,0,2,
1784040211.857504,1784040211.863580,decode,2,0,2224,0.0011,0,2,
1784040211.863580,1784040211.869636,decode,2,0,2224,0.0011,0,2,
1784040211.869636,1784040211.875826,decode,2,0,2224,0.0011,0,2,
1784040211.875826,1784040211.881779,decode,2,0,2224,0.0011,0,2,
1784040211.881779,1784040211.887909,decode,2,0,2240,0.0011,0,2,
1784040211.887909,1784040211.894245,decode,2,0,2256,0.0011,0,2,
1784040211.894245,1784040211.900347,decode,2,0,2256,0.0011,0,2,
1784040211.900347,1784040211.906199,decode,2,0,2256,0.0011,0,2,
1784040211.906199,1784040211.912459,decode,2,0,2256,0.0011,0,2,
1784040211.912459,1784040211.918347,decode,2,0,2256,0.0011,0,2,
1784040211.918347,1784040211.924375,decode,2,0,2256,0.0011,0,2,
1784040211.924375,1784040211.930800,decode,2,0,2256,0.0011,0,2,
1784040211.930800,1784040211.936517,decode,2,0,2256,0.0011,0,2,
1784040211.936517,1784040211.942897,decode,2,0,2256,0.0011,0,2,
1784040211.942897,1784040211.949003,decode,2,0,2256,0.0011,0,2,
1784040211.949003,1784040211.954714,decode,2,0,2256,0.0011,0,2,
1784040211.954714,1784040211.961128,decode,2,0,2256,0.0011,0,2,
1784040211.961128,1784040211.966939,decode,2,0,2256,0.0011,0,2,
1784040211.966939,1784040211.973084,decode,2,0,2256,0.0011,0,2,
1784040211.973084,1784040211.979094,decode,2,0,2256,0.0011,0,2,
1784040211.979094,1784040211.985186,decode,2,0,2272,0.0011,0,2,
1784040211.985186,1784040211.991401,decode,2,0,2288,0.0011,0,2,
1784040211.991401,1784040211.997409,decode,2,0,2288,0.0011,0,2,
1784040211.997409,1784040212.003950,decode,2,0,2288,0.0011,0,2,
1784040212.003950,1784040212.010063,decode,2,0,2288,0.0011,0,2,
1784040212.010063,1784040212.015814,decode,2,0,2288,0.0011,0,2,
1784040212.015814,1784040212.022045,decode,2,0,2288,0.0011,0,2,
1784040212.022045,1784040212.028186,decode,2,0,2288,0.0011,0,2,
1784040212.028186,1784040212.034119,decode,2,0,2288,0.0011,0,2,
1784040212.034119,1784040212.040434,decode,2,0,2288,0.0011,0,2,
1784040212.040434,1784040212.046362,decode,2,0,2288,0.0011,0,2,
1784040212.046362,1784040212.052701,decode,2,0,2288,0.0011,0,2,
1784040212.052701,1784040212.058698,decode,2,0,2288,0.0011,0,2,
1784040212.058698,1784040212.064943,decode,2,0,2288,0.0011,0,2,
1784040212.064943,1784040212.070878,decode,2,0,2288,0.0011,0,2,
1784040212.070878,1784040212.077098,decode,2,0,2288,0.0011,0,2,
1784040212.077098,1784040212.083137,decode,2,0,2304,0.0011,0,2,
1784040212.083137,1784040212.089620,decode,2,0,2320,0.0011,0,2,
1784040212.089620,1784040212.095531,decode,2,0,2320,0.0011,0,2,
1784040212.095531,1784040212.101800,decode,2,0,2320,0.0011,0,2,
1784040212.101800,1784040212.107825,decode,2,0,2320,0.0011,0,2,
1784040212.107825,1784040212.114097,decode,2,0,2320,0.0011,0,2,
1784040212.114097,1784040212.120085,decode,2,0,2320,0.0011,0,2,
1784040212.120085,1784040212.126445,decode,2,0,2320,0.0011,0,2,
1784040212.126445,1784040212.132259,decode,2,0,2320,0.0011,0,2,
1784040212.132259,1784040212.138793,decode,2,0,2320,0.0011,0,2,
1784040212.138793,1784040212.144719,decode,2,0,2320,0.0011,0,2,
1784040212.144719,1784040212.150898,decode,2,0,2320,0.0011,0,2,
1784040212.150898,1784040212.156852,decode,2,0,2320,0.0011,0,2,
1784040212.156852,1784040212.163159,decode,2,0,2320,0.0011,0,2,
1784040212.163159,1784040212.169189,decode,1,0,2176,0.0010,0,2,
1784040212.169189,1784040212.175879,decode,0,0,0,0.0000,0,1,
1784040212.175879,1784040212.182800,mixed,1,0,2048,0.0010,2048,1,
1784040212.182800,1784040212.189139,mixed,2,0,2080,0.0010,2048,2,
1784040212.189139,1784040212.195405,decode,2,0,2096,0.0010,0,2,
1784040212.195405,1784040212.201576,decode,2,0,2096,0.0010,0,2,
1784040212.201576,1784040212.207570,decode,2,0,2096,0.0010,0,2,
1784040212.207570,1784040212.213816,decode,2,0,2096,0.0010,0,2,
1784040212.213816,1784040212.219660,decode,2,0,2096,0.0010,0,2,
1784040212.219660,1784040212.226153,decode,2,0,2096,0.0010,0,2,
1784040212.226153,1784040212.232121,decode,2,0,2096,0.0010,0,2,
1784040212.232121,1784040212.238234,decode,2,0,2096,0.0010,0,2,
1784040212.238234,1784040212.244656,decode,2,0,2096,0.0010,0,2,
1784040212.244656,1784040212.250547,decode,2,0,2096,0.0010,0,2,
1784040212.250547,1784040212.256489,decode,2,0,2096,0.0010,0,2,
1784040212.256489,1784040212.262338,decode,2,0,2096,0.0010,0,2,
1784040212.262338,1784040212.268423,decode,2,0,2096,0.0010,0,2,
1784040212.268423,1784040212.274855,decode,2,0,2096,0.0010,0,2,
1784040212.274855,1784040212.280458,decode,2,0,2096,0.0010,0,2,
1784040212.280458,1784040212.286716,decode,2,0,2112,0.0010,0,2,
1784040212.286716,1784040212.292667,decode,2,0,2128,0.0010,0,2,
1784040212.292667,1784040212.298695,decode,2,0,2128,0.0010,0,2,
1784040212.298695,1784040212.304964,decode,2,0,2128,0.0010,0,2,
1784040212.304964,1784040212.311025,decode,2,0,2128,0.0010,0,2,
1784040212.311025,1784040212.316894,decode,2,0,2128,0.0010,0,2,
1784040212.316894,1784040212.323050,decode,2,0,2128,0.0010,0,2,
1784040212.323050,1784040212.329026,decode,2,0,2128,0.0010,0,2,
1784040212.329026,1784040212.335095,decode,2,0,2128,0.0010,0,2,
1784040212.335095,1784040212.341414,decode,2,0,2128,0.0010,0,2,
1784040212.341414,1784040212.347220,decode,2,0,2128,0.0010,0,2,
1784040212.347220,1784040212.353464,decode,2,0,2128,0.0010,0,2,
1784040212.353464,1784040212.359416,decode,2,0,2128,0.0010,0,2,
1784040212.359416,1784040212.365429,decode,2,0,2128,0.0010,0,2,
1784040212.365429,1784040212.371736,decode,2,0,2128,0.0010,0,2,
1784040212.371736,1784040212.377605,decode,2,0,2128,0.0010,0,2,
1784040212.377605,1784040212.383773,decode,2,0,2144,0.0010,0,2,
1784040212.383773,1784040212.390114,decode,2,0,2160,0.0010,0,2,
1784040212.390114,1784040212.396156,decode,2,0,2160,0.0010,0,2,
1784040212.396156,1784040212.402162,decode,2,0,2160,0.0010,0,2,
1784040212.402162,1784040212.408248,decode,2,0,2160,0.0010,0,2,
1784040212.408248,1784040212.414380,decode,2,0,2160,0.0010,0,2,
1784040212.414380,1784040212.420420,decode,2,0,2160,0.0010,0,2,
1784040212.420420,1784040212.426868,decode,2,0,2160,0.0010,0,2,
1784040212.426868,1784040212.432898,decode,2,0,2160,0.0010,0,2,
1784040212.432898,1784040212.439007,decode,2,0,2160,0.0010,0,2,
1784040212.439007,1784040212.445018,decode,2,0,2160,0.0010,0,2,
1784040212.445018,1784040212.451139,decode,2,0,2160,0.0010,0,2,
1784040212.451139,1784040212.457477,decode,2,0,2160,0.0010,0,2,
1784040212.457477,1784040212.463439,decode,2,0,2160,0.0010,0,2,
1784040212.463439,1784040212.469662,decode,2,0,2160,0.0010,0,2,
1784040212.469662,1784040212.475854,decode,2,0,2160,0.0010,0,2,
1784040212.475854,1784040212.482065,decode,2,0,2176,0.0010,0,2,
1784040212.482065,1784040212.488166,decode,2,0,2192,0.0011,0,2,
1784040212.488166,1784040212.494331,decode,2,0,2192,0.0011,0,2,
1784040212.494331,1784040212.500596,decode,2,0,2192,0.0011,0,2,
1784040212.500596,1784040212.506707,decode,2,0,2192,0.0011,0,2,
1784040212.506707,1784040212.512875,decode,2,0,2192,0.0011,0,2,
1784040212.512875,1784040212.519078,decode,2,0,2192,0.0011,0,2,
1784040212.519078,1784040212.525456,decode,2,0,2192,0.0011,0,2,
1784040212.525456,1784040212.531582,decode,2,0,2192,0.0011,0,2,
1784040212.531582,1784040212.537785,decode,2,0,2192,0.0011,0,2,
1784040212.537785,1784040212.543986,decode,2,0,2192,0.0011,0,2,
1784040212.543986,1784040212.549929,decode,2,0,2192,0.0011,0,2,
1784040212.549929,1784040212.556074,decode,2,0,2192,0.0011,0,2,
1784040212.556074,1784040212.562248,decode,2,0,2192,0.0011,0,2,
1784040212.562248,1784040212.568490,decode,2,0,2192,0.0011,0,2,
1784040212.568490,1784040212.574706,decode,2,0,2192,0.0011,0,2,
1784040212.574706,1784040212.580899,decode,2,0,2208,0.0011,0,2,
1784040212.580899,1784040212.587115,decode,2,0,2224,0.0011,0,2,
1784040212.587115,1784040212.593239,decode,2,0,2224,0.0011,0,2,
1784040212.593239,1784040212.599557,decode,2,0,2224,0.0011,0,2,
1784040212.599557,1784040212.605783,decode,2,0,2224,0.0011,0,2,
1784040212.605783,1784040212.611973,decode,2,0,2224,0.0011,0,2,
1784040212.611973,1784040212.618152,decode,2,0,2224,0.0011,0,2,
1784040212.618152,1784040212.624349,decode,2,0,2224,0.0011,0,2,
1784040212.624349,1784040212.630646,decode,2,0,2224,0.0011,0,2,
1784040212.630646,1784040212.636936,decode,2,0,2224,0.0011,0,2,
1784040212.636936,1784040212.642933,decode,2,0,2224,0.0011,0,2,
1784040212.642933,1784040212.649191,decode,2,0,2224,0.0011,0,2,
1784040212.649191,1784040212.655274,decode,2,0,2224,0.0011,0,2,
1784040212.655274,1784040212.661543,decode,2,0,2224,0.0011,0,2,
1784040212.661543,1784040212.667723,decode,2,0,2224,0.0011,0,2,
1784040212.667723,1784040212.673970,decode,2,0,2224,0.0011,0,2,
1784040212.673970,1784040212.680197,decode,2,0,2240,0.0011,0,2,
1784040212.680197,1784040212.686402,decode,2,0,2256,0.0011,0,2,
1784040212.686402,1784040212.692597,decode,2,0,2256,0.0011,0,2,
1784040212.692597,1784040212.698725,decode,2,0,2256,0.0011,0,2,
1784040212.698725,1784040212.704825,decode,2,0,2256,0.0011,0,2,
1784040212.704825,1784040212.710868,decode,2,0,2256,0.0011,0,2,
1784040212.710868,1784040212.716905,decode,2,0,2256,0.0011,0,2,
1784040212.716905,1784040212.722962,decode,2,0,2256,0.0011,0,2,
1784040212.722962,1784040212.729247,decode,2,0,2256,0.0011,0,2,
1784040212.729247,1784040212.735438,decode,2,0,2256,0.0011,0,2,
1784040212.735438,1784040212.741313,decode,2,0,2256,0.0011,0,2,
1784040212.741313,1784040212.747239,decode,2,0,2256,0.0011,0,2,
1784040212.747239,1784040212.753341,decode,2,0,2256,0.0011,0,2,
1784040212.753341,1784040212.759484,decode,2,0,2256,0.0011,0,2,
1784040212.759484,1784040212.765443,decode,2,0,2256,0.0011,0,2,
1784040212.765443,1784040212.771504,decode,2,0,2256,0.0011,0,2,
1784040212.771504,1784040212.777551,decode,2,0,2272,0.0011,0,2,
1784040212.777551,1784040212.783597,decode,2,0,2288,0.0011,0,2,
1784040212.783597,1784040212.789706,decode,2,0,2288,0.0011,0,2,
1784040212.789706,1784040212.795806,decode,2,0,2288,0.0011,0,2,
1784040212.795806,1784040212.801836,decode,2,0,2288,0.0011,0,2,
1784040212.801836,1784040212.807895,decode,2,0,2288,0.0011,0,2,
1784040212.807895,1784040212.813899,decode,2,0,2288,0.0011,0,2,
1784040212.813899,1784040212.820068,decode,2,0,2288,0.0011,0,2,
1784040212.820068,1784040212.826078,decode,2,0,2288,0.0011,0,2,
1784040212.826078,1784040212.832384,decode,2,0,2288,0.0011,0,2,
1784040212.832384,1784040212.838231,decode,2,0,2288,0.0011,0,2,
1784040212.838231,1784040212.844311,decode,2,0,2288,0.0011,0,2,
1784040212.844311,1784040212.850362,decode,2,0,2288,0.0011,0,2,
1784040212.850362,1784040212.856429,decode,2,0,2288,0.0011,0,2,
1784040212.856429,1784040212.862476,decode,2,0,2288,0.0011,0,2,
1784040212.862476,1784040212.868504,decode,2,0,2288,0.0011,0,2,
1784040212.868504,1784040212.875043,decode,2,0,2304,0.0011,0,2,
1784040212.875043,1784040212.880786,decode,2,0,2320,0.0011,0,2,
1784040212.880786,1784040212.886785,decode,2,0,2320,0.0011,0,2,
1784040212.886785,1784040212.892913,decode,2,0,2320,0.0011,0,2,
1784040212.892913,1784040212.899089,decode,2,0,2320,0.0011,0,2,
1784040212.899089,1784040212.905284,decode,2,0,2320,0.0011,0,2,
1784040212.905284,1784040212.911035,decode,2,0,2320,0.0011,0,2,
1784040212.911035,1784040212.917097,decode,2,0,2320,0.0011,0,2,
1784040212.917097,1784040212.923150,decode,2,0,2320,0.0011,0,2,
1784040212.923150,1784040212.929516,decode,2,0,2320,0.0011,0,2,
1784040212.929516,1784040212.935544,decode,2,0,2320,0.0011,0,2,
1784040212.935544,1784040212.941320,decode,2,0,2320,0.0011,0,2,
1784040212.941320,1784040212.947331,decode,2,0,2320,0.0011,0,2,
1784040212.947331,1784040212.953632,decode,2,0,2320,0.0011,0,2,
1784040212.953632,1784040212.959539,decode,1,0,2176,0.0010,0,2,
1784040212.959539,1784040212.966343,decode,0,0,0,0.0000,0,1,
1784040212.966343,1784040212.972914,mixed,1,0,2048,0.0010,2048,1,
1784040212.972914,1784040212.979241,mixed,2,0,2080,0.0010,2048,2,
1784040212.979241,1784040212.985317,decode,2,0,2096,0.0010,0,2,
1784040212.985317,1784040212.991352,decode,2,0,2096,0.0010,0,2,
1784040212.991352,1784040212.997421,decode,2,0,2096,0.0010,0,2,
1784040212.997421,1784040213.003475,decode,2,0,2096,0.0010,0,2,
1784040213.003475,1784040213.009489,decode,2,0,2096,0.0010,0,2,
1784040213.009489,1784040213.015943,decode,2,0,2096,0.0010,0,2,
1784040213.015943,1784040213.023846,decode,2,0,2096,0.0010,0,2,
1784040213.023846,1784040213.030318,decode,2,0,2096,0.0010,0,2,
1784040213.030318,1784040213.036262,decode,2,0,2096,0.0010,0,2,
1784040213.036262,1784040213.042072,decode,2,0,2096,0.0010,0,2,
1784040213.042072,1784040213.048086,decode,2,0,2096,0.0010,0,2,
1784040213.048086,1784040213.054097,decode,2,0,2096,0.0010,0,2,
1784040213.054097,1784040213.060176,decode,2,0,2096,0.0010,0,2,
1784040213.060176,1784040213.066237,decode,2,0,2096,0.0010,0,2,
1784040213.066237,1784040213.072291,decode,2,0,2096,0.0010,0,2,
1784040213.072291,1784040213.078474,decode,2,0,2112,0.0010,0,2,
1784040213.078474,1784040213.084801,decode,2,0,2128,0.0010,0,2,
1784040213.084801,1784040213.090770,decode,2,0,2128,0.0010,0,2,
1784040213.090770,1784040213.096823,decode,2,0,2128,0.0010,0,2,
1784040213.096823,1784040213.102561,decode,2,0,2128,0.0010,0,2,
1784040213.102561,1784040213.108779,decode,2,0,2128,0.0010,0,2,
1784040213.108779,1784040213.114761,decode,2,0,2128,0.0010,0,2,
1784040213.114761,1784040213.120822,decode,2,0,2128,0.0010,0,2,
1784040213.120822,1784040213.126933,decode,2,0,2128,0.0010,0,2,
1784040213.126933,1784040213.132973,decode,2,0,2128,0.0010,0,2,
1784040213.132973,1784040213.139079,decode,2,0,2128,0.0010,0,2,
1784040213.139079,1784040213.145100,decode,2,0,2128,0.0010,0,2,
1784040213.145100,1784040213.151426,decode,2,0,2128,0.0010,0,2,
1784040213.151426,1784040213.157424,decode,2,0,2128,0.0010,0,2,
1784040213.157424,1784040213.163266,decode,2,0,2128,0.0010,0,2,
1784040213.163266,1784040213.169337,decode,2,0,2128,0.0010,0,2,
1784040213.169337,1784040213.175485,decode,2,0,2144,0.0010,0,2,
1784040213.175485,1784040213.181534,decode,2,0,2160,0.0010,0,2,
1784040213.181534,1784040213.187614,decode,2,0,2160,0.0010,0,2,
1784040213.187614,1784040213.193728,decode,2,0,2160,0.0010,0,2,
1784040213.193728,1784040213.199949,decode,2,0,2160,0.0010,0,2,
1784040213.199949,1784040213.206109,decode,2,0,2160,0.0010,0,2,
1784040213.206109,1784040213.212210,decode,2,0,2160,0.0010,0,2,
1784040213.212210,1784040213.218343,decode,2,0,2160,0.0010,0,2,
1784040213.218343,1784040213.224661,decode,2,0,2160,0.0010,0,2,
1784040213.224661,1784040213.230832,decode,2,0,2160,0.0010,0,2,
1784040213.230832,1784040213.236940,decode,2,0,2160,0.0010,0,2,
1784040213.236940,1784040213.242908,decode,2,0,2160,0.0010,0,2,
1784040213.242908,1784040213.249102,decode,2,0,2160,0.0010,0,2,
1784040213.249102,1784040213.255314,decode,2,0,2160,0.0010,0,2,
1784040213.255314,1784040213.261452,decode,2,0,2160,0.0010,0,2,
1784040213.261452,1784040213.267759,decode,2,0,2160,0.0010,0,2,
1784040213.267759,1784040213.273879,decode,2,0,2176,0.0010,0,2,
1784040213.273879,1784040213.279936,decode,2,0,2192,0.0011,0,2,
1784040213.279936,1784040213.286027,decode,2,0,2192,0.0011,0,2,
1784040213.286027,1784040213.292438,decode,2,0,2192,0.0011,0,2,
1784040213.292438,1784040213.298022,decode,2,0,2192,0.0011,0,2,
1784040213.298022,1784040213.304162,decode,2,0,2192,0.0011,0,2,
1784040213.304162,1784040213.310327,decode,2,0,2192,0.0011,0,2,
1784040213.310327,1784040213.316421,decode,2,0,2192,0.0011,0,2,
1784040213.316421,1784040213.322639,decode,2,0,2192,0.0011,0,2,
1784040213.322639,1784040213.328802,decode,2,0,2192,0.0011,0,2,
1784040213.328802,1784040213.335082,decode,2,0,2192,0.0011,0,2,
1784040213.335082,1784040213.340940,decode,2,0,2192,0.0011,0,2,
1784040213.340940,1784040213.347054,decode,2,0,2192,0.0011,0,2,
1784040213.347054,1784040213.353205,decode,2,0,2192,0.0011,0,2,
1784040213.353205,1784040213.359329,decode,2,0,2192,0.0011,0,2,
1784040213.359329,1784040213.365424,decode,2,0,2192,0.0011,0,2,
1784040213.365424,1784040213.371594,decode,2,0,2208,0.0011,0,2,
1784040213.371594,1784040213.377756,decode,2,0,2224,0.0011,0,2,
1784040213.377756,1784040213.383816,decode,2,0,2224,0.0011,0,2,
1784040213.383816,1784040213.389870,decode,2,0,2224,0.0011,0,2,
1784040213.389870,1784040213.396021,decode,2,0,2224,0.0011,0,2,
1784040213.396021,1784040213.402128,decode,2,0,2224,0.0011,0,2,
1784040213.402128,1784040213.408190,decode,2,0,2224,0.0011,0,2,
1784040213.408190,1784040213.414239,decode,2,0,2224,0.0011,0,2,
1784040213.414239,1784040213.420314,decode,2,0,2224,0.0011,0,2,
1784040213.420314,1784040213.426531,decode,2,0,2224,0.0011,0,2,
1784040213.426531,1784040213.432543,decode,2,0,2224,0.0011,0,2,
1784040213.432543,1784040213.438718,decode,2,0,2224,0.0011,0,2,
1784040213.438718,1784040213.444465,decode,2,0,2224,0.0011,0,2,
1784040213.444465,1784040213.450615,decode,2,0,2224,0.0011,0,2,
1784040213.450615,1784040213.456560,decode,2,0,2224,0.0011,0,2,
1784040213.456560,1784040213.462567,decode,2,0,2224,0.0011,0,2,
1784040213.462567,1784040213.469051,decode,2,0,2240,0.0011,0,2,
1784040213.469051,1784040213.474741,decode,2,0,2256,0.0011,0,2,
1784040213.474741,1784040213.480968,decode,2,0,2256,0.0011,0,2,
1784040213.480968,1784040213.486832,decode,2,0,2256,0.0011,0,2,
1784040213.486832,1784040213.493062,decode,2,0,2256,0.0011,0,2,
1784040213.493062,1784040213.498804,decode,2,0,2256,0.0011,0,2,
1784040213.498804,1784040213.504947,decode,2,0,2256,0.0011,0,2,
1784040213.504947,1784040213.511190,decode,2,0,2256,0.0011,0,2,
1784040213.511190,1784040213.517056,decode,2,0,2256,0.0011,0,2,
1784040213.517056,1784040213.523499,decode,2,0,2256,0.0011,0,2,
1784040213.523499,1784040213.529202,decode,2,0,2256,0.0011,0,2,
1784040213.529202,1784040213.535506,decode,2,0,2256,0.0011,0,2,
1784040213.535506,1784040213.541322,decode,2,0,2256,0.0011,0,2,
1784040213.541322,1784040213.547384,decode,2,0,2256,0.0011,0,2,
1784040213.547384,1784040213.553446,decode,2,0,2256,0.0011,0,2,
1784040213.553446,1784040213.559527,decode,2,0,2256,0.0011,0,2,
1784040213.559527,1784040213.565860,decode,2,0,2272,0.0011,0,2,
1784040213.565860,1784040213.571679,decode,2,0,2288,0.0011,0,2,
1784040213.571679,1784040213.577827,decode,2,0,2288,0.0011,0,2,
1784040213.577827,1784040213.584088,decode,2,0,2288,0.0011,0,2,
1784040213.584088,1784040213.590372,decode,2,0,2288,0.0011,0,2,
1784040213.590372,1784040213.596174,decode,2,0,2288,0.0011,0,2,
1784040213.596174,1784040213.602449,decode,2,0,2288,0.0011,0,2,
1784040213.602449,1784040213.608716,decode,2,0,2288,0.0011,0,2,
1784040213.608716,1784040213.614458,decode,2,0,2288,0.0011,0,2,
1784040213.614458,1784040213.620577,decode,2,0,2288,0.0011,0,2,
1784040213.620577,1784040213.627059,decode,2,0,2288,0.0011,0,2,
1784040213.627059,1784040213.633071,decode,2,0,2288,0.0011,0,2,
1784040213.633071,1784040213.638972,decode,2,0,2288,0.0011,0,2,
1784040213.638972,1784040213.645065,decode,2,0,2288,0.0011,0,2,
1784040213.645065,1784040213.651174,decode,2,0,2288,0.0011,0,2,
1784040213.651174,1784040213.657287,decode,2,0,2288,0.0011,0,2,
1784040213.657287,1784040213.663425,decode,2,0,2304,0.0011,0,2,
1784040213.663425,1784040213.669651,decode,2,0,2320,0.0011,0,2,
1784040213.669651,1784040213.675882,decode,2,0,2320,0.0011,0,2,
1784040213.675882,1784040213.681980,decode,2,0,2320,0.0011,0,2,
1784040213.681980,1784040213.688103,decode,2,0,2320,0.0011,0,2,
1784040213.688103,1784040213.694298,decode,2,0,2320,0.0011,0,2,
1784040213.694298,1784040213.700472,decode,2,0,2320,0.0011,0,2,
1784040213.700472,1784040213.706616,decode,2,0,2320,0.0011,0,2,
1784040213.706616,1784040213.712734,decode,2,0,2320,0.0011,0,2,
1784040213.712734,1784040213.719075,decode,2,0,2320,0.0011,0,2,
1784040213.719075,1784040213.725526,decode,2,0,2320,0.0011,0,2,
1784040213.725526,1784040213.731350,decode,2,0,2320,0.0011,0,2,
1784040213.731350,1784040213.737708,decode,2,0,2320,0.0011,0,2,
1784040213.737708,1784040213.743721,decode,2,0,2320,0.0011,0,2,
1784040213.743721,1784040213.749980,decode,1,0,2176,0.0010,0,2,
1784040213.749980,1784040213.756780,decode,0,0,0,0.0000,0,1,
1784040213.756780,1784040213.763691,mixed,1,0,2048,0.0010,2048,1,
1784040213.763691,1784040213.770185,mixed,2,0,2080,0.0010,2048,2,
1784040213.770185,1784040213.776499,decode,2,0,2096,0.0010,0,2,
1784040213.776499,1784040213.782675,decode,2,0,2096,0.0010,0,2,
1784040213.782675,1784040213.788816,decode,2,0,2096,0.0010,0,2,
1784040213.788816,1784040213.794965,decode,2,0,2096,0.0010,0,2,
1784040213.794965,1784040213.801212,decode,2,0,2096,0.0010,0,2,
1784040213.801212,1784040213.807283,decode,2,0,2096,0.0010,0,2,
1784040213.807283,1784040213.813390,decode,2,0,2096,0.0010,0,2,
1784040213.813390,1784040213.819494,decode,2,0,2096,0.0010,0,2,
1784040213.819494,1784040213.825991,decode,2,0,2096,0.0010,0,2,
1784040213.825991,1784040213.832008,decode,2,0,2096,0.0010,0,2,
1784040213.832008,1784040213.837863,decode,2,0,2096,0.0010,0,2,
1784040213.837863,1784040213.844166,decode,2,0,2096,0.0010,0,2,
1784040213.844166,1784040213.850503,decode,2,0,2096,0.0010,0,2,
1784040213.850503,1784040213.856585,decode,2,0,2096,0.0010,0,2,
1784040213.856585,1784040213.862341,decode,2,0,2096,0.0010,0,2,
1784040213.862341,1784040213.868427,decode,2,0,2112,0.0010,0,2,
1784040213.868427,1784040213.874633,decode,2,0,2128,0.0010,0,2,
1784040213.874633,1784040213.880778,decode,2,0,2128,0.0010,0,2,
1784040213.880778,1784040213.886906,decode,2,0,2128,0.0010,0,2,
1784040213.886906,1784040213.893059,decode,2,0,2128,0.0010,0,2,
1784040213.893059,1784040213.899225,decode,2,0,2128,0.0010,0,2,
1784040213.899225,1784040213.905388,decode,2,0,2128,0.0010,0,2,
1784040213.905388,1784040213.911534,decode,2,0,2128,0.0010,0,2,
1784040213.911534,1784040213.917696,decode,2,0,2128,0.0010,0,2,
1784040213.917696,1784040213.923955,decode,2,0,2128,0.0010,0,2,
1784040213.923955,1784040213.929974,decode,2,0,2128,0.0010,0,2,
1784040213.929974,1784040213.936324,decode,2,0,2128,0.0010,0,2,
1784040213.936324,1784040213.942334,decode,2,0,2128,0.0010,0,2,
1784040213.942334,1784040213.948432,decode,2,0,2128,0.0010,0,2,
1784040213.948432,1784040213.954678,decode,2,0,2128,0.0010,0,2,
1784040213.954678,1784040213.960891,decode,2,0,2128,0.0010,0,2,
1784040213.960891,1784040213.967120,decode,2,0,2144,0.0010,0,2,
1784040213.967120,1784040213.973316,decode,2,0,2160,0.0010,0,2,
1784040213.973316,1784040213.979442,decode,2,0,2160,0.0010,0,2,
1784040213.979442,1784040213.985602,decode,2,0,2160,0.0010,0,2,
1784040213.985602,1784040213.991716,decode,2,0,2160,0.0010,0,2,
1784040213.991716,1784040213.997941,decode,2,0,2160,0.0010,0,2,
1784040213.997941,1784040214.004064,decode,2,0,2160,0.0010,0,2,
1784040214.004064,1784040214.010404,decode,2,0,2160,0.0010,0,2,
1784040214.010404,1784040214.016497,decode,2,0,2160,0.0010,0,2,
1784040214.016497,1784040214.022861,decode,2,0,2160,0.0010,0,2,
1784040214.022861,1784040214.029029,decode,2,0,2160,0.0010,0,2,
1784040214.029029,1784040214.034990,decode,2,0,2160,0.0010,0,2,
1784040214.034990,1784040214.041121,decode,2,0,2160,0.0010,0,2,
1784040214.041121,1784040214.047328,decode,2,0,2160,0.0010,0,2,
1784040214.047328,1784040214.053524,decode,2,0,2160,0.0010,0,2,
1784040214.053524,1784040214.059736,decode,2,0,2160,0.0010,0,2,
1784040214.059736,1784040214.065933,decode,2,0,2176,0.0010,0,2,
1784040214.065933,1784040214.072192,decode,2,0,2192,0.0011,0,2,
1784040214.072192,1784040214.078316,decode,2,0,2192,0.0011,0,2,
1784040214.078316,1784040214.084499,decode,2,0,2192,0.0011,0,2,
1784040214.084499,1784040214.090611,decode,2,0,2192,0.0011,0,2,
1784040214.090611,1784040214.096838,decode,2,0,2192,0.0011,0,2,
1784040214.096838,1784040214.105183,decode,2,0,2192,0.0011,0,2,
1784040214.105183,1784040214.111390,decode,2,0,2192,0.0011,0,2,
1784040214.111390,1784040214.117624,decode,2,0,2192,0.0011,0,2,
1784040214.117624,1784040214.123967,decode,2,0,2192,0.0011,0,2,
1784040214.123967,1784040214.129982,decode,2,0,2192,0.0011,0,2,
1784040214.129982,1784040214.136536,decode,2,0,2192,0.0011,0,2,
1784040214.136536,1784040214.142480,decode,2,0,2192,0.0011,0,2,
1784040214.142480,1784040214.148507,decode,2,0,2192,0.0011,0,2,
1784040214.148507,1784040214.154722,decode,2,0,2192,0.0011,0,2,
1784040214.154722,1784040214.160908,decode,2,0,2192,0.0011,0,2,
1784040214.160908,1784040214.167175,decode,2,0,2208,0.0011,0,2,
1784040214.167175,1784040214.173607,decode,2,0,2224,0.0011,0,2,
1784040214.173607,1784040214.179706,decode,2,0,2224,0.0011,0,2,
1784040214.179706,1784040214.185848,decode,2,0,2224,0.0011,0,2,
1784040214.185848,1784040214.192065,decode,2,0,2224,0.0011,0,2,
1784040214.192065,1784040214.198304,decode,2,0,2224,0.0011,0,2,
1784040214.198304,1784040214.204728,decode,2,0,2224,0.0011,0,2,
1784040214.204728,1784040214.210561,decode,2,0,2224,0.0011,0,2,
1784040214.210561,1784040214.216914,decode,2,0,2224,0.0011,0,2,
1784040214.216914,1784040214.222992,decode,2,0,2224,0.0011,0,2,
1784040214.222992,1784040214.229259,decode,2,0,2224,0.0011,0,2,
1784040214.229259,1784040214.235558,decode,2,0,2224,0.0011,0,2,
1784040214.235558,1784040214.241449,decode,2,0,2224,0.0011,0,2,
1784040214.241449,1784040214.247755,decode,2,0,2224,0.0011,0,2,
1784040214.247755,1784040214.253994,decode,2,0,2224,0.0011,0,2,
1784040214.253994,1784040214.259960,decode,2,0,2224,0.0011,0,2,
1784040214.259960,1784040214.266576,decode,2,0,2240,0.0011,0,2,
1784040214.266576,1784040214.272391,decode,2,0,2256,0.0011,0,2,
1784040214.272391,1784040214.278879,decode,2,0,2256,0.0011,0,2,
1784040214.278879,1784040214.284745,decode,2,0,2256,0.0011,0,2,
1784040214.284745,1784040214.290925,decode,2,0,2256,0.0011,0,2,
1784040214.290925,1784040214.297146,decode,2,0,2256,0.0011,0,2,
1784040214.297146,1784040214.303603,decode,2,0,2256,0.0011,0,2,
1784040214.303603,1784040214.309721,decode,2,0,2256,0.0011,0,2,
1784040214.309721,1784040214.315689,decode,2,0,2256,0.0011,0,2,
1784040214.315689,1784040214.321872,decode,2,0,2256,0.0011,0,2,
1784040214.321872,1784040214.328217,decode,2,0,2256,0.0011,0,2,
1784040214.328217,1784040214.334280,decode,2,0,2256,0.0011,0,2,
1784040214.334280,1784040214.340441,decode,2,0,2256,0.0011,0,2,
1784040214.340441,1784040214.346594,decode,2,0,2256,0.0011,0,2,
1784040214.346594,1784040214.352869,decode,2,0,2256,0.0011,0,2,
1784040214.352869,1784040214.358977,decode,2,0,2256,0.0011,0,2,
1784040214.358977,1784040214.365200,decode,2,0,2272,0.0011,0,2,
1784040214.365200,1784040214.371429,decode,2,0,2288,0.0011,0,2,
1784040214.371429,1784040214.377620,decode,2,0,2288,0.0011,0,2,
1784040214.377620,1784040214.383639,decode,2,0,2288,0.0011,0,2,
1784040214.383639,1784040214.389698,decode,2,0,2288,0.0011,0,2,
1784040214.389698,1784040214.395828,decode,2,0,2288,0.0011,0,2,
1784040214.395828,1784040214.401963,decode,2,0,2288,0.0011,0,2,
1784040214.401963,1784040214.407952,decode,2,0,2288,0.0011,0,2,
1784040214.407952,1784040214.414047,decode,2,0,2288,0.0011,0,2,
1784040214.414047,1784040214.420077,decode,2,0,2288,0.0011,0,2,
1784040214.420077,1784040214.426426,decode,2,0,2288,0.0011,0,2,
1784040214.426426,1784040214.432339,decode,2,0,2288,0.0011,0,2,
1784040214.432339,1784040214.438408,decode,2,0,2288,0.0011,0,2,
1784040214.438408,1784040214.444255,decode,2,0,2288,0.0011,0,2,
1784040214.444255,1784040214.450347,decode,2,0,2288,0.0011,0,2,
1784040214.450347,1784040214.456407,decode,2,0,2288,0.0011,0,2,
1784040214.456407,1784040214.462470,decode,2,0,2304,0.0011,0,2,
1784040214.462470,1784040214.468561,decode,2,0,2320,0.0011,0,2,
1784040214.468561,1784040214.474633,decode,2,0,2320,0.0011,0,2,
1784040214.474633,1784040214.480720,decode,2,0,2320,0.0011,0,2,
1784040214.480720,1784040214.486757,decode,2,0,2320,0.0011,0,2,
1784040214.486757,1784040214.492820,decode,2,0,2320,0.0011,0,2,
1784040214.492820,1784040214.498865,decode,2,0,2320,0.0011,0,2,
1784040214.498865,1784040214.504940,decode,2,0,2320,0.0011,0,2,
1784040214.504940,1784040214.510984,decode,2,0,2320,0.0011,0,2,
1784040214.510984,1784040214.517060,decode,2,0,2320,0.0011,0,2,
1784040214.517060,1784040214.523232,decode,2,0,2320,0.0011,0,2,
1784040214.523232,1784040214.529364,decode,2,0,2320,0.0011,0,2,
1784040214.529364,1784040214.535223,decode,2,0,2320,0.0011,0,2,
1784040214.535223,1784040214.541278,decode,2,0,2320,0.0011,0,2,
1784040214.541278,1784040214.547371,decode,1,0,2176,0.0010,0,2,
1784040214.547371,1784040214.554081,decode,0,0,0,0.0000,0,1,
1784040214.554081,1784040214.560834,mixed,1,0,2048,0.0010,2048,1,
1784040214.560834,1784040214.567338,mixed,2,0,2080,0.0010,2048,2,
1784040214.567338,1784040214.573294,decode,2,0,2096,0.0010,0,2,
1784040214.573294,1784040214.579728,decode,2,0,2096,0.0010,0,2,
1784040214.579728,1784040214.585723,decode,2,0,2096,0.0010,0,2,
1784040214.585723,1784040214.591467,decode,2,0,2096,0.0010,0,2,
1784040214.591467,1784040214.597701,decode,2,0,2096,0.0010,0,2,
1784040214.597701,1784040214.603553,decode,2,0,2096,0.0010,0,2,
1784040214.603553,1784040214.609942,decode,2,0,2096,0.0010,0,2,
1784040214.609942,1784040214.615914,decode,2,0,2096,0.0010,0,2,
1784040214.615914,1784040214.621763,decode,2,0,2096,0.0010,0,2,
1784040214.621763,1784040214.628066,decode,2,0,2096,0.0010,0,2,
1784040214.628066,1784040214.633798,decode,2,0,2096,0.0010,0,2,
1784040214.633798,1784040214.640045,decode,2,0,2096,0.0010,0,2,
1784040214.640045,1784040214.646077,decode,2,0,2096,0.0010,0,2,
1784040214.646077,1784040214.652137,decode,2,0,2096,0.0010,0,2,
1784040214.652137,1784040214.658086,decode,2,0,2096,0.0010,0,2,
1784040214.658086,1784040214.664013,decode,2,0,2112,0.0010,0,2,
1784040214.664013,1784040214.670588,decode,2,0,2128,0.0010,0,2,
1784040214.670588,1784040214.676303,decode,2,0,2128,0.0010,0,2,
1784040214.676303,1784040214.682590,decode,2,0,2128,0.0010,0,2,
1784040214.682590,1784040214.688836,decode,2,0,2128,0.0010,0,2,
1784040214.688836,1784040214.694463,decode,2,0,2128,0.0010,0,2,
1784040214.694463,1784040214.700756,decode,2,0,2128,0.0010,0,2,
1784040214.700756,1784040214.706719,decode,2,0,2128,0.0010,0,2,
1784040214.706719,1784040214.713082,decode,2,0,2128,0.0010,0,2,
1784040214.713082,1784040214.719186,decode,2,0,2128,0.0010,0,2,
1784040214.719186,1784040214.724893,decode,2,0,2128,0.0010,0,2,
1784040214.724893,1784040214.731428,decode,2,0,2128,0.0010,0,2,
1784040214.731428,1784040214.737142,decode,2,0,2128,0.0010,0,2,
1784040214.737142,1784040214.743247,decode,2,0,2128,0.0010,0,2,
1784040214.743247,1784040214.749363,decode,2,0,2128,0.0010,0,2,
1784040214.749363,1784040214.755395,decode,2,0,2128,0.0010,0,2,
1784040214.755395,1784040214.762025,decode,2,0,2144,0.0010,0,2,
1784040214.762025,1784040214.768086,decode,2,0,2160,0.0010,0,2,
1784040214.768086,1784040214.773667,decode,2,0,2160,0.0010,0,2,
1784040214.773667,1784040214.780141,decode,2,0,2160,0.0010,0,2,
1784040214.780141,1784040214.785902,decode,2,0,2160,0.0010,0,2,
1784040214.785902,1784040214.792142,decode,2,0,2160,0.0010,0,2,
1784040214.792142,1784040214.798495,decode,2,0,2160,0.0010,0,2,
1784040214.798495,1784040214.804302,decode,2,0,2160,0.0010,0,2,
1784040214.804302,1784040214.810488,decode,2,0,2160,0.0010,0,2,
1784040214.810488,1784040214.816399,decode,2,0,2160,0.0010,0,2,
1784040214.816399,1784040214.822509,decode,2,0,2160,0.0010,0,2,
1784040214.822509,1784040214.828858,decode,2,0,2160,0.0010,0,2,
1784040214.828858,1784040214.834936,decode,2,0,2160,0.0010,0,2,
1784040214.834936,1784040214.840700,decode,2,0,2160,0.0010,0,2,
1784040214.840700,1784040214.847126,decode,2,0,2160,0.0010,0,2,
1784040214.847126,1784040214.852972,decode,2,0,2160,0.0010,0,2,
1784040214.852972,1784040214.858874,decode,2,0,2176,0.0010,0,2,
1784040214.858874,1784040214.865119,decode,2,0,2192,0.0011,0,2,
1784040214.865119,1784040214.871220,decode,2,0,2192,0.0011,0,2,
1784040214.871220,1784040214.877177,decode,2,0,2192,0.0011,0,2,
1784040214.877177,1784040214.883436,decode,2,0,2192,0.0011,0,2,
1784040214.883436,1784040214.889590,decode,2,0,2192,0.0011,0,2,
1784040214.889590,1784040214.895540,decode,2,0,2192,0.0011,0,2,
1784040214.895540,1784040214.901803,decode,2,0,2192,0.0011,0,2,
1784040214.901803,1784040214.907974,decode,2,0,2192,0.0011,0,2,
1784040214.907974,1784040214.914039,decode,2,0,2192,0.0011,0,2,
1784040214.914039,1784040214.920219,decode,2,0,2192,0.0011,0,2,
1784040214.920219,1784040214.926528,decode,2,0,2192,0.0011,0,2,
1784040214.926528,1784040214.932490,decode,2,0,2192,0.0011,0,2,
1784040214.932490,1784040214.938716,decode,2,0,2192,0.0011,0,2,
1784040214.938716,1784040214.944615,decode,2,0,2192,0.0011,0,2,
1784040214.944615,1784040214.950776,decode,2,0,2192,0.0011,0,2,
1784040214.950776,1784040214.956849,decode,2,0,2208,0.0011,0,2,
1784040214.956849,1784040214.963036,decode,2,0,2224,0.0011,0,2,
1784040214.963036,1784040214.969325,decode,2,0,2224,0.0011,0,2,
1784040214.969325,1784040214.975406,decode,2,0,2224,0.0011,0,2,
1784040214.975406,1784040214.981427,decode,2,0,2224,0.0011,0,2,
1784040214.981427,1784040214.987654,decode,2,0,2224,0.0011,0,2,
1784040214.987654,1784040214.993796,decode,2,0,2224,0.0011,0,2,
1784040214.993796,1784040214.999923,decode,2,0,2224,0.0011,0,2,
1784040214.999923,1784040215.006045,decode,2,0,2224,0.0011,0,2,
1784040215.006045,1784040215.012142,decode,2,0,2224,0.0011,0,2,
1784040215.012142,1784040215.018327,decode,2,0,2224,0.0011,0,2,
1784040215.018327,1784040215.024381,decode,2,0,2224,0.0011,0,2,
1784040215.024381,1784040215.030503,decode,2,0,2224,0.0011,0,2,
1784040215.030503,1784040215.036793,decode,2,0,2224,0.0011,0,2,
1784040215.036793,1784040215.042760,decode,2,0,2224,0.0011,0,2,
1784040215.042760,1784040215.048977,decode,2,0,2224,0.0011,0,2,
1784040215.048977,1784040215.055145,decode,2,0,2240,0.0011,0,2,
1784040215.055145,1784040215.061276,decode,2,0,2256,0.0011,0,2,
1784040215.061276,1784040215.067409,decode,2,0,2256,0.0011,0,2,
1784040215.067409,1784040215.073531,decode,2,0,2256,0.0011,0,2,
1784040215.073531,1784040215.079725,decode,2,0,2256,0.0011,0,2,
1784040215.079725,1784040215.085837,decode,2,0,2256,0.0011,0,2,
1784040215.085837,1784040215.091913,decode,2,0,2256,0.0011,0,2,
1784040215.091913,1784040215.098131,decode,2,0,2256,0.0011,0,2,
1784040215.098131,1784040215.104375,decode,2,0,2256,0.0011,0,2,
1784040215.104375,1784040215.110540,decode,2,0,2256,0.0011,0,2,
1784040215.110540,1784040215.116562,decode,2,0,2256,0.0011,0,2,
1784040215.116562,1784040215.123105,decode,2,0,2256,0.0011,0,2,
1784040215.123105,1784040215.129186,decode,2,0,2256,0.0011,0,2,
1784040215.129186,1784040215.135405,decode,2,0,2256,0.0011,0,2,
1784040215.135405,1784040215.141140,decode,2,0,2256,0.0011,0,2,
1784040215.141140,1784040215.147294,decode,2,0,2256,0.0011,0,2,
1784040215.147294,1784040215.153460,decode,2,0,2272,0.0011,0,2,
1784040215.153460,1784040215.159693,decode,2,0,2288,0.0011,0,2,
1784040215.159693,1784040215.165854,decode,2,0,2288,0.0011,0,2,
1784040215.165854,1784040215.172032,decode,2,0,2288,0.0011,0,2,
1784040215.172032,1784040215.178137,decode,2,0,2288,0.0011,0,2,
1784040215.178137,1784040215.184230,decode,2,0,2288,0.0011,0,2,
1784040215.184230,1784040215.190382,decode,2,0,2288,0.0011,0,2,
1784040215.190382,1784040215.196578,decode,2,0,2288,0.0011,0,2,
1784040215.196578,1784040215.202762,decode,2,0,2288,0.0011,0,2,
1784040215.202762,1784040215.208707,decode,2,0,2288,0.0011,0,2,
1784040215.208707,1784040215.214834,decode,2,0,2288,0.0011,0,2,
1784040215.214834,1784040215.220930,decode,2,0,2288,0.0011,0,2,
1784040215.220930,1784040215.227474,decode,2,0,2288,0.0011,0,2,
1784040215.227474,1784040215.233366,decode,2,0,2288,0.0011,0,2,
1784040215.233366,1784040215.239131,decode,2,0,2288,0.0011,0,2,
1784040215.239131,1784040215.245450,decode,2,0,2288,0.0011,0,2,
1784040215.245450,1784040215.251383,decode,2,0,2304,0.0011,0,2,
1784040215.251383,1784040215.257644,decode,2,0,2320,0.0011,0,2,
1784040215.257644,1784040215.263934,decode,2,0,2320,0.0011,0,2,
1784040215.263934,1784040215.269746,decode,2,0,2320,0.0011,0,2,
1784040215.269746,1784040215.276052,decode,2,0,2320,0.0011,0,2,
1784040215.276052,1784040215.282260,decode,2,0,2320,0.0011,0,2,
1784040215.282260,1784040215.287952,decode,2,0,2320,0.0011,0,2,
1784040215.287952,1784040215.294474,decode,2,0,2320,0.0011,0,2,
1784040215.294474,1784040215.300140,decode,2,0,2320,0.0011,0,2,
1784040215.300140,1784040215.306673,decode,2,0,2320,0.0011,0,2,
1784040215.306673,1784040215.312365,decode,2,0,2320,0.0011,0,2,
1784040215.312365,1784040215.318447,decode,2,0,2320,0.0011,0,2,
1784040215.318447,1784040215.324744,decode,2,0,2320,0.0011,0,2,
1784040215.324744,1784040215.330718,decode,2,0,2320,0.0011,0,2,
1784040215.330718,1784040215.336712,decode,1,0,2176,0.0010,0,2,
1784040215.336712,1784040215.343668,decode,0,0,0,0.0000,0,1,
1784040215.343668,1784040215.350477,mixed,1,0,2048,0.0010,2048,1,
1784040215.350477,1784040215.356568,mixed,2,0,2080,0.0010,2048,2,
1784040215.356568,1784040215.362714,decode,2,0,2096,0.0010,0,2,
1784040215.362714,1784040215.368766,decode,2,0,2096,0.0010,0,2,
1784040215.368766,1784040215.374874,decode,2,0,2096,0.0010,0,2,
1784040215.374874,1784040215.380928,decode,2,0,2096,0.0010,0,2,
1784040215.380928,1784040215.387045,decode,2,0,2096,0.0010,0,2,
1784040215.387045,1784040215.393118,decode,2,0,2096,0.0010,0,2,
1784040215.393118,1784040215.399150,decode,2,0,2096,0.0010,0,2,
1784040215.399150,1784040215.405343,decode,2,0,2096,0.0010,0,2,
1784040215.405343,1784040215.411333,decode,2,0,2096,0.0010,0,2,
1784040215.411333,1784040215.417500,decode,2,0,2096,0.0010,0,2,
1784040215.417500,1784040215.423592,decode,2,0,2096,0.0010,0,2,
1784040215.423592,1784040215.430012,decode,2,0,2096,0.0010,0,2,
1784040215.430012,1784040215.436093,decode,2,0,2096,0.0010,0,2,
1784040215.436093,1784040215.442075,decode,2,0,2096,0.0010,0,2,
1784040215.442075,1784040215.448084,decode,2,0,2096,0.0010,0,2,
1784040215.448084,1784040215.453993,decode,2,0,2112,0.0010,0,2,
1784040215.453993,1784040215.460433,decode,2,0,2128,0.0010,0,2,
1784040215.460433,1784040215.466250,decode,2,0,2128,0.0010,0,2,
1784040215.466250,1784040215.472361,decode,2,0,2128,0.0010,0,2,
1784040215.472361,1784040215.478425,decode,2,0,2128,0.0010,0,2,
1784040215.478425,1784040215.484508,decode,2,0,2128,0.0010,0,2,
1784040215.484508,1784040215.490537,decode,2,0,2128,0.0010,0,2,
1784040215.490537,1784040215.496716,decode,2,0,2128,0.0010,0,2,
1784040215.496716,1784040215.502817,decode,2,0,2128,0.0010,0,2,
1784040215.502817,1784040215.508926,decode,2,0,2128,0.0010,0,2,
1784040215.508926,1784040215.515028,decode,2,0,2128,0.0010,0,2,
1784040215.515028,1784040215.521229,decode,2,0,2128,0.0010,0,2,
1784040215.521229,1784040215.527383,decode,2,0,2128,0.0010,0,2,
1784040215.527383,1784040215.533571,decode,2,0,2128,0.0010,0,2,
1784040215.533571,1784040215.539576,decode,2,0,2128,0.0010,0,2,
1784040215.539576,1784040215.545745,decode,2,0,2128,0.0010,0,2,
1784040215.545745,1784040215.552097,decode,2,0,2144,0.0010,0,2,
1784040215.552097,1784040215.558230,decode,2,0,2160,0.0010,0,2,
1784040215.558230,1784040215.564503,decode,2,0,2160,0.0010,0,2,
1784040215.564503,1784040215.570571,decode,2,0,2160,0.0010,0,2,
1784040215.570571,1784040215.576706,decode,2,0,2160,0.0010,0,2,
1784040215.576706,1784040215.582990,decode,2,0,2160,0.0010,0,2,
1784040215.582990,1784040215.589218,decode,2,0,2160,0.0010,0,2,
1784040215.589218,1784040215.595424,decode,2,0,2160,0.0010,0,2,
1784040215.595424,1784040215.601501,decode,2,0,2160,0.0010,0,2,
1784040215.601501,1784040215.607797,decode,2,0,2160,0.0010,0,2,
1784040215.607797,1784040215.613957,decode,2,0,2160,0.0010,0,2,
1784040215.613957,1784040215.620239,decode,2,0,2160,0.0010,0,2,
1784040215.620239,1784040215.626458,decode,2,0,2160,0.0010,0,2,
1784040215.626458,1784040215.632712,decode,2,0,2160,0.0010,0,2,
1784040215.632712,1784040215.638577,decode,2,0,2160,0.0010,0,2,
1784040215.638577,1784040215.644831,decode,2,0,2160,0.0010,0,2,
1784040215.644831,1784040215.650978,decode,2,0,2176,0.0010,0,2,
1784040215.650978,1784040215.657115,decode,2,0,2192,0.0011,0,2,
1784040215.657115,1784040215.663290,decode,2,0,2192,0.0011,0,2,
1784040215.663290,1784040215.669517,decode,2,0,2192,0.0011,0,2,
1784040215.669517,1784040215.675676,decode,2,0,2192,0.0011,0,2,
1784040215.675676,1784040215.681835,decode,2,0,2192,0.0011,0,2,
1784040215.681835,1784040215.688064,decode,2,0,2192,0.0011,0,2,
1784040215.688064,1784040215.694240,decode,2,0,2192,0.0011,0,2,
1784040215.694240,1784040215.700455,decode,2,0,2192,0.0011,0,2,
1784040215.700455,1784040215.706579,decode,2,0,2192,0.0011,0,2,
1784040215.706579,1784040215.712743,decode,2,0,2192,0.0011,0,2,
1784040215.712743,1784040215.719092,decode,2,0,2192,0.0011,0,2,
1784040215.719092,1784040215.725410,decode,2,0,2192,0.0011,0,2,
1784040215.725410,1784040215.731421,decode,2,0,2192,0.0011,0,2,
1784040215.731421,1784040215.737554,decode,2,0,2192,0.0011,0,2,
1784040215.737554,1784040215.743826,decode,2,0,2192,0.0011,0,2,
1784040215.743826,1784040215.750097,decode,2,0,2208,0.0011,0,2,
1784040215.750097,1784040215.756506,decode,2,0,2224,0.0011,0,2,
1784040215.756506,1784040215.762415,decode,2,0,2224,0.0011,0,2,
1784040215.762415,1784040215.768758,decode,2,0,2224,0.0011,0,2,
1784040215.768758,1784040215.774884,decode,2,0,2224,0.0011,0,2,
1784040215.774884,1784040215.780982,decode,2,0,2224,0.0011,0,2,
1784040215.780982,1784040215.787575,decode,2,0,2224,0.0011,0,2,
1784040215.787575,1784040215.793339,decode,2,0,2224,0.0011,0,2,
1784040215.793339,1784040215.799482,decode,2,0,2224,0.0011,0,2,
1784040215.799482,1784040215.805888,decode,2,0,2224,0.0011,0,2,
1784040215.805888,1784040215.811945,decode,2,0,2224,0.0011,0,2,
1784040215.811945,1784040215.818254,decode,2,0,2224,0.0011,0,2,
1784040215.818254,1784040215.824255,decode,2,0,2224,0.0011,0,2,
1784040215.824255,1784040215.830681,decode,2,0,2224,0.0011,0,2,
1784040215.830681,1784040215.836720,decode,2,0,2224,0.0011,0,2,
1784040215.836720,1784040215.842927,decode,2,0,2224,0.0011,0,2,
1784040215.842927,1784040215.849524,decode,2,0,2240,0.0011,0,2,
1784040215.849524,1784040215.855501,decode,2,0,2256,0.0011,0,2,
1784040215.855501,1784040215.861829,decode,2,0,2256,0.0011,0,2,
1784040215.861829,1784040215.868323,decode,2,0,2256,0.0011,0,2,
1784040215.868323,1784040215.874128,decode,2,0,2256,0.0011,0,2,
1784040215.874128,1784040215.880197,decode,2,0,2256,0.0011,0,2,
1784040215.880197,1784040215.886579,decode,2,0,2256,0.0011,0,2,
1784040215.886579,1784040215.892773,decode,2,0,2256,0.0011,0,2,
1784040215.892773,1784040215.899122,decode,2,0,2256,0.0011,0,2,
1784040215.899122,1784040215.905349,decode,2,0,2256,0.0011,0,2,
1784040215.905349,1784040215.911400,decode,2,0,2256,0.0011,0,2,
1784040215.911400,1784040215.917792,decode,2,0,2256,0.0011,0,2,
1784040215.917792,1784040215.923741,decode,2,0,2256,0.0011,0,2,
1784040215.923741,1784040215.930302,decode,2,0,2256,0.0011,0,2,
1784040215.930302,1784040215.936407,decode,2,0,2256,0.0011,0,2,
1784040215.936407,1784040215.942598,decode,2,0,2256,0.0011,0,2,
1784040215.942598,1784040215.948846,decode,2,0,2272,0.0011,0,2,
1784040215.948846,1784040215.955443,decode,2,0,2288,0.0011,0,2,
1784040215.955443,1784040215.961653,decode,2,0,2288,0.0011,0,2,
1784040215.961653,1784040215.967600,decode,2,0,2288,0.0011,0,2,
1784040215.967600,1784040215.973675,decode,2,0,2288,0.0011,0,2,
1784040215.973675,1784040215.980053,decode,2,0,2288,0.0011,0,2,
1784040215.980053,1784040215.986085,decode,2,0,2288,0.0011,0,2,
1784040215.986085,1784040215.992424,decode,2,0,2288,0.0011,0,2,
1784040215.992424,1784040215.998443,decode,2,0,2288,0.0011,0,2,
1784040215.998443,1784040216.004628,decode,2,0,2288,0.0011,0,2,
1784040216.004628,1784040216.010967,decode,2,0,2288,0.0011,0,2,
1784040216.010967,1784040216.017150,decode,2,0,2288,0.0011,0,2,
1784040216.017150,1784040216.023134,decode,2,0,2288,0.0011,0,2,
1784040216.023134,1784040216.029365,decode,2,0,2288,0.0011,0,2,
1784040216.029365,1784040216.035579,decode,2,0,2288,0.0011,0,2,
1784040216.035579,1784040216.041817,decode,2,0,2288,0.0011,0,2,
1784040216.041817,1784040216.047989,decode,2,0,2304,0.0011,0,2,
1784040216.047989,1784040216.054206,decode,2,0,2320,0.0011,0,2,
1784040216.054206,1784040216.060605,decode,2,0,2320,0.0011,0,2,
1784040216.060605,1784040216.066717,decode,2,0,2320,0.0011,0,2,
1784040216.066717,1784040216.073081,decode,2,0,2320,0.0011,0,2,
1784040216.073081,1784040216.079293,decode,2,0,2320,0.0011,0,2,
1784040216.079293,1784040216.085364,decode,2,0,2320,0.0011,0,2,
1784040216.085364,1784040216.091575,decode,2,0,2320,0.0011,0,2,
1784040216.091575,1784040216.097893,decode,2,0,2320,0.0011,0,2,
1784040216.097893,1784040216.103992,decode,2,0,2320,0.0011,0,2,
1784040216.103992,1784040216.110626,decode,2,0,2320,0.0011,0,2,
1784040216.110626,1784040216.116566,decode,2,0,2320,0.0011,0,2,
1784040216.116566,1784040216.122728,decode,2,0,2320,0.0011,0,2,
1784040216.122728,1784040216.129095,decode,2,0,2320,0.0011,0,2,
1784040216.129095,1784040216.135179,decode,1,0,2176,0.0010,0,2,
1784040216.135179,1784040216.142279,decode,0,0,0,0.0000,0,1,
1784040216.142279,1784040216.149649,mixed,1,0,2048,0.0010,2048,1,
1784040216.149649,1784040216.155636,mixed,2,0,2080,0.0010,2048,2,
1784040216.155636,1784040216.162058,decode,2,0,2096,0.0010,0,2,
1784040216.162058,1784040216.168234,decode,2,0,2096,0.0010,0,2,
1784040216.168234,1784040216.174318,decode,2,0,2096,0.0010,0,2,
1784040216.174318,1784040216.180693,decode,2,0,2096,0.0010,0,2,
1784040216.180693,1784040216.186879,decode,2,0,2096,0.0010,0,2,
1784040216.186879,1784040216.192954,decode,2,0,2096,0.0010,0,2,
1784040216.192954,1784040216.199572,decode,2,0,2096,0.0010,0,2,
1784040216.199572,1784040216.205333,decode,2,0,2096,0.0010,0,2,
1784040216.205333,1784040216.211724,decode,2,0,2096,0.0010,0,2,
1784040216.211724,1784040216.217816,decode,2,0,2096,0.0010,0,2,
1784040216.217816,1784040216.224032,decode,2,0,2096,0.0010,0,2,
1784040216.224032,1784040216.230491,decode,2,0,2096,0.0010,0,2,
1784040216.230491,1784040216.236462,decode,2,0,2096,0.0010,0,2,
1784040216.236462,1784040216.242605,decode,2,0,2096,0.0010,0,2,
1784040216.242605,1784040216.248923,decode,2,0,2096,0.0010,0,2,
1784040216.248923,1784040216.255138,decode,2,0,2112,0.0010,0,2,
1784040216.255138,1784040216.261403,decode,2,0,2128,0.0010,0,2,
1784040216.261403,1784040216.267700,decode,2,0,2128,0.0010,0,2,
1784040216.267700,1784040216.273867,decode,2,0,2128,0.0010,0,2,
1784040216.273867,1784040216.280225,decode,2,0,2128,0.0010,0,2,
1784040216.280225,1784040216.286237,decode,2,0,2128,0.0010,0,2,
1784040216.286237,1784040216.292626,decode,2,0,2128,0.0010,0,2,
1784040216.292626,1784040216.298721,decode,2,0,2128,0.0010,0,2,
1784040216.298721,1784040216.304926,decode,2,0,2128,0.0010,0,2,
1784040216.304926,1784040216.311549,decode,2,0,2128,0.0010,0,2,
1784040216.311549,1784040216.317776,decode,2,0,2128,0.0010,0,2,
1784040216.317776,1784040216.323665,decode,2,0,2128,0.0010,0,2,
1784040216.323665,1784040216.329950,decode,2,0,2128,0.0010,0,2,
1784040216.329950,1784040216.336042,decode,2,0,2128,0.0010,0,2,
1784040216.336042,1784040216.342617,decode,2,0,2128,0.0010,0,2,
1784040216.342617,1784040216.348514,decode,2,0,2128,0.0010,0,2,
1784040216.348514,1784040216.354782,decode,2,0,2144,0.0010,0,2,
1784040216.354782,1784040216.361130,decode,2,0,2160,0.0010,0,2,
1784040216.361130,1784040216.367161,decode,2,0,2160,0.0010,0,2,
1784040216.367161,1784040216.373313,decode,2,0,2160,0.0010,0,2,
1784040216.373313,1784040216.379756,decode,2,0,2160,0.0010,0,2,
1784040216.379756,1784040216.385788,decode,2,0,2160,0.0010,0,2,
1784040216.385788,1784040216.392146,decode,2,0,2160,0.0010,0,2,
1784040216.392146,1784040216.398567,decode,2,0,2160,0.0010,0,2,
1784040216.398567,1784040216.404597,decode,2,0,2160,0.0010,0,2,
1784040216.404597,1784040216.410811,decode,2,0,2160,0.0010,0,2,
1784040216.410811,1784040216.416517,decode,2,0,2160,0.0010,0,2,
1784040216.416517,1784040216.422582,decode,2,0,2160,0.0010,0,2,
1784040216.422582,1784040216.428787,decode,2,0,2160,0.0010,0,2,
1784040216.428787,1784040216.435040,decode,2,0,2160,0.0010,0,2,
1784040216.435040,1784040216.440999,decode,2,0,2160,0.0010,0,2,
1784040216.440999,1784040216.446822,decode,2,0,2160,0.0010,0,2,
1784040216.446822,1784040216.453255,decode,2,0,2176,0.0010,0,2,
1784040216.453255,1784040216.459070,decode,2,0,2192,0.0011,0,2,
1784040216.459070,1784040216.465087,decode,2,0,2192,0.0011,0,2,
1784040216.465087,1784040216.471303,decode,2,0,2192,0.0011,0,2,
1784040216.471303,1784040216.477267,decode,2,0,2192,0.0011,0,2,
1784040216.477267,1784040216.483541,decode,2,0,2192,0.0011,0,2,
1784040216.483541,1784040216.489759,decode,2,0,2192,0.0011,0,2,
1784040216.489759,1784040216.495516,decode,2,0,2192,0.0011,0,2,
1784040216.495516,1784040216.501719,decode,2,0,2192,0.0011,0,2,
1784040216.501719,1784040216.507566,decode,2,0,2192,0.0011,0,2,
1784040216.507566,1784040216.513990,decode,2,0,2192,0.0011,0,2,
1784040216.513990,1784040216.519851,decode,2,0,2192,0.0011,0,2,
1784040216.519851,1784040216.525918,decode,2,0,2192,0.0011,0,2,
1784040216.525918,1784040216.531941,decode,2,0,2192,0.0011,0,2,
1784040216.531941,1784040216.537855,decode,2,0,2192,0.0011,0,2,
1784040216.537855,1784040216.544051,decode,2,0,2192,0.0011,0,2,
1784040216.544051,1784040216.550234,decode,2,0,2208,0.0011,0,2,
1784040216.550234,1784040216.556080,decode,2,0,2224,0.0011,0,2,
1784040216.556080,1784040216.562444,decode,2,0,2224,0.0011,0,2,
1784040216.562444,1784040216.568128,decode,2,0,2224,0.0011,0,2,
1784040216.568128,1784040216.574780,decode,2,0,2224,0.0011,0,2,
1784040216.574780,1784040216.580274,decode,2,0,2224,0.0011,0,2,
1784040216.580274,1784040216.586374,decode,2,0,2224,0.0011,0,2,
1784040216.586374,1784040216.592417,decode,2,0,2224,0.0011,0,2,
1784040216.592417,1784040216.598430,decode,2,0,2224,0.0011,0,2,
1784040216.598430,1784040216.604673,decode,2,0,2224,0.0011,0,2,
1784040216.604673,1784040216.610587,decode,2,0,2224,0.0011,0,2,
1784040216.610587,1784040216.616651,decode,2,0,2224,0.0011,0,2,
1784040216.616651,1784040216.622730,decode,2,0,2224,0.0011,0,2,
1784040216.622730,1784040216.628743,decode,2,0,2224,0.0011,0,2,
1784040216.628743,1784040216.635290,decode,2,0,2224,0.0011,0,2,
1784040216.635290,1784040216.641098,decode,2,0,2224,0.0011,0,2,
1784040216.641098,1784040216.647103,decode,2,0,2240,0.0011,0,2,
1784040216.647103,1784040216.653533,decode,2,0,2256,0.0011,0,2,
1784040216.653533,1784040216.659279,decode,2,0,2256,0.0011,0,2,
1784040216.659279,1784040216.665545,decode,2,0,2256,0.0011,0,2,
1784040216.665545,1784040216.671370,decode,2,0,2256,0.0011,0,2,
1784040216.671370,1784040216.677390,decode,2,0,2256,0.0011,0,2,
1784040216.677390,1784040216.683441,decode,2,0,2256,0.0011,0,2,
1784040216.683441,1784040216.689541,decode,2,0,2256,0.0011,0,2,
1784040216.689541,1784040216.695662,decode,2,0,2256,0.0011,0,2,
1784040216.695662,1784040216.701703,decode,2,0,2256,0.0011,0,2,
1784040216.701703,1784040216.707818,decode,2,0,2256,0.0011,0,2,
1784040216.707818,1784040216.713819,decode,2,0,2256,0.0011,0,2,
1784040216.713819,1784040216.719961,decode,2,0,2256,0.0011,0,2,
1784040216.719961,1784040216.726054,decode,2,0,2256,0.0011,0,2,
1784040216.726054,1784040216.732373,decode,2,0,2256,0.0011,0,2,
1784040216.732373,1784040216.738230,decode,2,0,2256,0.0011,0,2,
1784040216.738230,1784040216.744136,decode,2,0,2272,0.0011,0,2,
1784040216.744136,1784040216.750400,decode,2,0,2288,0.0011,0,2,
1784040216.750400,1784040216.756351,decode,2,0,2288,0.0011,0,2,
1784040216.756351,1784040216.762380,decode,2,0,2288,0.0011,0,2,
1784040216.762380,1784040216.768476,decode,2,0,2288,0.0011,0,2,
1784040216.768476,1784040216.774599,decode,2,0,2288,0.0011,0,2,
1784040216.774599,1784040216.780582,decode,2,0,2288,0.0011,0,2,
1784040216.780582,1784040216.786554,decode,2,0,2288,0.0011,0,2,
1784040216.786554,1784040216.792583,decode,2,0,2288,0.0011,0,2,
1784040216.792583,1784040216.798722,decode,2,0,2288,0.0011,0,2,
1784040216.798722,1784040216.804839,decode,2,0,2288,0.0011,0,2,
1784040216.804839,1784040216.810828,decode,2,0,2288,0.0011,0,2,
1784040216.810828,1784040216.816950,decode,2,0,2288,0.0011,0,2,
1784040216.816950,1784040216.822958,decode,2,0,2288,0.0011,0,2,
1784040216.822958,1784040216.829461,decode,2,0,2288,0.0011,0,2,
1784040216.829461,1784040216.835445,decode,2,0,2288,0.0011,0,2,
1784040216.835445,1784040216.841237,decode,2,0,2304,0.0011,0,2,
1784040216.841237,1784040216.847301,decode,2,0,2320,0.0011,0,2,
1784040216.847301,1784040216.853350,decode,2,0,2320,0.0011,0,2,
1784040216.853350,1784040216.859442,decode,2,0,2320,0.0011,0,2,
1784040216.859442,1784040216.865497,decode,2,0,2320,0.0011,0,2,
1784040216.865497,1784040216.871549,decode,2,0,2320,0.0011,0,2,
1784040216.871549,1784040216.877716,decode,2,0,2320,0.0011,0,2,
1784040216.877716,1784040216.883877,decode,2,0,2320,0.0011,0,2,
1784040216.883877,1784040216.890006,decode,2,0,2320,0.0011,0,2,
1784040216.890006,1784040216.896290,decode,2,0,2320,0.0011,0,2,
1784040216.896290,1784040216.902516,decode,2,0,2320,0.0011,0,2,
1784040216.902516,1784040216.908985,decode,2,0,2320,0.0011,0,2,
1784040216.908985,1784040216.914964,decode,2,0,2320,0.0011,0,2,
1784040216.914964,1784040216.921258,decode,2,0,2320,0.0011,0,2,
1784040216.921258,1784040216.928099,decode,1,0,2176,0.0010,0,2,
1784040216.928099,1784040216.934657,decode,0,0,0,0.0000,0,1,
1784040216.934657,1784040216.941634,mixed,1,0,2048,0.0010,2048,1,
1784040216.941634,1784040216.947968,mixed,2,0,2080,0.0010,2048,2,
1784040216.947968,1784040216.954093,decode,2,0,2096,0.0010,0,2,
1784040216.954093,1784040216.960217,decode,2,0,2096,0.0010,0,2,
1784040216.960217,1784040216.966319,decode,2,0,2096,0.0010,0,2,
1784040216.966319,1784040216.972391,decode,2,0,2096,0.0010,0,2,
1784040216.972391,1784040216.978514,decode,2,0,2096,0.0010,0,2,
1784040216.978514,1784040216.984560,decode,2,0,2096,0.0010,0,2,
1784040216.984560,1784040216.990680,decode,2,0,2096,0.0010,0,2,
1784040216.990680,1784040216.996780,decode,2,0,2096,0.0010,0,2,
1784040216.996780,1784040217.002882,decode,2,0,2096,0.0010,0,2,
1784040217.002882,1784040217.009062,decode,2,0,2096,0.0010,0,2,
1784040217.009062,1784040217.015221,decode,2,0,2096,0.0010,0,2,
1784040217.015221,1784040217.021333,decode,2,0,2096,0.0010,0,2,
1784040217.021333,1784040217.027890,decode,2,0,2096,0.0010,0,2,
1784040217.027890,1784040217.033705,decode,2,0,2096,0.0010,0,2,
1784040217.033705,1784040217.039985,decode,2,0,2096,0.0010,0,2,
1784040217.039985,1784040217.046250,decode,2,0,2112,0.0010,0,2,
1784040217.046250,1784040217.052435,decode,2,0,2128,0.0010,0,2,
1784040217.052435,1784040217.058617,decode,2,0,2128,0.0010,0,2,
1784040217.058617,1784040217.064834,decode,2,0,2128,0.0010,0,2,
1784040217.064834,1784040217.071084,decode,2,0,2128,0.0010,0,2,
1784040217.071084,1784040217.077304,decode,2,0,2128,0.0010,0,2,
1784040217.077304,1784040217.083423,decode,2,0,2128,0.0010,0,2,
1784040217.083423,1784040217.089676,decode,2,0,2128,0.0010,0,2,
1784040217.089676,1784040217.095850,decode,2,0,2128,0.0010,0,2,
1784040217.095850,1784040217.102126,decode,2,0,2128,0.0010,0,2,
1784040217.102126,1784040217.108352,decode,2,0,2128,0.0010,0,2,
1784040217.108352,1784040217.114472,decode,2,0,2128,0.0010,0,2,
1784040217.114472,1784040217.120633,decode,2,0,2128,0.0010,0,2,
1784040217.120633,1784040217.126822,decode,2,0,2128,0.0010,0,2,
1784040217.126822,1784040217.133513,decode,2,0,2128,0.0010,0,2,
1784040217.133513,1784040217.139197,decode,2,0,2128,0.0010,0,2,
1784040217.139197,1784040217.145566,decode,2,0,2144,0.0010,0,2,
1784040217.145566,1784040217.151500,decode,2,0,2160,0.0010,0,2,
1784040217.151500,1784040217.157615,decode,2,0,2160,0.0010,0,2,
1784040217.157615,1784040217.163714,decode,2,0,2160,0.0010,0,2,
1784040217.163714,1784040217.169927,decode,2,0,2160,0.0010,0,2,
1784040217.169927,1784040217.176820,decode,2,0,2160,0.0010,0,2,
1784040217.176820,1784040217.183295,decode,2,0,2160,0.0010,0,2,
1784040217.183295,1784040217.189419,decode,2,0,2160,0.0010,0,2,
1784040217.189419,1784040217.195570,decode,2,0,2160,0.0010,0,2,
1784040217.195570,1784040217.201607,decode,2,0,2160,0.0010,0,2,
1784040217.201607,1784040217.207679,decode,2,0,2160,0.0010,0,2,
1784040217.207679,1784040217.213815,decode,2,0,2160,0.0010,0,2,
1784040217.213815,1784040217.220038,decode,2,0,2160,0.0010,0,2,
1784040217.220038,1784040217.226290,decode,2,0,2160,0.0010,0,2,
1784040217.226290,1784040217.232058,decode,2,0,2160,0.0010,0,2,
1784040217.232058,1784040217.238210,decode,2,0,2160,0.0010,0,2,
1784040217.238210,1784040217.244222,decode,2,0,2176,0.0010,0,2,
1784040217.244222,1784040217.250716,decode,2,0,2192,0.0011,0,2,
1784040217.250716,1784040217.256778,decode,2,0,2192,0.0011,0,2,
1784040217.256778,1784040217.262729,decode,2,0,2192,0.0011,0,2,
1784040217.262729,1784040217.268701,decode,2,0,2192,0.0011,0,2,
1784040217.268701,1784040217.274734,decode,2,0,2192,0.0011,0,2,
1784040217.274734,1784040217.280891,decode,2,0,2192,0.0011,0,2,
1784040217.280891,1784040217.286926,decode,2,0,2192,0.0011,0,2,
1784040217.286926,1784040217.293056,decode,2,0,2192,0.0011,0,2,
1784040217.293056,1784040217.299225,decode,2,0,2192,0.0011,0,2,
1784040217.299225,1784040217.305308,decode,2,0,2192,0.0011,0,2,
1784040217.305308,1784040217.311479,decode,2,0,2192,0.0011,0,2,
1784040217.311479,1784040217.317551,decode,2,0,2192,0.0011,0,2,
1784040217.317551,1784040217.323679,decode,2,0,2192,0.0011,0,2,
1784040217.323679,1784040217.330085,decode,2,0,2192,0.0011,0,2,
1784040217.330085,1784040217.336491,decode,2,0,2192,0.0011,0,2,
1784040217.336491,1784040217.342301,decode,2,0,2208,0.0011,0,2,
1784040217.342301,1784040217.348466,decode,2,0,2224,0.0011,0,2,
1784040217.348466,1784040217.354402,decode,2,0,2224,0.0011,0,2,
1784040217.354402,1784040217.360495,decode,2,0,2224,0.0011,0,2,
1784040217.360495,1784040217.366625,decode,2,0,2224,0.0011,0,2,
1784040217.366625,1784040217.372777,decode,2,0,2224,0.0011,0,2,
1784040217.372777,1784040217.378916,decode,2,0,2224,0.0011,0,2,
1784040217.378916,1784040217.385134,decode,2,0,2224,0.0011,0,2,
1784040217.385134,1784040217.391321,decode,2,0,2224,0.0011,0,2,
1784040217.391321,1784040217.397487,decode,2,0,2224,0.0011,0,2,
1784040217.397487,1784040217.403660,decode,2,0,2224,0.0011,0,2,
1784040217.403660,1784040217.409904,decode,2,0,2224,0.0011,0,2,
1784040217.409904,1784040217.416145,decode,2,0,2224,0.0011,0,2,
1784040217.416145,1784040217.422221,decode,2,0,2224,0.0011,0,2,
1784040217.422221,1784040217.428905,decode,2,0,2224,0.0011,0,2,
1784040217.428905,1784040217.434729,decode,2,0,2224,0.0011,0,2,
1784040217.434729,1784040217.440922,decode,2,0,2240,0.0011,0,2,
1784040217.440922,1784040217.447555,decode,2,0,2256,0.0011,0,2,
1784040217.447555,1784040217.453392,decode,2,0,2256,0.0011,0,2,
1784040217.453392,1784040217.459832,decode,2,0,2256,0.0011,0,2,
1784040217.459832,1784040217.466094,decode,2,0,2256,0.0011,0,2,
1784040217.466094,1784040217.472096,decode,2,0,2256,0.0011,0,2,
1784040217.472096,1784040217.478215,decode,2,0,2256,0.0011,0,2,
1784040217.478215,1784040217.484421,decode,2,0,2256,0.0011,0,2,
1784040217.484421,1784040217.490792,decode,2,0,2256,0.0011,0,2,
1784040217.490792,1784040217.496769,decode,2,0,2256,0.0011,0,2,
1784040217.496769,1784040217.502779,decode,2,0,2256,0.0011,0,2,
1784040217.502779,1784040217.509159,decode,2,0,2256,0.0011,0,2,
1784040217.509159,1784040217.515130,decode,2,0,2256,0.0011,0,2,
1784040217.515130,1784040217.521290,decode,2,0,2256,0.0011,0,2,
1784040217.521290,1784040217.527540,decode,2,0,2256,0.0011,0,2,
1784040217.527540,1784040217.533545,decode,2,0,2256,0.0011,0,2,
1784040217.533545,1784040217.539927,decode,2,0,2272,0.0011,0,2,
1784040217.539927,1784040217.546111,decode,2,0,2288,0.0011,0,2,
1784040217.546111,1784040217.552325,decode,2,0,2288,0.0011,0,2,
1784040217.552325,1784040217.558249,decode,2,0,2288,0.0011,0,2,
1784040217.558249,1784040217.564436,decode,2,0,2288,0.0011,0,2,
1784040217.564436,1784040217.570768,decode,2,0,2288,0.0011,0,2,
1784040217.570768,1784040217.576926,decode,2,0,2288,0.0011,0,2,
1784040217.576926,1784040217.582993,decode,2,0,2288,0.0011,0,2,
1784040217.582993,1784040217.589250,decode,2,0,2288,0.0011,0,2,
1784040217.589250,1784040217.595475,decode,2,0,2288,0.0011,0,2,
1784040217.595475,1784040217.601834,decode,2,0,2288,0.0011,0,2,
1784040217.601834,1784040217.608026,decode,2,0,2288,0.0011,0,2,
1784040217.608026,1784040217.614091,decode,2,0,2288,0.0011,0,2,
1784040217.614091,1784040217.620549,decode,2,0,2288,0.0011,0,2,
1784040217.620549,1784040217.626575,decode,2,0,2288,0.0011,0,2,
1784040217.626575,1784040217.632885,decode,2,0,2288,0.0011,0,2,
1784040217.632885,1784040217.639106,decode,2,0,2304,0.0011,0,2,
1784040217.639106,1784040217.645427,decode,2,0,2320,0.0011,0,2,
1784040217.645427,1784040217.651639,decode,2,0,2320,0.0011,0,2,
1784040217.651639,1784040217.657875,decode,2,0,2320,0.0011,0,2,
1784040217.657875,1784040217.664403,decode,2,0,2320,0.0011,0,2,
1784040217.664403,1784040217.670377,decode,2,0,2320,0.0011,0,2,
1784040217.670377,1784040217.676445,decode,2,0,2320,0.0011,0,2,
1784040217.676445,1784040217.682787,decode,2,0,2320,0.0011,0,2,
1784040217.682787,1784040217.689005,decode,2,0,2320,0.0011,0,2,
1784040217.689005,1784040217.695099,decode,2,0,2320,0.0011,0,2,
1784040217.695099,1784040217.701590,decode,2,0,2320,0.0011,0,2,
1784040217.701590,1784040217.707631,decode,2,0,2320,0.0011,0,2,
1784040217.707631,1784040217.713753,decode,2,0,2320,0.0011,0,2,
1784040217.713753,1784040217.720291,decode,2,0,2320,0.0011,0,2,
1784040217.720291,1784040217.726285,decode,1,0,2176,0.0010,0,2,
1784040217.726285,1784040217.733910,decode,0,0,0,0.0000,0,1,
1784040217.733910,1784040217.740661,mixed,1,0,2048,0.0010,2048,1,
1784040217.740661,1784040217.746883,mixed,2,0,2080,0.0010,2048,2,
1784040217.746883,1784040217.753371,decode,2,0,2096,0.0010,0,2,
1784040217.753371,1784040217.759524,decode,2,0,2096,0.0010,0,2,
1784040217.759524,1784040217.765606,decode,2,0,2096,0.0010,0,2,
1784040217.765606,1784040217.771928,decode,2,0,2096,0.0010,0,2,
1784040217.771928,1784040217.777987,decode,2,0,2096,0.0010,0,2,
1784040217.777987,1784040217.784451,decode,2,0,2096,0.0010,0,2,
1784040217.784451,1784040217.790406,decode,2,0,2096,0.0010,0,2,
1784040217.790406,1784040217.796654,decode,2,0,2096,0.0010,0,2,
1784040217.796654,1784040217.802989,decode,2,0,2096,0.0010,0,2,
1784040217.802989,1784040217.809258,decode,2,0,2096,0.0010,0,2,
1784040217.809258,1784040217.815528,decode,2,0,2096,0.0010,0,2,
1784040217.815528,1784040217.821526,decode,2,0,2096,0.0010,0,2,
1784040217.821526,1784040217.828107,decode,2,0,2096,0.0010,0,2,
1784040217.828107,1784040217.833864,decode,2,0,2096,0.0010,0,2,
1784040217.833864,1784040217.840141,decode,2,0,2096,0.0010,0,2,
1784040217.840141,1784040217.846969,decode,2,0,2112,0.0010,0,2,
1784040217.846969,1784040217.852785,decode,2,0,2128,0.0010,0,2,
1784040217.852785,1784040217.858874,decode,2,0,2128,0.0010,0,2,
1784040217.858874,1784040217.865321,decode,2,0,2128,0.0010,0,2,
1784040217.865321,1784040217.871271,decode,2,0,2128,0.0010,0,2,
1784040217.871271,1784040217.877465,decode,2,0,2128,0.0010,0,2,
1784040217.877465,1784040217.883680,decode,2,0,2128,0.0010,0,2,
1784040217.883680,1784040217.889961,decode,2,0,2128,0.0010,0,2,
1784040217.889961,1784040217.896267,decode,2,0,2128,0.0010,0,2,
1784040217.896267,1784040217.902318,decode,2,0,2128,0.0010,0,2,
1784040217.902318,1784040217.908506,decode,2,0,2128,0.0010,0,2,
1784040217.908506,1784040217.914732,decode,2,0,2128,0.0010,0,2,
1784040217.914732,1784040217.920974,decode,2,0,2128,0.0010,0,2,
1784040217.920974,1784040217.927501,decode,2,0,2128,0.0010,0,2,
1784040217.927501,1784040217.933369,decode,2,0,2128,0.0010,0,2,
1784040217.933369,1784040217.939575,decode,2,0,2128,0.0010,0,2,
1784040217.939575,1784040217.945747,decode,2,0,2144,0.0010,0,2,
1784040217.945747,1784040217.952154,decode,2,0,2160,0.0010,0,2,
1784040217.952154,1784040217.958152,decode,2,0,2160,0.0010,0,2,
1784040217.958152,1784040217.964486,decode,2,0,2160,0.0010,0,2,
1784040217.964486,1784040217.970716,decode,2,0,2160,0.0010,0,2,
1784040217.970716,1784040217.976877,decode,2,0,2160,0.0010,0,2,
1784040217.976877,1784040217.983070,decode,2,0,2160,0.0010,0,2,
1784040217.983070,1784040217.989339,decode,2,0,2160,0.0010,0,2,
1784040217.989339,1784040217.995542,decode,2,0,2160,0.0010,0,2,
1784040217.995542,1784040218.001715,decode,2,0,2160,0.0010,0,2,
1784040218.001715,1784040218.007912,decode,2,0,2160,0.0010,0,2,
1784040218.007912,1784040218.014108,decode,2,0,2160,0.0010,0,2,
1784040218.014108,1784040218.020404,decode,2,0,2160,0.0010,0,2,
1784040218.020404,1784040218.026679,decode,2,0,2160,0.0010,0,2,
1784040218.026679,1784040218.032897,decode,2,0,2160,0.0010,0,2,
1784040218.032897,1784040218.038972,decode,2,0,2160,0.0010,0,2,
1784040218.038972,1784040218.045243,decode,2,0,2176,0.0010,0,2,
1784040218.045243,1784040218.051459,decode,2,0,2192,0.0011,0,2,
1784040218.051459,1784040218.057645,decode,2,0,2192,0.0011,0,2,
1784040218.057645,1784040218.063836,decode,2,0,2192,0.0011,0,2,
1784040218.063836,1784040218.069936,decode,2,0,2192,0.0011,0,2,
1784040218.069936,1784040218.076012,decode,2,0,2192,0.0011,0,2,
1784040218.076012,1784040218.082049,decode,2,0,2192,0.0011,0,2,
1784040218.082049,1784040218.088104,decode,2,0,2192,0.0011,0,2,
1784040218.088104,1784040218.094180,decode,2,0,2192,0.0011,0,2,
1784040218.094180,1784040218.100170,decode,2,0,2192,0.0011,0,2,
1784040218.100170,1784040218.106235,decode,2,0,2192,0.0011,0,2,
1784040218.106235,1784040218.112245,decode,2,0,2192,0.0011,0,2,
1784040218.112245,1784040218.118298,decode,2,0,2192,0.0011,0,2,
1784040218.118298,1784040218.124660,decode,2,0,2192,0.0011,0,2,
1784040218.124660,1784040218.130713,decode,2,0,2192,0.0011,0,2,
1784040218.130713,1784040218.136511,decode,2,0,2192,0.0011,0,2,
1784040218.136511,1784040218.142543,decode,2,0,2208,0.0011,0,2,
1784040218.142543,1784040218.148577,decode,2,0,2224,0.0011,0,2,
1784040218.148577,1784040218.154646,decode,2,0,2224,0.0011,0,2,
1784040218.154646,1784040218.160695,decode,2,0,2224,0.0011,0,2,
1784040218.160695,1784040218.166749,decode,2,0,2224,0.0011,0,2,
1784040218.166749,1784040218.172807,decode,2,0,2224,0.0011,0,2,
1784040218.172807,1784040218.178819,decode,2,0,2224,0.0011,0,2,
1784040218.178819,1784040218.184882,decode,2,0,2224,0.0011,0,2,
1784040218.184882,1784040218.190951,decode,2,0,2224,0.0011,0,2,
1784040218.190951,1784040218.197022,decode,2,0,2224,0.0011,0,2,
1784040218.197022,1784040218.203020,decode,2,0,2224,0.0011,0,2,
1784040218.203020,1784040218.209073,decode,2,0,2224,0.0011,0,2,
1784040218.209073,1784040218.215136,decode,2,0,2224,0.0011,0,2,
1784040218.215136,1784040218.221195,decode,2,0,2224,0.0011,0,2,
1784040218.221195,1784040218.227258,decode,2,0,2224,0.0011,0,2,
1784040218.227258,1784040218.233278,decode,2,0,2224,0.0011,0,2,
1784040218.233278,1784040218.239393,decode,2,0,2240,0.0011,0,2,
1784040218.239393,1784040218.245538,decode,2,0,2256,0.0011,0,2,
1784040218.245538,1784040218.251526,decode,2,0,2256,0.0011,0,2,
1784040218.251526,1784040218.257588,decode,2,0,2256,0.0011,0,2,
1784040218.257588,1784040218.263719,decode,2,0,2256,0.0011,0,2,
1784040218.263719,1784040218.269738,decode,2,0,2256,0.0011,0,2,
1784040218.269738,1784040218.275791,decode,2,0,2256,0.0011,0,2,
1784040218.275791,1784040218.281835,decode,2,0,2256,0.0011,0,2,
1784040218.281835,1784040218.287866,decode,2,0,2256,0.0011,0,2,
1784040218.287866,1784040218.293938,decode,2,0,2256,0.0011,0,2,
1784040218.293938,1784040218.300006,decode,2,0,2256,0.0011,0,2,
1784040218.300006,1784040218.306171,decode,2,0,2256,0.0011,0,2,
1784040218.306171,1784040218.312221,decode,2,0,2256,0.0011,0,2,
1784040218.312221,1784040218.318136,decode,2,0,2256,0.0011,0,2,
1784040218.318136,1784040218.324206,decode,2,0,2256,0.0011,0,2,
1784040218.324206,1784040218.330384,decode,2,0,2256,0.0011,0,2,
1784040218.330384,1784040218.336385,decode,2,0,2272,0.0011,0,2,
1784040218.336385,1784040218.342530,decode,2,0,2288,0.0011,0,2,
1784040218.342530,1784040218.348414,decode,2,0,2288,0.0011,0,2,
1784040218.348414,1784040218.354593,decode,2,0,2288,0.0011,0,2,
1784040218.354593,1784040218.360539,decode,2,0,2288,0.0011,0,2,
1784040218.360539,1784040218.366737,decode,2,0,2288,0.0011,0,2,
1784040218.366737,1784040218.372666,decode,2,0,2288,0.0011,0,2,
1784040218.372666,1784040218.378820,decode,2,0,2288,0.0011,0,2,
1784040218.378820,1784040218.384850,decode,2,0,2288,0.0011,0,2,
1784040218.384850,1784040218.390833,decode,2,0,2288,0.0011,0,2,
1784040218.390833,1784040218.397041,decode,2,0,2288,0.0011,0,2,
1784040218.397041,1784040218.403081,decode,2,0,2288,0.0011,0,2,
1784040218.403081,1784040218.409191,decode,2,0,2288,0.0011,0,2,
1784040218.409191,1784040218.415292,decode,2,0,2288,0.0011,0,2,
1784040218.415292,1784040218.421353,decode,2,0,2288,0.0011,0,2,
1784040218.421353,1784040218.427538,decode,2,0,2288,0.0011,0,2,
1784040218.427538,1784040218.433859,decode,2,0,2304,0.0011,0,2,
1784040218.433859,1784040218.439633,decode,2,0,2320,0.0011,0,2,
1784040218.439633,1784040218.445834,decode,2,0,2320,0.0011,0,2,
1784040218.445834,1784040218.451961,decode,2,0,2320,0.0011,0,2,
1784040218.451961,1784040218.458044,decode,2,0,2320,0.0011,0,2,
1784040218.458044,1784040218.464102,decode,2,0,2320,0.0011,0,2,
1784040218.464102,1784040218.470244,decode,2,0,2320,0.0011,0,2,
1784040218.470244,1784040218.476216,decode,2,0,2320,0.0011,0,2,
1784040218.476216,1784040218.482284,decode,2,0,2320,0.0011,0,2,
1784040218.482284,1784040218.488298,decode,2,0,2320,0.0011,0,2,
1784040218.488298,1784040218.494461,decode,2,0,2320,0.0011,0,2,
1784040218.494461,1784040218.500500,decode,2,0,2320,0.0011,0,2,
1784040218.500500,1784040218.506449,decode,2,0,2320,0.0011,0,2,
1784040218.506449,1784040218.512588,decode,2,0,2320,0.0011,0,2,
1784040218.512588,1784040218.518651,decode,1,0,2176,0.0010,0,2,
1784040218.518651,1784040218.525221,decode,0,0,0,0.0000,0,1,
1784040218.525221,1784040218.531975,mixed,1,0,2048,0.0010,2048,1,
1784040218.531975,1784040218.538218,mixed,2,0,2080,0.0010,2048,2,
1784040218.538218,1784040218.544328,decode,2,0,2096,0.0010,0,2,
1784040218.544328,1784040218.550265,decode,2,0,2096,0.0010,0,2,
1784040218.550265,1784040218.556443,decode,2,0,2096,0.0010,0,2,
1784040218.556443,1784040218.562421,decode,2,0,2096,0.0010,0,2,
1784040218.562421,1784040218.568617,decode,2,0,2096,0.0010,0,2,
1784040218.568617,1784040218.574613,decode,2,0,2096,0.0010,0,2,
1784040218.574613,1784040218.580801,decode,2,0,2096,0.0010,0,2,
1784040218.580801,1784040218.586885,decode,2,0,2096,0.0010,0,2,
1784040218.586885,1784040218.592836,decode,2,0,2096,0.0010,0,2,
1784040218.592836,1784040218.599102,decode,2,0,2096,0.0010,0,2,
1784040218.599102,1784040218.605164,decode,2,0,2096,0.0010,0,2,
1784040218.605164,1784040218.611087,decode,2,0,2096,0.0010,0,2,
1784040218.611087,1784040218.617359,decode,2,0,2096,0.0010,0,2,
1784040218.617359,1784040218.623519,decode,2,0,2096,0.0010,0,2,
1784040218.623519,1784040218.629663,decode,2,0,2096,0.0010,0,2,
1784040218.629663,1784040218.635866,decode,2,0,2112,0.0010,0,2,
1784040218.635866,1784040218.641841,decode,2,0,2128,0.0010,0,2,
1784040218.641841,1784040218.648063,decode,2,0,2128,0.0010,0,2,
1784040218.648063,1784040218.654150,decode,2,0,2128,0.0010,0,2,
1784040218.654150,1784040218.660283,decode,2,0,2128,0.0010,0,2,
1784040218.660283,1784040218.666279,decode,2,0,2128,0.0010,0,2,
1784040218.666279,1784040218.672227,decode,2,0,2128,0.0010,0,2,
1784040218.672227,1784040218.678470,decode,2,0,2128,0.0010,0,2,
1784040218.678470,1784040218.684560,decode,2,0,2128,0.0010,0,2,
1784040218.684560,1784040218.690488,decode,2,0,2128,0.0010,0,2,
1784040218.690488,1784040218.696697,decode,2,0,2128,0.0010,0,2,
1784040218.696697,1784040218.702802,decode,2,0,2128,0.0010,0,2,
1784040218.702802,1784040218.708803,decode,2,0,2128,0.0010,0,2,
1784040218.708803,1784040218.714999,decode,2,0,2128,0.0010,0,2,
1784040218.714999,1784040218.720989,decode,2,0,2128,0.0010,0,2,
1784040218.720989,1784040218.727155,decode,2,0,2128,0.0010,0,2,
1784040218.727155,1784040218.733297,decode,2,0,2144,0.0010,0,2,
1784040218.733297,1784040218.739209,decode,2,0,2160,0.0010,0,2,
1784040218.739209,1784040218.745515,decode,2,0,2160,0.0010,0,2,
1784040218.745515,1784040218.751595,decode,2,0,2160,0.0010,0,2,
1784040218.751595,1784040218.757588,decode,2,0,2160,0.0010,0,2,
1784040218.757588,1784040218.763781,decode,2,0,2160,0.0010,0,2,
1784040218.763781,1784040218.769924,decode,2,0,2160,0.0010,0,2,
1784040218.769924,1784040218.776091,decode,2,0,2160,0.0010,0,2,
1784040218.776091,1784040218.782085,decode,2,0,2160,0.0010,0,2,
1784040218.782085,1784040218.788196,decode,2,0,2160,0.0010,0,2,
1784040218.788196,1784040218.794251,decode,2,0,2160,0.0010,0,2,
1784040218.794251,1784040218.800434,decode,2,0,2160,0.0010,0,2,
1784040218.800434,1784040218.806537,decode,2,0,2160,0.0010,0,2,
1784040218.806537,1784040218.812546,decode,2,0,2160,0.0010,0,2,
1784040218.812546,1784040218.818672,decode,2,0,2160,0.0010,0,2,
1784040218.818672,1784040218.824772,decode,2,0,2160,0.0010,0,2,
1784040218.824772,1784040218.831143,decode,2,0,2176,0.0010,0,2,
1784040218.831143,1784040218.837144,decode,2,0,2192,0.0011,0,2,
1784040218.837144,1784040218.843287,decode,2,0,2192,0.0011,0,2,
1784040218.843287,1784040218.849289,decode,2,0,2192,0.0011,0,2,
1784040218.849289,1784040218.855582,decode,2,0,2192,0.0011,0,2,
1784040218.855582,1784040218.861650,decode,2,0,2192,0.0011,0,2,
1784040218.861650,1784040218.867752,decode,2,0,2192,0.0011,0,2,
1784040218.867752,1784040218.873766,decode,2,0,2192,0.0011,0,2,
1784040218.873766,1784040218.880017,decode,2,0,2192,0.0011,0,2,
1784040218.880017,1784040218.886144,decode,2,0,2192,0.0011,0,2,
1784040218.886144,1784040218.892151,decode,2,0,2192,0.0011,0,2,
1784040218.892151,1784040218.898323,decode,2,0,2192,0.0011,0,2,
1784040218.898323,1784040218.904374,decode,2,0,2192,0.0011,0,2,
1784040218.904374,1784040218.910291,decode,2,0,2192,0.0011,0,2,
1784040218.910291,1784040218.916406,decode,2,0,2192,0.0011,0,2,
1784040218.916406,1784040218.922453,decode,2,0,2192,0.0011,0,2,
1784040218.922453,1784040218.928637,decode,2,0,2208,0.0011,0,2,
1784040218.928637,1784040218.934736,decode,2,0,2224,0.0011,0,2,
1784040218.934736,1784040218.940664,decode,2,0,2224,0.0011,0,2,
1784040218.940664,1784040218.946796,decode,2,0,2224,0.0011,0,2,
1784040218.946796,1784040218.952838,decode,2,0,2224,0.0011,0,2,
1784040218.952838,1784040218.958775,decode,2,0,2224,0.0011,0,2,
1784040218.958775,1784040218.964817,decode,2,0,2224,0.0011,0,2,
1784040218.964817,1784040218.971077,decode,2,0,2224,0.0011,0,2,
1784040218.971077,1784040218.977056,decode,2,0,2224,0.0011,0,2,
1784040218.977056,1784040218.983086,decode,2,0,2224,0.0011,0,2,
1784040218.983086,1784040218.989191,decode,2,0,2224,0.0011,0,2,
1784040218.989191,1784040218.995203,decode,2,0,2224,0.0011,0,2,
1784040218.995203,1784040219.001725,decode,2,0,2224,0.0011,0,2,
1784040219.001725,1784040219.007818,decode,2,0,2224,0.0011,0,2,
1784040219.007818,1784040219.013803,decode,2,0,2224,0.0011,0,2,
1784040219.013803,1784040219.020007,decode,2,0,2224,0.0011,0,2,
1784040219.020007,1784040219.026060,decode,2,0,2240,0.0011,0,2,
1784040219.026060,1784040219.032224,decode,2,0,2256,0.0011,0,2,
1784040219.032224,1784040219.038193,decode,2,0,2256,0.0011,0,2,
1784040219.038193,1784040219.044358,decode,2,0,2256,0.0011,0,2,
1784040219.044358,1784040219.050440,decode,2,0,2256,0.0011,0,2,
1784040219.050440,1784040219.056421,decode,2,0,2256,0.0011,0,2,
1784040219.056421,1784040219.062604,decode,2,0,2256,0.0011,0,2,
1784040219.062604,1784040219.068695,decode,2,0,2256,0.0011,0,2,
1784040219.068695,1784040219.074676,decode,2,0,2256,0.0011,0,2,
1784040219.074676,1784040219.080874,decode,2,0,2256,0.0011,0,2,
1784040219.080874,1784040219.086897,decode,2,0,2256,0.0011,0,2,
1784040219.086897,1784040219.092899,decode,2,0,2256,0.0011,0,2,
1784040219.092899,1784040219.099078,decode,2,0,2256,0.0011,0,2,
1784040219.099078,1784040219.105088,decode,2,0,2256,0.0011,0,2,
1784040219.105088,1784040219.111303,decode,2,0,2256,0.0011,0,2,
1784040219.111303,1784040219.117401,decode,2,0,2256,0.0011,0,2,
1784040219.117401,1784040219.123387,decode,2,0,2272,0.0011,0,2,
1784040219.123387,1784040219.129693,decode,2,0,2288,0.0011,0,2,
1784040219.129693,1784040219.135612,decode,2,0,2288,0.0011,0,2,
1784040219.135612,1784040219.141825,decode,2,0,2288,0.0011,0,2,
1784040219.141825,1784040219.147903,decode,2,0,2288,0.0011,0,2,
1784040219.147903,1784040219.153904,decode,2,0,2288,0.0011,0,2,
1784040219.153904,1784040219.160098,decode,2,0,2288,0.0011,0,2,
1784040219.160098,1784040219.166129,decode,2,0,2288,0.0011,0,2,
1784040219.166129,1784040219.172088,decode,2,0,2288,0.0011,0,2,
1784040219.172088,1784040219.178233,decode,2,0,2288,0.0011,0,2,
1784040219.178233,1784040219.184425,decode,2,0,2288,0.0011,0,2,
1784040219.184425,1784040219.190361,decode,2,0,2288,0.0011,0,2,
1784040219.190361,1784040219.196554,decode,2,0,2288,0.0011,0,2,
1784040219.196554,1784040219.202675,decode,2,0,2288,0.0011,0,2,
1784040219.202675,1784040219.208725,decode,2,0,2288,0.0011,0,2,
1784040219.208725,1784040219.215046,decode,2,0,2288,0.0011,0,2,
1784040219.215046,1784040219.221178,decode,2,0,2304,0.0011,0,2,
1784040219.221178,1784040219.227244,decode,2,0,2320,0.0011,0,2,
1784040219.227244,1784040219.233332,decode,2,0,2320,0.0011,0,2,
1784040219.233332,1784040219.239416,decode,2,0,2320,0.0011,0,2,
1784040219.239416,1784040219.245403,decode,2,0,2320,0.0011,0,2,
1784040219.245403,1784040219.251569,decode,2,0,2320,0.0011,0,2,
1784040219.251569,1784040219.257674,decode,2,0,2320,0.0011,0,2,
1784040219.257674,1784040219.263622,decode,2,0,2320,0.0011,0,2,
1784040219.263622,1784040219.269864,decode,2,0,2320,0.0011,0,2,
1784040219.269864,1784040219.276023,decode,2,0,2320,0.0011,0,2,
1784040219.276023,1784040219.282096,decode,2,0,2320,0.0011,0,2,
1784040219.282096,1784040219.288168,decode,2,0,2320,0.0011,0,2,
1784040219.288168,1784040219.294106,decode,2,0,2320,0.0011,0,2,
1784040219.294106,1784040219.300256,decode,2,0,2320,0.0011,0,2,
1784040219.300256,1784040219.306331,decode,1,0,2176,0.0010,0,2,
1784040219.306331,1784040219.313066,decode,0,0,0,0.0000,0,1,
1784040219.313066,1784040219.319883,mixed,1,0,2048,0.0010,2048,1,
1784040219.319883,1784040219.327404,mixed,2,0,2080,0.0010,2048,2,
1784040219.327404,1784040219.333492,decode,2,0,2096,0.0010,0,2,
1784040219.333492,1784040219.339438,decode,2,0,2096,0.0010,0,2,
1784040219.339438,1784040219.345505,decode,2,0,2096,0.0010,0,2,
1784040219.345505,1784040219.351557,decode,2,0,2096,0.0010,0,2,
1784040219.351557,1784040219.357659,decode,2,0,2096,0.0010,0,2,
1784040219.357659,1784040219.363851,decode,2,0,2096,0.0010,0,2,
1784040219.363851,1784040219.369910,decode,2,0,2096,0.0010,0,2,
1784040219.369910,1784040219.376135,decode,2,0,2096,0.0010,0,2,
1784040219.376135,1784040219.382043,decode,2,0,2096,0.0010,0,2,
1784040219.382043,1784040219.388116,decode,2,0,2096,0.0010,0,2,
1784040219.388116,1784040219.394147,decode,2,0,2096,0.0010,0,2,
1784040219.394147,1784040219.400299,decode,2,0,2096,0.0010,0,2,
1784040219.400299,1784040219.406368,decode,2,0,2096,0.0010,0,2,
1784040219.406368,1784040219.412347,decode,2,0,2096,0.0010,0,2,
1784040219.412347,1784040219.418502,decode,2,0,2096,0.0010,0,2,
1784040219.418502,1784040219.424667,decode,2,0,2112,0.0010,0,2,
1784040219.424667,1784040219.430786,decode,2,0,2128,0.0010,0,2,
1784040219.430786,1784040219.436936,decode,2,0,2128,0.0010,0,2,
1784040219.436936,1784040219.442877,decode,2,0,2128,0.0010,0,2,
1784040219.442877,1784040219.449157,decode,2,0,2128,0.0010,0,2,
1784040219.449157,1784040219.455283,decode,2,0,2128,0.0010,0,2,
1784040219.455283,1784040219.461225,decode,2,0,2128,0.0010,0,2,
1784040219.461225,1784040219.467450,decode,2,0,2128,0.0010,0,2,
1784040219.467450,1784040219.473566,decode,2,0,2128,0.0010,0,2,
1784040219.473566,1784040219.479789,decode,2,0,2128,0.0010,0,2,
1784040219.479789,1784040219.485851,decode,2,0,2128,0.0010,0,2,
1784040219.485851,1784040219.491998,decode,2,0,2128,0.0010,0,2,
1784040219.491998,1784040219.498095,decode,2,0,2128,0.0010,0,2,
1784040219.498095,1784040219.504200,decode,2,0,2128,0.0010,0,2,
1784040219.504200,1784040219.510403,decode,2,0,2128,0.0010,0,2,
1784040219.510403,1784040219.516557,decode,2,0,2128,0.0010,0,2,
1784040219.516557,1784040219.522712,decode,2,0,2144,0.0010,0,2,
1784040219.522712,1784040219.528958,decode,2,0,2160,0.0010,0,2,
1784040219.528958,1784040219.535156,decode,2,0,2160,0.0010,0,2,
1784040219.535156,1784040219.541176,decode,2,0,2160,0.0010,0,2,
1784040219.541176,1784040219.547412,decode,2,0,2160,0.0010,0,2,
1784040219.547412,1784040219.553542,decode,2,0,2160,0.0010,0,2,
1784040219.553542,1784040219.559693,decode,2,0,2160,0.0010,0,2,
1784040219.559693,1784040219.565933,decode,2,0,2160,0.0010,0,2,
1784040219.565933,1784040219.572069,decode,2,0,2160,0.0010,0,2,
1784040219.572069,1784040219.578101,decode,2,0,2160,0.0010,0,2,
1784040219.578101,1784040219.584365,decode,2,0,2160,0.0010,0,2,
1784040219.584365,1784040219.590520,decode,2,0,2160,0.0010,0,2,
1784040219.590520,1784040219.596704,decode,2,0,2160,0.0010,0,2,
1784040219.596704,1784040219.602754,decode,2,0,2160,0.0010,0,2,
1784040219.602754,1784040219.609095,decode,2,0,2160,0.0010,0,2,
1784040219.609095,1784040219.615208,decode,2,0,2160,0.0010,0,2,
1784040219.615208,1784040219.621310,decode,2,0,2176,0.0010,0,2,
1784040219.621310,1784040219.627554,decode,2,0,2192,0.0011,0,2,
1784040219.627554,1784040219.633804,decode,2,0,2192,0.0011,0,2,
1784040219.633804,1784040219.639795,decode,2,0,2192,0.0011,0,2,
1784040219.639795,1784040219.646038,decode,2,0,2192,0.0011,0,2,
1784040219.646038,1784040219.652097,decode,2,0,2192,0.0011,0,2,
1784040219.652097,1784040219.658120,decode,2,0,2192,0.0011,0,2,
1784040219.658120,1784040219.664367,decode,2,0,2192,0.0011,0,2,
1784040219.664367,1784040219.670482,decode,2,0,2192,0.0011,0,2,
1784040219.670482,1784040219.676505,decode,2,0,2192,0.0011,0,2,
1784040219.676505,1784040219.682766,decode,2,0,2192,0.0011,0,2,
1784040219.682766,1784040219.688874,decode,2,0,2192,0.0011,0,2,
1784040219.688874,1784040219.695023,decode,2,0,2192,0.0011,0,2,
1784040219.695023,1784040219.701231,decode,2,0,2192,0.0011,0,2,
1784040219.701231,1784040219.707198,decode,2,0,2192,0.0011,0,2,
1784040219.707198,1784040219.713289,decode,2,0,2192,0.0011,0,2,
1784040219.713289,1784040219.719752,decode,2,0,2208,0.0011,0,2,
1784040219.719752,1784040219.725806,decode,2,0,2224,0.0011,0,2,
1784040219.725806,1784040219.732148,decode,2,0,2224,0.0011,0,2,
1784040219.732148,1784040219.738296,decode,2,0,2224,0.0011,0,2,
1784040219.738296,1784040219.744491,decode,2,0,2224,0.0011,0,2,
1784040219.744491,1784040219.750561,decode,2,0,2224,0.0011,0,2,
1784040219.750561,1784040219.756982,decode,2,0,2224,0.0011,0,2,
1784040219.756982,1784040219.763137,decode,2,0,2224,0.0011,0,2,
1784040219.763137,1784040219.769321,decode,2,0,2224,0.0011,0,2,
1784040219.769321,1784040219.775706,decode,2,0,2224,0.0011,0,2,
1784040219.775706,1784040219.781924,decode,2,0,2224,0.0011,0,2,
1784040219.781924,1784040219.788159,decode,2,0,2224,0.0011,0,2,
1784040219.788159,1784040219.794305,decode,2,0,2224,0.0011,0,2,
1784040219.794305,1784040219.800434,decode,2,0,2224,0.0011,0,2,
1784040219.800434,1784040219.806825,decode,2,0,2224,0.0011,0,2,
1784040219.806825,1784040219.813042,decode,2,0,2224,0.0011,0,2,
1784040219.813042,1784040219.819362,decode,2,0,2240,0.0011,0,2,
1784040219.819362,1784040219.825544,decode,2,0,2256,0.0011,0,2,
1784040219.825544,1784040219.831897,decode,2,0,2256,0.0011,0,2,
1784040219.831897,1784040219.838158,decode,2,0,2256,0.0011,0,2,
1784040219.838158,1784040219.844229,decode,2,0,2256,0.0011,0,2,
1784040219.844229,1784040219.850438,decode,2,0,2256,0.0011,0,2,
1784040219.850438,1784040219.856826,decode,2,0,2256,0.0011,0,2,
1784040219.856826,1784040219.862970,decode,2,0,2256,0.0011,0,2,
1784040219.862970,1784040219.869157,decode,2,0,2256,0.0011,0,2,
1784040219.869157,1784040219.875506,decode,2,0,2256,0.0011,0,2,
1784040219.875506,1784040219.881720,decode,2,0,2256,0.0011,0,2,
1784040219.881720,1784040219.887989,decode,2,0,2256,0.0011,0,2,
1784040219.887989,1784040219.894173,decode,2,0,2256,0.0011,0,2,
1784040219.894173,1784040219.900468,decode,2,0,2256,0.0011,0,2,
1784040219.900468,1784040219.906595,decode,2,0,2256,0.0011,0,2,
1784040219.906595,1784040219.912941,decode,2,0,2256,0.0011,0,2,
1784040219.912941,1784040219.919280,decode,2,0,2272,0.0011,0,2,
1784040219.919280,1784040219.925444,decode,2,0,2288,0.0011,0,2,
1784040219.925444,1784040219.931526,decode,2,0,2288,0.0011,0,2,
1784040219.931526,1784040219.937887,decode,2,0,2288,0.0011,0,2,
1784040219.937887,1784040219.944114,decode,2,0,2288,0.0011,0,2,
1784040219.944114,1784040219.950196,decode,2,0,2288,0.0011,0,2,
1784040219.950196,1784040219.956563,decode,2,0,2288,0.0011,0,2,
1784040219.956563,1784040219.962796,decode,2,0,2288,0.0011,0,2,
1784040219.962796,1784040219.968928,decode,2,0,2288,0.0011,0,2,
1784040219.968928,1784040219.975292,decode,2,0,2288,0.0011,0,2,
1784040219.975292,1784040219.981542,decode,2,0,2288,0.0011,0,2,
1784040219.981542,1784040219.987610,decode,2,0,2288,0.0011,0,2,
1784040219.987610,1784040219.993884,decode,2,0,2288,0.0011,0,2,
1784040219.993884,1784040220.000214,decode,2,0,2288,0.0011,0,2,
1784040220.000214,1784040220.006321,decode,2,0,2288,0.0011,0,2,
1784040220.006321,1784040220.012587,decode,2,0,2288,0.0011,0,2,
1784040220.012587,1784040220.018892,decode,2,0,2304,0.0011,0,2,
1784040220.018892,1784040220.025178,decode,2,0,2320,0.0011,0,2,
1784040220.025178,1784040220.031354,decode,2,0,2320,0.0011,0,2,
1784040220.031354,1784040220.037580,decode,2,0,2320,0.0011,0,2,
1784040220.037580,1784040220.043865,decode,2,0,2320,0.0011,0,2,
1784040220.043865,1784040220.050022,decode,2,0,2320,0.0011,0,2,
1784040220.050022,1784040220.056093,decode,2,0,2320,0.0011,0,2,
1784040220.056093,1784040220.062463,decode,2,0,2320,0.0011,0,2,
1784040220.062463,1784040220.068548,decode,2,0,2320,0.0011,0,2,
1784040220.068548,1784040220.074935,decode,2,0,2320,0.0011,0,2,
1784040220.074935,1784040220.081169,decode,2,0,2320,0.0011,0,2,
1784040220.081169,1784040220.087240,decode,2,0,2320,0.0011,0,2,
1784040220.087240,1784040220.093492,decode,2,0,2320,0.0011,0,2,
1784040220.093492,1784040220.099581,decode,2,0,2320,0.0011,0,2,
1784040220.099581,1784040220.105689,decode,1,0,2176,0.0010,0,2,
1784040220.105689,1784040220.112294,decode,0,0,0,0.0000,0,1,
1784040220.112294,1784040220.119004,mixed,1,0,2048,0.0010,2048,1,
1784040220.119004,1784040220.125279,mixed,2,0,2080,0.0010,2048,2,
1784040220.125279,1784040220.131430,decode,2,0,2096,0.0010,0,2,
1784040220.131430,1784040220.137467,decode,2,0,2096,0.0010,0,2,
1784040220.137467,1784040220.143389,decode,2,0,2096,0.0010,0,2,
1784040220.143389,1784040220.149463,decode,2,0,2096,0.0010,0,2,
1784040220.149463,1784040220.155520,decode,2,0,2096,0.0010,0,2,
1784040220.155520,1784040220.161579,decode,2,0,2096,0.0010,0,2,
1784040220.161579,1784040220.167652,decode,2,0,2096,0.0010,0,2,
1784040220.167652,1784040220.173720,decode,2,0,2096,0.0010,0,2,
1784040220.173720,1784040220.179789,decode,2,0,2096,0.0010,0,2,
1784040220.179789,1784040220.186034,decode,2,0,2096,0.0010,0,2,
1784040220.186034,1784040220.192034,decode,2,0,2096,0.0010,0,2,
1784040220.192034,1784040220.198088,decode,2,0,2096,0.0010,0,2,
1784040220.198088,1784040220.204150,decode,2,0,2096,0.0010,0,2,
1784040220.204150,1784040220.210132,decode,2,0,2096,0.0010,0,2,
1784040220.210132,1784040220.216357,decode,2,0,2096,0.0010,0,2,
1784040220.216357,1784040220.222468,decode,2,0,2112,0.0010,0,2,
1784040220.222468,1784040220.228872,decode,2,0,2128,0.0010,0,2,
1784040220.228872,1784040220.235056,decode,2,0,2128,0.0010,0,2,
1784040220.235056,1784040220.240955,decode,2,0,2128,0.0010,0,2,
1784040220.240955,1784040220.247016,decode,2,0,2128,0.0010,0,2,
1784040220.247016,1784040220.253234,decode,2,0,2128,0.0010,0,2,
1784040220.253234,1784040220.259164,decode,2,0,2128,0.0010,0,2,
1784040220.259164,1784040220.265306,decode,2,0,2128,0.0010,0,2,
1784040220.265306,1784040220.271438,decode,2,0,2128,0.0010,0,2,
1784040220.271438,1784040220.277337,decode,2,0,2128,0.0010,0,2,
1784040220.277337,1784040220.283554,decode,2,0,2128,0.0010,0,2,
1784040220.283554,1784040220.289628,decode,2,0,2128,0.0010,0,2,
1784040220.289628,1784040220.295548,decode,2,0,2128,0.0010,0,2,
1784040220.295548,1784040220.301770,decode,2,0,2128,0.0010,0,2,
1784040220.301770,1784040220.307830,decode,2,0,2128,0.0010,0,2,
1784040220.307830,1784040220.313796,decode,2,0,2128,0.0010,0,2,
1784040220.313796,1784040220.320026,decode,2,0,2144,0.0010,0,2,
1784040220.320026,1784040220.326033,decode,2,0,2160,0.0010,0,2,
1784040220.326033,1784040220.332087,decode,2,0,2160,0.0010,0,2,
1784040220.332087,1784040220.338272,decode,2,0,2160,0.0010,0,2,
1784040220.338272,1784040220.344321,decode,2,0,2160,0.0010,0,2,
1784040220.344321,1784040220.350271,decode,2,0,2160,0.0010,0,2,
1784040220.350271,1784040220.356566,decode,2,0,2160,0.0010,0,2,
1784040220.356566,1784040220.362386,decode,2,0,2160,0.0010,0,2,
1784040220.362386,1784040220.368626,decode,2,0,2160,0.0010,0,2,
1784040220.368626,1784040220.374702,decode,2,0,2160,0.0010,0,2,
1784040220.374702,1784040220.380601,decode,2,0,2160,0.0010,0,2,
1784040220.380601,1784040220.386902,decode,2,0,2160,0.0010,0,2,
1784040220.386902,1784040220.392738,decode,2,0,2160,0.0010,0,2,
1784040220.392738,1784040220.398953,decode,2,0,2160,0.0010,0,2,
1784040220.398953,1784040220.405020,decode,2,0,2160,0.0010,0,2,
1784040220.405020,1784040220.410919,decode,2,0,2160,0.0010,0,2,
1784040220.410919,1784040220.417180,decode,2,0,2176,0.0010,0,2,
1784040220.417180,1784040220.423291,decode,2,0,2192,0.0011,0,2,
1784040220.423291,1784040220.429214,decode,2,0,2192,0.0011,0,2,
1784040220.429214,1784040220.435310,decode,2,0,2192,0.0011,0,2,
1784040220.435310,1784040220.441401,decode,2,0,2192,0.0011,0,2,
1784040220.441401,1784040220.447472,decode,2,0,2192,0.0011,0,2,
1784040220.447472,1784040220.453503,decode,2,0,2192,0.0011,0,2,
1784040220.453503,1784040220.459580,decode,2,0,2192,0.0011,0,2,
1784040220.459580,1784040220.465760,decode,2,0,2192,0.0011,0,2,
1784040220.465760,1784040220.471861,decode,2,0,2192,0.0011,0,2,
1784040220.471861,1784040220.477803,decode,2,0,2192,0.0011,0,2,
1784040220.477803,1784040220.484041,decode,2,0,2192,0.0011,0,2,
1784040220.484041,1784040220.490128,decode,2,0,2192,0.0011,0,2,
1784040220.490128,1784040220.496161,decode,2,0,2192,0.0011,0,2,
1784040220.496161,1784040220.502391,decode,2,0,2192,0.0011,0,2,
1784040220.502391,1784040220.508323,decode,2,0,2192,0.0011,0,2,
1784040220.508323,1784040220.514476,decode,2,0,2208,0.0011,0,2,
1784040220.514476,1784040220.520513,decode,2,0,2224,0.0011,0,2,
1784040220.520513,1784040220.526339,decode,2,0,2224,0.0011,0,2,
1784040220.526339,1784040220.532619,decode,2,0,2224,0.0011,0,2,
1784040220.532619,1784040220.538744,decode,2,0,2224,0.0011,0,2,
1784040220.538744,1784040220.544668,decode,2,0,2224,0.0011,0,2,
1784040220.544668,1784040220.550862,decode,2,0,2224,0.0011,0,2,
1784040220.550862,1784040220.556984,decode,2,0,2224,0.0011,0,2,
1784040220.556984,1784040220.562948,decode,2,0,2224,0.0011,0,2,
1784040220.562948,1784040220.569214,decode,2,0,2224,0.0011,0,2,
1784040220.569214,1784040220.575308,decode,2,0,2224,0.0011,0,2,
1784040220.575308,1784040220.581250,decode,2,0,2224,0.0011,0,2,
1784040220.581250,1784040220.587533,decode,2,0,2224,0.0011,0,2,
1784040220.587533,1784040220.593590,decode,2,0,2224,0.0011,0,2,
1784040220.593590,1784040220.599635,decode,2,0,2224,0.0011,0,2,
1784040220.599635,1784040220.605886,decode,2,0,2224,0.0011,0,2,
1784040220.605886,1784040220.612050,decode,2,0,2240,0.0011,0,2,
1784040220.612050,1784040220.618194,decode,2,0,2256,0.0011,0,2,
1784040220.618194,1784040220.624358,decode,2,0,2256,0.0011,0,2,
1784040220.624358,1784040220.630322,decode,2,0,2256,0.0011,0,2,
1784040220.630322,1784040220.636605,decode,2,0,2256,0.0011,0,2,
1784040220.636605,1784040220.642709,decode,2,0,2256,0.0011,0,2,
1784040220.642709,1784040220.648717,decode,2,0,2256,0.0011,0,2,
1784040220.648717,1784040220.654990,decode,2,0,2256,0.0011,0,2,
1784040220.654990,1784040220.661124,decode,2,0,2256,0.0011,0,2,
1784040220.661124,1784040220.667163,decode,2,0,2256,0.0011,0,2,
1784040220.667163,1784040220.673432,decode,2,0,2256,0.0011,0,2,
1784040220.673432,1784040220.679588,decode,2,0,2256,0.0011,0,2,
1784040220.679588,1784040220.685584,decode,2,0,2256,0.0011,0,2,
1784040220.685584,1784040220.691873,decode,2,0,2256,0.0011,0,2,
1784040220.691873,1784040220.697978,decode,2,0,2256,0.0011,0,2,
1784040220.697978,1784040220.704064,decode,2,0,2256,0.0011,0,2,
1784040220.704064,1784040220.710329,decode,2,0,2272,0.0011,0,2,
1784040220.710329,1784040220.716584,decode,2,0,2288,0.0011,0,2,
1784040220.716584,1784040220.722625,decode,2,0,2288,0.0011,0,2,
1784040220.722625,1784040220.728923,decode,2,0,2288,0.0011,0,2,
1784040220.728923,1784040220.735126,decode,2,0,2288,0.0011,0,2,
1784040220.735126,1784040220.741290,decode,2,0,2288,0.0011,0,2,
1784040220.741290,1784040220.747343,decode,2,0,2288,0.0011,0,2,
1784040220.747343,1784040220.753739,decode,2,0,2288,0.0011,0,2,
1784040220.753739,1784040220.759930,decode,2,0,2288,0.0011,0,2,
1784040220.759930,1784040220.766026,decode,2,0,2288,0.0011,0,2,
1784040220.766026,1784040220.772380,decode,2,0,2288,0.0011,0,2,
1784040220.772380,1784040220.778588,decode,2,0,2288,0.0011,0,2,
1784040220.778588,1784040220.784741,decode,2,0,2288,0.0011,0,2,
1784040220.784741,1784040220.791080,decode,2,0,2288,0.0011,0,2,
1784040220.791080,1784040220.797124,decode,2,0,2288,0.0011,0,2,
1784040220.797124,1784040220.803513,decode,2,0,2288,0.0011,0,2,
1784040220.803513,1784040220.809851,decode,2,0,2304,0.0011,0,2,
1784040220.809851,1784040220.816038,decode,2,0,2320,0.0011,0,2,
1784040220.816038,1784040220.822143,decode,2,0,2320,0.0011,0,2,
1784040220.822143,1784040220.828467,decode,2,0,2320,0.0011,0,2,
1784040220.828467,1784040220.834743,decode,2,0,2320,0.0011,0,2,
1784040220.834743,1784040220.840833,decode,2,0,2320,0.0011,0,2,
1784040220.840833,1784040220.847194,decode,2,0,2320,0.0011,0,2,
1784040220.847194,1784040220.853368,decode,2,0,2320,0.0011,0,2,
1784040220.853368,1784040220.859638,decode,2,0,2320,0.0011,0,2,
1784040220.859638,1784040220.865823,decode,2,0,2320,0.0011,0,2,
1784040220.865823,1784040220.871992,decode,2,0,2320,0.0011,0,2,
1784040220.871992,1784040220.878142,decode,2,0,2320,0.0011,0,2,
1784040220.878142,1784040220.884314,decode,2,0,2320,0.0011,0,2,
1784040220.884314,1784040220.890332,decode,2,0,2320,0.0011,0,2,
1784040220.890332,1784040220.896709,decode,1,0,2176,0.0010,0,2,
1784040220.896709,1784040220.903533,decode,0,0,0,0.0000,0,1,
1784040220.903533,1784040220.910392,mixed,1,0,2048,0.0010,2048,1,
1784040220.910392,1784040220.916746,mixed,2,0,2080,0.0010,2048,2,
1784040220.916746,1784040220.922854,decode,2,0,2096,0.0010,0,2,
1784040220.922854,1784040220.928924,decode,2,0,2096,0.0010,0,2,
1784040220.928924,1784040220.935097,decode,2,0,2096,0.0010,0,2,
1784040220.935097,1784040220.941209,decode,2,0,2096,0.0010,0,2,
1784040220.941209,1784040220.947082,decode,2,0,2096,0.0010,0,2,
1784040220.947082,1784040220.953308,decode,2,0,2096,0.0010,0,2,
1784040220.953308,1784040220.959401,decode,2,0,2096,0.0010,0,2,
1784040220.959401,1784040220.965476,decode,2,0,2096,0.0010,0,2,
1784040220.965476,1784040220.971674,decode,2,0,2096,0.0010,0,2,
1784040220.971674,1784040220.977818,decode,2,0,2096,0.0010,0,2,
1784040220.977818,1784040220.983778,decode,2,0,2096,0.0010,0,2,
1784040220.983778,1784040220.990086,decode,2,0,2096,0.0010,0,2,
1784040220.990086,1784040220.996231,decode,2,0,2096,0.0010,0,2,
1784040220.996231,1784040221.002411,decode,2,0,2096,0.0010,0,2,
1784040221.002411,1784040221.008501,decode,2,0,2096,0.0010,0,2,
1784040221.008501,1784040221.014720,decode,2,0,2112,0.0010,0,2,
1784040221.014720,1784040221.020867,decode,2,0,2128,0.0010,0,2,
1784040221.020867,1784040221.026818,decode,2,0,2128,0.0010,0,2,
1784040221.026818,1784040221.033122,decode,2,0,2128,0.0010,0,2,
1784040221.033122,1784040221.039267,decode,2,0,2128,0.0010,0,2,
1784040221.039267,1784040221.045284,decode,2,0,2128,0.0010,0,2,
1784040221.045284,1784040221.051573,decode,2,0,2128,0.0010,0,2,
1784040221.051573,1784040221.057743,decode,2,0,2128,0.0010,0,2,
1784040221.057743,1784040221.063805,decode,2,0,2128,0.0010,0,2,
1784040221.063805,1784040221.070083,decode,2,0,2128,0.0010,0,2,
1784040221.070083,1784040221.076226,decode,2,0,2128,0.0010,0,2,
1784040221.076226,1784040221.082411,decode,2,0,2128,0.0010,0,2,
1784040221.082411,1784040221.088430,decode,2,0,2128,0.0010,0,2,
1784040221.088430,1784040221.094761,decode,2,0,2128,0.0010,0,2,
1784040221.094761,1784040221.100903,decode,2,0,2128,0.0010,0,2,
1784040221.100903,1784040221.107037,decode,2,0,2128,0.0010,0,2,
1784040221.107037,1784040221.113252,decode,2,0,2144,0.0010,0,2,
1784040221.113252,1784040221.119467,decode,2,0,2160,0.0010,0,2,
1784040221.119467,1784040221.125489,decode,2,0,2160,0.0010,0,2,
1784040221.125489,1784040221.131784,decode,2,0,2160,0.0010,0,2,
1784040221.131784,1784040221.137949,decode,2,0,2160,0.0010,0,2,
1784040221.137949,1784040221.144032,decode,2,0,2160,0.0010,0,2,
1784040221.144032,1784040221.150264,decode,2,0,2160,0.0010,0,2,
1784040221.150264,1784040221.156456,decode,2,0,2160,0.0010,0,2,
1784040221.156456,1784040221.162638,decode,2,0,2160,0.0010,0,2,
1784040221.162638,1784040221.168641,decode,2,0,2160,0.0010,0,2,
1784040221.168641,1784040221.174923,decode,2,0,2160,0.0010,0,2,
1784040221.174923,1784040221.181036,decode,2,0,2160,0.0010,0,2,
1784040221.181036,1784040221.187038,decode,2,0,2160,0.0010,0,2,
1784040221.187038,1784040221.193333,decode,2,0,2160,0.0010,0,2,
1784040221.193333,1784040221.199465,decode,2,0,2160,0.0010,0,2,
1784040221.199465,1784040221.205577,decode,2,0,2160,0.0010,0,2,
1784040221.205577,1784040221.211766,decode,2,0,2176,0.0010,0,2,
1784040221.211766,1784040221.217882,decode,2,0,2192,0.0011,0,2,
1784040221.217882,1784040221.223866,decode,2,0,2192,0.0011,0,2,
1784040221.223866,1784040221.230134,decode,2,0,2192,0.0011,0,2,
1784040221.230134,1784040221.236306,decode,2,0,2192,0.0011,0,2,
1784040221.236306,1784040221.242305,decode,2,0,2192,0.0011,0,2,
1784040221.242305,1784040221.248479,decode,2,0,2192,0.0011,0,2,
1784040221.248479,1784040221.254619,decode,2,0,2192,0.0011,0,2,
1784040221.254619,1784040221.260636,decode,2,0,2192,0.0011,0,2,
1784040221.260636,1784040221.266942,decode,2,0,2192,0.0011,0,2,
1784040221.266942,1784040221.273117,decode,2,0,2192,0.0011,0,2,
1784040221.273117,1784040221.279295,decode,2,0,2192,0.0011,0,2,
1784040221.279295,1784040221.285360,decode,2,0,2192,0.0011,0,2,
1784040221.285360,1784040221.291618,decode,2,0,2192,0.0011,0,2,
1784040221.291618,1784040221.297893,decode,2,0,2192,0.0011,0,2,
1784040221.297893,1784040221.304237,decode,2,0,2192,0.0011,0,2,
1784040221.304237,1784040221.310442,decode,2,0,2208,0.0011,0,2,
1784040221.310442,1784040221.316584,decode,2,0,2224,0.0011,0,2,
1784040221.316584,1784040221.322911,decode,2,0,2224,0.0011,0,2,
1784040221.322911,1784040221.329201,decode,2,0,2224,0.0011,0,2,
1784040221.329201,1784040221.335253,decode,2,0,2224,0.0011,0,2,
1784040221.335253,1784040221.341592,decode,2,0,2224,0.0011,0,2,
1784040221.341592,1784040221.347819,decode,2,0,2224,0.0011,0,2,
1784040221.347819,1784040221.353874,decode,2,0,2224,0.0011,0,2,
1784040221.353874,1784040221.360245,decode,2,0,2224,0.0011,0,2,
1784040221.360245,1784040221.366473,decode,2,0,2224,0.0011,0,2,
1784040221.366473,1784040221.372565,decode,2,0,2224,0.0011,0,2,
1784040221.372565,1784040221.378954,decode,2,0,2224,0.0011,0,2,
1784040221.378954,1784040221.385183,decode,2,0,2224,0.0011,0,2,
1784040221.385183,1784040221.391250,decode,2,0,2224,0.0011,0,2,
1784040221.391250,1784040221.397602,decode,2,0,2224,0.0011,0,2,
1784040221.397602,1784040221.403841,decode,2,0,2224,0.0011,0,2,
1784040221.403841,1784040221.410136,decode,2,0,2240,0.0011,0,2,
1784040221.410136,1784040221.416329,decode,2,0,2256,0.0011,0,2,
1784040221.416329,1784040221.422524,decode,2,0,2256,0.0011,0,2,
1784040221.422524,1784040221.428721,decode,2,0,2256,0.0011,0,2,
1784040221.428721,1784040221.435077,decode,2,0,2256,0.0011,0,2,
1784040221.435077,1784040221.441127,decode,2,0,2256,0.0011,0,2,
1784040221.441127,1784040221.447499,decode,2,0,2256,0.0011,0,2,
1784040221.447499,1784040221.453972,decode,2,0,2256,0.0011,0,2,
1784040221.453972,1784040221.459849,decode,2,0,2256,0.0011,0,2,
1784040221.459849,1784040221.466208,decode,2,0,2256,0.0011,0,2,
1784040221.466208,1784040221.472465,decode,2,0,2256,0.0011,0,2,
1784040221.472465,1784040221.478529,decode,2,0,2256,0.0011,0,2,
1784040221.478529,1784040221.484917,decode,2,0,2256,0.0011,0,2,
1784040221.484917,1784040221.491119,decode,2,0,2256,0.0011,0,2,
1784040221.491119,1784040221.497153,decode,2,0,2256,0.0011,0,2,
1784040221.497153,1784040221.503575,decode,2,0,2256,0.0011,0,2,
1784040221.503575,1784040221.509560,decode,2,0,2272,0.0011,0,2,
1784040221.509560,1784040221.516087,decode,2,0,2288,0.0011,0,2,
1784040221.516087,1784040221.522301,decode,2,0,2288,0.0011,0,2,
1784040221.522301,1784040221.528433,decode,2,0,2288,0.0011,0,2,
1784040221.528433,1784040221.534826,decode,2,0,2288,0.0011,0,2,
1784040221.534826,1784040221.541019,decode,2,0,2288,0.0011,0,2,
1784040221.541019,1784040221.547256,decode,2,0,2288,0.0011,0,2,
1784040221.547256,1784040221.553429,decode,2,0,2288,0.0011,0,2,
1784040221.553429,1784040221.559541,decode,2,0,2288,0.0011,0,2,
1784040221.559541,1784040221.565954,decode,2,0,2288,0.0011,0,2,
1784040221.565954,1784040221.572153,decode,2,0,2288,0.0011,0,2,
1784040221.572153,1784040221.578193,decode,2,0,2288,0.0011,0,2,
1784040221.578193,1784040221.584450,decode,2,0,2288,0.0011,0,2,
1784040221.584450,1784040221.590867,decode,2,0,2288,0.0011,0,2,
1784040221.590867,1784040221.597013,decode,2,0,2288,0.0011,0,2,
1784040221.597013,1784040221.603278,decode,2,0,2288,0.0011,0,2,
1784040221.603278,1784040221.609475,decode,2,0,2304,0.0011,0,2,
1784040221.609475,1784040221.615860,decode,2,0,2320,0.0011,0,2,
1784040221.615860,1784040221.621975,decode,2,0,2320,0.0011,0,2,
1784040221.621975,1784040221.628196,decode,2,0,2320,0.0011,0,2,
1784040221.628196,1784040221.634378,decode,2,0,2320,0.0011,0,2,
1784040221.634378,1784040221.640657,decode,2,0,2320,0.0011,0,2,
1784040221.640657,1784040221.646654,decode,2,0,2320,0.0011,0,2,
1784040221.646654,1784040221.653032,decode,2,0,2320,0.0011,0,2,
1784040221.653032,1784040221.659127,decode,2,0,2320,0.0011,0,2,
1784040221.659127,1784040221.665357,decode,2,0,2320,0.0011,0,2,
1784040221.665357,1784040221.671750,decode,2,0,2320,0.0011,0,2,
1784040221.671750,1784040221.677955,decode,2,0,2320,0.0011,0,2,
1784040221.677955,1784040221.684076,decode,2,0,2320,0.0011,0,2,
1784040221.684076,1784040221.690412,decode,2,0,2320,0.0011,0,2,
1784040221.690412,1784040221.696714,decode,1,0,2176,0.0010,0,2,
1784040221.696714,1784040221.703527,decode,0,0,0,0.0000,0,1,
1784040221.703527,1784040221.710497,mixed,1,0,2048,0.0010,2048,1,
1784040221.710497,1784040221.716954,mixed,2,0,2080,0.0010,2048,2,
1784040221.716954,1784040221.723227,decode,2,0,2096,0.0010,0,2,
1784040221.723227,1784040221.729254,decode,2,0,2096,0.0010,0,2,
1784040221.729254,1784040221.735422,decode,2,0,2096,0.0010,0,2,
1784040221.735422,1784040221.741931,decode,2,0,2096,0.0010,0,2,
1784040221.741931,1784040221.747992,decode,2,0,2096,0.0010,0,2,
1784040221.747992,1784040221.754354,decode,2,0,2096,0.0010,0,2,
1784040221.754354,1784040221.759951,decode,2,0,2096,0.0010,0,2,
1784040221.759951,1784040221.766436,decode,2,0,2096,0.0010,0,2,
1784040221.766436,1784040221.772536,decode,2,0,2096,0.0010,0,2,
1784040221.772536,1784040221.778304,decode,2,0,2096,0.0010,0,2,
1784040221.778304,1784040221.784785,decode,2,0,2096,0.0010,0,2,
1784040221.784785,1784040221.790189,decode,2,0,2096,0.0010,0,2,
1784040221.790189,1784040221.796742,decode,2,0,2096,0.0010,0,2,
1784040221.796742,1784040221.802555,decode,2,0,2096,0.0010,0,2,
1784040221.802555,1784040221.808420,decode,2,0,2096,0.0010,0,2,
1784040221.808420,1784040221.814985,decode,2,0,2112,0.0010,0,2,
1784040221.814985,1784040221.820615,decode,2,0,2128,0.0010,0,2,
1784040221.820615,1784040221.827166,decode,2,0,2128,0.0010,0,2,
1784040221.827166,1784040221.833209,decode,2,0,2128,0.0010,0,2,
1784040221.833209,1784040221.838820,decode,2,0,2128,0.0010,0,2,
1784040221.838820,1784040221.845345,decode,2,0,2128,0.0010,0,2,
1784040221.845345,1784040221.850945,decode,2,0,2128,0.0010,0,2,
1784040221.850945,1784040221.857477,decode,2,0,2128,0.0010,0,2,
1784040221.857477,1784040221.863394,decode,2,0,2128,0.0010,0,2,
1784040221.863394,1784040221.869285,decode,2,0,2128,0.0010,0,2,
1784040221.869285,1784040221.875571,decode,2,0,2128,0.0010,0,2,
1784040221.875571,1784040221.881154,decode,2,0,2128,0.0010,0,2,
1784040221.881154,1784040221.887587,decode,2,0,2128,0.0010,0,2,
1784040221.887587,1784040221.893491,decode,2,0,2128,0.0010,0,2,
1784040221.893491,1784040221.899381,decode,2,0,2128,0.0010,0,2,
1784040221.899381,1784040221.905952,decode,2,0,2128,0.0010,0,2,
1784040221.905952,1784040221.911563,decode,2,0,2144,0.0010,0,2,
1784040221.911563,1784040221.917862,decode,2,0,2160,0.0010,0,2,
1784040221.917862,1784040221.924152,decode,2,0,2160,0.0010,0,2,
1784040221.924152,1784040221.929721,decode,2,0,2160,0.0010,0,2,
1784040221.929721,1784040221.936251,decode,2,0,2160,0.0010,0,2,
1784040221.936251,1784040221.941837,decode,2,0,2160,0.0010,0,2,
1784040221.941837,1784040221.948335,decode,2,0,2160,0.0010,0,2,
1784040221.948335,1784040221.953987,decode,2,0,2160,0.0010,0,2,
1784040221.953987,1784040221.960140,decode,2,0,2160,0.0010,0,2,
1784040221.960140,1784040221.966468,decode,2,0,2160,0.0010,0,2,
1784040221.966468,1784040221.972132,decode,2,0,2160,0.0010,0,2,
1784040221.972132,1784040221.978646,decode,2,0,2160,0.0010,0,2,
1784040221.978646,1784040221.984185,decode,2,0,2160,0.0010,0,2,
1784040221.984185,1784040221.990587,decode,2,0,2160,0.0010,0,2,
1784040221.990587,1784040221.996966,decode,2,0,2160,0.0010,0,2,
1784040221.996966,1784040222.002497,decode,2,0,2160,0.0010,0,2,
1784040222.002497,1784040222.009171,decode,2,0,2176,0.0010,0,2,
1784040222.009171,1784040222.015260,decode,2,0,2192,0.0011,0,2,
1784040222.015260,1784040222.020809,decode,2,0,2192,0.0011,0,2,
1784040222.020809,1784040222.027334,decode,2,0,2192,0.0011,0,2,
1784040222.027334,1784040222.032992,decode,2,0,2192,0.0011,0,2,
1784040222.032992,1784040222.039497,decode,2,0,2192,0.0011,0,2,
1784040222.039497,1784040222.045436,decode,2,0,2192,0.0011,0,2,
1784040222.045436,1784040222.051293,decode,2,0,2192,0.0011,0,2,
1784040222.051293,1784040222.057206,decode,2,0,2192,0.0011,0,2,
1784040222.057206,1784040222.063465,decode,2,0,2192,0.0011,0,2,
1784040222.063465,1784040222.069726,decode,2,0,2192,0.0011,0,2,
1784040222.069726,1784040222.075596,decode,2,0,2192,0.0011,0,2,
1784040222.075596,1784040222.081508,decode,2,0,2192,0.0011,0,2,
1784040222.081508,1784040222.087730,decode,2,0,2192,0.0011,0,2,
1784040222.087730,1784040222.093791,decode,2,0,2192,0.0011,0,2,
1784040222.093791,1784040222.099928,decode,2,0,2192,0.0011,0,2,
1784040222.099928,1784040222.106105,decode,2,0,2208,0.0011,0,2,
1784040222.106105,1784040222.112195,decode,2,0,2224,0.0011,0,2,
1784040222.112195,1784040222.118239,decode,2,0,2224,0.0011,0,2,
1784040222.118239,1784040222.124171,decode,2,0,2224,0.0011,0,2,
1784040222.124171,1784040222.130372,decode,2,0,2224,0.0011,0,2,
1784040222.130372,1784040222.136475,decode,2,0,2224,0.0011,0,2,
1784040222.136475,1784040222.142420,decode,2,0,2224,0.0011,0,2,
1784040222.142420,1784040222.148713,decode,2,0,2224,0.0011,0,2,
1784040222.148713,1784040222.154855,decode,2,0,2224,0.0011,0,2,
1784040222.154855,1784040222.160755,decode,2,0,2224,0.0011,0,2,
1784040222.160755,1784040222.166862,decode,2,0,2224,0.0011,0,2,
1784040222.166862,1784040222.173134,decode,2,0,2224,0.0011,0,2,
1784040222.173134,1784040222.179110,decode,2,0,2224,0.0011,0,2,
1784040222.179110,1784040222.185062,decode,2,0,2224,0.0011,0,2,
1784040222.185062,1784040222.191243,decode,2,0,2224,0.0011,0,2,
1784040222.191243,1784040222.197174,decode,2,0,2224,0.0011,0,2,
1784040222.197174,1784040222.203261,decode,2,0,2240,0.0011,0,2,
1784040222.203261,1784040222.209860,decode,2,0,2256,0.0011,0,2,
1784040222.209860,1784040222.215844,decode,2,0,2256,0.0011,0,2,
1784040222.215844,1784040222.221452,decode,2,0,2256,0.0011,0,2,
1784040222.221452,1784040222.227994,decode,2,0,2256,0.0011,0,2,
1784040222.227994,1784040222.233698,decode,2,0,2256,0.0011,0,2,
1784040222.233698,1784040222.240222,decode,2,0,2256,0.0011,0,2,
1784040222.240222,1784040222.246326,decode,2,0,2256,0.0011,0,2,
1784040222.246326,1784040222.251952,decode,2,0,2256,0.0011,0,2,
1784040222.251952,1784040222.258227,decode,2,0,2256,0.0011,0,2,
1784040222.258227,1784040222.264111,decode,2,0,2256,0.0011,0,2,
1784040222.264111,1784040222.270661,decode,2,0,2256,0.0011,0,2,
1784040222.270661,1784040222.276404,decode,2,0,2256,0.0011,0,2,
1784040222.276404,1784040222.282443,decode,2,0,2256,0.0011,0,2,
1784040222.282443,1784040222.288666,decode,2,0,2256,0.0011,0,2,
1784040222.288666,1784040222.294649,decode,2,0,2256,0.0011,0,2,
1784040222.294649,1784040222.300826,decode,2,0,2272,0.0011,0,2,
1784040222.300826,1784040222.307117,decode,2,0,2288,0.0011,0,2,
1784040222.307117,1784040222.313012,decode,2,0,2288,0.0011,0,2,
1784040222.313012,1784040222.319441,decode,2,0,2288,0.0011,0,2,
1784040222.319441,1784040222.325370,decode,2,0,2288,0.0011,0,2,
1784040222.325370,1784040222.331553,decode,2,0,2288,0.0011,0,2,
1784040222.331553,1784040222.337517,decode,2,0,2288,0.0011,0,2,
1784040222.337517,1784040222.343482,decode,2,0,2288,0.0011,0,2,
1784040222.343482,1784040222.349602,decode,2,0,2288,0.0011,0,2,
1784040222.349602,1784040222.355723,decode,2,0,2288,0.0011,0,2,
1784040222.355723,1784040222.361997,decode,2,0,2288,0.0011,0,2,
1784040222.361997,1784040222.368100,decode,2,0,2288,0.0011,0,2,
1784040222.368100,1784040222.374121,decode,2,0,2288,0.0011,0,2,
1784040222.374121,1784040222.380467,decode,2,0,2288,0.0011,0,2,
1784040222.380467,1784040222.386544,decode,2,0,2288,0.0011,0,2,
1784040222.386544,1784040222.392655,decode,2,0,2288,0.0011,0,2,
1784040222.392655,1784040222.398937,decode,2,0,2304,0.0011,0,2,
1784040222.398937,1784040222.404990,decode,2,0,2320,0.0011,0,2,
1784040222.404990,1784040222.411163,decode,2,0,2320,0.0011,0,2,
1784040222.411163,1784040222.417279,decode,2,0,2320,0.0011,0,2,
1784040222.417279,1784040222.423376,decode,2,0,2320,0.0011,0,2,
1784040222.423376,1784040222.429488,decode,2,0,2320,0.0011,0,2,
1784040222.429488,1784040222.435496,decode,2,0,2320,0.0011,0,2,
1784040222.435496,1784040222.441776,decode,2,0,2320,0.0011,0,2,
1784040222.441776,1784040222.447884,decode,2,0,2320,0.0011,0,2,
1784040222.447884,1784040222.454098,decode,2,0,2320,0.0011,0,2,
1784040222.454098,1784040222.460042,decode,2,0,2320,0.0011,0,2,
1784040222.460042,1784040222.466177,decode,2,0,2320,0.0011,0,2,
1784040222.466177,1784040222.472508,decode,2,0,2320,0.0011,0,2,
1784040222.472508,1784040222.478677,decode,2,0,2320,0.0011,0,2,
1784040222.478677,1784040222.484791,decode,1,0,2176,0.0010,0,2,
1784040222.484791,1784040222.491566,decode,0,0,0,0.0000,0,1,
1784040222.491566,1784040222.498632,mixed,1,0,2048,0.0010,2048,1,
1784040222.498632,1784040222.505092,mixed,2,0,2080,0.0010,2048,2,
1784040222.505092,1784040222.511223,decode,2,0,2096,0.0010,0,2,
1784040222.511223,1784040222.517595,decode,2,0,2096,0.0010,0,2,
1784040222.517595,1784040222.523821,decode,2,0,2096,0.0010,0,2,
1784040222.523821,1784040222.529864,decode,2,0,2096,0.0010,0,2,
1784040222.529864,1784040222.536260,decode,2,0,2096,0.0010,0,2,
1784040222.536260,1784040222.542415,decode,2,0,2096,0.0010,0,2,
1784040222.542415,1784040222.548462,decode,2,0,2096,0.0010,0,2,
1784040222.548462,1784040222.554854,decode,2,0,2096,0.0010,0,2,
1784040222.554854,1784040222.561038,decode,2,0,2096,0.0010,0,2,
1784040222.561038,1784040222.567286,decode,2,0,2096,0.0010,0,2,
1784040222.567286,1784040222.573523,decode,2,0,2096,0.0010,0,2,
1784040222.573523,1784040222.579561,decode,2,0,2096,0.0010,0,2,
1784040222.579561,1784040222.585707,decode,2,0,2096,0.0010,0,2,
1784040222.585707,1784040222.591922,decode,2,0,2096,0.0010,0,2,
1784040222.591922,1784040222.597944,decode,2,0,2096,0.0010,0,2,
1784040222.597944,1784040222.604082,decode,2,0,2112,0.0010,0,2,
1784040222.604082,1784040222.610005,decode,2,0,2128,0.0010,0,2,
1784040222.610005,1784040222.616277,decode,2,0,2128,0.0010,0,2,
1784040222.616277,1784040222.622145,decode,2,0,2128,0.0010,0,2,
1784040222.622145,1784040222.628376,decode,2,0,2128,0.0010,0,2,
1784040222.628376,1784040222.634419,decode,2,0,2128,0.0010,0,2,
1784040222.634419,1784040222.640276,decode,2,0,2128,0.0010,0,2,
1784040222.640276,1784040222.646553,decode,2,0,2128,0.0010,0,2,
1784040222.646553,1784040222.652583,decode,2,0,2128,0.0010,0,2,
1784040222.652583,1784040222.658669,decode,2,0,2128,0.0010,0,2,
1784040222.658669,1784040222.664746,decode,2,0,2128,0.0010,0,2,
1784040222.664746,1784040222.670837,decode,2,0,2128,0.0010,0,2,
1784040222.670837,1784040222.676904,decode,2,0,2128,0.0010,0,2,
1784040222.676904,1784040222.682996,decode,2,0,2128,0.0010,0,2,
1784040222.682996,1784040222.689092,decode,2,0,2128,0.0010,0,2,
1784040222.689092,1784040222.695216,decode,2,0,2128,0.0010,0,2,
1784040222.695216,1784040222.701194,decode,2,0,2144,0.0010,0,2,
1784040222.701194,1784040222.707241,decode,2,0,2160,0.0010,0,2,
1784040222.707241,1784040222.713335,decode,2,0,2160,0.0010,0,2,
1784040222.713335,1784040222.719588,decode,2,0,2160,0.0010,0,2,
1784040222.719588,1784040222.725694,decode,2,0,2160,0.0010,0,2,
1784040222.725694,1784040222.731633,decode,2,0,2160,0.0010,0,2,
1784040222.731633,1784040222.737731,decode,2,0,2160,0.0010,0,2,
1784040222.737731,1784040222.743959,decode,2,0,2160,0.0010,0,2,
1784040222.743959,1784040222.749909,decode,2,0,2160,0.0010,0,2,
1784040222.749909,1784040222.756173,decode,2,0,2160,0.0010,0,2,
1784040222.756173,1784040222.762214,decode,2,0,2160,0.0010,0,2,
1784040222.762214,1784040222.768300,decode,2,0,2160,0.0010,0,2,
1784040222.768300,1784040222.774441,decode,2,0,2160,0.0010,0,2,
1784040222.774441,1784040222.780547,decode,2,0,2160,0.0010,0,2,
1784040222.780547,1784040222.786494,decode,2,0,2160,0.0010,0,2,
1784040222.786494,1784040222.792641,decode,2,0,2160,0.0010,0,2,
1784040222.792641,1784040222.798781,decode,2,0,2176,0.0010,0,2,
1784040222.798781,1784040222.805058,decode,2,0,2192,0.0011,0,2,
1784040222.805058,1784040222.811120,decode,2,0,2192,0.0011,0,2,
1784040222.811120,1784040222.817049,decode,2,0,2192,0.0011,0,2,
1784040222.817049,1784040222.823218,decode,2,0,2192,0.0011,0,2,
1784040222.823218,1784040222.829414,decode,2,0,2192,0.0011,0,2,
1784040222.829414,1784040222.835497,decode,2,0,2192,0.0011,0,2,
1784040222.835497,1784040222.841610,decode,2,0,2192,0.0011,0,2,
1784040222.841610,1784040222.847735,decode,2,0,2192,0.0011,0,2,
1784040222.847735,1784040222.853667,decode,2,0,2192,0.0011,0,2,
1784040222.853667,1784040222.859937,decode,2,0,2192,0.0011,0,2,
1784040222.859937,1784040222.866036,decode,2,0,2192,0.0011,0,2,
1784040222.866036,1784040222.872083,decode,2,0,2192,0.0011,0,2,
1784040222.872083,1784040222.878320,decode,2,0,2192,0.0011,0,2,
1784040222.878320,1784040222.884411,decode,2,0,2192,0.0011,0,2,
1784040222.884411,1784040222.890534,decode,2,0,2192,0.0011,0,2,
1784040222.890534,1784040222.896707,decode,2,0,2208,0.0011,0,2,
1784040222.896707,1784040222.902767,decode,2,0,2224,0.0011,0,2,
1784040222.902767,1784040222.908970,decode,2,0,2224,0.0011,0,2,
1784040222.908970,1784040222.915120,decode,2,0,2224,0.0011,0,2,
1784040222.915120,1784040222.921200,decode,2,0,2224,0.0011,0,2,
1784040222.921200,1784040222.927327,decode,2,0,2224,0.0011,0,2,
1784040222.927327,1784040222.933456,decode,2,0,2224,0.0011,0,2,
1784040222.933456,1784040222.939528,decode,2,0,2224,0.0011,0,2,
1784040222.939528,1784040222.945669,decode,2,0,2224,0.0011,0,2,
1784040222.945669,1784040222.951793,decode,2,0,2224,0.0011,0,2,
1784040222.951793,1784040222.957883,decode,2,0,2224,0.0011,0,2,
1784040222.957883,1784040222.963896,decode,2,0,2224,0.0011,0,2,
1784040222.963896,1784040222.970105,decode,2,0,2224,0.0011,0,2,
1784040222.970105,1784040222.976223,decode,2,0,2224,0.0011,0,2,
1784040222.976223,1784040222.982360,decode,2,0,2224,0.0011,0,2,
1784040222.982360,1784040222.988442,decode,2,0,2224,0.0011,0,2,
1784040222.988442,1784040222.994599,decode,2,0,2240,0.0011,0,2,
1784040222.994599,1784040223.000700,decode,2,0,2256,0.0011,0,2,
1784040223.000700,1784040223.006770,decode,2,0,2256,0.0011,0,2,
1784040223.006770,1784040223.012851,decode,2,0,2256,0.0011,0,2,
1784040223.012851,1784040223.019022,decode,2,0,2256,0.0011,0,2,
1784040223.019022,1784040223.024947,decode,2,0,2256,0.0011,0,2,
1784040223.024947,1784040223.031092,decode,2,0,2256,0.0011,0,2,
1784040223.031092,1784040223.037353,decode,2,0,2256,0.0011,0,2,
1784040223.037353,1784040223.043188,decode,2,0,2256,0.0011,0,2,
1784040223.043188,1784040223.049385,decode,2,0,2256,0.0011,0,2,
1784040223.049385,1784040223.055488,decode,2,0,2256,0.0011,0,2,
1784040223.055488,1784040223.061592,decode,2,0,2256,0.0011,0,2,
1784040223.061592,1784040223.067702,decode,2,0,2256,0.0011,0,2,
1784040223.067702,1784040223.073913,decode,2,0,2256,0.0011,0,2,
1784040223.073913,1784040223.079908,decode,2,0,2256,0.0011,0,2,
1784040223.079908,1784040223.085999,decode,2,0,2256,0.0011,0,2,
1784040223.085999,1784040223.092083,decode,2,0,2272,0.0011,0,2,
1784040223.092083,1784040223.098229,decode,2,0,2288,0.0011,0,2,
1784040223.098229,1784040223.104331,decode,2,0,2288,0.0011,0,2,
1784040223.104331,1784040223.110423,decode,2,0,2288,0.0011,0,2,
1784040223.110423,1784040223.116508,decode,2,0,2288,0.0011,0,2,
1784040223.116508,1784040223.122620,decode,2,0,2288,0.0011,0,2,
1784040223.122620,1784040223.128712,decode,2,0,2288,0.0011,0,2,
1784040223.128712,1784040223.134811,decode,2,0,2288,0.0011,0,2,
1784040223.134811,1784040223.140907,decode,2,0,2288,0.0011,0,2,
1784040223.140907,1784040223.147062,decode,2,0,2288,0.0011,0,2,
1784040223.147062,1784040223.153087,decode,2,0,2288,0.0011,0,2,
1784040223.153087,1784040223.159193,decode,2,0,2288,0.0011,0,2,
1784040223.159193,1784040223.165296,decode,2,0,2288,0.0011,0,2,
1784040223.165296,1784040223.171381,decode,2,0,2288,0.0011,0,2,
1784040223.171381,1784040223.177517,decode,2,0,2288,0.0011,0,2,
1784040223.177517,1784040223.183583,decode,2,0,2288,0.0011,0,2,
1784040223.183583,1784040223.189697,decode,2,0,2304,0.0011,0,2,
1784040223.189697,1784040223.195837,decode,2,0,2320,0.0011,0,2,
1784040223.195837,1784040223.201941,decode,2,0,2320,0.0011,0,2,
1784040223.201941,1784040223.208071,decode,2,0,2320,0.0011,0,2,
1784040223.208071,1784040223.214138,decode,2,0,2320,0.0011,0,2,
1784040223.214138,1784040223.220311,decode,2,0,2320,0.0011,0,2,
1784040223.220311,1784040223.226346,decode,2,0,2320,0.0011,0,2,
1784040223.226346,1784040223.232445,decode,2,0,2320,0.0011,0,2,
1784040223.232445,1784040223.238621,decode,2,0,2320,0.0011,0,2,
1784040223.238621,1784040223.244771,decode,2,0,2320,0.0011,0,2,
1784040223.244771,1784040223.250872,decode,2,0,2320,0.0011,0,2,
1784040223.250872,1784040223.257006,decode,2,0,2320,0.0011,0,2,
1784040223.257006,1784040223.263130,decode,2,0,2320,0.0011,0,2,
1784040223.263130,1784040223.269278,decode,2,0,2320,0.0011,0,2,
1784040223.269278,1784040223.275421,decode,1,0,2176,0.0010,0,2,
1784040223.275421,1784040223.282186,decode,0,0,0,0.0000,0,1,
1784040223.282186,1784040223.289136,mixed,1,0,2048,0.0010,2048,1,
1784040223.289136,1784040223.295648,mixed,2,0,2080,0.0010,2048,2,
1784040223.295648,1784040223.302194,decode,2,0,2096,0.0010,0,2,
1784040223.302194,1784040223.308644,decode,2,0,2096,0.0010,0,2,
1784040223.308644,1784040223.314624,decode,2,0,2096,0.0010,0,2,
1784040223.314624,1784040223.320867,decode,2,0,2096,0.0010,0,2,
1784040223.320867,1784040223.326948,decode,2,0,2096,0.0010,0,2,
1784040223.326948,1784040223.333071,decode,2,0,2096,0.0010,0,2,
1784040223.333071,1784040223.339169,decode,2,0,2096,0.0010,0,2,
1784040223.339169,1784040223.345273,decode,2,0,2096,0.0010,0,2,
1784040223.345273,1784040223.351411,decode,2,0,2096,0.0010,0,2,
1784040223.351411,1784040223.357422,decode,2,0,2096,0.0010,0,2,
1784040223.357422,1784040223.363528,decode,2,0,2096,0.0010,0,2,
1784040223.363528,1784040223.369629,decode,2,0,2096,0.0010,0,2,
1784040223.369629,1784040223.375739,decode,2,0,2096,0.0010,0,2,
1784040223.375739,1784040223.381860,decode,2,0,2096,0.0010,0,2,
1784040223.381860,1784040223.387974,decode,2,0,2096,0.0010,0,2,
1784040223.387974,1784040223.394062,decode,2,0,2112,0.0010,0,2,
1784040223.394062,1784040223.400133,decode,2,0,2128,0.0010,0,2,
1784040223.400133,1784040223.406230,decode,2,0,2128,0.0010,0,2,
1784040223.406230,1784040223.412379,decode,2,0,2128,0.0010,0,2,
1784040223.412379,1784040223.418412,decode,2,0,2128,0.0010,0,2,
1784040223.418412,1784040223.424481,decode,2,0,2128,0.0010,0,2,
1784040223.424481,1784040223.430552,decode,2,0,2128,0.0010,0,2,
1784040223.430552,1784040223.436663,decode,2,0,2128,0.0010,0,2,
1784040223.436663,1784040223.442769,decode,2,0,2128,0.0010,0,2,
1784040223.442769,1784040223.448876,decode,2,0,2128,0.0010,0,2,
1784040223.448876,1784040223.454975,decode,2,0,2128,0.0010,0,2,
1784040223.454975,1784040223.461071,decode,2,0,2128,0.0010,0,2,
1784040223.461071,1784040223.467219,decode,2,0,2128,0.0010,0,2,
1784040223.467219,1784040223.473182,decode,2,0,2128,0.0010,0,2,
1784040223.473182,1784040223.479552,decode,2,0,2128,0.0010,0,2,
1784040223.479552,1784040223.485653,decode,2,0,2128,0.0010,0,2,
1784040223.485653,1784040223.491873,decode,2,0,2144,0.0010,0,2,
1784040223.491873,1784040223.498045,decode,2,0,2160,0.0010,0,2,
1784040223.498045,1784040223.504194,decode,2,0,2160,0.0010,0,2,
1784040223.504194,1784040223.510383,decode,2,0,2160,0.0010,0,2,
1784040223.510383,1784040223.516520,decode,2,0,2160,0.0010,0,2,
1784040223.516520,1784040223.522724,decode,2,0,2160,0.0010,0,2,
1784040223.522724,1784040223.528986,decode,2,0,2160,0.0010,0,2,
1784040223.528986,1784040223.535057,decode,2,0,2160,0.0010,0,2,
1784040223.535057,1784040223.541231,decode,2,0,2160,0.0010,0,2,
1784040223.541231,1784040223.547363,decode,2,0,2160,0.0010,0,2,
1784040223.547363,1784040223.553486,decode,2,0,2160,0.0010,0,2,
1784040223.553486,1784040223.559720,decode,2,0,2160,0.0010,0,2,
1784040223.559720,1784040223.565894,decode,2,0,2160,0.0010,0,2,
1784040223.565894,1784040223.572072,decode,2,0,2160,0.0010,0,2,
1784040223.572072,1784040223.578228,decode,2,0,2160,0.0010,0,2,
1784040223.578228,1784040223.584480,decode,2,0,2160,0.0010,0,2,
1784040223.584480,1784040223.590643,decode,2,0,2176,0.0010,0,2,
1784040223.590643,1784040223.596878,decode,2,0,2192,0.0011,0,2,
1784040223.596878,1784040223.603113,decode,2,0,2192,0.0011,0,2,
1784040223.603113,1784040223.609261,decode,2,0,2192,0.0011,0,2,
1784040223.609261,1784040223.615732,decode,2,0,2192,0.0011,0,2,
1784040223.615732,1784040223.621752,decode,2,0,2192,0.0011,0,2,
1784040223.621752,1784040223.628186,decode,2,0,2192,0.0011,0,2,
1784040223.628186,1784040223.634201,decode,2,0,2192,0.0011,0,2,
1784040223.634201,1784040223.640347,decode,2,0,2192,0.0011,0,2,
1784040223.640347,1784040223.646932,decode,2,0,2192,0.0011,0,2,
1784040223.646932,1784040223.652769,decode,2,0,2192,0.0011,0,2,
1784040223.652769,1784040223.659257,decode,2,0,2192,0.0011,0,2,
1784040223.659257,1784040223.665312,decode,2,0,2192,0.0011,0,2,
1784040223.665312,1784040223.671322,decode,2,0,2192,0.0011,0,2,
1784040223.671322,1784040223.677447,decode,2,0,2192,0.0011,0,2,
1784040223.677447,1784040223.683776,decode,2,0,2192,0.0011,0,2,
1784040223.683776,1784040223.690017,decode,2,0,2208,0.0011,0,2,
1784040223.690017,1784040223.696206,decode,2,0,2224,0.0011,0,2,
1784040223.696206,1784040223.702675,decode,2,0,2224,0.0011,0,2,
1784040223.702675,1784040223.708851,decode,2,0,2224,0.0011,0,2,
1784040223.708851,1784040223.714772,decode,2,0,2224,0.0011,0,2,
1784040223.714772,1784040223.721173,decode,2,0,2224,0.0011,0,2,
1784040223.721173,1784040223.727366,decode,2,0,2224,0.0011,0,2,
1784040223.727366,1784040223.733790,decode,2,0,2224,0.0011,0,2,
1784040223.733790,1784040223.739579,decode,2,0,2224,0.0011,0,2,
1784040223.739579,1784040223.745794,decode,2,0,2224,0.0011,0,2,
1784040223.745794,1784040223.751953,decode,2,0,2224,0.0011,0,2,
1784040223.751953,1784040223.758197,decode,2,0,2224,0.0011,0,2,
1784040223.758197,1784040223.764364,decode,2,0,2224,0.0011,0,2,
1784040223.764364,1784040223.770535,decode,2,0,2224,0.0011,0,2,
1784040223.770535,1784040223.776878,decode,2,0,2224,0.0011,0,2,
1784040223.776878,1784040223.782835,decode,2,0,2224,0.0011,0,2,
1784040223.782835,1784040223.788953,decode,2,0,2240,0.0011,0,2,
1784040223.788953,1784040223.795060,decode,2,0,2256,0.0011,0,2,
1784040223.795060,1784040223.801092,decode,2,0,2256,0.0011,0,2,
1784040223.801092,1784040223.807144,decode,2,0,2256,0.0011,0,2,
1784040223.807144,1784040223.813205,decode,2,0,2256,0.0011,0,2,
1784040223.813205,1784040223.819222,decode,2,0,2256,0.0011,0,2,
1784040223.819222,1784040223.825292,decode,2,0,2256,0.0011,0,2,
1784040223.825292,1784040223.831318,decode,2,0,2256,0.0011,0,2,
1784040223.831318,1784040223.837349,decode,2,0,2256,0.0011,0,2,
1784040223.837349,1784040223.843436,decode,2,0,2256,0.0011,0,2,
1784040223.843436,1784040223.849430,decode,2,0,2256,0.0011,0,2,
1784040223.849430,1784040223.855482,decode,2,0,2256,0.0011,0,2,
1784040223.855482,1784040223.861576,decode,2,0,2256,0.0011,0,2,
1784040223.861576,1784040223.867558,decode,2,0,2256,0.0011,0,2,
1784040223.867558,1784040223.873646,decode,2,0,2256,0.0011,0,2,
1784040223.873646,1784040223.879665,decode,2,0,2256,0.0011,0,2,
1784040223.879665,1784040223.885773,decode,2,0,2272,0.0011,0,2,
1784040223.885773,1784040223.891835,decode,2,0,2288,0.0011,0,2,
1784040223.891835,1784040223.897886,decode,2,0,2288,0.0011,0,2,
1784040223.897886,1784040223.903838,decode,2,0,2288,0.0011,0,2,
1784040223.903838,1784040223.910055,decode,2,0,2288,0.0011,0,2,
1784040223.910055,1784040223.916076,decode,2,0,2288,0.0011,0,2,
1784040223.916076,1784040223.922183,decode,2,0,2288,0.0011,0,2,
1784040223.922183,1784040223.928186,decode,2,0,2288,0.0011,0,2,
1784040223.928186,1784040223.934223,decode,2,0,2288,0.0011,0,2,
1784040223.934223,1784040223.940259,decode,2,0,2288,0.0011,0,2,
1784040223.940259,1784040223.946304,decode,2,0,2288,0.0011,0,2,
1784040223.946304,1784040223.952376,decode,2,0,2288,0.0011,0,2,
1784040223.952376,1784040223.958459,decode,2,0,2288,0.0011,0,2,
1784040223.958459,1784040223.964470,decode,2,0,2288,0.0011,0,2,
1784040223.964470,1784040223.970584,decode,2,0,2288,0.0011,0,2,
1784040223.970584,1784040223.976571,decode,2,0,2288,0.0011,0,2,
1784040223.976571,1784040223.982712,decode,2,0,2304,0.0011,0,2,
1784040223.982712,1784040223.988767,decode,2,0,2320,0.0011,0,2,
1784040223.988767,1784040223.994817,decode,2,0,2320,0.0011,0,2,
1784040223.994817,1784040224.000852,decode,2,0,2320,0.0011,0,2,
1784040224.000852,1784040224.006824,decode,2,0,2320,0.0011,0,2,
1784040224.006824,1784040224.013102,decode,2,0,2320,0.0011,0,2,
1784040224.013102,1784040224.019125,decode,2,0,2320,0.0011,0,2,
1784040224.019125,1784040224.025196,decode,2,0,2320,0.0011,0,2,
1784040224.025196,1784040224.031278,decode,2,0,2320,0.0011,0,2,
1784040224.031278,1784040224.037318,decode,2,0,2320,0.0011,0,2,
1784040224.037318,1784040224.043340,decode,2,0,2320,0.0011,0,2,
1784040224.043340,1784040224.049415,decode,2,0,2320,0.0011,0,2,
1784040224.049415,1784040224.055469,decode,2,0,2320,0.0011,0,2,
1784040224.055469,1784040224.061558,decode,2,0,2320,0.0011,0,2,
1784040224.061558,1784040224.067695,decode,1,0,2176,0.0010,0,2,
1784040224.067695,1784040224.074369,decode,0,0,0,0.0000,0,1,
1784040224.074369,1784040224.081062,mixed,1,0,2048,0.0010,2048,1,
1784040224.081062,1784040224.087314,mixed,2,0,2080,0.0010,2048,2,
1784040224.087314,1784040224.093464,decode,2,0,2096,0.0010,0,2,
1784040224.093464,1784040224.099525,decode,2,0,2096,0.0010,0,2,
1784040224.099525,1784040224.105627,decode,2,0,2096,0.0010,0,2,
1784040224.105627,1784040224.111629,decode,2,0,2096,0.0010,0,2,
1784040224.111629,1784040224.117676,decode,2,0,2096,0.0010,0,2,
1784040224.117676,1784040224.123969,decode,2,0,2096,0.0010,0,2,
1784040224.123969,1784040224.129845,decode,2,0,2096,0.0010,0,2,
1784040224.129845,1784040224.135890,decode,2,0,2096,0.0010,0,2,
1784040224.135890,1784040224.141920,decode,2,0,2096,0.0010,0,2,
1784040224.141920,1784040224.147965,decode,2,0,2096,0.0010,0,2,
1784040224.147965,1784040224.153941,decode,2,0,2096,0.0010,0,2,
1784040224.153941,1784040224.160085,decode,2,0,2096,0.0010,0,2,
1784040224.160085,1784040224.166116,decode,2,0,2096,0.0010,0,2,
1784040224.166116,1784040224.172231,decode,2,0,2096,0.0010,0,2,
1784040224.172231,1784040224.178334,decode,2,0,2096,0.0010,0,2,
1784040224.178334,1784040224.184482,decode,2,0,2112,0.0010,0,2,
1784040224.184482,1784040224.190597,decode,2,0,2128,0.0010,0,2,
1784040224.190597,1784040224.196679,decode,2,0,2128,0.0010,0,2,
1784040224.196679,1784040224.202744,decode,2,0,2128,0.0010,0,2,
1784040224.202744,1784040224.208795,decode,2,0,2128,0.0010,0,2,
1784040224.208795,1784040224.214869,decode,2,0,2128,0.0010,0,2,
1784040224.214869,1784040224.221022,decode,2,0,2128,0.0010,0,2,
1784040224.221022,1784040224.227106,decode,2,0,2128,0.0010,0,2,
1784040224.227106,1784040224.233138,decode,2,0,2128,0.0010,0,2,
1784040224.233138,1784040224.239275,decode,2,0,2128,0.0010,0,2,
1784040224.239275,1784040224.245336,decode,2,0,2128,0.0010,0,2,
1784040224.245336,1784040224.251369,decode,2,0,2128,0.0010,0,2,
1784040224.251369,1784040224.257491,decode,2,0,2128,0.0010,0,2,
1784040224.257491,1784040224.263617,decode,2,0,2128,0.0010,0,2,
1784040224.263617,1784040224.269735,decode,2,0,2128,0.0010,0,2,
1784040224.269735,1784040224.275785,decode,2,0,2128,0.0010,0,2,
1784040224.275785,1784040224.281998,decode,2,0,2144,0.0010,0,2,
1784040224.281998,1784040224.288051,decode,2,0,2160,0.0010,0,2,
1784040224.288051,1784040224.294093,decode,2,0,2160,0.0010,0,2,
1784040224.294093,1784040224.300276,decode,2,0,2160,0.0010,0,2,
1784040224.300276,1784040224.306340,decode,2,0,2160,0.0010,0,2,
1784040224.306340,1784040224.312440,decode,2,0,2160,0.0010,0,2,
1784040224.312440,1784040224.318552,decode,2,0,2160,0.0010,0,2,
1784040224.318552,1784040224.324719,decode,2,0,2160,0.0010,0,2,
1784040224.324719,1784040224.331144,decode,2,0,2160,0.0010,0,2,
1784040224.331144,1784040224.337103,decode,2,0,2160,0.0010,0,2,
1784040224.337103,1784040224.343387,decode,2,0,2160,0.0010,0,2,
1784040224.343387,1784040224.349155,decode,2,0,2160,0.0010,0,2,
1784040224.349155,1784040224.355426,decode,2,0,2160,0.0010,0,2,
1784040224.355426,1784040224.361578,decode,2,0,2160,0.0010,0,2,
1784040224.361578,1784040224.367594,decode,2,0,2160,0.0010,0,2,
1784040224.367594,1784040224.373773,decode,2,0,2160,0.0010,0,2,
1784040224.373773,1784040224.379982,decode,2,0,2176,0.0010,0,2,
1784040224.379982,1784040224.386268,decode,2,0,2192,0.0011,0,2,
1784040224.386268,1784040224.392503,decode,2,0,2192,0.0011,0,2,
1784040224.392503,1784040224.398609,decode,2,0,2192,0.0011,0,2,
1784040224.398609,1784040224.404648,decode,2,0,2192,0.0011,0,2,
1784040224.404648,1784040224.411088,decode,2,0,2192,0.0011,0,2,
1784040224.411088,1784040224.417166,decode,2,0,2192,0.0011,0,2,
1784040224.417166,1784040224.423525,decode,2,0,2192,0.0011,0,2,
1784040224.423525,1784040224.429557,decode,2,0,2192,0.0011,0,2,
1784040224.429557,1784040224.435925,decode,2,0,2192,0.0011,0,2,
1784040224.435925,1784040224.442291,decode,2,0,2192,0.0011,0,2,
1784040224.442291,1784040224.448176,decode,2,0,2192,0.0011,0,2,
1784040224.448176,1784040224.454316,decode,2,0,2192,0.0011,0,2,
1784040224.454316,1784040224.460621,decode,2,0,2192,0.0011,0,2,
1784040224.460621,1784040224.466849,decode,2,0,2192,0.0011,0,2,
1784040224.466849,1784040224.472780,decode,2,0,2192,0.0011,0,2,
1784040224.472780,1784040224.479006,decode,2,0,2208,0.0011,0,2,
1784040224.479006,1784040224.485447,decode,2,0,2224,0.0011,0,2,
1784040224.485447,1784040224.491401,decode,2,0,2224,0.0011,0,2,
1784040224.491401,1784040224.497380,decode,2,0,2224,0.0011,0,2,
1784040224.497380,1784040224.503382,decode,2,0,2224,0.0011,0,2,
1784040224.503382,1784040224.509597,decode,2,0,2224,0.0011,0,2,
1784040224.509597,1784040224.515701,decode,2,0,2224,0.0011,0,2,
1784040224.515701,1784040224.521986,decode,2,0,2224,0.0011,0,2,
1784040224.521986,1784040224.528088,decode,2,0,2224,0.0011,0,2,
1784040224.528088,1784040224.534292,decode,2,0,2224,0.0011,0,2,
1784040224.534292,1784040224.540055,decode,2,0,2224,0.0011,0,2,
1784040224.540055,1784040224.546070,decode,2,0,2224,0.0011,0,2,
1784040224.546070,1784040224.552138,decode,2,0,2224,0.0011,0,2,
1784040224.552138,1784040224.558324,decode,2,0,2224,0.0011,0,2,
1784040224.558324,1784040224.564711,decode,2,0,2224,0.0011,0,2,
1784040224.564711,1784040224.570339,decode,2,0,2224,0.0011,0,2,
1784040224.570339,1784040224.576579,decode,2,0,2240,0.0011,0,2,
1784040224.576579,1784040224.582609,decode,2,0,2256,0.0011,0,2,
1784040224.582609,1784040224.588737,decode,2,0,2256,0.0011,0,2,
1784040224.588737,1784040224.595055,decode,2,0,2256,0.0011,0,2,
1784040224.595055,1784040224.600838,decode,2,0,2256,0.0011,0,2,
1784040224.600838,1784040224.607285,decode,2,0,2256,0.0011,0,2,
1784040224.607285,1784040224.613079,decode,2,0,2256,0.0011,0,2,
1784040224.613079,1784040224.618974,decode,2,0,2256,0.0011,0,2,
1784040224.618974,1784040224.625375,decode,2,0,2256,0.0011,0,2,
1784040224.625375,1784040224.631360,decode,2,0,2256,0.0011,0,2,
1784040224.631360,1784040224.637634,decode,2,0,2256,0.0011,0,2,
1784040224.637634,1784040224.643763,decode,2,0,2256,0.0011,0,2,
1784040224.643763,1784040224.649482,decode,2,0,2256,0.0011,0,2,
1784040224.649482,1784040224.656036,decode,2,0,2256,0.0011,0,2,
1784040224.656036,1784040224.662153,decode,2,0,2256,0.0011,0,2,
1784040224.662153,1784040224.667850,decode,2,0,2256,0.0011,0,2,
1784040224.667850,1784040224.674459,decode,2,0,2272,0.0011,0,2,
1784040224.674459,1784040224.680128,decode,2,0,2288,0.0011,0,2,
1784040224.680128,1784040224.686767,decode,2,0,2288,0.0011,0,2,
1784040224.686767,1784040224.692504,decode,2,0,2288,0.0011,0,2,
1784040224.692504,1784040224.698641,decode,2,0,2288,0.0011,0,2,
1784040224.698641,1784040224.705119,decode,2,0,2288,0.0011,0,2,
1784040224.705119,1784040224.710646,decode,2,0,2288,0.0011,0,2,
1784040224.710646,1784040224.717116,decode,2,0,2288,0.0011,0,2,
1784040224.717116,1784040224.723372,decode,2,0,2288,0.0011,0,2,
1784040224.723372,1784040224.728965,decode,2,0,2288,0.0011,0,2,
1784040224.728965,1784040224.735288,decode,2,0,2288,0.0011,0,2,
1784040224.735288,1784040224.741175,decode,2,0,2288,0.0011,0,2,
1784040224.741175,1784040224.747320,decode,2,0,2288,0.0011,0,2,
1784040224.747320,1784040224.753988,decode,2,0,2288,0.0011,0,2,
1784040224.753988,1784040224.759535,decode,2,0,2288,0.0011,0,2,
1784040224.759535,1784040224.765878,decode,2,0,2288,0.0011,0,2,
1784040224.765878,1784040224.772383,decode,2,0,2304,0.0011,0,2,
1784040224.772383,1784040224.778309,decode,2,0,2320,0.0011,0,2,
1784040224.778309,1784040224.784537,decode,2,0,2320,0.0011,0,2,
1784040224.784537,1784040224.790537,decode,2,0,2320,0.0011,0,2,
1784040224.790537,1784040224.796519,decode,2,0,2320,0.0011,0,2,
1784040224.796519,1784040224.802822,decode,2,0,2320,0.0011,0,2,
1784040224.802822,1784040224.808977,decode,2,0,2320,0.0011,0,2,
1784040224.808977,1784040224.815152,decode,2,0,2320,0.0011,0,2,
1784040224.815152,1784040224.821306,decode,2,0,2320,0.0011,0,2,
1784040224.821306,1784040224.827401,decode,2,0,2320,0.0011,0,2,
1784040224.827401,1784040224.833541,decode,2,0,2320,0.0011,0,2,
1784040224.833541,1784040224.839701,decode,2,0,2320,0.0011,0,2,
1784040224.839701,1784040224.845745,decode,2,0,2320,0.0011,0,2,
1784040224.845745,1784040224.852036,decode,2,0,2320,0.0011,0,2,
1784040224.852036,1784040224.858156,decode,1,0,2176,0.0010,0,2,
1784040224.858156,1784040224.864800,decode,0,0,0,0.0000,0,1,
1784040224.864800,1784040224.871593,mixed,1,0,2048,0.0010,2048,1,
1784040224.871593,1784040224.877970,mixed,2,0,2080,0.0010,2048,2,
1784040224.877970,1784040224.883949,decode,2,0,2096,0.0010,0,2,
1784040224.883949,1784040224.890171,decode,2,0,2096,0.0010,0,2,
1784040224.890171,1784040224.896255,decode,2,0,2096,0.0010,0,2,
1784040224.896255,1784040224.902189,decode,2,0,2096,0.0010,0,2,
1784040224.902189,1784040224.908443,decode,2,0,2096,0.0010,0,2,
1784040224.908443,1784040224.914568,decode,2,0,2096,0.0010,0,2,
1784040224.914568,1784040224.920540,decode,2,0,2096,0.0010,0,2,
1784040224.920540,1784040224.926809,decode,2,0,2096,0.0010,0,2,
1784040224.926809,1784040224.932922,decode,2,0,2096,0.0010,0,2,
1784040224.932922,1784040224.939079,decode,2,0,2096,0.0010,0,2,
1784040224.939079,1784040224.945155,decode,2,0,2096,0.0010,0,2,
1784040224.945155,1784040224.951298,decode,2,0,2096,0.0010,0,2,
1784040224.951298,1784040224.957286,decode,2,0,2096,0.0010,0,2,
1784040224.957286,1784040224.963645,decode,2,0,2096,0.0010,0,2,
1784040224.963645,1784040224.969804,decode,2,0,2096,0.0010,0,2,
1784040224.969804,1784040224.975971,decode,2,0,2112,0.0010,0,2,
1784040224.975971,1784040224.982197,decode,2,0,2128,0.0010,0,2,
1784040224.982197,1784040224.988201,decode,2,0,2128,0.0010,0,2,
1784040224.988201,1784040224.994525,decode,2,0,2128,0.0010,0,2,
1784040224.994525,1784040225.000678,decode,2,0,2128,0.0010,0,2,
1784040225.000678,1784040225.006728,decode,2,0,2128,0.0010,0,2,
1784040225.006728,1784040225.012986,decode,2,0,2128,0.0010,0,2,
1784040225.012986,1784040225.019142,decode,2,0,2128,0.0010,0,2,
1784040225.019142,1784040225.025318,decode,2,0,2128,0.0010,0,2,
1784040225.025318,1784040225.031484,decode,2,0,2128,0.0010,0,2,
1784040225.031484,1784040225.037636,decode,2,0,2128,0.0010,0,2,
1784040225.037636,1784040225.043664,decode,2,0,2128,0.0010,0,2,
1784040225.043664,1784040225.049984,decode,2,0,2128,0.0010,0,2,
1784040225.049984,1784040225.056138,decode,2,0,2128,0.0010,0,2,
1784040225.056138,1784040225.062144,decode,2,0,2128,0.0010,0,2,
1784040225.062144,1784040225.068486,decode,2,0,2128,0.0010,0,2,
1784040225.068486,1784040225.074712,decode,2,0,2144,0.0010,0,2,
1784040225.074712,1784040225.080731,decode,2,0,2160,0.0010,0,2,
1784040225.080731,1784040225.087029,decode,2,0,2160,0.0010,0,2,
1784040225.087029,1784040225.093185,decode,2,0,2160,0.0010,0,2,
1784040225.093185,1784040225.099213,decode,2,0,2160,0.0010,0,2,
1784040225.099213,1784040225.105535,decode,2,0,2160,0.0010,0,2,
1784040225.105535,1784040225.111759,decode,2,0,2160,0.0010,0,2,
1784040225.111759,1784040225.117728,decode,2,0,2160,0.0010,0,2,
1784040225.117728,1784040225.123861,decode,2,0,2160,0.0010,0,2,
1784040225.123861,1784040225.130201,decode,2,0,2160,0.0010,0,2,
1784040225.130201,1784040225.136470,decode,2,0,2160,0.0010,0,2,
1784040225.136470,1784040225.142623,decode,2,0,2160,0.0010,0,2,
1784040225.142623,1784040225.148551,decode,2,0,2160,0.0010,0,2,
1784040225.148551,1784040225.154646,decode,2,0,2160,0.0010,0,2,
1784040225.154646,1784040225.160875,decode,2,0,2160,0.0010,0,2,
1784040225.160875,1784040225.167046,decode,2,0,2160,0.0010,0,2,
1784040225.167046,1784040225.173071,decode,2,0,2176,0.0010,0,2,
1784040225.173071,1784040225.179394,decode,2,0,2192,0.0011,0,2,
1784040225.179394,1784040225.185422,decode,2,0,2192,0.0011,0,2,
1784040225.185422,1784040225.191752,decode,2,0,2192,0.0011,0,2,
1784040225.191752,1784040225.197864,decode,2,0,2192,0.0011,0,2,
1784040225.197864,1784040225.204103,decode,2,0,2192,0.0011,0,2,
1784040225.204103,1784040225.210216,decode,2,0,2192,0.0011,0,2,
1784040225.210216,1784040225.216317,decode,2,0,2192,0.0011,0,2,
1784040225.216317,1784040225.222448,decode,2,0,2192,0.0011,0,2,
1784040225.222448,1784040225.228563,decode,2,0,2192,0.0011,0,2,
1784040225.228563,1784040225.234915,decode,2,0,2192,0.0011,0,2,
1784040225.234915,1784040225.241272,decode,2,0,2192,0.0011,0,2,
1784040225.241272,1784040225.247162,decode,2,0,2192,0.0011,0,2,
1784040225.247162,1784040225.253158,decode,2,0,2192,0.0011,0,2,
1784040225.253158,1784040225.259483,decode,2,0,2192,0.0011,0,2,
1784040225.259483,1784040225.265373,decode,2,0,2192,0.0011,0,2,
1784040225.265373,1784040225.271656,decode,2,0,2208,0.0011,0,2,
1784040225.271656,1784040225.278034,decode,2,0,2224,0.0011,0,2,
1784040225.278034,1784040225.284158,decode,2,0,2224,0.0011,0,2,
1784040225.284158,1784040225.290185,decode,2,0,2224,0.0011,0,2,
1784040225.290185,1784040225.296456,decode,2,0,2224,0.0011,0,2,
1784040225.296456,1784040225.302586,decode,2,0,2224,0.0011,0,2,
1784040225.302586,1784040225.308572,decode,2,0,2224,0.0011,0,2,
1784040225.308572,1784040225.314867,decode,2,0,2224,0.0011,0,2,
1784040225.314867,1784040225.321152,decode,2,0,2224,0.0011,0,2,
1784040225.321152,1784040225.327099,decode,2,0,2224,0.0011,0,2,
1784040225.327099,1784040225.333239,decode,2,0,2224,0.0011,0,2,
1784040225.333239,1784040225.339644,decode,2,0,2224,0.0011,0,2,
1784040225.339644,1784040225.345843,decode,2,0,2224,0.0011,0,2,
1784040225.345843,1784040225.351996,decode,2,0,2224,0.0011,0,2,
1784040225.351996,1784040225.358043,decode,2,0,2224,0.0011,0,2,
1784040225.358043,1784040225.364447,decode,2,0,2224,0.0011,0,2,
1784040225.364447,1784040225.370673,decode,2,0,2240,0.0011,0,2,
1784040225.370673,1784040225.376920,decode,2,0,2256,0.0011,0,2,
1784040225.376920,1784040225.383115,decode,2,0,2256,0.0011,0,2,
1784040225.383115,1784040225.389249,decode,2,0,2256,0.0011,0,2,
1784040225.389249,1784040225.395588,decode,2,0,2256,0.0011,0,2,
1784040225.395588,1784040225.401709,decode,2,0,2256,0.0011,0,2,
1784040225.401709,1784040225.408048,decode,2,0,2256,0.0011,0,2,
1784040225.408048,1784040225.414255,decode,2,0,2256,0.0011,0,2,
1784040225.414255,1784040225.420345,decode,2,0,2256,0.0011,0,2,
1784040225.420345,1784040225.426481,decode,2,0,2256,0.0011,0,2,
1784040225.426481,1784040225.432984,decode,2,0,2256,0.0011,0,2,
1784040225.432984,1784040225.439250,decode,2,0,2256,0.0011,0,2,
1784040225.439250,1784040225.445431,decode,2,0,2256,0.0011,0,2,
1784040225.445431,1784040225.451499,decode,2,0,2256,0.0011,0,2,
1784040225.451499,1784040225.457469,decode,2,0,2256,0.0011,0,2,
1784040225.457469,1784040225.463362,decode,2,0,2256,0.0011,0,2,
1784040225.463362,1784040225.469292,decode,2,0,2272,0.0011,0,2,
1784040225.469292,1784040225.475507,decode,2,0,2288,0.0011,0,2,
1784040225.475507,1784040225.481427,decode,2,0,2288,0.0011,0,2,
1784040225.481427,1784040225.487630,decode,2,0,2288,0.0011,0,2,
1784040225.487630,1784040225.493717,decode,2,0,2288,0.0011,0,2,
1784040225.493717,1784040225.499590,decode,2,0,2288,0.0011,0,2,
1784040225.499590,1784040225.505822,decode,2,0,2288,0.0011,0,2,
1784040225.505822,1784040225.511732,decode,2,0,2288,0.0011,0,2,
1784040225.511732,1784040225.517928,decode,2,0,2288,0.0011,0,2,
1784040225.517928,1784040225.523897,decode,2,0,2288,0.0011,0,2,
1784040225.523897,1784040225.530198,decode,2,0,2288,0.0011,0,2,
1784040225.530198,1784040225.536451,decode,2,0,2288,0.0011,0,2,
1784040225.536451,1784040225.542182,decode,2,0,2288,0.0011,0,2,
1784040225.542182,1784040225.548095,decode,2,0,2288,0.0011,0,2,
1784040225.548095,1784040225.554332,decode,2,0,2288,0.0011,0,2,
1784040225.554332,1784040225.560366,decode,2,0,2288,0.0011,0,2,
1784040225.560366,1784040225.566336,decode,2,0,2304,0.0011,0,2,
1784040225.566336,1784040225.572418,decode,2,0,2320,0.0011,0,2,
1784040225.572418,1784040225.578511,decode,2,0,2320,0.0011,0,2,
1784040225.578511,1784040225.584519,decode,2,0,2320,0.0011,0,2,
1784040225.584519,1784040225.590591,decode,2,0,2320,0.0011,0,2,
1784040225.590591,1784040225.596647,decode,2,0,2320,0.0011,0,2,
1784040225.596647,1784040225.602722,decode,2,0,2320,0.0011,0,2,
1784040225.602722,1784040225.608784,decode,2,0,2320,0.0011,0,2,
1784040225.608784,1784040225.614847,decode,2,0,2320,0.0011,0,2,
1784040225.614847,1784040225.621022,decode,2,0,2320,0.0011,0,2,
1784040225.621022,1784040225.626971,decode,2,0,2320,0.0011,0,2,
1784040225.626971,1784040225.633291,decode,2,0,2320,0.0011,0,2,
1784040225.633291,1784040225.639245,decode,2,0,2320,0.0011,0,2,
1784040225.639245,1784040225.645453,decode,2,0,2320,0.0011,0,2,
1784040225.645453,1784040225.651307,decode,1,0,2176,0.0010,0,2,
1784040225.651307,1784040225.657900,decode,0,0,0,0.0000,0,1,
1784040225.657900,1784040225.664561,mixed,1,0,2048,0.0010,2048,1,
1784040225.664561,1784040225.670864,mixed,2,0,2080,0.0010,2048,2,
1784040225.670864,1784040225.676963,decode,2,0,2096,0.0010,0,2,
1784040225.676963,1784040225.682866,decode,2,0,2096,0.0010,0,2,
1784040225.682866,1784040225.689036,decode,2,0,2096,0.0010,0,2,
1784040225.689036,1784040225.694974,decode,2,0,2096,0.0010,0,2,
1784040225.694974,1784040225.701198,decode,2,0,2096,0.0010,0,2,
1784040225.701198,1784040225.707037,decode,2,0,2096,0.0010,0,2,
1784040225.707037,1784040225.713314,decode,2,0,2096,0.0010,0,2,
1784040225.713314,1784040225.719211,decode,2,0,2096,0.0010,0,2,
1784040225.719211,1784040225.725399,decode,2,0,2096,0.0010,0,2,
1784040225.725399,1784040225.731376,decode,2,0,2096,0.0010,0,2,
1784040225.731376,1784040225.737859,decode,2,0,2096,0.0010,0,2,
1784040225.737859,1784040225.743923,decode,2,0,2096,0.0010,0,2,
1784040225.743923,1784040225.749952,decode,2,0,2096,0.0010,0,2,
1784040225.749952,1784040225.755728,decode,2,0,2096,0.0010,0,2,
1784040225.755728,1784040225.761820,decode,2,0,2096,0.0010,0,2,
1784040225.761820,1784040225.767761,decode,2,0,2112,0.0010,0,2,
1784040225.767761,1784040225.774009,decode,2,0,2128,0.0010,0,2,
1784040225.774009,1784040225.779948,decode,2,0,2128,0.0010,0,2,
1784040225.779948,1784040225.786173,decode,2,0,2128,0.0010,0,2,
1784040225.786173,1784040225.792255,decode,2,0,2128,0.0010,0,2,
1784040225.792255,1784040225.798178,decode,2,0,2128,0.0010,0,2,
1784040225.798178,1784040225.804442,decode,2,0,2128,0.0010,0,2,
1784040225.804442,1784040225.810495,decode,2,0,2128,0.0010,0,2,
1784040225.810495,1784040225.816587,decode,2,0,2128,0.0010,0,2,
1784040225.816587,1784040225.822507,decode,2,0,2128,0.0010,0,2,
1784040225.822507,1784040225.828599,decode,2,0,2128,0.0010,0,2,
1784040225.828599,1784040225.835141,decode,2,0,2128,0.0010,0,2,
1784040225.835141,1784040225.840846,decode,2,0,2128,0.0010,0,2,
1784040225.840846,1784040225.846929,decode,2,0,2128,0.0010,0,2,
1784040225.846929,1784040225.853320,decode,2,0,2128,0.0010,0,2,
1784040225.853320,1784040225.859037,decode,2,0,2128,0.0010,0,2,
1784040225.859037,1784040225.865247,decode,2,0,2144,0.0010,0,2,
1784040225.865247,1784040225.871394,decode,2,0,2160,0.0010,0,2,
1784040225.871394,1784040225.877480,decode,2,0,2160,0.0010,0,2,
1784040225.877480,1784040225.883344,decode,2,0,2160,0.0010,0,2,
1784040225.883344,1784040225.889261,decode,2,0,2160,0.0010,0,2,
1784040225.889261,1784040225.895489,decode,2,0,2160,0.0010,0,2,
1784040225.895489,1784040225.901431,decode,2,0,2160,0.0010,0,2,
1784040225.901431,1784040225.907667,decode,2,0,2160,0.0010,0,2,
1784040225.907667,1784040225.913587,decode,2,0,2160,0.0010,0,2,
1784040225.913587,1784040225.919875,decode,2,0,2160,0.0010,0,2,
1784040225.919875,1784040225.925661,decode,2,0,2160,0.0010,0,2,
1784040225.925661,1784040225.932395,decode,2,0,2160,0.0010,0,2,
1784040225.932395,1784040225.938391,decode,2,0,2160,0.0010,0,2,
1784040225.938391,1784040225.944308,decode,2,0,2160,0.0010,0,2,
1784040225.944308,1784040225.950472,decode,2,0,2160,0.0010,0,2,
1784040225.950472,1784040225.956355,decode,2,0,2160,0.0010,0,2,
1784040225.956355,1784040225.962494,decode,2,0,2176,0.0010,0,2,
1784040225.962494,1784040225.968570,decode,2,0,2192,0.0011,0,2,
1784040225.968570,1784040225.974627,decode,2,0,2192,0.0011,0,2,
1784040225.974627,1784040225.980553,decode,2,0,2192,0.0011,0,2,
1784040225.980553,1784040225.986810,decode,2,0,2192,0.0011,0,2,
1784040225.986810,1784040225.992882,decode,2,0,2192,0.0011,0,2,
1784040225.992882,1784040225.998822,decode,2,0,2192,0.0011,0,2,
1784040225.998822,1784040226.005048,decode,2,0,2192,0.0011,0,2,
1784040226.005048,1784040226.011173,decode,2,0,2192,0.0011,0,2,
1784040226.011173,1784040226.017136,decode,2,0,2192,0.0011,0,2,
1784040226.017136,1784040226.023270,decode,2,0,2192,0.0011,0,2,
1784040226.023270,1784040226.029225,decode,2,0,2192,0.0011,0,2,
1784040226.029225,1784040226.035551,decode,2,0,2192,0.0011,0,2,
1784040226.035551,1784040226.041627,decode,2,0,2192,0.0011,0,2,
1784040226.041627,1784040226.047712,decode,2,0,2192,0.0011,0,2,
1784040226.047712,1784040226.053869,decode,2,0,2192,0.0011,0,2,
1784040226.053869,1784040226.059941,decode,2,0,2208,0.0011,0,2,
1784040226.059941,1784040226.066096,decode,2,0,2224,0.0011,0,2,
1784040226.066096,1784040226.072256,decode,2,0,2224,0.0011,0,2,
1784040226.072256,1784040226.078329,decode,2,0,2224,0.0011,0,2,
1784040226.078329,1784040226.084411,decode,2,0,2224,0.0011,0,2,
1784040226.084411,1784040226.090362,decode,2,0,2224,0.0011,0,2,
1784040226.090362,1784040226.096656,decode,2,0,2224,0.0011,0,2,
1784040226.096656,1784040226.102772,decode,2,0,2224,0.0011,0,2,
1784040226.102772,1784040226.108759,decode,2,0,2224,0.0011,0,2,
1784040226.108759,1784040226.115035,decode,2,0,2224,0.0011,0,2,
1784040226.115035,1784040226.121040,decode,2,0,2224,0.0011,0,2,
1784040226.121040,1784040226.127021,decode,2,0,2224,0.0011,0,2,
1784040226.127021,1784040226.133530,decode,2,0,2224,0.0011,0,2,
1784040226.133530,1784040226.139661,decode,2,0,2224,0.0011,0,2,
1784040226.139661,1784040226.145753,decode,2,0,2224,0.0011,0,2,
1784040226.145753,1784040226.151928,decode,2,0,2224,0.0011,0,2,
1784040226.151928,1784040226.158146,decode,2,0,2240,0.0011,0,2,
1784040226.158146,1784040226.164237,decode,2,0,2256,0.0011,0,2,
1784040226.164237,1784040226.170566,decode,2,0,2256,0.0011,0,2,
1784040226.170566,1784040226.176516,decode,2,0,2256,0.0011,0,2,
1784040226.176516,1784040226.182680,decode,2,0,2256,0.0011,0,2,
1784040226.182680,1784040226.188843,decode,2,0,2256,0.0011,0,2,
1784040226.188843,1784040226.194961,decode,2,0,2256,0.0011,0,2,
1784040226.194961,1784040226.201036,decode,2,0,2256,0.0011,0,2,
1784040226.201036,1784040226.207208,decode,2,0,2256,0.0011,0,2,
1784040226.207208,1784040226.213409,decode,2,0,2256,0.0011,0,2,
1784040226.213409,1784040226.219711,decode,2,0,2256,0.0011,0,2,
1784040226.219711,1784040226.225723,decode,2,0,2256,0.0011,0,2,
1784040226.225723,1784040226.232079,decode,2,0,2256,0.0011,0,2,
1784040226.232079,1784040226.238173,decode,2,0,2256,0.0011,0,2,
1784040226.238173,1784040226.244209,decode,2,0,2256,0.0011,0,2,
1784040226.244209,1784040226.250692,decode,2,0,2256,0.0011,0,2,
1784040226.250692,1784040226.256655,decode,2,0,2272,0.0011,0,2,
1784040226.256655,1784040226.262881,decode,2,0,2288,0.0011,0,2,
1784040226.262881,1784040226.268998,decode,2,0,2288,0.0011,0,2,
1784040226.268998,1784040226.274895,decode,2,0,2288,0.0011,0,2,
1784040226.274895,1784040226.281144,decode,2,0,2288,0.0011,0,2,
1784040226.281144,1784040226.287059,decode,2,0,2288,0.0011,0,2,
1784040226.287059,1784040226.293167,decode,2,0,2288,0.0011,0,2,
1784040226.293167,1784040226.299512,decode,2,0,2288,0.0011,0,2,
1784040226.299512,1784040226.305406,decode,2,0,2288,0.0011,0,2,
1784040226.305406,1784040226.311363,decode,2,0,2288,0.0011,0,2,
1784040226.311363,1784040226.318581,decode,2,0,2288,0.0011,0,2,
1784040226.318581,1784040226.324705,decode,2,0,2288,0.0011,0,2,
1784040226.324705,1784040226.331303,decode,2,0,2288,0.0011,0,2,
1784040226.331303,1784040226.337101,decode,2,0,2288,0.0011,0,2,
1784040226.337101,1784040226.343097,decode,2,0,2288,0.0011,0,2,
1784040226.343097,1784040226.349352,decode,2,0,2288,0.0011,0,2,
1784040226.349352,1784040226.355415,decode,2,0,2304,0.0011,0,2,
1784040226.355415,1784040226.361568,decode,2,0,2320,0.0011,0,2,
1784040226.361568,1784040226.367529,decode,2,0,2320,0.0011,0,2,
1784040226.367529,1784040226.373822,decode,2,0,2320,0.0011,0,2,
1784040226.373822,1784040226.379772,decode,2,0,2320,0.0011,0,2,
1784040226.379772,1784040226.386021,decode,2,0,2320,0.0011,0,2,
1784040226.386021,1784040226.392122,decode,2,0,2320,0.0011,0,2,
1784040226.392122,1784040226.398205,decode,2,0,2320,0.0011,0,2,
1784040226.398205,1784040226.404300,decode,2,0,2320,0.0011,0,2,
1784040226.404300,1784040226.410399,decode,2,0,2320,0.0011,0,2,
1784040226.410399,1784040226.416327,decode,2,0,2320,0.0011,0,2,
1784040226.416327,1784040226.422463,decode,2,0,2320,0.0011,0,2,
1784040226.422463,1784040226.428579,decode,2,0,2320,0.0011,0,2,
1784040226.428579,1784040226.435016,decode,2,0,2320,0.0011,0,2,
1784040226.435016,1784040226.441159,decode,1,0,2176,0.0010,0,2,
1784040226.441159,1784040226.447997,decode,0,0,0,0.0000,0,1,
1784040226.447997,1784040226.454473,mixed,1,0,2048,0.0010,2048,1,
1784040226.454473,1784040226.460855,mixed,2,0,2080,0.0010,2048,2,
1784040226.460855,1784040226.466887,decode,2,0,2096,0.0010,0,2,
1784040226.466887,1784040226.473131,decode,2,0,2096,0.0010,0,2,
1784040226.473131,1784040226.479143,decode,2,0,2096,0.0010,0,2,
1784040226.479143,1784040226.485492,decode,2,0,2096,0.0010,0,2,
1784040226.485492,1784040226.491337,decode,2,0,2096,0.0010,0,2,
1784040226.491337,1784040226.497261,decode,2,0,2096,0.0010,0,2,
1784040226.497261,1784040226.503586,decode,2,0,2096,0.0010,0,2,
1784040226.503586,1784040226.509647,decode,2,0,2096,0.0010,0,2,
1784040226.509647,1784040226.515648,decode,2,0,2096,0.0010,0,2,
1784040226.515648,1784040226.521773,decode,2,0,2096,0.0010,0,2,
1784040226.521773,1784040226.527858,decode,2,0,2096,0.0010,0,2,
1784040226.527858,1784040226.534086,decode,2,0,2096,0.0010,0,2,
1784040226.534086,1784040226.540226,decode,2,0,2096,0.0010,0,2,
1784040226.540226,1784040226.546266,decode,2,0,2096,0.0010,0,2,
1784040226.546266,1784040226.552397,decode,2,0,2096,0.0010,0,2,
1784040226.552397,1784040226.558595,decode,2,0,2112,0.0010,0,2,
1784040226.558595,1784040226.564893,decode,2,0,2128,0.0010,0,2,
1784040226.564893,1784040226.570819,decode,2,0,2128,0.0010,0,2,
1784040226.570819,1784040226.576802,decode,2,0,2128,0.0010,0,2,
1784040226.576802,1784040226.583063,decode,2,0,2128,0.0010,0,2,
1784040226.583063,1784040226.589223,decode,2,0,2128,0.0010,0,2,
1784040226.589223,1784040226.595377,decode,2,0,2128,0.0010,0,2,
1784040226.595377,1784040226.601432,decode,2,0,2128,0.0010,0,2,
1784040226.601432,1784040226.607725,decode,2,0,2128,0.0010,0,2,
1784040226.607725,1784040226.613940,decode,2,0,2128,0.0010,0,2,
1784040226.613940,1784040226.620105,decode,2,0,2128,0.0010,0,2,
1784040226.620105,1784040226.626051,decode,2,0,2128,0.0010,0,2,
1784040226.626051,1784040226.632608,decode,2,0,2128,0.0010,0,2,
1784040226.632608,1784040226.639058,decode,2,0,2128,0.0010,0,2,
1784040226.639058,1784040226.644598,decode,2,0,2128,0.0010,0,2,
1784040226.644598,1784040226.650848,decode,2,0,2128,0.0010,0,2,
1784040226.650848,1784040226.657115,decode,2,0,2144,0.0010,0,2,
1784040226.657115,1784040226.663243,decode,2,0,2160,0.0010,0,2,
1784040226.663243,1784040226.669498,decode,2,0,2160,0.0010,0,2,
1784040226.669498,1784040226.675765,decode,2,0,2160,0.0010,0,2,
1784040226.675765,1784040226.681694,decode,2,0,2160,0.0010,0,2,
1784040226.681694,1784040226.688015,decode,2,0,2160,0.0010,0,2,
1784040226.688015,1784040226.694211,decode,2,0,2160,0.0010,0,2,
1784040226.694211,1784040226.700206,decode,2,0,2160,0.0010,0,2,
1784040226.700206,1784040226.706494,decode,2,0,2160,0.0010,0,2,
1784040226.706494,1784040226.712644,decode,2,0,2160,0.0010,0,2,
1784040226.712644,1784040226.718628,decode,2,0,2160,0.0010,0,2,
1784040226.718628,1784040226.724758,decode,2,0,2160,0.0010,0,2,
1784040226.724758,1784040226.731318,decode,2,0,2160,0.0010,0,2,
1784040226.731318,1784040226.737231,decode,2,0,2160,0.0010,0,2,
1784040226.737231,1784040226.743273,decode,2,0,2160,0.0010,0,2,
1784040226.743273,1784040226.749490,decode,2,0,2160,0.0010,0,2,
1784040226.749490,1784040226.755629,decode,2,0,2176,0.0010,0,2,
1784040226.755629,1784040226.761771,decode,2,0,2192,0.0011,0,2,
1784040226.761771,1784040226.768013,decode,2,0,2192,0.0011,0,2,
1784040226.768013,1784040226.774230,decode,2,0,2192,0.0011,0,2,
1784040226.774230,1784040226.780289,decode,2,0,2192,0.0011,0,2,
1784040226.780289,1784040226.786629,decode,2,0,2192,0.0011,0,2,
1784040226.786629,1784040226.792830,decode,2,0,2192,0.0011,0,2,
1784040226.792830,1784040226.798860,decode,2,0,2192,0.0011,0,2,
1784040226.798860,1784040226.805194,decode,2,0,2192,0.0011,0,2,
1784040226.805194,1784040226.811366,decode,2,0,2192,0.0011,0,2,
1784040226.811366,1784040226.817427,decode,2,0,2192,0.0011,0,2,
1784040226.817427,1784040226.823644,decode,2,0,2192,0.0011,0,2,
1784040226.823644,1784040226.829814,decode,2,0,2192,0.0011,0,2,
1784040226.829814,1784040226.836492,decode,2,0,2192,0.0011,0,2,
1784040226.836492,1784040226.842614,decode,2,0,2192,0.0011,0,2,
1784040226.842614,1784040226.848501,decode,2,0,2192,0.0011,0,2,
1784040226.848501,1784040226.855015,decode,2,0,2208,0.0011,0,2,
1784040226.855015,1784040226.861115,decode,2,0,2224,0.0011,0,2,
1784040226.861115,1784040226.867315,decode,2,0,2224,0.0011,0,2,
1784040226.867315,1784040226.873910,decode,2,0,2224,0.0011,0,2,
1784040226.873910,1784040226.879701,decode,2,0,2224,0.0011,0,2,
1784040226.879701,1784040226.886053,decode,2,0,2224,0.0011,0,2,
1784040226.886053,1784040226.892278,decode,2,0,2224,0.0011,0,2,
1784040226.892278,1784040226.898339,decode,2,0,2224,0.0011,0,2,
1784040226.898339,1784040226.904648,decode,2,0,2224,0.0011,0,2,
1784040226.904648,1784040226.910902,decode,2,0,2224,0.0011,0,2,
1784040226.910902,1784040226.917159,decode,2,0,2224,0.0011,0,2,
1784040226.917159,1784040226.923221,decode,2,0,2224,0.0011,0,2,
1784040226.923221,1784040226.929440,decode,2,0,2224,0.0011,0,2,
1784040226.929440,1784040226.935866,decode,2,0,2224,0.0011,0,2,
1784040226.935866,1784040226.941901,decode,2,0,2224,0.0011,0,2,
1784040226.941901,1784040226.948248,decode,2,0,2224,0.0011,0,2,
1784040226.948248,1784040226.954689,decode,2,0,2240,0.0011,0,2,
1784040226.954689,1784040226.960699,decode,2,0,2256,0.0011,0,2,
1784040226.960699,1784040226.966829,decode,2,0,2256,0.0011,0,2,
1784040226.966829,1784040226.973141,decode,2,0,2256,0.0011,0,2,
1784040226.973141,1784040226.979398,decode,2,0,2256,0.0011,0,2,
1784040226.979398,1784040226.985621,decode,2,0,2256,0.0011,0,2,
1784040226.985621,1784040226.991890,decode,2,0,2256,0.0011,0,2,
1784040226.991890,1784040226.998161,decode,2,0,2256,0.0011,0,2,
1784040226.998161,1784040227.004235,decode,2,0,2256,0.0011,0,2,
1784040227.004235,1784040227.010539,decode,2,0,2256,0.0011,0,2,
1784040227.010539,1784040227.016710,decode,2,0,2256,0.0011,0,2,
1784040227.016710,1784040227.022767,decode,2,0,2256,0.0011,0,2,
1784040227.022767,1784040227.028939,decode,2,0,2256,0.0011,0,2,
1784040227.028939,1784040227.035650,decode,2,0,2256,0.0011,0,2,
1784040227.035650,1784040227.041502,decode,2,0,2256,0.0011,0,2,
1784040227.041502,1784040227.047629,decode,2,0,2256,0.0011,0,2,
1784040227.047629,1784040227.053963,decode,2,0,2272,0.0011,0,2,
1784040227.053963,1784040227.060056,decode,2,0,2288,0.0011,0,2,
1784040227.060056,1784040227.066188,decode,2,0,2288,0.0011,0,2,
1784040227.066188,1784040227.072196,decode,2,0,2288,0.0011,0,2,
1784040227.072196,1784040227.078499,decode,2,0,2288,0.0011,0,2,
1784040227.078499,1784040227.084730,decode,2,0,2288,0.0011,0,2,
1784040227.084730,1784040227.090702,decode,2,0,2288,0.0011,0,2,
1784040227.090702,1784040227.097059,decode,2,0,2288,0.0011,0,2,
1784040227.097059,1784040227.103246,decode,2,0,2288,0.0011,0,2,
1784040227.103246,1784040227.109219,decode,2,0,2288,0.0011,0,2,
1784040227.109219,1784040227.115587,decode,2,0,2288,0.0011,0,2,
1784040227.115587,1784040227.121625,decode,2,0,2288,0.0011,0,2,
1784040227.121625,1784040227.127906,decode,2,0,2288,0.0011,0,2,
1784040227.127906,1784040227.134299,decode,2,0,2288,0.0011,0,2,
1784040227.134299,1784040227.140347,decode,2,0,2288,0.0011,0,2,
1784040227.140347,1784040227.146608,decode,2,0,2288,0.0011,0,2,
1784040227.146608,1784040227.152853,decode,2,0,2304,0.0011,0,2,
1784040227.152853,1784040227.159097,decode,2,0,2320,0.0011,0,2,
1784040227.159097,1784040227.165435,decode,2,0,2320,0.0011,0,2,
1784040227.165435,1784040227.171476,decode,2,0,2320,0.0011,0,2,
1784040227.171476,1784040227.177558,decode,2,0,2320,0.0011,0,2,
1784040227.177558,1784040227.183990,decode,2,0,2320,0.0011,0,2,
1784040227.183990,1784040227.190100,decode,2,0,2320,0.0011,0,2,
1784040227.190100,1784040227.196140,decode,2,0,2320,0.0011,0,2,
1784040227.196140,1784040227.202585,decode,2,0,2320,0.0011,0,2,
1784040227.202585,1784040227.208830,decode,2,0,2320,0.0011,0,2,
1784040227.208830,1784040227.215110,decode,2,0,2320,0.0011,0,2,
1784040227.215110,1784040227.221125,decode,2,0,2320,0.0011,0,2,
1784040227.221125,1784040227.227332,decode,2,0,2320,0.0011,0,2,
1784040227.227332,1784040227.233823,decode,2,0,2320,0.0011,0,2,
1784040227.233823,1784040227.240090,decode,1,0,2176,0.0010,0,2,
1784040227.240090,1784040227.247143,decode,0,0,0,0.0000,0,1,
1784040227.247143,1784040227.253736,mixed,1,0,2048,0.0010,2048,1,
1784040227.253736,1784040227.260190,mixed,2,0,2080,0.0010,2048,2,
1784040227.260190,1784040227.266603,decode,2,0,2096,0.0010,0,2,
1784040227.266603,1784040227.272643,decode,2,0,2096,0.0010,0,2,
1784040227.272643,1784040227.278733,decode,2,0,2096,0.0010,0,2,
1784040227.278733,1784040227.285043,decode,2,0,2096,0.0010,0,2,
1784040227.285043,1784040227.291556,decode,2,0,2096,0.0010,0,2,
1784040227.291556,1784040227.297493,decode,2,0,2096,0.0010,0,2,
1784040227.297493,1784040227.303702,decode,2,0,2096,0.0010,0,2,
1784040227.303702,1784040227.309842,decode,2,0,2096,0.0010,0,2,
1784040227.309842,1784040227.316134,decode,2,0,2096,0.0010,0,2,
1784040227.316134,1784040227.322356,decode,2,0,2096,0.0010,0,2,
1784040227.322356,1784040227.328337,decode,2,0,2096,0.0010,0,2,
1784040227.328337,1784040227.334757,decode,2,0,2096,0.0010,0,2,
1784040227.334757,1784040227.340942,decode,2,0,2096,0.0010,0,2,
1784040227.340942,1784040227.347087,decode,2,0,2096,0.0010,0,2,
1784040227.347087,1784040227.353168,decode,2,0,2096,0.0010,0,2,
1784040227.353168,1784040227.359649,decode,2,0,2112,0.0010,0,2,
1784040227.359649,1784040227.365702,decode,2,0,2128,0.0010,0,2,
1784040227.365702,1784040227.372040,decode,2,0,2128,0.0010,0,2,
1784040227.372040,1784040227.378308,decode,2,0,2128,0.0010,0,2,
1784040227.378308,1784040227.384473,decode,2,0,2128,0.0010,0,2,
1784040227.384473,1784040227.390810,decode,2,0,2128,0.0010,0,2,
1784040227.390810,1784040227.396764,decode,2,0,2128,0.0010,0,2,
1784040227.396764,1784040227.403097,decode,2,0,2128,0.0010,0,2,
1784040227.403097,1784040227.409190,decode,2,0,2128,0.0010,0,2,
1784040227.409190,1784040227.415561,decode,2,0,2128,0.0010,0,2,
1784040227.415561,1784040227.421631,decode,2,0,2128,0.0010,0,2,
1784040227.421631,1784040227.427855,decode,2,0,2128,0.0010,0,2,
1784040227.427855,1784040227.434553,decode,2,0,2128,0.0010,0,2,
1784040227.434553,1784040227.440322,decode,2,0,2128,0.0010,0,2,
1784040227.440322,1784040227.447078,decode,2,0,2128,0.0010,0,2,
1784040227.447078,1784040227.452868,decode,2,0,2128,0.0010,0,2,
1784040227.452868,1784040227.458912,decode,2,0,2144,0.0010,0,2,
1784040227.458912,1784040227.465141,decode,2,0,2160,0.0010,0,2,
1784040227.465141,1784040227.471323,decode,2,0,2160,0.0010,0,2,
1784040227.471323,1784040227.477281,decode,2,0,2160,0.0010,0,2,
1784040227.477281,1784040227.483164,decode,2,0,2160,0.0010,0,2,
1784040227.483164,1784040227.489429,decode,2,0,2160,0.0010,0,2,
1784040227.489429,1784040227.495452,decode,2,0,2160,0.0010,0,2,
1784040227.495452,1784040227.501413,decode,2,0,2160,0.0010,0,2,
1784040227.501413,1784040227.507524,decode,2,0,2160,0.0010,0,2,
1784040227.507524,1784040227.513422,decode,2,0,2160,0.0010,0,2,
1784040227.513422,1784040227.519722,decode,2,0,2160,0.0010,0,2,
1784040227.519722,1784040227.525569,decode,2,0,2160,0.0010,0,2,
1784040227.525569,1784040227.531783,decode,2,0,2160,0.0010,0,2,
1784040227.531783,1784040227.538212,decode,2,0,2160,0.0010,0,2,
1784040227.538212,1784040227.544299,decode,2,0,2160,0.0010,0,2,
1784040227.544299,1784040227.550056,decode,2,0,2160,0.0010,0,2,
1784040227.550056,1784040227.556079,decode,2,0,2176,0.0010,0,2,
1784040227.556079,1784040227.562072,decode,2,0,2192,0.0011,0,2,
1784040227.562072,1784040227.568238,decode,2,0,2192,0.0011,0,2,
1784040227.568238,1784040227.574407,decode,2,0,2192,0.0011,0,2,
1784040227.574407,1784040227.580332,decode,2,0,2192,0.0011,0,2,
1784040227.580332,1784040227.586212,decode,2,0,2192,0.0011,0,2,
1784040227.586212,1784040227.592482,decode,2,0,2192,0.0011,0,2,
1784040227.592482,1784040227.598378,decode,2,0,2192,0.0011,0,2,
1784040227.598378,1784040227.604214,decode,2,0,2192,0.0011,0,2,
1784040227.604214,1784040227.610261,decode,2,0,2192,0.0011,0,2,
1784040227.610261,1784040227.616325,decode,2,0,2192,0.0011,0,2,
1784040227.616325,1784040227.622391,decode,2,0,2192,0.0011,0,2,
1784040227.622391,1784040227.628524,decode,2,0,2192,0.0011,0,2,
1784040227.628524,1784040227.634502,decode,2,0,2192,0.0011,0,2,
1784040227.634502,1784040227.641006,decode,2,0,2192,0.0011,0,2,
1784040227.641006,1784040227.646892,decode,2,0,2192,0.0011,0,2,
1784040227.646892,1784040227.652853,decode,2,0,2208,0.0011,0,2,
1784040227.652853,1784040227.659090,decode,2,0,2224,0.0011,0,2,
1784040227.659090,1784040227.665104,decode,2,0,2224,0.0011,0,2,
1784040227.665104,1784040227.671024,decode,2,0,2224,0.0011,0,2,
1784040227.671024,1784040227.677277,decode,2,0,2224,0.0011,0,2,
1784040227.677277,1784040227.683301,decode,2,0,2224,0.0011,0,2,
1784040227.683301,1784040227.689181,decode,2,0,2224,0.0011,0,2,
1784040227.689181,1784040227.695387,decode,2,0,2224,0.0011,0,2,
1784040227.695387,1784040227.701475,decode,2,0,2224,0.0011,0,2,
1784040227.701475,1784040227.707339,decode,2,0,2224,0.0011,0,2,
1784040227.707339,1784040227.713444,decode,2,0,2224,0.0011,0,2,
1784040227.713444,1784040227.719602,decode,2,0,2224,0.0011,0,2,
1784040227.719602,1784040227.725544,decode,2,0,2224,0.0011,0,2,
1784040227.725544,1784040227.731818,decode,2,0,2224,0.0011,0,2,
1784040227.731818,1784040227.738203,decode,2,0,2224,0.0011,0,2,
1784040227.738203,1784040227.743783,decode,2,0,2224,0.0011,0,2,
1784040227.743783,1784040227.750023,decode,2,0,2240,0.0011,0,2,
1784040227.750023,1784040227.756042,decode,2,0,2256,0.0011,0,2,
1784040227.756042,1784040227.762210,decode,2,0,2256,0.0011,0,2,
1784040227.762210,1784040227.768287,decode,2,0,2256,0.0011,0,2,
1784040227.768287,1784040227.774188,decode,2,0,2256,0.0011,0,2,
1784040227.774188,1784040227.780257,decode,2,0,2256,0.0011,0,2,
1784040227.780257,1784040227.786370,decode,2,0,2256,0.0011,0,2,
1784040227.786370,1784040227.792512,decode,2,0,2256,0.0011,0,2,
1784040227.792512,1784040227.798449,decode,2,0,2256,0.0011,0,2,
1784040227.798449,1784040227.804651,decode,2,0,2256,0.0011,0,2,
1784040227.804651,1784040227.810757,decode,2,0,2256,0.0011,0,2,
1784040227.810757,1784040227.816780,decode,2,0,2256,0.0011,0,2,
1784040227.816780,1784040227.822710,decode,2,0,2256,0.0011,0,2,
1784040227.822710,1784040227.828778,decode,2,0,2256,0.0011,0,2,
1784040227.828778,1784040227.834999,decode,2,0,2256,0.0011,0,2,
1784040227.834999,1784040227.841088,decode,2,0,2256,0.0011,0,2,
1784040227.841088,1784040227.847543,decode,2,0,2272,0.0011,0,2,
1784040227.847543,1784040227.853460,decode,2,0,2288,0.0011,0,2,
1784040227.853460,1784040227.859516,decode,2,0,2288,0.0011,0,2,
1784040227.859516,1784040227.865258,decode,2,0,2288,0.0011,0,2,
1784040227.865258,1784040227.871366,decode,2,0,2288,0.0011,0,2,
1784040227.871366,1784040227.877470,decode,2,0,2288,0.0011,0,2,
1784040227.877470,1784040227.883531,decode,2,0,2288,0.0011,0,2,
1784040227.883531,1784040227.889617,decode,2,0,2288,0.0011,0,2,
1784040227.889617,1784040227.895500,decode,2,0,2288,0.0011,0,2,
1784040227.895500,1784040227.901731,decode,2,0,2288,0.0011,0,2,
1784040227.901731,1784040227.907756,decode,2,0,2288,0.0011,0,2,
1784040227.907756,1784040227.913849,decode,2,0,2288,0.0011,0,2,
1784040227.913849,1784040227.919897,decode,2,0,2288,0.0011,0,2,
1784040227.919897,1784040227.925869,decode,2,0,2288,0.0011,0,2,
1784040227.925869,1784040227.932314,decode,2,0,2288,0.0011,0,2,
1784040227.932314,1784040227.938150,decode,2,0,2288,0.0011,0,2,
1784040227.938150,1784040227.944492,decode,2,0,2304,0.0011,0,2,
1784040227.944492,1784040227.950563,decode,2,0,2320,0.0011,0,2,
1784040227.950563,1784040227.956471,decode,2,0,2320,0.0011,0,2,
1784040227.956471,1784040227.962615,decode,2,0,2320,0.0011,0,2,
1784040227.962615,1784040227.968724,decode,2,0,2320,0.0011,0,2,
1784040227.968724,1784040227.974728,decode,2,0,2320,0.0011,0,2,
1784040227.974728,1784040227.980820,decode,2,0,2320,0.0011,0,2,
1784040227.980820,1784040227.987041,decode,2,0,2320,0.0011,0,2,
1784040227.987041,1784040227.993226,decode,2,0,2320,0.0011,0,2,
1784040227.993226,1784040227.999169,decode,2,0,2320,0.0011,0,2,
1784040227.999169,1784040228.005370,decode,2,0,2320,0.0011,0,2,
1784040228.005370,1784040228.011564,decode,2,0,2320,0.0011,0,2,
1784040228.011564,1784040228.017634,decode,2,0,2320,0.0011,0,2,
1784040228.017634,1784040228.023614,decode,2,0,2320,0.0011,0,2,
1784040228.023614,1784040228.029785,decode,1,0,2176,0.0010,0,2,
1784040228.029785,1784040228.036769,decode,0,0,0,0.0000,0,1,
1784040228.036769,1784040228.043964,mixed,1,0,2048,0.0010,2048,1,
1784040228.043964,1784040228.050227,mixed,2,0,2080,0.0010,2048,2,
1784040228.050227,1784040228.056612,decode,2,0,2096,0.0010,0,2,
1784040228.056612,1784040228.062511,decode,2,0,2096,0.0010,0,2,
1784040228.062511,1784040228.068748,decode,2,0,2096,0.0010,0,2,
1784040228.068748,1784040228.074620,decode,2,0,2096,0.0010,0,2,
1784040228.074620,1784040228.080880,decode,2,0,2096,0.0010,0,2,
1784040228.080880,1784040228.087047,decode,2,0,2096,0.0010,0,2,
1784040228.087047,1784040228.093031,decode,2,0,2096,0.0010,0,2,
1784040228.093031,1784040228.099200,decode,2,0,2096,0.0010,0,2,
1784040228.099200,1784040228.105449,decode,2,0,2096,0.0010,0,2,
1784040228.105449,1784040228.111557,decode,2,0,2096,0.0010,0,2,
1784040228.111557,1784040228.117693,decode,2,0,2096,0.0010,0,2,
1784040228.117693,1784040228.123650,decode,2,0,2096,0.0010,0,2,
1784040228.123650,1784040228.129799,decode,2,0,2096,0.0010,0,2,
1784040228.129799,1784040228.136497,decode,2,0,2096,0.0010,0,2,
1784040228.136497,1784040228.142172,decode,2,0,2096,0.0010,0,2,
1784040228.142172,1784040228.148297,decode,2,0,2112,0.0010,0,2,
1784040228.148297,1784040228.154680,decode,2,0,2128,0.0010,0,2,
1784040228.154680,1784040228.160665,decode,2,0,2128,0.0010,0,2,
1784040228.160665,1784040228.166897,decode,2,0,2128,0.0010,0,2,
1784040228.166897,1784040228.172847,decode,2,0,2128,0.0010,0,2,
1784040228.172847,1784040228.178935,decode,2,0,2128,0.0010,0,2,
1784040228.178935,1784040228.185096,decode,2,0,2128,0.0010,0,2,
1784040228.185096,1784040228.191116,decode,2,0,2128,0.0010,0,2,
1784040228.191116,1784040228.197046,decode,2,0,2128,0.0010,0,2,
1784040228.197046,1784040228.203285,decode,2,0,2128,0.0010,0,2,
1784040228.203285,1784040228.209346,decode,2,0,2128,0.0010,0,2,
1784040228.209346,1784040228.215267,decode,2,0,2128,0.0010,0,2,
1784040228.215267,1784040228.221318,decode,2,0,2128,0.0010,0,2,
1784040228.221318,1784040228.227367,decode,2,0,2128,0.0010,0,2,
1784040228.227367,1784040228.233908,decode,2,0,2128,0.0010,0,2,
1784040228.233908,1784040228.239580,decode,2,0,2128,0.0010,0,2,
1784040228.239580,1784040228.245694,decode,2,0,2144,0.0010,0,2,
1784040228.245694,1784040228.252161,decode,2,0,2160,0.0010,0,2,
1784040228.252161,1784040228.257902,decode,2,0,2160,0.0010,0,2,
1784040228.257902,1784040228.263808,decode,2,0,2160,0.0010,0,2,
1784040228.263808,1784040228.270128,decode,2,0,2160,0.0010,0,2,
1784040228.270128,1784040228.275895,decode,2,0,2160,0.0010,0,2,
1784040228.275895,1784040228.282099,decode,2,0,2160,0.0010,0,2,
1784040228.282099,1784040228.288181,decode,2,0,2160,0.0010,0,2,
1784040228.288181,1784040228.294219,decode,2,0,2160,0.0010,0,2,
1784040228.294219,1784040228.300391,decode,2,0,2160,0.0010,0,2,
1784040228.300391,1784040228.306413,decode,2,0,2160,0.0010,0,2,
1784040228.306413,1784040228.312353,decode,2,0,2160,0.0010,0,2,
1784040228.312353,1784040228.318603,decode,2,0,2160,0.0010,0,2,
1784040228.318603,1784040228.324533,decode,2,0,2160,0.0010,0,2,
1784040228.324533,1784040228.330715,decode,2,0,2160,0.0010,0,2,
1784040228.330715,1784040228.336821,decode,2,0,2160,0.0010,0,2,
1784040228.336821,1784040228.343456,decode,2,0,2176,0.0010,0,2,
1784040228.343456,1784040228.349115,decode,2,0,2192,0.0011,0,2,
1784040228.349115,1784040228.355489,decode,2,0,2192,0.0011,0,2,
1784040228.355489,1784040228.361427,decode,2,0,2192,0.0011,0,2,
1784040228.361427,1784040228.367370,decode,2,0,2192,0.0011,0,2,
1784040228.367370,1784040228.373491,decode,2,0,2192,0.0011,0,2,
1784040228.373491,1784040228.379579,decode,2,0,2192,0.0011,0,2,
1784040228.379579,1784040228.385660,decode,2,0,2192,0.0011,0,2,
1784040228.385660,1784040228.391624,decode,2,0,2192,0.0011,0,2,
1784040228.391624,1784040228.397899,decode,2,0,2192,0.0011,0,2,
1784040228.397899,1784040228.403919,decode,2,0,2192,0.0011,0,2,
1784040228.403919,1784040228.410131,decode,2,0,2192,0.0011,0,2,
1784040228.410131,1784040228.416075,decode,2,0,2192,0.0011,0,2,
1784040228.416075,1784040228.422182,decode,2,0,2192,0.0011,0,2,
1784040228.422182,1784040228.428236,decode,2,0,2192,0.0011,0,2,
1784040228.428236,1784040228.434518,decode,2,0,2192,0.0011,0,2,
1784040228.434518,1784040228.440803,decode,2,0,2208,0.0011,0,2,
1784040228.440803,1784040228.446908,decode,2,0,2224,0.0011,0,2,
1784040228.446908,1784040228.453194,decode,2,0,2224,0.0011,0,2,
1784040228.453194,1784040228.459095,decode,2,0,2224,0.0011,0,2,
1784040228.459095,1784040228.465500,decode,2,0,2224,0.0011,0,2,
1784040228.465500,1784040228.471123,decode,2,0,2224,0.0011,0,2,
1784040228.471123,1784040228.477539,decode,2,0,2224,0.0011,0,2,
1784040228.477539,1784040228.483649,decode,2,0,2224,0.0011,0,2,
1784040228.483649,1784040228.489670,decode,2,0,2224,0.0011,0,2,
1784040228.489670,1784040228.495910,decode,2,0,2224,0.0011,0,2,
1784040228.495910,1784040228.502069,decode,2,0,2224,0.0011,0,2,
1784040228.502069,1784040228.508085,decode,2,0,2224,0.0011,0,2,
1784040228.508085,1784040228.514394,decode,2,0,2224,0.0011,0,2,
1784040228.514394,1784040228.520574,decode,2,0,2224,0.0011,0,2,
1784040228.520574,1784040228.526595,decode,2,0,2224,0.0011,0,2,
1784040228.526595,1784040228.532837,decode,2,0,2224,0.0011,0,2,
1784040228.532837,1784040228.539284,decode,2,0,2240,0.0011,0,2,
1784040228.539284,1784040228.545712,decode,2,0,2256,0.0011,0,2,
1784040228.545712,1784040228.551613,decode,2,0,2256,0.0011,0,2,
1784040228.551613,1784040228.557722,decode,2,0,2256,0.0011,0,2,
1784040228.557722,1784040228.563757,decode,2,0,2256,0.0011,0,2,
1784040228.563757,1784040228.570023,decode,2,0,2256,0.0011,0,2,
1784040228.570023,1784040228.576148,decode,2,0,2256,0.0011,0,2,
1784040228.576148,1784040228.582135,decode,2,0,2256,0.0011,0,2,
1784040228.582135,1784040228.588410,decode,2,0,2256,0.0011,0,2,
1784040228.588410,1784040228.594493,decode,2,0,2256,0.0011,0,2,
1784040228.594493,1784040228.600597,decode,2,0,2256,0.0011,0,2,
1784040228.600597,1784040228.606710,decode,2,0,2256,0.0011,0,2,
1784040228.606710,1784040228.612869,decode,2,0,2256,0.0011,0,2,
1784040228.612869,1784040228.618790,decode,2,0,2256,0.0011,0,2,
1784040228.618790,1784040228.624834,decode,2,0,2256,0.0011,0,2,
1784040228.624834,1784040228.631066,decode,2,0,2256,0.0011,0,2,
1784040228.631066,1784040228.637295,decode,2,0,2272,0.0011,0,2,
1784040228.637295,1784040228.643500,decode,2,0,2288,0.0011,0,2,
1784040228.643500,1784040228.649945,decode,2,0,2288,0.0011,0,2,
1784040228.649945,1784040228.655936,decode,2,0,2288,0.0011,0,2,
1784040228.655936,1784040228.661875,decode,2,0,2288,0.0011,0,2,
1784040228.661875,1784040228.667861,decode,2,0,2288,0.0011,0,2,
1784040228.667861,1784040228.674183,decode,2,0,2288,0.0011,0,2,
1784040228.674183,1784040228.680306,decode,2,0,2288,0.0011,0,2,
1784040228.680306,1784040228.686294,decode,2,0,2288,0.0011,0,2,
1784040228.686294,1784040228.692582,decode,2,0,2288,0.0011,0,2,
1784040228.692582,1784040228.698757,decode,2,0,2288,0.0011,0,2,
1784040228.698757,1784040228.704769,decode,2,0,2288,0.0011,0,2,
1784040228.704769,1784040228.711061,decode,2,0,2288,0.0011,0,2,
1784040228.711061,1784040228.717243,decode,2,0,2288,0.0011,0,2,
1784040228.717243,1784040228.723226,decode,2,0,2288,0.0011,0,2,
1784040228.723226,1784040228.729352,decode,2,0,2288,0.0011,0,2,
1784040228.729352,1784040228.735612,decode,2,0,2304,0.0011,0,2,
1784040228.735612,1784040228.742051,decode,2,0,2320,0.0011,0,2,
1784040228.742051,1784040228.748212,decode,2,0,2320,0.0011,0,2,
1784040228.748212,1784040228.754222,decode,2,0,2320,0.0011,0,2,
1784040228.754222,1784040228.760313,decode,2,0,2320,0.0011,0,2,
1784040228.760313,1784040228.766402,decode,2,0,2320,0.0011,0,2,
1784040228.766402,1784040228.772702,decode,2,0,2320,0.0011,0,2,
1784040228.772702,1784040228.778864,decode,2,0,2320,0.0011,0,2,
1784040228.778864,1784040228.785095,decode,2,0,2320,0.0011,0,2,
1784040228.785095,1784040228.791248,decode,2,0,2320,0.0011,0,2,
1784040228.791248,1784040228.797365,decode,2,0,2320,0.0011,0,2,
1784040228.797365,1784040228.803464,decode,2,0,2320,0.0011,0,2,
1784040228.803464,1784040228.809744,decode,2,0,2320,0.0011,0,2,
1784040228.809744,1784040228.815856,decode,2,0,2320,0.0011,0,2,
1784040228.815856,1784040228.822107,decode,1,0,2176,0.0010,0,2,
1784040228.822107,1784040228.828655,decode,0,0,0,0.0000,0,1,
1784040228.828655,1784040228.836057,mixed,1,0,2048,0.0010,2048,1,
1784040228.836057,1784040228.842082,mixed,2,0,2080,0.0010,2048,2,
1784040228.842082,1784040228.848245,decode,2,0,2096,0.0010,0,2,
1784040228.848245,1784040228.854491,decode,2,0,2096,0.0010,0,2,
1784040228.854491,1784040228.860642,decode,2,0,2096,0.0010,0,2,
1784040228.860642,1784040228.866629,decode,2,0,2096,0.0010,0,2,
1784040228.866629,1784040228.872938,decode,2,0,2096,0.0010,0,2,
1784040228.872938,1784040228.879084,decode,2,0,2096,0.0010,0,2,
1784040228.879084,1784040228.885422,decode,2,0,2096,0.0010,0,2,
1784040228.885422,1784040228.891526,decode,2,0,2096,0.0010,0,2,
1784040228.891526,1784040228.897450,decode,2,0,2096,0.0010,0,2,
1784040228.897450,1784040228.903773,decode,2,0,2096,0.0010,0,2,
1784040228.903773,1784040228.909918,decode,2,0,2096,0.0010,0,2,
1784040228.909918,1784040228.916143,decode,2,0,2096,0.0010,0,2,
1784040228.916143,1784040228.922087,decode,2,0,2096,0.0010,0,2,
1784040228.922087,1784040228.928142,decode,2,0,2096,0.0010,0,2,
1784040228.928142,1784040228.934417,decode,2,0,2096,0.0010,0,2,
1784040228.934417,1784040228.940636,decode,2,0,2112,0.0010,0,2,
1784040228.940636,1784040228.947062,decode,2,0,2128,0.0010,0,2,
1784040228.947062,1784040228.953127,decode,2,0,2128,0.0010,0,2,
1784040228.953127,1784040228.959304,decode,2,0,2128,0.0010,0,2,
1784040228.959304,1784040228.965358,decode,2,0,2128,0.0010,0,2,
1784040228.965358,1784040228.971751,decode,2,0,2128,0.0010,0,2,
1784040228.971751,1784040228.977931,decode,2,0,2128,0.0010,0,2,
1784040228.977931,1784040228.984126,decode,2,0,2128,0.0010,0,2,
1784040228.984126,1784040228.990333,decode,2,0,2128,0.0010,0,2,
1784040228.990333,1784040228.996529,decode,2,0,2128,0.0010,0,2,
1784040228.996529,1784040229.002729,decode,2,0,2128,0.0010,0,2,
1784040229.002729,1784040229.008745,decode,2,0,2128,0.0010,0,2,
1784040229.008745,1784040229.015016,decode,2,0,2128,0.0010,0,2,
1784040229.015016,1784040229.021242,decode,2,0,2128,0.0010,0,2,
1784040229.021242,1784040229.027246,decode,2,0,2128,0.0010,0,2,
1784040229.027246,1784040229.033557,decode,2,0,2128,0.0010,0,2,
1784040229.033557,1784040229.040178,decode,2,0,2144,0.0010,0,2,
1784040229.040178,1784040229.046166,decode,2,0,2160,0.0010,0,2,
1784040229.046166,1784040229.052618,decode,2,0,2160,0.0010,0,2,
1784040229.052618,1784040229.058773,decode,2,0,2160,0.0010,0,2,
1784040229.058773,1784040229.064732,decode,2,0,2160,0.0010,0,2,
1784040229.064732,1784040229.070916,decode,2,0,2160,0.0010,0,2,
1784040229.070916,1784040229.077165,decode,2,0,2160,0.0010,0,2,
1784040229.077165,1784040229.083116,decode,2,0,2160,0.0010,0,2,
1784040229.083116,1784040229.089417,decode,2,0,2160,0.0010,0,2,
1784040229.089417,1784040229.095811,decode,2,0,2160,0.0010,0,2,
1784040229.095811,1784040229.102016,decode,2,0,2160,0.0010,0,2,
1784040229.102016,1784040229.108064,decode,2,0,2160,0.0010,0,2,
1784040229.108064,1784040229.114396,decode,2,0,2160,0.0010,0,2,
1784040229.114396,1784040229.120620,decode,2,0,2160,0.0010,0,2,
1784040229.120620,1784040229.126770,decode,2,0,2160,0.0010,0,2,
1784040229.126770,1784040229.132960,decode,2,0,2160,0.0010,0,2,
1784040229.132960,1784040229.139325,decode,2,0,2176,0.0010,0,2,
1784040229.139325,1784040229.145789,decode,2,0,2192,0.0011,0,2,
1784040229.145789,1784040229.151864,decode,2,0,2192,0.0011,0,2,
1784040229.151864,1784040229.157629,decode,2,0,2192,0.0011,0,2,
1784040229.157629,1784040229.163439,decode,2,0,2192,0.0011,0,2,
1784040229.163439,1784040229.169733,decode,2,0,2192,0.0011,0,2,
1784040229.169733,1784040229.175808,decode,2,0,2192,0.0011,0,2,
1784040229.175808,1784040229.181719,decode,2,0,2192,0.0011,0,2,
1784040229.181719,1784040229.187917,decode,2,0,2192,0.0011,0,2,
1784040229.187917,1784040229.193906,decode,2,0,2192,0.0011,0,2,
1784040229.193906,1784040229.200071,decode,2,0,2192,0.0011,0,2,
1784040229.200071,1784040229.206079,decode,2,0,2192,0.0011,0,2,
1784040229.206079,1784040229.212170,decode,2,0,2192,0.0011,0,2,
1784040229.212170,1784040229.218254,decode,2,0,2192,0.0011,0,2,
1784040229.218254,1784040229.224257,decode,2,0,2192,0.0011,0,2,
1784040229.224257,1784040229.230194,decode,2,0,2192,0.0011,0,2,
1784040229.230194,1784040229.236785,decode,2,0,2208,0.0011,0,2,
1784040229.236785,1784040229.242873,decode,2,0,2224,0.0011,0,2,
1784040229.242873,1784040229.248629,decode,2,0,2224,0.0011,0,2,
1784040229.248629,1784040229.254547,decode,2,0,2224,0.0011,0,2,
1784040229.254547,1784040229.260757,decode,2,0,2224,0.0011,0,2,
1784040229.260757,1784040229.266693,decode,2,0,2224,0.0011,0,2,
1784040229.266693,1784040229.272885,decode,2,0,2224,0.0011,0,2,
1784040229.272885,1784040229.278792,decode,2,0,2224,0.0011,0,2,
1784040229.278792,1784040229.284994,decode,2,0,2224,0.0011,0,2,
1784040229.284994,1784040229.290892,decode,2,0,2224,0.0011,0,2,
1784040229.290892,1784040229.297109,decode,2,0,2224,0.0011,0,2,
1784040229.297109,1784040229.303020,decode,2,0,2224,0.0011,0,2,
1784040229.303020,1784040229.309245,decode,2,0,2224,0.0011,0,2,
1784040229.309245,1784040229.315296,decode,2,0,2224,0.0011,0,2,
1784040229.315296,1784040229.321216,decode,2,0,2224,0.0011,0,2,
1784040229.321216,1784040229.327196,decode,2,0,2224,0.0011,0,2,
1784040229.327196,1784040229.333577,decode,2,0,2240,0.0011,0,2,
1784040229.333577,1784040229.339646,decode,2,0,2256,0.0011,0,2,
1784040229.339646,1784040229.345818,decode,2,0,2256,0.0011,0,2,
1784040229.345818,1784040229.351696,decode,2,0,2256,0.0011,0,2,
1784040229.351696,1784040229.357624,decode,2,0,2256,0.0011,0,2,
1784040229.357624,1784040229.363799,decode,2,0,2256,0.0011,0,2,
1784040229.363799,1784040229.369718,decode,2,0,2256,0.0011,0,2,
1784040229.369718,1784040229.375947,decode,2,0,2256,0.0011,0,2,
1784040229.375947,1784040229.381997,decode,2,0,2256,0.0011,0,2,
1784040229.381997,1784040229.387928,decode,2,0,2256,0.0011,0,2,
1784040229.387928,1784040229.394132,decode,2,0,2256,0.0011,0,2,
1784040229.394132,1784040229.400043,decode,2,0,2256,0.0011,0,2,
1784040229.400043,1784040229.406105,decode,2,0,2256,0.0011,0,2,
1784040229.406105,1784040229.412175,decode,2,0,2256,0.0011,0,2,
1784040229.412175,1784040229.418246,decode,2,0,2256,0.0011,0,2,
1784040229.418246,1784040229.424341,decode,2,0,2256,0.0011,0,2,
1784040229.424341,1784040229.430350,decode,2,0,2272,0.0011,0,2,
1784040229.430350,1784040229.436662,decode,2,0,2288,0.0011,0,2,
1784040229.436662,1784040229.442885,decode,2,0,2288,0.0011,0,2,
1784040229.442885,1784040229.448757,decode,2,0,2288,0.0011,0,2,
1784040229.448757,1784040229.454689,decode,2,0,2288,0.0011,0,2,
1784040229.454689,1784040229.460745,decode,2,0,2288,0.0011,0,2,
1784040229.460745,1784040229.466820,decode,2,0,2288,0.0011,0,2,
1784040229.466820,1784040229.473035,decode,2,0,2288,0.0011,0,2,
1784040229.473035,1784040229.479141,decode,2,0,2288,0.0011,0,2,
1784040229.479141,1784040229.485232,decode,2,0,2288,0.0011,0,2,
1784040229.485232,1784040229.491207,decode,2,0,2288,0.0011,0,2,
1784040229.491207,1784040229.497402,decode,2,0,2288,0.0011,0,2,
1784040229.497402,1784040229.503356,decode,2,0,2288,0.0011,0,2,
1784040229.503356,1784040229.509605,decode,2,0,2288,0.0011,0,2,
1784040229.509605,1784040229.515698,decode,2,0,2288,0.0011,0,2,
1784040229.515698,1784040229.521758,decode,2,0,2288,0.0011,0,2,
1784040229.521758,1784040229.527816,decode,2,0,2304,0.0011,0,2,
1784040229.527816,1784040229.534081,decode,2,0,2320,0.0011,0,2,
1784040229.534081,1784040229.540282,decode,2,0,2320,0.0011,0,2,
1784040229.540282,1784040229.546570,decode,2,0,2320,0.0011,0,2,
1784040229.546570,1784040229.552454,decode,2,0,2320,0.0011,0,2,
1784040229.552454,1784040229.558437,decode,2,0,2320,0.0011,0,2,
1784040229.558437,1784040229.564528,decode,2,0,2320,0.0011,0,2,
1784040229.564528,1784040229.570452,decode,2,0,2320,0.0011,0,2,
1784040229.570452,1784040229.576692,decode,2,0,2320,0.0011,0,2,
1784040229.576692,1784040229.582758,decode,2,0,2320,0.0011,0,2,
1784040229.582758,1784040229.588679,decode,2,0,2320,0.0011,0,2,
1784040229.588679,1784040229.594954,decode,2,0,2320,0.0011,0,2,
1784040229.594954,1784040229.600985,decode,2,0,2320,0.0011,0,2,
1784040229.600985,1784040229.607094,decode,2,0,2320,0.0011,0,2,
1784040229.607094,1784040229.613124,decode,1,0,2176,0.0010,0,2,
1784040229.613124,1784040229.619777,decode,0,0,0,0.0000,0,1,
1784040229.619777,1784040229.626410,mixed,1,0,2048,0.0010,2048,1,
1784040229.626410,1784040229.633263,mixed,2,0,2080,0.0010,2048,2,
1784040229.633263,1784040229.638966,decode,2,0,2096,0.0010,0,2,
1784040229.638966,1784040229.645174,decode,2,0,2096,0.0010,0,2,
1784040229.645174,1784040229.651252,decode,2,0,2096,0.0010,0,2,
1784040229.651252,1784040229.657153,decode,2,0,2096,0.0010,0,2,
1784040229.657153,1784040229.663395,decode,2,0,2096,0.0010,0,2,
1784040229.663395,1784040229.669327,decode,2,0,2096,0.0010,0,2,
1784040229.669327,1784040229.675207,decode,2,0,2096,0.0010,0,2,
1784040229.675207,1784040229.681280,decode,2,0,2096,0.0010,0,2,
1784040229.681280,1784040229.687350,decode,2,0,2096,0.0010,0,2,
1784040229.687350,1784040229.693576,decode,2,0,2096,0.0010,0,2,
1784040229.693576,1784040229.700446,decode,2,0,2096,0.0010,0,2,
1784040229.700446,1784040229.706439,decode,2,0,2096,0.0010,0,2,
1784040229.706439,1784040229.712651,decode,2,0,2096,0.0010,0,2,
1784040229.712651,1784040229.718730,decode,2,0,2096,0.0010,0,2,
1784040229.718730,1784040229.724606,decode,2,0,2096,0.0010,0,2,
1784040229.724606,1784040229.730745,decode,2,0,2112,0.0010,0,2,
1784040229.730745,1784040229.737363,decode,2,0,2128,0.0010,0,2,
1784040229.737363,1784040229.743200,decode,2,0,2128,0.0010,0,2,
1784040229.743200,1784040229.749107,decode,2,0,2128,0.0010,0,2,
1784040229.749107,1784040229.755521,decode,2,0,2128,0.0010,0,2,
1784040229.755521,1784040229.761285,decode,2,0,2128,0.0010,0,2,
1784040229.761285,1784040229.767195,decode,2,0,2128,0.0010,0,2,
1784040229.767195,1784040229.773367,decode,2,0,2128,0.0010,0,2,
1784040229.773367,1784040229.779473,decode,2,0,2128,0.0010,0,2,
1784040229.779473,1784040229.785428,decode,2,0,2128,0.0010,0,2,
1784040229.785428,1784040229.791553,decode,2,0,2128,0.0010,0,2,
1784040229.791553,1784040229.797634,decode,2,0,2128,0.0010,0,2,
1784040229.797634,1784040229.803714,decode,2,0,2128,0.0010,0,2,
1784040229.803714,1784040229.809901,decode,2,0,2128,0.0010,0,2,
1784040229.809901,1784040229.815859,decode,2,0,2128,0.0010,0,2,
1784040229.815859,1784040229.822050,decode,2,0,2128,0.0010,0,2,
1784040229.822050,1784040229.828073,decode,2,0,2144,0.0010,0,2,
1784040229.828073,1784040229.834553,decode,2,0,2160,0.0010,0,2,
1784040229.834553,1784040229.840291,decode,2,0,2160,0.0010,0,2,
1784040229.840291,1784040229.846863,decode,2,0,2160,0.0010,0,2,
1784040229.846863,1784040229.852935,decode,2,0,2160,0.0010,0,2,
1784040229.852935,1784040229.858731,decode,2,0,2160,0.0010,0,2,
1784040229.858731,1784040229.864841,decode,2,0,2160,0.0010,0,2,
1784040229.864841,1784040229.870842,decode,2,0,2160,0.0010,0,2,
1784040229.870842,1784040229.877098,decode,2,0,2160,0.0010,0,2,
1784040229.877098,1784040229.883261,decode,2,0,2160,0.0010,0,2,
1784040229.883261,1784040229.889385,decode,2,0,2160,0.0010,0,2,
1784040229.889385,1784040229.895528,decode,2,0,2160,0.0010,0,2,
1784040229.895528,1784040229.901660,decode,2,0,2160,0.0010,0,2,
1784040229.901660,1784040229.907648,decode,2,0,2160,0.0010,0,2,
1784040229.907648,1784040229.913834,decode,2,0,2160,0.0010,0,2,
1784040229.913834,1784040229.920073,decode,2,0,2160,0.0010,0,2,
1784040229.920073,1784040229.926068,decode,2,0,2176,0.0010,0,2,
1784040229.926068,1784040229.932204,decode,2,0,2192,0.0011,0,2,
1784040229.932204,1784040229.938894,decode,2,0,2192,0.0011,0,2,
1784040229.938894,1784040229.944612,decode,2,0,2192,0.0011,0,2,
1784040229.944612,1784040229.950699,decode,2,0,2192,0.0011,0,2,
1784040229.950699,1784040229.956991,decode,2,0,2192,0.0011,0,2,
1784040229.956991,1784040229.963170,decode,2,0,2192,0.0011,0,2,
1784040229.963170,1784040229.969158,decode,2,0,2192,0.0011,0,2,
1784040229.969158,1784040229.975302,decode,2,0,2192,0.0011,0,2,
1784040229.975302,1784040229.981365,decode,2,0,2192,0.0011,0,2,
1784040229.981365,1784040229.987434,decode,2,0,2192,0.0011,0,2,
1784040229.987434,1784040229.993510,decode,2,0,2192,0.0011,0,2,
1784040229.993510,1784040229.999418,decode,2,0,2192,0.0011,0,2,
1784040229.999418,1784040230.005527,decode,2,0,2192,0.0011,0,2,
1784040230.005527,1784040230.011788,decode,2,0,2192,0.0011,0,2,
1784040230.011788,1784040230.017848,decode,2,0,2192,0.0011,0,2,
1784040230.017848,1784040230.023760,decode,2,0,2208,0.0011,0,2,
1784040230.023760,1784040230.029937,decode,2,0,2224,0.0011,0,2,
1784040230.029937,1784040230.036538,decode,2,0,2224,0.0011,0,2,
1784040230.036538,1784040230.042814,decode,2,0,2224,0.0011,0,2,
1784040230.042814,1784040230.048510,decode,2,0,2224,0.0011,0,2,
1784040230.048510,1784040230.054386,decode,2,0,2224,0.0011,0,2,
1784040230.054386,1784040230.060448,decode,2,0,2224,0.0011,0,2,
1784040230.060448,1784040230.066521,decode,2,0,2224,0.0011,0,2,
1784040230.066521,1784040230.072573,decode,2,0,2224,0.0011,0,2,
1784040230.072573,1784040230.078552,decode,2,0,2224,0.0011,0,2,
1784040230.078552,1784040230.084807,decode,2,0,2224,0.0011,0,2,
1784040230.084807,1784040230.090892,decode,2,0,2224,0.0011,0,2,
1784040230.090892,1784040230.096821,decode,2,0,2224,0.0011,0,2,
1784040230.096821,1784040230.102788,decode,2,0,2224,0.0011,0,2,
1784040230.102788,1784040230.108977,decode,2,0,2224,0.0011,0,2,
1784040230.108977,1784040230.115211,decode,2,0,2224,0.0011,0,2,
1784040230.115211,1784040230.121328,decode,2,0,2240,0.0011,0,2,
1784040230.121328,1784040230.127300,decode,2,0,2256,0.0011,0,2,
1784040230.127300,1784040230.133775,decode,2,0,2256,0.0011,0,2,
1784040230.133775,1784040230.139772,decode,2,0,2256,0.0011,0,2,
1784040230.139772,1784040230.146032,decode,2,0,2256,0.0011,0,2,
1784040230.146032,1784040230.151982,decode,2,0,2256,0.0011,0,2,
1784040230.151982,1784040230.158204,decode,2,0,2256,0.0011,0,2,
1784040230.158204,1784040230.163812,decode,2,0,2256,0.0011,0,2,
1784040230.163812,1784040230.169843,decode,2,0,2256,0.0011,0,2,
1784040230.169843,1784040230.176154,decode,2,0,2256,0.0011,0,2,
1784040230.176154,1784040230.181983,decode,2,0,2256,0.0011,0,2,
1784040230.181983,1784040230.188221,decode,2,0,2256,0.0011,0,2,
1784040230.188221,1784040230.194291,decode,2,0,2256,0.0011,0,2,
1784040230.194291,1784040230.200165,decode,2,0,2256,0.0011,0,2,
1784040230.200165,1784040230.206445,decode,2,0,2256,0.0011,0,2,
1784040230.206445,1784040230.212607,decode,2,0,2256,0.0011,0,2,
1784040230.212607,1784040230.218542,decode,2,0,2272,0.0011,0,2,
1784040230.218542,1784040230.224632,decode,2,0,2288,0.0011,0,2,
1784040230.224632,1784040230.230699,decode,2,0,2288,0.0011,0,2,
1784040230.230699,1784040230.237156,decode,2,0,2288,0.0011,0,2,
1784040230.237156,1784040230.243411,decode,2,0,2288,0.0011,0,2,
1784040230.243411,1784040230.249119,decode,2,0,2288,0.0011,0,2,
1784040230.249119,1784040230.255536,decode,2,0,2288,0.0011,0,2,
1784040230.255536,1784040230.261320,decode,2,0,2288,0.0011,0,2,
1784040230.261320,1784040230.267231,decode,2,0,2288,0.0011,0,2,
1784040230.267231,1784040230.273435,decode,2,0,2288,0.0011,0,2,
1784040230.273435,1784040230.279498,decode,2,0,2288,0.0011,0,2,
1784040230.279498,1784040230.285450,decode,2,0,2288,0.0011,0,2,
1784040230.285450,1784040230.291694,decode,2,0,2288,0.0011,0,2,
1784040230.291694,1784040230.297771,decode,2,0,2288,0.0011,0,2,
1784040230.297771,1784040230.303891,decode,2,0,2288,0.0011,0,2,
1784040230.303891,1784040230.309922,decode,2,0,2288,0.0011,0,2,
1784040230.309922,1784040230.316063,decode,2,0,2304,0.0011,0,2,
1784040230.316063,1784040230.322169,decode,2,0,2320,0.0011,0,2,
1784040230.322169,1784040230.328101,decode,2,0,2320,0.0011,0,2,
1784040230.328101,1784040230.334642,decode,2,0,2320,0.0011,0,2,
1784040230.334642,1784040230.340468,decode,2,0,2320,0.0011,0,2,
1784040230.340468,1784040230.346609,decode,2,0,2320,0.0011,0,2,
1784040230.346609,1784040230.352857,decode,2,0,2320,0.0011,0,2,
1784040230.352857,1784040230.358778,decode,2,0,2320,0.0011,0,2,
1784040230.358778,1784040230.364672,decode,2,0,2320,0.0011,0,2,
1784040230.364672,1784040230.371017,decode,2,0,2320,0.0011,0,2,
1784040230.371017,1784040230.377139,decode,2,0,2320,0.0011,0,2,
1784040230.377139,1784040230.383101,decode,2,0,2320,0.0011,0,2,
1784040230.383101,1784040230.389171,decode,2,0,2320,0.0011,0,2,
1784040230.389171,1784040230.395426,decode,2,0,2320,0.0011,0,2,
1784040230.395426,1784040230.401445,decode,1,0,2176,0.0010,0,2,
1784040230.401445,1784040230.408223,decode,0,0,0,0.0000,0,1,
1784040230.408223,1784040230.414870,mixed,1,0,2048,0.0010,2048,1,
1784040230.414870,1784040230.421204,mixed,2,0,2080,0.0010,2048,2,
1784040230.421204,1784040230.427166,decode,2,0,2096,0.0010,0,2,
1784040230.427166,1784040230.433573,decode,2,0,2096,0.0010,0,2,
1784040230.433573,1784040230.439418,decode,2,0,2096,0.0010,0,2,
1784040230.439418,1784040230.445839,decode,2,0,2096,0.0010,0,2,
1784040230.445839,1784040230.451586,decode,2,0,2096,0.0010,0,2,
1784040230.451586,1784040230.457947,decode,2,0,2096,0.0010,0,2,
1784040230.457947,1784040230.463715,decode,2,0,2096,0.0010,0,2,
1784040230.463715,1784040230.469863,decode,2,0,2096,0.0010,0,2,
1784040230.469863,1784040230.475821,decode,2,0,2096,0.0010,0,2,
1784040230.475821,1784040230.482107,decode,2,0,2096,0.0010,0,2,
1784040230.482107,1784040230.488088,decode,2,0,2096,0.0010,0,2,
1784040230.488088,1784040230.494282,decode,2,0,2096,0.0010,0,2,
1784040230.494282,1784040230.500275,decode,2,0,2096,0.0010,0,2,
1784040230.500275,1784040230.506555,decode,2,0,2096,0.0010,0,2,
1784040230.506555,1784040230.512624,decode,2,0,2096,0.0010,0,2,
1784040230.512624,1784040230.519165,decode,2,0,2112,0.0010,0,2,
1784040230.519165,1784040230.525053,decode,2,0,2128,0.0010,0,2,
1784040230.525053,1784040230.531214,decode,2,0,2128,0.0010,0,2,
1784040230.531214,1784040230.537560,decode,2,0,2128,0.0010,0,2,
1784040230.537560,1784040230.543368,decode,2,0,2128,0.0010,0,2,
1784040230.543368,1784040230.549666,decode,2,0,2128,0.0010,0,2,
1784040230.549666,1784040230.555847,decode,2,0,2128,0.0010,0,2,
1784040230.555847,1784040230.562011,decode,2,0,2128,0.0010,0,2,
1784040230.562011,1784040230.568226,decode,2,0,2128,0.0010,0,2,
1784040230.568226,1784040230.574337,decode,2,0,2128,0.0010,0,2,
1784040230.574337,1784040230.580574,decode,2,0,2128,0.0010,0,2,
1784040230.580574,1784040230.586617,decode,2,0,2128,0.0010,0,2,
1784040230.586617,1784040230.592892,decode,2,0,2128,0.0010,0,2,
1784040230.592892,1784040230.599089,decode,2,0,2128,0.0010,0,2,
1784040230.599089,1784040230.605124,decode,2,0,2128,0.0010,0,2,
1784040230.605124,1784040230.611490,decode,2,0,2128,0.0010,0,2,
1784040230.611490,1784040230.617698,decode,2,0,2144,0.0010,0,2,
1784040230.617698,1784040230.623674,decode,2,0,2160,0.0010,0,2,
1784040230.623674,1784040230.629967,decode,2,0,2160,0.0010,0,2,
1784040230.629967,1784040230.636507,decode,2,0,2160,0.0010,0,2,
1784040230.636507,1784040230.642518,decode,2,0,2160,0.0010,0,2,
1784040230.642518,1784040230.648723,decode,2,0,2160,0.0010,0,2,
1784040230.648723,1784040230.654861,decode,2,0,2160,0.0010,0,2,
1784040230.654861,1784040230.661019,decode,2,0,2160,0.0010,0,2,
1784040230.661019,1784040230.667129,decode,2,0,2160,0.0010,0,2,
1784040230.667129,1784040230.673379,decode,2,0,2160,0.0010,0,2,
1784040230.673379,1784040230.679614,decode,2,0,2160,0.0010,0,2,
1784040230.679614,1784040230.685787,decode,2,0,2160,0.0010,0,2,
1784040230.685787,1784040230.691845,decode,2,0,2160,0.0010,0,2,
1784040230.691845,1784040230.698200,decode,2,0,2160,0.0010,0,2,
1784040230.698200,1784040230.704303,decode,2,0,2160,0.0010,0,2,
1784040230.704303,1784040230.710558,decode,2,0,2160,0.0010,0,2,
1784040230.710558,1784040230.716824,decode,2,0,2176,0.0010,0,2,
1784040230.716824,1784040230.722841,decode,2,0,2192,0.0011,0,2,
1784040230.722841,1784040230.729131,decode,2,0,2192,0.0011,0,2,
1784040230.729131,1784040230.735521,decode,2,0,2192,0.0011,0,2,
1784040230.735521,1784040230.741822,decode,2,0,2192,0.0011,0,2,
1784040230.741822,1784040230.747510,decode,2,0,2192,0.0011,0,2,
1784040230.747510,1784040230.753779,decode,2,0,2192,0.0011,0,2,
1784040230.753779,1784040230.759940,decode,2,0,2192,0.0011,0,2,
1784040230.759940,1784040230.766117,decode,2,0,2192,0.0011,0,2,
1784040230.766117,1784040230.772267,decode,2,0,2192,0.0011,0,2,
1784040230.772267,1784040230.778438,decode,2,0,2192,0.0011,0,2,
1784040230.778438,1784040230.784388,decode,2,0,2192,0.0011,0,2,
1784040230.784388,1784040230.790775,decode,2,0,2192,0.0011,0,2,
1784040230.790775,1784040230.796927,decode,2,0,2192,0.0011,0,2,
1784040230.796927,1784040230.803173,decode,2,0,2192,0.0011,0,2,
1784040230.803173,1784040230.809160,decode,2,0,2192,0.0011,0,2,
1784040230.809160,1784040230.815381,decode,2,0,2208,0.0011,0,2,
1784040230.815381,1784040230.821803,decode,2,0,2224,0.0011,0,2,
1784040230.821803,1784040230.827831,decode,2,0,2224,0.0011,0,2,
1784040230.827831,1784040230.834400,decode,2,0,2224,0.0011,0,2,
1784040230.834400,1784040230.840374,decode,2,0,2224,0.0011,0,2,
1784040230.840374,1784040230.846827,decode,2,0,2224,0.0011,0,2,
1784040230.846827,1784040230.852631,decode,2,0,2224,0.0011,0,2,
1784040230.852631,1784040230.858652,decode,2,0,2224,0.0011,0,2,
1784040230.858652,1784040230.864944,decode,2,0,2224,0.0011,0,2,
1784040230.864944,1784040230.871087,decode,2,0,2224,0.0011,0,2,
1784040230.871087,1784040230.877228,decode,2,0,2224,0.0011,0,2,
1784040230.877228,1784040230.883546,decode,2,0,2224,0.0011,0,2,
1784040230.883546,1784040230.889812,decode,2,0,2224,0.0011,0,2,
1784040230.889812,1784040230.895851,decode,2,0,2224,0.0011,0,2,
1784040230.895851,1784040230.902266,decode,2,0,2224,0.0011,0,2,
1784040230.902266,1784040230.908352,decode,2,0,2224,0.0011,0,2,
1784040230.908352,1784040230.914698,decode,2,0,2240,0.0011,0,2,
1784040230.914698,1784040230.920973,decode,2,0,2256,0.0011,0,2,
1784040230.920973,1784040230.927093,decode,2,0,2256,0.0011,0,2,
1784040230.927093,1784040230.933835,decode,2,0,2256,0.0011,0,2,
1784040230.933835,1784040230.939788,decode,2,0,2256,0.0011,0,2,
1784040230.939788,1784040230.945715,decode,2,0,2256,0.0011,0,2,
1784040230.945715,1784040230.952152,decode,2,0,2256,0.0011,0,2,
1784040230.952152,1784040230.958226,decode,2,0,2256,0.0011,0,2,
1784040230.958226,1784040230.964604,decode,2,0,2256,0.0011,0,2,
1784040230.964604,1784040230.970666,decode,2,0,2256,0.0011,0,2,
1784040230.970666,1784040230.976726,decode,2,0,2256,0.0011,0,2,
1784040230.976726,1784040230.983089,decode,2,0,2256,0.0011,0,2,
1784040230.983089,1784040230.989262,decode,2,0,2256,0.0011,0,2,
1784040230.989262,1784040230.995397,decode,2,0,2256,0.0011,0,2,
1784040230.995397,1784040231.001732,decode,2,0,2256,0.0011,0,2,
1784040231.001732,1784040231.008019,decode,2,0,2256,0.0011,0,2,
1784040231.008019,1784040231.014258,decode,2,0,2272,0.0011,0,2,
1784040231.014258,1784040231.020491,decode,2,0,2288,0.0011,0,2,
1784040231.020491,1784040231.026696,decode,2,0,2288,0.0011,0,2,
1784040231.026696,1784040231.033014,decode,2,0,2288,0.0011,0,2,
1784040231.033014,1784040231.039170,decode,2,0,2288,0.0011,0,2,
1784040231.039170,1784040231.045345,decode,2,0,2288,0.0011,0,2,
1784040231.045345,1784040231.051561,decode,2,0,2288,0.0011,0,2,
1784040231.051561,1784040231.057764,decode,2,0,2288,0.0011,0,2,
1784040231.057764,1784040231.063970,decode,2,0,2288,0.0011,0,2,
1784040231.063970,1784040231.070059,decode,2,0,2288,0.0011,0,2,
1784040231.070059,1784040231.076371,decode,2,0,2288,0.0011,0,2,
1784040231.076371,1784040231.082561,decode,2,0,2288,0.0011,0,2,
1784040231.082561,1784040231.088738,decode,2,0,2288,0.0011,0,2,
1784040231.088738,1784040231.095069,decode,2,0,2288,0.0011,0,2,
1784040231.095069,1784040231.101096,decode,2,0,2288,0.0011,0,2,
1784040231.101096,1784040231.107552,decode,2,0,2288,0.0011,0,2,
1784040231.107552,1784040231.113751,decode,2,0,2304,0.0011,0,2,
1784040231.113751,1784040231.119872,decode,2,0,2320,0.0011,0,2,
1784040231.119872,1784040231.126248,decode,2,0,2320,0.0011,0,2,
1784040231.126248,1784040231.132464,decode,2,0,2320,0.0011,0,2,
1784040231.132464,1784040231.138523,decode,2,0,2320,0.0011,0,2,
1784040231.138523,1784040231.144890,decode,2,0,2320,0.0011,0,2,
1784040231.144890,1784040231.151049,decode,2,0,2320,0.0011,0,2,
1784040231.151049,1784040231.157198,decode,2,0,2320,0.0011,0,2,
1784040231.157198,1784040231.163431,decode,2,0,2320,0.0011,0,2,
1784040231.163431,1784040231.169629,decode,2,0,2320,0.0011,0,2,
1784040231.169629,1784040231.175708,decode,2,0,2320,0.0011,0,2,
1784040231.175708,1784040231.181595,decode,2,0,2320,0.0011,0,2,
1784040231.181595,1784040231.187736,decode,2,0,2320,0.0011,0,2,
1784040231.187736,1784040231.193842,decode,2,0,2320,0.0011,0,2,
1784040231.193842,1784040231.200028,decode,1,0,2176,0.0010,0,2,
1784040231.200028,1784040231.206585,decode,0,0,0,0.0000,0,1,
1784040231.206585,1784040231.213366,mixed,1,0,2048,0.0010,2048,1,
1784040231.213366,1784040231.219584,mixed,2,0,2080,0.0010,2048,2,
1784040231.219584,1784040231.225700,decode,2,0,2096,0.0010,0,2,
1784040231.225700,1784040231.231745,decode,2,0,2096,0.0010,0,2,
1784040231.231745,1784040231.237553,decode,2,0,2096,0.0010,0,2,
1784040231.237553,1784040231.243746,decode,2,0,2096,0.0010,0,2,
1784040231.243746,1784040231.249910,decode,2,0,2096,0.0010,0,2,
1784040231.249910,1784040231.255791,decode,2,0,2096,0.0010,0,2,
1784040231.255791,1784040231.262004,decode,2,0,2096,0.0010,0,2,
1784040231.262004,1784040231.268120,decode,2,0,2096,0.0010,0,2,
1784040231.268120,1784040231.274098,decode,2,0,2096,0.0010,0,2,
1784040231.274098,1784040231.280146,decode,2,0,2096,0.0010,0,2,
1784040231.280146,1784040231.286234,decode,2,0,2096,0.0010,0,2,
1784040231.286234,1784040231.292220,decode,2,0,2096,0.0010,0,2,
1784040231.292220,1784040231.298359,decode,2,0,2096,0.0010,0,2,
1784040231.298359,1784040231.304389,decode,2,0,2096,0.0010,0,2,
1784040231.304389,1784040231.310553,decode,2,0,2096,0.0010,0,2,
1784040231.310553,1784040231.316535,decode,2,0,2112,0.0010,0,2,
1784040231.316535,1784040231.322640,decode,2,0,2128,0.0010,0,2,
1784040231.322640,1784040231.329084,decode,2,0,2128,0.0010,0,2,
1784040231.329084,1784040231.334795,decode,2,0,2128,0.0010,0,2,
1784040231.334795,1784040231.340821,decode,2,0,2128,0.0010,0,2,
1784040231.340821,1784040231.347227,decode,2,0,2128,0.0010,0,2,
1784040231.347227,1784040231.352944,decode,2,0,2128,0.0010,0,2,
1784040231.352944,1784040231.359030,decode,2,0,2128,0.0010,0,2,
1784040231.359030,1784040231.364960,decode,2,0,2128,0.0010,0,2,
1784040231.364960,1784040231.371101,decode,2,0,2128,0.0010,0,2,
1784040231.371101,1784040231.377458,decode,2,0,2128,0.0010,0,2,
1784040231.377458,1784040231.383205,decode,2,0,2128,0.0010,0,2,
1784040231.383205,1784040231.389644,decode,2,0,2128,0.0010,0,2,
1784040231.389644,1784040231.395338,decode,2,0,2128,0.0010,0,2,
1784040231.395338,1784040231.401603,decode,2,0,2128,0.0010,0,2,
1784040231.401603,1784040231.407499,decode,2,0,2128,0.0010,0,2,
1784040231.407499,1784040231.413559,decode,2,0,2144,0.0010,0,2,
1784040231.413559,1784040231.419853,decode,2,0,2160,0.0010,0,2,
1784040231.419853,1784040231.425845,decode,2,0,2160,0.0010,0,2,
1784040231.425845,1784040231.431737,decode,2,0,2160,0.0010,0,2,
1784040231.431737,1784040231.437806,decode,2,0,2160,0.0010,0,2,
1784040231.437806,1784040231.443828,decode,2,0,2160,0.0010,0,2,
1784040231.443828,1784040231.450202,decode,2,0,2160,0.0010,0,2,
1784040231.450202,1784040231.456035,decode,2,0,2160,0.0010,0,2,
1784040231.456035,1784040231.462229,decode,2,0,2160,0.0010,0,2,
1784040231.462229,1784040231.468401,decode,2,0,2160,0.0010,0,2,
1784040231.468401,1784040231.474475,decode,2,0,2160,0.0010,0,2,
1784040231.474475,1784040231.480305,decode,2,0,2160,0.0010,0,2,
1784040231.480305,1784040231.486475,decode,2,0,2160,0.0010,0,2,
1784040231.486475,1784040231.492440,decode,2,0,2160,0.0010,0,2,
1784040231.492440,1784040231.498317,decode,2,0,2160,0.0010,0,2,
1784040231.498317,1784040231.504445,decode,2,0,2160,0.0010,0,2,
1784040231.504445,1784040231.510526,decode,2,0,2176,0.0010,0,2,
1784040231.510526,1784040231.516613,decode,2,0,2192,0.0011,0,2,
1784040231.516613,1784040231.522663,decode,2,0,2192,0.0011,0,2,
1784040231.522663,1784040231.528727,decode,2,0,2192,0.0011,0,2,
1784040231.528727,1784040231.534786,decode,2,0,2192,0.0011,0,2,
1784040231.534786,1784040231.540841,decode,2,0,2192,0.0011,0,2,
1784040231.540841,1784040231.546952,decode,2,0,2192,0.0011,0,2,
1784040231.546952,1784040231.553060,decode,2,0,2192,0.0011,0,2,
1784040231.553060,1784040231.559062,decode,2,0,2192,0.0011,0,2,
1784040231.559062,1784040231.565155,decode,2,0,2192,0.0011,0,2,
1784040231.565155,1784040231.571135,decode,2,0,2192,0.0011,0,2,
1784040231.571135,1784040231.577226,decode,2,0,2192,0.0011,0,2,
1784040231.577226,1784040231.583332,decode,2,0,2192,0.0011,0,2,
1784040231.583332,1784040231.589304,decode,2,0,2192,0.0011,0,2,
1784040231.589304,1784040231.595380,decode,2,0,2192,0.0011,0,2,
1784040231.595380,1784040231.601481,decode,2,0,2192,0.0011,0,2,
1784040231.601481,1784040231.607631,decode,2,0,2208,0.0011,0,2,
1784040231.607631,1784040231.613662,decode,2,0,2224,0.0011,0,2,
1784040231.613662,1784040231.619812,decode,2,0,2224,0.0011,0,2,
1784040231.619812,1784040231.625845,decode,2,0,2224,0.0011,0,2,
1784040231.625845,1784040231.631921,decode,2,0,2224,0.0011,0,2,
1784040231.631921,1784040231.638057,decode,2,0,2224,0.0011,0,2,
1784040231.638057,1784040231.644139,decode,2,0,2224,0.0011,0,2,
1784040231.644139,1784040231.650158,decode,2,0,2224,0.0011,0,2,
1784040231.650158,1784040231.656209,decode,2,0,2224,0.0011,0,2,
1784040231.656209,1784040231.662316,decode,2,0,2224,0.0011,0,2,
1784040231.662316,1784040231.668410,decode,2,0,2224,0.0011,0,2,
1784040231.668410,1784040231.674524,decode,2,0,2224,0.0011,0,2,
1784040231.674524,1784040231.680655,decode,2,0,2224,0.0011,0,2,
1784040231.680655,1784040231.686724,decode,2,0,2224,0.0011,0,2,
1784040231.686724,1784040231.692697,decode,2,0,2224,0.0011,0,2,
1784040231.692697,1784040231.699038,decode,2,0,2224,0.0011,0,2,
1784040231.699038,1784040231.705222,decode,2,0,2240,0.0011,0,2,
1784040231.705222,1784040231.711322,decode,2,0,2256,0.0011,0,2,
1784040231.711322,1784040231.717456,decode,2,0,2256,0.0011,0,2,
1784040231.717456,1784040231.723446,decode,2,0,2256,0.0011,0,2,
1784040231.723446,1784040231.729722,decode,2,0,2256,0.0011,0,2,
1784040231.729722,1784040231.735846,decode,2,0,2256,0.0011,0,2,
1784040231.735846,1784040231.741942,decode,2,0,2256,0.0011,0,2,
1784040231.741942,1784040231.748046,decode,2,0,2256,0.0011,0,2,
1784040231.748046,1784040231.754180,decode,2,0,2256,0.0011,0,2,
1784040231.754180,1784040231.760468,decode,2,0,2256,0.0011,0,2,
1784040231.760468,1784040231.766551,decode,2,0,2256,0.0011,0,2,
1784040231.766551,1784040231.772469,decode,2,0,2256,0.0011,0,2,
1784040231.772469,1784040231.779063,decode,2,0,2256,0.0011,0,2,
1784040231.779063,1784040231.785180,decode,2,0,2256,0.0011,0,2,
1784040231.785180,1784040231.791189,decode,2,0,2256,0.0011,0,2,
1784040231.791189,1784040231.797195,decode,2,0,2256,0.0011,0,2,
1784040231.797195,1784040231.803295,decode,2,0,2272,0.0011,0,2,
1784040231.803295,1784040231.809925,decode,2,0,2288,0.0011,0,2,
1784040231.809925,1784040231.816151,decode,2,0,2288,0.0011,0,2,
1784040231.816151,1784040231.822109,decode,2,0,2288,0.0011,0,2,
1784040231.822109,1784040231.828203,decode,2,0,2288,0.0011,0,2,
1784040231.828203,1784040231.834275,decode,2,0,2288,0.0011,0,2,
1784040231.834275,1784040231.840723,decode,2,0,2288,0.0011,0,2,
1784040231.840723,1784040231.846634,decode,2,0,2288,0.0011,0,2,
1784040231.846634,1784040231.852664,decode,2,0,2288,0.0011,0,2,
1784040231.852664,1784040231.858881,decode,2,0,2288,0.0011,0,2,
1784040231.858881,1784040231.865125,decode,2,0,2288,0.0011,0,2,
1784040231.865125,1784040231.871369,decode,2,0,2288,0.0011,0,2,
1784040231.871369,1784040231.877368,decode,2,0,2288,0.0011,0,2,
1784040231.877368,1784040231.884244,decode,2,0,2288,0.0011,0,2,
1784040231.884244,1784040231.890086,decode,2,0,2288,0.0011,0,2,
1784040231.890086,1784040231.896649,decode,2,0,2288,0.0011,0,2,
1784040231.896649,1784040231.902640,decode,2,0,2304,0.0011,0,2,
1784040231.902640,1784040231.908934,decode,2,0,2320,0.0011,0,2,
1784040231.908934,1784040231.915377,decode,2,0,2320,0.0011,0,2,
1784040231.915377,1784040231.921403,decode,2,0,2320,0.0011,0,2,
1784040231.921403,1784040231.927804,decode,2,0,2320,0.0011,0,2,
1784040231.927804,1784040231.933699,decode,2,0,2320,0.0011,0,2,
1784040231.933699,1784040231.939931,decode,2,0,2320,0.0011,0,2,
1784040231.939931,1784040231.946429,decode,2,0,2320,0.0011,0,2,
1784040231.946429,1784040231.952527,decode,2,0,2320,0.0011,0,2,
1784040231.952527,1784040231.958549,decode,2,0,2320,0.0011,0,2,
1784040231.958549,1784040231.964709,decode,2,0,2320,0.0011,0,2,
1784040231.964709,1784040231.970804,decode,2,0,2320,0.0011,0,2,
1784040231.970804,1784040231.976887,decode,2,0,2320,0.0011,0,2,
1784040231.976887,1784040231.982831,decode,2,0,2320,0.0011,0,2,
1784040231.982831,1784040231.989074,decode,1,0,2176,0.0010,0,2,
1784040231.989074,1784040231.995734,decode,0,0,0,0.0000,0,1,
1784040231.995734,1784040232.002439,mixed,1,0,2048,0.0010,2048,1,
1784040232.002439,1784040232.008767,mixed,2,0,2080,0.0010,2048,2,
1784040232.008767,1784040232.014887,decode,2,0,2096,0.0010,0,2,
1784040232.014887,1784040232.020979,decode,2,0,2096,0.0010,0,2,
1784040232.020979,1784040232.027060,decode,2,0,2096,0.0010,0,2,
1784040232.027060,1784040232.033219,decode,2,0,2096,0.0010,0,2,
1784040232.033219,1784040232.039229,decode,2,0,2096,0.0010,0,2,
1784040232.039229,1784040232.045361,decode,2,0,2096,0.0010,0,2,
1784040232.045361,1784040232.051485,decode,2,0,2096,0.0010,0,2,
1784040232.051485,1784040232.057449,decode,2,0,2096,0.0010,0,2,
1784040232.057449,1784040232.063550,decode,2,0,2096,0.0010,0,2,
1784040232.063550,1784040232.070223,decode,2,0,2096,0.0010,0,2,
1784040232.070223,1784040232.075963,decode,2,0,2096,0.0010,0,2,
1784040232.075963,1784040232.082049,decode,2,0,2096,0.0010,0,2,
1784040232.082049,1784040232.088300,decode,2,0,2096,0.0010,0,2,
1784040232.088300,1784040232.094520,decode,2,0,2096,0.0010,0,2,
1784040232.094520,1784040232.100632,decode,2,0,2096,0.0010,0,2,
1784040232.100632,1784040232.106772,decode,2,0,2112,0.0010,0,2,
1784040232.106772,1784040232.113051,decode,2,0,2128,0.0010,0,2,
1784040232.113051,1784040232.119313,decode,2,0,2128,0.0010,0,2,
1784040232.119313,1784040232.125393,decode,2,0,2128,0.0010,0,2,
1784040232.125393,1784040232.131580,decode,2,0,2128,0.0010,0,2,
1784040232.131580,1784040232.137805,decode,2,0,2128,0.0010,0,2,
1784040232.137805,1784040232.143876,decode,2,0,2128,0.0010,0,2,
1784040232.143876,1784040232.150115,decode,2,0,2128,0.0010,0,2,
1784040232.150115,1784040232.156345,decode,2,0,2128,0.0010,0,2,
1784040232.156345,1784040232.162602,decode,2,0,2128,0.0010,0,2,
1784040232.162602,1784040232.168785,decode,2,0,2128,0.0010,0,2,
1784040232.168785,1784040232.174982,decode,2,0,2128,0.0010,0,2,
1784040232.174982,1784040232.181248,decode,2,0,2128,0.0010,0,2,
1784040232.181248,1784040232.187364,decode,2,0,2128,0.0010,0,2,
1784040232.187364,1784040232.193644,decode,2,0,2128,0.0010,0,2,
1784040232.193644,1784040232.199852,decode,2,0,2128,0.0010,0,2,
1784040232.199852,1784040232.206100,decode,2,0,2144,0.0010,0,2,
1784040232.206100,1784040232.212449,decode,2,0,2160,0.0010,0,2,
1784040232.212449,1784040232.218676,decode,2,0,2160,0.0010,0,2,
1784040232.218676,1784040232.224666,decode,2,0,2160,0.0010,0,2,
1784040232.224666,1784040232.231054,decode,2,0,2160,0.0010,0,2,
1784040232.231054,1784040232.237250,decode,2,0,2160,0.0010,0,2,
1784040232.237250,1784040232.243537,decode,2,0,2160,0.0010,0,2,
1784040232.243537,1784040232.249722,decode,2,0,2160,0.0010,0,2,
1784040232.249722,1784040232.255989,decode,2,0,2160,0.0010,0,2,
1784040232.255989,1784040232.262258,decode,2,0,2160,0.0010,0,2,
1784040232.262258,1784040232.268406,decode,2,0,2160,0.0010,0,2,
1784040232.268406,1784040232.274630,decode,2,0,2160,0.0010,0,2,
1784040232.274630,1784040232.280814,decode,2,0,2160,0.0010,0,2,
1784040232.280814,1784040232.287043,decode,2,0,2160,0.0010,0,2,
1784040232.287043,1784040232.293247,decode,2,0,2160,0.0010,0,2,
1784040232.293247,1784040232.299416,decode,2,0,2160,0.0010,0,2,
1784040232.299416,1784040232.305662,decode,2,0,2176,0.0010,0,2,
1784040232.305662,1784040232.311834,decode,2,0,2192,0.0011,0,2,
1784040232.311834,1784040232.317979,decode,2,0,2192,0.0011,0,2,
1784040232.317979,1784040232.324151,decode,2,0,2192,0.0011,0,2,
1784040232.324151,1784040232.330233,decode,2,0,2192,0.0011,0,2,
1784040232.330233,1784040232.336410,decode,2,0,2192,0.0011,0,2,
1784040232.336410,1784040232.342540,decode,2,0,2192,0.0011,0,2,
1784040232.342540,1784040232.348739,decode,2,0,2192,0.0011,0,2,
1784040232.348739,1784040232.354868,decode,2,0,2192,0.0011,0,2,
1784040232.354868,1784040232.361006,decode,2,0,2192,0.0011,0,2,
1784040232.361006,1784040232.367249,decode,2,0,2192,0.0011,0,2,
1784040232.367249,1784040232.373410,decode,2,0,2192,0.0011,0,2,
1784040232.373410,1784040232.379618,decode,2,0,2192,0.0011,0,2,
1784040232.379618,1784040232.385855,decode,2,0,2192,0.0011,0,2,
1784040232.385855,1784040232.391972,decode,2,0,2192,0.0011,0,2,
1784040232.391972,1784040232.398343,decode,2,0,2192,0.0011,0,2,
1784040232.398343,1784040232.404538,decode,2,0,2208,0.0011,0,2,
1784040232.404538,1784040232.410878,decode,2,0,2224,0.0011,0,2,
1784040232.410878,1784040232.417081,decode,2,0,2224,0.0011,0,2,
1784040232.417081,1784040232.423418,decode,2,0,2224,0.0011,0,2,
1784040232.423418,1784040232.429502,decode,2,0,2224,0.0011,0,2,
1784040232.429502,1784040232.435730,decode,2,0,2224,0.0011,0,2,
1784040232.435730,1784040232.441971,decode,2,0,2224,0.0011,0,2,
1784040232.441971,1784040232.448300,decode,2,0,2224,0.0011,0,2,
1784040232.448300,1784040232.454333,decode,2,0,2224,0.0011,0,2,
1784040232.454333,1784040232.460630,decode,2,0,2224,0.0011,0,2,
1784040232.460630,1784040232.467021,decode,2,0,2224,0.0011,0,2,
1784040232.467021,1784040232.472884,decode,2,0,2224,0.0011,0,2,
1784040232.472884,1784040232.479358,decode,2,0,2224,0.0011,0,2,
1784040232.479358,1784040232.485523,decode,2,0,2224,0.0011,0,2,
1784040232.485523,1784040232.491658,decode,2,0,2224,0.0011,0,2,
1784040232.491658,1784040232.497830,decode,2,0,2224,0.0011,0,2,
1784040232.497830,1784040232.504201,decode,2,0,2240,0.0011,0,2,
1784040232.504201,1784040232.510630,decode,2,0,2256,0.0011,0,2,
1784040232.510630,1784040232.516762,decode,2,0,2256,0.0011,0,2,
1784040232.516762,1784040232.522803,decode,2,0,2256,0.0011,0,2,
1784040232.522803,1784040232.529473,decode,2,0,2256,0.0011,0,2,
1784040232.529473,1784040232.535430,decode,2,0,2256,0.0011,0,2,
1784040232.535430,1784040232.541544,decode,2,0,2256,0.0011,0,2,
1784040232.541544,1784040232.547869,decode,2,0,2256,0.0011,0,2,
1784040232.547869,1784040232.553778,decode,2,0,2256,0.0011,0,2,
1784040232.553778,1784040232.560119,decode,2,0,2256,0.0011,0,2,
1784040232.560119,1784040232.566469,decode,2,0,2256,0.0011,0,2,
1784040232.566469,1784040232.572642,decode,2,0,2256,0.0011,0,2,
1784040232.572642,1784040232.578857,decode,2,0,2256,0.0011,0,2,
1784040232.578857,1784040232.585237,decode,2,0,2256,0.0011,0,2,
1784040232.585237,1784040232.591299,decode,2,0,2256,0.0011,0,2,
1784040232.591299,1784040232.597976,decode,2,0,2256,0.0011,0,2,
1784040232.597976,1784040232.604027,decode,2,0,2272,0.0011,0,2,
1784040232.604027,1784040232.610210,decode,2,0,2288,0.0011,0,2,
1784040232.610210,1784040232.616652,decode,2,0,2288,0.0011,0,2,
1784040232.616652,1784040232.622521,decode,2,0,2288,0.0011,0,2,
1784040232.622521,1784040232.628857,decode,2,0,2288,0.0011,0,2,
1784040232.628857,1784040232.635342,decode,2,0,2288,0.0011,0,2,
1784040232.635342,1784040232.641327,decode,2,0,2288,0.0011,0,2,
1784040232.641327,1784040232.647810,decode,2,0,2288,0.0011,0,2,
1784040232.647810,1784040232.653675,decode,2,0,2288,0.0011,0,2,
1784040232.653675,1784040232.659919,decode,2,0,2288,0.0011,0,2,
1784040232.659919,1784040232.666138,decode,2,0,2288,0.0011,0,2,
1784040232.666138,1784040232.672365,decode,2,0,2288,0.0011,0,2,
1784040232.672365,1784040232.678630,decode,2,0,2288,0.0011,0,2,
1784040232.678630,1784040232.684606,decode,2,0,2288,0.0011,0,2,
1784040232.684606,1784040232.690935,decode,2,0,2288,0.0011,0,2,
1784040232.690935,1784040232.697184,decode,2,0,2288,0.0011,0,2,
1784040232.697184,1784040232.703218,decode,2,0,2304,0.0011,0,2,
1784040232.703218,1784040232.709673,decode,2,0,2320,0.0011,0,2,
1784040232.709673,1784040232.715757,decode,2,0,2320,0.0011,0,2,
1784040232.715757,1784040232.722158,decode,2,0,2320,0.0011,0,2,
1784040232.722158,1784040232.728301,decode,2,0,2320,0.0011,0,2,
1784040232.728301,1784040232.734278,decode,2,0,2320,0.0011,0,2,
1784040232.734278,1784040232.740769,decode,2,0,2320,0.0011,0,2,
1784040232.740769,1784040232.746955,decode,2,0,2320,0.0011,0,2,
1784040232.746955,1784040232.753171,decode,2,0,2320,0.0011,0,2,
1784040232.753171,1784040232.759386,decode,2,0,2320,0.0011,0,2,
1784040232.759386,1784040232.765613,decode,2,0,2320,0.0011,0,2,
1784040232.765613,1784040232.771883,decode,2,0,2320,0.0011,0,2,
1784040232.771883,1784040232.777875,decode,2,0,2320,0.0011,0,2,
1784040232.777875,1784040232.784111,decode,2,0,2320,0.0011,0,2,
1784040232.784111,1784040232.790500,decode,1,0,2176,0.0010,0,2,
1784040232.790500,1784040232.797369,decode,0,0,0,0.0000,0,1,
1784040232.797369,1784040232.804613,mixed,1,0,2048,0.0010,2048,1,
1784040232.804613,1784040232.810751,mixed,2,0,2080,0.0010,2048,2,
1784040232.810751,1784040232.816854,decode,2,0,2096,0.0010,0,2,
1784040232.816854,1784040232.823186,decode,2,0,2096,0.0010,0,2,
1784040232.823186,1784040232.829396,decode,2,0,2096,0.0010,0,2,
1784040232.829396,1784040232.835463,decode,2,0,2096,0.0010,0,2,
1784040232.835463,1784040232.841716,decode,2,0,2096,0.0010,0,2,
1784040232.841716,1784040232.848162,decode,2,0,2096,0.0010,0,2,
1784040232.848162,1784040232.854226,decode,2,0,2096,0.0010,0,2,
1784040232.854226,1784040232.860408,decode,2,0,2096,0.0010,0,2,
1784040232.860408,1784040232.866463,decode,2,0,2096,0.0010,0,2,
1784040232.866463,1784040232.872694,decode,2,0,2096,0.0010,0,2,
1784040232.872694,1784040232.878579,decode,2,0,2096,0.0010,0,2,
1784040232.878579,1784040232.884779,decode,2,0,2096,0.0010,0,2,
1784040232.884779,1784040232.890697,decode,2,0,2096,0.0010,0,2,
1784040232.890697,1784040232.896918,decode,2,0,2096,0.0010,0,2,
1784040232.896918,1784040232.902843,decode,2,0,2096,0.0010,0,2,
1784040232.902843,1784040232.909108,decode,2,0,2112,0.0010,0,2,
1784040232.909108,1784040232.914958,decode,2,0,2128,0.0010,0,2,
1784040232.914958,1784040232.921200,decode,2,0,2128,0.0010,0,2,
1784040232.921200,1784040232.927191,decode,2,0,2128,0.0010,0,2,
1784040232.927191,1784040232.933150,decode,2,0,2128,0.0010,0,2,
1784040232.933150,1784040232.939163,decode,2,0,2128,0.0010,0,2,
1784040232.939163,1784040232.945207,decode,2,0,2128,0.0010,0,2,
1784040232.945207,1784040232.951275,decode,2,0,2128,0.0010,0,2,
1784040232.951275,1784040232.957310,decode,2,0,2128,0.0010,0,2,
1784040232.957310,1784040232.963241,decode,2,0,2128,0.0010,0,2,
1784040232.963241,1784040232.969399,decode,2,0,2128,0.0010,0,2,
1784040232.969399,1784040232.975628,decode,2,0,2128,0.0010,0,2,
1784040232.975628,1784040232.981667,decode,2,0,2128,0.0010,0,2,
1784040232.981667,1784040232.987577,decode,2,0,2128,0.0010,0,2,
1784040232.987577,1784040232.993740,decode,2,0,2128,0.0010,0,2,
1784040232.993740,1784040232.999812,decode,2,0,2128,0.0010,0,2,
1784040232.999812,1784040233.005812,decode,2,0,2144,0.0010,0,2,
1784040233.005812,1784040233.011996,decode,2,0,2160,0.0010,0,2,
1784040233.011996,1784040233.018025,decode,2,0,2160,0.0010,0,2,
1784040233.018025,1784040233.024108,decode,2,0,2160,0.0010,0,2,
1784040233.024108,1784040233.030221,decode,2,0,2160,0.0010,0,2,
1784040233.030221,1784040233.036267,decode,2,0,2160,0.0010,0,2,
1784040233.036267,1784040233.042272,decode,2,0,2160,0.0010,0,2,
1784040233.042272,1784040233.048336,decode,2,0,2160,0.0010,0,2,
1784040233.048336,1784040233.054379,decode,2,0,2160,0.0010,0,2,
1784040233.054379,1784040233.060426,decode,2,0,2160,0.0010,0,2,
1784040233.060426,1784040233.066449,decode,2,0,2160,0.0010,0,2,
1784040233.066449,1784040233.072562,decode,2,0,2160,0.0010,0,2,
1784040233.072562,1784040233.078633,decode,2,0,2160,0.0010,0,2,
1784040233.078633,1784040233.084714,decode,2,0,2160,0.0010,0,2,
1784040233.084714,1784040233.090797,decode,2,0,2160,0.0010,0,2,
1784040233.090797,1784040233.096819,decode,2,0,2160,0.0010,0,2,
1784040233.096819,1784040233.102932,decode,2,0,2176,0.0010,0,2,
1784040233.102932,1784040233.108996,decode,2,0,2192,0.0011,0,2,
1784040233.108996,1784040233.115037,decode,2,0,2192,0.0011,0,2,
1784040233.115037,1784040233.121057,decode,2,0,2192,0.0011,0,2,
1784040233.121057,1784040233.127109,decode,2,0,2192,0.0011,0,2,
1784040233.127109,1784040233.133530,decode,2,0,2192,0.0011,0,2,
1784040233.133530,1784040233.139438,decode,2,0,2192,0.0011,0,2,
1784040233.139438,1784040233.145305,decode,2,0,2192,0.0011,0,2,
1784040233.145305,1784040233.151313,decode,2,0,2192,0.0011,0,2,
1784040233.151313,1784040233.157402,decode,2,0,2192,0.0011,0,2,
1784040233.157402,1784040233.163356,decode,2,0,2192,0.0011,0,2,
1784040233.163356,1784040233.169621,decode,2,0,2192,0.0011,0,2,
1784040233.169621,1784040233.175724,decode,2,0,2192,0.0011,0,2,
1784040233.175724,1784040233.181574,decode,2,0,2192,0.0011,0,2,
1784040233.181574,1784040233.187947,decode,2,0,2192,0.0011,0,2,
1784040233.187947,1784040233.193976,decode,2,0,2192,0.0011,0,2,
1784040233.193976,1784040233.200201,decode,2,0,2208,0.0011,0,2,
1784040233.200201,1784040233.206319,decode,2,0,2224,0.0011,0,2,
1784040233.206319,1784040233.212292,decode,2,0,2224,0.0011,0,2,
1784040233.212292,1784040233.218566,decode,2,0,2224,0.0011,0,2,
1784040233.218566,1784040233.224680,decode,2,0,2224,0.0011,0,2,
1784040233.224680,1784040233.230647,decode,2,0,2224,0.0011,0,2,
1784040233.230647,1784040233.236915,decode,2,0,2224,0.0011,0,2,
1784040233.236915,1784040233.243027,decode,2,0,2224,0.0011,0,2,
1784040233.243027,1784040233.249021,decode,2,0,2224,0.0011,0,2,
1784040233.249021,1784040233.255275,decode,2,0,2224,0.0011,0,2,
1784040233.255275,1784040233.261399,decode,2,0,2224,0.0011,0,2,
1784040233.261399,1784040233.267371,decode,2,0,2224,0.0011,0,2,
1784040233.267371,1784040233.273640,decode,2,0,2224,0.0011,0,2,
1784040233.273640,1784040233.279794,decode,2,0,2224,0.0011,0,2,
1784040233.279794,1784040233.285775,decode,2,0,2224,0.0011,0,2,
1784040233.285775,1784040233.291962,decode,2,0,2224,0.0011,0,2,
1784040233.291962,1784040233.298079,decode,2,0,2240,0.0011,0,2,
1784040233.298079,1784040233.303986,decode,2,0,2256,0.0011,0,2,
1784040233.303986,1784040233.310199,decode,2,0,2256,0.0011,0,2,
1784040233.310199,1784040233.316242,decode,2,0,2256,0.0011,0,2,
1784040233.316242,1784040233.322182,decode,2,0,2256,0.0011,0,2,
1784040233.322182,1784040233.328368,decode,2,0,2256,0.0011,0,2,
1784040233.328368,1784040233.334458,decode,2,0,2256,0.0011,0,2,
1784040233.334458,1784040233.340468,decode,2,0,2256,0.0011,0,2,
1784040233.340468,1784040233.346432,decode,2,0,2256,0.0011,0,2,
1784040233.346432,1784040233.352518,decode,2,0,2256,0.0011,0,2,
1784040233.352518,1784040233.358599,decode,2,0,2256,0.0011,0,2,
1784040233.358599,1784040233.364796,decode,2,0,2256,0.0011,0,2,
1784040233.364796,1784040233.370976,decode,2,0,2256,0.0011,0,2,
1784040233.370976,1784040233.376908,decode,2,0,2256,0.0011,0,2,
1784040233.376908,1784040233.383088,decode,2,0,2256,0.0011,0,2,
1784040233.383088,1784040233.389192,decode,2,0,2256,0.0011,0,2,
1784040233.389192,1784040233.395274,decode,2,0,2272,0.0011,0,2,
1784040233.395274,1784040233.401389,decode,2,0,2288,0.0011,0,2,
1784040233.401389,1784040233.407432,decode,2,0,2288,0.0011,0,2,
1784040233.407432,1784040233.413399,decode,2,0,2288,0.0011,0,2,
1784040233.413399,1784040233.419605,decode,2,0,2288,0.0011,0,2,
1784040233.419605,1784040233.425526,decode,2,0,2288,0.0011,0,2,
1784040233.425526,1784040233.431607,decode,2,0,2288,0.0011,0,2,
1784040233.431607,1784040233.437707,decode,2,0,2288,0.0011,0,2,
1784040233.437707,1784040233.443706,decode,2,0,2288,0.0011,0,2,
1784040233.443706,1784040233.449846,decode,2,0,2288,0.0011,0,2,
1784040233.449846,1784040233.456094,decode,2,0,2288,0.0011,0,2,
1784040233.456094,1784040233.462036,decode,2,0,2288,0.0011,0,2,
1784040233.462036,1784040233.468329,decode,2,0,2288,0.0011,0,2,
1784040233.468329,1784040233.474336,decode,2,0,2288,0.0011,0,2,
1784040233.474336,1784040233.480451,decode,2,0,2288,0.0011,0,2,
1784040233.480451,1784040233.486514,decode,2,0,2288,0.0011,0,2,
1784040233.486514,1784040233.492710,decode,2,0,2304,0.0011,0,2,
1784040233.492710,1784040233.498806,decode,2,0,2320,0.0011,0,2,
1784040233.498806,1784040233.504878,decode,2,0,2320,0.0011,0,2,
1784040233.504878,1784040233.510998,decode,2,0,2320,0.0011,0,2,
1784040233.510998,1784040233.517084,decode,2,0,2320,0.0011,0,2,
1784040233.517084,1784040233.523212,decode,2,0,2320,0.0011,0,2,
1784040233.523212,1784040233.529126,decode,2,0,2320,0.0011,0,2,
1784040233.529126,1784040233.535205,decode,2,0,2320,0.0011,0,2,
1784040233.535205,1784040233.541289,decode,2,0,2320,0.0011,0,2,
1784040233.541289,1784040233.547547,decode,2,0,2320,0.0011,0,2,
1784040233.547547,1784040233.553660,decode,2,0,2320,0.0011,0,2,
1784040233.553660,1784040233.559654,decode,2,0,2320,0.0011,0,2,
1784040233.559654,1784040233.565900,decode,2,0,2320,0.0011,0,2,
1784040233.565900,1784040233.571995,decode,2,0,2320,0.0011,0,2,
1784040233.571995,1784040233.578156,decode,1,0,2176,0.0010,0,2,
1784040233.578156,1784040233.584892,decode,0,0,0,0.0000,0,1,
1784040233.584892,1784040233.591735,mixed,1,0,2048,0.0010,2048,1,
1784040233.591735,1784040233.598245,mixed,2,0,2080,0.0010,2048,2,
1784040233.598245,1784040233.604373,decode,2,0,2096,0.0010,0,2,
1784040233.604373,1784040233.610391,decode,2,0,2096,0.0010,0,2,
1784040233.610391,1784040233.616661,decode,2,0,2096,0.0010,0,2,
1784040233.616661,1784040233.622803,decode,2,0,2096,0.0010,0,2,
1784040233.622803,1784040233.628799,decode,2,0,2096,0.0010,0,2,
1784040233.628799,1784040233.635195,decode,2,0,2096,0.0010,0,2,
1784040233.635195,1784040233.641287,decode,2,0,2096,0.0010,0,2,
1784040233.641287,1784040233.647359,decode,2,0,2096,0.0010,0,2,
1784040233.647359,1784040233.653370,decode,2,0,2096,0.0010,0,2,
1784040233.653370,1784040233.659673,decode,2,0,2096,0.0010,0,2,
1784040233.659673,1784040233.665844,decode,2,0,2096,0.0010,0,2,
1784040233.665844,1784040233.672000,decode,2,0,2096,0.0010,0,2,
1784040233.672000,1784040233.678196,decode,2,0,2096,0.0010,0,2,
1784040233.678196,1784040233.684331,decode,2,0,2096,0.0010,0,2,
1784040233.684331,1784040233.690482,decode,2,0,2096,0.0010,0,2,
1784040233.690482,1784040233.696627,decode,2,0,2112,0.0010,0,2,
1784040233.696627,1784040233.702820,decode,2,0,2128,0.0010,0,2,
1784040233.702820,1784040233.708838,decode,2,0,2128,0.0010,0,2,
1784040233.708838,1784040233.715100,decode,2,0,2128,0.0010,0,2,
1784040233.715100,1784040233.721163,decode,2,0,2128,0.0010,0,2,
1784040233.721163,1784040233.727206,decode,2,0,2128,0.0010,0,2,
1784040233.727206,1784040233.733314,decode,2,0,2128,0.0010,0,2,
1784040233.733314,1784040233.739180,decode,2,0,2128,0.0010,0,2,
1784040233.739180,1784040233.745387,decode,2,0,2128,0.0010,0,2,
1784040233.745387,1784040233.751420,decode,2,0,2128,0.0010,0,2,
1784040233.751420,1784040233.757452,decode,2,0,2128,0.0010,0,2,
1784040233.757452,1784040233.763566,decode,2,0,2128,0.0010,0,2,
1784040233.763566,1784040233.769575,decode,2,0,2128,0.0010,0,2,
1784040233.769575,1784040233.775595,decode,2,0,2128,0.0010,0,2,
1784040233.775595,1784040233.781711,decode,2,0,2128,0.0010,0,2,
1784040233.781711,1784040233.787791,decode,2,0,2128,0.0010,0,2,
1784040233.787791,1784040233.793781,decode,2,0,2144,0.0010,0,2,
1784040233.793781,1784040233.799994,decode,2,0,2160,0.0010,0,2,
1784040233.799994,1784040233.806010,decode,2,0,2160,0.0010,0,2,
1784040233.806010,1784040233.812129,decode,2,0,2160,0.0010,0,2,
1784040233.812129,1784040233.818193,decode,2,0,2160,0.0010,0,2,
1784040233.818193,1784040233.824275,decode,2,0,2160,0.0010,0,2,
1784040233.824275,1784040233.830165,decode,2,0,2160,0.0010,0,2,
1784040233.830165,1784040233.836422,decode,2,0,2160,0.0010,0,2,
1784040233.836422,1784040233.842473,decode,2,0,2160,0.0010,0,2,
1784040233.842473,1784040233.848746,decode,2,0,2160,0.0010,0,2,
1784040233.848746,1784040233.854610,decode,2,0,2160,0.0010,0,2,
1784040233.854610,1784040233.860505,decode,2,0,2160,0.0010,0,2,
1784040233.860505,1784040233.866707,decode,2,0,2160,0.0010,0,2,
1784040233.866707,1784040233.872846,decode,2,0,2160,0.0010,0,2,
1784040233.872846,1784040233.878658,decode,2,0,2160,0.0010,0,2,
1784040233.878658,1784040233.884858,decode,2,0,2160,0.0010,0,2,
1784040233.884858,1784040233.890966,decode,2,0,2176,0.0010,0,2,
1784040233.890966,1784040233.897008,decode,2,0,2192,0.0011,0,2,
1784040233.897008,1784040233.903141,decode,2,0,2192,0.0011,0,2,
1784040233.903141,1784040233.909143,decode,2,0,2192,0.0011,0,2,
1784040233.909143,1784040233.915543,decode,2,0,2192,0.0011,0,2,
1784040233.915543,1784040233.921530,decode,2,0,2192,0.0011,0,2,
1784040233.921530,1784040233.927346,decode,2,0,2192,0.0011,0,2,
1784040233.927346,1784040233.933270,decode,2,0,2192,0.0011,0,2,
1784040233.933270,1784040233.939463,decode,2,0,2192,0.0011,0,2,
1784040233.939463,1784040233.945503,decode,2,0,2192,0.0011,0,2,
1784040233.945503,1784040233.951413,decode,2,0,2192,0.0011,0,2,
1784040233.951413,1784040233.957383,decode,2,0,2192,0.0011,0,2,
1784040233.957383,1784040233.963545,decode,2,0,2192,0.0011,0,2,
1784040233.963545,1784040233.969781,decode,2,0,2192,0.0011,0,2,
1784040233.969781,1784040233.975864,decode,2,0,2192,0.0011,0,2,
1784040233.975864,1784040233.981905,decode,2,0,2192,0.0011,0,2,
1784040233.981905,1784040233.988112,decode,2,0,2208,0.0011,0,2,
1784040233.988112,1784040233.994132,decode,2,0,2224,0.0011,0,2,
1784040233.994132,1784040234.000214,decode,2,0,2224,0.0011,0,2,
1784040234.000214,1784040234.006094,decode,2,0,2224,0.0011,0,2,
1784040234.006094,1784040234.012331,decode,2,0,2224,0.0011,0,2,
1784040234.012331,1784040234.018414,decode,2,0,2224,0.0011,0,2,
1784040234.018414,1784040234.024309,decode,2,0,2224,0.0011,0,2,
1784040234.024309,1784040234.030541,decode,2,0,2224,0.0011,0,2,
1784040234.030541,1784040234.036633,decode,2,0,2224,0.0011,0,2,
1784040234.036633,1784040234.042574,decode,2,0,2224,0.0011,0,2,
1784040234.042574,1784040234.048825,decode,2,0,2224,0.0011,0,2,
1784040234.048825,1784040234.054756,decode,2,0,2224,0.0011,0,2,
1784040234.054756,1784040234.060984,decode,2,0,2224,0.0011,0,2,
1784040234.060984,1784040234.067096,decode,2,0,2224,0.0011,0,2,
1784040234.067096,1784040234.072996,decode,2,0,2224,0.0011,0,2,
1784040234.072996,1784040234.079344,decode,2,0,2224,0.0011,0,2,
1784040234.079344,1784040234.085366,decode,2,0,2240,0.0011,0,2,
1784040234.085366,1784040234.091488,decode,2,0,2256,0.0011,0,2,
1784040234.091488,1784040234.097386,decode,2,0,2256,0.0011,0,2,
1784040234.097386,1784040234.103695,decode,2,0,2256,0.0011,0,2,
1784040234.103695,1784040234.109602,decode,2,0,2256,0.0011,0,2,
1784040234.109602,1784040234.115830,decode,2,0,2256,0.0011,0,2,
1784040234.115830,1784040234.121758,decode,2,0,2256,0.0011,0,2,
1784040234.121758,1784040234.127946,decode,2,0,2256,0.0011,0,2,
1784040234.127946,1784040234.133882,decode,2,0,2256,0.0011,0,2,
1784040234.133882,1784040234.140067,decode,2,0,2256,0.0011,0,2,
1784040234.140067,1784040234.146152,decode,2,0,2256,0.0011,0,2,
1784040234.146152,1784040234.152207,decode,2,0,2256,0.0011,0,2,
1784040234.152207,1784040234.158155,decode,2,0,2256,0.0011,0,2,
1784040234.158155,1784040234.164356,decode,2,0,2256,0.0011,0,2,
1784040234.164356,1784040234.170487,decode,2,0,2256,0.0011,0,2,
1784040234.170487,1784040234.176557,decode,2,0,2256,0.0011,0,2,
1784040234.176557,1784040234.182575,decode,2,0,2272,0.0011,0,2,
1784040234.182575,1784040234.188726,decode,2,0,2288,0.0011,0,2,
1784040234.188726,1784040234.194932,decode,2,0,2288,0.0011,0,2,
1784040234.194932,1784040234.201039,decode,2,0,2288,0.0011,0,2,
1784040234.201039,1784040234.207224,decode,2,0,2288,0.0011,0,2,
1784040234.207224,1784040234.213136,decode,2,0,2288,0.0011,0,2,
1784040234.213136,1784040234.219409,decode,2,0,2288,0.0011,0,2,
1784040234.219409,1784040234.225516,decode,2,0,2288,0.0011,0,2,
1784040234.225516,1784040234.231695,decode,2,0,2288,0.0011,0,2,
1784040234.231695,1784040234.237853,decode,2,0,2288,0.0011,0,2,
1784040234.237853,1784040234.243847,decode,2,0,2288,0.0011,0,2,
1784040234.243847,1784040234.250139,decode,2,0,2288,0.0011,0,2,
1784040234.250139,1784040234.256364,decode,2,0,2288,0.0011,0,2,
1784040234.256364,1784040234.262300,decode,2,0,2288,0.0011,0,2,
1784040234.262300,1784040234.268467,decode,2,0,2288,0.0011,0,2,
1784040234.268467,1784040234.274757,decode,2,0,2288,0.0011,0,2,
1784040234.274757,1784040234.280953,decode,2,0,2304,0.0011,0,2,
1784040234.280953,1784040234.287089,decode,2,0,2320,0.0011,0,2,
1784040234.287089,1784040234.293266,decode,2,0,2320,0.0011,0,2,
1784040234.293266,1784040234.299361,decode,2,0,2320,0.0011,0,2,
1784040234.299361,1784040234.305388,decode,2,0,2320,0.0011,0,2,
1784040234.305388,1784040234.311821,decode,2,0,2320,0.0011,0,2,
1784040234.311821,1784040234.317986,decode,2,0,2320,0.0011,0,2,
1784040234.317986,1784040234.324011,decode,2,0,2320,0.0011,0,2,
1784040234.324011,1784040234.330305,decode,2,0,2320,0.0011,0,2,
1784040234.330305,1784040234.336510,decode,2,0,2320,0.0011,0,2,
1784040234.336510,1784040234.342516,decode,2,0,2320,0.0011,0,2,
1784040234.342516,1784040234.348836,decode,2,0,2320,0.0011,0,2,
1784040234.348836,1784040234.355014,decode,2,0,2320,0.0011,0,2,
1784040234.355014,1784040234.361029,decode,2,0,2320,0.0011,0,2,
1784040234.361029,1784040234.367378,decode,1,0,2176,0.0010,0,2,
1784040234.367378,1784040234.374122,decode,0,0,0,0.0000,0,1,
1784040234.374122,1784040234.380968,mixed,1,0,2048,0.0010,2048,1,
1784040234.380968,1784040234.387458,mixed,2,0,2080,0.0010,2048,2,
1784040234.387458,1784040234.393599,decode,2,0,2096,0.0010,0,2,
1784040234.393599,1784040234.399739,decode,2,0,2096,0.0010,0,2,
1784040234.399739,1784040234.405915,decode,2,0,2096,0.0010,0,2,
1784040234.405915,1784040234.412046,decode,2,0,2096,0.0010,0,2,
1784040234.412046,1784040234.418075,decode,2,0,2096,0.0010,0,2,
1784040234.418075,1784040234.424345,decode,2,0,2096,0.0010,0,2,
1784040234.424345,1784040234.430618,decode,2,0,2096,0.0010,0,2,
1784040234.430618,1784040234.437181,decode,2,0,2096,0.0010,0,2,
1784040234.437181,1784040234.443528,decode,2,0,2096,0.0010,0,2,
1784040234.443528,1784040234.449547,decode,2,0,2096,0.0010,0,2,
1784040234.449547,1784040234.455769,decode,2,0,2096,0.0010,0,2,
1784040234.455769,1784040234.462046,decode,2,0,2096,0.0010,0,2,
1784040234.462046,1784040234.468248,decode,2,0,2096,0.0010,0,2,
1784040234.468248,1784040234.474473,decode,2,0,2096,0.0010,0,2,
1784040234.474473,1784040234.480552,decode,2,0,2096,0.0010,0,2,
1784040234.480552,1784040234.486778,decode,2,0,2112,0.0010,0,2,
1784040234.486778,1784040234.493021,decode,2,0,2128,0.0010,0,2,
1784040234.493021,1784040234.499077,decode,2,0,2128,0.0010,0,2,
1784040234.499077,1784040234.505267,decode,2,0,2128,0.0010,0,2,
1784040234.505267,1784040234.511498,decode,2,0,2128,0.0010,0,2,
1784040234.511498,1784040234.517672,decode,2,0,2128,0.0010,0,2,
1784040234.517672,1784040234.523613,decode,2,0,2128,0.0010,0,2,
1784040234.523613,1784040234.529665,decode,2,0,2128,0.0010,0,2,
1784040234.529665,1784040234.535946,decode,2,0,2128,0.0010,0,2,
1784040234.535946,1784040234.542119,decode,2,0,2128,0.0010,0,2,
1784040234.542119,1784040234.548098,decode,2,0,2128,0.0010,0,2,
1784040234.548098,1784040234.554374,decode,2,0,2128,0.0010,0,2,
1784040234.554374,1784040234.560538,decode,2,0,2128,0.0010,0,2,
1784040234.560538,1784040234.566563,decode,2,0,2128,0.0010,0,2,
1784040234.566563,1784040234.572868,decode,2,0,2128,0.0010,0,2,
1784040234.572868,1784040234.579027,decode,2,0,2128,0.0010,0,2,
1784040234.579027,1784040234.585249,decode,2,0,2144,0.0010,0,2,
1784040234.585249,1784040234.591440,decode,2,0,2160,0.0010,0,2,
1784040234.591440,1784040234.597595,decode,2,0,2160,0.0010,0,2,
1784040234.597595,1784040234.603775,decode,2,0,2160,0.0010,0,2,
1784040234.603775,1784040234.610078,decode,2,0,2160,0.0010,0,2,
1784040234.610078,1784040234.616177,decode,2,0,2160,0.0010,0,2,
1784040234.616177,1784040234.622498,decode,2,0,2160,0.0010,0,2,
1784040234.622498,1784040234.628697,decode,2,0,2160,0.0010,0,2,
1784040234.628697,1784040234.634754,decode,2,0,2160,0.0010,0,2,
1784040234.634754,1784040234.641073,decode,2,0,2160,0.0010,0,2,
1784040234.641073,1784040234.647302,decode,2,0,2160,0.0010,0,2,
1784040234.647302,1784040234.653379,decode,2,0,2160,0.0010,0,2,
1784040234.653379,1784040234.659756,decode,2,0,2160,0.0010,0,2,
1784040234.659756,1784040234.665997,decode,2,0,2160,0.0010,0,2,
1784040234.665997,1784040234.671860,decode,2,0,2160,0.0010,0,2,
1784040234.671860,1784040234.678345,decode,2,0,2160,0.0010,0,2,
1784040234.678345,1784040234.684590,decode,2,0,2176,0.0010,0,2,
1784040234.684590,1784040234.690880,decode,2,0,2192,0.0011,0,2,
1784040234.690880,1784040234.696990,decode,2,0,2192,0.0011,0,2,
1784040234.696990,1784040234.703347,decode,2,0,2192,0.0011,0,2,
1784040234.703347,1784040234.709564,decode,2,0,2192,0.0011,0,2,
1784040234.709564,1784040234.715636,decode,2,0,2192,0.0011,0,2,
1784040234.715636,1784040234.722004,decode,2,0,2192,0.0011,0,2,
1784040234.722004,1784040234.728211,decode,2,0,2192,0.0011,0,2,
1784040234.728211,1784040234.734284,decode,2,0,2192,0.0011,0,2,
1784040234.734284,1784040234.740652,decode,2,0,2192,0.0011,0,2,
1784040234.740652,1784040234.746899,decode,2,0,2192,0.0011,0,2,
1784040234.746899,1784040234.753154,decode,2,0,2192,0.0011,0,2,
1784040234.753154,1784040234.759380,decode,2,0,2192,0.0011,0,2,
1784040234.759380,1784040234.765596,decode,2,0,2192,0.0011,0,2,
1784040234.765596,1784040234.771676,decode,2,0,2192,0.0011,0,2,
1784040234.771676,1784040234.778039,decode,2,0,2192,0.0011,0,2,
1784040234.778039,1784040234.784099,decode,2,0,2208,0.0011,0,2,
1784040234.784099,1784040234.790509,decode,2,0,2224,0.0011,0,2,
1784040234.790509,1784040234.796661,decode,2,0,2224,0.0011,0,2,
1784040234.796661,1784040234.802900,decode,2,0,2224,0.0011,0,2,
1784040234.802900,1784040234.809249,decode,2,0,2224,0.0011,0,2,
1784040234.809249,1784040234.815332,decode,2,0,2224,0.0011,0,2,
1784040234.815332,1784040234.821760,decode,2,0,2224,0.0011,0,2,
1784040234.821760,1784040234.827930,decode,2,0,2224,0.0011,0,2,
1784040234.827930,1784040234.833994,decode,2,0,2224,0.0011,0,2,
1784040234.833994,1784040234.840377,decode,2,0,2224,0.0011,0,2,
1784040234.840377,1784040234.846582,decode,2,0,2224,0.0011,0,2,
1784040234.846582,1784040234.852654,decode,2,0,2224,0.0011,0,2,
1784040234.852654,1784040234.859035,decode,2,0,2224,0.0011,0,2,
1784040234.859035,1784040234.865249,decode,2,0,2224,0.0011,0,2,
1784040234.865249,1784040234.871330,decode,2,0,2224,0.0011,0,2,
1784040234.871330,1784040234.877763,decode,2,0,2224,0.0011,0,2,
1784040234.877763,1784040234.883762,decode,2,0,2240,0.0011,0,2,
1784040234.883762,1784040234.890182,decode,2,0,2256,0.0011,0,2,
1784040234.890182,1784040234.896467,decode,2,0,2256,0.0011,0,2,
1784040234.896467,1784040234.902716,decode,2,0,2256,0.0011,0,2,
1784040234.902716,1784040234.908698,decode,2,0,2256,0.0011,0,2,
1784040234.908698,1784040234.914912,decode,2,0,2256,0.0011,0,2,
1784040234.914912,1784040234.920964,decode,2,0,2256,0.0011,0,2,
1784040234.920964,1784040234.927081,decode,2,0,2256,0.0011,0,2,
1784040234.927081,1784040234.933109,decode,2,0,2256,0.0011,0,2,
1784040234.933109,1784040234.939212,decode,2,0,2256,0.0011,0,2,
1784040234.939212,1784040234.945236,decode,2,0,2256,0.0011,0,2,
1784040234.945236,1784040234.951281,decode,2,0,2256,0.0011,0,2,
1784040234.951281,1784040234.957355,decode,2,0,2256,0.0011,0,2,
1784040234.957355,1784040234.963297,decode,2,0,2256,0.0011,0,2,
1784040234.963297,1784040234.969370,decode,2,0,2256,0.0011,0,2,
1784040234.969370,1784040234.975542,decode,2,0,2256,0.0011,0,2,
1784040234.975542,1784040234.981618,decode,2,0,2272,0.0011,0,2,
1784040234.981618,1784040234.987758,decode,2,0,2288,0.0011,0,2,
1784040234.987758,1784040234.993672,decode,2,0,2288,0.0011,0,2,
1784040234.993672,1784040234.999960,decode,2,0,2288,0.0011,0,2,
1784040234.999960,1784040235.005974,decode,2,0,2288,0.0011,0,2,
1784040235.005974,1784040235.012098,decode,2,0,2288,0.0011,0,2,
1784040235.012098,1784040235.018085,decode,2,0,2288,0.0011,0,2,
1784040235.018085,1784040235.024179,decode,2,0,2288,0.0011,0,2,
1784040235.024179,1784040235.030071,decode,2,0,2288,0.0011,0,2,
1784040235.030071,1784040235.036296,decode,2,0,2288,0.0011,0,2,
1784040235.036296,1784040235.042374,decode,2,0,2288,0.0011,0,2,
1784040235.042374,1784040235.048303,decode,2,0,2288,0.0011,0,2,
1784040235.048303,1784040235.054541,decode,2,0,2288,0.0011,0,2,
1784040235.054541,1784040235.060598,decode,2,0,2288,0.0011,0,2,
1784040235.060598,1784040235.066497,decode,2,0,2288,0.0011,0,2,
1784040235.066497,1784040235.072848,decode,2,0,2288,0.0011,0,2,
1784040235.072848,1784040235.078876,decode,2,0,2304,0.0011,0,2,
1784040235.078876,1784040235.084839,decode,2,0,2320,0.0011,0,2,
1784040235.084839,1784040235.090831,decode,2,0,2320,0.0011,0,2,
1784040235.090831,1784040235.097142,decode,2,0,2320,0.0011,0,2,
1784040235.097142,1784040235.103217,decode,2,0,2320,0.0011,0,2,
1784040235.103217,1784040235.109111,decode,2,0,2320,0.0011,0,2,
1784040235.109111,1784040235.115272,decode,2,0,2320,0.0011,0,2,
1784040235.115272,1784040235.121405,decode,2,0,2320,0.0011,0,2,
1784040235.121405,1784040235.127344,decode,2,0,2320,0.0011,0,2,
1784040235.127344,1784040235.133554,decode,2,0,2320,0.0011,0,2,
1784040235.133554,1784040235.139505,decode,2,0,2320,0.0011,0,2,
1784040235.139505,1784040235.145567,decode,2,0,2320,0.0011,0,2,
1784040235.145567,1784040235.151694,decode,2,0,2320,0.0011,0,2,
1784040235.151694,1784040235.157820,decode,2,0,2320,0.0011,0,2,
1784040235.157820,1784040235.163806,decode,1,0,2176,0.0010,0,2,
1784040235.163806,1784040235.170590,decode,0,0,0,0.0000,0,1,
1784040235.170590,1784040235.177347,mixed,1,0,2048,0.0010,2048,1,
1784040235.177347,1784040235.184006,mixed,2,0,2080,0.0010,2048,2,
1784040235.184006,1784040235.189631,decode,2,0,2096,0.0010,0,2,
1784040235.189631,1784040235.195796,decode,2,0,2096,0.0010,0,2,
1784040235.195796,1784040235.201896,decode,2,0,2096,0.0010,0,2,
1784040235.201896,1784040235.207823,decode,2,0,2096,0.0010,0,2,
1784040235.207823,1784040235.214015,decode,2,0,2096,0.0010,0,2,
1784040235.214015,1784040235.219919,decode,2,0,2096,0.0010,0,2,
1784040235.219919,1784040235.226118,decode,2,0,2096,0.0010,0,2,
1784040235.226118,1784040235.232211,decode,2,0,2096,0.0010,0,2,
1784040235.232211,1784040235.238301,decode,2,0,2096,0.0010,0,2,
1784040235.238301,1784040235.244192,decode,2,0,2096,0.0010,0,2,
1784040235.244192,1784040235.250218,decode,2,0,2096,0.0010,0,2,
1784040235.250218,1784040235.256337,decode,2,0,2096,0.0010,0,2,
1784040235.256337,1784040235.262423,decode,2,0,2096,0.0010,0,2,
1784040235.262423,1784040235.268483,decode,2,0,2096,0.0010,0,2,
1784040235.268483,1784040235.274563,decode,2,0,2096,0.0010,0,2,
1784040235.274563,1784040235.280766,decode,2,0,2112,0.0010,0,2,
1784040235.280766,1784040235.286880,decode,2,0,2128,0.0010,0,2,
1784040235.286880,1784040235.292710,decode,2,0,2128,0.0010,0,2,
1784040235.292710,1784040235.298997,decode,2,0,2128,0.0010,0,2,
1784040235.298997,1784040235.305046,decode,2,0,2128,0.0010,0,2,
1784040235.305046,1784040235.311115,decode,2,0,2128,0.0010,0,2,
1784040235.311115,1784040235.317176,decode,2,0,2128,0.0010,0,2,
1784040235.317176,1784040235.323243,decode,2,0,2128,0.0010,0,2,
1784040235.323243,1784040235.329305,decode,2,0,2128,0.0010,0,2,
1784040235.329305,1784040235.335338,decode,2,0,2128,0.0010,0,2,
1784040235.335338,1784040235.341321,decode,2,0,2128,0.0010,0,2,
1784040235.341321,1784040235.347605,decode,2,0,2128,0.0010,0,2,
1784040235.347605,1784040235.353943,decode,2,0,2128,0.0010,0,2,
1784040235.353943,1784040235.359635,decode,2,0,2128,0.0010,0,2,
1784040235.359635,1784040235.365911,decode,2,0,2128,0.0010,0,2,
1784040235.365911,1784040235.372001,decode,2,0,2128,0.0010,0,2,
1784040235.372001,1784040235.378161,decode,2,0,2144,0.0010,0,2,
1784040235.378161,1784040235.384258,decode,2,0,2160,0.0010,0,2,
1784040235.384258,1784040235.390239,decode,2,0,2160,0.0010,0,2,
1784040235.390239,1784040235.396386,decode,2,0,2160,0.0010,0,2,
1784040235.396386,1784040235.402312,decode,2,0,2160,0.0010,0,2,
1784040235.402312,1784040235.408543,decode,2,0,2160,0.0010,0,2,
1784040235.408543,1784040235.414639,decode,2,0,2160,0.0010,0,2,
1784040235.414639,1784040235.420607,decode,2,0,2160,0.0010,0,2,
1784040235.420607,1784040235.426740,decode,2,0,2160,0.0010,0,2,
1784040235.426740,1784040235.433095,decode,2,0,2160,0.0010,0,2,
1784040235.433095,1784040235.439105,decode,2,0,2160,0.0010,0,2,
1784040235.439105,1784040235.445269,decode,2,0,2160,0.0010,0,2,
1784040235.445269,1784040235.451465,decode,2,0,2160,0.0010,0,2,
1784040235.451465,1784040235.457399,decode,2,0,2160,0.0010,0,2,
1784040235.457399,1784040235.463652,decode,2,0,2160,0.0010,0,2,
1784040235.463652,1784040235.469781,decode,2,0,2160,0.0010,0,2,
1784040235.469781,1784040235.475776,decode,2,0,2176,0.0010,0,2,
1784040235.475776,1784040235.482111,decode,2,0,2192,0.0011,0,2,
1784040235.482111,1784040235.488247,decode,2,0,2192,0.0011,0,2,
1784040235.488247,1784040235.494374,decode,2,0,2192,0.0011,0,2,
1784040235.494374,1784040235.500359,decode,2,0,2192,0.0011,0,2,
1784040235.500359,1784040235.506672,decode,2,0,2192,0.0011,0,2,
1784040235.506672,1784040235.512820,decode,2,0,2192,0.0011,0,2,
1784040235.512820,1784040235.518821,decode,2,0,2192,0.0011,0,2,
1784040235.518821,1784040235.525103,decode,2,0,2192,0.0011,0,2,
1784040235.525103,1784040235.531220,decode,2,0,2192,0.0011,0,2,
1784040235.531220,1784040235.537448,decode,2,0,2192,0.0011,0,2,
1784040235.537448,1784040235.543444,decode,2,0,2192,0.0011,0,2,
1784040235.543444,1784040235.549795,decode,2,0,2192,0.0011,0,2,
1784040235.549795,1784040235.555948,decode,2,0,2192,0.0011,0,2,
1784040235.555948,1784040235.562073,decode,2,0,2192,0.0011,0,2,
1784040235.562073,1784040235.568329,decode,2,0,2192,0.0011,0,2,
1784040235.568329,1784040235.574572,decode,2,0,2208,0.0011,0,2,
1784040235.574572,1784040235.580558,decode,2,0,2224,0.0011,0,2,
1784040235.580558,1784040235.586849,decode,2,0,2224,0.0011,0,2,
1784040235.586849,1784040235.592978,decode,2,0,2224,0.0011,0,2,
1784040235.592978,1784040235.599129,decode,2,0,2224,0.0011,0,2,
1784040235.599129,1784040235.605231,decode,2,0,2224,0.0011,0,2,
1784040235.605231,1784040235.611329,decode,2,0,2224,0.0011,0,2,
1784040235.611329,1784040235.617351,decode,2,0,2224,0.0011,0,2,
1784040235.617351,1784040235.623373,decode,2,0,2224,0.0011,0,2,
1784040235.623373,1784040235.629586,decode,2,0,2224,0.0011,0,2,
1784040235.629586,1784040235.635538,decode,2,0,2224,0.0011,0,2,
1784040235.635538,1784040235.641798,decode,2,0,2224,0.0011,0,2,
1784040235.641798,1784040235.647889,decode,2,0,2224,0.0011,0,2,
1784040235.647889,1784040235.653736,decode,2,0,2224,0.0011,0,2,
1784040235.653736,1784040235.660117,decode,2,0,2224,0.0011,0,2,
1784040235.660117,1784040235.666221,decode,2,0,2224,0.0011,0,2,
1784040235.666221,1784040235.672417,decode,2,0,2240,0.0011,0,2,
1784040235.672417,1784040235.678378,decode,2,0,2256,0.0011,0,2,
1784040235.678378,1784040235.684494,decode,2,0,2256,0.0011,0,2,
1784040235.684494,1784040235.690754,decode,2,0,2256,0.0011,0,2,
1784040235.690754,1784040235.696876,decode,2,0,2256,0.0011,0,2,
1784040235.696876,1784040235.702851,decode,2,0,2256,0.0011,0,2,
1784040235.702851,1784040235.709013,decode,2,0,2256,0.0011,0,2,
1784040235.709013,1784040235.715290,decode,2,0,2256,0.0011,0,2,
1784040235.715290,1784040235.721162,decode,2,0,2256,0.0011,0,2,
1784040235.721162,1784040235.727403,decode,2,0,2256,0.0011,0,2,
1784040235.727403,1784040235.733472,decode,2,0,2256,0.0011,0,2,
1784040235.733472,1784040235.739390,decode,2,0,2256,0.0011,0,2,
1784040235.739390,1784040235.745485,decode,2,0,2256,0.0011,0,2,
1784040235.745485,1784040235.751565,decode,2,0,2256,0.0011,0,2,
1784040235.751565,1784040235.757663,decode,2,0,2256,0.0011,0,2,
1784040235.757663,1784040235.763729,decode,2,0,2256,0.0011,0,2,
1784040235.763729,1784040235.769981,decode,2,0,2272,0.0011,0,2,
1784040235.769981,1784040235.776176,decode,2,0,2288,0.0011,0,2,
1784040235.776176,1784040235.782221,decode,2,0,2288,0.0011,0,2,
1784040235.782221,1784040235.788157,decode,2,0,2288,0.0011,0,2,
1784040235.788157,1784040235.794414,decode,2,0,2288,0.0011,0,2,
1784040235.794414,1784040235.800349,decode,2,0,2288,0.0011,0,2,
1784040235.800349,1784040235.806616,decode,2,0,2288,0.0011,0,2,
1784040235.806616,1784040235.812733,decode,2,0,2288,0.0011,0,2,
1784040235.812733,1784040235.818626,decode,2,0,2288,0.0011,0,2,
1784040235.818626,1784040235.824895,decode,2,0,2288,0.0011,0,2,
1784040235.824895,1784040235.831018,decode,2,0,2288,0.0011,0,2,
1784040235.831018,1784040235.837123,decode,2,0,2288,0.0011,0,2,
1784040235.837123,1784040235.843224,decode,2,0,2288,0.0011,0,2,
1784040235.843224,1784040235.849264,decode,2,0,2288,0.0011,0,2,
1784040235.849264,1784040235.855430,decode,2,0,2288,0.0011,0,2,
1784040235.855430,1784040235.861546,decode,2,0,2288,0.0011,0,2,
1784040235.861546,1784040235.867771,decode,2,0,2304,0.0011,0,2,
1784040235.867771,1784040235.873839,decode,2,0,2320,0.0011,0,2,
1784040235.873839,1784040235.879793,decode,2,0,2320,0.0011,0,2,
1784040235.879793,1784040235.886182,decode,2,0,2320,0.0011,0,2,
1784040235.886182,1784040235.892305,decode,2,0,2320,0.0011,0,2,
1784040235.892305,1784040235.898289,decode,2,0,2320,0.0011,0,2,
1784040235.898289,1784040235.904532,decode,2,0,2320,0.0011,0,2,
1784040235.904532,1784040235.910715,decode,2,0,2320,0.0011,0,2,
1784040235.910715,1784040235.916701,decode,2,0,2320,0.0011,0,2,
1784040235.916701,1784040235.922983,decode,2,0,2320,0.0011,0,2,
1784040235.922983,1784040235.929108,decode,2,0,2320,0.0011,0,2,
1784040235.929108,1784040235.935241,decode,2,0,2320,0.0011,0,2,
1784040235.935241,1784040235.941355,decode,2,0,2320,0.0011,0,2,
1784040235.941355,1784040235.947342,decode,2,0,2320,0.0011,0,2,
1784040235.947342,1784040235.953636,decode,1,0,2176,0.0010,0,2,
1784040235.953636,1784040235.960366,decode,0,0,0,0.0000,0,1,
1784040235.960366,1784040235.967333,mixed,1,0,2048,0.0010,2048,1,
1784040235.967333,1784040235.973659,mixed,2,0,2080,0.0010,2048,2,
1784040235.973659,1784040235.979860,decode,2,0,2096,0.0010,0,2,
1784040235.979860,1784040235.986027,decode,2,0,2096,0.0010,0,2,
1784040235.986027,1784040235.992115,decode,2,0,2096,0.0010,0,2,
1784040235.992115,1784040235.998430,decode,2,0,2096,0.0010,0,2,
1784040235.998430,1784040236.004358,decode,2,0,2096,0.0010,0,2,
1784040236.004358,1784040236.010296,decode,2,0,2096,0.0010,0,2,
1784040236.010296,1784040236.016574,decode,2,0,2096,0.0010,0,2,
1784040236.016574,1784040236.022664,decode,2,0,2096,0.0010,0,2,
1784040236.022664,1784040236.028614,decode,2,0,2096,0.0010,0,2,
1784040236.028614,1784040236.034875,decode,2,0,2096,0.0010,0,2,
1784040236.034875,1784040236.040848,decode,2,0,2096,0.0010,0,2,
1784040236.040848,1784040236.047091,decode,2,0,2096,0.0010,0,2,
1784040236.047091,1784040236.053149,decode,2,0,2096,0.0010,0,2,
1784040236.053149,1784040236.059151,decode,2,0,2096,0.0010,0,2,
1784040236.059151,1784040236.065415,decode,2,0,2096,0.0010,0,2,
1784040236.065415,1784040236.071532,decode,2,0,2112,0.0010,0,2,
1784040236.071532,1784040236.077644,decode,2,0,2128,0.0010,0,2,
1784040236.077644,1784040236.083637,decode,2,0,2128,0.0010,0,2,
1784040236.083637,1784040236.089756,decode,2,0,2128,0.0010,0,2,
1784040236.089756,1784040236.096450,decode,2,0,2128,0.0010,0,2,
1784040236.096450,1784040236.102582,decode,2,0,2128,0.0010,0,2,
1784040236.102582,1784040236.108358,decode,2,0,2128,0.0010,0,2,
1784040236.108358,1784040236.114791,decode,2,0,2128,0.0010,0,2,
1784040236.114791,1784040236.120426,decode,2,0,2128,0.0010,0,2,
1784040236.120426,1784040236.127107,decode,2,0,2128,0.0010,0,2,
1784040236.127107,1784040236.132933,decode,2,0,2128,0.0010,0,2,
1784040236.132933,1784040236.138857,decode,2,0,2128,0.0010,0,2,
1784040236.138857,1784040236.145201,decode,2,0,2128,0.0010,0,2,
1784040236.145201,1784040236.151085,decode,2,0,2128,0.0010,0,2,
1784040236.151085,1784040236.157561,decode,2,0,2128,0.0010,0,2,
1784040236.157561,1784040236.163651,decode,2,0,2128,0.0010,0,2,
1784040236.163651,1784040236.169656,decode,2,0,2144,0.0010,0,2,
1784040236.169656,1784040236.176071,decode,2,0,2160,0.0010,0,2,
1784040236.176071,1784040236.182132,decode,2,0,2160,0.0010,0,2,
1784040236.182132,1784040236.188769,decode,2,0,2160,0.0010,0,2,
1784040236.188769,1784040236.194639,decode,2,0,2160,0.0010,0,2,
1784040236.194639,1784040236.200905,decode,2,0,2160,0.0010,0,2,
1784040236.200905,1784040236.206937,decode,2,0,2160,0.0010,0,2,
1784040236.206937,1784040236.213091,decode,2,0,2160,0.0010,0,2,
1784040236.213091,1784040236.219665,decode,2,0,2160,0.0010,0,2,
1784040236.219665,1784040236.225482,decode,2,0,2160,0.0010,0,2,
1784040236.225482,1784040236.231653,decode,2,0,2160,0.0010,0,2,
1784040236.231653,1784040236.237747,decode,2,0,2160,0.0010,0,2,
1784040236.237747,1784040236.243817,decode,2,0,2160,0.0010,0,2,
1784040236.243817,1784040236.250270,decode,2,0,2160,0.0010,0,2,
1784040236.250270,1784040236.256354,decode,2,0,2160,0.0010,0,2,
1784040236.256354,1784040236.262499,decode,2,0,2160,0.0010,0,2,
1784040236.262499,1784040236.268753,decode,2,0,2176,0.0010,0,2,
1784040236.268753,1784040236.274981,decode,2,0,2192,0.0011,0,2,
1784040236.274981,1784040236.281020,decode,2,0,2192,0.0011,0,2,
1784040236.281020,1784040236.287359,decode,2,0,2192,0.0011,0,2,
1784040236.287359,1784040236.293423,decode,2,0,2192,0.0011,0,2,
1784040236.293423,1784040236.299563,decode,2,0,2192,0.0011,0,2,
1784040236.299563,1784040236.305884,decode,2,0,2192,0.0011,0,2,
1784040236.305884,1784040236.312068,decode,2,0,2192,0.0011,0,2,
1784040236.312068,1784040236.318276,decode,2,0,2192,0.0011,0,2,
1784040236.318276,1784040236.324449,decode,2,0,2192,0.0011,0,2,
1784040236.324449,1784040236.330494,decode,2,0,2192,0.0011,0,2,
1784040236.330494,1784040236.336820,decode,2,0,2192,0.0011,0,2,
1784040236.336820,1784040236.342987,decode,2,0,2192,0.0011,0,2,
1784040236.342987,1784040236.349108,decode,2,0,2192,0.0011,0,2,
1784040236.349108,1784040236.355439,decode,2,0,2192,0.0011,0,2,
1784040236.355439,1784040236.361696,decode,2,0,2192,0.0011,0,2,
1784040236.361696,1784040236.367891,decode,2,0,2208,0.0011,0,2,
1784040236.367891,1784040236.374167,decode,2,0,2224,0.0011,0,2,
1784040236.374167,1784040236.380154,decode,2,0,2224,0.0011,0,2,
1784040236.380154,1784040236.386642,decode,2,0,2224,0.0011,0,2,
1784040236.386642,1784040236.392643,decode,2,0,2224,0.0011,0,2,
1784040236.392643,1784040236.399386,decode,2,0,2224,0.0011,0,2,
1784040236.399386,1784040236.405257,decode,2,0,2224,0.0011,0,2,
1784040236.405257,1784040236.411228,decode,2,0,2224,0.0011,0,2,
1784040236.411228,1784040236.418027,decode,2,0,2224,0.0011,0,2,
1784040236.418027,1784040236.423795,decode,2,0,2224,0.0011,0,2,
1784040236.423795,1784040236.430156,decode,2,0,2224,0.0011,0,2,
1784040236.430156,1784040236.436312,decode,2,0,2224,0.0011,0,2,
1784040236.436312,1784040236.442348,decode,2,0,2224,0.0011,0,2,
1784040236.442348,1784040236.448617,decode,2,0,2224,0.0011,0,2,
1784040236.448617,1784040236.454750,decode,2,0,2224,0.0011,0,2,
1784040236.454750,1784040236.461234,decode,2,0,2224,0.0011,0,2,
1784040236.461234,1784040236.467059,decode,2,0,2240,0.0011,0,2,
1784040236.467059,1784040236.473215,decode,2,0,2256,0.0011,0,2,
1784040236.473215,1784040236.479635,decode,2,0,2256,0.0011,0,2,
1784040236.479635,1784040236.485859,decode,2,0,2256,0.0011,0,2,
1784040236.485859,1784040236.492107,decode,2,0,2256,0.0011,0,2,
1784040236.492107,1784040236.498274,decode,2,0,2256,0.0011,0,2,
1784040236.498274,1784040236.504426,decode,2,0,2256,0.0011,0,2,
1784040236.504426,1784040236.510716,decode,2,0,2256,0.0011,0,2,
1784040236.510716,1784040236.516961,decode,2,0,2256,0.0011,0,2,
1784040236.516961,1784040236.523094,decode,2,0,2256,0.0011,0,2,
1784040236.523094,1784040236.529320,decode,2,0,2256,0.0011,0,2,
1784040236.529320,1784040236.535380,decode,2,0,2256,0.0011,0,2,
1784040236.535380,1784040236.541762,decode,2,0,2256,0.0011,0,2,
1784040236.541762,1784040236.547839,decode,2,0,2256,0.0011,0,2,
1784040236.547839,1784040236.553895,decode,2,0,2256,0.0011,0,2,
1784040236.553895,1784040236.560271,decode,2,0,2256,0.0011,0,2,
1784040236.560271,1784040236.566644,decode,2,0,2272,0.0011,0,2,
1784040236.566644,1784040236.572558,decode,2,0,2288,0.0011,0,2,
1784040236.572558,1784040236.578791,decode,2,0,2288,0.0011,0,2,
1784040236.578791,1784040236.584602,decode,2,0,2288,0.0011,0,2,
1784040236.584602,1784040236.590892,decode,2,0,2288,0.0011,0,2,
1784040236.590892,1784040236.596953,decode,2,0,2288,0.0011,0,2,
1784040236.596953,1784040236.602897,decode,2,0,2288,0.0011,0,2,
1784040236.602897,1784040236.609119,decode,2,0,2288,0.0011,0,2,
1784040236.609119,1784040236.615127,decode,2,0,2288,0.0011,0,2,
1784040236.615127,1784040236.621100,decode,2,0,2288,0.0011,0,2,
1784040236.621100,1784040236.627157,decode,2,0,2288,0.0011,0,2,
1784040236.627157,1784040236.633240,decode,2,0,2288,0.0011,0,2,
1784040236.633240,1784040236.639290,decode,2,0,2288,0.0011,0,2,
1784040236.639290,1784040236.645509,decode,2,0,2288,0.0011,0,2,
1784040236.645509,1784040236.651560,decode,2,0,2288,0.0011,0,2,
1784040236.651560,1784040236.657614,decode,2,0,2288,0.0011,0,2,
1784040236.657614,1784040236.663586,decode,2,0,2304,0.0011,0,2,
1784040236.663586,1784040236.669656,decode,2,0,2320,0.0011,0,2,
1784040236.669656,1784040236.675881,decode,2,0,2320,0.0011,0,2,
1784040236.675881,1784040236.681784,decode,2,0,2320,0.0011,0,2,
1784040236.681784,1784040236.688004,decode,2,0,2320,0.0011,0,2,
1784040236.688004,1784040236.693958,decode,2,0,2320,0.0011,0,2,
1784040236.693958,1784040236.700232,decode,2,0,2320,0.0011,0,2,
1784040236.700232,1784040236.706142,decode,2,0,2320,0.0011,0,2,
1784040236.706142,1784040236.712175,decode,2,0,2320,0.0011,0,2,
1784040236.712175,1784040236.718411,decode,2,0,2320,0.0011,0,2,
1784040236.718411,1784040236.724312,decode,2,0,2320,0.0011,0,2,
1784040236.724312,1784040236.730545,decode,2,0,2320,0.0011,0,2,
1784040236.730545,1784040236.736364,decode,2,0,2320,0.0011,0,2,
1784040236.736364,1784040236.742709,decode,2,0,2320,0.0011,0,2,
1784040236.742709,1784040236.748845,decode,1,0,2176,0.0010,0,2,
1784040236.748845,1784040236.755409,decode,0,0,0,0.0000,0,1,
1784040236.755409,1784040236.762110,mixed,1,0,2048,0.0010,2048,1,
1784040236.762110,1784040236.768467,mixed,2,0,2080,0.0010,2048,2,
1784040236.768467,1784040236.774523,decode,2,0,2096,0.0010,0,2,
1784040236.774523,1784040236.780422,decode,2,0,2096,0.0010,0,2,
1784040236.780422,1784040236.786659,decode,2,0,2096,0.0010,0,2,
1784040236.786659,1784040236.792726,decode,2,0,2096,0.0010,0,2,
1784040236.792726,1784040236.798629,decode,2,0,2096,0.0010,0,2,
1784040236.798629,1784040236.804699,decode,2,0,2096,0.0010,0,2,
1784040236.804699,1784040236.810809,decode,2,0,2096,0.0010,0,2,
1784040236.810809,1784040236.817017,decode,2,0,2096,0.0010,0,2,
1784040236.817017,1784040236.823019,decode,2,0,2096,0.0010,0,2,
1784040236.823019,1784040236.828927,decode,2,0,2096,0.0010,0,2,
1784040236.828927,1784040236.835211,decode,2,0,2096,0.0010,0,2,
1784040236.835211,1784040236.841206,decode,2,0,2096,0.0010,0,2,
1784040236.841206,1784040236.847281,decode,2,0,2096,0.0010,0,2,
1784040236.847281,1784040236.853260,decode,2,0,2096,0.0010,0,2,
1784040236.853260,1784040236.859487,decode,2,0,2096,0.0010,0,2,
1784040236.859487,1784040236.865630,decode,2,0,2112,0.0010,0,2,
1784040236.865630,1784040236.871728,decode,2,0,2128,0.0010,0,2,
1784040236.871728,1784040236.877693,decode,2,0,2128,0.0010,0,2,
1784040236.877693,1784040236.883845,decode,2,0,2128,0.0010,0,2,
1784040236.883845,1784040236.890032,decode,2,0,2128,0.0010,0,2,
1784040236.890032,1784040236.896145,decode,2,0,2128,0.0010,0,2,
1784040236.896145,1784040236.902236,decode,2,0,2128,0.0010,0,2,
1784040236.902236,1784040236.908341,decode,2,0,2128,0.0010,0,2,
1784040236.908341,1784040236.914260,decode,2,0,2128,0.0010,0,2,
1784040236.914260,1784040236.920515,decode,2,0,2128,0.0010,0,2,
1784040236.920515,1784040236.926599,decode,2,0,2128,0.0010,0,2,
1784040236.926599,1784040236.932541,decode,2,0,2128,0.0010,0,2,
1784040236.932541,1784040236.938795,decode,2,0,2128,0.0010,0,2,
1784040236.938795,1784040236.944851,decode,2,0,2128,0.0010,0,2,
1784040236.944851,1784040236.950982,decode,2,0,2128,0.0010,0,2,
1784040236.950982,1784040236.956961,decode,2,0,2128,0.0010,0,2,
1784040236.956961,1784040236.963235,decode,2,0,2144,0.0010,0,2,
1784040236.963235,1784040236.969159,decode,2,0,2160,0.0010,0,2,
1784040236.969159,1784040236.975386,decode,2,0,2160,0.0010,0,2,
1784040236.975386,1784040236.981294,decode,2,0,2160,0.0010,0,2,
1784040236.981294,1784040236.987474,decode,2,0,2160,0.0010,0,2,
1784040236.987474,1784040236.993588,decode,2,0,2160,0.0010,0,2,
1784040236.993588,1784040236.999515,decode,2,0,2160,0.0010,0,2,
1784040236.999515,1784040237.005810,decode,2,0,2160,0.0010,0,2,
1784040237.005810,1784040237.011880,decode,2,0,2160,0.0010,0,2,
1784040237.011880,1784040237.017848,decode,2,0,2160,0.0010,0,2,
1784040237.017848,1784040237.023802,decode,2,0,2160,0.0010,0,2,
1784040237.023802,1784040237.030087,decode,2,0,2160,0.0010,0,2,
1784040237.030087,1784040237.036129,decode,2,0,2160,0.0010,0,2,
1784040237.036129,1784040237.042090,decode,2,0,2160,0.0010,0,2,
1784040237.042090,1784040237.048434,decode,2,0,2160,0.0010,0,2,
1784040237.048434,1784040237.054368,decode,2,0,2160,0.0010,0,2,
1784040237.054368,1784040237.060253,decode,2,0,2176,0.0010,0,2,
1784040237.060253,1784040237.066477,decode,2,0,2192,0.0011,0,2,
1784040237.066477,1784040237.072546,decode,2,0,2192,0.0011,0,2,
1784040237.072546,1784040237.078466,decode,2,0,2192,0.0011,0,2,
1784040237.078466,1784040237.084692,decode,2,0,2192,0.0011,0,2,
1784040237.084692,1784040237.090582,decode,2,0,2192,0.0011,0,2,
1784040237.090582,1784040237.096806,decode,2,0,2192,0.0011,0,2,
1784040237.096806,1784040237.102734,decode,2,0,2192,0.0011,0,2,
1784040237.102734,1784040237.108946,decode,2,0,2192,0.0011,0,2,
1784040237.108946,1784040237.114854,decode,2,0,2192,0.0011,0,2,
1784040237.114854,1784040237.121056,decode,2,0,2192,0.0011,0,2,
1784040237.121056,1784040237.126968,decode,2,0,2192,0.0011,0,2,
1784040237.126968,1784040237.133189,decode,2,0,2192,0.0011,0,2,
1784040237.133189,1784040237.139097,decode,2,0,2192,0.0011,0,2,
1784040237.139097,1784040237.145286,decode,2,0,2192,0.0011,0,2,
1784040237.145286,1784040237.151374,decode,2,0,2192,0.0011,0,2,
1784040237.151374,1784040237.157498,decode,2,0,2208,0.0011,0,2,
1784040237.157498,1784040237.163408,decode,2,0,2224,0.0011,0,2,
1784040237.163408,1784040237.169623,decode,2,0,2224,0.0011,0,2,
1784040237.169623,1784040237.175562,decode,2,0,2224,0.0011,0,2,
1784040237.175562,1784040237.181782,decode,2,0,2224,0.0011,0,2,
1784040237.181782,1784040237.187855,decode,2,0,2224,0.0011,0,2,
1784040237.187855,1784040237.193728,decode,2,0,2224,0.0011,0,2,
1784040237.193728,1784040237.199847,decode,2,0,2224,0.0011,0,2,
1784040237.199847,1784040237.206091,decode,2,0,2224,0.0011,0,2,
1784040237.206091,1784040237.212184,decode,2,0,2224,0.0011,0,2,
1784040237.212184,1784040237.218148,decode,2,0,2224,0.0011,0,2,
1784040237.218148,1784040237.224412,decode,2,0,2224,0.0011,0,2,
1784040237.224412,1784040237.230519,decode,2,0,2224,0.0011,0,2,
1784040237.230519,1784040237.236674,decode,2,0,2224,0.0011,0,2,
1784040237.236674,1784040237.242739,decode,2,0,2224,0.0011,0,2,
1784040237.242739,1784040237.248822,decode,2,0,2224,0.0011,0,2,
1784040237.248822,1784040237.254993,decode,2,0,2240,0.0011,0,2,
1784040237.254993,1784040237.261086,decode,2,0,2256,0.0011,0,2,
1784040237.261086,1784040237.267036,decode,2,0,2256,0.0011,0,2,
1784040237.267036,1784040237.273326,decode,2,0,2256,0.0011,0,2,
1784040237.273326,1784040237.279444,decode,2,0,2256,0.0011,0,2,
1784040237.279444,1784040237.285418,decode,2,0,2256,0.0011,0,2,
1784040237.285418,1784040237.291753,decode,2,0,2256,0.0011,0,2,
1784040237.291753,1784040237.297889,decode,2,0,2256,0.0011,0,2,
1784040237.297889,1784040237.303822,decode,2,0,2256,0.0011,0,2,
1784040237.303822,1784040237.310197,decode,2,0,2256,0.0011,0,2,
1784040237.310197,1784040237.316352,decode,2,0,2256,0.0011,0,2,
1784040237.316352,1784040237.322288,decode,2,0,2256,0.0011,0,2,
1784040237.322288,1784040237.328580,decode,2,0,2256,0.0011,0,2,
1784040237.328580,1784040237.334731,decode,2,0,2256,0.0011,0,2,
1784040237.334731,1784040237.340885,decode,2,0,2256,0.0011,0,2,
1784040237.340885,1784040237.346987,decode,2,0,2256,0.0011,0,2,
1784040237.346987,1784040237.353142,decode,2,0,2272,0.0011,0,2,
1784040237.353142,1784040237.359390,decode,2,0,2288,0.0011,0,2,
1784040237.359390,1784040237.365501,decode,2,0,2288,0.0011,0,2,
1784040237.365501,1784040237.371618,decode,2,0,2288,0.0011,0,2,
1784040237.371618,1784040237.377804,decode,2,0,2288,0.0011,0,2,
1784040237.377804,1784040237.383870,decode,2,0,2288,0.0011,0,2,
1784040237.383870,1784040237.390038,decode,2,0,2288,0.0011,0,2,
1784040237.390038,1784040237.396364,decode,2,0,2288,0.0011,0,2,
1784040237.396364,1784040237.402549,decode,2,0,2288,0.0011,0,2,
1784040237.402549,1784040237.408751,decode,2,0,2288,0.0011,0,2,
1784040237.408751,1784040237.414915,decode,2,0,2288,0.0011,0,2,
1784040237.414915,1784040237.421252,decode,2,0,2288,0.0011,0,2,
1784040237.421252,1784040237.427313,decode,2,0,2288,0.0011,0,2,
1784040237.427313,1784040237.433542,decode,2,0,2288,0.0011,0,2,
1784040237.433542,1784040237.440077,decode,2,0,2288,0.0011,0,2,
1784040237.440077,1784040237.445841,decode,2,0,2288,0.0011,0,2,
1784040237.445841,1784040237.452088,decode,2,0,2304,0.0011,0,2,
1784040237.452088,1784040237.458228,decode,2,0,2320,0.0011,0,2,
1784040237.458228,1784040237.464474,decode,2,0,2320,0.0011,0,2,
1784040237.464474,1784040237.470186,decode,2,0,2320,0.0011,0,2,
1784040237.470186,1784040237.476076,decode,2,0,2320,0.0011,0,2,
1784040237.476076,1784040237.482314,decode,2,0,2320,0.0011,0,2,
1784040237.482314,1784040237.488231,decode,2,0,2320,0.0011,0,2,
1784040237.488231,1784040237.494457,decode,2,0,2320,0.0011,0,2,
1784040237.494457,1784040237.500519,decode,2,0,2320,0.0011,0,2,
1784040237.500519,1784040237.506429,decode,2,0,2320,0.0011,0,2,
1784040237.506429,1784040237.512634,decode,2,0,2320,0.0011,0,2,
1784040237.512634,1784040237.518742,decode,2,0,2320,0.0011,0,2,
1784040237.518742,1784040237.524641,decode,2,0,2320,0.0011,0,2,
1784040237.524641,1784040237.530725,decode,2,0,2320,0.0011,0,2,
1784040237.530725,1784040237.536820,decode,1,0,2176,0.0010,0,2,
1784040237.536820,1784040237.544123,decode,0,0,0,0.0000,0,1,
1784040237.544123,1784040237.550363,mixed,1,0,2048,0.0010,2048,1,
1784040237.550363,1784040237.556828,mixed,2,0,2080,0.0010,2048,2,
1784040237.556828,1784040237.562500,decode,2,0,2096,0.0010,0,2,
1784040237.562500,1784040237.568724,decode,2,0,2096,0.0010,0,2,
1784040237.568724,1784040237.574626,decode,2,0,2096,0.0010,0,2,
1784040237.574626,1784040237.580845,decode,2,0,2096,0.0010,0,2,
1784040237.580845,1784040237.586746,decode,2,0,2096,0.0010,0,2,
1784040237.586746,1784040237.592993,decode,2,0,2096,0.0010,0,2,
1784040237.592993,1784040237.599002,decode,2,0,2096,0.0010,0,2,
1784040237.599002,1784040237.604896,decode,2,0,2096,0.0010,0,2,
1784040237.604896,1784040237.611116,decode,2,0,2096,0.0010,0,2,
1784040237.611116,1784040237.617068,decode,2,0,2096,0.0010,0,2,
1784040237.617068,1784040237.623098,decode,2,0,2096,0.0010,0,2,
1784040237.623098,1784040237.629133,decode,2,0,2096,0.0010,0,2,
1784040237.629133,1784040237.635192,decode,2,0,2096,0.0010,0,2,
1784040237.635192,1784040237.641488,decode,2,0,2096,0.0010,0,2,
1784040237.641488,1784040237.647457,decode,2,0,2096,0.0010,0,2,
1784040237.647457,1784040237.653840,decode,2,0,2112,0.0010,0,2,
1784040237.653840,1784040237.659656,decode,2,0,2128,0.0010,0,2,
1784040237.659656,1784040237.665564,decode,2,0,2128,0.0010,0,2,
1784040237.665564,1784040237.671849,decode,2,0,2128,0.0010,0,2,
1784040237.671849,1784040237.677835,decode,2,0,2128,0.0010,0,2,
1784040237.677835,1784040237.683728,decode,2,0,2128,0.0010,0,2,
1784040237.683728,1784040237.689843,decode,2,0,2128,0.0010,0,2,
1784040237.689843,1784040237.696057,decode,2,0,2128,0.0010,0,2,
1784040237.696057,1784040237.702101,decode,2,0,2128,0.0010,0,2,
1784040237.702101,1784040237.708137,decode,2,0,2128,0.0010,0,2,
1784040237.708137,1784040237.714221,decode,2,0,2128,0.0010,0,2,
1784040237.714221,1784040237.720261,decode,2,0,2128,0.0010,0,2,
1784040237.720261,1784040237.726292,decode,2,0,2128,0.0010,0,2,
1784040237.726292,1784040237.732254,decode,2,0,2128,0.0010,0,2,
1784040237.732254,1784040237.738484,decode,2,0,2128,0.0010,0,2,
1784040237.738484,1784040237.744604,decode,2,0,2128,0.0010,0,2,
1784040237.744604,1784040237.750638,decode,2,0,2144,0.0010,0,2,
1784040237.750638,1784040237.756582,decode,2,0,2160,0.0010,0,2,
1784040237.756582,1784040237.762834,decode,2,0,2160,0.0010,0,2,
1784040237.762834,1784040237.768920,decode,2,0,2160,0.0010,0,2,
1784040237.768920,1784040237.775136,decode,2,0,2160,0.0010,0,2,
1784040237.775136,1784040237.781145,decode,2,0,2160,0.0010,0,2,
1784040237.781145,1784040237.787231,decode,2,0,2160,0.0010,0,2,
1784040237.787231,1784040237.793232,decode,2,0,2160,0.0010,0,2,
1784040237.793232,1784040237.799309,decode,2,0,2160,0.0010,0,2,
1784040237.799309,1784040237.805591,decode,2,0,2160,0.0010,0,2,
1784040237.805591,1784040237.811723,decode,2,0,2160,0.0010,0,2,
1784040237.811723,1784040237.817670,decode,2,0,2160,0.0010,0,2,
1784040237.817670,1784040237.823883,decode,2,0,2160,0.0010,0,2,
1784040237.823883,1784040237.830139,decode,2,0,2160,0.0010,0,2,
1784040237.830139,1784040237.836104,decode,2,0,2160,0.0010,0,2,
1784040237.836104,1784040237.842347,decode,2,0,2160,0.0010,0,2,
1784040237.842347,1784040237.848442,decode,2,0,2176,0.0010,0,2,
1784040237.848442,1784040237.854877,decode,2,0,2192,0.0011,0,2,
1784040237.854877,1784040237.860631,decode,2,0,2192,0.0011,0,2,
1784040237.860631,1784040237.866858,decode,2,0,2192,0.0011,0,2,
1784040237.866858,1784040237.872820,decode,2,0,2192,0.0011,0,2,
1784040237.872820,1784040237.879136,decode,2,0,2192,0.0011,0,2,
1784040237.879136,1784040237.884975,decode,2,0,2192,0.0011,0,2,
1784040237.884975,1784040237.891218,decode,2,0,2192,0.0011,0,2,
1784040237.891218,1784040237.897285,decode,2,0,2192,0.0011,0,2,
1784040237.897285,1784040237.903255,decode,2,0,2192,0.0011,0,2,
1784040237.903255,1784040237.909514,decode,2,0,2192,0.0011,0,2,
1784040237.909514,1784040237.915632,decode,2,0,2192,0.0011,0,2,
1784040237.915632,1784040237.921599,decode,2,0,2192,0.0011,0,2,
1784040237.921599,1784040237.927875,decode,2,0,2192,0.0011,0,2,
1784040237.927875,1784040237.933806,decode,2,0,2192,0.0011,0,2,
1784040237.933806,1784040237.940110,decode,2,0,2192,0.0011,0,2,
1784040237.940110,1784040237.946409,decode,2,0,2208,0.0011,0,2,
1784040237.946409,1784040237.952387,decode,2,0,2224,0.0011,0,2,
1784040237.952387,1784040237.958872,decode,2,0,2224,0.0011,0,2,
1784040237.958872,1784040237.964847,decode,2,0,2224,0.0011,0,2,
1784040237.964847,1784040237.970766,decode,2,0,2224,0.0011,0,2,
1784040237.970766,1784040237.976711,decode,2,0,2224,0.0011,0,2,
1784040237.976711,1784040237.983036,decode,2,0,2224,0.0011,0,2,
1784040237.983036,1784040237.989100,decode,2,0,2224,0.0011,0,2,
1784040237.989100,1784040237.995072,decode,2,0,2224,0.0011,0,2,
1784040237.995072,1784040238.001337,decode,2,0,2224,0.0011,0,2,
1784040238.001337,1784040238.007453,decode,2,0,2224,0.0011,0,2,
1784040238.007453,1784040238.013485,decode,2,0,2224,0.0011,0,2,
1784040238.013485,1784040238.019811,decode,2,0,2224,0.0011,0,2,
1784040238.019811,1784040238.025959,decode,2,0,2224,0.0011,0,2,
1784040238.025959,1784040238.032146,decode,2,0,2224,0.0011,0,2,
1784040238.032146,1784040238.038258,decode,2,0,2224,0.0011,0,2,
1784040238.038258,1784040238.044627,decode,2,0,2240,0.0011,0,2,
1784040238.044627,1784040238.050728,decode,2,0,2256,0.0011,0,2,
1784040238.050728,1784040238.057007,decode,2,0,2256,0.0011,0,2,
1784040238.057007,1784040238.062987,decode,2,0,2256,0.0011,0,2,
1784040238.062987,1784040238.069226,decode,2,0,2256,0.0011,0,2,
1784040238.069226,1784040238.075725,decode,2,0,2256,0.0011,0,2,
1784040238.075725,1784040238.081532,decode,2,0,2256,0.0011,0,2,
1784040238.081532,1784040238.088054,decode,2,0,2256,0.0011,0,2,
1784040238.088054,1784040238.093828,decode,2,0,2256,0.0011,0,2,
1784040238.093828,1784040238.100034,decode,2,0,2256,0.0011,0,2,
1784040238.100034,1784040238.106384,decode,2,0,2256,0.0011,0,2,
1784040238.106384,1784040238.112293,decode,2,0,2256,0.0011,0,2,
1784040238.112293,1784040238.118652,decode,2,0,2256,0.0011,0,2,
1784040238.118652,1784040238.124661,decode,2,0,2256,0.0011,0,2,
1784040238.124661,1784040238.130833,decode,2,0,2256,0.0011,0,2,
1784040238.130833,1784040238.136994,decode,2,0,2256,0.0011,0,2,
1784040238.136994,1784040238.143210,decode,2,0,2272,0.0011,0,2,
1784040238.143210,1784040238.149621,decode,2,0,2288,0.0011,0,2,
1784040238.149621,1784040238.155784,decode,2,0,2288,0.0011,0,2,
1784040238.155784,1784040238.161862,decode,2,0,2288,0.0011,0,2,
1784040238.161862,1784040238.168157,decode,2,0,2288,0.0011,0,2,
1784040238.168157,1784040238.174314,decode,2,0,2288,0.0011,0,2,
1784040238.174314,1784040238.180394,decode,2,0,2288,0.0011,0,2,
1784040238.180394,1784040238.186678,decode,2,0,2288,0.0011,0,2,
1784040238.186678,1784040238.192997,decode,2,0,2288,0.0011,0,2,
1784040238.192997,1784040238.198897,decode,2,0,2288,0.0011,0,2,
1784040238.198897,1784040238.205191,decode,2,0,2288,0.0011,0,2,
1784040238.205191,1784040238.211239,decode,2,0,2288,0.0011,0,2,
1784040238.211239,1784040238.217511,decode,2,0,2288,0.0011,0,2,
1784040238.217511,1784040238.223851,decode,2,0,2288,0.0011,0,2,
1784040238.223851,1784040238.229659,decode,2,0,2288,0.0011,0,2,
1784040238.229659,1784040238.235868,decode,2,0,2288,0.0011,0,2,
1784040238.235868,1784040238.242169,decode,2,0,2304,0.0011,0,2,
1784040238.242169,1784040238.248549,decode,2,0,2320,0.0011,0,2,
1784040238.248549,1784040238.254170,decode,2,0,2320,0.0011,0,2,
1784040238.254170,1784040238.260531,decode,2,0,2320,0.0011,0,2,
1784040238.260531,1784040238.267062,decode,2,0,2320,0.0011,0,2,
1784040238.267062,1784040238.273040,decode,2,0,2320,0.0011,0,2,
1784040238.273040,1784040238.279052,decode,2,0,2320,0.0011,0,2,
1784040238.279052,1784040238.285384,decode,2,0,2320,0.0011,0,2,
1784040238.285384,1784040238.291406,decode,2,0,2320,0.0011,0,2,
1784040238.291406,1784040238.297735,decode,2,0,2320,0.0011,0,2,
1784040238.297735,1784040238.303902,decode,2,0,2320,0.0011,0,2,
1784040238.303902,1784040238.309943,decode,2,0,2320,0.0011,0,2,
1784040238.309943,1784040238.316551,decode,2,0,2320,0.0011,0,2,
1784040238.316551,1784040238.322225,decode,2,0,2320,0.0011,0,2,
1784040238.322225,1784040238.328718,decode,1,0,2176,0.0010,0,2,
1784040238.328718,1784040238.335871,decode,0,0,0,0.0000,0,1,
1784040238.335871,1784040238.342363,mixed,1,0,2048,0.0010,2048,1,
1784040238.342363,1784040238.348750,mixed,2,0,2080,0.0010,2048,2,
1784040238.348750,1784040238.354886,decode,2,0,2096,0.0010,0,2,
1784040238.354886,1784040238.361183,decode,2,0,2096,0.0010,0,2,
1784040238.361183,1784040238.367330,decode,2,0,2096,0.0010,0,2,
1784040238.367330,1784040238.373419,decode,2,0,2096,0.0010,0,2,
1784040238.373419,1784040238.379757,decode,2,0,2096,0.0010,0,2,
1784040238.379757,1784040238.385911,decode,2,0,2096,0.0010,0,2,
1784040238.385911,1784040238.392219,decode,2,0,2096,0.0010,0,2,
1784040238.392219,1784040238.398497,decode,2,0,2096,0.0010,0,2,
1784040238.398497,1784040238.404448,decode,2,0,2096,0.0010,0,2,
1784040238.404448,1784040238.410701,decode,2,0,2096,0.0010,0,2,
1784040238.410701,1784040238.416816,decode,2,0,2096,0.0010,0,2,
1784040238.416816,1784040238.422940,decode,2,0,2096,0.0010,0,2,
1784040238.422940,1784040238.429234,decode,2,0,2096,0.0010,0,2,
1784040238.429234,1784040238.435429,decode,2,0,2096,0.0010,0,2,
1784040238.435429,1784040238.441675,decode,2,0,2096,0.0010,0,2,
1784040238.441675,1784040238.447952,decode,2,0,2112,0.0010,0,2,
1784040238.447952,1784040238.454195,decode,2,0,2128,0.0010,0,2,
1784040238.454195,1784040238.460403,decode,2,0,2128,0.0010,0,2,
1784040238.460403,1784040238.466650,decode,2,0,2128,0.0010,0,2,
1784040238.466650,1784040238.472887,decode,2,0,2128,0.0010,0,2,
1784040238.472887,1784040238.479079,decode,2,0,2128,0.0010,0,2,
1784040238.479079,1784040238.485274,decode,2,0,2128,0.0010,0,2,
1784040238.485274,1784040238.491560,decode,2,0,2128,0.0010,0,2,
1784040238.491560,1784040238.497799,decode,2,0,2128,0.0010,0,2,
1784040238.497799,1784040238.503903,decode,2,0,2128,0.0010,0,2,
1784040238.503903,1784040238.510269,decode,2,0,2128,0.0010,0,2,
1784040238.510269,1784040238.516434,decode,2,0,2128,0.0010,0,2,
1784040238.516434,1784040238.522638,decode,2,0,2128,0.0010,0,2,
1784040238.522638,1784040238.528967,decode,2,0,2128,0.0010,0,2,
1784040238.528967,1784040238.535051,decode,2,0,2128,0.0010,0,2,
1784040238.535051,1784040238.541376,decode,2,0,2128,0.0010,0,2,
1784040238.541376,1784040238.547624,decode,2,0,2144,0.0010,0,2,
1784040238.547624,1784040238.553849,decode,2,0,2160,0.0010,0,2,
1784040238.553849,1784040238.560056,decode,2,0,2160,0.0010,0,2,
1784040238.560056,1784040238.566233,decode,2,0,2160,0.0010,0,2,
1784040238.566233,1784040238.572539,decode,2,0,2160,0.0010,0,2,
1784040238.572539,1784040238.578882,decode,2,0,2160,0.0010,0,2,
1784040238.578882,1784040238.585092,decode,2,0,2160,0.0010,0,2,
1784040238.585092,1784040238.591173,decode,2,0,2160,0.0010,0,2,
1784040238.591173,1784040238.597627,decode,2,0,2160,0.0010,0,2,
1784040238.597627,1784040238.603916,decode,2,0,2160,0.0010,0,2,
1784040238.603916,1784040238.609962,decode,2,0,2160,0.0010,0,2,
1784040238.609962,1784040238.616170,decode,2,0,2160,0.0010,0,2,
1784040238.616170,1784040238.622291,decode,2,0,2160,0.0010,0,2,
1784040238.622291,1784040238.628633,decode,2,0,2160,0.0010,0,2,
1784040238.628633,1784040238.634654,decode,2,0,2160,0.0010,0,2,
1784040238.634654,1784040238.640676,decode,2,0,2160,0.0010,0,2,
1784040238.640676,1784040238.647128,decode,2,0,2176,0.0010,0,2,
1784040238.647128,1784040238.652927,decode,2,0,2192,0.0011,0,2,
1784040238.652927,1784040238.659251,decode,2,0,2192,0.0011,0,2,
1784040238.659251,1784040238.665009,decode,2,0,2192,0.0011,0,2,
1784040238.665009,1784040238.671089,decode,2,0,2192,0.0011,0,2,
1784040238.671089,1784040238.677261,decode,2,0,2192,0.0011,0,2,
1784040238.677261,1784040238.683130,decode,2,0,2192,0.0011,0,2,
1784040238.683130,1784040238.689525,decode,2,0,2192,0.0011,0,2,
1784040238.689525,1784040238.695588,decode,2,0,2192,0.0011,0,2,
1784040238.695588,1784040238.701321,decode,2,0,2192,0.0011,0,2,
1784040238.701321,1784040238.707241,decode,2,0,2192,0.0011,0,2,
1784040238.707241,1784040238.713431,decode,2,0,2192,0.0011,0,2,
1784040238.713431,1784040238.719840,decode,2,0,2192,0.0011,0,2,
1784040238.719840,1784040238.725863,decode,2,0,2192,0.0011,0,2,
1784040238.725863,1784040238.731578,decode,2,0,2192,0.0011,0,2,
1784040238.731578,1784040238.737848,decode,2,0,2192,0.0011,0,2,
1784040238.737848,1784040238.743755,decode,2,0,2208,0.0011,0,2,
1784040238.743755,1784040238.750170,decode,2,0,2224,0.0011,0,2,
1784040238.750170,1784040238.756176,decode,2,0,2224,0.0011,0,2,
1784040238.756176,1784040238.761980,decode,2,0,2224,0.0011,0,2,
1784040238.761980,1784040238.767981,decode,2,0,2224,0.0011,0,2,
1784040238.767981,1784040238.773968,decode,2,0,2224,0.0011,0,2,
1784040238.773968,1784040238.780264,decode,2,0,2224,0.0011,0,2,
1784040238.780264,1784040238.786421,decode,2,0,2224,0.0011,0,2,
1784040238.786421,1784040238.792477,decode,2,0,2224,0.0011,0,2,
1784040238.792477,1784040238.798150,decode,2,0,2224,0.0011,0,2,
1784040238.798150,1784040238.804308,decode,2,0,2224,0.0011,0,2,
1784040238.804308,1784040238.810420,decode,2,0,2224,0.0011,0,2,
1784040238.810420,1784040238.816444,decode,2,0,2224,0.0011,0,2,
1784040238.816444,1784040238.822484,decode,2,0,2224,0.0011,0,2,
1784040238.822484,1784040238.828494,decode,2,0,2224,0.0011,0,2,
1784040238.828494,1784040238.834595,decode,2,0,2224,0.0011,0,2,
1784040238.834595,1784040238.840731,decode,2,0,2240,0.0011,0,2,
1784040238.840731,1784040238.846789,decode,2,0,2256,0.0011,0,2,
1784040238.846789,1784040238.852863,decode,2,0,2256,0.0011,0,2,
1784040238.852863,1784040238.858916,decode,2,0,2256,0.0011,0,2,
1784040238.858916,1784040238.865050,decode,2,0,2256,0.0011,0,2,
1784040238.865050,1784040238.871151,decode,2,0,2256,0.0011,0,2,
1784040238.871151,1784040238.877156,decode,2,0,2256,0.0011,0,2,
1784040238.877156,1784040238.883229,decode,2,0,2256,0.0011,0,2,
1784040238.883229,1784040238.889308,decode,2,0,2256,0.0011,0,2,
1784040238.889308,1784040238.895304,decode,2,0,2256,0.0011,0,2,
1784040238.895304,1784040238.901407,decode,2,0,2256,0.0011,0,2,
1784040238.901407,1784040238.907474,decode,2,0,2256,0.0011,0,2,
1784040238.907474,1784040238.913491,decode,2,0,2256,0.0011,0,2,
1784040238.913491,1784040238.919577,decode,2,0,2256,0.0011,0,2,
1784040238.919577,1784040238.925843,decode,2,0,2256,0.0011,0,2,
1784040238.925843,1784040238.931737,decode,2,0,2256,0.0011,0,2,
1784040238.931737,1784040238.938193,decode,2,0,2272,0.0011,0,2,
1784040238.938193,1784040238.943916,decode,2,0,2288,0.0011,0,2,
1784040238.943916,1784040238.950310,decode,2,0,2288,0.0011,0,2,
1784040238.950310,1784040238.956202,decode,2,0,2288,0.0011,0,2,
1784040238.956202,1784040238.962125,decode,2,0,2288,0.0011,0,2,
1784040238.962125,1784040238.968521,decode,2,0,2288,0.0011,0,2,
1784040238.968521,1784040238.974410,decode,2,0,2288,0.0011,0,2,
1784040238.974410,1784040238.980458,decode,2,0,2288,0.0011,0,2,
1784040238.980458,1784040238.986514,decode,2,0,2288,0.0011,0,2,
1784040238.986514,1784040238.992329,decode,2,0,2288,0.0011,0,2,
1784040238.992329,1784040238.998727,decode,2,0,2288,0.0011,0,2,
1784040238.998727,1784040239.004825,decode,2,0,2288,0.0011,0,2,
1784040239.004825,1784040239.010628,decode,2,0,2288,0.0011,0,2,
1784040239.010628,1784040239.016634,decode,2,0,2288,0.0011,0,2,
1784040239.016634,1784040239.022702,decode,2,0,2288,0.0011,0,2,
1784040239.022702,1784040239.028758,decode,2,0,2288,0.0011,0,2,
1784040239.028758,1784040239.034960,decode,2,0,2304,0.0011,0,2,
1784040239.034960,1784040239.041287,decode,2,0,2320,0.0011,0,2,
1784040239.041287,1784040239.047482,decode,2,0,2320,0.0011,0,2,
1784040239.047482,1784040239.053278,decode,2,0,2320,0.0011,0,2,
1784040239.053278,1784040239.059261,decode,2,0,2320,0.0011,0,2,
1784040239.059261,1784040239.065193,decode,2,0,2320,0.0011,0,2,
1784040239.065193,1784040239.071326,decode,2,0,2320,0.0011,0,2,
1784040239.071326,1784040239.077357,decode,2,0,2320,0.0011,0,2,
1784040239.077357,1784040239.083444,decode,2,0,2320,0.0011,0,2,
1784040239.083444,1784040239.089407,decode,2,0,2320,0.0011,0,2,
1784040239.089407,1784040239.095610,decode,2,0,2320,0.0011,0,2,
1784040239.095610,1784040239.101699,decode,2,0,2320,0.0011,0,2,
1784040239.101699,1784040239.107863,decode,2,0,2320,0.0011,0,2,
1784040239.107863,1784040239.114038,decode,2,0,2320,0.0011,0,2,
1784040239.114038,1784040239.119893,decode,1,0,2176,0.0010,0,2,
1784040239.119893,1784040239.126751,decode,0,0,0,0.0000,0,1,
1784040239.126751,1784040239.133525,mixed,1,0,2048,0.0010,2048,1,
1784040239.133525,1784040239.139967,mixed,2,0,2080,0.0010,2048,2,
1784040239.139967,1784040239.146414,decode,2,0,2096,0.0010,0,2,
1784040239.146414,1784040239.152297,decode,2,0,2096,0.0010,0,2,
1784040239.152297,1784040239.158401,decode,2,0,2096,0.0010,0,2,
1784040239.158401,1784040239.164257,decode,2,0,2096,0.0010,0,2,
1784040239.164257,1784040239.170515,decode,2,0,2096,0.0010,0,2,
1784040239.170515,1784040239.176587,decode,2,0,2096,0.0010,0,2,
1784040239.176587,1784040239.182432,decode,2,0,2096,0.0010,0,2,
1784040239.182432,1784040239.188557,decode,2,0,2096,0.0010,0,2,
1784040239.188557,1784040239.194579,decode,2,0,2096,0.0010,0,2,
1784040239.194579,1784040239.200689,decode,2,0,2096,0.0010,0,2,
1784040239.200689,1784040239.206782,decode,2,0,2096,0.0010,0,2,
1784040239.206782,1784040239.212898,decode,2,0,2096,0.0010,0,2,
1784040239.212898,1784040239.219032,decode,2,0,2096,0.0010,0,2,
1784040239.219032,1784040239.225167,decode,2,0,2096,0.0010,0,2,
1784040239.225167,1784040239.231176,decode,2,0,2096,0.0010,0,2,
1784040239.231176,1784040239.237289,decode,2,0,2112,0.0010,0,2,
1784040239.237289,1784040239.243513,decode,2,0,2128,0.0010,0,2,
1784040239.243513,1784040239.249658,decode,2,0,2128,0.0010,0,2,
1784040239.249658,1784040239.255705,decode,2,0,2128,0.0010,0,2,
1784040239.255705,1784040239.261727,decode,2,0,2128,0.0010,0,2,
1784040239.261727,1784040239.268141,decode,2,0,2128,0.0010,0,2,
1784040239.268141,1784040239.273837,decode,2,0,2128,0.0010,0,2,
1784040239.273837,1784040239.280264,decode,2,0,2128,0.0010,0,2,
1784040239.280264,1784040239.286440,decode,2,0,2128,0.0010,0,2,
1784040239.286440,1784040239.292091,decode,2,0,2128,0.0010,0,2,
1784040239.292091,1784040239.298368,decode,2,0,2128,0.0010,0,2,
1784040239.298368,1784040239.304326,decode,2,0,2128,0.0010,0,2,
1784040239.304326,1784040239.310626,decode,2,0,2128,0.0010,0,2,
1784040239.310626,1784040239.316756,decode,2,0,2128,0.0010,0,2,
1784040239.316756,1784040239.322494,decode,2,0,2128,0.0010,0,2,
1784040239.322494,1784040239.328546,decode,2,0,2128,0.0010,0,2,
1784040239.328546,1784040239.334728,decode,2,0,2144,0.0010,0,2,
1784040239.334728,1784040239.341130,decode,2,0,2160,0.0010,0,2,
1784040239.341130,1784040239.347193,decode,2,0,2160,0.0010,0,2,
1784040239.347193,1784040239.353108,decode,2,0,2160,0.0010,0,2,
1784040239.353108,1784040239.359014,decode,2,0,2160,0.0010,0,2,
1784040239.359014,1784040239.365167,decode,2,0,2160,0.0010,0,2,
1784040239.365167,1784040239.371146,decode,2,0,2160,0.0010,0,2,
1784040239.371146,1784040239.377148,decode,2,0,2160,0.0010,0,2,
1784040239.377148,1784040239.383160,decode,2,0,2160,0.0010,0,2,
1784040239.383160,1784040239.389241,decode,2,0,2160,0.0010,0,2,
1784040239.389241,1784040239.395199,decode,2,0,2160,0.0010,0,2,
1784040239.395199,1784040239.401292,decode,2,0,2160,0.0010,0,2,
1784040239.401292,1784040239.407344,decode,2,0,2160,0.0010,0,2,
1784040239.407344,1784040239.413394,decode,2,0,2160,0.0010,0,2,
1784040239.413394,1784040239.419470,decode,2,0,2160,0.0010,0,2,
1784040239.419470,1784040239.425592,decode,2,0,2160,0.0010,0,2,
1784040239.425592,1784040239.431493,decode,2,0,2176,0.0010,0,2,
1784040239.431493,1784040239.437725,decode,2,0,2192,0.0011,0,2,
1784040239.437725,1784040239.444099,decode,2,0,2192,0.0011,0,2,
1784040239.444099,1784040239.450325,decode,2,0,2192,0.0011,0,2,
1784040239.450325,1784040239.456396,decode,2,0,2192,0.0011,0,2,
1784040239.456396,1784040239.462064,decode,2,0,2192,0.0011,0,2,
1784040239.462064,1784040239.468147,decode,2,0,2192,0.0011,0,2,
1784040239.468147,1784040239.474474,decode,2,0,2192,0.0011,0,2,
1784040239.474474,1784040239.480481,decode,2,0,2192,0.0011,0,2,
1784040239.480481,1784040239.486360,decode,2,0,2192,0.0011,0,2,
1784040239.486360,1784040239.492295,decode,2,0,2192,0.0011,0,2,
1784040239.492295,1784040239.498545,decode,2,0,2192,0.0011,0,2,
1784040239.498545,1784040239.504705,decode,2,0,2192,0.0011,0,2,
1784040239.504705,1784040239.510833,decode,2,0,2192,0.0011,0,2,
1784040239.510833,1784040239.516870,decode,2,0,2192,0.0011,0,2,
1784040239.516870,1784040239.522837,decode,2,0,2192,0.0011,0,2,
1784040239.522837,1784040239.529158,decode,2,0,2208,0.0011,0,2,
1784040239.529158,1784040239.535260,decode,2,0,2224,0.0011,0,2,
1784040239.535260,1784040239.541558,decode,2,0,2224,0.0011,0,2,
1784040239.541558,1784040239.547797,decode,2,0,2224,0.0011,0,2,
1784040239.547797,1784040239.553753,decode,2,0,2224,0.0011,0,2,
1784040239.553753,1784040239.559742,decode,2,0,2224,0.0011,0,2,
1784040239.559742,1784040239.565821,decode,2,0,2224,0.0011,0,2,
1784040239.565821,1784040239.571928,decode,2,0,2224,0.0011,0,2,
1784040239.571928,1784040239.578157,decode,2,0,2224,0.0011,0,2,
1784040239.578157,1784040239.584037,decode,2,0,2224,0.0011,0,2,
1784040239.584037,1784040239.590311,decode,2,0,2224,0.0011,0,2,
1784040239.590311,1784040239.596261,decode,2,0,2224,0.0011,0,2,
1784040239.596261,1784040239.602537,decode,2,0,2224,0.0011,0,2,
1784040239.602537,1784040239.608826,decode,2,0,2224,0.0011,0,2,
1784040239.608826,1784040239.614845,decode,2,0,2224,0.0011,0,2,
1784040239.614845,1784040239.621381,decode,2,0,2224,0.0011,0,2,
1784040239.621381,1784040239.627466,decode,2,0,2240,0.0011,0,2,
1784040239.627466,1784040239.633280,decode,2,0,2256,0.0011,0,2,
1784040239.633280,1784040239.639434,decode,2,0,2256,0.0011,0,2,
1784040239.639434,1784040239.645885,decode,2,0,2256,0.0011,0,2,
1784040239.645885,1784040239.651917,decode,2,0,2256,0.0011,0,2,
1784040239.651917,1784040239.657832,decode,2,0,2256,0.0011,0,2,
1784040239.657832,1784040239.664047,decode,2,0,2256,0.0011,0,2,
1784040239.664047,1784040239.670121,decode,2,0,2256,0.0011,0,2,
1784040239.670121,1784040239.676500,decode,2,0,2256,0.0011,0,2,
1784040239.676500,1784040239.682370,decode,2,0,2256,0.0011,0,2,
1784040239.682370,1784040239.688503,decode,2,0,2256,0.0011,0,2,
1784040239.688503,1784040239.694756,decode,2,0,2256,0.0011,0,2,
1784040239.694756,1784040239.700788,decode,2,0,2256,0.0011,0,2,
1784040239.700788,1784040239.706928,decode,2,0,2256,0.0011,0,2,
1784040239.706928,1784040239.713139,decode,2,0,2256,0.0011,0,2,
1784040239.713139,1784040239.719232,decode,2,0,2256,0.0011,0,2,
1784040239.719232,1784040239.725480,decode,2,0,2272,0.0011,0,2,
1784040239.725480,1784040239.731602,decode,2,0,2288,0.0011,0,2,
1784040239.731602,1784040239.737709,decode,2,0,2288,0.0011,0,2,
1784040239.737709,1784040239.743869,decode,2,0,2288,0.0011,0,2,
1784040239.743869,1784040239.750009,decode,2,0,2288,0.0011,0,2,
1784040239.750009,1784040239.756135,decode,2,0,2288,0.0011,0,2,
1784040239.756135,1784040239.762236,decode,2,0,2288,0.0011,0,2,
1784040239.762236,1784040239.768307,decode,2,0,2288,0.0011,0,2,
1784040239.768307,1784040239.774480,decode,2,0,2288,0.0011,0,2,
1784040239.774480,1784040239.780851,decode,2,0,2288,0.0011,0,2,
1784040239.780851,1784040239.786723,decode,2,0,2288,0.0011,0,2,
1784040239.786723,1784040239.792881,decode,2,0,2288,0.0011,0,2,
1784040239.792881,1784040239.798957,decode,2,0,2288,0.0011,0,2,
1784040239.798957,1784040239.805138,decode,2,0,2288,0.0011,0,2,
1784040239.805138,1784040239.811198,decode,2,0,2288,0.0011,0,2,
1784040239.811198,1784040239.817276,decode,2,0,2288,0.0011,0,2,
1784040239.817276,1784040239.823429,decode,2,0,2304,0.0011,0,2,
1784040239.823429,1784040239.829556,decode,2,0,2320,0.0011,0,2,
1784040239.829556,1784040239.835680,decode,2,0,2320,0.0011,0,2,
1784040239.835680,1784040239.841830,decode,2,0,2320,0.0011,0,2,
1784040239.841830,1784040239.847997,decode,2,0,2320,0.0011,0,2,
1784040239.847997,1784040239.854100,decode,2,0,2320,0.0011,0,2,
1784040239.854100,1784040239.860192,decode,2,0,2320,0.0011,0,2,
1784040239.860192,1784040239.866245,decode,2,0,2320,0.0011,0,2,
1784040239.866245,1784040239.872389,decode,2,0,2320,0.0011,0,2,
1784040239.872389,1784040239.878416,decode,2,0,2320,0.0011,0,2,
1784040239.878416,1784040239.884647,decode,2,0,2320,0.0011,0,2,
1784040239.884647,1784040239.891023,decode,2,0,2320,0.0011,0,2,
1784040239.891023,1784040239.896936,decode,2,0,2320,0.0011,0,2,
1784040239.896936,1784040239.903447,decode,2,0,2320,0.0011,0,2,
1784040239.903447,1784040239.909405,decode,1,0,2176,0.0010,0,2,
1784040239.909405,1784040239.916224,decode,0,0,0,0.0000,0,1,
1784040239.916224,1784040239.923074,mixed,1,0,2048,0.0010,2048,1,
1784040239.923074,1784040239.929240,mixed,2,0,2080,0.0010,2048,2,
1784040239.929240,1784040239.935331,decode,2,0,2096,0.0010,0,2,
1784040239.935331,1784040239.941489,decode,2,0,2096,0.0010,0,2,
1784040239.941489,1784040239.947625,decode,2,0,2096,0.0010,0,2,
1784040239.947625,1784040239.953662,decode,2,0,2096,0.0010,0,2,
1784040239.953662,1784040239.959890,decode,2,0,2096,0.0010,0,2,
1784040239.959890,1784040239.966099,decode,2,0,2096,0.0010,0,2,
1784040239.966099,1784040239.972230,decode,2,0,2096,0.0010,0,2,
1784040239.972230,1784040239.978312,decode,2,0,2096,0.0010,0,2,
1784040239.978312,1784040239.984518,decode,2,0,2096,0.0010,0,2,
1784040239.984518,1784040239.990580,decode,2,0,2096,0.0010,0,2,
1784040239.990580,1784040239.997768,decode,2,0,2096,0.0010,0,2,
1784040239.997768,1784040240.003944,decode,2,0,2096,0.0010,0,2,
1784040240.003944,1784040240.010106,decode,2,0,2096,0.0010,0,2,
1784040240.010106,1784040240.016146,decode,2,0,2096,0.0010,0,2,
1784040240.016146,1784040240.022311,decode,2,0,2096,0.0010,0,2,
1784040240.022311,1784040240.028539,decode,2,0,2112,0.0010,0,2,
1784040240.028539,1784040240.034694,decode,2,0,2128,0.0010,0,2,
1784040240.034694,1784040240.040848,decode,2,0,2128,0.0010,0,2,
1784040240.040848,1784040240.047057,decode,2,0,2128,0.0010,0,2,
1784040240.047057,1784040240.053236,decode,2,0,2128,0.0010,0,2,
1784040240.053236,1784040240.059308,decode,2,0,2128,0.0010,0,2,
1784040240.059308,1784040240.065565,decode,2,0,2128,0.0010,0,2,
1784040240.065565,1784040240.071782,decode,2,0,2128,0.0010,0,2,
1784040240.071782,1784040240.077896,decode,2,0,2128,0.0010,0,2,
1784040240.077896,1784040240.084212,decode,2,0,2128,0.0010,0,2,
1784040240.084212,1784040240.090396,decode,2,0,2128,0.0010,0,2,
1784040240.090396,1784040240.096405,decode,2,0,2128,0.0010,0,2,
1784040240.096405,1784040240.102798,decode,2,0,2128,0.0010,0,2,
1784040240.102798,1784040240.109055,decode,2,0,2128,0.0010,0,2,
1784040240.109055,1784040240.115292,decode,2,0,2128,0.0010,0,2,
1784040240.115292,1784040240.121383,decode,2,0,2128,0.0010,0,2,
1784040240.121383,1784040240.127791,decode,2,0,2144,0.0010,0,2,
1784040240.127791,1784040240.133852,decode,2,0,2160,0.0010,0,2,
1784040240.133852,1784040240.140054,decode,2,0,2160,0.0010,0,2,
1784040240.140054,1784040240.146208,decode,2,0,2160,0.0010,0,2,
1784040240.146208,1784040240.152442,decode,2,0,2160,0.0010,0,2,
1784040240.152442,1784040240.158737,decode,2,0,2160,0.0010,0,2,
1784040240.158737,1784040240.164818,decode,2,0,2160,0.0010,0,2,
1784040240.164818,1784040240.170984,decode,2,0,2160,0.0010,0,2,
1784040240.170984,1784040240.177240,decode,2,0,2160,0.0010,0,2,
1784040240.177240,1784040240.183336,decode,2,0,2160,0.0010,0,2,
1784040240.183336,1784040240.189589,decode,2,0,2160,0.0010,0,2,
1784040240.189589,1784040240.195672,decode,2,0,2160,0.0010,0,2,
1784040240.195672,1784040240.201978,decode,2,0,2160,0.0010,0,2,
1784040240.201978,1784040240.208115,decode,2,0,2160,0.0010,0,2,
1784040240.208115,1784040240.214328,decode,2,0,2160,0.0010,0,2,
1784040240.214328,1784040240.220543,decode,2,0,2160,0.0010,0,2,
1784040240.220543,1784040240.226843,decode,2,0,2176,0.0010,0,2,
1784040240.226843,1784040240.233037,decode,2,0,2192,0.0011,0,2,
1784040240.233037,1784040240.239153,decode,2,0,2192,0.0011,0,2,
1784040240.239153,1784040240.245363,decode,2,0,2192,0.0011,0,2,
1784040240.245363,1784040240.251530,decode,2,0,2192,0.0011,0,2,
1784040240.251530,1784040240.257690,decode,2,0,2192,0.0011,0,2,
1784040240.257690,1784040240.264133,decode,2,0,2192,0.0011,0,2,
1784040240.264133,1784040240.270185,decode,2,0,2192,0.0011,0,2,
1784040240.270185,1784040240.276414,decode,2,0,2192,0.0011,0,2,
1784040240.276414,1784040240.282546,decode,2,0,2192,0.0011,0,2,
1784040240.282546,1784040240.288872,decode,2,0,2192,0.0011,0,2,
1784040240.288872,1784040240.294998,decode,2,0,2192,0.0011,0,2,
1784040240.294998,1784040240.301141,decode,2,0,2192,0.0011,0,2,
1784040240.301141,1784040240.307337,decode,2,0,2192,0.0011,0,2,
1784040240.307337,1784040240.313521,decode,2,0,2192,0.0011,0,2,
1784040240.313521,1784040240.319499,decode,2,0,2192,0.0011,0,2,
1784040240.319499,1784040240.325615,decode,2,0,2208,0.0011,0,2,
1784040240.325615,1784040240.331735,decode,2,0,2224,0.0011,0,2,
1784040240.331735,1784040240.337715,decode,2,0,2224,0.0011,0,2,
1784040240.337715,1784040240.344158,decode,2,0,2224,0.0011,0,2,
1784040240.344158,1784040240.349859,decode,2,0,2224,0.0011,0,2,
1784040240.349859,1784040240.356185,decode,2,0,2224,0.0011,0,2,
1784040240.356185,1784040240.361958,decode,2,0,2224,0.0011,0,2,
1784040240.361958,1784040240.368271,decode,2,0,2224,0.0011,0,2,
1784040240.368271,1784040240.374378,decode,2,0,2224,0.0011,0,2,
1784040240.374378,1784040240.380018,decode,2,0,2224,0.0011,0,2,
1784040240.380018,1784040240.386512,decode,2,0,2224,0.0011,0,2,
1784040240.386512,1784040240.392257,decode,2,0,2224,0.0011,0,2,
1784040240.392257,1784040240.398291,decode,2,0,2224,0.0011,0,2,
1784040240.398291,1784040240.404503,decode,2,0,2224,0.0011,0,2,
1784040240.404503,1784040240.410379,decode,2,0,2224,0.0011,0,2,
1784040240.410379,1784040240.416393,decode,2,0,2224,0.0011,0,2,
1784040240.416393,1784040240.422464,decode,2,0,2240,0.0011,0,2,
1784040240.422464,1784040240.428660,decode,2,0,2256,0.0011,0,2,
1784040240.428660,1784040240.434832,decode,2,0,2256,0.0011,0,2,
1784040240.434832,1784040240.440610,decode,2,0,2256,0.0011,0,2,
1784040240.440610,1784040240.446864,decode,2,0,2256,0.0011,0,2,
1784040240.446864,1784040240.452810,decode,2,0,2256,0.0011,0,2,
1784040240.452810,1784040240.458908,decode,2,0,2256,0.0011,0,2,
1784040240.458908,1784040240.465264,decode,2,0,2256,0.0011,0,2,
1784040240.465264,1784040240.471052,decode,2,0,2256,0.0011,0,2,
1784040240.471052,1784040240.477051,decode,2,0,2256,0.0011,0,2,
1784040240.477051,1784040240.483062,decode,2,0,2256,0.0011,0,2,
1784040240.483062,1784040240.489128,decode,2,0,2256,0.0011,0,2,
1784040240.489128,1784040240.495219,decode,2,0,2256,0.0011,0,2,
1784040240.495219,1784040240.501288,decode,2,0,2256,0.0011,0,2,
1784040240.501288,1784040240.507383,decode,2,0,2256,0.0011,0,2,
1784040240.507383,1784040240.513477,decode,2,0,2256,0.0011,0,2,
1784040240.513477,1784040240.519524,decode,2,0,2272,0.0011,0,2,
1784040240.519524,1784040240.525631,decode,2,0,2288,0.0011,0,2,
1784040240.525631,1784040240.531712,decode,2,0,2288,0.0011,0,2,
1784040240.531712,1784040240.537773,decode,2,0,2288,0.0011,0,2,
1784040240.537773,1784040240.543815,decode,2,0,2288,0.0011,0,2,
1784040240.543815,1784040240.549838,decode,2,0,2288,0.0011,0,2,
1784040240.549838,1784040240.556055,decode,2,0,2288,0.0011,0,2,
1784040240.556055,1784040240.562075,decode,2,0,2288,0.0011,0,2,
1784040240.562075,1784040240.568178,decode,2,0,2288,0.0011,0,2,
1784040240.568178,1784040240.574190,decode,2,0,2288,0.0011,0,2,
1784040240.574190,1784040240.580195,decode,2,0,2288,0.0011,0,2,
1784040240.580195,1784040240.586330,decode,2,0,2288,0.0011,0,2,
1784040240.586330,1784040240.592468,decode,2,0,2288,0.0011,0,2,
1784040240.592468,1784040240.598610,decode,2,0,2288,0.0011,0,2,
1784040240.598610,1784040240.604585,decode,2,0,2288,0.0011,0,2,
1784040240.604585,1784040240.610557,decode,2,0,2288,0.0011,0,2,
1784040240.610557,1784040240.616830,decode,2,0,2304,0.0011,0,2,
1784040240.616830,1784040240.622893,decode,2,0,2320,0.0011,0,2,
1784040240.622893,1784040240.629052,decode,2,0,2320,0.0011,0,2,
1784040240.629052,1784040240.635072,decode,2,0,2320,0.0011,0,2,
1784040240.635072,1784040240.641081,decode,2,0,2320,0.0011,0,2,
1784040240.641081,1784040240.647258,decode,2,0,2320,0.0011,0,2,
1784040240.647258,1784040240.653348,decode,2,0,2320,0.0011,0,2,
1784040240.653348,1784040240.659312,decode,2,0,2320,0.0011,0,2,
1784040240.659312,1784040240.665576,decode,2,0,2320,0.0011,0,2,
1784040240.665576,1784040240.671747,decode,2,0,2320,0.0011,0,2,
1784040240.671747,1784040240.677778,decode,2,0,2320,0.0011,0,2,
1784040240.677778,1784040240.683881,decode,2,0,2320,0.0011,0,2,
1784040240.683881,1784040240.689914,decode,2,0,2320,0.0011,0,2,
1784040240.689914,1784040240.696268,decode,2,0,2320,0.0011,0,2,
1784040240.696268,1784040240.702315,decode,1,0,2176,0.0010,0,2,
1784040240.702315,1784040240.709524,decode,0,0,0,0.0000,0,1,
1784040240.709524,1784040240.715939,mixed,1,0,2048,0.0010,2048,1,
1784040240.715939,1784040240.722133,mixed,2,0,2080,0.0010,2048,2,
1784040240.722133,1784040240.728490,decode,2,0,2096,0.0010,0,2,
1784040240.728490,1784040240.734363,decode,2,0,2096,0.0010,0,2,
1784040240.734363,1784040240.740299,decode,2,0,2096,0.0010,0,2,
1784040240.740299,1784040240.746691,decode,2,0,2096,0.0010,0,2,
1784040240.746691,1784040240.752566,decode,2,0,2096,0.0010,0,2,
1784040240.752566,1784040240.758903,decode,2,0,2096,0.0010,0,2,
1784040240.758903,1784040240.764602,decode,2,0,2096,0.0010,0,2,
1784040240.764602,1784040240.770849,decode,2,0,2096,0.0010,0,2,
1784040240.770849,1784040240.777026,decode,2,0,2096,0.0010,0,2,
1784040240.777026,1784040240.782680,decode,2,0,2096,0.0010,0,2,
1784040240.782680,1784040240.789047,decode,2,0,2096,0.0010,0,2,
1784040240.789047,1784040240.794777,decode,2,0,2096,0.0010,0,2,
1784040240.794777,1784040240.800666,decode,2,0,2096,0.0010,0,2,
1784040240.800666,1784040240.807255,decode,2,0,2096,0.0010,0,2,
1784040240.807255,1784040240.813081,decode,2,0,2096,0.0010,0,2,
1784040240.813081,1784040240.819476,decode,2,0,2112,0.0010,0,2,
1784040240.819476,1784040240.825211,decode,2,0,2128,0.0010,0,2,
1784040240.825211,1784040240.831480,decode,2,0,2128,0.0010,0,2,
1784040240.831480,1784040240.837606,decode,2,0,2128,0.0010,0,2,
1784040240.837606,1784040240.843426,decode,2,0,2128,0.0010,0,2,
1784040240.843426,1784040240.849423,decode,2,0,2128,0.0010,0,2,
1784040240.849423,1784040240.855526,decode,2,0,2128,0.0010,0,2,
1784040240.855526,1784040240.861776,decode,2,0,2128,0.0010,0,2,
1784040240.861776,1784040240.867826,decode,2,0,2128,0.0010,0,2,
1784040240.867826,1784040240.873950,decode,2,0,2128,0.0010,0,2,
1784040240.873950,1784040240.880001,decode,2,0,2128,0.0010,0,2,
1784040240.880001,1784040240.885754,decode,2,0,2128,0.0010,0,2,
1784040240.885754,1784040240.891882,decode,2,0,2128,0.0010,0,2,
1784040240.891882,1784040240.897947,decode,2,0,2128,0.0010,0,2,
1784040240.897947,1784040240.904059,decode,2,0,2128,0.0010,0,2,
1784040240.904059,1784040240.910174,decode,2,0,2128,0.0010,0,2,
1784040240.910174,1784040240.916174,decode,2,0,2144,0.0010,0,2,
1784040240.916174,1784040240.922166,decode,2,0,2160,0.0010,0,2,
1784040240.922166,1784040240.928352,decode,2,0,2160,0.0010,0,2,
1784040240.928352,1784040240.934383,decode,2,0,2160,0.0010,0,2,
1784040240.934383,1784040240.940427,decode,2,0,2160,0.0010,0,2,
1784040240.940427,1784040240.946530,decode,2,0,2160,0.0010,0,2,
1784040240.946530,1784040240.952523,decode,2,0,2160,0.0010,0,2,
1784040240.952523,1784040240.958677,decode,2,0,2160,0.0010,0,2,
1784040240.958677,1784040240.964785,decode,2,0,2160,0.0010,0,2,
1784040240.964785,1784040240.970876,decode,2,0,2160,0.0010,0,2,
1784040240.970876,1784040240.976940,decode,2,0,2160,0.0010,0,2,
1784040240.976940,1784040240.982905,decode,2,0,2160,0.0010,0,2,
1784040240.982905,1784040240.989146,decode,2,0,2160,0.0010,0,2,
1784040240.989146,1784040240.995176,decode,2,0,2160,0.0010,0,2,
1784040240.995176,1784040241.001270,decode,2,0,2160,0.0010,0,2,
1784040241.001270,1784040241.007283,decode,2,0,2160,0.0010,0,2,
1784040241.007283,1784040241.013407,decode,2,0,2176,0.0010,0,2,
1784040241.013407,1784040241.019519,decode,2,0,2192,0.0011,0,2,
1784040241.019519,1784040241.025698,decode,2,0,2192,0.0011,0,2,
1784040241.025698,1784040241.031711,decode,2,0,2192,0.0011,0,2,
1784040241.031711,1784040241.037937,decode,2,0,2192,0.0011,0,2,
1784040241.037937,1784040241.044180,decode,2,0,2192,0.0011,0,2,
1784040241.044180,1784040241.050133,decode,2,0,2192,0.0011,0,2,
1784040241.050133,1784040241.056412,decode,2,0,2192,0.0011,0,2,
1784040241.056412,1784040241.062484,decode,2,0,2192,0.0011,0,2,
1784040241.062484,1784040241.068551,decode,2,0,2192,0.0011,0,2,
1784040241.068551,1784040241.074889,decode,2,0,2192,0.0011,0,2,
1784040241.074889,1784040241.080993,decode,2,0,2192,0.0011,0,2,
1784040241.080993,1784040241.087139,decode,2,0,2192,0.0011,0,2,
1784040241.087139,1784040241.093114,decode,2,0,2192,0.0011,0,2,
1784040241.093114,1784040241.099527,decode,2,0,2192,0.0011,0,2,
1784040241.099527,1784040241.105423,decode,2,0,2192,0.0011,0,2,
1784040241.105423,1784040241.111940,decode,2,0,2208,0.0011,0,2,
1784040241.111940,1784040241.118090,decode,2,0,2224,0.0011,0,2,
1784040241.118090,1784040241.124486,decode,2,0,2224,0.0011,0,2,
1784040241.124486,1784040241.130825,decode,2,0,2224,0.0011,0,2,
1784040241.130825,1784040241.136703,decode,2,0,2224,0.0011,0,2,
1784040241.136703,1784040241.143055,decode,2,0,2224,0.0011,0,2,
1784040241.143055,1784040241.149269,decode,2,0,2224,0.0011,0,2,
1784040241.149269,1784040241.155248,decode,2,0,2224,0.0011,0,2,
1784040241.155248,1784040241.161680,decode,2,0,2224,0.0011,0,2,
1784040241.161680,1784040241.167734,decode,2,0,2224,0.0011,0,2,
1784040241.167734,1784040241.173796,decode,2,0,2224,0.0011,0,2,
1784040241.173796,1784040241.180275,decode,2,0,2224,0.0011,0,2,
1784040241.180275,1784040241.186195,decode,2,0,2224,0.0011,0,2,
1784040241.186195,1784040241.192609,decode,2,0,2224,0.0011,0,2,
1784040241.192609,1784040241.198461,decode,2,0,2224,0.0011,0,2,
1784040241.198461,1784040241.204427,decode,2,0,2224,0.0011,0,2,
1784040241.204427,1784040241.210442,decode,2,0,2240,0.0011,0,2,
1784040241.210442,1784040241.216404,decode,2,0,2256,0.0011,0,2,
1784040241.216404,1784040241.222552,decode,2,0,2256,0.0011,0,2,
1784040241.222552,1784040241.228616,decode,2,0,2256,0.0011,0,2,
1784040241.228616,1784040241.234428,decode,2,0,2256,0.0011,0,2,
1784040241.234428,1784040241.240607,decode,2,0,2256,0.0011,0,2,
1784040241.240607,1784040241.246662,decode,2,0,2256,0.0011,0,2,
1784040241.246662,1784040241.252698,decode,2,0,2256,0.0011,0,2,
1784040241.252698,1784040241.258852,decode,2,0,2256,0.0011,0,2,
1784040241.258852,1784040241.264725,decode,2,0,2256,0.0011,0,2,
1784040241.264725,1784040241.270906,decode,2,0,2256,0.0011,0,2,
1784040241.270906,1784040241.276950,decode,2,0,2256,0.0011,0,2,
1784040241.276950,1784040241.282980,decode,2,0,2256,0.0011,0,2,
1784040241.282980,1784040241.289098,decode,2,0,2256,0.0011,0,2,
1784040241.289098,1784040241.295207,decode,2,0,2256,0.0011,0,2,
1784040241.295207,1784040241.301225,decode,2,0,2256,0.0011,0,2,
1784040241.301225,1784040241.307259,decode,2,0,2272,0.0011,0,2,
1784040241.307259,1784040241.313307,decode,2,0,2288,0.0011,0,2,
1784040241.313307,1784040241.319413,decode,2,0,2288,0.0011,0,2,
1784040241.319413,1784040241.325402,decode,2,0,2288,0.0011,0,2,
1784040241.325402,1784040241.331474,decode,2,0,2288,0.0011,0,2,
1784040241.331474,1784040241.337506,decode,2,0,2288,0.0011,0,2,
1784040241.337506,1784040241.343614,decode,2,0,2288,0.0011,0,2,
1784040241.343614,1784040241.349660,decode,2,0,2288,0.0011,0,2,
1784040241.349660,1784040241.355620,decode,2,0,2288,0.0011,0,2,
1784040241.355620,1784040241.361730,decode,2,0,2288,0.0011,0,2,
1784040241.361730,1784040241.367795,decode,2,0,2288,0.0011,0,2,
1784040241.367795,1784040241.373986,decode,2,0,2288,0.0011,0,2,
1784040241.373986,1784040241.379967,decode,2,0,2288,0.0011,0,2,
1784040241.379967,1784040241.386084,decode,2,0,2288,0.0011,0,2,
1784040241.386084,1784040241.392125,decode,2,0,2288,0.0011,0,2,
1784040241.392125,1784040241.398248,decode,2,0,2288,0.0011,0,2,
1784040241.398248,1784040241.404486,decode,2,0,2304,0.0011,0,2,
1784040241.404486,1784040241.410331,decode,2,0,2320,0.0011,0,2,
1784040241.410331,1784040241.416435,decode,2,0,2320,0.0011,0,2,
1784040241.416435,1784040241.422454,decode,2,0,2320,0.0011,0,2,
1784040241.422454,1784040241.428588,decode,2,0,2320,0.0011,0,2,
1784040241.428588,1784040241.434672,decode,2,0,2320,0.0011,0,2,
1784040241.434672,1784040241.440756,decode,2,0,2320,0.0011,0,2,
1784040241.440756,1784040241.446762,decode,2,0,2320,0.0011,0,2,
1784040241.446762,1784040241.452823,decode,2,0,2320,0.0011,0,2,
1784040241.452823,1784040241.458887,decode,2,0,2320,0.0011,0,2,
1784040241.458887,1784040241.464950,decode,2,0,2320,0.0011,0,2,
1784040241.464950,1784040241.471052,decode,2,0,2320,0.0011,0,2,
1784040241.471052,1784040241.477140,decode,2,0,2320,0.0011,0,2,
1784040241.477140,1784040241.483157,decode,2,0,2320,0.0011,0,2,
1784040241.483157,1784040241.489225,decode,1,0,2176,0.0010,0,2,
1784040241.489225,1784040241.495738,decode,0,0,0,0.0000,0,1,
1784040241.495738,1784040241.502873,mixed,1,0,2048,0.0010,2048,1,
1784040241.502873,1784040241.509037,mixed,2,0,2080,0.0010,2048,2,
1784040241.509037,1784040241.515208,decode,2,0,2096,0.0010,0,2,
1784040241.515208,1784040241.521524,decode,2,0,2096,0.0010,0,2,
1784040241.521524,1784040241.527544,decode,2,0,2096,0.0010,0,2,
1784040241.527544,1784040241.533838,decode,2,0,2096,0.0010,0,2,
1784040241.533838,1784040241.539565,decode,2,0,2096,0.0010,0,2,
1784040241.539565,1784040241.545945,decode,2,0,2096,0.0010,0,2,
1784040241.545945,1784040241.552069,decode,2,0,2096,0.0010,0,2,
1784040241.552069,1784040241.557858,decode,2,0,2096,0.0010,0,2,
1784040241.557858,1784040241.564150,decode,2,0,2096,0.0010,0,2,
1784040241.564150,1784040241.570028,decode,2,0,2096,0.0010,0,2,
1784040241.570028,1784040241.576550,decode,2,0,2096,0.0010,0,2,
1784040241.576550,1784040241.582398,decode,2,0,2096,0.0010,0,2,
1784040241.582398,1784040241.588414,decode,2,0,2096,0.0010,0,2,
1784040241.588414,1784040241.594799,decode,2,0,2096,0.0010,0,2,
1784040241.594799,1784040241.600474,decode,2,0,2096,0.0010,0,2,
1784040241.600474,1784040241.606788,decode,2,0,2112,0.0010,0,2,
1784040241.606788,1784040241.612966,decode,2,0,2128,0.0010,0,2,
1784040241.612966,1784040241.618728,decode,2,0,2128,0.0010,0,2,
1784040241.618728,1784040241.625263,decode,2,0,2128,0.0010,0,2,
1784040241.625263,1784040241.630798,decode,2,0,2128,0.0010,0,2,
1784040241.630798,1784040241.637254,decode,2,0,2128,0.0010,0,2,
1784040241.637254,1784040241.643202,decode,2,0,2128,0.0010,0,2,
1784040241.643202,1784040241.649052,decode,2,0,2128,0.0010,0,2,
1784040241.649052,1784040241.655216,decode,2,0,2128,0.0010,0,2,
1784040241.655216,1784040241.661158,decode,2,0,2128,0.0010,0,2,
1784040241.661158,1784040241.667403,decode,2,0,2128,0.0010,0,2,
1784040241.667403,1784040241.673445,decode,2,0,2128,0.0010,0,2,
1784040241.673445,1784040241.679364,decode,2,0,2128,0.0010,0,2,
1784040241.679364,1784040241.685610,decode,2,0,2128,0.0010,0,2,
1784040241.685610,1784040241.691840,decode,2,0,2128,0.0010,0,2,
1784040241.691840,1784040241.697623,decode,2,0,2128,0.0010,0,2,
1784040241.697623,1784040241.703823,decode,2,0,2144,0.0010,0,2,
1784040241.703823,1784040241.709823,decode,2,0,2160,0.0010,0,2,
1784040241.709823,1784040241.716017,decode,2,0,2160,0.0010,0,2,
1784040241.716017,1784040241.722159,decode,2,0,2160,0.0010,0,2,
1784040241.722159,1784040241.728204,decode,2,0,2160,0.0010,0,2,
1784040241.728204,1784040241.734296,decode,2,0,2160,0.0010,0,2,
1784040241.734296,1784040241.740410,decode,2,0,2160,0.0010,0,2,
1784040241.740410,1784040241.746522,decode,2,0,2160,0.0010,0,2,
1784040241.746522,1784040241.752636,decode,2,0,2160,0.0010,0,2,
1784040241.752636,1784040241.758781,decode,2,0,2160,0.0010,0,2,
1784040241.758781,1784040241.764882,decode,2,0,2160,0.0010,0,2,
1784040241.764882,1784040241.771057,decode,2,0,2160,0.0010,0,2,
1784040241.771057,1784040241.777121,decode,2,0,2160,0.0010,0,2,
1784040241.777121,1784040241.783233,decode,2,0,2160,0.0010,0,2,
1784040241.783233,1784040241.789356,decode,2,0,2160,0.0010,0,2,
1784040241.789356,1784040241.795471,decode,2,0,2160,0.0010,0,2,
1784040241.795471,1784040241.801665,decode,2,0,2176,0.0010,0,2,
1784040241.801665,1784040241.807853,decode,2,0,2192,0.0011,0,2,
1784040241.807853,1784040241.814108,decode,2,0,2192,0.0011,0,2,
1784040241.814108,1784040241.820230,decode,2,0,2192,0.0011,0,2,
1784040241.820230,1784040241.826457,decode,2,0,2192,0.0011,0,2,
1784040241.826457,1784040241.832240,decode,2,0,2192,0.0011,0,2,
1784040241.832240,1784040241.838732,decode,2,0,2192,0.0011,0,2,
1784040241.838732,1784040241.844486,decode,2,0,2192,0.0011,0,2,
1784040241.844486,1784040241.850535,decode,2,0,2192,0.0011,0,2,
1784040241.850535,1784040241.857155,decode,2,0,2192,0.0011,0,2,
1784040241.857155,1784040241.862908,decode,2,0,2192,0.0011,0,2,
1784040241.862908,1784040241.868918,decode,2,0,2192,0.0011,0,2,
1784040241.868918,1784040241.875288,decode,2,0,2192,0.0011,0,2,
1784040241.875288,1784040241.881196,decode,2,0,2192,0.0011,0,2,
1784040241.881196,1784040241.887340,decode,2,0,2192,0.0011,0,2,
1784040241.887340,1784040241.893494,decode,2,0,2192,0.0011,0,2,
1784040241.893494,1784040241.899485,decode,2,0,2208,0.0011,0,2,
1784040241.899485,1784040241.905757,decode,2,0,2224,0.0011,0,2,
1784040241.905757,1784040241.911885,decode,2,0,2224,0.0011,0,2,
1784040241.911885,1784040241.918000,decode,2,0,2224,0.0011,0,2,
1784040241.918000,1784040241.924110,decode,2,0,2224,0.0011,0,2,
1784040241.924110,1784040241.930160,decode,2,0,2224,0.0011,0,2,
1784040241.930160,1784040241.936334,decode,2,0,2224,0.0011,0,2,
1784040241.936334,1784040241.942481,decode,2,0,2224,0.0011,0,2,
1784040241.942481,1784040241.948595,decode,2,0,2224,0.0011,0,2,
1784040241.948595,1784040241.954694,decode,2,0,2224,0.0011,0,2,
1784040241.954694,1784040241.960802,decode,2,0,2224,0.0011,0,2,
1784040241.960802,1784040241.966880,decode,2,0,2224,0.0011,0,2,
1784040241.966880,1784040241.972964,decode,2,0,2224,0.0011,0,2,
1784040241.972964,1784040241.979060,decode,2,0,2224,0.0011,0,2,
1784040241.979060,1784040241.985806,decode,2,0,2224,0.0011,0,2,
1784040241.985806,1784040241.991713,decode,2,0,2224,0.0011,0,2,
1784040241.991713,1784040241.997799,decode,2,0,2240,0.0011,0,2,
1784040241.997799,1784040242.004049,decode,2,0,2256,0.0011,0,2,
1784040242.004049,1784040242.010449,decode,2,0,2256,0.0011,0,2,
1784040242.010449,1784040242.016314,decode,2,0,2256,0.0011,0,2,
1784040242.016314,1784040242.022219,decode,2,0,2256,0.0011,0,2,
1784040242.022219,1784040242.028503,decode,2,0,2256,0.0011,0,2,
1784040242.028503,1784040242.034546,decode,2,0,2256,0.0011,0,2,
1784040242.034546,1784040242.040542,decode,2,0,2256,0.0011,0,2,
1784040242.040542,1784040242.046776,decode,2,0,2256,0.0011,0,2,
1784040242.046776,1784040242.052718,decode,2,0,2256,0.0011,0,2,
1784040242.052718,1784040242.058841,decode,2,0,2256,0.0011,0,2,
1784040242.058841,1784040242.065187,decode,2,0,2256,0.0011,0,2,
1784040242.065187,1784040242.071155,decode,2,0,2256,0.0011,0,2,
1784040242.071155,1784040242.077576,decode,2,0,2256,0.0011,0,2,
1784040242.077576,1784040242.083309,decode,2,0,2256,0.0011,0,2,
1784040242.083309,1784040242.089463,decode,2,0,2256,0.0011,0,2,
1784040242.089463,1784040242.095597,decode,2,0,2272,0.0011,0,2,
1784040242.095597,1784040242.101903,decode,2,0,2288,0.0011,0,2,
1784040242.101903,1784040242.108141,decode,2,0,2288,0.0011,0,2,
1784040242.108141,1784040242.113987,decode,2,0,2288,0.0011,0,2,
1784040242.113987,1784040242.120283,decode,2,0,2288,0.0011,0,2,
1784040242.120283,1784040242.126593,decode,2,0,2288,0.0011,0,2,
1784040242.126593,1784040242.132390,decode,2,0,2288,0.0011,0,2,
1784040242.132390,1784040242.138692,decode,2,0,2288,0.0011,0,2,
1784040242.138692,1784040242.144865,decode,2,0,2288,0.0011,0,2,
1784040242.144865,1784040242.151173,decode,2,0,2288,0.0011,0,2,
1784040242.151173,1784040242.156904,decode,2,0,2288,0.0011,0,2,
1784040242.156904,1784040242.163095,decode,2,0,2288,0.0011,0,2,
1784040242.163095,1784040242.169216,decode,2,0,2288,0.0011,0,2,
1784040242.169216,1784040242.175272,decode,2,0,2288,0.0011,0,2,
1784040242.175272,1784040242.181269,decode,2,0,2288,0.0011,0,2,
1784040242.181269,1784040242.187489,decode,2,0,2288,0.0011,0,2,
1784040242.187489,1784040242.193677,decode,2,0,2304,0.0011,0,2,
1784040242.193677,1784040242.199862,decode,2,0,2320,0.0011,0,2,
1784040242.199862,1784040242.205920,decode,2,0,2320,0.0011,0,2,
1784040242.205920,1784040242.211929,decode,2,0,2320,0.0011,0,2,
1784040242.211929,1784040242.218033,decode,2,0,2320,0.0011,0,2,
1784040242.218033,1784040242.224136,decode,2,0,2320,0.0011,0,2,
1784040242.224136,1784040242.230332,decode,2,0,2320,0.0011,0,2,
1784040242.230332,1784040242.236337,decode,2,0,2320,0.0011,0,2,
1784040242.236337,1784040242.242344,decode,2,0,2320,0.0011,0,2,
1784040242.242344,1784040242.248578,decode,2,0,2320,0.0011,0,2,
1784040242.248578,1784040242.254642,decode,2,0,2320,0.0011,0,2,
1784040242.254642,1784040242.260832,decode,2,0,2320,0.0011,0,2,
1784040242.260832,1784040242.266960,decode,2,0,2320,0.0011,0,2,
1784040242.266960,1784040242.273040,decode,2,0,2320,0.0011,0,2,
1784040242.273040,1784040242.279246,decode,1,0,2176,0.0010,0,2,
1784040242.279246,1784040242.285996,decode,0,0,0,0.0000,0,1,
1784040242.285996,1784040242.292779,mixed,1,0,2048,0.0010,2048,1,
1784040242.292779,1784040242.299188,mixed,2,0,2080,0.0010,2048,2,
1784040242.299188,1784040242.305384,decode,2,0,2096,0.0010,0,2,
1784040242.305384,1784040242.311449,decode,2,0,2096,0.0010,0,2,
1784040242.311449,1784040242.317933,decode,2,0,2096,0.0010,0,2,
1784040242.317933,1784040242.323606,decode,2,0,2096,0.0010,0,2,
1784040242.323606,1784040242.330137,decode,2,0,2096,0.0010,0,2,
1784040242.330137,1784040242.336127,decode,2,0,2096,0.0010,0,2,
1784040242.336127,1784040242.342282,decode,2,0,2096,0.0010,0,2,
1784040242.342282,1784040242.348272,decode,2,0,2096,0.0010,0,2,
1784040242.348272,1784040242.354751,decode,2,0,2096,0.0010,0,2,
1784040242.354751,1784040242.360763,decode,2,0,2096,0.0010,0,2,
1784040242.360763,1784040242.366984,decode,2,0,2096,0.0010,0,2,
1784040242.366984,1784040242.372723,decode,2,0,2096,0.0010,0,2,
1784040242.372723,1784040242.379169,decode,2,0,2096,0.0010,0,2,
1784040242.379169,1784040242.384870,decode,2,0,2096,0.0010,0,2,
1784040242.384870,1784040242.390903,decode,2,0,2096,0.0010,0,2,
1784040242.390903,1784040242.397185,decode,2,0,2112,0.0010,0,2,
1784040242.397185,1784040242.403102,decode,2,0,2128,0.0010,0,2,
1784040242.403102,1784040242.409478,decode,2,0,2128,0.0010,0,2,
1784040242.409478,1784040242.415260,decode,2,0,2128,0.0010,0,2,
1784040242.415260,1784040242.421527,decode,2,0,2128,0.0010,0,2,
1784040242.421527,1784040242.427659,decode,2,0,2128,0.0010,0,2,
1784040242.427659,1784040242.433356,decode,2,0,2128,0.0010,0,2,
1784040242.433356,1784040242.439819,decode,2,0,2128,0.0010,0,2,
1784040242.439819,1784040242.445876,decode,2,0,2128,0.0010,0,2,
1784040242.445876,1784040242.451665,decode,2,0,2128,0.0010,0,2,
1784040242.451665,1784040242.458009,decode,2,0,2128,0.0010,0,2,
1784040242.458009,1784040242.463658,decode,2,0,2128,0.0010,0,2,
1784040242.463658,1784040242.470028,decode,2,0,2128,0.0010,0,2,
1784040242.470028,1784040242.476168,decode,2,0,2128,0.0010,0,2,
1784040242.476168,1784040242.482038,decode,2,0,2128,0.0010,0,2,
1784040242.482038,1784040242.488044,decode,2,0,2128,0.0010,0,2,
1784040242.488044,1784040242.494285,decode,2,0,2144,0.0010,0,2,
1784040242.494285,1784040242.500560,decode,2,0,2160,0.0010,0,2,
1784040242.500560,1784040242.506596,decode,2,0,2160,0.0010,0,2,
1784040242.506596,1784040242.512369,decode,2,0,2160,0.0010,0,2,
1784040242.512369,1784040242.518722,decode,2,0,2160,0.0010,0,2,
1784040242.518722,1784040242.524491,decode,2,0,2160,0.0010,0,2,
1784040242.524491,1784040242.530454,decode,2,0,2160,0.0010,0,2,
1784040242.530454,1784040242.536512,decode,2,0,2160,0.0010,0,2,
1784040242.536512,1784040242.542627,decode,2,0,2160,0.0010,0,2,
1784040242.542627,1784040242.548480,decode,2,0,2160,0.0010,0,2,
1784040242.548480,1784040242.554716,decode,2,0,2160,0.0010,0,2,
1784040242.554716,1784040242.560799,decode,2,0,2160,0.0010,0,2,
1784040242.560799,1784040242.567156,decode,2,0,2160,0.0010,0,2,
1784040242.567156,1784040242.573134,decode,2,0,2160,0.0010,0,2,
1784040242.573134,1784040242.579035,decode,2,0,2160,0.0010,0,2,
1784040242.579035,1784040242.585014,decode,2,0,2160,0.0010,0,2,
1784040242.585014,1784040242.591313,decode,2,0,2176,0.0010,0,2,
1784040242.591313,1784040242.597170,decode,2,0,2192,0.0011,0,2,
1784040242.597170,1784040242.603275,decode,2,0,2192,0.0011,0,2,
1784040242.603275,1784040242.609344,decode,2,0,2192,0.0011,0,2,
1784040242.609344,1784040242.615533,decode,2,0,2192,0.0011,0,2,
1784040242.615533,1784040242.621491,decode,2,0,2192,0.0011,0,2,
1784040242.621491,1784040242.627555,decode,2,0,2192,0.0011,0,2,
1784040242.627555,1784040242.633586,decode,2,0,2192,0.0011,0,2,
1784040242.633586,1784040242.639633,decode,2,0,2192,0.0011,0,2,
1784040242.639633,1784040242.646064,decode,2,0,2192,0.0011,0,2,
1784040242.646064,1784040242.651776,decode,2,0,2192,0.0011,0,2,
1784040242.651776,1784040242.658256,decode,2,0,2192,0.0011,0,2,
1784040242.658256,1784040242.663941,decode,2,0,2192,0.0011,0,2,
1784040242.663941,1784040242.670362,decode,2,0,2192,0.0011,0,2,
1784040242.670362,1784040242.676203,decode,2,0,2192,0.0011,0,2,
1784040242.676203,1784040242.682168,decode,2,0,2192,0.0011,0,2,
1784040242.682168,1784040242.688159,decode,2,0,2208,0.0011,0,2,
1784040242.688159,1784040242.694257,decode,2,0,2224,0.0011,0,2,
1784040242.694257,1784040242.700559,decode,2,0,2224,0.0011,0,2,
1784040242.700559,1784040242.706461,decode,2,0,2224,0.0011,0,2,
1784040242.706461,1784040242.712748,decode,2,0,2224,0.0011,0,2,
1784040242.712748,1784040242.718507,decode,2,0,2224,0.0011,0,2,
1784040242.718507,1784040242.724755,decode,2,0,2224,0.0011,0,2,
1784040242.724755,1784040242.730836,decode,2,0,2224,0.0011,0,2,
1784040242.730836,1784040242.736639,decode,2,0,2224,0.0011,0,2,
1784040242.736639,1784040242.743162,decode,2,0,2224,0.0011,0,2,
1784040242.743162,1784040242.749305,decode,2,0,2224,0.0011,0,2,
1784040242.749305,1784040242.754908,decode,2,0,2224,0.0011,0,2,
1784040242.754908,1784040242.760754,decode,2,0,2224,0.0011,0,2,
1784040242.760754,1784040242.767028,decode,2,0,2224,0.0011,0,2,
1784040242.767028,1784040242.773194,decode,2,0,2224,0.0011,0,2,
1784040242.773194,1784040242.779215,decode,2,0,2224,0.0011,0,2,
1784040242.779215,1784040242.785072,decode,2,0,2240,0.0011,0,2,
1784040242.785072,1784040242.791525,decode,2,0,2256,0.0011,0,2,
1784040242.791525,1784040242.797360,decode,2,0,2256,0.0011,0,2,
1784040242.797360,1784040242.803418,decode,2,0,2256,0.0011,0,2,
1784040242.803418,1784040242.809301,decode,2,0,2256,0.0011,0,2,
1784040242.809301,1784040242.815393,decode,2,0,2256,0.0011,0,2,
1784040242.815393,1784040242.821600,decode,2,0,2256,0.0011,0,2,
1784040242.821600,1784040242.827695,decode,2,0,2256,0.0011,0,2,
1784040242.827695,1784040242.833816,decode,2,0,2256,0.0011,0,2,
1784040242.833816,1784040242.839860,decode,2,0,2256,0.0011,0,2,
1784040242.839860,1784040242.845800,decode,2,0,2256,0.0011,0,2,
1784040242.845800,1784040242.852138,decode,2,0,2256,0.0011,0,2,
1784040242.852138,1784040242.858210,decode,2,0,2256,0.0011,0,2,
1784040242.858210,1784040242.864259,decode,2,0,2256,0.0011,0,2,
1784040242.864259,1784040242.870393,decode,2,0,2256,0.0011,0,2,
1784040242.870393,1784040242.876391,decode,2,0,2256,0.0011,0,2,
1784040242.876391,1784040242.882629,decode,2,0,2272,0.0011,0,2,
1784040242.882629,1784040242.888732,decode,2,0,2288,0.0011,0,2,
1784040242.888732,1784040242.894659,decode,2,0,2288,0.0011,0,2,
1784040242.894659,1784040242.900936,decode,2,0,2288,0.0011,0,2,
1784040242.900936,1784040242.907146,decode,2,0,2288,0.0011,0,2,
1784040242.907146,1784040242.913125,decode,2,0,2288,0.0011,0,2,
1784040242.913125,1784040242.919219,decode,2,0,2288,0.0011,0,2,
1784040242.919219,1784040242.925331,decode,2,0,2288,0.0011,0,2,
1784040242.925331,1784040242.931411,decode,2,0,2288,0.0011,0,2,
1784040242.931411,1784040242.937484,decode,2,0,2288,0.0011,0,2,
1784040242.937484,1784040242.943628,decode,2,0,2288,0.0011,0,2,
1784040242.943628,1784040242.949769,decode,2,0,2288,0.0011,0,2,
1784040242.949769,1784040242.955701,decode,2,0,2288,0.0011,0,2,
1784040242.955701,1784040242.962284,decode,2,0,2288,0.0011,0,2,
1784040242.962284,1784040242.968163,decode,2,0,2288,0.0011,0,2,
1784040242.968163,1784040242.974441,decode,2,0,2288,0.0011,0,2,
1784040242.974441,1784040242.980337,decode,2,0,2304,0.0011,0,2,
1784040242.980337,1784040242.986431,decode,2,0,2320,0.0011,0,2,
1784040242.986431,1784040242.992855,decode,2,0,2320,0.0011,0,2,
1784040242.992855,1784040242.998658,decode,2,0,2320,0.0011,0,2,
1784040242.998658,1784040243.004919,decode,2,0,2320,0.0011,0,2,
1784040243.004919,1784040243.011276,decode,2,0,2320,0.0011,0,2,
1784040243.011276,1784040243.016847,decode,2,0,2320,0.0011,0,2,
1784040243.016847,1784040243.023285,decode,2,0,2320,0.0011,0,2,
1784040243.023285,1784040243.029279,decode,2,0,2320,0.0011,0,2,
1784040243.029279,1784040243.035778,decode,2,0,2320,0.0011,0,2,
1784040243.035778,1784040243.041847,decode,2,0,2320,0.0011,0,2,
1784040243.041847,1784040243.047445,decode,2,0,2320,0.0011,0,2,
1784040243.047445,1784040243.054150,decode,2,0,2320,0.0011,0,2,
1784040243.054150,1784040243.059781,decode,2,0,2320,0.0011,0,2,
1784040243.059781,1784040243.066123,decode,1,0,2176,0.0010,0,2,
1784040243.066123,1784040243.073051,decode,0,0,0,0.0000,0,1,
1784040243.073051,1784040243.079258,mixed,1,0,2048,0.0010,2048,1,
1784040243.079258,1784040243.085438,mixed,2,0,2080,0.0010,2048,2,
1784040243.085438,1784040243.092069,decode,2,0,2096,0.0010,0,2,
1784040243.092069,1784040243.097929,decode,2,0,2096,0.0010,0,2,
1784040243.097929,1784040243.104147,decode,2,0,2096,0.0010,0,2,
1784040243.104147,1784040243.109925,decode,2,0,2096,0.0010,0,2,
1784040243.109925,1784040243.116307,decode,2,0,2096,0.0010,0,2,
1784040243.116307,1784040243.122462,decode,2,0,2096,0.0010,0,2,
1784040243.122462,1784040243.127984,decode,2,0,2096,0.0010,0,2,
1784040243.127984,1784040243.134381,decode,2,0,2096,0.0010,0,2,
1784040243.134381,1784040243.140463,decode,2,0,2096,0.0010,0,2,
1784040243.140463,1784040243.146425,decode,2,0,2096,0.0010,0,2,
1784040243.146425,1784040243.152770,decode,2,0,2096,0.0010,0,2,
1784040243.152770,1784040243.158553,decode,2,0,2096,0.0010,0,2,
1784040243.158553,1784040243.164909,decode,2,0,2096,0.0010,0,2,
1784040243.164909,1784040243.170691,decode,2,0,2096,0.0010,0,2,
1784040243.170691,1784040243.176774,decode,2,0,2096,0.0010,0,2,
1784040243.176774,1784040243.183008,decode,2,0,2112,0.0010,0,2,
1784040243.183008,1784040243.188915,decode,2,0,2128,0.0010,0,2,
1784040243.188915,1784040243.195262,decode,2,0,2128,0.0010,0,2,
1784040243.195262,1784040243.200995,decode,2,0,2128,0.0010,0,2,
1784040243.200995,1784040243.207121,decode,2,0,2128,0.0010,0,2,
1784040243.207121,1784040243.213507,decode,2,0,2128,0.0010,0,2,
1784040243.213507,1784040243.219319,decode,2,0,2128,0.0010,0,2,
1784040243.219319,1784040243.225658,decode,2,0,2128,0.0010,0,2,
1784040243.225658,1784040243.231393,decode,2,0,2128,0.0010,0,2,
1784040243.231393,1784040243.237560,decode,2,0,2128,0.0010,0,2,
1784040243.237560,1784040243.243895,decode,2,0,2128,0.0010,0,2,
1784040243.243895,1784040243.249650,decode,2,0,2128,0.0010,0,2,
1784040243.249650,1784040243.256143,decode,2,0,2128,0.0010,0,2,
1784040243.256143,1784040243.261827,decode,2,0,2128,0.0010,0,2,
1784040243.261827,1784040243.268156,decode,2,0,2128,0.0010,0,2,
1784040243.268156,1784040243.274073,decode,2,0,2128,0.0010,0,2,
1784040243.274073,1784040243.280141,decode,2,0,2144,0.0010,0,2,
1784040243.280141,1784040243.286187,decode,2,0,2160,0.0010,0,2,
1784040243.286187,1784040243.292238,decode,2,0,2160,0.0010,0,2,
1784040243.292238,1784040243.298525,decode,2,0,2160,0.0010,0,2,
1784040243.298525,1784040243.304576,decode,2,0,2160,0.0010,0,2,
1784040243.304576,1784040243.310452,decode,2,0,2160,0.0010,0,2,
1784040243.310452,1784040243.316757,decode,2,0,2160,0.0010,0,2,
1784040243.316757,1784040243.322663,decode,2,0,2160,0.0010,0,2,
1784040243.322663,1784040243.329085,decode,2,0,2160,0.0010,0,2,
1784040243.329085,1784040243.335054,decode,2,0,2160,0.0010,0,2,
1784040243.335054,1784040243.340980,decode,2,0,2160,0.0010,0,2,
1784040243.340980,1784040243.347094,decode,2,0,2160,0.0010,0,2,
1784040243.347094,1784040243.353126,decode,2,0,2160,0.0010,0,2,
1784040243.353126,1784040243.359354,decode,2,0,2160,0.0010,0,2,
1784040243.359354,1784040243.365582,decode,2,0,2160,0.0010,0,2,
1784040243.365582,1784040243.371547,decode,2,0,2160,0.0010,0,2,
1784040243.371547,1784040243.377593,decode,2,0,2176,0.0010,0,2,
1784040243.377593,1784040243.383900,decode,2,0,2192,0.0011,0,2,
1784040243.383900,1784040243.389883,decode,2,0,2192,0.0011,0,2,
1784040243.389883,1784040243.396075,decode,2,0,2192,0.0011,0,2,
1784040243.396075,1784040243.402177,decode,2,0,2192,0.0011,0,2,
1784040243.402177,1784040243.408322,decode,2,0,2192,0.0011,0,2,
1784040243.408322,1784040243.414280,decode,2,0,2192,0.0011,0,2,
1784040243.414280,1784040243.420389,decode,2,0,2192,0.0011,0,2,
1784040243.420389,1784040243.426658,decode,2,0,2192,0.0011,0,2,
1784040243.426658,1784040243.432817,decode,2,0,2192,0.0011,0,2,
1784040243.432817,1784040243.438964,decode,2,0,2192,0.0011,0,2,
1784040243.438964,1784040243.445168,decode,2,0,2192,0.0011,0,2,
1784040243.445168,1784040243.451384,decode,2,0,2192,0.0011,0,2,
1784040243.451384,1784040243.457363,decode,2,0,2192,0.0011,0,2,
1784040243.457363,1784040243.463403,decode,2,0,2192,0.0011,0,2,
1784040243.463403,1784040243.469580,decode,2,0,2192,0.0011,0,2,
1784040243.469580,1784040243.476161,decode,2,0,2208,0.0011,0,2,
1784040243.476161,1784040243.481823,decode,2,0,2224,0.0011,0,2,
1784040243.481823,1784040243.488502,decode,2,0,2224,0.0011,0,2,
1784040243.488502,1784040243.494176,decode,2,0,2224,0.0011,0,2,
1784040243.494176,1784040243.500263,decode,2,0,2224,0.0011,0,2,
1784040243.500263,1784040243.506655,decode,2,0,2224,0.0011,0,2,
1784040243.506655,1784040243.512634,decode,2,0,2224,0.0011,0,2,
1784040243.512634,1784040243.518532,decode,2,0,2224,0.0011,0,2,
1784040243.518532,1784040243.524629,decode,2,0,2224,0.0011,0,2,
1784040243.524629,1784040243.530658,decode,2,0,2224,0.0011,0,2,
1784040243.530658,1784040243.536942,decode,2,0,2224,0.0011,0,2,
1784040243.536942,1784040243.543137,decode,2,0,2224,0.0011,0,2,
1784040243.543137,1784040243.549546,decode,2,0,2224,0.0011,0,2,
1784040243.549546,1784040243.555436,decode,2,0,2224,0.0011,0,2,
1784040243.555436,1784040243.561458,decode,2,0,2224,0.0011,0,2,
1784040243.561458,1784040243.567767,decode,2,0,2224,0.0011,0,2,
1784040243.567767,1784040243.574057,decode,2,0,2240,0.0011,0,2,
1784040243.574057,1784040243.580208,decode,2,0,2256,0.0011,0,2,
1784040243.580208,1784040243.586331,decode,2,0,2256,0.0011,0,2,
1784040243.586331,1784040243.592526,decode,2,0,2256,0.0011,0,2,
1784040243.592526,1784040243.598814,decode,2,0,2256,0.0011,0,2,
1784040243.598814,1784040243.605061,decode,2,0,2256,0.0011,0,2,
1784040243.605061,1784040243.611165,decode,2,0,2256,0.0011,0,2,
1784040243.611165,1784040243.617379,decode,2,0,2256,0.0011,0,2,
1784040243.617379,1784040243.623534,decode,2,0,2256,0.0011,0,2,
1784040243.623534,1784040243.629729,decode,2,0,2256,0.0011,0,2,
1784040243.629729,1784040243.635914,decode,2,0,2256,0.0011,0,2,
1784040243.635914,1784040243.641984,decode,2,0,2256,0.0011,0,2,
1784040243.641984,1784040243.648320,decode,2,0,2256,0.0011,0,2,
1784040243.648320,1784040243.654598,decode,2,0,2256,0.0011,0,2,
1784040243.654598,1784040243.660848,decode,2,0,2256,0.0011,0,2,
1784040243.660848,1784040243.667079,decode,2,0,2256,0.0011,0,2,
1784040243.667079,1784040243.673273,decode,2,0,2272,0.0011,0,2,
1784040243.673273,1784040243.679540,decode,2,0,2288,0.0011,0,2,
1784040243.679540,1784040243.685775,decode,2,0,2288,0.0011,0,2,
1784040243.685775,1784040243.691829,decode,2,0,2288,0.0011,0,2,
1784040243.691829,1784040243.698210,decode,2,0,2288,0.0011,0,2,
1784040243.698210,1784040243.704454,decode,2,0,2288,0.0011,0,2,
1784040243.704454,1784040243.710661,decode,2,0,2288,0.0011,0,2,
1784040243.710661,1784040243.716891,decode,2,0,2288,0.0011,0,2,
1784040243.716891,1784040243.723029,decode,2,0,2288,0.0011,0,2,
1784040243.723029,1784040243.729360,decode,2,0,2288,0.0011,0,2,
1784040243.729360,1784040243.735532,decode,2,0,2288,0.0011,0,2,
1784040243.735532,1784040243.741794,decode,2,0,2288,0.0011,0,2,
1784040243.741794,1784040243.748173,decode,2,0,2288,0.0011,0,2,
1784040243.748173,1784040243.754199,decode,2,0,2288,0.0011,0,2,
1784040243.754199,1784040243.760474,decode,2,0,2288,0.0011,0,2,
1784040243.760474,1784040243.766767,decode,2,0,2288,0.0011,0,2,
1784040243.766767,1784040243.772968,decode,2,0,2304,0.0011,0,2,
1784040243.772968,1784040243.779605,decode,2,0,2320,0.0011,0,2,
1784040243.779605,1784040243.785484,decode,2,0,2320,0.0011,0,2,
1784040243.785484,1784040243.791738,decode,2,0,2320,0.0011,0,2,
1784040243.791738,1784040243.798086,decode,2,0,2320,0.0011,0,2,
1784040243.798086,1784040243.804067,decode,2,0,2320,0.0011,0,2,
1784040243.804067,1784040243.810731,decode,2,0,2320,0.0011,0,2,
1784040243.810731,1784040243.816519,decode,2,0,2320,0.0011,0,2,
1784040243.816519,1784040243.823053,decode,2,0,2320,0.0011,0,2,
1784040243.823053,1784040243.829074,decode,2,0,2320,0.0011,0,2,
1784040243.829074,1784040243.835485,decode,2,0,2320,0.0011,0,2,
1784040243.835485,1784040243.841535,decode,2,0,2320,0.0011,0,2,
1784040243.841535,1784040243.847731,decode,2,0,2320,0.0011,0,2,
1784040243.847731,1784040243.853997,decode,2,0,2320,0.0011,0,2,
1784040243.853997,1784040243.860220,decode,1,0,2176,0.0010,0,2,
1784040243.860220,1784040243.866565,decode,0,0,0,0.0000,0,1,
1784040243.866565,1784040243.866629,idle,0,0,0,0.0000,,,
