t_wall,power_w,sm_mhz,mem_mhz,gpu_util,mem_util,temp_c
1784083142.557296,152.262,1980,3201,0.0,0.0,36.0
1784083142.571910,152.262,1980,3201,0.0,0.0,36.0
1784083142.577365,152.262,1980,3201,0.0,0.0,36.0
1784083142.587374,152.262,1980,3201,0.0,0.0,36.0
1784083142.597380,152.262,1980,3201,0.0,0.0,36.0
1784083142.607376,152.262,1980,3201,0.0,0.0,36.0
1784083142.617378,152.262,1980,3201,0.0,0.0,36.0
1784083142.627378,151.732,1980,3201,0.0,0.0,36.0
1784083142.637396,151.732,1980,3201,0.0,0.0,36.0
1784083142.647377,151.732,1980,3201,0.0,0.0,36.0
1784083142.657376,151.732,1980,3201,0.0,0.0,36.0
1784083142.667378,151.732,1980,3201,0.0,0.0,36.0
1784083142.677411,151.732,1980,3201,0.0,0.0,36.0
1784083142.687377,151.732,1980,3201,0.0,0.0,36.0
1784083142.697380,151.732,1980,3201,0.0,0.0,36.0
1784083142.707376,151.732,1980,3201,0.0,0.0,36.0
1784083142.717375,151.732,1980,3201,0.0,0.0,36.0
1784083142.727402,204.924,1860,3201,0.0,0.0,47.0
1784083142.737376,204.924,1860,3201,0.0,0.0,47.0
1784083142.747370,204.924,1860,3201,0.0,0.0,47.0
1784083142.757369,204.924,1860,3201,0.0,0.0,47.0
1784083142.767369,204.924,1860,3201,0.0,0.0,47.0
1784083142.777369,204.924,1860,3201,0.0,0.0,47.0
1784083142.787371,204.924,1860,3201,0.0,0.0,47.0
1784083142.797371,204.924,1860,3201,0.0,0.0,47.0
1784083142.807372,204.924,1860,3201,0.0,0.0,47.0
1784083142.817372,204.924,1860,3201,0.0,0.0,47.0
1784083142.827371,263.526,1650,3201,98.0,28.0,49.0
1784083142.837374,263.526,1650,3201,98.0,28.0,49.0
1784083142.847372,263.526,1650,3201,98.0,28.0,49.0
1784083142.857382,263.526,1650,3201,98.0,28.0,49.0
1784083142.867371,263.526,1650,3201,98.0,28.0,49.0
1784083142.877373,263.526,1650,3201,98.0,28.0,49.0
1784083142.887374,263.526,1650,3201,98.0,28.0,49.0
1784083142.897372,263.526,1650,3201,98.0,28.0,49.0
1784083142.907373,263.526,1650,3201,98.0,28.0,49.0
1784083142.917375,263.526,1650,3201,98.0,28.0,49.0
1784083142.927374,327.531,1665,3201,98.0,28.0,50.0
1784083142.937374,327.531,1665,3201,98.0,28.0,50.0
1784083142.947375,327.531,1665,3201,98.0,28.0,50.0
1784083142.957375,327.531,1665,3201,98.0,28.0,50.0
1784083142.967376,327.531,1665,3201,98.0,28.0,50.0
1784083142.977377,327.531,1665,3201,98.0,28.0,50.0
1784083142.987377,327.531,1665,3201,98.0,28.0,50.0
1784083142.997377,327.531,1665,3201,98.0,28.0,50.0
1784083143.007377,327.531,1665,3201,98.0,28.0,50.0
1784083143.017377,327.531,1665,3201,98.0,28.0,50.0
1784083143.027376,357.174,1680,3201,98.0,23.0,51.0
1784083143.037375,357.174,1680,3201,98.0,23.0,51.0
1784083143.047477,357.174,1680,3201,98.0,23.0,51.0
1784083143.057379,357.174,1680,3201,98.0,23.0,51.0
1784083143.067370,357.174,1680,3201,98.0,23.0,51.0
1784083143.077370,357.174,1680,3201,98.0,23.0,51.0
1784083143.087369,357.174,1680,3201,98.0,23.0,51.0
1784083143.097370,357.174,1680,3201,98.0,23.0,51.0
1784083143.107370,357.174,1680,3201,98.0,23.0,51.0
1784083143.117370,357.174,1680,3201,98.0,23.0,51.0
1784083143.127371,412.391,1635,3201,98.0,23.0,51.0
1784083143.137370,412.391,1635,3201,98.0,23.0,51.0
1784083143.147371,412.391,1635,3201,98.0,23.0,51.0
1784083143.157370,412.391,1635,3201,98.0,23.0,51.0
1784083143.167369,412.391,1635,3201,98.0,23.0,51.0
1784083143.177370,412.391,1635,3201,98.0,23.0,51.0
1784083143.187370,412.391,1635,3201,98.0,23.0,51.0
1784083143.197370,412.391,1635,3201,98.0,23.0,51.0
1784083143.207458,412.391,1635,3201,98.0,23.0,51.0
1784083143.217369,412.391,1635,3201,98.0,23.0,51.0
1784083143.227494,472.161,1680,3201,98.0,20.0,52.0
1784083143.237370,472.161,1680,3201,98.0,20.0,52.0
1784083143.247371,472.161,1680,3201,98.0,20.0,52.0
1784083143.257379,472.161,1680,3201,98.0,20.0,52.0
1784083143.267376,472.161,1680,3201,98.0,20.0,52.0
1784083143.277420,472.161,1680,3201,98.0,20.0,52.0
1784083143.287376,472.161,1680,3201,98.0,20.0,52.0
1784083143.297378,472.161,1680,3201,98.0,20.0,52.0
1784083143.307376,472.161,1680,3201,98.0,20.0,52.0
1784083143.317378,472.161,1680,3201,98.0,20.0,52.0
1784083143.327376,532.442,1665,3201,98.0,20.0,52.0
1784083143.337377,532.442,1665,3201,98.0,20.0,52.0
1784083143.347378,532.442,1665,3201,98.0,20.0,52.0
1784083143.357376,532.442,1665,3201,98.0,20.0,52.0
1784083143.367376,532.442,1665,3201,98.0,20.0,52.0
1784083143.377376,532.442,1665,3201,98.0,20.0,52.0
1784083143.387376,532.442,1665,3201,98.0,20.0,52.0
1784083143.397376,532.442,1665,3201,98.0,20.0,52.0
1784083143.407376,532.442,1665,3201,98.0,20.0,52.0
1784083143.417377,532.442,1665,3201,98.0,20.0,52.0
1784083143.427377,581.644,1695,3201,99.0,18.0,52.0
1784083143.437377,581.644,1695,3201,99.0,18.0,52.0
1784083143.447376,581.644,1695,3201,99.0,18.0,52.0
1784083143.457376,581.644,1695,3201,99.0,18.0,52.0
1784083143.467378,581.644,1695,3201,99.0,18.0,52.0
1784083143.477377,581.644,1695,3201,99.0,18.0,52.0
1784083143.487376,581.644,1695,3201,99.0,18.0,52.0
1784083143.497380,581.644,1695,3201,99.0,18.0,52.0
1784083143.507376,581.644,1695,3201,99.0,18.0,52.0
1784083143.517378,581.644,1695,3201,99.0,18.0,52.0
1784083143.527377,646.440,1365,3201,99.0,18.0,50.0
1784083143.537377,646.440,1365,3201,99.0,18.0,50.0
1784083143.547381,646.440,1365,3201,99.0,18.0,50.0
1784083143.557377,646.440,1365,3201,99.0,18.0,50.0
1784083143.567410,646.440,1365,3201,99.0,18.0,50.0
1784083143.577384,646.440,1365,3201,99.0,18.0,50.0
1784083143.587378,646.440,1365,3201,99.0,18.0,50.0
1784083143.597376,646.440,1365,3201,99.0,18.0,50.0
1784083143.607377,646.440,1365,3201,99.0,18.0,50.0
1784083143.617377,646.440,1365,3201,99.0,18.0,50.0
1784083143.627377,690.567,1560,3201,99.0,14.0,50.0
1784083143.637378,690.567,1560,3201,99.0,14.0,50.0
1784083143.647376,690.567,1560,3201,99.0,14.0,50.0
1784083143.657377,690.567,1560,3201,99.0,14.0,50.0
1784083143.667377,690.567,1560,3201,99.0,14.0,50.0
1784083143.677376,690.567,1560,3201,99.0,14.0,50.0
1784083143.687377,690.567,1560,3201,99.0,14.0,50.0
1784083143.697376,690.567,1560,3201,99.0,14.0,50.0
1784083143.707377,690.567,1560,3201,99.0,14.0,50.0
1784083143.717377,690.567,1560,3201,99.0,14.0,50.0
1784083143.727378,688.195,1650,3201,99.0,14.0,45.0
1784083143.737378,688.195,1650,3201,99.0,14.0,45.0
1784083143.747378,688.195,1650,3201,99.0,14.0,45.0
1784083143.757418,688.195,1650,3201,99.0,14.0,45.0
1784083143.767376,688.195,1650,3201,99.0,14.0,45.0
1784083143.777386,688.195,1650,3201,99.0,14.0,45.0
1784083143.787473,688.195,1650,3201,99.0,14.0,45.0
1784083143.797377,688.195,1650,3201,99.0,14.0,45.0
1784083143.807378,688.195,1650,3201,99.0,14.0,45.0
1784083143.817377,688.195,1650,3201,99.0,14.0,45.0
1784083143.827370,653.722,1965,3201,46.0,16.0,47.0
1784083143.837370,653.722,1965,3201,46.0,16.0,47.0
1784083143.847368,653.722,1965,3201,46.0,16.0,47.0
1784083143.857403,653.722,1965,3201,46.0,16.0,47.0
1784083143.867369,653.722,1965,3201,46.0,16.0,47.0
1784083143.877454,653.722,1965,3201,46.0,16.0,47.0
1784083143.887369,653.722,1965,3201,46.0,16.0,47.0
1784083143.897371,653.722,1965,3201,46.0,16.0,47.0
1784083143.907370,653.722,1965,3201,46.0,16.0,47.0
1784083143.917370,653.722,1965,3201,46.0,16.0,47.0
1784083143.927370,638.348,1965,3201,46.0,16.0,47.0
1784083143.937370,638.348,1965,3201,46.0,16.0,47.0
1784083143.947371,638.348,1965,3201,46.0,16.0,47.0
1784083143.957370,638.348,1965,3201,46.0,16.0,47.0
1784083143.967371,638.348,1965,3201,46.0,16.0,47.0
1784083143.977369,638.348,1965,3201,46.0,16.0,47.0
1784083143.987418,638.348,1965,3201,46.0,16.0,47.0
1784083143.997371,638.348,1965,3201,46.0,16.0,47.0
1784083144.007371,638.348,1965,3201,46.0,16.0,47.0
1784083144.017372,638.348,1965,3201,46.0,16.0,47.0
1784083144.027372,619.675,1965,3201,91.0,42.0,47.0
1784083144.037372,619.675,1965,3201,91.0,42.0,47.0
1784083144.047373,619.675,1965,3201,91.0,42.0,47.0
1784083144.057372,619.675,1965,3201,91.0,42.0,47.0
1784083144.067372,619.675,1965,3201,91.0,42.0,47.0
1784083144.077372,619.675,1965,3201,91.0,42.0,47.0
1784083144.087372,619.675,1965,3201,91.0,42.0,47.0
1784083144.097372,619.675,1965,3201,91.0,42.0,47.0
1784083144.107372,619.675,1965,3201,91.0,42.0,47.0
1784083144.117373,619.675,1965,3201,91.0,42.0,47.0
1784083144.127372,605.412,1980,3201,91.0,42.0,48.0
1784083144.137373,605.412,1980,3201,91.0,42.0,48.0
1784083144.147372,605.412,1980,3201,91.0,42.0,48.0
1784083144.157371,605.412,1980,3201,91.0,42.0,48.0
1784083144.167372,605.412,1980,3201,91.0,42.0,48.0
1784083144.177362,605.412,1980,3201,91.0,42.0,48.0
1784083144.187361,605.412,1980,3201,91.0,42.0,48.0
1784083144.197393,605.412,1980,3201,91.0,42.0,48.0
1784083144.207455,605.412,1980,3201,91.0,42.0,48.0
1784083144.217694,605.412,1980,3201,91.0,42.0,48.0
1784083144.227700,589.250,1980,3201,90.0,42.0,48.0
1784083144.237401,589.250,1980,3201,90.0,42.0,48.0
1784083144.247385,589.250,1980,3201,90.0,42.0,48.0
1784083144.257370,589.250,1980,3201,90.0,42.0,48.0
1784083144.267414,589.250,1980,3201,90.0,42.0,48.0
1784083144.277371,589.250,1980,3201,90.0,42.0,48.0
1784083144.287372,589.250,1980,3201,90.0,42.0,48.0
1784083144.297369,589.250,1980,3201,90.0,42.0,48.0
1784083144.307369,589.250,1980,3201,90.0,42.0,48.0
1784083144.317365,589.250,1980,3201,90.0,42.0,48.0
1784083144.327369,573.146,1980,3201,90.0,42.0,48.0
1784083144.337371,573.146,1980,3201,90.0,42.0,48.0
1784083144.347370,573.146,1980,3201,90.0,42.0,48.0
1784083144.357370,573.146,1980,3201,90.0,42.0,48.0
1784083144.367370,573.146,1980,3201,90.0,42.0,48.0
1784083144.377370,573.146,1980,3201,90.0,42.0,48.0
1784083144.387413,573.146,1980,3201,90.0,42.0,48.0
1784083144.397370,573.146,1980,3201,90.0,42.0,48.0
1784083144.407370,573.146,1980,3201,90.0,42.0,48.0
1784083144.417370,573.146,1980,3201,90.0,42.0,48.0
1784083144.427370,560.038,1980,3201,90.0,43.0,48.0
1784083144.437370,560.038,1980,3201,90.0,43.0,48.0
1784083144.447370,560.038,1980,3201,90.0,43.0,48.0
1784083144.457371,560.038,1980,3201,90.0,43.0,48.0
1784083144.467416,560.038,1980,3201,90.0,43.0,48.0
1784083144.477370,560.038,1980,3201,90.0,43.0,48.0
1784083144.487365,560.038,1980,3201,90.0,43.0,48.0
1784083144.497365,560.038,1980,3201,90.0,43.0,48.0
1784083144.507366,560.038,1980,3201,90.0,43.0,48.0
1784083144.517366,560.038,1980,3201,90.0,43.0,48.0
1784083144.527365,547.358,1980,3201,90.0,43.0,48.0
1784083144.537364,547.358,1980,3201,90.0,43.0,48.0
1784083144.547366,547.358,1980,3201,90.0,43.0,48.0
1784083144.557362,547.358,1980,3201,90.0,43.0,48.0
1784083144.567362,547.358,1980,3201,90.0,43.0,48.0
1784083144.577361,547.358,1980,3201,90.0,43.0,48.0
1784083144.587362,547.358,1980,3201,90.0,43.0,48.0
1784083144.597361,547.358,1980,3201,90.0,43.0,48.0
1784083144.607362,547.358,1980,3201,90.0,43.0,48.0
1784083144.617362,547.358,1980,3201,90.0,43.0,48.0
1784083144.627361,549.723,1980,3201,90.0,42.0,48.0
1784083144.637433,549.723,1980,3201,90.0,42.0,48.0
1784083144.647370,549.723,1980,3201,90.0,42.0,48.0
1784083144.657392,549.723,1980,3201,90.0,42.0,48.0
1784083144.667416,549.723,1980,3201,90.0,42.0,48.0
1784083144.677370,549.723,1980,3201,90.0,42.0,48.0
1784083144.687369,549.723,1980,3201,90.0,42.0,48.0
1784083144.697368,549.723,1980,3201,90.0,42.0,48.0
1784083144.707368,549.723,1980,3201,90.0,42.0,48.0
1784083144.717369,549.723,1980,3201,90.0,42.0,48.0
1784083144.727369,541.706,1980,3201,90.0,42.0,48.0
1784083144.737370,541.706,1980,3201,90.0,42.0,48.0
1784083144.747369,541.706,1980,3201,90.0,42.0,48.0
1784083144.757370,541.706,1980,3201,90.0,42.0,48.0
1784083144.767408,541.706,1980,3201,90.0,42.0,48.0
1784083144.777369,541.706,1980,3201,90.0,42.0,48.0
1784083144.787370,541.706,1980,3201,90.0,42.0,48.0
1784083144.797370,541.706,1980,3201,90.0,42.0,48.0
1784083144.807371,541.706,1980,3201,90.0,42.0,48.0
1784083144.817370,541.706,1980,3201,90.0,42.0,48.0
1784083144.827370,562.137,1980,3201,90.0,43.0,48.0
1784083144.837370,562.137,1980,3201,90.0,43.0,48.0
1784083144.847381,562.137,1980,3201,90.0,43.0,48.0
1784083144.857371,562.137,1980,3201,90.0,43.0,48.0
1784083144.867372,562.137,1980,3201,90.0,43.0,48.0
1784083144.877371,562.137,1980,3201,90.0,43.0,48.0
1784083144.887372,562.137,1980,3201,90.0,43.0,48.0
1784083144.897424,562.137,1980,3201,90.0,43.0,48.0
1784083144.907372,562.137,1980,3201,90.0,43.0,48.0
1784083144.917372,562.137,1980,3201,90.0,43.0,48.0
1784083144.927371,563.477,1980,3201,90.0,43.0,48.0
1784083144.937371,563.477,1980,3201,90.0,43.0,48.0
1784083144.947374,563.477,1980,3201,90.0,43.0,48.0
1784083144.957373,563.477,1980,3201,90.0,43.0,48.0
1784083144.967372,563.477,1980,3201,90.0,43.0,48.0
1784083144.977372,563.477,1980,3201,90.0,43.0,48.0
1784083144.987380,563.477,1980,3201,90.0,43.0,48.0
1784083144.997382,563.477,1980,3201,90.0,43.0,48.0
1784083145.007380,563.477,1980,3201,90.0,43.0,48.0
1784083145.017372,563.477,1980,3201,90.0,43.0,48.0
1784083145.027371,564.056,1980,3201,90.0,43.0,48.0
1784083145.037381,564.056,1980,3201,90.0,43.0,48.0
1784083145.047372,564.056,1980,3201,90.0,43.0,48.0
1784083145.058004,564.056,1980,3201,90.0,43.0,48.0
1784083145.067434,564.056,1980,3201,90.0,43.0,48.0
1784083145.077364,564.056,1980,3201,90.0,43.0,48.0
1784083145.087369,564.056,1980,3201,90.0,43.0,48.0
1784083145.097369,564.056,1980,3201,90.0,43.0,48.0
1784083145.107367,564.056,1980,3201,90.0,43.0,48.0
1784083145.117370,564.056,1980,3201,90.0,43.0,48.0
1784083145.127364,539.904,1980,3201,90.0,43.0,43.0
1784083145.137365,539.904,1980,3201,90.0,43.0,43.0
1784083145.147367,539.904,1980,3201,90.0,43.0,43.0
1784083145.157360,539.904,1980,3201,90.0,43.0,43.0
1784083145.167367,539.904,1980,3201,90.0,43.0,43.0
1784083145.177366,539.904,1980,3201,90.0,43.0,43.0
1784083145.187367,539.904,1980,3201,90.0,43.0,43.0
1784083145.197369,539.904,1980,3201,90.0,43.0,43.0
1784083145.207368,539.904,1980,3201,90.0,43.0,43.0
1784083145.217368,539.904,1980,3201,90.0,43.0,43.0
1784083145.227369,526.594,1980,3201,40.0,18.0,46.0
1784083145.237369,526.594,1980,3201,40.0,18.0,46.0
1784083145.247368,526.594,1980,3201,40.0,18.0,46.0
1784083145.257367,526.594,1980,3201,40.0,18.0,46.0
1784083145.267369,526.594,1980,3201,40.0,18.0,46.0
1784083145.277368,526.594,1980,3201,40.0,18.0,46.0
1784083145.287367,526.594,1980,3201,40.0,18.0,46.0
1784083145.297368,526.594,1980,3201,40.0,18.0,46.0
1784083145.307369,526.594,1980,3201,40.0,18.0,46.0
1784083145.317368,526.594,1980,3201,40.0,18.0,46.0
1784083145.327367,527.913,1980,3201,40.0,18.0,48.0
1784083145.337368,527.913,1980,3201,40.0,18.0,48.0
1784083145.347369,527.913,1980,3201,40.0,18.0,48.0
1784083145.357367,527.913,1980,3201,40.0,18.0,48.0
1784083145.367367,527.913,1980,3201,40.0,18.0,48.0
1784083145.377369,527.913,1980,3201,40.0,18.0,48.0
1784083145.387369,527.913,1980,3201,40.0,18.0,48.0
1784083145.397369,527.913,1980,3201,40.0,18.0,48.0
1784083145.407366,527.913,1980,3201,40.0,18.0,48.0
1784083145.417367,527.913,1980,3201,40.0,18.0,48.0
1784083145.427367,525.818,1980,3201,90.0,42.0,48.0
1784083145.437366,525.818,1980,3201,90.0,42.0,48.0
1784083145.447367,525.818,1980,3201,90.0,42.0,48.0
1784083145.457365,525.818,1980,3201,90.0,42.0,48.0
1784083145.467366,525.818,1980,3201,90.0,42.0,48.0
1784083145.477366,525.818,1980,3201,90.0,42.0,48.0
1784083145.487366,525.818,1980,3201,90.0,42.0,48.0
1784083145.497367,525.818,1980,3201,90.0,42.0,48.0
1784083145.507366,525.818,1980,3201,90.0,42.0,48.0
1784083145.517364,525.818,1980,3201,90.0,42.0,48.0
1784083145.527365,522.726,1980,3201,90.0,42.0,48.0
1784083145.537363,522.726,1980,3201,90.0,42.0,48.0
1784083145.547365,522.726,1980,3201,90.0,42.0,48.0
1784083145.557364,522.726,1980,3201,90.0,42.0,48.0
1784083145.567363,522.726,1980,3201,90.0,42.0,48.0
1784083145.577364,522.726,1980,3201,90.0,42.0,48.0
1784083145.587365,522.726,1980,3201,90.0,42.0,48.0
1784083145.597365,522.726,1980,3201,90.0,42.0,48.0
1784083145.607361,522.726,1980,3201,90.0,42.0,48.0
1784083145.617385,522.726,1980,3201,90.0,42.0,48.0
1784083145.627505,520.934,1980,3201,90.0,42.0,49.0
1784083145.637361,520.934,1980,3201,90.0,42.0,49.0
1784083145.647751,520.934,1980,3201,90.0,42.0,49.0
1784083145.657371,520.934,1980,3201,90.0,42.0,49.0
1784083145.667393,520.934,1980,3201,90.0,42.0,49.0
1784083145.677407,520.934,1980,3201,90.0,42.0,49.0
1784083145.687401,520.934,1980,3201,90.0,42.0,49.0
1784083145.697371,520.934,1980,3201,90.0,42.0,49.0
1784083145.707372,520.934,1980,3201,90.0,42.0,49.0
1784083145.717373,520.934,1980,3201,90.0,42.0,49.0
1784083145.727372,517.876,1980,3201,90.0,42.0,49.0
1784083145.737372,517.876,1980,3201,90.0,42.0,49.0
1784083145.747371,517.876,1980,3201,90.0,42.0,49.0
1784083145.757372,517.876,1980,3201,90.0,42.0,49.0
1784083145.767370,517.876,1980,3201,90.0,42.0,49.0
1784083145.777371,517.876,1980,3201,90.0,42.0,49.0
1784083145.787371,517.876,1980,3201,90.0,42.0,49.0
1784083145.797370,517.876,1980,3201,90.0,42.0,49.0
1784083145.807371,517.876,1980,3201,90.0,42.0,49.0
1784083145.817456,517.876,1980,3201,90.0,42.0,49.0
1784083145.827372,518.318,1980,3201,90.0,42.0,48.0
1784083145.837372,518.318,1980,3201,90.0,42.0,48.0
1784083145.847373,518.318,1980,3201,90.0,42.0,48.0
1784083145.857372,518.318,1980,3201,90.0,42.0,48.0
1784083145.867372,518.318,1980,3201,90.0,42.0,48.0
1784083145.877372,518.318,1980,3201,90.0,42.0,48.0
1784083145.887367,518.318,1980,3201,90.0,42.0,48.0
1784083145.897366,518.318,1980,3201,90.0,42.0,48.0
1784083145.907367,518.318,1980,3201,90.0,42.0,48.0
1784083145.917367,518.318,1980,3201,90.0,42.0,48.0
1784083145.927367,519.504,1980,3201,90.0,42.0,48.0
1784083145.937366,519.504,1980,3201,90.0,42.0,48.0
1784083145.947364,519.504,1980,3201,90.0,42.0,48.0
1784083145.957363,519.504,1980,3201,90.0,42.0,48.0
1784083145.967364,519.504,1980,3201,90.0,42.0,48.0
1784083145.977364,519.504,1980,3201,90.0,42.0,48.0
1784083145.987364,519.504,1980,3201,90.0,42.0,48.0
1784083145.997364,519.504,1980,3201,90.0,42.0,48.0
1784083146.007363,519.504,1980,3201,90.0,42.0,48.0
1784083146.017364,519.504,1980,3201,90.0,42.0,48.0
1784083146.027365,520.048,1980,3201,90.0,42.0,48.0
1784083146.037364,520.048,1980,3201,90.0,42.0,48.0
1784083146.047394,520.048,1980,3201,90.0,42.0,48.0
1784083146.057375,520.048,1980,3201,90.0,42.0,48.0
1784083146.067380,520.048,1980,3201,90.0,42.0,48.0
1784083146.077374,520.048,1980,3201,90.0,42.0,48.0
1784083146.087449,520.048,1980,3201,90.0,42.0,48.0
1784083146.097373,520.048,1980,3201,90.0,42.0,48.0
1784083146.107386,520.048,1980,3201,90.0,42.0,48.0
1784083146.117374,520.048,1980,3201,90.0,42.0,48.0
1784083146.127374,546.421,1980,3201,90.0,42.0,49.0
1784083146.137375,546.421,1980,3201,90.0,42.0,49.0
1784083146.147374,546.421,1980,3201,90.0,42.0,49.0
1784083146.157376,546.421,1980,3201,90.0,42.0,49.0
1784083146.167372,546.421,1980,3201,90.0,42.0,49.0
1784083146.177373,546.421,1980,3201,90.0,42.0,49.0
1784083146.187371,546.421,1980,3201,90.0,42.0,49.0
1784083146.197372,546.421,1980,3201,90.0,42.0,49.0
1784083146.207374,546.421,1980,3201,90.0,42.0,49.0
1784083146.217373,546.421,1980,3201,90.0,42.0,49.0
1784083146.227371,560.229,1980,3201,89.0,42.0,49.0
1784083146.237369,560.229,1980,3201,89.0,42.0,49.0
1784083146.247370,560.229,1980,3201,89.0,42.0,49.0
1784083146.257370,560.229,1980,3201,89.0,42.0,49.0
1784083146.267370,560.229,1980,3201,89.0,42.0,49.0
1784083146.277370,560.229,1980,3201,89.0,42.0,49.0
1784083146.287370,560.229,1980,3201,89.0,42.0,49.0
1784083146.297371,560.229,1980,3201,89.0,42.0,49.0
1784083146.307376,560.229,1980,3201,89.0,42.0,49.0
1784083146.317365,560.229,1980,3201,89.0,42.0,49.0
1784083146.327373,558.770,1980,3201,89.0,42.0,49.0
1784083146.337362,558.770,1980,3201,89.0,42.0,49.0
1784083146.347365,558.770,1980,3201,89.0,42.0,49.0
1784083146.357360,558.770,1980,3201,89.0,42.0,49.0
1784083146.367377,558.770,1980,3201,89.0,42.0,49.0
1784083146.377396,558.770,1980,3201,89.0,42.0,49.0
1784083146.387496,558.770,1980,3201,89.0,42.0,49.0
1784083146.397605,558.770,1980,3201,89.0,42.0,49.0
1784083146.407477,558.770,1980,3201,89.0,42.0,49.0
1784083146.417596,558.770,1980,3201,89.0,42.0,49.0
1784083146.427367,556.171,1980,3201,90.0,43.0,49.0
1784083146.437371,556.171,1980,3201,90.0,43.0,49.0
1784083146.447375,556.171,1980,3201,90.0,43.0,49.0
1784083146.457998,556.171,1980,3201,90.0,43.0,49.0
1784083146.467376,556.171,1980,3201,90.0,43.0,49.0
1784083146.477371,556.171,1980,3201,90.0,43.0,49.0
1784083146.487371,556.171,1980,3201,90.0,43.0,49.0
1784083146.497374,556.171,1980,3201,90.0,43.0,49.0
1784083146.507370,556.171,1980,3201,90.0,43.0,49.0
1784083146.517366,556.171,1980,3201,90.0,43.0,49.0
1784083146.527367,535.596,1980,3201,90.0,43.0,43.0
1784083146.537372,535.596,1980,3201,90.0,43.0,43.0
1784083146.547363,535.596,1980,3201,90.0,43.0,43.0
1784083146.557368,535.596,1980,3201,90.0,43.0,43.0
1784083146.567368,535.596,1980,3201,90.0,43.0,43.0
1784083146.577368,535.596,1980,3201,90.0,43.0,43.0
1784083146.587368,535.596,1980,3201,90.0,43.0,43.0
1784083146.597369,535.596,1980,3201,90.0,43.0,43.0
1784083146.607372,535.596,1980,3201,90.0,43.0,43.0
1784083146.617368,535.596,1980,3201,90.0,43.0,43.0
1784083146.627367,526.962,1980,3201,46.0,21.0,47.0
1784083146.637367,526.962,1980,3201,46.0,21.0,47.0
1784083146.647368,526.962,1980,3201,46.0,21.0,47.0
1784083146.657367,526.962,1980,3201,46.0,21.0,47.0
1784083146.667368,526.962,1980,3201,46.0,21.0,47.0
1784083146.677367,526.962,1980,3201,46.0,21.0,47.0
1784083146.687368,526.962,1980,3201,46.0,21.0,47.0
1784083146.697368,526.962,1980,3201,46.0,21.0,47.0
1784083146.707367,526.962,1980,3201,46.0,21.0,47.0
1784083146.717368,526.962,1980,3201,46.0,21.0,47.0
1784083146.727368,529.021,1980,3201,46.0,21.0,48.0
1784083146.737368,529.021,1980,3201,46.0,21.0,48.0
1784083146.747368,529.021,1980,3201,46.0,21.0,48.0
1784083146.757368,529.021,1980,3201,46.0,21.0,48.0
1784083146.767369,529.021,1980,3201,46.0,21.0,48.0
1784083146.777368,529.021,1980,3201,46.0,21.0,48.0
1784083146.787369,529.021,1980,3201,46.0,21.0,48.0
1784083146.797369,529.021,1980,3201,46.0,21.0,48.0
1784083146.807367,529.021,1980,3201,46.0,21.0,48.0
1784083146.817368,529.021,1980,3201,46.0,21.0,48.0
1784083146.827368,527.096,1980,3201,90.0,42.0,49.0
1784083146.837368,527.096,1980,3201,90.0,42.0,49.0
1784083146.847368,527.096,1980,3201,90.0,42.0,49.0
1784083146.857368,527.096,1980,3201,90.0,42.0,49.0
1784083146.867369,527.096,1980,3201,90.0,42.0,49.0
1784083146.877365,527.096,1980,3201,90.0,42.0,49.0
1784083146.887621,527.096,1980,3201,90.0,42.0,49.0
1784083146.897368,527.096,1980,3201,90.0,42.0,49.0
1784083146.907367,527.096,1980,3201,90.0,42.0,49.0
1784083146.917365,527.096,1980,3201,90.0,42.0,49.0
1784083146.927367,524.986,1980,3201,90.0,42.0,49.0
1784083146.937438,524.986,1980,3201,90.0,42.0,49.0
1784083146.947362,524.986,1980,3201,90.0,42.0,49.0
1784083146.957362,524.986,1980,3201,90.0,42.0,49.0
1784083146.967361,524.986,1980,3201,90.0,42.0,49.0
1784083146.977365,524.986,1980,3201,90.0,42.0,49.0
1784083146.987367,524.986,1980,3201,90.0,42.0,49.0
1784083146.997365,524.986,1980,3201,90.0,42.0,49.0
1784083147.007363,524.986,1980,3201,90.0,42.0,49.0
1784083147.017364,524.986,1980,3201,90.0,42.0,49.0
1784083147.027365,522.872,1980,3201,89.0,42.0,49.0
1784083147.037360,522.872,1980,3201,89.0,42.0,49.0
1784083147.047361,522.872,1980,3201,89.0,42.0,49.0
1784083147.057361,522.872,1980,3201,89.0,42.0,49.0
1784083147.067361,522.872,1980,3201,89.0,42.0,49.0
1784083147.077361,522.872,1980,3201,89.0,42.0,49.0
1784083147.087361,522.872,1980,3201,89.0,42.0,49.0
1784083147.097362,522.872,1980,3201,89.0,42.0,49.0
1784083147.107362,522.872,1980,3201,89.0,42.0,49.0
1784083147.117361,522.872,1980,3201,89.0,42.0,49.0
1784083147.127362,523.515,1980,3201,89.0,42.0,49.0
1784083147.137363,523.515,1980,3201,89.0,42.0,49.0
1784083147.147362,523.515,1980,3201,89.0,42.0,49.0
1784083147.157363,523.515,1980,3201,89.0,42.0,49.0
1784083147.167363,523.515,1980,3201,89.0,42.0,49.0
1784083147.177363,523.515,1980,3201,89.0,42.0,49.0
1784083147.187363,523.515,1980,3201,89.0,42.0,49.0
1784083147.197366,523.515,1980,3201,89.0,42.0,49.0
1784083147.207366,523.515,1980,3201,89.0,42.0,49.0
1784083147.217367,523.515,1980,3201,89.0,42.0,49.0
1784083147.227368,525.542,1980,3201,90.0,42.0,49.0
1784083147.237369,525.542,1980,3201,90.0,42.0,49.0
1784083147.247368,525.542,1980,3201,90.0,42.0,49.0
1784083147.257369,525.542,1980,3201,90.0,42.0,49.0
1784083147.267370,525.542,1980,3201,90.0,42.0,49.0
1784083147.277369,525.542,1980,3201,90.0,42.0,49.0
1784083147.287368,525.542,1980,3201,90.0,42.0,49.0
1784083147.297368,525.542,1980,3201,90.0,42.0,49.0
1784083147.307369,525.542,1980,3201,90.0,42.0,49.0
1784083147.317371,525.542,1980,3201,90.0,42.0,49.0
1784083147.327370,527.589,1980,3201,90.0,42.0,49.0
1784083147.337370,527.589,1980,3201,90.0,42.0,49.0
1784083147.347368,527.589,1980,3201,90.0,42.0,49.0
1784083147.357366,527.589,1980,3201,90.0,42.0,49.0
1784083147.367365,527.589,1980,3201,90.0,42.0,49.0
1784083147.377368,527.589,1980,3201,90.0,42.0,49.0
1784083147.387368,527.589,1980,3201,90.0,42.0,49.0
1784083147.397365,527.589,1980,3201,90.0,42.0,49.0
1784083147.407364,527.589,1980,3201,90.0,42.0,49.0
1784083147.417364,527.589,1980,3201,90.0,42.0,49.0
1784083147.427364,529.522,1980,3201,90.0,42.0,49.0
1784083147.437364,529.522,1980,3201,90.0,42.0,49.0
1784083147.447364,529.522,1980,3201,90.0,42.0,49.0
1784083147.457363,529.522,1980,3201,90.0,42.0,49.0
1784083147.467365,529.522,1980,3201,90.0,42.0,49.0
1784083147.477364,529.522,1980,3201,90.0,42.0,49.0
1784083147.487364,529.522,1980,3201,90.0,42.0,49.0
1784083147.497365,529.522,1980,3201,90.0,42.0,49.0
1784083147.507365,529.522,1980,3201,90.0,42.0,49.0
1784083147.517365,529.522,1980,3201,90.0,42.0,49.0
1784083147.527364,551.835,1980,3201,90.0,42.0,49.0
1784083147.537366,551.835,1980,3201,90.0,42.0,49.0
1784083147.547365,551.835,1980,3201,90.0,42.0,49.0
1784083147.557365,551.835,1980,3201,90.0,42.0,49.0
1784083147.567364,551.835,1980,3201,90.0,42.0,49.0
1784083147.577364,551.835,1980,3201,90.0,42.0,49.0
1784083147.587367,551.835,1980,3201,90.0,42.0,49.0
1784083147.597364,551.835,1980,3201,90.0,42.0,49.0
1784083147.607365,551.835,1980,3201,90.0,42.0,49.0
1784083147.617363,551.835,1980,3201,90.0,42.0,49.0
1784083147.627364,560.807,1980,3201,90.0,42.0,50.0
1784083147.637364,560.807,1980,3201,90.0,42.0,50.0
1784083147.647366,560.807,1980,3201,90.0,42.0,50.0
1784083147.657384,560.807,1980,3201,90.0,42.0,50.0
1784083147.667635,560.807,1980,3201,90.0,42.0,50.0
1784083147.677607,560.807,1980,3201,90.0,42.0,50.0
1784083147.687362,560.807,1980,3201,90.0,42.0,50.0
1784083147.697505,560.807,1980,3201,90.0,42.0,50.0
1784083147.707377,560.807,1980,3201,90.0,42.0,50.0
1784083147.717382,560.807,1980,3201,90.0,42.0,50.0
1784083147.727376,558.718,1980,3201,90.0,42.0,49.0
1784083147.737374,558.718,1980,3201,90.0,42.0,49.0
1784083147.747374,558.718,1980,3201,90.0,42.0,49.0
1784083147.757375,558.718,1980,3201,90.0,42.0,49.0
1784083147.767376,558.718,1980,3201,90.0,42.0,49.0
1784083147.777377,558.718,1980,3201,90.0,42.0,49.0
1784083147.787380,558.718,1980,3201,90.0,42.0,49.0
1784083147.797370,558.718,1980,3201,90.0,42.0,49.0
1784083147.807369,558.718,1980,3201,90.0,42.0,49.0
1784083147.817389,558.718,1980,3201,90.0,42.0,49.0
1784083147.827370,561.438,1980,3201,89.0,42.0,49.0
1784083147.837370,561.438,1980,3201,89.0,42.0,49.0
1784083147.847907,561.438,1980,3201,89.0,42.0,49.0
1784083147.857360,561.438,1980,3201,89.0,42.0,49.0
1784083147.867370,561.438,1980,3201,89.0,42.0,49.0
1784083147.877371,561.438,1980,3201,89.0,42.0,49.0
1784083147.887401,561.438,1980,3201,89.0,42.0,49.0
1784083147.897373,561.438,1980,3201,89.0,42.0,49.0
1784083147.907388,561.438,1980,3201,89.0,42.0,49.0
1784083147.917372,561.438,1980,3201,89.0,42.0,49.0
1784083147.927386,536.055,1980,3201,89.0,42.0,44.0
1784083147.937373,536.055,1980,3201,89.0,42.0,44.0
1784083147.947396,536.055,1980,3201,89.0,42.0,44.0
1784083147.957373,536.055,1980,3201,89.0,42.0,44.0
1784083147.967374,536.055,1980,3201,89.0,42.0,44.0
1784083147.977373,536.055,1980,3201,89.0,42.0,44.0
1784083147.987373,536.055,1980,3201,89.0,42.0,44.0
1784083147.997376,536.055,1980,3201,89.0,42.0,44.0
1784083148.007374,536.055,1980,3201,89.0,42.0,44.0
1784083148.017375,536.055,1980,3201,89.0,42.0,44.0
1784083148.027374,527.050,1980,3201,47.0,21.0,48.0
1784083148.037374,527.050,1980,3201,47.0,21.0,48.0
1784083148.047375,527.050,1980,3201,47.0,21.0,48.0
1784083148.057375,527.050,1980,3201,47.0,21.0,48.0
1784083148.067376,527.050,1980,3201,47.0,21.0,48.0
1784083148.077376,527.050,1980,3201,47.0,21.0,48.0
1784083148.087375,527.050,1980,3201,47.0,21.0,48.0
1784083148.097375,527.050,1980,3201,47.0,21.0,48.0
1784083148.107376,527.050,1980,3201,47.0,21.0,48.0
1784083148.117376,527.050,1980,3201,47.0,21.0,48.0
1784083148.127373,524.169,1980,3201,47.0,21.0,49.0
1784083148.137373,524.169,1980,3201,47.0,21.0,49.0
1784083148.147367,524.169,1980,3201,47.0,21.0,49.0
1784083148.157373,524.169,1980,3201,47.0,21.0,49.0
1784083148.167363,524.169,1980,3201,47.0,21.0,49.0
1784083148.177362,524.169,1980,3201,47.0,21.0,49.0
1784083148.187401,524.169,1980,3201,47.0,21.0,49.0
1784083148.197373,524.169,1980,3201,47.0,21.0,49.0
1784083148.207366,524.169,1980,3201,47.0,21.0,49.0
1784083148.217439,524.169,1980,3201,47.0,21.0,49.0
1784083148.227554,522.620,1980,3201,89.0,42.0,49.0
1784083148.237636,522.620,1980,3201,89.0,42.0,49.0
1784083148.247615,522.620,1980,3201,89.0,42.0,49.0
1784083148.257371,522.620,1980,3201,89.0,42.0,49.0
1784083148.267416,522.620,1980,3201,89.0,42.0,49.0
1784083148.277371,522.620,1980,3201,89.0,42.0,49.0
1784083148.287374,522.620,1980,3201,89.0,42.0,49.0
1784083148.297371,522.620,1980,3201,89.0,42.0,49.0
1784083148.307371,522.620,1980,3201,89.0,42.0,49.0
1784083148.317372,522.620,1980,3201,89.0,42.0,49.0
1784083148.327402,520.360,1980,3201,89.0,42.0,49.0
1784083148.337372,520.360,1980,3201,89.0,42.0,49.0
1784083148.347371,520.360,1980,3201,89.0,42.0,49.0
1784083148.357415,520.360,1980,3201,89.0,42.0,49.0
1784083148.367372,520.360,1980,3201,89.0,42.0,49.0
1784083148.377372,520.360,1980,3201,89.0,42.0,49.0
1784083148.387376,520.360,1980,3201,89.0,42.0,49.0
1784083148.397371,520.360,1980,3201,89.0,42.0,49.0
1784083148.407372,520.360,1980,3201,89.0,42.0,49.0
1784083148.417372,520.360,1980,3201,89.0,42.0,49.0
1784083148.427372,521.303,1980,3201,90.0,42.0,49.0
1784083148.437371,521.303,1980,3201,90.0,42.0,49.0
1784083148.447372,521.303,1980,3201,90.0,42.0,49.0
1784083148.457395,521.303,1980,3201,90.0,42.0,49.0
1784083148.467371,521.303,1980,3201,90.0,42.0,49.0
1784083148.477414,521.303,1980,3201,90.0,42.0,49.0
1784083148.487388,521.303,1980,3201,90.0,42.0,49.0
1784083148.497372,521.303,1980,3201,90.0,42.0,49.0
1784083148.507371,521.303,1980,3201,90.0,42.0,49.0
1784083148.517371,521.303,1980,3201,90.0,42.0,49.0
1784083148.527373,522.979,1980,3201,90.0,42.0,49.0
1784083148.537398,522.979,1980,3201,90.0,42.0,49.0
1784083148.547371,522.979,1980,3201,90.0,42.0,49.0
1784083148.557370,522.979,1980,3201,90.0,42.0,49.0
1784083148.567369,522.979,1980,3201,90.0,42.0,49.0
1784083148.577382,522.979,1980,3201,90.0,42.0,49.0
1784083148.587369,522.979,1980,3201,90.0,42.0,49.0
1784083148.597370,522.979,1980,3201,90.0,42.0,49.0
1784083148.607370,522.979,1980,3201,90.0,42.0,49.0
1784083148.617370,522.979,1980,3201,90.0,42.0,49.0
1784083148.627369,525.506,1980,3201,90.0,42.0,49.0
1784083148.637370,525.506,1980,3201,90.0,42.0,49.0
1784083148.647370,525.506,1980,3201,90.0,42.0,49.0
1784083148.657371,525.506,1980,3201,90.0,42.0,49.0
1784083148.667370,525.506,1980,3201,90.0,42.0,49.0
1784083148.677369,525.506,1980,3201,90.0,42.0,49.0
1784083148.687370,525.506,1980,3201,90.0,42.0,49.0
1784083148.697370,525.506,1980,3201,90.0,42.0,49.0
1784083148.707370,525.506,1980,3201,90.0,42.0,49.0
1784083148.717370,525.506,1980,3201,90.0,42.0,49.0
1784083148.727370,525.943,1980,3201,90.0,42.0,50.0
1784083148.737370,525.943,1980,3201,90.0,42.0,50.0
1784083148.747370,525.943,1980,3201,90.0,42.0,50.0
1784083148.757408,525.943,1980,3201,90.0,42.0,50.0
1784083148.767370,525.943,1980,3201,90.0,42.0,50.0
1784083148.777370,525.943,1980,3201,90.0,42.0,50.0
1784083148.787371,525.943,1980,3201,90.0,42.0,50.0
1784083148.797371,525.943,1980,3201,90.0,42.0,50.0
1784083148.807358,525.943,1980,3201,90.0,42.0,50.0
1784083148.817358,525.943,1980,3201,90.0,42.0,50.0
1784083148.827358,524.173,1980,3201,89.0,42.0,50.0
1784083148.837358,524.173,1980,3201,89.0,42.0,50.0
1784083148.847359,524.173,1980,3201,89.0,42.0,50.0
1784083148.857359,524.173,1980,3201,89.0,42.0,50.0
1784083148.867442,524.173,1980,3201,89.0,42.0,50.0
1784083148.877362,524.173,1980,3201,89.0,42.0,50.0
1784083148.887362,524.173,1980,3201,89.0,42.0,50.0
1784083148.897363,524.173,1980,3201,89.0,42.0,50.0
1784083148.907366,524.173,1980,3201,89.0,42.0,50.0
1784083148.917365,524.173,1980,3201,89.0,42.0,50.0
1784083148.927366,547.553,1980,3201,89.0,42.0,50.0
1784083148.937366,547.553,1980,3201,89.0,42.0,50.0
1784083148.947365,547.553,1980,3201,89.0,42.0,50.0
1784083148.957365,547.553,1980,3201,89.0,42.0,50.0
1784083148.967515,547.553,1980,3201,89.0,42.0,50.0
1784083148.977373,547.553,1980,3201,89.0,42.0,50.0
1784083148.987382,547.553,1980,3201,89.0,42.0,50.0
1784083148.997371,547.553,1980,3201,89.0,42.0,50.0
1784083149.007391,547.553,1980,3201,89.0,42.0,50.0
1784083149.017367,547.553,1980,3201,89.0,42.0,50.0
1784083149.027367,560.100,1980,3201,90.0,42.0,50.0
1784083149.037367,560.100,1980,3201,90.0,42.0,50.0
1784083149.047366,560.100,1980,3201,90.0,42.0,50.0
1784083149.057366,560.100,1980,3201,90.0,42.0,50.0
1784083149.067365,560.100,1980,3201,90.0,42.0,50.0
1784083149.077367,560.100,1980,3201,90.0,42.0,50.0
1784083149.087368,560.100,1980,3201,90.0,42.0,50.0
1784083149.097367,560.100,1980,3201,90.0,42.0,50.0
1784083149.107367,560.100,1980,3201,90.0,42.0,50.0
1784083149.117367,560.100,1980,3201,90.0,42.0,50.0
1784083149.127367,562.134,1980,3201,90.0,42.0,50.0
1784083149.137367,562.134,1980,3201,90.0,42.0,50.0
1784083149.147368,562.134,1980,3201,90.0,42.0,50.0
1784083149.157368,562.134,1980,3201,90.0,42.0,50.0
1784083149.167367,562.134,1980,3201,90.0,42.0,50.0
1784083149.177368,562.134,1980,3201,90.0,42.0,50.0
1784083149.187368,562.134,1980,3201,90.0,42.0,50.0
1784083149.197369,562.134,1980,3201,90.0,42.0,50.0
1784083149.207369,562.134,1980,3201,90.0,42.0,50.0
1784083149.217473,562.134,1980,3201,90.0,42.0,50.0
1784083149.227376,563.450,1980,3201,90.0,42.0,50.0
1784083149.237371,563.450,1980,3201,90.0,42.0,50.0
1784083149.247368,563.450,1980,3201,90.0,42.0,50.0
1784083149.257823,563.450,1980,3201,90.0,42.0,50.0
1784083149.267362,563.450,1980,3201,90.0,42.0,50.0
1784083149.277375,563.450,1980,3201,90.0,42.0,50.0
1784083149.287375,563.450,1980,3201,90.0,42.0,50.0
1784083149.297374,563.450,1980,3201,90.0,42.0,50.0
1784083149.307378,563.450,1980,3201,90.0,42.0,50.0
1784083149.317375,563.450,1980,3201,90.0,42.0,50.0
1784083149.327378,539.429,1980,3201,90.0,42.0,44.0
1784083149.337375,539.429,1980,3201,90.0,42.0,44.0
1784083149.347410,539.429,1980,3201,90.0,42.0,44.0
1784083149.357369,539.429,1980,3201,90.0,42.0,44.0
1784083149.367391,539.429,1980,3201,90.0,42.0,44.0
1784083149.377373,539.429,1980,3201,90.0,42.0,44.0
1784083149.387371,539.429,1980,3201,90.0,42.0,44.0
1784083149.397370,539.429,1980,3201,90.0,42.0,44.0
1784083149.407371,539.429,1980,3201,90.0,42.0,44.0
1784083149.417371,539.429,1980,3201,90.0,42.0,44.0
1784083149.427371,527.648,1980,3201,50.0,22.0,48.0
1784083149.437372,527.648,1980,3201,50.0,22.0,48.0
1784083149.447370,527.648,1980,3201,50.0,22.0,48.0
1784083149.457377,527.648,1980,3201,50.0,22.0,48.0
1784083149.467372,527.648,1980,3201,50.0,22.0,48.0
1784083149.477371,527.648,1980,3201,50.0,22.0,48.0
1784083149.487371,527.648,1980,3201,50.0,22.0,48.0
1784083149.497375,527.648,1980,3201,50.0,22.0,48.0
1784083149.507373,527.648,1980,3201,50.0,22.0,48.0
1784083149.517374,527.648,1980,3201,50.0,22.0,48.0
1784083149.527373,528.544,1980,3201,50.0,22.0,49.0
1784083149.537373,528.544,1980,3201,50.0,22.0,49.0
1784083149.547373,528.544,1980,3201,50.0,22.0,49.0
1784083149.557374,528.544,1980,3201,50.0,22.0,49.0
1784083149.567375,528.544,1980,3201,50.0,22.0,49.0
1784083149.577372,528.544,1980,3201,50.0,22.0,49.0
1784083149.587373,528.544,1980,3201,50.0,22.0,49.0
1784083149.597373,528.544,1980,3201,50.0,22.0,49.0
1784083149.607373,528.544,1980,3201,50.0,22.0,49.0
1784083149.617375,528.544,1980,3201,50.0,22.0,49.0
1784083149.627373,527.089,1980,3201,90.0,42.0,49.0
1784083149.637373,527.089,1980,3201,90.0,42.0,49.0
1784083149.647373,527.089,1980,3201,90.0,42.0,49.0
1784083149.657373,527.089,1980,3201,90.0,42.0,49.0
1784083149.667376,527.089,1980,3201,90.0,42.0,49.0
1784083149.677372,527.089,1980,3201,90.0,42.0,49.0
1784083149.687368,527.089,1980,3201,90.0,42.0,49.0
1784083149.697372,527.089,1980,3201,90.0,42.0,49.0
1784083149.707372,527.089,1980,3201,90.0,42.0,49.0
1784083149.717416,527.089,1980,3201,90.0,42.0,49.0
1784083149.727371,528.002,1980,3201,90.0,42.0,50.0
1784083149.737371,528.002,1980,3201,90.0,42.0,50.0
1784083149.747371,528.002,1980,3201,90.0,42.0,50.0
1784083149.757372,528.002,1980,3201,90.0,42.0,50.0
1784083149.767370,528.002,1980,3201,90.0,42.0,50.0
1784083149.777373,528.002,1980,3201,90.0,42.0,50.0
1784083149.787374,528.002,1980,3201,90.0,42.0,50.0
1784083149.797374,528.002,1980,3201,90.0,42.0,50.0
1784083149.807374,528.002,1980,3201,90.0,42.0,50.0
1784083149.817375,528.002,1980,3201,90.0,42.0,50.0
1784083149.827374,528.119,1980,3201,90.0,43.0,50.0
1784083149.837375,528.119,1980,3201,90.0,43.0,50.0
1784083149.847374,528.119,1980,3201,90.0,43.0,50.0
1784083149.857375,528.119,1980,3201,90.0,43.0,50.0
1784083149.867375,528.119,1980,3201,90.0,43.0,50.0
1784083149.877373,528.119,1980,3201,90.0,43.0,50.0
1784083149.887374,528.119,1980,3201,90.0,43.0,50.0
1784083149.897557,528.119,1980,3201,90.0,43.0,50.0
1784083149.907429,528.119,1980,3201,90.0,43.0,50.0
1784083149.917450,528.119,1980,3201,90.0,43.0,50.0
1784083149.927613,528.393,1980,3201,90.0,43.0,50.0
1784083149.937603,528.393,1980,3201,90.0,43.0,50.0
1784083149.947371,528.393,1980,3201,90.0,43.0,50.0
1784083149.957378,528.393,1980,3201,90.0,43.0,50.0
1784083149.967377,528.393,1980,3201,90.0,43.0,50.0
1784083149.977469,528.393,1980,3201,90.0,43.0,50.0
1784083149.987377,528.393,1980,3201,90.0,43.0,50.0
1784083149.997447,528.393,1980,3201,90.0,43.0,50.0
1784083150.007379,528.393,1980,3201,90.0,43.0,50.0
1784083150.017383,528.393,1980,3201,90.0,43.0,50.0
1784083150.027376,525.739,1980,3201,89.0,42.0,50.0
1784083150.037377,525.739,1980,3201,89.0,42.0,50.0
1784083150.047377,525.739,1980,3201,89.0,42.0,50.0
1784083150.057376,525.739,1980,3201,89.0,42.0,50.0
1784083150.067374,525.739,1980,3201,89.0,42.0,50.0
1784083150.077375,525.739,1980,3201,89.0,42.0,50.0
1784083150.087375,525.739,1980,3201,89.0,42.0,50.0
1784083150.097375,525.739,1980,3201,89.0,42.0,50.0
1784083150.107442,525.739,1980,3201,89.0,42.0,50.0
1784083150.117375,525.739,1980,3201,89.0,42.0,50.0
1784083150.127376,525.634,1980,3201,89.0,42.0,50.0
1784083150.137370,525.634,1980,3201,89.0,42.0,50.0
1784083150.147370,525.634,1980,3201,89.0,42.0,50.0
1784083150.157369,525.634,1980,3201,89.0,42.0,50.0
1784083150.167370,525.634,1980,3201,89.0,42.0,50.0
1784083150.177370,525.634,1980,3201,89.0,42.0,50.0
1784083150.187370,525.634,1980,3201,89.0,42.0,50.0
1784083150.197370,525.634,1980,3201,89.0,42.0,50.0
1784083150.207371,525.634,1980,3201,89.0,42.0,50.0
1784083150.217371,525.634,1980,3201,89.0,42.0,50.0
1784083150.227366,526.375,1980,3201,90.0,42.0,50.0
1784083150.237365,526.375,1980,3201,90.0,42.0,50.0
1784083150.247366,526.375,1980,3201,90.0,42.0,50.0
1784083150.257366,526.375,1980,3201,90.0,42.0,50.0
1784083150.267366,526.375,1980,3201,90.0,42.0,50.0
1784083150.277367,526.375,1980,3201,90.0,42.0,50.0
1784083150.287366,526.375,1980,3201,90.0,42.0,50.0
1784083150.297362,526.375,1980,3201,90.0,42.0,50.0
1784083150.307363,526.375,1980,3201,90.0,42.0,50.0
1784083150.317363,526.375,1980,3201,90.0,42.0,50.0
1784083150.327362,551.904,1980,3201,90.0,42.0,50.0
1784083150.337363,551.904,1980,3201,90.0,42.0,50.0
1784083150.347363,551.904,1980,3201,90.0,42.0,50.0
1784083150.357362,551.904,1980,3201,90.0,42.0,50.0
1784083150.367362,551.904,1980,3201,90.0,42.0,50.0
1784083150.377362,551.904,1980,3201,90.0,42.0,50.0
1784083150.387461,551.904,1980,3201,90.0,42.0,50.0
1784083150.397396,551.904,1980,3201,90.0,42.0,50.0
1784083150.407374,551.904,1980,3201,90.0,42.0,50.0
1784083150.417372,551.904,1980,3201,90.0,42.0,50.0
1784083150.427371,563.023,1980,3201,90.0,42.0,50.0
1784083150.437374,563.023,1980,3201,90.0,42.0,50.0
1784083150.447377,563.023,1980,3201,90.0,42.0,50.0
1784083150.457372,563.023,1980,3201,90.0,42.0,50.0
1784083150.467382,563.023,1980,3201,90.0,42.0,50.0
1784083150.477370,563.023,1980,3201,90.0,42.0,50.0
1784083150.487370,563.023,1980,3201,90.0,42.0,50.0
1784083150.497372,563.023,1980,3201,90.0,42.0,50.0
1784083150.507371,563.023,1980,3201,90.0,42.0,50.0
1784083150.517369,563.023,1980,3201,90.0,42.0,50.0
1784083150.527369,561.219,1980,3201,90.0,42.0,50.0
1784083150.537368,561.219,1980,3201,90.0,42.0,50.0
1784083150.547369,561.219,1980,3201,90.0,42.0,50.0
1784083150.557369,561.219,1980,3201,90.0,42.0,50.0
1784083150.567370,561.219,1980,3201,90.0,42.0,50.0
1784083150.577371,561.219,1980,3201,90.0,42.0,50.0
1784083150.587372,561.219,1980,3201,90.0,42.0,50.0
1784083150.597372,561.219,1980,3201,90.0,42.0,50.0
1784083150.607402,561.219,1980,3201,90.0,42.0,50.0
1784083150.617371,561.219,1980,3201,90.0,42.0,50.0
1784083150.627543,559.802,1980,3201,90.0,43.0,51.0
1784083150.637373,559.802,1980,3201,90.0,43.0,51.0
1784083150.647638,559.802,1980,3201,90.0,43.0,51.0
1784083150.657370,559.802,1980,3201,90.0,43.0,51.0
1784083150.667365,559.802,1980,3201,90.0,43.0,51.0
1784083150.677365,559.802,1980,3201,90.0,43.0,51.0
1784083150.687368,559.802,1980,3201,90.0,43.0,51.0
1784083150.697372,559.802,1980,3201,90.0,43.0,51.0
1784083150.707373,559.802,1980,3201,90.0,43.0,51.0
1784083150.717397,559.802,1980,3201,90.0,43.0,51.0
1784083150.727372,532.088,1980,3201,90.0,43.0,44.0
1784083150.737372,532.088,1980,3201,90.0,43.0,44.0
1784083150.747371,532.088,1980,3201,90.0,43.0,44.0
1784083150.757372,532.088,1980,3201,90.0,43.0,44.0
1784083150.767372,532.088,1980,3201,90.0,43.0,44.0
1784083150.777377,532.088,1980,3201,90.0,43.0,44.0
1784083150.787374,532.088,1980,3201,90.0,43.0,44.0
1784083150.797373,532.088,1980,3201,90.0,43.0,44.0
1784083150.807371,532.088,1980,3201,90.0,43.0,44.0
1784083150.817377,532.088,1980,3201,90.0,43.0,44.0
1784083150.827390,523.547,1980,3201,49.0,22.0,49.0
1784083150.837369,523.547,1980,3201,49.0,22.0,49.0
1784083150.847371,523.547,1980,3201,49.0,22.0,49.0
1784083150.857373,523.547,1980,3201,49.0,22.0,49.0
1784083150.867370,523.547,1980,3201,49.0,22.0,49.0
1784083150.877372,523.547,1980,3201,49.0,22.0,49.0
1784083150.887370,523.547,1980,3201,49.0,22.0,49.0
1784083150.897368,523.547,1980,3201,49.0,22.0,49.0
1784083150.907369,523.547,1980,3201,49.0,22.0,49.0
1784083150.917368,523.547,1980,3201,49.0,22.0,49.0
1784083150.927371,525.653,1980,3201,49.0,22.0,49.0
1784083150.937365,525.653,1980,3201,49.0,22.0,49.0
1784083150.947371,525.653,1980,3201,49.0,22.0,49.0
1784083150.957369,525.653,1980,3201,49.0,22.0,49.0
1784083150.967370,525.653,1980,3201,49.0,22.0,49.0
1784083150.977370,525.653,1980,3201,49.0,22.0,49.0
1784083150.987370,525.653,1980,3201,49.0,22.0,49.0
1784083150.997370,525.653,1980,3201,49.0,22.0,49.0
1784083151.007371,525.653,1980,3201,49.0,22.0,49.0
1784083151.017390,525.653,1980,3201,49.0,22.0,49.0
1784083151.027373,527.843,1980,3201,90.0,43.0,50.0
1784083151.037365,527.843,1980,3201,90.0,43.0,50.0
1784083151.047374,527.843,1980,3201,90.0,43.0,50.0
1784083151.057372,527.843,1980,3201,90.0,43.0,50.0
1784083151.067372,527.843,1980,3201,90.0,43.0,50.0
1784083151.077372,527.843,1980,3201,90.0,43.0,50.0
1784083151.087372,527.843,1980,3201,90.0,43.0,50.0
1784083151.097374,527.843,1980,3201,90.0,43.0,50.0
1784083151.107372,527.843,1980,3201,90.0,43.0,50.0
1784083151.117373,527.843,1980,3201,90.0,43.0,50.0
1784083151.127373,526.425,1980,3201,90.0,43.0,50.0
1784083151.137367,526.425,1980,3201,90.0,43.0,50.0
1784083151.147372,526.425,1980,3201,90.0,43.0,50.0
1784083151.157372,526.425,1980,3201,90.0,43.0,50.0
1784083151.167374,526.425,1980,3201,90.0,43.0,50.0
1784083151.177377,526.425,1980,3201,90.0,43.0,50.0
1784083151.187373,526.425,1980,3201,90.0,43.0,50.0
1784083151.197373,526.425,1980,3201,90.0,43.0,50.0
1784083151.207376,526.425,1980,3201,90.0,43.0,50.0
1784083151.217379,526.425,1980,3201,90.0,43.0,50.0
1784083151.227377,524.542,1980,3201,90.0,42.0,50.0
1784083151.237366,524.542,1980,3201,90.0,42.0,50.0
1784083151.247366,524.542,1980,3201,90.0,42.0,50.0
1784083151.257366,524.542,1980,3201,90.0,42.0,50.0
1784083151.267365,524.542,1980,3201,90.0,42.0,50.0
1784083151.277365,524.542,1980,3201,90.0,42.0,50.0
1784083151.287365,524.542,1980,3201,90.0,42.0,50.0
1784083151.297589,524.542,1980,3201,90.0,42.0,50.0
1784083151.307366,524.542,1980,3201,90.0,42.0,50.0
1784083151.317547,524.542,1980,3201,90.0,42.0,50.0
1784083151.327736,522.698,1980,3201,90.0,42.0,51.0
1784083151.337367,522.698,1980,3201,90.0,42.0,51.0
1784083151.347399,522.698,1980,3201,90.0,42.0,51.0
1784083151.357424,522.698,1980,3201,90.0,42.0,51.0
1784083151.367373,522.698,1980,3201,90.0,42.0,51.0
1784083151.377381,522.698,1980,3201,90.0,42.0,51.0
1784083151.387373,522.698,1980,3201,90.0,42.0,51.0
1784083151.397373,522.698,1980,3201,90.0,42.0,51.0
1784083151.407393,522.698,1980,3201,90.0,42.0,51.0
1784083151.417373,522.698,1980,3201,90.0,42.0,51.0
1784083151.427373,522.036,1980,3201,90.0,42.0,51.0
1784083151.437376,522.036,1980,3201,90.0,42.0,51.0
1784083151.447373,522.036,1980,3201,90.0,42.0,51.0
1784083151.457374,522.036,1980,3201,90.0,42.0,51.0
1784083151.467373,522.036,1980,3201,90.0,42.0,51.0
1784083151.477373,522.036,1980,3201,90.0,42.0,51.0
1784083151.487373,522.036,1980,3201,90.0,42.0,51.0
1784083151.497373,522.036,1980,3201,90.0,42.0,51.0
1784083151.507374,522.036,1980,3201,90.0,42.0,51.0
1784083151.517373,522.036,1980,3201,90.0,42.0,51.0
1784083151.527373,523.377,1980,3201,90.0,42.0,50.0
1784083151.537373,523.377,1980,3201,90.0,42.0,50.0
1784083151.547373,523.377,1980,3201,90.0,42.0,50.0
1784083151.557374,523.377,1980,3201,90.0,42.0,50.0
1784083151.567376,523.377,1980,3201,90.0,42.0,50.0
1784083151.577374,523.377,1980,3201,90.0,42.0,50.0
1784083151.587378,523.377,1980,3201,90.0,42.0,50.0
1784083151.597378,523.377,1980,3201,90.0,42.0,50.0
1784083151.607379,523.377,1980,3201,90.0,42.0,50.0
1784083151.617381,523.377,1980,3201,90.0,42.0,50.0
1784083151.627373,524.904,1980,3201,89.0,42.0,50.0
1784083151.637377,524.904,1980,3201,89.0,42.0,50.0
1784083151.647372,524.904,1980,3201,89.0,42.0,50.0
1784083151.657372,524.904,1980,3201,89.0,42.0,50.0
1784083151.667406,524.904,1980,3201,89.0,42.0,50.0
1784083151.677373,524.904,1980,3201,89.0,42.0,50.0
1784083151.687368,524.904,1980,3201,89.0,42.0,50.0
1784083151.697368,524.904,1980,3201,89.0,42.0,50.0
1784083151.707369,524.904,1980,3201,89.0,42.0,50.0
1784083151.717370,524.904,1980,3201,89.0,42.0,50.0
1784083151.727370,552.745,1980,3201,89.0,42.0,51.0
1784083151.737370,552.745,1980,3201,89.0,42.0,51.0
1784083151.747370,552.745,1980,3201,89.0,42.0,51.0
1784083151.757369,552.745,1980,3201,89.0,42.0,51.0
1784083151.767369,552.745,1980,3201,89.0,42.0,51.0
1784083151.777373,552.745,1980,3201,89.0,42.0,51.0
1784083151.787371,552.745,1980,3201,89.0,42.0,51.0
1784083151.797371,552.745,1980,3201,89.0,42.0,51.0
1784083151.807369,552.745,1980,3201,89.0,42.0,51.0
1784083151.817380,552.745,1980,3201,89.0,42.0,51.0
1784083151.827370,562.422,1980,3201,90.0,42.0,51.0
1784083151.837370,562.422,1980,3201,90.0,42.0,51.0
1784083151.847372,562.422,1980,3201,90.0,42.0,51.0
1784083151.857371,562.422,1980,3201,90.0,42.0,51.0
1784083151.867371,562.422,1980,3201,90.0,42.0,51.0
1784083151.877375,562.422,1980,3201,90.0,42.0,51.0
1784083151.887371,562.422,1980,3201,90.0,42.0,51.0
1784083151.897371,562.422,1980,3201,90.0,42.0,51.0
1784083151.907372,562.422,1980,3201,90.0,42.0,51.0
1784083151.917373,562.422,1980,3201,90.0,42.0,51.0
1784083151.927372,561.335,1980,3201,90.0,42.0,51.0
1784083151.937372,561.335,1980,3201,90.0,42.0,51.0
1784083151.947375,561.335,1980,3201,90.0,42.0,51.0
1784083151.957374,561.335,1980,3201,90.0,42.0,51.0
1784083151.967364,561.335,1980,3201,90.0,42.0,51.0
1784083151.977366,561.335,1980,3201,90.0,42.0,51.0
1784083151.987360,561.335,1980,3201,90.0,42.0,51.0
1784083151.997371,561.335,1980,3201,90.0,42.0,51.0
1784083152.007615,561.335,1980,3201,90.0,42.0,51.0
1784083152.017632,561.335,1980,3201,90.0,42.0,51.0
1784083152.027374,559.311,1980,3201,90.0,42.0,51.0
1784083152.037372,559.311,1980,3201,90.0,42.0,51.0
1784083152.047807,559.311,1980,3201,90.0,42.0,51.0
1784083152.057368,559.311,1980,3201,90.0,42.0,51.0
1784083152.067363,559.311,1980,3201,90.0,42.0,51.0
1784083152.077364,559.311,1980,3201,90.0,42.0,51.0
1784083152.087364,559.311,1980,3201,90.0,42.0,51.0
1784083152.097367,559.311,1980,3201,90.0,42.0,51.0
1784083152.107368,559.311,1980,3201,90.0,42.0,51.0
1784083152.117368,559.311,1980,3201,90.0,42.0,51.0
1784083152.127369,530.901,1980,3201,90.0,42.0,45.0
1784083152.137365,530.901,1980,3201,90.0,42.0,45.0
1784083152.147364,530.901,1980,3201,90.0,42.0,45.0
1784083152.157368,530.901,1980,3201,90.0,42.0,45.0
1784083152.167369,530.901,1980,3201,90.0,42.0,45.0
1784083152.177369,530.901,1980,3201,90.0,42.0,45.0
1784083152.187370,530.901,1980,3201,90.0,42.0,45.0
1784083152.197369,530.901,1980,3201,90.0,42.0,45.0
1784083152.207371,530.901,1980,3201,90.0,42.0,45.0
1784083152.217395,530.901,1980,3201,90.0,42.0,45.0
1784083152.227369,527.762,1980,3201,59.0,27.0,50.0
1784083152.237369,527.762,1980,3201,59.0,27.0,50.0
1784083152.247369,527.762,1980,3201,59.0,27.0,50.0
1784083152.257369,527.762,1980,3201,59.0,27.0,50.0
1784083152.267369,527.762,1980,3201,59.0,27.0,50.0
1784083152.277369,527.762,1980,3201,59.0,27.0,50.0
1784083152.287370,527.762,1980,3201,59.0,27.0,50.0
1784083152.297370,527.762,1980,3201,59.0,27.0,50.0
1784083152.307372,527.762,1980,3201,59.0,27.0,50.0
1784083152.317370,527.762,1980,3201,59.0,27.0,50.0
1784083152.327371,531.259,1980,3201,59.0,27.0,50.0
1784083152.337416,531.259,1980,3201,59.0,27.0,50.0
1784083152.347370,531.259,1980,3201,59.0,27.0,50.0
1784083152.357371,531.259,1980,3201,59.0,27.0,50.0
1784083152.367371,531.259,1980,3201,59.0,27.0,50.0
1784083152.377372,531.259,1980,3201,59.0,27.0,50.0
1784083152.387366,531.259,1980,3201,59.0,27.0,50.0
1784083152.397370,531.259,1980,3201,59.0,27.0,50.0
1784083152.407370,531.259,1980,3201,59.0,27.0,50.0
1784083152.417369,531.259,1980,3201,59.0,27.0,50.0
1784083152.427365,532.489,1980,3201,90.0,42.0,50.0
1784083152.437368,532.489,1980,3201,90.0,42.0,50.0
1784083152.447366,532.489,1980,3201,90.0,42.0,50.0
1784083152.457358,532.489,1980,3201,90.0,42.0,50.0
1784083152.467368,532.489,1980,3201,90.0,42.0,50.0
1784083152.477368,532.489,1980,3201,90.0,42.0,50.0
1784083152.487367,532.489,1980,3201,90.0,42.0,50.0
1784083152.497368,532.489,1980,3201,90.0,42.0,50.0
1784083152.507365,532.489,1980,3201,90.0,42.0,50.0
1784083152.517366,532.489,1980,3201,90.0,42.0,50.0
1784083152.527370,531.429,1980,3201,90.0,42.0,51.0
1784083152.537370,531.429,1980,3201,90.0,42.0,51.0
1784083152.547371,531.429,1980,3201,90.0,42.0,51.0
1784083152.557371,531.429,1980,3201,90.0,42.0,51.0
1784083152.567371,531.429,1980,3201,90.0,42.0,51.0
1784083152.577371,531.429,1980,3201,90.0,42.0,51.0
1784083152.587378,531.429,1980,3201,90.0,42.0,51.0
1784083152.597370,531.429,1980,3201,90.0,42.0,51.0
1784083152.607371,531.429,1980,3201,90.0,42.0,51.0
1784083152.617371,531.429,1980,3201,90.0,42.0,51.0
1784083152.627371,532.511,1980,3201,91.0,43.0,51.0
1784083152.637372,532.511,1980,3201,91.0,43.0,51.0
1784083152.647374,532.511,1980,3201,91.0,43.0,51.0
1784083152.657373,532.511,1980,3201,91.0,43.0,51.0
1784083152.667372,532.511,1980,3201,91.0,43.0,51.0
1784083152.677372,532.511,1980,3201,91.0,43.0,51.0
1784083152.687373,532.511,1980,3201,91.0,43.0,51.0
1784083152.697426,532.511,1980,3201,91.0,43.0,51.0
1784083152.707372,532.511,1980,3201,91.0,43.0,51.0
1784083152.717373,532.511,1980,3201,91.0,43.0,51.0
1784083152.727372,531.815,1980,3201,91.0,43.0,51.0
1784083152.737376,531.815,1980,3201,91.0,43.0,51.0
1784083152.747373,531.815,1980,3201,91.0,43.0,51.0
1784083152.757372,531.815,1980,3201,91.0,43.0,51.0
1784083152.767373,531.815,1980,3201,91.0,43.0,51.0
1784083152.777377,531.815,1980,3201,91.0,43.0,51.0
1784083152.787379,531.815,1980,3201,91.0,43.0,51.0
1784083152.797379,531.815,1980,3201,91.0,43.0,51.0
1784083152.807372,531.815,1980,3201,91.0,43.0,51.0
1784083152.817370,531.815,1980,3201,91.0,43.0,51.0
1784083152.827362,530.645,1980,3201,90.0,42.0,51.0
1784083152.837365,530.645,1980,3201,90.0,42.0,51.0
1784083152.847366,530.645,1980,3201,90.0,42.0,51.0
1784083152.857365,530.645,1980,3201,90.0,42.0,51.0
1784083152.867364,530.645,1980,3201,90.0,42.0,51.0
1784083152.877374,530.645,1980,3201,90.0,42.0,51.0
1784083152.887365,530.645,1980,3201,90.0,42.0,51.0
1784083152.897364,530.645,1980,3201,90.0,42.0,51.0
1784083152.907365,530.645,1980,3201,90.0,42.0,51.0
1784083152.917365,530.645,1980,3201,90.0,42.0,51.0
1784083152.927612,530.267,1980,3201,90.0,42.0,51.0
1784083152.937545,530.267,1980,3201,90.0,42.0,51.0
1784083152.947366,530.267,1980,3201,90.0,42.0,51.0
1784083152.957372,530.267,1980,3201,90.0,42.0,51.0
1784083152.967924,530.267,1980,3201,90.0,42.0,51.0
1784083152.977385,530.267,1980,3201,90.0,42.0,51.0
1784083152.987373,530.267,1980,3201,90.0,42.0,51.0
1784083152.997374,530.267,1980,3201,90.0,42.0,51.0
1784083153.007374,530.267,1980,3201,90.0,42.0,51.0
1784083153.017374,530.267,1980,3201,90.0,42.0,51.0
1784083153.027374,529.430,1980,3201,90.0,42.0,51.0
1784083153.037376,529.430,1980,3201,90.0,42.0,51.0
1784083153.047375,529.430,1980,3201,90.0,42.0,51.0
1784083153.057375,529.430,1980,3201,90.0,42.0,51.0
1784083153.067423,529.430,1980,3201,90.0,42.0,51.0
1784083153.077377,529.430,1980,3201,90.0,42.0,51.0
1784083153.087377,529.430,1980,3201,90.0,42.0,51.0
1784083153.097376,529.430,1980,3201,90.0,42.0,51.0
1784083153.107420,529.430,1980,3201,90.0,42.0,51.0
1784083153.117377,529.430,1980,3201,90.0,42.0,51.0
1784083153.127378,551.205,1980,3201,90.0,42.0,51.0
1784083153.137375,551.205,1980,3201,90.0,42.0,51.0
1784083153.147375,551.205,1980,3201,90.0,42.0,51.0
1784083153.157376,551.205,1980,3201,90.0,42.0,51.0
1784083153.167376,551.205,1980,3201,90.0,42.0,51.0
1784083153.177379,551.205,1980,3201,90.0,42.0,51.0
1784083153.187376,551.205,1980,3201,90.0,42.0,51.0
1784083153.197375,551.205,1980,3201,90.0,42.0,51.0
1784083153.207374,551.205,1980,3201,90.0,42.0,51.0
1784083153.217376,551.205,1980,3201,90.0,42.0,51.0
1784083153.227378,563.504,1980,3201,89.0,42.0,51.0
1784083153.237376,563.504,1980,3201,89.0,42.0,51.0
1784083153.247370,563.504,1980,3201,89.0,42.0,51.0
1784083153.257369,563.504,1980,3201,89.0,42.0,51.0
1784083153.267369,563.504,1980,3201,89.0,42.0,51.0
1784083153.277369,563.504,1980,3201,89.0,42.0,51.0
1784083153.287370,563.504,1980,3201,89.0,42.0,51.0
1784083153.297370,563.504,1980,3201,89.0,42.0,51.0
1784083153.307370,563.504,1980,3201,89.0,42.0,51.0
1784083153.317371,563.504,1980,3201,89.0,42.0,51.0
1784083153.327385,562.076,1980,3201,89.0,42.0,51.0
1784083153.337370,562.076,1980,3201,89.0,42.0,51.0
1784083153.347370,562.076,1980,3201,89.0,42.0,51.0
1784083153.357370,562.076,1980,3201,89.0,42.0,51.0
1784083153.367372,562.076,1980,3201,89.0,42.0,51.0
1784083153.377371,562.076,1980,3201,89.0,42.0,51.0
1784083153.387370,562.076,1980,3201,89.0,42.0,51.0
1784083153.397371,562.076,1980,3201,89.0,42.0,51.0
1784083153.407360,562.076,1980,3201,89.0,42.0,51.0
1784083153.417360,562.076,1980,3201,89.0,42.0,51.0
1784083153.427387,561.067,1980,3201,90.0,43.0,51.0
1784083153.437668,561.067,1980,3201,90.0,43.0,51.0
1784083153.447365,561.067,1980,3201,90.0,43.0,51.0
1784083153.457366,561.067,1980,3201,90.0,43.0,51.0
1784083153.467366,561.067,1980,3201,90.0,43.0,51.0
1784083153.477366,561.067,1980,3201,90.0,43.0,51.0
1784083153.487365,561.067,1980,3201,90.0,43.0,51.0
1784083153.497365,561.067,1980,3201,90.0,43.0,51.0
1784083153.507366,561.067,1980,3201,90.0,43.0,51.0
1784083153.517364,561.067,1980,3201,90.0,43.0,51.0
1784083153.527363,528.067,1980,3201,90.0,43.0,45.0
1784083153.537357,528.067,1980,3201,90.0,43.0,45.0
1784083153.547358,528.067,1980,3201,90.0,43.0,45.0
1784083153.557362,528.067,1980,3201,90.0,43.0,45.0
1784083153.567364,528.067,1980,3201,90.0,43.0,45.0
1784083153.577363,528.067,1980,3201,90.0,43.0,45.0
1784083153.587363,528.067,1980,3201,90.0,43.0,45.0
1784083153.597366,528.067,1980,3201,90.0,43.0,45.0
1784083153.607460,528.067,1980,3201,90.0,43.0,45.0
1784083153.617374,528.067,1980,3201,90.0,43.0,45.0
1784083153.627371,521.075,1980,3201,59.0,27.0,50.0
1784083153.637372,521.075,1980,3201,59.0,27.0,50.0
1784083153.647369,521.075,1980,3201,59.0,27.0,50.0
1784083153.657368,521.075,1980,3201,59.0,27.0,50.0
1784083153.667370,521.075,1980,3201,59.0,27.0,50.0
1784083153.677388,521.075,1980,3201,59.0,27.0,50.0
1784083153.687370,521.075,1980,3201,59.0,27.0,50.0
1784083153.697369,521.075,1980,3201,59.0,27.0,50.0
1784083153.707370,521.075,1980,3201,59.0,27.0,50.0
1784083153.717374,521.075,1980,3201,59.0,27.0,50.0
1784083153.727369,523.602,1980,3201,59.0,27.0,50.0
1784083153.737369,523.602,1980,3201,59.0,27.0,50.0
1784083153.747376,523.602,1980,3201,59.0,27.0,50.0
1784083153.757371,523.602,1980,3201,59.0,27.0,50.0
1784083153.767369,523.602,1980,3201,59.0,27.0,50.0
1784083153.777369,523.602,1980,3201,59.0,27.0,50.0
1784083153.787370,523.602,1980,3201,59.0,27.0,50.0
1784083153.797369,523.602,1980,3201,59.0,27.0,50.0
1784083153.807371,523.602,1980,3201,59.0,27.0,50.0
1784083153.817370,523.602,1980,3201,59.0,27.0,50.0
1784083153.827400,525.404,1980,3201,90.0,42.0,51.0
1784083153.837370,525.404,1980,3201,90.0,42.0,51.0
1784083153.847370,525.404,1980,3201,90.0,42.0,51.0
1784083153.857370,525.404,1980,3201,90.0,42.0,51.0
1784083153.867371,525.404,1980,3201,90.0,42.0,51.0
1784083153.877371,525.404,1980,3201,90.0,42.0,51.0
1784083153.887370,525.404,1980,3201,90.0,42.0,51.0
1784083153.897410,525.404,1980,3201,90.0,42.0,51.0
1784083153.907370,525.404,1980,3201,90.0,42.0,51.0
1784083153.917374,525.404,1980,3201,90.0,42.0,51.0
1784083153.927372,527.326,1980,3201,90.0,42.0,51.0
1784083153.937371,527.326,1980,3201,90.0,42.0,51.0
1784083153.947374,527.326,1980,3201,90.0,42.0,51.0
1784083153.957377,527.326,1980,3201,90.0,42.0,51.0
1784083153.967371,527.326,1980,3201,90.0,42.0,51.0
1784083153.977369,527.326,1980,3201,90.0,42.0,51.0
1784083153.987386,527.326,1980,3201,90.0,42.0,51.0
1784083153.997370,527.326,1980,3201,90.0,42.0,51.0
1784083154.007371,527.326,1980,3201,90.0,42.0,51.0
1784083154.017370,527.326,1980,3201,90.0,42.0,51.0
1784083154.027433,529.807,1980,3201,91.0,43.0,51.0
1784083154.037367,529.807,1980,3201,91.0,43.0,51.0
1784083154.047369,529.807,1980,3201,91.0,43.0,51.0
1784083154.057368,529.807,1980,3201,91.0,43.0,51.0
1784083154.067370,529.807,1980,3201,91.0,43.0,51.0
1784083154.077369,529.807,1980,3201,91.0,43.0,51.0
1784083154.087369,529.807,1980,3201,91.0,43.0,51.0
1784083154.097372,529.807,1980,3201,91.0,43.0,51.0
1784083154.107370,529.807,1980,3201,91.0,43.0,51.0
1784083154.117370,529.807,1980,3201,91.0,43.0,51.0
1784083154.127370,528.293,1980,3201,91.0,43.0,51.0
1784083154.137370,528.293,1980,3201,91.0,43.0,51.0
1784083154.147371,528.293,1980,3201,91.0,43.0,51.0
1784083154.157370,528.293,1980,3201,91.0,43.0,51.0
1784083154.167371,528.293,1980,3201,91.0,43.0,51.0
1784083154.177372,528.293,1980,3201,91.0,43.0,51.0
1784083154.187371,528.293,1980,3201,91.0,43.0,51.0
1784083154.197371,528.293,1980,3201,91.0,43.0,51.0
1784083154.207378,528.293,1980,3201,91.0,43.0,51.0
1784083154.217371,528.293,1980,3201,91.0,43.0,51.0
1784083154.227371,527.084,1980,3201,90.0,42.0,51.0
1784083154.237366,527.084,1980,3201,90.0,42.0,51.0
1784083154.247366,527.084,1980,3201,90.0,42.0,51.0
1784083154.257366,527.084,1980,3201,90.0,42.0,51.0
1784083154.267365,527.084,1980,3201,90.0,42.0,51.0
1784083154.277367,527.084,1980,3201,90.0,42.0,51.0
1784083154.287365,527.084,1980,3201,90.0,42.0,51.0
1784083154.297367,527.084,1980,3201,90.0,42.0,51.0
1784083154.307544,527.084,1980,3201,90.0,42.0,51.0
1784083154.317729,527.084,1980,3201,90.0,42.0,51.0
1784083154.327362,525.435,1980,3201,90.0,42.0,51.0
1784083154.337375,525.435,1980,3201,90.0,42.0,51.0
1784083154.347419,525.435,1980,3201,90.0,42.0,51.0
1784083154.357372,525.435,1980,3201,90.0,42.0,51.0
1784083154.367424,525.435,1980,3201,90.0,42.0,51.0
1784083154.377369,525.435,1980,3201,90.0,42.0,51.0
1784083154.387370,525.435,1980,3201,90.0,42.0,51.0
1784083154.397370,525.435,1980,3201,90.0,42.0,51.0
1784083154.407373,525.435,1980,3201,90.0,42.0,51.0
1784083154.417373,525.435,1980,3201,90.0,42.0,51.0
1784083154.427368,525.058,1980,3201,90.0,42.0,51.0
1784083154.437368,525.058,1980,3201,90.0,42.0,51.0
1784083154.447369,525.058,1980,3201,90.0,42.0,51.0
1784083154.457370,525.058,1980,3201,90.0,42.0,51.0
1784083154.467370,525.058,1980,3201,90.0,42.0,51.0
1784083154.477369,525.058,1980,3201,90.0,42.0,51.0
1784083154.487372,525.058,1980,3201,90.0,42.0,51.0
1784083154.497370,525.058,1980,3201,90.0,42.0,51.0
1784083154.507370,525.058,1980,3201,90.0,42.0,51.0
1784083154.517385,525.058,1980,3201,90.0,42.0,51.0
1784083154.527370,560.622,1980,3201,90.0,42.0,51.0
1784083154.537370,560.622,1980,3201,90.0,42.0,51.0
1784083154.547370,560.622,1980,3201,90.0,42.0,51.0
1784083154.557370,560.622,1980,3201,90.0,42.0,51.0
1784083154.567370,560.622,1980,3201,90.0,42.0,51.0
1784083154.577410,560.622,1980,3201,90.0,42.0,51.0
1784083154.587370,560.622,1980,3201,90.0,42.0,51.0
1784083154.597370,560.622,1980,3201,90.0,42.0,51.0
1784083154.607373,560.622,1980,3201,90.0,42.0,51.0
1784083154.617371,560.622,1980,3201,90.0,42.0,51.0
1784083154.627371,567.020,1980,3201,90.0,42.0,51.0
1784083154.637371,567.020,1980,3201,90.0,42.0,51.0
1784083154.647371,567.020,1980,3201,90.0,42.0,51.0
1784083154.657371,567.020,1980,3201,90.0,42.0,51.0
1784083154.667371,567.020,1980,3201,90.0,42.0,51.0
1784083154.677372,567.020,1980,3201,90.0,42.0,51.0
1784083154.687374,567.020,1980,3201,90.0,42.0,51.0
1784083154.697374,567.020,1980,3201,90.0,42.0,51.0
1784083154.707373,567.020,1980,3201,90.0,42.0,51.0
1784083154.717370,567.020,1980,3201,90.0,42.0,51.0
1784083154.727375,565.413,1980,3201,90.0,42.0,51.0
1784083154.737376,565.413,1980,3201,90.0,42.0,51.0
1784083154.747371,565.413,1980,3201,90.0,42.0,51.0
1784083154.757369,565.413,1980,3201,90.0,42.0,51.0
1784083154.767369,565.413,1980,3201,90.0,42.0,51.0
1784083154.777373,565.413,1980,3201,90.0,42.0,51.0
1784083154.787371,565.413,1980,3201,90.0,42.0,51.0
1784083154.797376,565.413,1980,3201,90.0,42.0,51.0
1784083154.807370,565.413,1980,3201,90.0,42.0,51.0
1784083154.817372,565.413,1980,3201,90.0,42.0,51.0
1784083154.827369,563.248,1980,3201,90.0,42.0,52.0
1784083154.837370,563.248,1980,3201,90.0,42.0,52.0
1784083154.847366,563.248,1980,3201,90.0,42.0,52.0
1784083154.857363,563.248,1980,3201,90.0,42.0,52.0
1784083154.867363,563.248,1980,3201,90.0,42.0,52.0
1784083154.877363,563.248,1980,3201,90.0,42.0,52.0
1784083154.887369,563.248,1980,3201,90.0,42.0,52.0
1784083154.897403,563.248,1980,3201,90.0,42.0,52.0
1784083154.907370,563.248,1980,3201,90.0,42.0,52.0
1784083154.917370,563.248,1980,3201,90.0,42.0,52.0
1784083154.927370,530.900,1980,3201,90.0,42.0,48.0
1784083154.937371,530.900,1980,3201,90.0,42.0,48.0
1784083154.947371,530.900,1980,3201,90.0,42.0,48.0
1784083154.957366,530.900,1980,3201,90.0,42.0,48.0
1784083154.967382,530.900,1980,3201,90.0,42.0,48.0
1784083154.977371,530.900,1980,3201,90.0,42.0,48.0
1784083154.987372,530.900,1980,3201,90.0,42.0,48.0
1784083154.997372,530.900,1980,3201,90.0,42.0,48.0
1784083155.007372,530.900,1980,3201,90.0,42.0,48.0
1784083155.017372,530.900,1980,3201,90.0,42.0,48.0
1784083155.027373,526.182,1980,3201,65.0,28.0,50.0
1784083155.037367,526.182,1980,3201,65.0,28.0,50.0
1784083155.047387,526.182,1980,3201,65.0,28.0,50.0
1784083155.057374,526.182,1980,3201,65.0,28.0,50.0
1784083155.067398,526.182,1980,3201,65.0,28.0,50.0
1784083155.077451,526.182,1980,3201,65.0,28.0,50.0
1784083155.087373,526.182,1980,3201,65.0,28.0,50.0
1784083155.097418,526.182,1980,3201,65.0,28.0,50.0
1784083155.107374,526.182,1980,3201,65.0,28.0,50.0
1784083155.117399,526.182,1980,3201,65.0,28.0,50.0
1784083155.127377,528.082,1980,3201,65.0,28.0,51.0
1784083155.137371,528.082,1980,3201,65.0,28.0,51.0
1784083155.147374,528.082,1980,3201,65.0,28.0,51.0
1784083155.157373,528.082,1980,3201,65.0,28.0,51.0
1784083155.167374,528.082,1980,3201,65.0,28.0,51.0
1784083155.177375,528.082,1980,3201,65.0,28.0,51.0
1784083155.187374,528.082,1980,3201,65.0,28.0,51.0
1784083155.197374,528.082,1980,3201,65.0,28.0,51.0
1784083155.207373,528.082,1980,3201,65.0,28.0,51.0
1784083155.217375,528.082,1980,3201,65.0,28.0,51.0
1784083155.227373,529.158,1980,3201,89.0,42.0,51.0
1784083155.237368,529.158,1980,3201,89.0,42.0,51.0
1784083155.247376,529.158,1980,3201,89.0,42.0,51.0
1784083155.257375,529.158,1980,3201,89.0,42.0,51.0
1784083155.267376,529.158,1980,3201,89.0,42.0,51.0
1784083155.277375,529.158,1980,3201,89.0,42.0,51.0
1784083155.287375,529.158,1980,3201,89.0,42.0,51.0
1784083155.297375,529.158,1980,3201,89.0,42.0,51.0
1784083155.307376,529.158,1980,3201,89.0,42.0,51.0
1784083155.317375,529.158,1980,3201,89.0,42.0,51.0
1784083155.327375,529.982,1980,3201,89.0,42.0,51.0
1784083155.337368,529.982,1980,3201,89.0,42.0,51.0
1784083155.347376,529.982,1980,3201,89.0,42.0,51.0
1784083155.357377,529.982,1980,3201,89.0,42.0,51.0
1784083155.367381,529.982,1980,3201,89.0,42.0,51.0
1784083155.377376,529.982,1980,3201,89.0,42.0,51.0
1784083155.387375,529.982,1980,3201,89.0,42.0,51.0
1784083155.397375,529.982,1980,3201,89.0,42.0,51.0
1784083155.407418,529.982,1980,3201,89.0,42.0,51.0
1784083155.417615,529.982,1980,3201,89.0,42.0,51.0
1784083155.427608,529.204,1980,3201,89.0,42.0,52.0
1784083155.437737,529.204,1980,3201,89.0,42.0,52.0
1784083155.447374,529.204,1980,3201,89.0,42.0,52.0
1784083155.457376,529.204,1980,3201,89.0,42.0,52.0
1784083155.467377,529.204,1980,3201,89.0,42.0,52.0
1784083155.477381,529.204,1980,3201,89.0,42.0,52.0
1784083155.487375,529.204,1980,3201,89.0,42.0,52.0
1784083155.497374,529.204,1980,3201,89.0,42.0,52.0
1784083155.507388,529.204,1980,3201,89.0,42.0,52.0
1784083155.517380,529.204,1980,3201,89.0,42.0,52.0
1784083155.527376,526.173,1980,3201,89.0,42.0,51.0
1784083155.537366,526.173,1980,3201,89.0,42.0,51.0
1784083155.547374,526.173,1980,3201,89.0,42.0,51.0
1784083155.557375,526.173,1980,3201,89.0,42.0,51.0
1784083155.567376,526.173,1980,3201,89.0,42.0,51.0
1784083155.577375,526.173,1980,3201,89.0,42.0,51.0
1784083155.587375,526.173,1980,3201,89.0,42.0,51.0
1784083155.597370,526.173,1980,3201,89.0,42.0,51.0
1784083155.607404,526.173,1980,3201,89.0,42.0,51.0
1784083155.617368,526.173,1980,3201,89.0,42.0,51.0
1784083155.627368,527.143,1980,3201,89.0,42.0,51.0
1784083155.637363,527.143,1980,3201,89.0,42.0,51.0
1784083155.647370,527.143,1980,3201,89.0,42.0,51.0
1784083155.657369,527.143,1980,3201,89.0,42.0,51.0
1784083155.667369,527.143,1980,3201,89.0,42.0,51.0
1784083155.677369,527.143,1980,3201,89.0,42.0,51.0
1784083155.687369,527.143,1980,3201,89.0,42.0,51.0
1784083155.697369,527.143,1980,3201,89.0,42.0,51.0
1784083155.707369,527.143,1980,3201,89.0,42.0,51.0
1784083155.717370,527.143,1980,3201,89.0,42.0,51.0
1784083155.727369,528.594,1980,3201,89.0,42.0,52.0
1784083155.737364,528.594,1980,3201,89.0,42.0,52.0
1784083155.747369,528.594,1980,3201,89.0,42.0,52.0
1784083155.757370,528.594,1980,3201,89.0,42.0,52.0
1784083155.767401,528.594,1980,3201,89.0,42.0,52.0
1784083155.777375,528.594,1980,3201,89.0,42.0,52.0
1784083155.787369,528.594,1980,3201,89.0,42.0,52.0
1784083155.797370,528.594,1980,3201,89.0,42.0,52.0
1784083155.807377,528.594,1980,3201,89.0,42.0,52.0
1784083155.817370,528.594,1980,3201,89.0,42.0,52.0
1784083155.827370,530.862,1980,3201,90.0,43.0,52.0
1784083155.837364,530.862,1980,3201,90.0,43.0,52.0
1784083155.847369,530.862,1980,3201,90.0,43.0,52.0
1784083155.857371,530.862,1980,3201,90.0,43.0,52.0
1784083155.867396,530.862,1980,3201,90.0,43.0,52.0
1784083155.877371,530.862,1980,3201,90.0,43.0,52.0
1784083155.887371,530.862,1980,3201,90.0,43.0,52.0
1784083155.897378,530.862,1980,3201,90.0,43.0,52.0
1784083155.907377,530.862,1980,3201,90.0,43.0,52.0
1784083155.917374,530.862,1980,3201,90.0,43.0,52.0
1784083155.927371,563.164,1980,3201,90.0,43.0,52.0
1784083155.937364,563.164,1980,3201,90.0,43.0,52.0
1784083155.947371,563.164,1980,3201,90.0,43.0,52.0
1784083155.957390,563.164,1980,3201,90.0,43.0,52.0
1784083155.967370,563.164,1980,3201,90.0,43.0,52.0
1784083155.977368,563.164,1980,3201,90.0,43.0,52.0
1784083155.987371,563.164,1980,3201,90.0,43.0,52.0
1784083155.997369,563.164,1980,3201,90.0,43.0,52.0
1784083156.007370,563.164,1980,3201,90.0,43.0,52.0
1784083156.017370,563.164,1980,3201,90.0,43.0,52.0
1784083156.027371,567.813,1980,3201,90.0,43.0,52.0
1784083156.037364,567.813,1980,3201,90.0,43.0,52.0
1784083156.047370,567.813,1980,3201,90.0,43.0,52.0
1784083156.057392,567.813,1980,3201,90.0,43.0,52.0
1784083156.067370,567.813,1980,3201,90.0,43.0,52.0
1784083156.077371,567.813,1980,3201,90.0,43.0,52.0
1784083156.087371,567.813,1980,3201,90.0,43.0,52.0
1784083156.097371,567.813,1980,3201,90.0,43.0,52.0
1784083156.107371,567.813,1980,3201,90.0,43.0,52.0
1784083156.117372,567.813,1980,3201,90.0,43.0,52.0
1784083156.127372,565.413,1980,3201,90.0,43.0,52.0
1784083156.137365,565.413,1980,3201,90.0,43.0,52.0
1784083156.147371,565.413,1980,3201,90.0,43.0,52.0
1784083156.157371,565.413,1980,3201,90.0,43.0,52.0
1784083156.167371,565.413,1980,3201,90.0,43.0,52.0
1784083156.177365,565.413,1980,3201,90.0,43.0,52.0
1784083156.187365,565.413,1980,3201,90.0,43.0,52.0
1784083156.197365,565.413,1980,3201,90.0,43.0,52.0
1784083156.207906,565.413,1980,3201,90.0,43.0,52.0
1784083156.217372,565.413,1980,3201,90.0,43.0,52.0
1784083156.227368,563.992,1980,3201,90.0,43.0,51.0
1784083156.237360,563.992,1980,3201,90.0,43.0,51.0
1784083156.247365,563.992,1980,3201,90.0,43.0,51.0
1784083156.257365,563.992,1980,3201,90.0,43.0,51.0
1784083156.267367,563.992,1980,3201,90.0,43.0,51.0
1784083156.277369,563.992,1980,3201,90.0,43.0,51.0
1784083156.287374,563.992,1980,3201,90.0,43.0,51.0
1784083156.297370,563.992,1980,3201,90.0,43.0,51.0
1784083156.307370,563.992,1980,3201,90.0,43.0,51.0
1784083156.317370,563.992,1980,3201,90.0,43.0,51.0
1784083156.327369,529.162,1980,3201,90.0,43.0,45.0
1784083156.337365,529.162,1980,3201,90.0,43.0,45.0
1784083156.347369,529.162,1980,3201,90.0,43.0,45.0
1784083156.357373,529.162,1980,3201,90.0,43.0,45.0
1784083156.367368,529.162,1980,3201,90.0,43.0,45.0
1784083156.377364,529.162,1980,3201,90.0,43.0,45.0
1784083156.387364,529.162,1980,3201,90.0,43.0,45.0
1784083156.397364,529.162,1980,3201,90.0,43.0,45.0
1784083156.407364,529.162,1980,3201,90.0,43.0,45.0
1784083156.417365,529.162,1980,3201,90.0,43.0,45.0
1784083156.427364,527.696,1980,3201,65.0,30.0,50.0
1784083156.437365,527.696,1980,3201,65.0,30.0,50.0
1784083156.447365,527.696,1980,3201,65.0,30.0,50.0
1784083156.457365,527.696,1980,3201,65.0,30.0,50.0
1784083156.467364,527.696,1980,3201,65.0,30.0,50.0
1784083156.477365,527.696,1980,3201,65.0,30.0,50.0
1784083156.487365,527.696,1980,3201,65.0,30.0,50.0
1784083156.497365,527.696,1980,3201,65.0,30.0,50.0
1784083156.507365,527.696,1980,3201,65.0,30.0,50.0
1784083156.517365,527.696,1980,3201,65.0,30.0,50.0
1784083156.527364,529.323,1980,3201,65.0,30.0,51.0
1784083156.537365,529.323,1980,3201,65.0,30.0,51.0
1784083156.547365,529.323,1980,3201,65.0,30.0,51.0
1784083156.557365,529.323,1980,3201,65.0,30.0,51.0
1784083156.567424,529.323,1980,3201,65.0,30.0,51.0
1784083156.577366,529.323,1980,3201,65.0,30.0,51.0
1784083156.587366,529.323,1980,3201,65.0,30.0,51.0
1784083156.597366,529.323,1980,3201,65.0,30.0,51.0
1784083156.607366,529.323,1980,3201,65.0,30.0,51.0
1784083156.617365,529.323,1980,3201,65.0,30.0,51.0
1784083156.627366,526.330,1980,3201,90.0,42.0,52.0
1784083156.637366,526.330,1980,3201,90.0,42.0,52.0
1784083156.647367,526.330,1980,3201,90.0,42.0,52.0
1784083156.657366,526.330,1980,3201,90.0,42.0,52.0
1784083156.667366,526.330,1980,3201,90.0,42.0,52.0
1784083156.677439,526.330,1980,3201,90.0,42.0,52.0
1784083156.687374,526.330,1980,3201,90.0,42.0,52.0
1784083156.697370,526.330,1980,3201,90.0,42.0,52.0
1784083156.707371,526.330,1980,3201,90.0,42.0,52.0
1784083156.717365,526.330,1980,3201,90.0,42.0,52.0
1784083156.727365,525.145,1980,3201,90.0,42.0,52.0
1784083156.737366,525.145,1980,3201,90.0,42.0,52.0
1784083156.747363,525.145,1980,3201,90.0,42.0,52.0
1784083156.757363,525.145,1980,3201,90.0,42.0,52.0
1784083156.767363,525.145,1980,3201,90.0,42.0,52.0
1784083156.777364,525.145,1980,3201,90.0,42.0,52.0
1784083156.787364,525.145,1980,3201,90.0,42.0,52.0
1784083156.797364,525.145,1980,3201,90.0,42.0,52.0
1784083156.807543,525.145,1980,3201,90.0,42.0,52.0
1784083156.817603,525.145,1980,3201,90.0,42.0,52.0
1784083156.827628,522.168,1980,3201,90.0,42.0,52.0
1784083156.837375,522.168,1980,3201,90.0,42.0,52.0
1784083156.847369,522.168,1980,3201,90.0,42.0,52.0
1784083156.857382,522.168,1980,3201,90.0,42.0,52.0
1784083156.867417,522.168,1980,3201,90.0,42.0,52.0
1784083156.877422,522.168,1980,3201,90.0,42.0,52.0
1784083156.887371,522.168,1980,3201,90.0,42.0,52.0
1784083156.897373,522.168,1980,3201,90.0,42.0,52.0
1784083156.907374,522.168,1980,3201,90.0,42.0,52.0
1784083156.917372,522.168,1980,3201,90.0,42.0,52.0
1784083156.927372,521.077,1980,3201,90.0,42.0,52.0
1784083156.937373,521.077,1980,3201,90.0,42.0,52.0
1784083156.947374,521.077,1980,3201,90.0,42.0,52.0
1784083156.957376,521.077,1980,3201,90.0,42.0,52.0
1784083156.967373,521.077,1980,3201,90.0,42.0,52.0
1784083156.977373,521.077,1980,3201,90.0,42.0,52.0
1784083156.987375,521.077,1980,3201,90.0,42.0,52.0
1784083156.997374,521.077,1980,3201,90.0,42.0,52.0
1784083157.007382,521.077,1980,3201,90.0,42.0,52.0
1784083157.017375,521.077,1980,3201,90.0,42.0,52.0
1784083157.027375,521.676,1980,3201,89.0,42.0,52.0
1784083157.037420,521.676,1980,3201,89.0,42.0,52.0
1784083157.047375,521.676,1980,3201,89.0,42.0,52.0
1784083157.057381,521.676,1980,3201,89.0,42.0,52.0
1784083157.067379,521.676,1980,3201,89.0,42.0,52.0
1784083157.077376,521.676,1980,3201,89.0,42.0,52.0
1784083157.087373,521.676,1980,3201,89.0,42.0,52.0
1784083157.097373,521.676,1980,3201,89.0,42.0,52.0
1784083157.107373,521.676,1980,3201,89.0,42.0,52.0
1784083157.117382,521.676,1980,3201,89.0,42.0,52.0
1784083157.127373,522.639,1980,3201,89.0,42.0,52.0
1784083157.137372,522.639,1980,3201,89.0,42.0,52.0
1784083157.147369,522.639,1980,3201,89.0,42.0,52.0
1784083157.157368,522.639,1980,3201,89.0,42.0,52.0
1784083157.167369,522.639,1980,3201,89.0,42.0,52.0
1784083157.177383,522.639,1980,3201,89.0,42.0,52.0
1784083157.187370,522.639,1980,3201,89.0,42.0,52.0
1784083157.197371,522.639,1980,3201,89.0,42.0,52.0
1784083157.207369,522.639,1980,3201,89.0,42.0,52.0
1784083157.217370,522.639,1980,3201,89.0,42.0,52.0
1784083157.227370,524.620,1980,3201,91.0,43.0,52.0
1784083157.237370,524.620,1980,3201,91.0,43.0,52.0
1784083157.247370,524.620,1980,3201,91.0,43.0,52.0
1784083157.257370,524.620,1980,3201,91.0,43.0,52.0
1784083157.267370,524.620,1980,3201,91.0,43.0,52.0
1784083157.277371,524.620,1980,3201,91.0,43.0,52.0
1784083157.287372,524.620,1980,3201,91.0,43.0,52.0
1784083157.297374,524.620,1980,3201,91.0,43.0,52.0
1784083157.307371,524.620,1980,3201,91.0,43.0,52.0
1784083157.317372,524.620,1980,3201,91.0,43.0,52.0
1784083157.327371,560.673,1980,3201,91.0,43.0,52.0
1784083157.337371,560.673,1980,3201,91.0,43.0,52.0
1784083157.347372,560.673,1980,3201,91.0,43.0,52.0
1784083157.357371,560.673,1980,3201,91.0,43.0,52.0
1784083157.367373,560.673,1980,3201,91.0,43.0,52.0
1784083157.377371,560.673,1980,3201,91.0,43.0,52.0
1784083157.387372,560.673,1980,3201,91.0,43.0,52.0
1784083157.397372,560.673,1980,3201,91.0,43.0,52.0
1784083157.407375,560.673,1980,3201,91.0,43.0,52.0
1784083157.417360,560.673,1980,3201,91.0,43.0,52.0
1784083157.427360,562.465,1980,3201,90.0,42.0,52.0
1784083157.437359,562.465,1980,3201,90.0,42.0,52.0
1784083157.447360,562.465,1980,3201,90.0,42.0,52.0
1784083157.457464,562.465,1980,3201,90.0,42.0,52.0
1784083157.467387,562.465,1980,3201,90.0,42.0,52.0
1784083157.477371,562.465,1980,3201,90.0,42.0,52.0
1784083157.487367,562.465,1980,3201,90.0,42.0,52.0
1784083157.497371,562.465,1980,3201,90.0,42.0,52.0
1784083157.507628,562.465,1980,3201,90.0,42.0,52.0
1784083157.517373,562.465,1980,3201,90.0,42.0,52.0
1784083157.527402,560.282,1980,3201,90.0,42.0,52.0
1784083157.537366,560.282,1980,3201,90.0,42.0,52.0
1784083157.547362,560.282,1980,3201,90.0,42.0,52.0
1784083157.557362,560.282,1980,3201,90.0,42.0,52.0
1784083157.567364,560.282,1980,3201,90.0,42.0,52.0
1784083157.577363,560.282,1980,3201,90.0,42.0,52.0
1784083157.587362,560.282,1980,3201,90.0,42.0,52.0
1784083157.597368,560.282,1980,3201,90.0,42.0,52.0
1784083157.607373,560.282,1980,3201,90.0,42.0,52.0
1784083157.617370,560.282,1980,3201,90.0,42.0,52.0
1784083157.627362,560.144,1980,3201,90.0,43.0,51.0
1784083157.637373,560.144,1980,3201,90.0,43.0,51.0
1784083157.647372,560.144,1980,3201,90.0,43.0,51.0
1784083157.657426,560.144,1980,3201,90.0,43.0,51.0
1784083157.667372,560.144,1980,3201,90.0,43.0,51.0
1784083157.677372,560.144,1980,3201,90.0,43.0,51.0
1784083157.687371,560.144,1980,3201,90.0,43.0,51.0
1784083157.697373,560.144,1980,3201,90.0,43.0,51.0
1784083157.707372,560.144,1980,3201,90.0,43.0,51.0
1784083157.717431,560.144,1980,3201,90.0,43.0,51.0
1784083157.727633,530.125,1980,3201,90.0,43.0,50.0
1784083157.737365,530.125,1980,3201,90.0,43.0,50.0
1784083157.747366,530.125,1980,3201,90.0,43.0,50.0
1784083157.757371,530.125,1980,3201,90.0,43.0,50.0
1784083157.767370,530.125,1980,3201,90.0,43.0,50.0
1784083157.777372,530.125,1980,3201,90.0,43.0,50.0
1784083157.787372,530.125,1980,3201,90.0,43.0,50.0
1784083157.797372,530.125,1980,3201,90.0,43.0,50.0
1784083157.807408,530.125,1980,3201,90.0,43.0,50.0
1784083157.817374,530.125,1980,3201,90.0,43.0,50.0
1784083157.827372,529.675,1980,3201,74.0,32.0,51.0
1784083157.837373,529.675,1980,3201,74.0,32.0,51.0
1784083157.847375,529.675,1980,3201,74.0,32.0,51.0
1784083157.857373,529.675,1980,3201,74.0,32.0,51.0
1784083157.867372,529.675,1980,3201,74.0,32.0,51.0
1784083157.877371,529.675,1980,3201,74.0,32.0,51.0
1784083157.887410,529.675,1980,3201,74.0,32.0,51.0
1784083157.897371,529.675,1980,3201,74.0,32.0,51.0
1784083157.907372,529.675,1980,3201,74.0,32.0,51.0
1784083157.917372,529.675,1980,3201,74.0,32.0,51.0
1784083157.927374,531.829,1980,3201,74.0,32.0,51.0
1784083157.937388,531.829,1980,3201,74.0,32.0,51.0
1784083157.947370,531.829,1980,3201,74.0,32.0,51.0
1784083157.957365,531.829,1980,3201,74.0,32.0,51.0
1784083157.967362,531.829,1980,3201,74.0,32.0,51.0
1784083157.977361,531.829,1980,3201,74.0,32.0,51.0
1784083157.987361,531.829,1980,3201,74.0,32.0,51.0
1784083157.997365,531.829,1980,3201,74.0,32.0,51.0
1784083158.007366,531.829,1980,3201,74.0,32.0,51.0
1784083158.017365,531.829,1980,3201,74.0,32.0,51.0
1784083158.027365,530.345,1980,3201,90.0,42.0,52.0
1784083158.177115,530.232,1980,3201,90.0,42.0,52.0
1784083158.177168,530.232,1980,3201,90.0,42.0,52.0
1784083158.187251,530.232,1980,3201,90.0,42.0,52.0
1784083158.197249,530.232,1980,3201,90.0,42.0,52.0
1784083158.207250,530.232,1980,3201,90.0,42.0,52.0
1784083158.217248,530.232,1980,3201,90.0,42.0,52.0
1784083158.227248,529.050,1980,3201,90.0,42.0,52.0
1784083158.237248,529.050,1980,3201,90.0,42.0,52.0
1784083158.247247,529.050,1980,3201,90.0,42.0,52.0
1784083158.257249,529.050,1980,3201,90.0,42.0,52.0
1784083158.267243,529.050,1980,3201,90.0,42.0,52.0
1784083158.277248,529.050,1980,3201,90.0,42.0,52.0
1784083158.287247,529.050,1980,3201,90.0,42.0,52.0
1784083158.297249,529.050,1980,3201,90.0,42.0,52.0
1784083158.307247,529.050,1980,3201,90.0,42.0,52.0
1784083158.317245,529.050,1980,3201,90.0,42.0,52.0
1784083158.327245,527.253,1980,3201,90.0,42.0,52.0
1784083158.337245,527.253,1980,3201,90.0,42.0,52.0
1784083158.347306,527.253,1980,3201,90.0,42.0,52.0
1784083158.357432,527.253,1980,3201,90.0,42.0,52.0
1784083158.367344,527.253,1980,3201,90.0,42.0,52.0
1784083158.377479,527.253,1980,3201,90.0,42.0,52.0
1784083158.387242,527.253,1980,3201,90.0,42.0,52.0
1784083158.397243,527.253,1980,3201,90.0,42.0,52.0
1784083158.407239,527.253,1980,3201,90.0,42.0,52.0
1784083158.417242,527.253,1980,3201,90.0,42.0,52.0
1784083158.427239,527.295,1980,3201,90.0,42.0,52.0
1784083158.437243,527.295,1980,3201,90.0,42.0,52.0
1784083158.447241,527.295,1980,3201,90.0,42.0,52.0
1784083158.457242,527.295,1980,3201,90.0,42.0,52.0
1784083158.467245,527.295,1980,3201,90.0,42.0,52.0
1784083158.477246,527.295,1980,3201,90.0,42.0,52.0
1784083158.487247,527.295,1980,3201,90.0,42.0,52.0
1784083158.497246,527.295,1980,3201,90.0,42.0,52.0
1784083158.507246,527.295,1980,3201,90.0,42.0,52.0
1784083158.517246,527.295,1980,3201,90.0,42.0,52.0
1784083158.527271,528.058,1980,3201,90.0,42.0,52.0
1784083158.537246,528.058,1980,3201,90.0,42.0,52.0
1784083158.547246,528.058,1980,3201,90.0,42.0,52.0
1784083158.557263,528.058,1980,3201,90.0,42.0,52.0
1784083158.567247,528.058,1980,3201,90.0,42.0,52.0
1784083158.577252,528.058,1980,3201,90.0,42.0,52.0
1784083158.587247,528.058,1980,3201,90.0,42.0,52.0
1784083158.597246,528.058,1980,3201,90.0,42.0,52.0
1784083158.607246,528.058,1980,3201,90.0,42.0,52.0
1784083158.617247,528.058,1980,3201,90.0,42.0,52.0
1784083158.627261,531.098,1980,3201,90.0,42.0,52.0
1784083158.637246,531.098,1980,3201,90.0,42.0,52.0
1784083158.647247,531.098,1980,3201,90.0,42.0,52.0
1784083158.657246,531.098,1980,3201,90.0,42.0,52.0
1784083158.667245,531.098,1980,3201,90.0,42.0,52.0
1784083158.677246,531.098,1980,3201,90.0,42.0,52.0
1784083158.687247,531.098,1980,3201,90.0,42.0,52.0
1784083158.697259,531.098,1980,3201,90.0,42.0,52.0
1784083158.707246,531.098,1980,3201,90.0,42.0,52.0
1784083158.717246,531.098,1980,3201,90.0,42.0,52.0
1784083158.727246,563.036,1980,3201,90.0,42.0,52.0
1784083158.737247,563.036,1980,3201,90.0,42.0,52.0
1784083158.747247,563.036,1980,3201,90.0,42.0,52.0
1784083158.757247,563.036,1980,3201,90.0,42.0,52.0
1784083158.767247,563.036,1980,3201,90.0,42.0,52.0
1784083158.777248,563.036,1980,3201,90.0,42.0,52.0
1784083158.787247,563.036,1980,3201,90.0,42.0,52.0
1784083158.797248,563.036,1980,3201,90.0,42.0,52.0
1784083158.807249,563.036,1980,3201,90.0,42.0,52.0
1784083158.817249,563.036,1980,3201,90.0,42.0,52.0
1784083158.827248,565.656,1980,3201,90.0,42.0,52.0
1784083158.837250,565.656,1980,3201,90.0,42.0,52.0
1784083158.847248,565.656,1980,3201,90.0,42.0,52.0
1784083158.857248,565.656,1980,3201,90.0,42.0,52.0
1784083158.867248,565.656,1980,3201,90.0,42.0,52.0
1784083158.877248,565.656,1980,3201,90.0,42.0,52.0
1784083158.887249,565.656,1980,3201,90.0,42.0,52.0
1784083158.897255,565.656,1980,3201,90.0,42.0,52.0
1784083158.907249,565.656,1980,3201,90.0,42.0,52.0
1784083158.917250,565.656,1980,3201,90.0,42.0,52.0
1784083158.927250,565.390,1980,3201,90.0,42.0,52.0
1784083158.937254,565.390,1980,3201,90.0,42.0,52.0
1784083158.947252,565.390,1980,3201,90.0,42.0,52.0
1784083158.957253,565.390,1980,3201,90.0,42.0,52.0
1784083158.967298,565.390,1980,3201,90.0,42.0,52.0
1784083158.977253,565.390,1980,3201,90.0,42.0,52.0
1784083158.987253,565.390,1980,3201,90.0,42.0,52.0
1784083158.997243,565.390,1980,3201,90.0,42.0,52.0
1784083159.007255,565.390,1980,3201,90.0,42.0,52.0
1784083159.017903,565.390,1980,3201,90.0,42.0,52.0
1784083159.029023,562.114,1980,3201,88.0,41.0,51.0
1784083159.037256,562.114,1980,3201,88.0,41.0,51.0
1784083159.047251,562.114,1980,3201,88.0,41.0,51.0
1784083159.057252,562.114,1980,3201,88.0,41.0,51.0
1784083159.067252,562.114,1980,3201,88.0,41.0,51.0
1784083159.077252,562.114,1980,3201,88.0,41.0,51.0
1784083159.087251,562.114,1980,3201,88.0,41.0,51.0
1784083159.097250,562.114,1980,3201,88.0,41.0,51.0
1784083159.107249,562.114,1980,3201,88.0,41.0,51.0
1784083159.117246,562.114,1980,3201,88.0,41.0,51.0
1784083159.127246,521.680,1980,3201,88.0,41.0,45.0
1784083159.137246,521.680,1980,3201,88.0,41.0,45.0
1784083159.147246,521.680,1980,3201,88.0,41.0,45.0
1784083159.157246,521.680,1980,3201,88.0,41.0,45.0
1784083159.167295,521.680,1980,3201,88.0,41.0,45.0
1784083159.177248,521.680,1980,3201,88.0,41.0,45.0
1784083159.187247,521.680,1980,3201,88.0,41.0,45.0
1784083159.197247,521.680,1980,3201,88.0,41.0,45.0
1784083159.207246,521.680,1980,3201,88.0,41.0,45.0
1784083159.217247,521.680,1980,3201,88.0,41.0,45.0
1784083159.227246,495.382,1980,3201,19.0,8.0,50.0
1784083159.237246,495.382,1980,3201,19.0,8.0,50.0
1784083159.247246,495.382,1980,3201,19.0,8.0,50.0
1784083159.257246,495.382,1980,3201,19.0,8.0,50.0
1784083159.267246,495.382,1980,3201,19.0,8.0,50.0
1784083159.277250,495.382,1980,3201,19.0,8.0,50.0
1784083159.287247,495.382,1980,3201,19.0,8.0,50.0
1784083159.297248,495.382,1980,3201,19.0,8.0,50.0
1784083159.307246,495.382,1980,3201,19.0,8.0,50.0
1784083159.317247,495.382,1980,3201,19.0,8.0,50.0
1784083159.327247,497.169,1980,3201,19.0,8.0,51.0
1784083159.337247,497.169,1980,3201,19.0,8.0,51.0
1784083159.347250,497.169,1980,3201,19.0,8.0,51.0
1784083159.357274,497.169,1980,3201,19.0,8.0,51.0
1784083159.367247,497.169,1980,3201,19.0,8.0,51.0
1784083159.377247,497.169,1980,3201,19.0,8.0,51.0
1784083159.387247,497.169,1980,3201,19.0,8.0,51.0
1784083159.397247,497.169,1980,3201,19.0,8.0,51.0
1784083159.407249,497.169,1980,3201,19.0,8.0,51.0
1784083159.417259,497.169,1980,3201,19.0,8.0,51.0
1784083159.427273,496.406,1980,3201,90.0,42.0,52.0
1784083159.437247,496.406,1980,3201,90.0,42.0,52.0
1784083159.447249,496.406,1980,3201,90.0,42.0,52.0
1784083159.457286,496.406,1980,3201,90.0,42.0,52.0
1784083159.467249,496.406,1980,3201,90.0,42.0,52.0
1784083159.477234,496.406,1980,3201,90.0,42.0,52.0
1784083159.487429,496.406,1980,3201,90.0,42.0,52.0
1784083159.497452,496.406,1980,3201,90.0,42.0,52.0
1784083159.507590,496.406,1980,3201,90.0,42.0,52.0
1784083159.517236,496.406,1980,3201,90.0,42.0,52.0
1784083159.527234,495.726,1980,3201,90.0,42.0,52.0
1784083159.537234,495.726,1980,3201,90.0,42.0,52.0
1784083159.547235,495.726,1980,3201,90.0,42.0,52.0
1784083159.557237,495.726,1980,3201,90.0,42.0,52.0
1784083159.567237,495.726,1980,3201,90.0,42.0,52.0
1784083159.577238,495.726,1980,3201,90.0,42.0,52.0
1784083159.587241,495.726,1980,3201,90.0,42.0,52.0
1784083159.597241,495.726,1980,3201,90.0,42.0,52.0
1784083159.607242,495.726,1980,3201,90.0,42.0,52.0
1784083159.617241,495.726,1980,3201,90.0,42.0,52.0
1784083159.627241,492.995,1980,3201,90.0,42.0,52.0
1784083159.637326,492.995,1980,3201,90.0,42.0,52.0
1784083159.647246,492.995,1980,3201,90.0,42.0,52.0
1784083159.657245,492.995,1980,3201,90.0,42.0,52.0
1784083159.667246,492.995,1980,3201,90.0,42.0,52.0
1784083159.677246,492.995,1980,3201,90.0,42.0,52.0
1784083159.687247,492.995,1980,3201,90.0,42.0,52.0
1784083159.697246,492.995,1980,3201,90.0,42.0,52.0
1784083159.707246,492.995,1980,3201,90.0,42.0,52.0
1784083159.717245,492.995,1980,3201,90.0,42.0,52.0
1784083159.727247,494.943,1980,3201,90.0,42.0,52.0
1784083159.737248,494.943,1980,3201,90.0,42.0,52.0
1784083159.747246,494.943,1980,3201,90.0,42.0,52.0
1784083159.757246,494.943,1980,3201,90.0,42.0,52.0
1784083159.767249,494.943,1980,3201,90.0,42.0,52.0
1784083159.777247,494.943,1980,3201,90.0,42.0,52.0
1784083159.787246,494.943,1980,3201,90.0,42.0,52.0
1784083159.797250,494.943,1980,3201,90.0,42.0,52.0
1784083159.807250,494.943,1980,3201,90.0,42.0,52.0
1784083159.817249,494.943,1980,3201,90.0,42.0,52.0
1784083159.827297,495.674,1980,3201,90.0,42.0,52.0
1784083159.837245,495.674,1980,3201,90.0,42.0,52.0
1784083159.847246,495.674,1980,3201,90.0,42.0,52.0
1784083159.857248,495.674,1980,3201,90.0,42.0,52.0
1784083159.867249,495.674,1980,3201,90.0,42.0,52.0
1784083159.877246,495.674,1980,3201,90.0,42.0,52.0
1784083159.887246,495.674,1980,3201,90.0,42.0,52.0
1784083159.897247,495.674,1980,3201,90.0,42.0,52.0
1784083159.907246,495.674,1980,3201,90.0,42.0,52.0
1784083159.917248,495.674,1980,3201,90.0,42.0,52.0
1784083159.927247,495.801,1980,3201,90.0,42.0,52.0
1784083159.937253,495.801,1980,3201,90.0,42.0,52.0
1784083159.947248,495.801,1980,3201,90.0,42.0,52.0
1784083159.957247,495.801,1980,3201,90.0,42.0,52.0
1784083159.967256,495.801,1980,3201,90.0,42.0,52.0
1784083159.977250,495.801,1980,3201,90.0,42.0,52.0
1784083159.987274,495.801,1980,3201,90.0,42.0,52.0
1784083159.997250,495.801,1980,3201,90.0,42.0,52.0
1784083160.007303,495.801,1980,3201,90.0,42.0,52.0
1784083160.017250,495.801,1980,3201,90.0,42.0,52.0
1784083160.027251,497.031,1980,3201,90.0,43.0,52.0
1784083160.037250,497.031,1980,3201,90.0,43.0,52.0
1784083160.047250,497.031,1980,3201,90.0,43.0,52.0
1784083160.057249,497.031,1980,3201,90.0,43.0,52.0
1784083160.067250,497.031,1980,3201,90.0,43.0,52.0
1784083160.077249,497.031,1980,3201,90.0,43.0,52.0
1784083160.087250,497.031,1980,3201,90.0,43.0,52.0
1784083160.097250,497.031,1980,3201,90.0,43.0,52.0
1784083160.107250,497.031,1980,3201,90.0,43.0,52.0
1784083160.117250,497.031,1980,3201,90.0,43.0,52.0
1784083160.127237,537.438,1980,3201,90.0,43.0,53.0
1784083160.137235,537.438,1980,3201,90.0,43.0,53.0
1784083160.147237,537.438,1980,3201,90.0,43.0,53.0
1784083160.157236,537.438,1980,3201,90.0,43.0,53.0
1784083160.167235,537.438,1980,3201,90.0,43.0,53.0
1784083160.177236,537.438,1980,3201,90.0,43.0,53.0
1784083160.187235,537.438,1980,3201,90.0,43.0,53.0
1784083160.197590,537.438,1980,3201,90.0,43.0,53.0
1784083160.207717,537.438,1980,3201,90.0,43.0,53.0
1784083160.217247,537.438,1980,3201,90.0,43.0,53.0
1784083160.227249,561.550,1980,3201,89.0,42.0,53.0
1784083160.237250,561.550,1980,3201,89.0,42.0,53.0
1784083160.247254,561.550,1980,3201,89.0,42.0,53.0
1784083160.257330,561.550,1980,3201,89.0,42.0,53.0
1784083160.267248,561.550,1980,3201,89.0,42.0,53.0
1784083160.277245,561.550,1980,3201,89.0,42.0,53.0
1784083160.287246,561.550,1980,3201,89.0,42.0,53.0
1784083160.297251,561.550,1980,3201,89.0,42.0,53.0
1784083160.307246,561.550,1980,3201,89.0,42.0,53.0
1784083160.317242,561.550,1980,3201,89.0,42.0,53.0
1784083160.327254,561.391,1980,3201,89.0,42.0,53.0
1784083160.337248,561.391,1980,3201,89.0,42.0,53.0
1784083160.347246,561.391,1980,3201,89.0,42.0,53.0
1784083160.357247,561.391,1980,3201,89.0,42.0,53.0
1784083160.367247,561.391,1980,3201,89.0,42.0,53.0
1784083160.377248,561.391,1980,3201,89.0,42.0,53.0
1784083160.387300,561.391,1980,3201,89.0,42.0,53.0
1784083160.397248,561.391,1980,3201,89.0,42.0,53.0
1784083160.407248,561.391,1980,3201,89.0,42.0,53.0
1784083160.417248,561.391,1980,3201,89.0,42.0,53.0
1784083160.427248,563.417,1980,3201,90.0,43.0,53.0
1784083160.437243,563.417,1980,3201,90.0,43.0,53.0
1784083160.447242,563.417,1980,3201,90.0,43.0,53.0
1784083160.457244,563.417,1980,3201,90.0,43.0,53.0
1784083160.467249,563.417,1980,3201,90.0,43.0,53.0
1784083160.477707,563.417,1980,3201,90.0,43.0,53.0
1784083160.489165,563.417,1980,3201,90.0,43.0,53.0
1784083160.497275,563.417,1980,3201,90.0,43.0,53.0
1784083160.507248,563.417,1980,3201,90.0,43.0,53.0
1784083160.517248,563.417,1980,3201,90.0,43.0,53.0
1784083160.527251,550.650,1980,3201,90.0,43.0,53.0
1784083160.537248,550.650,1980,3201,90.0,43.0,47.0
1784083160.547248,550.650,1980,3201,90.0,43.0,47.0
1784083160.557250,550.650,1980,3201,90.0,43.0,47.0
1784083160.567265,550.650,1980,3201,90.0,43.0,47.0
1784083160.577249,550.650,1980,3201,90.0,43.0,47.0
1784083160.587249,550.650,1980,3201,90.0,43.0,47.0
1784083160.597247,550.650,1980,3201,90.0,43.0,47.0
1784083160.607246,550.650,1980,3201,90.0,43.0,47.0
1784083160.617247,550.650,1980,3201,90.0,43.0,47.0
1784083160.627248,534.674,1980,3201,29.0,13.0,47.0
1784083160.637248,534.674,1980,3201,29.0,13.0,51.0
1784083160.647318,534.674,1980,3201,29.0,13.0,51.0
1784083160.657245,534.674,1980,3201,29.0,13.0,51.0
1784083160.667246,534.674,1980,3201,29.0,13.0,51.0
1784083160.677247,534.674,1980,3201,29.0,13.0,51.0
1784083160.687247,534.674,1980,3201,29.0,13.0,51.0
1784083160.697246,534.674,1980,3201,29.0,13.0,51.0
1784083160.707246,534.674,1980,3201,29.0,13.0,51.0
1784083160.717247,534.674,1980,3201,29.0,13.0,51.0
1784083160.727249,533.816,1980,3201,29.0,13.0,51.0
1784083160.737247,533.816,1980,3201,29.0,13.0,52.0
1784083160.747247,533.816,1980,3201,29.0,13.0,52.0
1784083160.757246,533.816,1980,3201,29.0,13.0,52.0
1784083160.767246,533.816,1980,3201,29.0,13.0,52.0
1784083160.777259,533.816,1980,3201,29.0,13.0,52.0
1784083160.787246,533.816,1980,3201,29.0,13.0,52.0
1784083160.797247,533.816,1980,3201,29.0,13.0,52.0
1784083160.807246,533.816,1980,3201,29.0,13.0,52.0
1784083160.817247,533.816,1980,3201,29.0,13.0,52.0
1784083160.827246,532.207,1980,3201,90.0,42.0,52.0
1784083160.837247,532.207,1980,3201,90.0,42.0,52.0
1784083160.847245,532.207,1980,3201,90.0,42.0,52.0
1784083160.857246,532.207,1980,3201,90.0,42.0,52.0
1784083160.867267,532.207,1980,3201,90.0,42.0,52.0
1784083160.877282,532.207,1980,3201,90.0,42.0,52.0
1784083160.887327,532.207,1980,3201,90.0,42.0,52.0
1784083160.897270,532.207,1980,3201,90.0,42.0,52.0
1784083160.907247,532.207,1980,3201,90.0,42.0,52.0
1784083160.917248,532.207,1980,3201,90.0,42.0,52.0
1784083160.927243,532.237,1980,3201,90.0,42.0,52.0
1784083160.937243,532.237,1980,3201,90.0,42.0,53.0
1784083160.947242,532.237,1980,3201,90.0,42.0,53.0
1784083160.957243,532.237,1980,3201,90.0,42.0,53.0
1784083160.967243,532.237,1980,3201,90.0,42.0,53.0
1784083160.977243,532.237,1980,3201,90.0,42.0,53.0
1784083160.987242,532.237,1980,3201,90.0,42.0,53.0
1784083160.997238,532.237,1980,3201,90.0,42.0,53.0
1784083161.007242,532.237,1980,3201,90.0,42.0,53.0
1784083161.017243,532.237,1980,3201,90.0,42.0,53.0
1784083161.027242,531.535,1980,3201,90.0,42.0,53.0
1784083161.037242,531.535,1980,3201,90.0,42.0,53.0
1784083161.047240,531.535,1980,3201,90.0,42.0,53.0
1784083161.057241,531.535,1980,3201,90.0,42.0,53.0
1784083161.067241,531.535,1980,3201,90.0,42.0,53.0
1784083161.077241,531.535,1980,3201,90.0,42.0,53.0
1784083161.087430,531.535,1980,3201,90.0,42.0,53.0
1784083161.097325,531.535,1980,3201,90.0,42.0,53.0
1784083161.107533,531.535,1980,3201,90.0,42.0,53.0
1784083161.117711,531.535,1980,3201,90.0,42.0,53.0
1784083161.127500,530.969,1980,3201,90.0,42.0,53.0
1784083161.137242,530.969,1980,3201,90.0,42.0,53.0
1784083161.147244,530.969,1980,3201,90.0,42.0,53.0
1784083161.157279,530.969,1980,3201,90.0,42.0,53.0
1784083161.167324,530.969,1980,3201,90.0,42.0,53.0
1784083161.177257,530.969,1980,3201,90.0,42.0,53.0
1784083161.187251,530.969,1980,3201,90.0,42.0,53.0
1784083161.197247,530.969,1980,3201,90.0,42.0,53.0
1784083161.207280,530.969,1980,3201,90.0,42.0,53.0
1784083161.217247,530.969,1980,3201,90.0,42.0,53.0
1784083161.227248,530.969,1980,3201,90.0,42.0,53.0
1784083161.237283,531.072,1980,3201,90.0,43.0,53.0
1784083161.247248,531.072,1980,3201,90.0,43.0,53.0
1784083161.257251,531.072,1980,3201,90.0,43.0,53.0
1784083161.267248,531.072,1980,3201,90.0,43.0,53.0
1784083161.277247,531.072,1980,3201,90.0,43.0,53.0
1784083161.287247,531.072,1980,3201,90.0,43.0,53.0
1784083161.297248,531.072,1980,3201,90.0,43.0,53.0
1784083161.307248,531.072,1980,3201,90.0,43.0,53.0
1784083161.317249,531.072,1980,3201,90.0,43.0,53.0
1784083161.327248,532.965,1980,3201,90.0,43.0,53.0
1784083161.337249,532.965,1980,3201,90.0,43.0,53.0
1784083161.347249,532.965,1980,3201,90.0,43.0,53.0
1784083161.357248,532.965,1980,3201,90.0,43.0,53.0
1784083161.367243,532.965,1980,3201,90.0,43.0,53.0
1784083161.377244,532.965,1980,3201,90.0,43.0,53.0
1784083161.387242,532.965,1980,3201,90.0,43.0,53.0
1784083161.397243,532.965,1980,3201,90.0,43.0,53.0
1784083161.407243,532.965,1980,3201,90.0,43.0,53.0
1784083161.417242,532.965,1980,3201,90.0,43.0,53.0
1784083161.427241,532.509,1980,3201,90.0,43.0,53.0
1784083161.437241,532.509,1980,3201,90.0,42.0,53.0
1784083161.447242,532.509,1980,3201,90.0,42.0,53.0
1784083161.457242,532.509,1980,3201,90.0,42.0,53.0
1784083161.467242,532.509,1980,3201,90.0,42.0,53.0
1784083161.477242,532.509,1980,3201,90.0,42.0,53.0
1784083161.487242,532.509,1980,3201,90.0,42.0,53.0
1784083161.497242,532.509,1980,3201,90.0,42.0,53.0
1784083161.507241,532.509,1980,3201,90.0,42.0,53.0
1784083161.517241,532.509,1980,3201,90.0,42.0,53.0
1784083161.527242,532.509,1980,3201,90.0,42.0,53.0
1784083161.537334,549.260,1980,3201,90.0,42.0,53.0
1784083161.547247,549.260,1980,3201,90.0,42.0,53.0
1784083161.557247,549.260,1980,3201,90.0,42.0,53.0
1784083161.567246,549.260,1980,3201,90.0,42.0,53.0
1784083161.577247,549.260,1980,3201,90.0,42.0,53.0
1784083161.587247,549.260,1980,3201,90.0,42.0,53.0
1784083161.597249,549.260,1980,3201,90.0,42.0,53.0
1784083161.607248,549.260,1980,3201,90.0,42.0,53.0
1784083161.617247,549.260,1980,3201,90.0,42.0,53.0
1784083161.627248,549.260,1980,3201,90.0,42.0,53.0
1784083161.637248,568.220,1980,3201,90.0,43.0,53.0
1784083161.647248,568.220,1980,3201,90.0,43.0,53.0
1784083161.657247,568.220,1980,3201,90.0,43.0,53.0
1784083161.667258,568.220,1980,3201,90.0,43.0,53.0
1784083161.677247,568.220,1980,3201,90.0,43.0,53.0
1784083161.687247,568.220,1980,3201,90.0,43.0,53.0
1784083161.697247,568.220,1980,3201,90.0,43.0,53.0
1784083161.707248,568.220,1980,3201,90.0,43.0,53.0
1784083161.717248,568.220,1980,3201,90.0,43.0,53.0
1784083161.727248,568.220,1980,3201,90.0,43.0,53.0
1784083161.737247,567.882,1980,3201,90.0,43.0,53.0
1784083161.747246,567.882,1980,3201,90.0,43.0,53.0
1784083161.757246,567.882,1980,3201,90.0,43.0,53.0
1784083161.767241,567.882,1980,3201,90.0,43.0,53.0
1784083161.777246,567.882,1980,3201,90.0,43.0,53.0
1784083161.787247,567.882,1980,3201,90.0,43.0,53.0
1784083161.797246,567.882,1980,3201,90.0,43.0,53.0
1784083161.807246,567.882,1980,3201,90.0,43.0,53.0
1784083161.817245,567.882,1980,3201,90.0,43.0,53.0
1784083161.827245,567.882,1980,3201,90.0,43.0,53.0
1784083161.837246,568.858,1980,3201,91.0,43.0,53.0
1784083161.847246,568.858,1980,3201,91.0,43.0,53.0
1784083161.857241,568.858,1980,3201,91.0,43.0,53.0
1784083161.867641,568.858,1980,3201,91.0,43.0,53.0
1784083161.877295,568.858,1980,3201,91.0,43.0,53.0
1784083161.887246,568.858,1980,3201,91.0,43.0,53.0
1784083161.897255,568.858,1980,3201,91.0,43.0,53.0
1784083161.907249,568.858,1980,3201,91.0,43.0,53.0
1784083161.917250,568.858,1980,3201,91.0,43.0,53.0
1784083161.927246,568.858,1980,3201,91.0,43.0,53.0
1784083161.937241,546.690,1980,3201,91.0,43.0,47.0
1784083161.947245,546.690,1980,3201,91.0,43.0,47.0
1784083161.957247,546.690,1980,3201,91.0,43.0,47.0
1784083161.967262,546.690,1980,3201,91.0,43.0,47.0
1784083161.977247,546.690,1980,3201,91.0,43.0,47.0
1784083161.987248,546.690,1980,3201,91.0,43.0,47.0
1784083161.997249,546.690,1980,3201,91.0,43.0,47.0
1784083162.007249,546.690,1980,3201,91.0,43.0,47.0
1784083162.017249,546.690,1980,3201,91.0,43.0,47.0
1784083162.027250,546.690,1980,3201,91.0,43.0,47.0
1784083162.037251,530.580,1980,3201,33.0,14.0,51.0
1784083162.047251,530.580,1980,3201,33.0,14.0,51.0
1784083162.057251,530.580,1980,3201,33.0,14.0,51.0
1784083162.067251,530.580,1980,3201,33.0,14.0,51.0
1784083162.077249,530.580,1980,3201,33.0,14.0,51.0
1784083162.087249,530.580,1980,3201,33.0,14.0,51.0
1784083162.097329,530.580,1980,3201,33.0,14.0,51.0
1784083162.107252,530.580,1980,3201,33.0,14.0,51.0
1784083162.117267,530.580,1980,3201,33.0,14.0,51.0
1784083162.127250,530.580,1980,3201,33.0,14.0,51.0
1784083162.137296,532.897,1980,3201,33.0,14.0,52.0
1784083162.147250,532.897,1980,3201,33.0,14.0,52.0
1784083162.157248,532.897,1980,3201,33.0,14.0,52.0
1784083162.167249,532.897,1980,3201,33.0,14.0,52.0
1784083162.177282,532.897,1980,3201,33.0,14.0,52.0
1784083162.187251,532.897,1980,3201,33.0,14.0,52.0
1784083162.197250,532.897,1980,3201,33.0,14.0,52.0
1784083162.207249,532.897,1980,3201,33.0,14.0,52.0
1784083162.217247,532.897,1980,3201,33.0,14.0,52.0
1784083162.227248,532.897,1980,3201,33.0,14.0,52.0
1784083162.237248,534.627,1980,3201,90.0,42.0,52.0
1784083162.247255,534.627,1980,3201,90.0,42.0,52.0
1784083162.257253,534.627,1980,3201,90.0,42.0,52.0
1784083162.267291,534.627,1980,3201,90.0,42.0,52.0
1784083162.277430,534.627,1980,3201,90.0,42.0,52.0
1784083162.287289,534.627,1980,3201,90.0,42.0,52.0
1784083162.297243,534.627,1980,3201,90.0,42.0,52.0
1784083162.307246,534.627,1980,3201,90.0,42.0,52.0
1784083162.317247,534.627,1980,3201,90.0,42.0,52.0
1784083162.327247,534.627,1980,3201,90.0,42.0,52.0
1784083162.337246,534.187,1980,3201,90.0,42.0,53.0
1784083162.347246,534.187,1980,3201,90.0,42.0,53.0
1784083162.357246,534.187,1980,3201,90.0,42.0,53.0
1784083162.367246,534.187,1980,3201,90.0,42.0,53.0
1784083162.377246,534.187,1980,3201,90.0,42.0,53.0
1784083162.387244,534.187,1980,3201,90.0,42.0,53.0
1784083162.397477,534.187,1980,3201,90.0,42.0,53.0
1784083162.407372,534.187,1980,3201,90.0,42.0,53.0
1784083162.417538,534.187,1980,3201,90.0,42.0,53.0
1784083162.427241,534.187,1980,3201,90.0,42.0,53.0
1784083162.437242,530.483,1980,3201,89.0,42.0,53.0
1784083162.447244,530.483,1980,3201,89.0,42.0,53.0
1784083162.457245,530.483,1980,3201,89.0,42.0,53.0
1784083162.467326,530.483,1980,3201,89.0,42.0,53.0
1784083162.477246,530.483,1980,3201,89.0,42.0,53.0
1784083162.487254,530.483,1980,3201,89.0,42.0,53.0
1784083162.497253,530.483,1980,3201,89.0,42.0,53.0
1784083162.507261,530.483,1980,3201,89.0,42.0,53.0
1784083162.517253,530.483,1980,3201,89.0,42.0,53.0
1784083162.527253,530.483,1980,3201,89.0,42.0,53.0
1784083162.537253,527.063,1980,3201,89.0,42.0,53.0
1784083162.547252,527.063,1980,3201,89.0,42.0,53.0
1784083162.557251,527.063,1980,3201,89.0,42.0,53.0
1784083162.567251,527.063,1980,3201,89.0,42.0,53.0
1784083162.577244,527.063,1980,3201,89.0,42.0,53.0
1784083162.587247,527.063,1980,3201,89.0,42.0,53.0
1784083162.597253,527.063,1980,3201,89.0,42.0,53.0
1784083162.607318,527.063,1980,3201,89.0,42.0,53.0
1784083162.617242,527.063,1980,3201,89.0,42.0,53.0
1784083162.627244,527.063,1980,3201,89.0,42.0,53.0
1784083162.637246,527.271,1980,3201,89.0,42.0,53.0
1784083162.647241,527.271,1980,3201,89.0,42.0,53.0
1784083162.657242,527.271,1980,3201,89.0,42.0,53.0
1784083162.667246,527.271,1980,3201,89.0,42.0,53.0
1784083162.677242,527.271,1980,3201,89.0,42.0,53.0
1784083162.687248,527.271,1980,3201,89.0,42.0,53.0
1784083162.697246,527.271,1980,3201,89.0,42.0,53.0
1784083162.707248,527.271,1980,3201,89.0,42.0,53.0
1784083162.717245,527.271,1980,3201,89.0,42.0,53.0
1784083162.727245,527.271,1980,3201,89.0,42.0,53.0
1784083162.737245,527.458,1980,3201,89.0,42.0,53.0
1784083162.747245,527.458,1980,3201,89.0,42.0,53.0
1784083162.757245,527.458,1980,3201,89.0,42.0,53.0
1784083162.767246,527.458,1980,3201,89.0,42.0,53.0
1784083162.777244,527.458,1980,3201,89.0,42.0,53.0
1784083162.787247,527.458,1980,3201,89.0,42.0,53.0
1784083162.797246,527.458,1980,3201,89.0,42.0,53.0
1784083162.807246,527.458,1980,3201,89.0,42.0,53.0
1784083162.817246,527.458,1980,3201,89.0,42.0,53.0
1784083162.827246,527.458,1980,3201,89.0,42.0,53.0
1784083162.837246,527.426,1980,3201,90.0,43.0,53.0
1784083162.847246,527.426,1980,3201,90.0,43.0,53.0
1784083162.857246,527.426,1980,3201,90.0,43.0,53.0
1784083162.867241,527.426,1980,3201,90.0,43.0,53.0
1784083162.877243,527.426,1980,3201,90.0,43.0,53.0
1784083162.887245,527.426,1980,3201,90.0,43.0,53.0
1784083162.897311,527.426,1980,3201,90.0,43.0,53.0
1784083162.907255,527.426,1980,3201,90.0,43.0,53.0
1784083162.917254,527.426,1980,3201,90.0,43.0,53.0
1784083162.927254,527.426,1980,3201,90.0,43.0,53.0
1784083162.937253,549.179,1980,3201,90.0,43.0,53.0
1784083162.947462,549.179,1980,3201,90.0,43.0,53.0
1784083162.957713,549.179,1980,3201,90.0,43.0,53.0
1784083162.967269,549.179,1980,3201,90.0,43.0,53.0
1784083162.977254,549.179,1980,3201,90.0,43.0,53.0
1784083162.987254,549.179,1980,3201,90.0,43.0,53.0
1784083162.997247,549.179,1980,3201,90.0,43.0,53.0
1784083163.007260,549.179,1980,3201,90.0,43.0,53.0
1784083163.017245,549.179,1980,3201,90.0,43.0,53.0
1784083163.027247,549.179,1980,3201,90.0,43.0,53.0
1784083163.037247,563.808,1980,3201,89.0,42.0,53.0
1784083163.047248,563.808,1980,3201,89.0,42.0,53.0
1784083163.057247,563.808,1980,3201,89.0,42.0,53.0
1784083163.067247,563.808,1980,3201,89.0,42.0,53.0
1784083163.077281,563.808,1980,3201,89.0,42.0,53.0
1784083163.087248,563.808,1980,3201,89.0,42.0,53.0
1784083163.097248,563.808,1980,3201,89.0,42.0,53.0
1784083163.107248,563.808,1980,3201,89.0,42.0,53.0
1784083163.117277,563.808,1980,3201,89.0,42.0,53.0
1784083163.127261,563.808,1980,3201,89.0,42.0,53.0
1784083163.137247,564.207,1980,3201,89.0,42.0,53.0
1784083163.147249,564.207,1980,3201,89.0,42.0,53.0
1784083163.157247,564.207,1980,3201,89.0,42.0,53.0
1784083163.167247,564.207,1980,3201,89.0,42.0,53.0
1784083163.177293,564.207,1980,3201,89.0,42.0,53.0
1784083163.187248,564.207,1980,3201,89.0,42.0,53.0
1784083163.197251,564.207,1980,3201,89.0,42.0,53.0
1784083163.207248,564.207,1980,3201,89.0,42.0,53.0
1784083163.217249,564.207,1980,3201,89.0,42.0,53.0
1784083163.227249,564.207,1980,3201,89.0,42.0,53.0
1784083163.237242,565.266,1980,3201,90.0,42.0,53.0
1784083163.247243,565.266,1980,3201,90.0,42.0,53.0
1784083163.257245,565.266,1980,3201,90.0,42.0,53.0
1784083163.267313,565.266,1980,3201,90.0,42.0,53.0
1784083163.277251,565.266,1980,3201,90.0,42.0,53.0
1784083163.287266,565.266,1980,3201,90.0,42.0,53.0
1784083163.297252,565.266,1980,3201,90.0,42.0,53.0
1784083163.307247,565.266,1980,3201,90.0,42.0,53.0
1784083163.317290,565.266,1980,3201,90.0,42.0,53.0
1784083163.327248,565.266,1980,3201,90.0,42.0,53.0
1784083163.337246,547.454,1980,3201,90.0,42.0,48.0
1784083163.347247,547.454,1980,3201,90.0,42.0,48.0
1784083163.357243,547.454,1980,3201,90.0,42.0,48.0
1784083163.367247,547.454,1980,3201,90.0,42.0,48.0
1784083163.377246,547.454,1980,3201,90.0,42.0,48.0
1784083163.387246,547.454,1980,3201,90.0,42.0,48.0
1784083163.397245,547.454,1980,3201,90.0,42.0,48.0
1784083163.407248,547.454,1980,3201,90.0,42.0,48.0
1784083163.417249,547.454,1980,3201,90.0,42.0,48.0
1784083163.427246,547.454,1980,3201,90.0,42.0,48.0
1784083163.437248,531.543,1980,3201,37.0,16.0,52.0
1784083163.447247,531.543,1980,3201,37.0,16.0,52.0
1784083163.457241,531.543,1980,3201,37.0,16.0,52.0
1784083163.467247,531.543,1980,3201,37.0,16.0,52.0
1784083163.477255,531.543,1980,3201,37.0,16.0,52.0
1784083163.487246,531.543,1980,3201,37.0,16.0,52.0
1784083163.497263,531.543,1980,3201,37.0,16.0,52.0
1784083163.507247,531.543,1980,3201,37.0,16.0,52.0
1784083163.517246,531.543,1980,3201,37.0,16.0,52.0
1784083163.527246,531.543,1980,3201,37.0,16.0,52.0
1784083163.537246,532.576,1980,3201,37.0,16.0,53.0
1784083163.547246,532.576,1980,3201,37.0,16.0,53.0
1784083163.557238,532.576,1980,3201,37.0,16.0,53.0
1784083163.567246,532.576,1980,3201,37.0,16.0,53.0
1784083163.577297,532.576,1980,3201,37.0,16.0,53.0
1784083163.587290,532.576,1980,3201,37.0,16.0,53.0
1784083163.597241,532.576,1980,3201,37.0,16.0,53.0
1784083163.607241,532.576,1980,3201,37.0,16.0,53.0
1784083163.617242,532.576,1980,3201,37.0,16.0,53.0
1784083163.627247,532.576,1980,3201,37.0,16.0,53.0
1784083163.637251,529.355,1980,3201,90.0,42.0,53.0
1784083163.647246,529.355,1980,3201,90.0,42.0,53.0
1784083163.657244,529.355,1980,3201,90.0,42.0,53.0
1784083163.667425,529.355,1980,3201,90.0,42.0,53.0
1784083163.677485,529.355,1980,3201,90.0,42.0,53.0
1784083163.687243,529.355,1980,3201,90.0,42.0,53.0
1784083163.697241,529.355,1980,3201,90.0,42.0,53.0
1784083163.707241,529.355,1980,3201,90.0,42.0,53.0
1784083163.717242,529.355,1980,3201,90.0,42.0,53.0
1784083163.727241,529.355,1980,3201,90.0,42.0,53.0
1784083163.737242,527.700,1980,3201,90.0,42.0,53.0
1784083163.747241,527.700,1980,3201,90.0,42.0,53.0
1784083163.757240,527.700,1980,3201,90.0,42.0,53.0
1784083163.767241,527.700,1980,3201,90.0,42.0,53.0
1784083163.777241,527.700,1980,3201,90.0,42.0,53.0
1784083163.787242,527.700,1980,3201,90.0,42.0,53.0
1784083163.797241,527.700,1980,3201,90.0,42.0,53.0
1784083163.807241,527.700,1980,3201,90.0,42.0,53.0
1784083163.817241,527.700,1980,3201,90.0,42.0,53.0
1784083163.827241,527.700,1980,3201,90.0,42.0,53.0
1784083163.837241,526.775,1980,3201,90.0,42.0,53.0
1784083163.847241,526.775,1980,3201,90.0,42.0,53.0
1784083163.857240,526.775,1980,3201,90.0,42.0,53.0
1784083163.867242,526.775,1980,3201,90.0,42.0,53.0
1784083163.877333,526.775,1980,3201,90.0,42.0,53.0
1784083163.887247,526.775,1980,3201,90.0,42.0,53.0
1784083163.897281,526.775,1980,3201,90.0,42.0,53.0
1784083163.907247,526.775,1980,3201,90.0,42.0,53.0
1784083163.917247,526.775,1980,3201,90.0,42.0,53.0
1784083163.927248,526.775,1980,3201,90.0,42.0,53.0
1784083163.937245,528.045,1980,3201,90.0,42.0,53.0
1784083163.947247,528.045,1980,3201,90.0,42.0,53.0
1784083163.957267,528.045,1980,3201,90.0,42.0,53.0
1784083163.967250,528.045,1980,3201,90.0,42.0,53.0
1784083163.977265,528.045,1980,3201,90.0,42.0,53.0
1784083163.987248,528.045,1980,3201,90.0,42.0,53.0
1784083163.997253,528.045,1980,3201,90.0,42.0,53.0
1784083164.007248,528.045,1980,3201,90.0,42.0,53.0
1784083164.017249,528.045,1980,3201,90.0,42.0,53.0
1784083164.027249,528.045,1980,3201,90.0,42.0,53.0
1784083164.037243,530.841,1980,3201,90.0,42.0,53.0
1784083164.047251,530.841,1980,3201,90.0,42.0,53.0
1784083164.057279,530.841,1980,3201,90.0,42.0,53.0
1784083164.067254,530.841,1980,3201,90.0,42.0,53.0
1784083164.077250,530.841,1980,3201,90.0,42.0,53.0
1784083164.087250,530.841,1980,3201,90.0,42.0,53.0
1784083164.097249,530.841,1980,3201,90.0,42.0,53.0
1784083164.107279,530.841,1980,3201,90.0,42.0,53.0
1784083164.117248,530.841,1980,3201,90.0,42.0,53.0
1784083164.127248,530.841,1980,3201,90.0,42.0,53.0
1784083164.137242,530.208,1980,3201,90.0,42.0,53.0
1784083164.147247,530.208,1980,3201,90.0,42.0,53.0
1784083164.157257,530.208,1980,3201,90.0,42.0,53.0
1784083164.167246,530.208,1980,3201,90.0,42.0,53.0
1784083164.177246,530.208,1980,3201,90.0,42.0,53.0
1784083164.187246,530.208,1980,3201,90.0,42.0,53.0
1784083164.197247,530.208,1980,3201,90.0,42.0,53.0
1784083164.207247,530.208,1980,3201,90.0,42.0,53.0
1784083164.217247,530.208,1980,3201,90.0,42.0,53.0
1784083164.227247,530.208,1980,3201,90.0,42.0,53.0
1784083164.237247,530.683,1980,3201,90.0,43.0,53.0
1784083164.247247,530.683,1980,3201,90.0,43.0,53.0
1784083164.257247,530.683,1980,3201,90.0,43.0,53.0
1784083164.267274,530.683,1980,3201,90.0,43.0,53.0
1784083164.277247,530.683,1980,3201,90.0,43.0,53.0
1784083164.287247,530.683,1980,3201,90.0,43.0,53.0
1784083164.297246,530.683,1980,3201,90.0,43.0,53.0
1784083164.307247,530.683,1980,3201,90.0,43.0,53.0
1784083164.317246,530.683,1980,3201,90.0,43.0,53.0
1784083164.327246,530.683,1980,3201,90.0,43.0,53.0
1784083164.337247,548.441,1980,3201,90.0,43.0,53.0
1784083164.347247,548.441,1980,3201,90.0,43.0,53.0
1784083164.357239,548.441,1980,3201,90.0,43.0,53.0
1784083164.367247,548.441,1980,3201,90.0,43.0,53.0
1784083164.377242,548.441,1980,3201,90.0,43.0,53.0
1784083164.387240,548.441,1980,3201,90.0,43.0,53.0
1784083164.397242,548.441,1980,3201,90.0,43.0,53.0
1784083164.407253,548.441,1980,3201,90.0,43.0,53.0
1784083164.417247,548.441,1980,3201,90.0,43.0,53.0
1784083164.427280,548.441,1980,3201,90.0,43.0,53.0
1784083164.437247,566.263,1980,3201,90.0,42.0,53.0
1784083164.447245,566.263,1980,3201,90.0,42.0,53.0
1784083164.457245,566.263,1980,3201,90.0,42.0,53.0
1784083164.467245,566.263,1980,3201,90.0,42.0,53.0
1784083164.477247,566.263,1980,3201,90.0,42.0,53.0
1784083164.487236,566.263,1980,3201,90.0,42.0,53.0
1784083164.497234,566.263,1980,3201,90.0,42.0,53.0
1784083164.507234,566.263,1980,3201,90.0,42.0,53.0
1784083164.517235,566.263,1980,3201,90.0,42.0,53.0
1784083164.527235,566.263,1980,3201,90.0,42.0,53.0
1784083164.537244,566.289,1980,3201,90.0,42.0,54.0
1784083164.547236,566.289,1980,3201,90.0,42.0,54.0
1784083164.557235,566.289,1980,3201,90.0,42.0,54.0
1784083164.567234,566.289,1980,3201,90.0,42.0,54.0
1784083164.577235,566.289,1980,3201,90.0,42.0,54.0
1784083164.587418,566.289,1980,3201,90.0,42.0,54.0
1784083164.597234,566.289,1980,3201,90.0,42.0,54.0
1784083164.607243,566.289,1980,3201,90.0,42.0,54.0
1784083164.617249,566.289,1980,3201,90.0,42.0,54.0
1784083164.627250,566.289,1980,3201,90.0,42.0,54.0
1784083164.637336,565.824,1980,3201,89.0,42.0,53.0
1784083164.647242,565.824,1980,3201,89.0,42.0,53.0
1784083164.657594,565.824,1980,3201,89.0,42.0,53.0
1784083164.668011,565.824,1980,3201,89.0,42.0,53.0
1784083164.677251,565.824,1980,3201,89.0,42.0,53.0
1784083164.687248,565.824,1980,3201,89.0,42.0,53.0
1784083164.697248,565.824,1980,3201,89.0,42.0,53.0
1784083164.707249,565.824,1980,3201,89.0,42.0,53.0
1784083164.717248,565.824,1980,3201,89.0,42.0,53.0
1784083164.727248,565.824,1980,3201,89.0,42.0,53.0
1784083164.737256,543.224,1980,3201,89.0,42.0,47.0
1784083164.747243,543.224,1980,3201,89.0,42.0,47.0
1784083164.757249,543.224,1980,3201,89.0,42.0,47.0
1784083164.767249,543.224,1980,3201,89.0,42.0,47.0
1784083164.777248,543.224,1980,3201,89.0,42.0,47.0
1784083164.787248,543.224,1980,3201,89.0,42.0,47.0
1784083164.797248,543.224,1980,3201,89.0,42.0,47.0
1784083164.807248,543.224,1980,3201,89.0,42.0,47.0
1784083164.817250,543.224,1980,3201,89.0,42.0,47.0
1784083164.827295,543.224,1980,3201,89.0,42.0,47.0
1784083164.837248,527.977,1980,3201,38.0,17.0,52.0
1784083164.847243,527.977,1980,3201,38.0,17.0,52.0
1784083164.857247,527.977,1980,3201,38.0,17.0,52.0
1784083164.867250,527.977,1980,3201,38.0,17.0,52.0
1784083164.877247,527.977,1980,3201,38.0,17.0,52.0
1784083164.887248,527.977,1980,3201,38.0,17.0,52.0
1784083164.897248,527.977,1980,3201,38.0,17.0,52.0
1784083164.907247,527.977,1980,3201,38.0,17.0,52.0
1784083164.917247,527.977,1980,3201,38.0,17.0,52.0
1784083164.927273,527.977,1980,3201,38.0,17.0,52.0
1784083164.937246,526.061,1980,3201,38.0,17.0,53.0
1784083164.947240,526.061,1980,3201,38.0,17.0,53.0
1784083164.957246,526.061,1980,3201,38.0,17.0,53.0
1784083164.967246,526.061,1980,3201,38.0,17.0,53.0
1784083164.977247,526.061,1980,3201,38.0,17.0,53.0
1784083164.987248,526.061,1980,3201,38.0,17.0,53.0
1784083164.997247,526.061,1980,3201,38.0,17.0,53.0
1784083165.007247,526.061,1980,3201,38.0,17.0,53.0
1784083165.017273,526.061,1980,3201,38.0,17.0,53.0
1784083165.027249,526.061,1980,3201,38.0,17.0,53.0
1784083165.037272,522.956,1980,3201,90.0,42.0,53.0
1784083165.047244,522.956,1980,3201,90.0,42.0,53.0
1784083165.057431,522.956,1980,3201,90.0,42.0,53.0
1784083165.067620,522.956,1980,3201,90.0,42.0,53.0
1784083165.077289,522.956,1980,3201,90.0,42.0,53.0
1784083165.087251,522.956,1980,3201,90.0,42.0,53.0
1784083165.097249,522.956,1980,3201,90.0,42.0,53.0
1784083165.107250,522.956,1980,3201,90.0,42.0,53.0
1784083165.117243,522.956,1980,3201,90.0,42.0,53.0
1784083165.127243,522.956,1980,3201,90.0,42.0,53.0
1784083165.137243,519.892,1980,3201,90.0,42.0,53.0
1784083165.147243,519.892,1980,3201,90.0,42.0,53.0
1784083165.157244,519.892,1980,3201,90.0,42.0,53.0
1784083165.167244,519.892,1980,3201,90.0,42.0,53.0
1784083165.177244,519.892,1980,3201,90.0,42.0,53.0
1784083165.187243,519.892,1980,3201,90.0,42.0,53.0
1784083165.197244,519.892,1980,3201,90.0,42.0,53.0
1784083165.207245,519.892,1980,3201,90.0,42.0,53.0
1784083165.217243,519.892,1980,3201,90.0,42.0,53.0
1784083165.227244,519.892,1980,3201,90.0,42.0,53.0
1784083165.237244,521.472,1980,3201,90.0,42.0,53.0
1784083165.247243,521.472,1980,3201,90.0,42.0,53.0
1784083165.257243,521.472,1980,3201,90.0,42.0,53.0
1784083165.267240,521.472,1980,3201,90.0,42.0,53.0
1784083165.277245,521.472,1980,3201,90.0,42.0,53.0
1784083165.287316,521.472,1980,3201,90.0,42.0,53.0
1784083165.297250,521.472,1980,3201,90.0,42.0,53.0
1784083165.307250,521.472,1980,3201,90.0,42.0,53.0
1784083165.317351,521.472,1980,3201,90.0,42.0,53.0
1784083165.327245,521.472,1980,3201,90.0,42.0,53.0
1784083165.337246,521.755,1980,3201,90.0,42.0,53.0
1784083165.347245,521.755,1980,3201,90.0,42.0,53.0
1784083165.357247,521.755,1980,3201,90.0,42.0,53.0
1784083165.367246,521.755,1980,3201,90.0,42.0,53.0
1784083165.377246,521.755,1980,3201,90.0,42.0,53.0
1784083165.387247,521.755,1980,3201,90.0,42.0,53.0
1784083165.397246,521.755,1980,3201,90.0,42.0,53.0
1784083165.407247,521.755,1980,3201,90.0,42.0,53.0
1784083165.417248,521.755,1980,3201,90.0,42.0,53.0
1784083165.427247,521.755,1980,3201,90.0,42.0,53.0
1784083165.437247,522.535,1980,3201,90.0,43.0,53.0
1784083165.447247,522.535,1980,3201,90.0,43.0,53.0
1784083165.457247,522.535,1980,3201,90.0,43.0,53.0
1784083165.467247,522.535,1980,3201,90.0,43.0,53.0
1784083165.477247,522.535,1980,3201,90.0,43.0,53.0
1784083165.487247,522.535,1980,3201,90.0,43.0,53.0
1784083165.497247,522.535,1980,3201,90.0,43.0,53.0
1784083165.507246,522.535,1980,3201,90.0,43.0,53.0
1784083165.517247,522.535,1980,3201,90.0,43.0,53.0
1784083165.527246,522.535,1980,3201,90.0,43.0,53.0
1784083165.537248,522.012,1980,3201,90.0,43.0,53.0
1784083165.547246,522.012,1980,3201,90.0,43.0,53.0
1784083165.557247,522.012,1980,3201,90.0,43.0,53.0
1784083165.567247,522.012,1980,3201,90.0,43.0,53.0
1784083165.577285,522.012,1980,3201,90.0,43.0,53.0
1784083165.587248,522.012,1980,3201,90.0,43.0,53.0
1784083165.597238,522.012,1980,3201,90.0,43.0,53.0
1784083165.607245,522.012,1980,3201,90.0,43.0,53.0
1784083165.617237,522.012,1980,3201,90.0,43.0,53.0
1784083165.627237,522.012,1980,3201,90.0,43.0,53.0
1784083165.637235,523.244,1980,3201,90.0,42.0,54.0
1784083165.647234,523.244,1980,3201,90.0,42.0,54.0
1784083165.657243,523.244,1980,3201,90.0,42.0,54.0
1784083165.667244,523.244,1980,3201,90.0,42.0,54.0
1784083165.677244,523.244,1980,3201,90.0,42.0,54.0
1784083165.687243,523.244,1980,3201,90.0,42.0,54.0
1784083165.697244,523.244,1980,3201,90.0,42.0,54.0
1784083165.707235,523.244,1980,3201,90.0,42.0,54.0
1784083165.717233,523.244,1980,3201,90.0,42.0,54.0
1784083165.727235,523.244,1980,3201,90.0,42.0,54.0
1784083165.737235,546.086,1980,3201,90.0,42.0,54.0
1784083165.747235,546.086,1980,3201,90.0,42.0,54.0
1784083165.757234,546.086,1980,3201,90.0,42.0,54.0
1784083165.767234,546.086,1980,3201,90.0,42.0,54.0
1784083165.777235,546.086,1980,3201,90.0,42.0,54.0
1784083165.787232,546.086,1980,3201,90.0,42.0,54.0
1784083165.797417,546.086,1980,3201,90.0,42.0,54.0
1784083165.807462,546.086,1980,3201,90.0,42.0,54.0
1784083165.817610,546.086,1980,3201,90.0,42.0,54.0
1784083165.827233,546.086,1980,3201,90.0,42.0,54.0
1784083165.837235,561.110,1980,3201,90.0,42.0,54.0
1784083165.847235,561.110,1980,3201,90.0,42.0,54.0
1784083165.857239,561.110,1980,3201,90.0,42.0,54.0
1784083165.867264,561.110,1980,3201,90.0,42.0,54.0
1784083165.877247,561.110,1980,3201,90.0,42.0,54.0
1784083165.887248,561.110,1980,3201,90.0,42.0,54.0
1784083165.897248,561.110,1980,3201,90.0,42.0,54.0
1784083165.907247,561.110,1980,3201,90.0,42.0,54.0
1784083165.917249,561.110,1980,3201,90.0,42.0,54.0
1784083165.927243,561.110,1980,3201,90.0,42.0,54.0
1784083165.937246,560.930,1980,3201,90.0,42.0,54.0
1784083165.947243,560.930,1980,3201,90.0,42.0,54.0
1784083165.957248,560.930,1980,3201,90.0,42.0,54.0
1784083165.967248,560.930,1980,3201,90.0,42.0,54.0
1784083165.977247,560.930,1980,3201,90.0,42.0,54.0
1784083165.987276,560.930,1980,3201,90.0,42.0,54.0
1784083165.997250,560.930,1980,3201,90.0,42.0,54.0
1784083166.007249,560.930,1980,3201,90.0,42.0,54.0
1784083166.017250,560.930,1980,3201,90.0,42.0,54.0
1784083166.027248,560.930,1980,3201,90.0,42.0,54.0
1784083166.037247,564.509,1980,3201,90.0,42.0,54.0
1784083166.047247,564.509,1980,3201,90.0,42.0,54.0
1784083166.057708,564.509,1980,3201,90.0,42.0,54.0
1784083166.067420,564.509,1980,3201,90.0,42.0,54.0
1784083166.077487,564.509,1980,3201,90.0,42.0,54.0
1784083166.087246,564.509,1980,3201,90.0,42.0,54.0
1784083166.097286,564.509,1980,3201,90.0,42.0,54.0
1784083166.107246,564.509,1980,3201,90.0,42.0,54.0
1784083166.117246,564.509,1980,3201,90.0,42.0,54.0
1784083166.127246,564.509,1980,3201,90.0,42.0,54.0
1784083166.137247,544.453,1980,3201,90.0,42.0,48.0
1784083166.147280,544.453,1980,3201,90.0,42.0,48.0
1784083166.157247,544.453,1980,3201,90.0,42.0,48.0
1784083166.167246,544.453,1980,3201,90.0,42.0,48.0
1784083166.177246,544.453,1980,3201,90.0,42.0,48.0
1784083166.187305,544.453,1980,3201,90.0,42.0,48.0
1784083166.197247,544.453,1980,3201,90.0,42.0,48.0
1784083166.207248,544.453,1980,3201,90.0,42.0,48.0
1784083166.217247,544.453,1980,3201,90.0,42.0,48.0
1784083166.227248,544.453,1980,3201,90.0,42.0,48.0
1784083166.237247,532.097,1980,3201,47.0,21.0,52.0
1784083166.247249,532.097,1980,3201,47.0,21.0,52.0
1784083166.257247,532.097,1980,3201,47.0,21.0,52.0
1784083166.267248,532.097,1980,3201,47.0,21.0,52.0
1784083166.277247,532.097,1980,3201,47.0,21.0,52.0
1784083166.287247,532.097,1980,3201,47.0,21.0,52.0
1784083166.297247,532.097,1980,3201,47.0,21.0,52.0
1784083166.307247,532.097,1980,3201,47.0,21.0,52.0
1784083166.317249,532.097,1980,3201,47.0,21.0,52.0
1784083166.327248,532.097,1980,3201,47.0,21.0,52.0
1784083166.337268,532.332,1980,3201,47.0,21.0,53.0
1784083166.347248,532.332,1980,3201,47.0,21.0,53.0
1784083166.357248,532.332,1980,3201,47.0,21.0,53.0
1784083166.367250,532.332,1980,3201,47.0,21.0,53.0
1784083166.377249,532.332,1980,3201,47.0,21.0,53.0
1784083166.387268,532.332,1980,3201,47.0,21.0,53.0
1784083166.397253,532.332,1980,3201,47.0,21.0,53.0
1784083166.407249,532.332,1980,3201,47.0,21.0,53.0
1784083166.417248,532.332,1980,3201,47.0,21.0,53.0
1784083166.427245,532.332,1980,3201,47.0,21.0,53.0
1784083166.437246,530.962,1980,3201,90.0,42.0,53.0
1784083166.447250,530.962,1980,3201,90.0,42.0,53.0
1784083166.457248,530.962,1980,3201,90.0,42.0,53.0
1784083166.467250,530.962,1980,3201,90.0,42.0,53.0
1784083166.477498,530.962,1980,3201,90.0,42.0,53.0
1784083166.487542,530.962,1980,3201,90.0,42.0,53.0
1784083166.497475,530.962,1980,3201,90.0,42.0,53.0
1784083166.507622,530.962,1980,3201,90.0,42.0,53.0
1784083166.517607,530.962,1980,3201,90.0,42.0,53.0
1784083166.527235,530.962,1980,3201,90.0,42.0,53.0
1784083166.537236,529.547,1980,3201,90.0,42.0,54.0
1784083166.547235,529.547,1980,3201,90.0,42.0,54.0
1784083166.557238,529.547,1980,3201,90.0,42.0,54.0
1784083166.567237,529.547,1980,3201,90.0,42.0,54.0
1784083166.577240,529.547,1980,3201,90.0,42.0,54.0
1784083166.587240,529.547,1980,3201,90.0,42.0,54.0
1784083166.597241,529.547,1980,3201,90.0,42.0,54.0
1784083166.607242,529.547,1980,3201,90.0,42.0,54.0
1784083166.617242,529.547,1980,3201,90.0,42.0,54.0
1784083166.627241,529.547,1980,3201,90.0,42.0,54.0
1784083166.637238,528.704,1980,3201,90.0,42.0,54.0
1784083166.647241,528.704,1980,3201,90.0,42.0,54.0
1784083166.657241,528.704,1980,3201,90.0,42.0,54.0
1784083166.667242,528.704,1980,3201,90.0,42.0,54.0
1784083166.677242,528.704,1980,3201,90.0,42.0,54.0
1784083166.687241,528.704,1980,3201,90.0,42.0,54.0
1784083166.697241,528.704,1980,3201,90.0,42.0,54.0
1784083166.707242,528.704,1980,3201,90.0,42.0,54.0
1784083166.717241,528.704,1980,3201,90.0,42.0,54.0
1784083166.727241,528.704,1980,3201,90.0,42.0,54.0
1784083166.737241,531.015,1980,3201,90.0,42.0,54.0
1784083166.747308,531.015,1980,3201,90.0,42.0,54.0
1784083166.757247,531.015,1980,3201,90.0,42.0,54.0
1784083166.767246,531.015,1980,3201,90.0,42.0,54.0
1784083166.777281,531.015,1980,3201,90.0,42.0,54.0
1784083166.787254,531.015,1980,3201,90.0,42.0,54.0
1784083166.797249,531.015,1980,3201,90.0,42.0,54.0
1784083166.807245,531.015,1980,3201,90.0,42.0,54.0
1784083166.817247,531.015,1980,3201,90.0,42.0,54.0
1784083166.827250,531.015,1980,3201,90.0,42.0,54.0
1784083166.837246,534.791,1980,3201,90.0,42.0,54.0
1784083166.847247,534.791,1980,3201,90.0,42.0,54.0
1784083166.857247,534.791,1980,3201,90.0,42.0,54.0
1784083166.867247,534.791,1980,3201,90.0,42.0,54.0
1784083166.877251,534.791,1980,3201,90.0,42.0,54.0
1784083166.887246,534.791,1980,3201,90.0,42.0,54.0
1784083166.897246,534.791,1980,3201,90.0,42.0,54.0
1784083166.907285,534.791,1980,3201,90.0,42.0,54.0
1784083166.917269,534.791,1980,3201,90.0,42.0,54.0
1784083166.927247,534.791,1980,3201,90.0,42.0,54.0
1784083166.937278,537.149,1980,3201,90.0,42.0,54.0
1784083166.947248,537.149,1980,3201,90.0,42.0,54.0
1784083166.957248,537.149,1980,3201,90.0,42.0,54.0
1784083166.967291,537.149,1980,3201,90.0,42.0,54.0
1784083166.977248,537.149,1980,3201,90.0,42.0,54.0
1784083166.987259,537.149,1980,3201,90.0,42.0,54.0
1784083166.997316,537.149,1980,3201,90.0,42.0,54.0
1784083167.007249,537.149,1980,3201,90.0,42.0,54.0
1784083167.017251,537.149,1980,3201,90.0,42.0,54.0
1784083167.027250,537.149,1980,3201,90.0,42.0,54.0
1784083167.037250,536.146,1980,3201,90.0,42.0,54.0
1784083167.047249,536.146,1980,3201,90.0,42.0,54.0
1784083167.057249,536.146,1980,3201,90.0,42.0,54.0
1784083167.067249,536.146,1980,3201,90.0,42.0,54.0
1784083167.077250,536.146,1980,3201,90.0,42.0,54.0
1784083167.087251,536.146,1980,3201,90.0,42.0,54.0
1784083167.097250,536.146,1980,3201,90.0,42.0,54.0
1784083167.107249,536.146,1980,3201,90.0,42.0,54.0
1784083167.117250,536.146,1980,3201,90.0,42.0,54.0
1784083167.127249,536.146,1980,3201,90.0,42.0,54.0
1784083167.137261,557.870,1980,3201,90.0,42.0,54.0
1784083167.147251,557.870,1980,3201,90.0,42.0,54.0
1784083167.157249,557.870,1980,3201,90.0,42.0,54.0
1784083167.167250,557.870,1980,3201,90.0,42.0,54.0
1784083167.177250,557.870,1980,3201,90.0,42.0,54.0
1784083167.187252,557.870,1980,3201,90.0,42.0,54.0
1784083167.197276,557.870,1980,3201,90.0,42.0,54.0
1784083167.207249,557.870,1980,3201,90.0,42.0,54.0
1784083167.217247,557.870,1980,3201,90.0,42.0,54.0
1784083167.227249,557.870,1980,3201,90.0,42.0,54.0
1784083167.237272,568.335,1980,3201,90.0,42.0,54.0
1784083167.247250,568.335,1980,3201,90.0,42.0,54.0
1784083167.257250,568.335,1980,3201,90.0,42.0,54.0
1784083167.267248,568.335,1980,3201,90.0,42.0,54.0
1784083167.277249,568.335,1980,3201,90.0,42.0,54.0
1784083167.287250,568.335,1980,3201,90.0,42.0,54.0
1784083167.297249,568.335,1980,3201,90.0,42.0,54.0
1784083167.307250,568.335,1980,3201,90.0,42.0,54.0
1784083167.317250,568.335,1980,3201,90.0,42.0,54.0
1784083167.327250,568.335,1980,3201,90.0,42.0,54.0
1784083167.337250,567.408,1980,3201,90.0,42.0,54.0
1784083167.347251,567.408,1980,3201,90.0,42.0,54.0
1784083167.357434,567.408,1980,3201,90.0,42.0,54.0
1784083167.367428,567.408,1980,3201,90.0,42.0,54.0
1784083167.377432,567.408,1980,3201,90.0,42.0,54.0
1784083167.387611,567.408,1980,3201,90.0,42.0,54.0
1784083167.397244,567.408,1980,3201,90.0,42.0,54.0
1784083167.407303,567.408,1980,3201,90.0,42.0,54.0
1784083167.417250,567.408,1980,3201,90.0,42.0,54.0
1784083167.427251,567.408,1980,3201,90.0,42.0,54.0
1784083167.437249,566.600,1980,3201,90.0,43.0,54.0
1784083167.447916,566.600,1980,3201,90.0,43.0,54.0
1784083167.457276,566.600,1980,3201,90.0,43.0,54.0
1784083167.467250,566.600,1980,3201,90.0,43.0,54.0
1784083167.477282,566.600,1980,3201,90.0,43.0,54.0
1784083167.487250,566.600,1980,3201,90.0,43.0,54.0
1784083167.497250,566.600,1980,3201,90.0,43.0,54.0
1784083167.507249,566.600,1980,3201,90.0,43.0,54.0
1784083167.517249,566.600,1980,3201,90.0,43.0,54.0
1784083167.527249,566.600,1980,3201,90.0,43.0,54.0
1784083167.537249,539.343,1980,3201,90.0,43.0,48.0
1784083167.547251,539.343,1980,3201,90.0,43.0,48.0
1784083167.557249,539.343,1980,3201,90.0,43.0,48.0
1784083167.567249,539.343,1980,3201,90.0,43.0,48.0
1784083167.577250,539.343,1980,3201,90.0,43.0,48.0
1784083167.587249,539.343,1980,3201,90.0,43.0,48.0
1784083167.597243,539.343,1980,3201,90.0,43.0,48.0
1784083167.607242,539.343,1980,3201,90.0,43.0,48.0
1784083167.617243,539.343,1980,3201,90.0,43.0,48.0
1784083167.627242,539.343,1980,3201,90.0,43.0,48.0
1784083167.637243,527.287,1980,3201,44.0,20.0,52.0
1784083167.647241,527.287,1980,3201,44.0,20.0,52.0
1784083167.657588,527.287,1980,3201,44.0,20.0,52.0
1784083167.667459,527.287,1980,3201,44.0,20.0,52.0
1784083167.677412,527.287,1980,3201,44.0,20.0,52.0
1784083167.687427,527.287,1980,3201,44.0,20.0,52.0
1784083167.697586,527.287,1980,3201,44.0,20.0,52.0
1784083167.707238,527.287,1980,3201,44.0,20.0,52.0
1784083167.717237,527.287,1980,3201,44.0,20.0,52.0
1784083167.727241,527.287,1980,3201,44.0,20.0,52.0
1784083167.737210,526.248,1980,3201,44.0,20.0,53.0
1784083167.747240,526.248,1980,3201,44.0,20.0,53.0
1784083167.757240,526.248,1980,3201,44.0,20.0,53.0
1784083167.767245,526.248,1980,3201,44.0,20.0,53.0
1784083167.777243,526.248,1980,3201,44.0,20.0,53.0
1784083167.787248,526.248,1980,3201,44.0,20.0,53.0
1784083167.797251,526.248,1980,3201,44.0,20.0,53.0
1784083167.807248,526.248,1980,3201,44.0,20.0,53.0
1784083167.817249,526.248,1980,3201,44.0,20.0,53.0
1784083167.827248,526.248,1980,3201,44.0,20.0,53.0
1784083167.837246,523.878,1980,3201,90.0,42.0,53.0
1784083167.847251,523.878,1980,3201,90.0,42.0,53.0
1784083167.857249,523.878,1980,3201,90.0,42.0,53.0
1784083167.867249,523.878,1980,3201,90.0,42.0,53.0
1784083167.877249,523.878,1980,3201,90.0,42.0,53.0
1784083167.887250,523.878,1980,3201,90.0,42.0,53.0
1784083167.897249,523.878,1980,3201,90.0,42.0,53.0
1784083167.907250,523.878,1980,3201,90.0,42.0,53.0
1784083167.917252,523.878,1980,3201,90.0,42.0,53.0
1784083167.927250,523.878,1980,3201,90.0,42.0,53.0
1784083167.937250,523.317,1980,3201,90.0,42.0,54.0
1784083167.947250,523.317,1980,3201,90.0,42.0,54.0
1784083167.957251,523.317,1980,3201,90.0,42.0,54.0
1784083167.967253,523.317,1980,3201,90.0,42.0,54.0
1784083167.977246,523.317,1980,3201,90.0,42.0,54.0
1784083167.987243,523.317,1980,3201,90.0,42.0,54.0
1784083167.997241,523.317,1980,3201,90.0,42.0,54.0
1784083168.007242,523.317,1980,3201,90.0,42.0,54.0
1784083168.017245,523.317,1980,3201,90.0,42.0,54.0
1784083168.027246,523.317,1980,3201,90.0,42.0,54.0
1784083168.037243,522.212,1980,3201,89.0,42.0,53.0
1784083168.047241,522.212,1980,3201,89.0,42.0,53.0
1784083168.057242,522.212,1980,3201,89.0,42.0,53.0
1784083168.067240,522.212,1980,3201,89.0,42.0,53.0
1784083168.077241,522.212,1980,3201,89.0,42.0,53.0
1784083168.087241,522.212,1980,3201,89.0,42.0,53.0
1784083168.097241,522.212,1980,3201,89.0,42.0,53.0
1784083168.107241,522.212,1980,3201,89.0,42.0,53.0
1784083168.117241,522.212,1980,3201,89.0,42.0,53.0
1784083168.127241,522.212,1980,3201,89.0,42.0,53.0
1784083168.137242,523.204,1980,3201,89.0,42.0,54.0
1784083168.147240,523.204,1980,3201,89.0,42.0,54.0
1784083168.157241,523.204,1980,3201,89.0,42.0,54.0
1784083168.167242,523.204,1980,3201,89.0,42.0,54.0
1784083168.177242,523.204,1980,3201,89.0,42.0,54.0
1784083168.187252,523.204,1980,3201,89.0,42.0,54.0
1784083168.197247,523.204,1980,3201,89.0,42.0,54.0
1784083168.207247,523.204,1980,3201,89.0,42.0,54.0
1784083168.217247,523.204,1980,3201,89.0,42.0,54.0
1784083168.227247,523.204,1980,3201,89.0,42.0,54.0
1784083168.237247,523.153,1980,3201,91.0,43.0,54.0
1784083168.247243,523.153,1980,3201,91.0,43.0,54.0
1784083168.257248,523.153,1980,3201,91.0,43.0,54.0
1784083168.267248,523.153,1980,3201,91.0,43.0,54.0
1784083168.277248,523.153,1980,3201,91.0,43.0,54.0
1784083168.287249,523.153,1980,3201,91.0,43.0,54.0
1784083168.297268,523.153,1980,3201,91.0,43.0,54.0
1784083168.307252,523.153,1980,3201,91.0,43.0,54.0
1784083168.317245,523.153,1980,3201,91.0,43.0,54.0
1784083168.327251,523.153,1980,3201,91.0,43.0,54.0
1784083168.337249,523.693,1980,3201,91.0,43.0,54.0
1784083168.347244,523.693,1980,3201,91.0,43.0,54.0
1784083168.357250,523.693,1980,3201,91.0,43.0,54.0
1784083168.367250,523.693,1980,3201,91.0,43.0,54.0
1784083168.378591,523.693,1980,3201,91.0,43.0,54.0
1784083168.387437,523.693,1980,3201,91.0,43.0,54.0
1784083168.397545,523.693,1980,3201,91.0,43.0,54.0
1784083168.407462,523.693,1980,3201,91.0,43.0,54.0
1784083168.417246,523.693,1980,3201,91.0,43.0,54.0
1784083168.427239,523.693,1980,3201,91.0,43.0,54.0
1784083168.437241,521.723,1980,3201,89.0,42.0,54.0
1784083168.447236,521.723,1980,3201,89.0,42.0,54.0
1784083168.457242,521.723,1980,3201,89.0,42.0,54.0
1784083168.467244,521.723,1980,3201,89.0,42.0,54.0
1784083168.477261,521.723,1980,3201,89.0,42.0,54.0
1784083168.487246,521.723,1980,3201,89.0,42.0,54.0
1784083168.497246,521.723,1980,3201,89.0,42.0,54.0
1784083168.507246,521.723,1980,3201,89.0,42.0,54.0
1784083168.517246,521.723,1980,3201,89.0,42.0,54.0
1784083168.527246,521.723,1980,3201,89.0,42.0,54.0
1784083168.537246,550.635,1980,3201,89.0,42.0,54.0
1784083168.547242,550.635,1980,3201,89.0,42.0,54.0
1784083168.557248,550.635,1980,3201,89.0,42.0,54.0
1784083168.567248,550.635,1980,3201,89.0,42.0,54.0
1784083168.577247,550.635,1980,3201,89.0,42.0,54.0
1784083168.587248,550.635,1980,3201,89.0,42.0,54.0
1784083168.597248,550.635,1980,3201,89.0,42.0,54.0
1784083168.607248,550.635,1980,3201,89.0,42.0,54.0
1784083168.617249,550.635,1980,3201,89.0,42.0,54.0
1784083168.627253,550.635,1980,3201,89.0,42.0,54.0
1784083168.637249,564.971,1980,3201,90.0,43.0,54.0
1784083168.647242,564.971,1980,3201,90.0,43.0,54.0
1784083168.657249,564.971,1980,3201,90.0,43.0,54.0
1784083168.667249,564.971,1980,3201,90.0,43.0,54.0
1784083168.677249,564.971,1980,3201,90.0,43.0,54.0
1784083168.687248,564.971,1980,3201,90.0,43.0,54.0
1784083168.697249,564.971,1980,3201,90.0,43.0,54.0
1784083168.707251,564.971,1980,3201,90.0,43.0,54.0
1784083168.717251,564.971,1980,3201,90.0,43.0,54.0
1784083168.727249,564.971,1980,3201,90.0,43.0,54.0
1784083168.737250,566.881,1980,3201,90.0,43.0,54.0
1784083168.747243,566.881,1980,3201,90.0,43.0,54.0
1784083168.757249,566.881,1980,3201,90.0,43.0,54.0
1784083168.767249,566.881,1980,3201,90.0,43.0,54.0
1784083168.777248,566.881,1980,3201,90.0,43.0,54.0
1784083168.787246,566.881,1980,3201,90.0,43.0,54.0
1784083168.797246,566.881,1980,3201,90.0,43.0,54.0
1784083168.807247,566.881,1980,3201,90.0,43.0,54.0
1784083168.817252,566.881,1980,3201,90.0,43.0,54.0
1784083168.827247,566.881,1980,3201,90.0,43.0,54.0
1784083168.837245,568.453,1980,3201,90.0,42.0,54.0
1784083168.847241,568.453,1980,3201,90.0,42.0,54.0
1784083168.857575,568.453,1980,3201,90.0,42.0,54.0
1784083168.867259,568.453,1980,3201,90.0,42.0,54.0
1784083168.877248,568.453,1980,3201,90.0,42.0,54.0
1784083168.887253,568.453,1980,3201,90.0,42.0,54.0
1784083168.897248,568.453,1980,3201,90.0,42.0,54.0
1784083168.907332,568.453,1980,3201,90.0,42.0,54.0
1784083168.917248,568.453,1980,3201,90.0,42.0,54.0
1784083168.927249,568.453,1980,3201,90.0,42.0,54.0
1784083168.937273,533.370,1980,3201,90.0,42.0,48.0
1784083168.947242,533.370,1980,3201,90.0,42.0,48.0
1784083168.957243,533.370,1980,3201,90.0,42.0,48.0
1784083168.967243,533.370,1980,3201,90.0,42.0,48.0
1784083168.977245,533.370,1980,3201,90.0,42.0,48.0
1784083168.987244,533.370,1980,3201,90.0,42.0,48.0
1784083168.997244,533.370,1980,3201,90.0,42.0,48.0
1784083169.007447,533.370,1980,3201,90.0,42.0,48.0
1784083169.017451,533.370,1980,3201,90.0,42.0,48.0
1784083169.027245,533.370,1980,3201,90.0,42.0,48.0
1784083169.037245,530.372,1980,3201,54.0,24.0,53.0
1784083169.047241,530.372,1980,3201,54.0,24.0,53.0
1784083169.057245,530.372,1980,3201,54.0,24.0,53.0
1784083169.067245,530.372,1980,3201,54.0,24.0,53.0
1784083169.077245,530.372,1980,3201,54.0,24.0,53.0
1784083169.087245,530.372,1980,3201,54.0,24.0,53.0
1784083169.097245,530.372,1980,3201,54.0,24.0,53.0
1784083169.107246,530.372,1980,3201,54.0,24.0,53.0
1784083169.117247,530.372,1980,3201,54.0,24.0,53.0
1784083169.127246,530.372,1980,3201,54.0,24.0,53.0
1784083169.137245,529.756,1980,3201,54.0,24.0,53.0
1784083169.147383,529.756,1980,3201,54.0,24.0,53.0
1784083169.157251,529.756,1980,3201,54.0,24.0,53.0
1784083169.167251,529.756,1980,3201,54.0,24.0,53.0
1784083169.177246,529.756,1980,3201,54.0,24.0,53.0
1784083169.187249,529.756,1980,3201,54.0,24.0,53.0
1784083169.197252,529.756,1980,3201,54.0,24.0,53.0
1784083169.207252,529.756,1980,3201,54.0,24.0,53.0
1784083169.217251,529.756,1980,3201,54.0,24.0,53.0
1784083169.227249,529.756,1980,3201,54.0,24.0,53.0
1784083169.237245,530.169,1980,3201,89.0,42.0,53.0
1784083169.247240,530.169,1980,3201,89.0,42.0,53.0
1784083169.257246,530.169,1980,3201,89.0,42.0,53.0
1784083169.267246,530.169,1980,3201,89.0,42.0,53.0
1784083169.277246,530.169,1980,3201,89.0,42.0,53.0
1784083169.287247,530.169,1980,3201,89.0,42.0,53.0
1784083169.297249,530.169,1980,3201,89.0,42.0,53.0
1784083169.307294,530.169,1980,3201,89.0,42.0,53.0
1784083169.317246,530.169,1980,3201,89.0,42.0,53.0
1784083169.327250,530.169,1980,3201,89.0,42.0,53.0
1784083169.337246,529.983,1980,3201,89.0,42.0,54.0
1784083169.347240,529.983,1980,3201,89.0,42.0,54.0
1784083169.357247,529.983,1980,3201,89.0,42.0,54.0
1784083169.367247,529.983,1980,3201,89.0,42.0,54.0
1784083169.377246,529.983,1980,3201,89.0,42.0,54.0
1784083169.387246,529.983,1980,3201,89.0,42.0,54.0
1784083169.397246,529.983,1980,3201,89.0,42.0,54.0
1784083169.407246,529.983,1980,3201,89.0,42.0,54.0
1784083169.417248,529.983,1980,3201,89.0,42.0,54.0
1784083169.427246,529.983,1980,3201,89.0,42.0,54.0
1784083169.437246,533.791,1980,3201,91.0,43.0,54.0
1784083169.447240,533.791,1980,3201,91.0,43.0,54.0
1784083169.457247,533.791,1980,3201,91.0,43.0,54.0
1784083169.467246,533.791,1980,3201,91.0,43.0,54.0
1784083169.477246,533.791,1980,3201,91.0,43.0,54.0
1784083169.487239,533.791,1980,3201,91.0,43.0,54.0
1784083169.497240,533.791,1980,3201,91.0,43.0,54.0
1784083169.507241,533.791,1980,3201,91.0,43.0,54.0
1784083169.517262,533.791,1980,3201,91.0,43.0,54.0
1784083169.527242,533.791,1980,3201,91.0,43.0,54.0
1784083169.537244,533.038,1980,3201,91.0,43.0,54.0
1784083169.547244,533.038,1980,3201,91.0,43.0,54.0
1784083169.557248,533.038,1980,3201,91.0,43.0,54.0
1784083169.567249,533.038,1980,3201,91.0,43.0,54.0
1784083169.577247,533.038,1980,3201,91.0,43.0,54.0
1784083169.587243,533.038,1980,3201,91.0,43.0,54.0
1784083169.597242,533.038,1980,3201,91.0,43.0,54.0
1784083169.607241,533.038,1980,3201,91.0,43.0,54.0
1784083169.617242,533.038,1980,3201,91.0,43.0,54.0
1784083169.627241,533.038,1980,3201,91.0,43.0,54.0
1784083169.637241,531.118,1980,3201,90.0,42.0,54.0
1784083169.647243,531.118,1980,3201,90.0,42.0,54.0
1784083169.657243,531.118,1980,3201,90.0,42.0,54.0
1784083169.667310,531.118,1980,3201,90.0,42.0,54.0
1784083169.677342,531.118,1980,3201,90.0,42.0,54.0
1784083169.687313,531.118,1980,3201,90.0,42.0,54.0
1784083169.697244,531.118,1980,3201,90.0,42.0,54.0
1784083169.707243,531.118,1980,3201,90.0,42.0,54.0
1784083169.717243,531.118,1980,3201,90.0,42.0,54.0
1784083169.727243,531.118,1980,3201,90.0,42.0,54.0
1784083169.737244,527.294,1980,3201,90.0,42.0,54.0
1784083169.747248,527.294,1980,3201,90.0,42.0,54.0
1784083169.757247,527.294,1980,3201,90.0,42.0,54.0
1784083169.767245,527.294,1980,3201,90.0,42.0,54.0
1784083169.777247,527.294,1980,3201,90.0,42.0,54.0
1784083169.787252,527.294,1980,3201,90.0,42.0,54.0
1784083169.797247,527.294,1980,3201,90.0,42.0,54.0
1784083169.807247,527.294,1980,3201,90.0,42.0,54.0
1784083169.817295,527.294,1980,3201,90.0,42.0,54.0
1784083169.827280,527.294,1980,3201,90.0,42.0,54.0
1784083169.837247,526.962,1980,3201,90.0,42.0,54.0
1784083169.847249,526.962,1980,3201,90.0,42.0,54.0
1784083169.857248,526.962,1980,3201,90.0,42.0,54.0
1784083169.867248,526.962,1980,3201,90.0,42.0,54.0
1784083169.877248,526.962,1980,3201,90.0,42.0,54.0
1784083169.887249,526.962,1980,3201,90.0,42.0,54.0
1784083169.897249,526.962,1980,3201,90.0,42.0,54.0
1784083169.907249,526.962,1980,3201,90.0,42.0,54.0
1784083169.917257,526.962,1980,3201,90.0,42.0,54.0
1784083169.927251,526.962,1980,3201,90.0,42.0,54.0
1784083169.937249,553.749,1980,3201,90.0,42.0,54.0
1784083169.947248,553.749,1980,3201,90.0,42.0,54.0
1784083169.957245,553.749,1980,3201,90.0,42.0,54.0
1784083169.967248,553.749,1980,3201,90.0,42.0,54.0
1784083169.977251,553.749,1980,3201,90.0,42.0,54.0
1784083169.987249,553.749,1980,3201,90.0,42.0,54.0
1784083169.997279,553.749,1980,3201,90.0,42.0,54.0
1784083170.007245,553.749,1980,3201,90.0,42.0,54.0
1784083170.017246,553.749,1980,3201,90.0,42.0,54.0
1784083170.027249,553.749,1980,3201,90.0,42.0,54.0
1784083170.037245,565.890,1980,3201,90.0,42.0,54.0
1784083170.047246,565.890,1980,3201,90.0,42.0,54.0
1784083170.057246,565.890,1980,3201,90.0,42.0,54.0
1784083170.067277,565.890,1980,3201,90.0,42.0,54.0
1784083170.077246,565.890,1980,3201,90.0,42.0,54.0
1784083170.087245,565.890,1980,3201,90.0,42.0,54.0
1784083170.097247,565.890,1980,3201,90.0,42.0,54.0
1784083170.107246,565.890,1980,3201,90.0,42.0,54.0
1784083170.117247,565.890,1980,3201,90.0,42.0,54.0
1784083170.127246,565.890,1980,3201,90.0,42.0,54.0
1784083170.137245,566.435,1980,3201,90.0,42.0,54.0
1784083170.147245,566.435,1980,3201,90.0,42.0,54.0
1784083170.157246,566.435,1980,3201,90.0,42.0,54.0
1784083170.167248,566.435,1980,3201,90.0,42.0,54.0
1784083170.177252,566.435,1980,3201,90.0,42.0,54.0
1784083170.187247,566.435,1980,3201,90.0,42.0,54.0
1784083170.197247,566.435,1980,3201,90.0,42.0,54.0
1784083170.207246,566.435,1980,3201,90.0,42.0,54.0
1784083170.217246,566.435,1980,3201,90.0,42.0,54.0
1784083170.227247,566.435,1980,3201,90.0,42.0,54.0
1784083170.237247,564.355,1980,3201,91.0,43.0,54.0
1784083170.247801,564.355,1980,3201,91.0,43.0,54.0
1784083170.257247,564.355,1980,3201,91.0,43.0,54.0
1784083170.267246,564.355,1980,3201,91.0,43.0,54.0
1784083170.277247,564.355,1980,3201,91.0,43.0,54.0
1784083170.287248,564.355,1980,3201,91.0,43.0,54.0
1784083170.297247,564.355,1980,3201,91.0,43.0,54.0
1784083170.307246,564.355,1980,3201,91.0,43.0,54.0
1784083170.317247,564.355,1980,3201,91.0,43.0,54.0
1784083170.327246,564.355,1980,3201,91.0,43.0,54.0
1784083170.337248,526.377,1980,3201,91.0,43.0,48.0
1784083170.347246,526.377,1980,3201,91.0,43.0,48.0
1784083170.357245,526.377,1980,3201,91.0,43.0,48.0
1784083170.367246,526.377,1980,3201,91.0,43.0,48.0
1784083170.377245,526.377,1980,3201,91.0,43.0,48.0
1784083170.387268,526.377,1980,3201,91.0,43.0,48.0
1784083170.397245,526.377,1980,3201,91.0,43.0,48.0
1784083170.407246,526.377,1980,3201,91.0,43.0,48.0
1784083170.417272,526.377,1980,3201,91.0,43.0,48.0
1784083170.427246,526.377,1980,3201,91.0,43.0,48.0
1784083170.437249,525.204,1980,3201,50.0,23.0,52.0
1784083170.447247,525.204,1980,3201,50.0,23.0,52.0
1784083170.457249,525.204,1980,3201,50.0,23.0,52.0
1784083170.467247,525.204,1980,3201,50.0,23.0,52.0
1784083170.477247,525.204,1980,3201,50.0,23.0,52.0
1784083170.487246,525.204,1980,3201,50.0,23.0,52.0
1784083170.497247,525.204,1980,3201,50.0,23.0,52.0
1784083170.507246,525.204,1980,3201,50.0,23.0,52.0
1784083170.517248,525.204,1980,3201,50.0,23.0,52.0
1784083170.527247,525.204,1980,3201,50.0,23.0,52.0
1784083170.537247,527.776,1980,3201,50.0,23.0,53.0
1784083170.547247,527.776,1980,3201,50.0,23.0,53.0
1784083170.557250,527.776,1980,3201,50.0,23.0,53.0
1784083170.567247,527.776,1980,3201,50.0,23.0,53.0
1784083170.577248,527.776,1980,3201,50.0,23.0,53.0
1784083170.587247,527.776,1980,3201,50.0,23.0,53.0
1784083170.597248,527.776,1980,3201,50.0,23.0,53.0
1784083170.607250,527.776,1980,3201,50.0,23.0,53.0
1784083170.617247,527.776,1980,3201,50.0,23.0,53.0
1784083170.627248,527.776,1980,3201,50.0,23.0,53.0
1784083170.637247,529.411,1980,3201,90.0,42.0,54.0
1784083170.647257,529.411,1980,3201,90.0,42.0,54.0
1784083170.657302,529.411,1980,3201,90.0,42.0,54.0
1784083170.667247,529.411,1980,3201,90.0,42.0,54.0
1784083170.677249,529.411,1980,3201,90.0,42.0,54.0
1784083170.687294,529.411,1980,3201,90.0,42.0,54.0
1784083170.697248,529.411,1980,3201,90.0,42.0,54.0
1784083170.707247,529.411,1980,3201,90.0,42.0,54.0
1784083170.717238,529.411,1980,3201,90.0,42.0,54.0
1784083170.727246,529.411,1980,3201,90.0,42.0,54.0
1784083170.737247,531.600,1980,3201,90.0,42.0,54.0
1784083170.747246,531.600,1980,3201,90.0,42.0,54.0
1784083170.757282,531.600,1980,3201,90.0,42.0,54.0
1784083170.767246,531.600,1980,3201,90.0,42.0,54.0
1784083170.777245,531.600,1980,3201,90.0,42.0,54.0
1784083170.787246,531.600,1980,3201,90.0,42.0,54.0
1784083170.797248,531.600,1980,3201,90.0,42.0,54.0
1784083170.807246,531.600,1980,3201,90.0,42.0,54.0
1784083170.817247,531.600,1980,3201,90.0,42.0,54.0
1784083170.827248,531.600,1980,3201,90.0,42.0,54.0
1784083170.837247,529.865,1980,3201,90.0,42.0,54.0
1784083170.847247,529.865,1980,3201,90.0,42.0,54.0
1784083170.857248,529.865,1980,3201,90.0,42.0,54.0
1784083170.867481,529.865,1980,3201,90.0,42.0,54.0
1784083170.877435,529.865,1980,3201,90.0,42.0,54.0
1784083170.887700,529.865,1980,3201,90.0,42.0,54.0
1784083170.897242,529.865,1980,3201,90.0,42.0,54.0
1784083170.907237,529.865,1980,3201,90.0,42.0,54.0
1784083170.917242,529.865,1980,3201,90.0,42.0,54.0
1784083170.927241,529.865,1980,3201,90.0,42.0,54.0
1784083170.937242,526.922,1980,3201,90.0,42.0,54.0
1784083170.947245,526.922,1980,3201,90.0,42.0,54.0
1784083170.957245,526.922,1980,3201,90.0,42.0,54.0
1784083170.967246,526.922,1980,3201,90.0,42.0,54.0
1784083170.977246,526.922,1980,3201,90.0,42.0,54.0
1784083170.987246,526.922,1980,3201,90.0,42.0,54.0
1784083170.997246,526.922,1980,3201,90.0,42.0,54.0
1784083171.007246,526.922,1980,3201,90.0,42.0,54.0
1784083171.017246,526.922,1980,3201,90.0,42.0,54.0
1784083171.027245,526.922,1980,3201,90.0,42.0,54.0
1784083171.037246,525.137,1980,3201,90.0,42.0,54.0
1784083171.047246,525.137,1980,3201,90.0,42.0,54.0
1784083171.057246,525.137,1980,3201,90.0,42.0,54.0
1784083171.067244,525.137,1980,3201,90.0,42.0,54.0
1784083171.077245,525.137,1980,3201,90.0,42.0,54.0
1784083171.087247,525.137,1980,3201,90.0,42.0,54.0
1784083171.097247,525.137,1980,3201,90.0,42.0,54.0
1784083171.107253,525.137,1980,3201,90.0,42.0,54.0
1784083171.117253,525.137,1980,3201,90.0,42.0,54.0
1784083171.127250,525.137,1980,3201,90.0,42.0,54.0
1784083171.137251,525.710,1980,3201,90.0,42.0,54.0
1784083171.147251,525.710,1980,3201,90.0,42.0,54.0
1784083171.157252,525.710,1980,3201,90.0,42.0,54.0
1784083171.167247,525.710,1980,3201,90.0,42.0,54.0
1784083171.177251,525.710,1980,3201,90.0,42.0,54.0
1784083171.187305,525.710,1980,3201,90.0,42.0,54.0
1784083171.197253,525.710,1980,3201,90.0,42.0,54.0
1784083171.207252,525.710,1980,3201,90.0,42.0,54.0
1784083171.217253,525.710,1980,3201,90.0,42.0,54.0
1784083171.227252,525.710,1980,3201,90.0,42.0,54.0
1784083171.237252,524.138,1980,3201,90.0,42.0,54.0
1784083171.247321,524.138,1980,3201,90.0,42.0,54.0
1784083171.257253,524.138,1980,3201,90.0,42.0,54.0
1784083171.267240,524.138,1980,3201,90.0,42.0,54.0
1784083171.277252,524.138,1980,3201,90.0,42.0,54.0
1784083171.287252,524.138,1980,3201,90.0,42.0,54.0
1784083171.297252,524.138,1980,3201,90.0,42.0,54.0
1784083171.307436,524.138,1980,3201,90.0,42.0,54.0
1784083171.317252,524.138,1980,3201,90.0,42.0,54.0
1784083171.327249,524.138,1980,3201,90.0,42.0,54.0
1784083171.337247,552.736,1980,3201,90.0,42.0,54.0
1784083171.347342,552.736,1980,3201,90.0,42.0,54.0
1784083171.357253,552.736,1980,3201,90.0,42.0,54.0
1784083171.367245,552.736,1980,3201,90.0,42.0,54.0
1784083171.377253,552.736,1980,3201,90.0,42.0,54.0
1784083171.387253,552.736,1980,3201,90.0,42.0,54.0
1784083171.397252,552.736,1980,3201,90.0,42.0,54.0
1784083171.407256,552.736,1980,3201,90.0,42.0,54.0
1784083171.417252,552.736,1980,3201,90.0,42.0,54.0
1784083171.427253,552.736,1980,3201,90.0,42.0,54.0
1784083171.437258,562.340,1980,3201,89.0,42.0,54.0
1784083171.447273,562.340,1980,3201,89.0,42.0,54.0
1784083171.457253,562.340,1980,3201,89.0,42.0,54.0
1784083171.467244,562.340,1980,3201,89.0,42.0,54.0
1784083171.477255,562.340,1980,3201,89.0,42.0,54.0
1784083171.487253,562.340,1980,3201,89.0,42.0,54.0
1784083171.497252,562.340,1980,3201,89.0,42.0,54.0
1784083171.507251,562.340,1980,3201,89.0,42.0,54.0
1784083171.517251,562.340,1980,3201,89.0,42.0,54.0
1784083171.527249,562.340,1980,3201,89.0,42.0,54.0
1784083171.537251,561.105,1980,3201,89.0,42.0,54.0
1784083171.547252,561.105,1980,3201,89.0,42.0,54.0
1784083171.557251,561.105,1980,3201,89.0,42.0,54.0
1784083171.567244,561.105,1980,3201,89.0,42.0,54.0
1784083171.577245,561.105,1980,3201,89.0,42.0,54.0
1784083171.587245,561.105,1980,3201,89.0,42.0,54.0
1784083171.597245,561.105,1980,3201,89.0,42.0,54.0
1784083171.607246,561.105,1980,3201,89.0,42.0,54.0
1784083171.617247,561.105,1980,3201,89.0,42.0,54.0
1784083171.627246,561.105,1980,3201,89.0,42.0,54.0
1784083171.637246,561.245,1980,3201,90.0,42.0,54.0
1784083171.647250,561.245,1980,3201,90.0,42.0,54.0
1784083171.658797,561.245,1980,3201,90.0,42.0,54.0
1784083171.667251,561.245,1980,3201,90.0,42.0,54.0
1784083171.677248,561.245,1980,3201,90.0,42.0,54.0
1784083171.687259,561.245,1980,3201,90.0,42.0,54.0
1784083171.697254,561.245,1980,3201,90.0,42.0,54.0
1784083171.707249,561.245,1980,3201,90.0,42.0,54.0
1784083171.717249,561.245,1980,3201,90.0,42.0,54.0
1784083171.727249,561.245,1980,3201,90.0,42.0,54.0
1784083171.737249,527.762,1980,3201,90.0,42.0,48.0
1784083171.747250,527.762,1980,3201,90.0,42.0,48.0
1784083171.757249,527.762,1980,3201,90.0,42.0,48.0
1784083171.767253,527.762,1980,3201,90.0,42.0,48.0
1784083171.777248,527.762,1980,3201,90.0,42.0,48.0
1784083171.787433,527.762,1980,3201,90.0,42.0,48.0
1784083171.797449,527.762,1980,3201,90.0,42.0,48.0
1784083171.807247,527.762,1980,3201,90.0,42.0,48.0
1784083171.817247,527.762,1980,3201,90.0,42.0,48.0
1784083171.827250,527.762,1980,3201,90.0,42.0,48.0
1784083171.837249,526.041,1980,3201,53.0,24.0,53.0
1784083171.847250,526.041,1980,3201,53.0,24.0,53.0
1784083171.857244,526.041,1980,3201,53.0,24.0,53.0
1784083171.867243,526.041,1980,3201,53.0,24.0,53.0
1784083171.877245,526.041,1980,3201,53.0,24.0,53.0
1784083171.887245,526.041,1980,3201,53.0,24.0,53.0
1784083171.897244,526.041,1980,3201,53.0,24.0,53.0
1784083171.907245,526.041,1980,3201,53.0,24.0,53.0
1784083171.917243,526.041,1980,3201,53.0,24.0,53.0
1784083171.927243,526.041,1980,3201,53.0,24.0,53.0
1784083171.937243,528.920,1980,3201,53.0,24.0,54.0
1784083171.947244,528.920,1980,3201,53.0,24.0,54.0
1784083171.957244,528.920,1980,3201,53.0,24.0,54.0
1784083171.967242,528.920,1980,3201,53.0,24.0,54.0
1784083171.977242,528.920,1980,3201,53.0,24.0,54.0
1784083171.987243,528.920,1980,3201,53.0,24.0,54.0
1784083171.997243,528.920,1980,3201,53.0,24.0,54.0
1784083172.007244,528.920,1980,3201,53.0,24.0,54.0
1784083172.017326,528.920,1980,3201,53.0,24.0,54.0
1784083172.027252,528.920,1980,3201,53.0,24.0,54.0
1784083172.037253,531.352,1980,3201,89.0,42.0,54.0
1784083172.047291,531.352,1980,3201,89.0,42.0,54.0
1784083172.057253,531.352,1980,3201,89.0,42.0,54.0
1784083172.067254,531.352,1980,3201,89.0,42.0,54.0
1784083172.077252,531.352,1980,3201,89.0,42.0,54.0
1784083172.087253,531.352,1980,3201,89.0,42.0,54.0
1784083172.097253,531.352,1980,3201,89.0,42.0,54.0
1784083172.107255,531.352,1980,3201,89.0,42.0,54.0
1784083172.117253,531.352,1980,3201,89.0,42.0,54.0
1784083172.127253,531.352,1980,3201,89.0,42.0,54.0
1784083172.137349,530.791,1980,3201,89.0,42.0,54.0
1784083172.147253,530.791,1980,3201,89.0,42.0,54.0
1784083172.157253,530.791,1980,3201,89.0,42.0,54.0
1784083172.167253,530.791,1980,3201,89.0,42.0,54.0
1784083172.177254,530.791,1980,3201,89.0,42.0,54.0
1784083172.187253,530.791,1980,3201,89.0,42.0,54.0
1784083172.197253,530.791,1980,3201,89.0,42.0,54.0
1784083172.207253,530.791,1980,3201,89.0,42.0,54.0
1784083172.217252,530.791,1980,3201,89.0,42.0,54.0
1784083172.227253,530.791,1980,3201,89.0,42.0,54.0
1784083172.237254,530.446,1980,3201,90.0,42.0,54.0
1784083172.247253,530.446,1980,3201,90.0,42.0,54.0
1784083172.257252,530.446,1980,3201,90.0,42.0,54.0
1784083172.267251,530.446,1980,3201,90.0,42.0,54.0
1784083172.277253,530.446,1980,3201,90.0,42.0,54.0
1784083172.287253,530.446,1980,3201,90.0,42.0,54.0
1784083172.297252,530.446,1980,3201,90.0,42.0,54.0
1784083172.307438,530.446,1980,3201,90.0,42.0,54.0
1784083172.317453,530.446,1980,3201,90.0,42.0,54.0
1784083172.327241,530.446,1980,3201,90.0,42.0,54.0
1784083172.337239,530.779,1980,3201,90.0,42.0,54.0
1784083172.347242,530.779,1980,3201,90.0,42.0,54.0
1784083172.357241,530.779,1980,3201,90.0,42.0,54.0
1784083172.367241,530.779,1980,3201,90.0,42.0,54.0
1784083172.377241,530.779,1980,3201,90.0,42.0,54.0
1784083172.387241,530.779,1980,3201,90.0,42.0,54.0
1784083172.397241,530.779,1980,3201,90.0,42.0,54.0
1784083172.407242,530.779,1980,3201,90.0,42.0,54.0
1784083172.417241,530.779,1980,3201,90.0,42.0,54.0
1784083172.427241,530.779,1980,3201,90.0,42.0,54.0
1784083172.437241,529.351,1980,3201,89.0,42.0,54.0
1784083172.447242,529.351,1980,3201,89.0,42.0,54.0
1784083172.457242,529.351,1980,3201,89.0,42.0,54.0
1784083172.467241,529.351,1980,3201,89.0,42.0,54.0
1784083172.477241,529.351,1980,3201,89.0,42.0,54.0
1784083172.487241,529.351,1980,3201,89.0,42.0,54.0
1784083172.497242,529.351,1980,3201,89.0,42.0,54.0
1784083172.507248,529.351,1980,3201,89.0,42.0,54.0
1784083172.517247,529.351,1980,3201,89.0,42.0,54.0
1784083172.527246,529.351,1980,3201,89.0,42.0,54.0
1784083172.537268,530.506,1980,3201,89.0,42.0,54.0
1784083172.547247,530.506,1980,3201,89.0,42.0,54.0
1784083172.557247,530.506,1980,3201,89.0,42.0,54.0
1784083172.567247,530.506,1980,3201,89.0,42.0,54.0
1784083172.577247,530.506,1980,3201,89.0,42.0,54.0
1784083172.587248,530.506,1980,3201,89.0,42.0,54.0
1784083172.597247,530.506,1980,3201,89.0,42.0,54.0
1784083172.607247,530.506,1980,3201,89.0,42.0,54.0
1784083172.617247,530.506,1980,3201,89.0,42.0,54.0
1784083172.627249,530.506,1980,3201,89.0,42.0,54.0
1784083172.637280,532.431,1980,3201,90.0,42.0,54.0
1784083172.647248,532.431,1980,3201,90.0,42.0,54.0
1784083172.657268,532.431,1980,3201,90.0,42.0,54.0
1784083172.667248,532.431,1980,3201,90.0,42.0,54.0
1784083172.677297,532.431,1980,3201,90.0,42.0,54.0
1784083172.687249,532.431,1980,3201,90.0,42.0,54.0
1784083172.697246,532.431,1980,3201,90.0,42.0,54.0
1784083172.707246,532.431,1980,3201,90.0,42.0,54.0
1784083172.717245,532.431,1980,3201,90.0,42.0,54.0
1784083172.727246,532.431,1980,3201,90.0,42.0,54.0
1784083172.737245,566.653,1980,3201,90.0,42.0,54.0
1784083172.747245,566.653,1980,3201,90.0,42.0,54.0
1784083172.757247,566.653,1980,3201,90.0,42.0,54.0
1784083172.767246,566.653,1980,3201,90.0,42.0,54.0
1784083172.777246,566.653,1980,3201,90.0,42.0,54.0
1784083172.787246,566.653,1980,3201,90.0,42.0,54.0
1784083172.797246,566.653,1980,3201,90.0,42.0,54.0
1784083172.807246,566.653,1980,3201,90.0,42.0,54.0
1784083172.817246,566.653,1980,3201,90.0,42.0,54.0
1784083172.827246,566.653,1980,3201,90.0,42.0,54.0
1784083172.837246,570.631,1980,3201,90.0,43.0,54.0
1784083172.847246,570.631,1980,3201,90.0,43.0,54.0
1784083172.857249,570.631,1980,3201,90.0,43.0,54.0
1784083172.867253,570.631,1980,3201,90.0,43.0,54.0
1784083172.877247,570.631,1980,3201,90.0,43.0,54.0
1784083172.887246,570.631,1980,3201,90.0,43.0,54.0
1784083172.897256,570.631,1980,3201,90.0,43.0,54.0
1784083172.907247,570.631,1980,3201,90.0,43.0,54.0
1784083172.917248,570.631,1980,3201,90.0,43.0,54.0
1784083172.927249,570.631,1980,3201,90.0,43.0,54.0
1784083172.937249,570.044,1980,3201,90.0,43.0,54.0
1784083172.947248,570.044,1980,3201,90.0,43.0,54.0
1784083172.957249,570.044,1980,3201,90.0,43.0,54.0
1784083172.967249,570.044,1980,3201,90.0,43.0,54.0
1784083172.977251,570.044,1980,3201,90.0,43.0,54.0
1784083172.987249,570.044,1980,3201,90.0,43.0,54.0
1784083172.997249,570.044,1980,3201,90.0,43.0,54.0
1784083173.007248,570.044,1980,3201,90.0,43.0,54.0
1784083173.017249,570.044,1980,3201,90.0,43.0,54.0
1784083173.027241,570.044,1980,3201,90.0,43.0,54.0
1784083173.037249,567.952,1980,3201,90.0,42.0,54.0
1784083173.048426,567.952,1980,3201,90.0,42.0,54.0
1784083173.057247,567.952,1980,3201,90.0,42.0,54.0
1784083173.067250,567.952,1980,3201,90.0,42.0,54.0
1784083173.077250,567.952,1980,3201,90.0,42.0,54.0
1784083173.087248,567.952,1980,3201,90.0,42.0,54.0
1784083173.097294,567.952,1980,3201,90.0,42.0,54.0
1784083173.107286,567.952,1980,3201,90.0,42.0,54.0
1784083173.117247,567.952,1980,3201,90.0,42.0,54.0
1784083173.127246,567.952,1980,3201,90.0,42.0,54.0
1784083173.137246,529.225,1980,3201,90.0,42.0,49.0
1784083173.147246,529.225,1980,3201,90.0,42.0,49.0
1784083173.157247,529.225,1980,3201,90.0,42.0,49.0
1784083173.167248,529.225,1980,3201,90.0,42.0,49.0
1784083173.177246,529.225,1980,3201,90.0,42.0,49.0
1784083173.187248,529.225,1980,3201,90.0,42.0,49.0
1784083173.197248,529.225,1980,3201,90.0,42.0,49.0
1784083173.207242,529.225,1980,3201,90.0,42.0,49.0
1784083173.217242,529.225,1980,3201,90.0,42.0,49.0
1784083173.227242,529.225,1980,3201,90.0,42.0,49.0
1784083173.237242,526.674,1980,3201,45.0,20.0,53.0
1784083173.247242,526.674,1980,3201,45.0,20.0,53.0
1784083173.257241,526.674,1980,3201,45.0,20.0,53.0
1784083173.267241,526.674,1980,3201,45.0,20.0,53.0
1784083173.277469,526.674,1980,3201,45.0,20.0,53.0
1784083173.287606,526.674,1980,3201,45.0,20.0,53.0
1784083173.297239,526.674,1980,3201,45.0,20.0,53.0
1784083173.307245,526.674,1980,3201,45.0,20.0,53.0
1784083173.317243,526.674,1980,3201,45.0,20.0,53.0
1784083173.327244,526.674,1980,3201,45.0,20.0,53.0
1784083173.337250,527.098,1980,3201,45.0,20.0,54.0
1784083173.347249,527.098,1980,3201,45.0,20.0,54.0
1784083173.357249,527.098,1980,3201,45.0,20.0,54.0
1784083173.367252,527.098,1980,3201,45.0,20.0,54.0
1784083173.377249,527.098,1980,3201,45.0,20.0,54.0
1784083173.387250,527.098,1980,3201,45.0,20.0,54.0
1784083173.397248,527.098,1980,3201,45.0,20.0,54.0
1784083173.407250,527.098,1980,3201,45.0,20.0,54.0
1784083173.417249,527.098,1980,3201,45.0,20.0,54.0
1784083173.427249,527.098,1980,3201,45.0,20.0,54.0
1784083173.437304,529.589,1980,3201,90.0,42.0,54.0
1784083173.447249,529.589,1980,3201,90.0,42.0,54.0
1784083173.457247,529.589,1980,3201,90.0,42.0,54.0
1784083173.467248,529.589,1980,3201,90.0,42.0,54.0
1784083173.477247,529.589,1980,3201,90.0,42.0,54.0
1784083173.487291,529.589,1980,3201,90.0,42.0,54.0
1784083173.497247,529.589,1980,3201,90.0,42.0,54.0
1784083173.507248,529.589,1980,3201,90.0,42.0,54.0
1784083173.517247,529.589,1980,3201,90.0,42.0,54.0
1784083173.527247,529.589,1980,3201,90.0,42.0,54.0
1784083173.537261,529.941,1980,3201,90.0,42.0,54.0
1784083173.547248,529.941,1980,3201,90.0,42.0,54.0
1784083173.557249,529.941,1980,3201,90.0,42.0,54.0
1784083173.567248,529.941,1980,3201,90.0,42.0,54.0
1784083173.577249,529.941,1980,3201,90.0,42.0,54.0
1784083173.587249,529.941,1980,3201,90.0,42.0,54.0
1784083173.597249,529.941,1980,3201,90.0,42.0,54.0
1784083173.607248,529.941,1980,3201,90.0,42.0,54.0
1784083173.617249,529.941,1980,3201,90.0,42.0,54.0
1784083173.627249,529.941,1980,3201,90.0,42.0,54.0
1784083173.637248,529.983,1980,3201,90.0,42.0,54.0
1784083173.647249,529.983,1980,3201,90.0,42.0,54.0
1784083173.657252,529.983,1980,3201,90.0,42.0,54.0
1784083173.667249,529.983,1980,3201,90.0,42.0,54.0
1784083173.677250,529.983,1980,3201,90.0,42.0,54.0
1784083173.687249,529.983,1980,3201,90.0,42.0,54.0
1784083173.697248,529.983,1980,3201,90.0,42.0,54.0
1784083173.707248,529.983,1980,3201,90.0,42.0,54.0
1784083173.717249,529.983,1980,3201,90.0,42.0,54.0
1784083173.727249,529.983,1980,3201,90.0,42.0,54.0
1784083173.737250,528.156,1980,3201,90.0,42.0,54.0
1784083173.747249,528.156,1980,3201,90.0,42.0,54.0
1784083173.757250,528.156,1980,3201,90.0,42.0,54.0
1784083173.767246,528.156,1980,3201,90.0,42.0,54.0
1784083173.777251,528.156,1980,3201,90.0,42.0,54.0
1784083173.787248,528.156,1980,3201,90.0,42.0,54.0
1784083173.797250,528.156,1980,3201,90.0,42.0,54.0
1784083173.807249,528.156,1980,3201,90.0,42.0,54.0
1784083173.817249,528.156,1980,3201,90.0,42.0,54.0
1784083173.827250,528.156,1980,3201,90.0,42.0,54.0
1784083173.837287,526.703,1980,3201,90.0,42.0,54.0
1784083173.847251,526.703,1980,3201,90.0,42.0,54.0
1784083173.857248,526.703,1980,3201,90.0,42.0,54.0
1784083173.867247,526.703,1980,3201,90.0,42.0,54.0
1784083173.877254,526.703,1980,3201,90.0,42.0,54.0
1784083173.887439,526.703,1980,3201,90.0,42.0,54.0
1784083173.897435,526.703,1980,3201,90.0,42.0,54.0
1784083173.907539,526.703,1980,3201,90.0,42.0,54.0
1784083173.917470,526.703,1980,3201,90.0,42.0,54.0
1784083173.927245,526.703,1980,3201,90.0,42.0,54.0
1784083173.937243,523.369,1980,3201,90.0,42.0,55.0
1784083173.947238,523.369,1980,3201,90.0,42.0,55.0
1784083173.957243,523.369,1980,3201,90.0,42.0,55.0
1784083173.967242,523.369,1980,3201,90.0,42.0,55.0
1784083173.977244,523.369,1980,3201,90.0,42.0,55.0
1784083173.987248,523.369,1980,3201,90.0,42.0,55.0
1784083173.997246,523.369,1980,3201,90.0,42.0,55.0
1784083174.007248,523.369,1980,3201,90.0,42.0,55.0
1784083174.017249,523.369,1980,3201,90.0,42.0,55.0
1784083174.027249,523.369,1980,3201,90.0,42.0,55.0
1784083174.037248,523.285,1980,3201,90.0,42.0,55.0
1784083174.047248,523.285,1980,3201,90.0,42.0,55.0
1784083174.057249,523.285,1980,3201,90.0,42.0,55.0
1784083174.067248,523.285,1980,3201,90.0,42.0,55.0
1784083174.077249,523.285,1980,3201,90.0,42.0,55.0
1784083174.087248,523.285,1980,3201,90.0,42.0,55.0
1784083174.097248,523.285,1980,3201,90.0,42.0,55.0
1784083174.107248,523.285,1980,3201,90.0,42.0,55.0
1784083174.117249,523.285,1980,3201,90.0,42.0,55.0
1784083174.127248,523.285,1980,3201,90.0,42.0,55.0
1784083174.137249,554.748,1980,3201,90.0,42.0,55.0
1784083174.147248,554.748,1980,3201,90.0,42.0,55.0
1784083174.157249,554.748,1980,3201,90.0,42.0,55.0
1784083174.167247,554.748,1980,3201,90.0,42.0,55.0
1784083174.177248,554.748,1980,3201,90.0,42.0,55.0
1784083174.187248,554.748,1980,3201,90.0,42.0,55.0
1784083174.197285,554.748,1980,3201,90.0,42.0,55.0
1784083174.207340,554.748,1980,3201,90.0,42.0,55.0
1784083174.217252,554.748,1980,3201,90.0,42.0,55.0
1784083174.227248,554.748,1980,3201,90.0,42.0,55.0
1784083174.237250,567.732,1980,3201,90.0,42.0,54.0
1784083174.247247,567.732,1980,3201,90.0,42.0,54.0
1784083174.257247,567.732,1980,3201,90.0,42.0,54.0
1784083174.267247,567.732,1980,3201,90.0,42.0,54.0
1784083174.277247,567.732,1980,3201,90.0,42.0,54.0
1784083174.287247,567.732,1980,3201,90.0,42.0,54.0
1784083174.297246,567.732,1980,3201,90.0,42.0,54.0
1784083174.307245,567.732,1980,3201,90.0,42.0,54.0
1784083174.317247,567.732,1980,3201,90.0,42.0,54.0
1784083174.327276,567.732,1980,3201,90.0,42.0,54.0
1784083174.337247,570.167,1980,3201,90.0,42.0,55.0
1784083174.347247,570.167,1980,3201,90.0,42.0,55.0
1784083174.357249,570.167,1980,3201,90.0,42.0,55.0
1784083174.367247,570.167,1980,3201,90.0,42.0,55.0
1784083174.377247,570.167,1980,3201,90.0,42.0,55.0
1784083174.387246,570.167,1980,3201,90.0,42.0,55.0
1784083174.397246,570.167,1980,3201,90.0,42.0,55.0
1784083174.407246,570.167,1980,3201,90.0,42.0,55.0
1784083174.417247,570.167,1980,3201,90.0,42.0,55.0
1784083174.427247,570.167,1980,3201,90.0,42.0,55.0
1784083174.437246,569.989,1980,3201,90.0,43.0,55.0
1784083174.447246,569.989,1980,3201,90.0,43.0,55.0
1784083174.457369,569.989,1980,3201,90.0,43.0,55.0
1784083174.467248,569.989,1980,3201,90.0,43.0,55.0
1784083174.477280,569.989,1980,3201,90.0,43.0,55.0
1784083174.487253,569.989,1980,3201,90.0,43.0,55.0
1784083174.497246,569.989,1980,3201,90.0,43.0,55.0
1784083174.507246,569.989,1980,3201,90.0,43.0,55.0
1784083174.517247,569.989,1980,3201,90.0,43.0,55.0
1784083174.527246,569.989,1980,3201,90.0,43.0,55.0
1784083174.537246,539.340,1980,3201,90.0,43.0,49.0
1784083174.547247,539.340,1980,3201,90.0,43.0,49.0
1784083174.557246,539.340,1980,3201,90.0,43.0,49.0
1784083174.567247,539.340,1980,3201,90.0,43.0,49.0
1784083174.577291,539.340,1980,3201,90.0,43.0,49.0
1784083174.587246,539.340,1980,3201,90.0,43.0,49.0
1784083174.597248,539.340,1980,3201,90.0,43.0,49.0
1784083174.607246,539.340,1980,3201,90.0,43.0,49.0
1784083174.617246,539.340,1980,3201,90.0,43.0,49.0
1784083174.627246,539.340,1980,3201,90.0,43.0,49.0
1784083174.637246,537.490,1980,3201,57.0,26.0,53.0
1784083174.647245,537.490,1980,3201,57.0,26.0,53.0
1784083174.657252,537.490,1980,3201,57.0,26.0,53.0
1784083174.667246,537.490,1980,3201,57.0,26.0,53.0
1784083174.677245,537.490,1980,3201,57.0,26.0,53.0
1784083174.687245,537.490,1980,3201,57.0,26.0,53.0
1784083174.697245,537.490,1980,3201,57.0,26.0,53.0
1784083174.707246,537.490,1980,3201,57.0,26.0,53.0
1784083174.717247,537.490,1980,3201,57.0,26.0,53.0
1784083174.727247,537.490,1980,3201,57.0,26.0,53.0
1784083174.737247,538.952,1980,3201,57.0,26.0,54.0
1784083174.747247,538.952,1980,3201,57.0,26.0,54.0
1784083174.757296,538.952,1980,3201,57.0,26.0,54.0
1784083174.767248,538.952,1980,3201,57.0,26.0,54.0
1784083174.777247,538.952,1980,3201,57.0,26.0,54.0
1784083174.787247,538.952,1980,3201,57.0,26.0,54.0
1784083174.797247,538.952,1980,3201,57.0,26.0,54.0
1784083174.807248,538.952,1980,3201,57.0,26.0,54.0
1784083174.817249,538.952,1980,3201,57.0,26.0,54.0
1784083174.827247,538.952,1980,3201,57.0,26.0,54.0
1784083174.837247,540.739,1980,3201,91.0,43.0,54.0
1784083174.847262,540.739,1980,3201,91.0,43.0,54.0
1784083174.857247,540.739,1980,3201,91.0,43.0,54.0
1784083174.867248,540.739,1980,3201,91.0,43.0,54.0
1784083174.877247,540.739,1980,3201,91.0,43.0,54.0
1784083174.887249,540.739,1980,3201,91.0,43.0,54.0
1784083174.897249,540.739,1980,3201,91.0,43.0,54.0
1784083174.907249,540.739,1980,3201,91.0,43.0,54.0
1784083174.917250,540.739,1980,3201,91.0,43.0,54.0
1784083174.927251,540.739,1980,3201,91.0,43.0,54.0
1784083174.937252,542.405,1980,3201,91.0,43.0,54.0
1784083174.947251,542.405,1980,3201,91.0,43.0,54.0
1784083174.957252,542.405,1980,3201,91.0,43.0,54.0
1784083174.967252,542.405,1980,3201,91.0,43.0,54.0
1784083174.977252,542.405,1980,3201,91.0,43.0,54.0
1784083174.987254,542.405,1980,3201,91.0,43.0,54.0
1784083174.997254,542.405,1980,3201,91.0,43.0,54.0
1784083175.007253,542.405,1980,3201,91.0,43.0,54.0
1784083175.017251,542.405,1980,3201,91.0,43.0,54.0
1784083175.027521,542.405,1980,3201,91.0,43.0,54.0
1784083175.037247,542.071,1980,3201,90.0,42.0,55.0
1784083175.047244,542.071,1980,3201,90.0,42.0,55.0
1784083175.057252,542.071,1980,3201,90.0,42.0,55.0
1784083175.067250,542.071,1980,3201,90.0,42.0,55.0
1784083175.077250,542.071,1980,3201,90.0,42.0,55.0
1784083175.087245,542.071,1980,3201,90.0,42.0,55.0
1784083175.097253,542.071,1980,3201,90.0,42.0,55.0
1784083175.107247,542.071,1980,3201,90.0,42.0,55.0
1784083175.117246,542.071,1980,3201,90.0,42.0,55.0
1784083175.127247,542.071,1980,3201,90.0,42.0,55.0
1784083175.137246,540.025,1980,3201,90.0,42.0,55.0
1784083175.147247,540.025,1980,3201,90.0,42.0,55.0
1784083175.157249,540.025,1980,3201,90.0,42.0,55.0
1784083175.167246,540.025,1980,3201,90.0,42.0,55.0
1784083175.177247,540.025,1980,3201,90.0,42.0,55.0
1784083175.187247,540.025,1980,3201,90.0,42.0,55.0
1784083175.197246,540.025,1980,3201,90.0,42.0,55.0
1784083175.207260,540.025,1980,3201,90.0,42.0,55.0
1784083175.217254,540.025,1980,3201,90.0,42.0,55.0
1784083175.227247,540.025,1980,3201,90.0,42.0,55.0
1784083175.237293,541.441,1980,3201,90.0,42.0,55.0
1784083175.247287,541.441,1980,3201,90.0,42.0,55.0
1784083175.257243,541.441,1980,3201,90.0,42.0,55.0
1784083175.267242,541.441,1980,3201,90.0,42.0,55.0
1784083175.277242,541.441,1980,3201,90.0,42.0,55.0
1784083175.287241,541.441,1980,3201,90.0,42.0,55.0
1784083175.297243,541.441,1980,3201,90.0,42.0,55.0
1784083175.307242,541.441,1980,3201,90.0,42.0,55.0
1784083175.317242,541.441,1980,3201,90.0,42.0,55.0
1784083175.327242,541.441,1980,3201,90.0,42.0,55.0
1784083175.337242,540.797,1980,3201,90.0,42.0,55.0
1784083175.347242,540.797,1980,3201,90.0,42.0,55.0
1784083175.357243,540.797,1980,3201,90.0,42.0,55.0
1784083175.367242,540.797,1980,3201,90.0,42.0,55.0
1784083175.377242,540.797,1980,3201,90.0,42.0,55.0
1784083175.387244,540.797,1980,3201,90.0,42.0,55.0
1784083175.397242,540.797,1980,3201,90.0,42.0,55.0
1784083175.407241,540.797,1980,3201,90.0,42.0,55.0
1784083175.417308,540.797,1980,3201,90.0,42.0,55.0
1784083175.427246,540.797,1980,3201,90.0,42.0,55.0
1784083175.437248,541.311,1980,3201,90.0,42.0,55.0
1784083175.447246,541.311,1980,3201,90.0,42.0,55.0
1784083175.457246,541.311,1980,3201,90.0,42.0,55.0
1784083175.467245,541.311,1980,3201,90.0,42.0,55.0
1784083175.477245,541.311,1980,3201,90.0,42.0,55.0
1784083175.487247,541.311,1980,3201,90.0,42.0,55.0
1784083175.497247,541.311,1980,3201,90.0,42.0,55.0
1784083175.507248,541.311,1980,3201,90.0,42.0,55.0
1784083175.517248,541.311,1980,3201,90.0,42.0,55.0
1784083175.527248,541.311,1980,3201,90.0,42.0,55.0
1784083175.537247,571.092,1980,3201,90.0,42.0,55.0
1784083175.547248,571.092,1980,3201,90.0,42.0,55.0
1784083175.557247,571.092,1980,3201,90.0,42.0,55.0
1784083175.567247,571.092,1980,3201,90.0,42.0,55.0
1784083175.577247,571.092,1980,3201,90.0,42.0,55.0
1784083175.587247,571.092,1980,3201,90.0,42.0,55.0
1784083175.597247,571.092,1980,3201,90.0,42.0,55.0
1784083175.607248,571.092,1980,3201,90.0,42.0,55.0
1784083175.617252,571.092,1980,3201,90.0,42.0,55.0
1784083175.627242,571.092,1980,3201,90.0,42.0,55.0
1784083175.637241,570.685,1980,3201,90.0,43.0,55.0
1784083175.647242,570.685,1980,3201,90.0,43.0,55.0
1784083175.657243,570.685,1980,3201,90.0,43.0,55.0
1784083175.667247,570.685,1980,3201,90.0,43.0,55.0
1784083175.677249,570.685,1980,3201,90.0,43.0,55.0
1784083175.687248,570.685,1980,3201,90.0,43.0,55.0
1784083175.697248,570.685,1980,3201,90.0,43.0,55.0
1784083175.707246,570.685,1980,3201,90.0,43.0,55.0
1784083175.717247,570.685,1980,3201,90.0,43.0,55.0
1784083175.727247,570.685,1980,3201,90.0,43.0,55.0
1784083175.737247,568.312,1980,3201,90.0,43.0,55.0
1784083175.747236,568.312,1980,3201,90.0,43.0,55.0
1784083175.757234,568.312,1980,3201,90.0,43.0,55.0
1784083175.767236,568.312,1980,3201,90.0,43.0,55.0
1784083175.777235,568.312,1980,3201,90.0,43.0,55.0
1784083175.787235,568.312,1980,3201,90.0,43.0,55.0
1784083175.797235,568.312,1980,3201,90.0,43.0,55.0
1784083175.807235,568.312,1980,3201,90.0,43.0,55.0
1784083175.817758,568.312,1980,3201,90.0,43.0,55.0
1784083175.827247,568.312,1980,3201,90.0,43.0,55.0
1784083175.838218,566.337,1980,3201,90.0,42.0,55.0
1784083175.847247,566.337,1980,3201,90.0,42.0,55.0
1784083175.857247,566.337,1980,3201,90.0,42.0,55.0
1784083175.867255,566.337,1980,3201,90.0,42.0,55.0
1784083175.877246,566.337,1980,3201,90.0,42.0,55.0
1784083175.887246,566.337,1980,3201,90.0,42.0,55.0
1784083175.897246,566.337,1980,3201,90.0,42.0,55.0
1784083175.907248,566.337,1980,3201,90.0,42.0,55.0
1784083175.917248,566.337,1980,3201,90.0,42.0,55.0
1784083175.927249,566.337,1980,3201,90.0,42.0,55.0
1784083175.937714,531.674,1980,3201,90.0,42.0,48.0
1784083175.947245,531.674,1980,3201,90.0,42.0,48.0
1784083175.957248,531.674,1980,3201,90.0,42.0,48.0
1784083175.967250,531.674,1980,3201,90.0,42.0,48.0
1784083175.977251,531.674,1980,3201,90.0,42.0,48.0
1784083175.987249,531.674,1980,3201,90.0,42.0,48.0
1784083175.997250,531.674,1980,3201,90.0,42.0,48.0
1784083176.007252,531.674,1980,3201,90.0,42.0,48.0
1784083176.017250,531.674,1980,3201,90.0,42.0,48.0
1784083176.027251,531.674,1980,3201,90.0,42.0,48.0
1784083176.037250,533.011,1980,3201,59.0,27.0,53.0
1784083176.047251,533.011,1980,3201,59.0,27.0,53.0
1784083176.057254,533.011,1980,3201,59.0,27.0,53.0
1784083176.067251,533.011,1980,3201,59.0,27.0,53.0
1784083176.077250,533.011,1980,3201,59.0,27.0,53.0
1784083176.087251,533.011,1980,3201,59.0,27.0,53.0
1784083176.097251,533.011,1980,3201,59.0,27.0,53.0
1784083176.107251,533.011,1980,3201,59.0,27.0,53.0
1784083176.117301,533.011,1980,3201,59.0,27.0,53.0
1784083176.127252,533.011,1980,3201,59.0,27.0,53.0
1784083176.137252,533.458,1980,3201,59.0,27.0,54.0
1784083176.147252,533.458,1980,3201,59.0,27.0,54.0
1784083176.157251,533.458,1980,3201,59.0,27.0,54.0
1784083176.167250,533.458,1980,3201,59.0,27.0,54.0
1784083176.177251,533.458,1980,3201,59.0,27.0,54.0
1784083176.187249,533.458,1980,3201,59.0,27.0,54.0
1784083176.197249,533.458,1980,3201,59.0,27.0,54.0
1784083176.207250,533.458,1980,3201,59.0,27.0,54.0
1784083176.217250,533.458,1980,3201,59.0,27.0,54.0
1784083176.227250,533.458,1980,3201,59.0,27.0,54.0
1784083176.237245,531.725,1980,3201,90.0,42.0,54.0
1784083176.247245,531.725,1980,3201,90.0,42.0,54.0
1784083176.257245,531.725,1980,3201,90.0,42.0,54.0
1784083176.267248,531.725,1980,3201,90.0,42.0,54.0
1784083176.277246,531.725,1980,3201,90.0,42.0,54.0
1784083176.287276,531.725,1980,3201,90.0,42.0,54.0
1784083176.297246,531.725,1980,3201,90.0,42.0,54.0
1784083176.307247,531.725,1980,3201,90.0,42.0,54.0
1784083176.317244,531.725,1980,3201,90.0,42.0,54.0
1784083176.327246,531.725,1980,3201,90.0,42.0,54.0
1784083176.337247,531.697,1980,3201,90.0,42.0,54.0
1784083176.347247,531.697,1980,3201,90.0,42.0,54.0
1784083176.357248,531.697,1980,3201,90.0,42.0,54.0
1784083176.367249,531.697,1980,3201,90.0,42.0,54.0
1784083176.377247,531.697,1980,3201,90.0,42.0,54.0
1784083176.387246,531.697,1980,3201,90.0,42.0,54.0
1784083176.397247,531.697,1980,3201,90.0,42.0,54.0
1784083176.407247,531.697,1980,3201,90.0,42.0,54.0
1784083176.417248,531.697,1980,3201,90.0,42.0,54.0
1784083176.427247,531.697,1980,3201,90.0,42.0,54.0
1784083176.437248,529.353,1980,3201,90.0,42.0,55.0
1784083176.447247,529.353,1980,3201,90.0,42.0,55.0
1784083176.457267,529.353,1980,3201,90.0,42.0,55.0
1784083176.467247,529.353,1980,3201,90.0,42.0,55.0
1784083176.477247,529.353,1980,3201,90.0,42.0,55.0
1784083176.487250,529.353,1980,3201,90.0,42.0,55.0
1784083176.497280,529.353,1980,3201,90.0,42.0,55.0
1784083176.507239,529.353,1980,3201,90.0,42.0,55.0
1784083176.517458,529.353,1980,3201,90.0,42.0,55.0
1784083176.527234,529.353,1980,3201,90.0,42.0,55.0
1784083176.537244,527.046,1980,3201,90.0,42.0,55.0
1784083176.547245,527.046,1980,3201,90.0,42.0,55.0
1784083176.557246,527.046,1980,3201,90.0,42.0,55.0
1784083176.567248,527.046,1980,3201,90.0,42.0,55.0
1784083176.577245,527.046,1980,3201,90.0,42.0,55.0
1784083176.587362,527.046,1980,3201,90.0,42.0,55.0
1784083176.597274,527.046,1980,3201,90.0,42.0,55.0
1784083176.607349,527.046,1980,3201,90.0,42.0,55.0
1784083176.617272,527.046,1980,3201,90.0,42.0,55.0
1784083176.627246,527.046,1980,3201,90.0,42.0,55.0
1784083176.637247,527.162,1980,3201,90.0,42.0,55.0
1784083176.647246,527.162,1980,3201,90.0,42.0,55.0
1784083176.657247,527.162,1980,3201,90.0,42.0,55.0
1784083176.667253,527.162,1980,3201,90.0,42.0,55.0
1784083176.677247,527.162,1980,3201,90.0,42.0,55.0
1784083176.687241,527.162,1980,3201,90.0,42.0,55.0
1784083176.697242,527.162,1980,3201,90.0,42.0,55.0
1784083176.707243,527.162,1980,3201,90.0,42.0,55.0
1784083176.717243,527.162,1980,3201,90.0,42.0,55.0
1784083176.727242,527.162,1980,3201,90.0,42.0,55.0
1784083176.737243,530.189,1980,3201,90.0,42.0,55.0
1784083176.747242,530.189,1980,3201,90.0,42.0,55.0
1784083176.757242,530.189,1980,3201,90.0,42.0,55.0
1784083176.767244,530.189,1980,3201,90.0,42.0,55.0
1784083176.777242,530.189,1980,3201,90.0,42.0,55.0
1784083176.787239,530.189,1980,3201,90.0,42.0,55.0
1784083176.797242,530.189,1980,3201,90.0,42.0,55.0
1784083176.807243,530.189,1980,3201,90.0,42.0,55.0
1784083176.817242,530.189,1980,3201,90.0,42.0,55.0
1784083176.827243,530.189,1980,3201,90.0,42.0,55.0
1784083176.837242,531.878,1980,3201,90.0,42.0,55.0
1784083176.847242,531.878,1980,3201,90.0,42.0,55.0
1784083176.857243,531.878,1980,3201,90.0,42.0,55.0
1784083176.867249,531.878,1980,3201,90.0,42.0,55.0
1784083176.877406,531.878,1980,3201,90.0,42.0,55.0
1784083176.887243,531.878,1980,3201,90.0,42.0,55.0
1784083176.897251,531.878,1980,3201,90.0,42.0,55.0
1784083176.907250,531.878,1980,3201,90.0,42.0,55.0
1784083176.917248,531.878,1980,3201,90.0,42.0,55.0
1784083176.927247,531.878,1980,3201,90.0,42.0,55.0
1784083176.937248,563.991,1980,3201,90.0,42.0,55.0
1784083176.947249,563.991,1980,3201,90.0,42.0,55.0
1784083176.957275,563.991,1980,3201,90.0,42.0,55.0
1784083176.967247,563.991,1980,3201,90.0,42.0,55.0
1784083176.977248,563.991,1980,3201,90.0,42.0,55.0
1784083176.987239,563.991,1980,3201,90.0,42.0,55.0
1784083176.997246,563.991,1980,3201,90.0,42.0,55.0
1784083177.007294,563.991,1980,3201,90.0,42.0,55.0
1784083177.017246,563.991,1980,3201,90.0,42.0,55.0
1784083177.027244,563.991,1980,3201,90.0,42.0,55.0
1784083177.037246,567.354,1980,3201,90.0,42.0,55.0
1784083177.047245,567.354,1980,3201,90.0,42.0,55.0
1784083177.057246,567.354,1980,3201,90.0,42.0,55.0
1784083177.067248,567.354,1980,3201,90.0,42.0,55.0
1784083177.077273,567.354,1980,3201,90.0,42.0,55.0
1784083177.087243,567.354,1980,3201,90.0,42.0,55.0
1784083177.097302,567.354,1980,3201,90.0,42.0,55.0
1784083177.107247,567.354,1980,3201,90.0,42.0,55.0
1784083177.117247,567.354,1980,3201,90.0,42.0,55.0
1784083177.127247,567.354,1980,3201,90.0,42.0,55.0
1784083177.137247,565.268,1980,3201,90.0,42.0,55.0
1784083177.147247,565.268,1980,3201,90.0,42.0,55.0
1784083177.157247,565.268,1980,3201,90.0,42.0,55.0
1784083177.167250,565.268,1980,3201,90.0,42.0,55.0
1784083177.177247,565.268,1980,3201,90.0,42.0,55.0
1784083177.187243,565.268,1980,3201,90.0,42.0,55.0
1784083177.197467,565.268,1980,3201,90.0,42.0,55.0
1784083177.207444,565.268,1980,3201,90.0,42.0,55.0
1784083177.217247,565.268,1980,3201,90.0,42.0,55.0
1784083177.227248,565.268,1980,3201,90.0,42.0,55.0
1784083177.237930,563.751,1980,3201,90.0,42.0,55.0
1784083177.247254,563.751,1980,3201,90.0,42.0,55.0
1784083177.257250,563.751,1980,3201,90.0,42.0,55.0
1784083177.267265,563.751,1980,3201,90.0,42.0,55.0
1784083177.277299,563.751,1980,3201,90.0,42.0,55.0
1784083177.287579,563.751,1980,3201,90.0,42.0,55.0
1784083177.297253,563.751,1980,3201,90.0,42.0,55.0
1784083177.307252,563.751,1980,3201,90.0,42.0,55.0
1784083177.317253,563.751,1980,3201,90.0,42.0,55.0
1784083177.327302,563.751,1980,3201,90.0,42.0,55.0
1784083177.337295,530.871,1980,3201,90.0,42.0,51.0
1784083177.347471,530.871,1980,3201,90.0,42.0,51.0
1784083177.357659,530.871,1980,3201,90.0,42.0,51.0
1784083177.367242,530.871,1980,3201,90.0,42.0,51.0
1784083177.377249,530.871,1980,3201,90.0,42.0,51.0
1784083177.387250,530.871,1980,3201,90.0,42.0,51.0
1784083177.397297,530.871,1980,3201,90.0,42.0,51.0
1784083177.407246,530.871,1980,3201,90.0,42.0,51.0
1784083177.417245,530.871,1980,3201,90.0,42.0,51.0
1784083177.427246,530.871,1980,3201,90.0,42.0,51.0
1784083177.437245,530.488,1980,3201,66.0,29.0,54.0
1784083177.447246,530.488,1980,3201,66.0,29.0,54.0
1784083177.457247,530.488,1980,3201,66.0,29.0,54.0
1784083177.467248,530.488,1980,3201,66.0,29.0,54.0
1784083177.477249,530.488,1980,3201,66.0,29.0,54.0
1784083177.487247,530.488,1980,3201,66.0,29.0,54.0
1784083177.497248,530.488,1980,3201,66.0,29.0,54.0
1784083177.507251,530.488,1980,3201,66.0,29.0,54.0
1784083177.517249,530.488,1980,3201,66.0,29.0,54.0
1784083177.527250,530.488,1980,3201,66.0,29.0,54.0
1784083177.537249,532.760,1980,3201,66.0,29.0,54.0
1784083177.547249,532.760,1980,3201,66.0,29.0,54.0
1784083177.557249,532.760,1980,3201,66.0,29.0,54.0
1784083177.567270,532.760,1980,3201,66.0,29.0,54.0
1784083177.577252,532.760,1980,3201,66.0,29.0,54.0
1784083177.587250,532.760,1980,3201,66.0,29.0,54.0
1784083177.597250,532.760,1980,3201,66.0,29.0,54.0
1784083177.607250,532.760,1980,3201,66.0,29.0,54.0
1784083177.617250,532.760,1980,3201,66.0,29.0,54.0
1784083177.627250,532.760,1980,3201,66.0,29.0,54.0
1784083177.637251,534.136,1980,3201,90.0,42.0,54.0
1784083177.647252,534.136,1980,3201,90.0,42.0,54.0
1784083177.657252,534.136,1980,3201,90.0,42.0,54.0
1784083177.667251,534.136,1980,3201,90.0,42.0,54.0
1784083177.677255,534.136,1980,3201,90.0,42.0,54.0
1784083177.687250,534.136,1980,3201,90.0,42.0,54.0
1784083177.697251,534.136,1980,3201,90.0,42.0,54.0
1784083177.707250,534.136,1980,3201,90.0,42.0,54.0
1784083177.717251,534.136,1980,3201,90.0,42.0,54.0
1784083177.727251,534.136,1980,3201,90.0,42.0,54.0
1784083177.737250,533.086,1980,3201,90.0,42.0,54.0
1784083177.747251,533.086,1980,3201,90.0,42.0,54.0
1784083177.757250,533.086,1980,3201,90.0,42.0,54.0
1784083177.767247,533.086,1980,3201,90.0,42.0,54.0
1784083177.777252,533.086,1980,3201,90.0,42.0,54.0
1784083177.787252,533.086,1980,3201,90.0,42.0,54.0
1784083177.797253,533.086,1980,3201,90.0,42.0,54.0
1784083177.807251,533.086,1980,3201,90.0,42.0,54.0
1784083177.817252,533.086,1980,3201,90.0,42.0,54.0
1784083177.827253,533.086,1980,3201,90.0,42.0,54.0
1784083177.837253,530.978,1980,3201,90.0,42.0,55.0
1784083177.847254,530.978,1980,3201,90.0,42.0,55.0
1784083177.857253,530.978,1980,3201,90.0,42.0,55.0
1784083177.867254,530.978,1980,3201,90.0,42.0,55.0
1784083177.877253,530.978,1980,3201,90.0,42.0,55.0
1784083177.887246,530.978,1980,3201,90.0,42.0,55.0
1784083177.897252,530.978,1980,3201,90.0,42.0,55.0
1784083177.907254,530.978,1980,3201,90.0,42.0,55.0
1784083177.917254,530.978,1980,3201,90.0,42.0,55.0
1784083177.927492,530.978,1980,3201,90.0,42.0,55.0
1784083177.937499,528.337,1980,3201,90.0,42.0,55.0
1784083177.947243,528.337,1980,3201,90.0,42.0,55.0
1784083177.957241,528.337,1980,3201,90.0,42.0,55.0
1784083177.967254,528.337,1980,3201,90.0,42.0,55.0
1784083177.977259,528.337,1980,3201,90.0,42.0,55.0
1784083177.987253,528.337,1980,3201,90.0,42.0,55.0
1784083177.997267,528.337,1980,3201,90.0,42.0,55.0
1784083178.007252,528.337,1980,3201,90.0,42.0,55.0
1784083178.017286,528.337,1980,3201,90.0,42.0,55.0
1784083178.027252,528.337,1980,3201,90.0,42.0,55.0
1784083178.037305,528.263,1980,3201,89.0,42.0,55.0
1784083178.047252,528.263,1980,3201,89.0,42.0,55.0
1784083178.057252,528.263,1980,3201,89.0,42.0,55.0
1784083178.067259,528.263,1980,3201,89.0,42.0,55.0
1784083178.077253,528.263,1980,3201,89.0,42.0,55.0
1784083178.087254,528.263,1980,3201,89.0,42.0,55.0
1784083178.097245,528.263,1980,3201,89.0,42.0,55.0
1784083178.107247,528.263,1980,3201,89.0,42.0,55.0
1784083178.117246,528.263,1980,3201,89.0,42.0,55.0
1784083178.127246,528.263,1980,3201,89.0,42.0,55.0
1784083178.137244,530.409,1980,3201,89.0,42.0,55.0
1784083178.147245,530.409,1980,3201,89.0,42.0,55.0
1784083178.157244,530.409,1980,3201,89.0,42.0,55.0
1784083178.167244,530.409,1980,3201,89.0,42.0,55.0
1784083178.177246,530.409,1980,3201,89.0,42.0,55.0
1784083178.187246,530.409,1980,3201,89.0,42.0,55.0
1784083178.197241,530.409,1980,3201,89.0,42.0,55.0
1784083178.207240,530.409,1980,3201,89.0,42.0,55.0
1784083178.217241,530.409,1980,3201,89.0,42.0,55.0
1784083178.227241,530.409,1980,3201,89.0,42.0,55.0
1784083178.237241,532.964,1980,3201,89.0,42.0,55.0
1784083178.247348,532.964,1980,3201,89.0,42.0,55.0
1784083178.257247,532.964,1980,3201,89.0,42.0,55.0
1784083178.267247,532.964,1980,3201,89.0,42.0,55.0
1784083178.277246,532.964,1980,3201,89.0,42.0,55.0
1784083178.287246,532.964,1980,3201,89.0,42.0,55.0
1784083178.297246,532.964,1980,3201,89.0,42.0,55.0
1784083178.307247,532.964,1980,3201,89.0,42.0,55.0
1784083178.317247,532.964,1980,3201,89.0,42.0,55.0
1784083178.327248,532.964,1980,3201,89.0,42.0,55.0
1784083178.337247,563.723,1980,3201,89.0,42.0,55.0
1784083178.347250,563.723,1980,3201,89.0,42.0,55.0
1784083178.357247,563.723,1980,3201,89.0,42.0,55.0
1784083178.367248,563.723,1980,3201,89.0,42.0,55.0
1784083178.377247,563.723,1980,3201,89.0,42.0,55.0
1784083178.387244,563.723,1980,3201,89.0,42.0,55.0
1784083178.397247,563.723,1980,3201,89.0,42.0,55.0
1784083178.407248,563.723,1980,3201,89.0,42.0,55.0
1784083178.417248,563.723,1980,3201,89.0,42.0,55.0
1784083178.427247,563.723,1980,3201,89.0,42.0,55.0
1784083178.437247,566.889,1980,3201,90.0,43.0,55.0
1784083178.447248,566.889,1980,3201,90.0,43.0,55.0
1784083178.457248,566.889,1980,3201,90.0,43.0,55.0
1784083178.467248,566.889,1980,3201,90.0,43.0,55.0
1784083178.477235,566.889,1980,3201,90.0,43.0,55.0
1784083178.487235,566.889,1980,3201,90.0,43.0,55.0
1784083178.497235,566.889,1980,3201,90.0,43.0,55.0
1784083178.507235,566.889,1980,3201,90.0,43.0,55.0
1784083178.517235,566.889,1980,3201,90.0,43.0,55.0
1784083178.527234,566.889,1980,3201,90.0,43.0,55.0
1784083178.537235,565.095,1980,3201,90.0,43.0,55.0
1784083178.547236,565.095,1980,3201,90.0,43.0,55.0
1784083178.557236,565.095,1980,3201,90.0,43.0,55.0
1784083178.567235,565.095,1980,3201,90.0,43.0,55.0
1784083178.577341,565.095,1980,3201,90.0,43.0,55.0
1784083178.587243,565.095,1980,3201,90.0,43.0,55.0
1784083178.597483,565.095,1980,3201,90.0,43.0,55.0
1784083178.607294,565.095,1980,3201,90.0,43.0,55.0
1784083178.617247,565.095,1980,3201,90.0,43.0,55.0
1784083178.627889,565.095,1980,3201,90.0,43.0,55.0
1784083178.637249,558.459,1980,3201,90.0,42.0,54.0
1784083178.647247,558.459,1980,3201,90.0,42.0,54.0
1784083178.657241,558.459,1980,3201,90.0,42.0,54.0
1784083178.667300,558.459,1980,3201,90.0,42.0,54.0
1784083178.677284,558.459,1980,3201,90.0,42.0,54.0
1784083178.687247,558.459,1980,3201,90.0,42.0,54.0
1784083178.697247,558.459,1980,3201,90.0,42.0,54.0
1784083178.707297,558.459,1980,3201,90.0,42.0,54.0
1784083178.717247,558.459,1980,3201,90.0,42.0,54.0
1784083178.727244,558.459,1980,3201,90.0,42.0,54.0
1784083178.737248,525.138,1980,3201,90.0,42.0,50.0
1784083178.747247,525.138,1980,3201,90.0,42.0,50.0
1784083178.757241,525.138,1980,3201,90.0,42.0,50.0
1784083178.767247,525.138,1980,3201,90.0,42.0,50.0
1784083178.777247,525.138,1980,3201,90.0,42.0,50.0
1784083178.787249,525.138,1980,3201,90.0,42.0,50.0
1784083178.797249,525.138,1980,3201,90.0,42.0,50.0
1784083178.807248,525.138,1980,3201,90.0,42.0,50.0
1784083178.817249,525.138,1980,3201,90.0,42.0,50.0
1784083178.827249,525.138,1980,3201,90.0,42.0,50.0
1784083178.837250,527.054,1980,3201,67.0,30.0,54.0
1784083178.847250,527.054,1980,3201,67.0,30.0,54.0
1784083178.857243,527.054,1980,3201,67.0,30.0,54.0
1784083178.867249,527.054,1980,3201,67.0,30.0,54.0
1784083178.877244,527.054,1980,3201,67.0,30.0,54.0
1784083178.887250,527.054,1980,3201,67.0,30.0,54.0
1784083178.897249,527.054,1980,3201,67.0,30.0,54.0
1784083178.907249,527.054,1980,3201,67.0,30.0,54.0
1784083178.917248,527.054,1980,3201,67.0,30.0,54.0
1784083178.927248,527.054,1980,3201,67.0,30.0,54.0
1784083178.937248,530.221,1980,3201,67.0,30.0,54.0
1784083178.947247,530.221,1980,3201,67.0,30.0,54.0
1784083178.957242,530.221,1980,3201,67.0,30.0,54.0
1784083178.967252,530.221,1980,3201,67.0,30.0,54.0
1784083178.977240,530.221,1980,3201,67.0,30.0,54.0
1784083178.987246,530.221,1980,3201,67.0,30.0,54.0
1784083178.997246,530.221,1980,3201,67.0,30.0,54.0
1784083179.007246,530.221,1980,3201,67.0,30.0,54.0
1784083179.017254,530.221,1980,3201,67.0,30.0,54.0
1784083179.027248,530.221,1980,3201,67.0,30.0,54.0
1784083179.037247,530.259,1980,3201,90.0,42.0,54.0
1784083179.047247,530.259,1980,3201,90.0,42.0,54.0
1784083179.057242,530.259,1980,3201,90.0,42.0,54.0
1784083179.067248,530.259,1980,3201,90.0,42.0,54.0
1784083179.077242,530.259,1980,3201,90.0,42.0,54.0
1784083179.087294,530.259,1980,3201,90.0,42.0,54.0
1784083179.097248,530.259,1980,3201,90.0,42.0,54.0
1784083179.107247,530.259,1980,3201,90.0,42.0,54.0
1784083179.117247,530.259,1980,3201,90.0,42.0,54.0
1784083179.127248,530.259,1980,3201,90.0,42.0,54.0
1784083179.137284,529.317,1980,3201,90.0,42.0,55.0
1784083179.147247,529.317,1980,3201,90.0,42.0,55.0
1784083179.157242,529.317,1980,3201,90.0,42.0,55.0
1784083179.167247,529.317,1980,3201,90.0,42.0,55.0
1784083179.177243,529.317,1980,3201,90.0,42.0,55.0
1784083179.187243,529.317,1980,3201,90.0,42.0,55.0
1784083179.197249,529.317,1980,3201,90.0,42.0,55.0
1784083179.207247,529.317,1980,3201,90.0,42.0,55.0
1784083179.217248,529.317,1980,3201,90.0,42.0,55.0
1784083179.227252,529.317,1980,3201,90.0,42.0,55.0
1784083179.237249,527.091,1980,3201,90.0,42.0,55.0
1784083179.247454,527.091,1980,3201,90.0,42.0,55.0
1784083179.257427,527.091,1980,3201,90.0,42.0,55.0
1784083179.267656,527.091,1980,3201,90.0,42.0,55.0
1784083179.277236,527.091,1980,3201,90.0,42.0,55.0
1784083179.287241,527.091,1980,3201,90.0,42.0,55.0
1784083179.297243,527.091,1980,3201,90.0,42.0,55.0
1784083179.307243,527.091,1980,3201,90.0,42.0,55.0
1784083179.317247,527.091,1980,3201,90.0,42.0,55.0
1784083179.327247,527.091,1980,3201,90.0,42.0,55.0
1784083179.337246,525.128,1980,3201,90.0,42.0,55.0
1784083179.347246,525.128,1980,3201,90.0,42.0,55.0
1784083179.357239,525.128,1980,3201,90.0,42.0,55.0
1784083179.367246,525.128,1980,3201,90.0,42.0,55.0
1784083179.377241,525.128,1980,3201,90.0,42.0,55.0
1784083179.387246,525.128,1980,3201,90.0,42.0,55.0
1784083179.397246,525.128,1980,3201,90.0,42.0,55.0
1784083179.407246,525.128,1980,3201,90.0,42.0,55.0
1784083179.417300,525.128,1980,3201,90.0,42.0,55.0
1784083179.427263,525.128,1980,3201,90.0,42.0,55.0
1784083179.437298,527.196,1980,3201,90.0,42.0,55.0
1784083179.447246,527.196,1980,3201,90.0,42.0,55.0
1784083179.457241,527.196,1980,3201,90.0,42.0,55.0
1784083179.467246,527.196,1980,3201,90.0,42.0,55.0
1784083179.477241,527.196,1980,3201,90.0,42.0,55.0
1784083179.487257,527.196,1980,3201,90.0,42.0,55.0
1784083179.497246,527.196,1980,3201,90.0,42.0,55.0
1784083179.507246,527.196,1980,3201,90.0,42.0,55.0
1784083179.517250,527.196,1980,3201,90.0,42.0,55.0
1784083179.527246,527.196,1980,3201,90.0,42.0,55.0
1784083179.537248,530.330,1980,3201,90.0,42.0,55.0
1784083179.547247,530.330,1980,3201,90.0,42.0,55.0
1784083179.557240,530.330,1980,3201,90.0,42.0,55.0
1784083179.567242,530.330,1980,3201,90.0,42.0,55.0
1784083179.577241,530.330,1980,3201,90.0,42.0,55.0
1784083179.587242,530.330,1980,3201,90.0,42.0,55.0
1784083179.597242,530.330,1980,3201,90.0,42.0,55.0
1784083179.607241,530.330,1980,3201,90.0,42.0,55.0
1784083179.617241,530.330,1980,3201,90.0,42.0,55.0
1784083179.627241,530.330,1980,3201,90.0,42.0,55.0
1784083179.637241,532.974,1980,3201,90.0,42.0,55.0
1784083179.647241,532.974,1980,3201,90.0,42.0,55.0
1784083179.657242,532.974,1980,3201,90.0,42.0,55.0
1784083179.667242,532.974,1980,3201,90.0,42.0,55.0
1784083179.677349,532.974,1980,3201,90.0,42.0,55.0
1784083179.687283,532.974,1980,3201,90.0,42.0,55.0
1784083179.697287,532.974,1980,3201,90.0,42.0,55.0
1784083179.707247,532.974,1980,3201,90.0,42.0,55.0
1784083179.717295,532.974,1980,3201,90.0,42.0,55.0
1784083179.727245,532.974,1980,3201,90.0,42.0,55.0
1784083179.737246,570.133,1980,3201,90.0,42.0,55.0
1784083179.747246,570.133,1980,3201,90.0,42.0,55.0
1784083179.757246,570.133,1980,3201,90.0,42.0,55.0
1784083179.767246,570.133,1980,3201,90.0,42.0,55.0
1784083179.777247,570.133,1980,3201,90.0,42.0,55.0
1784083179.787246,570.133,1980,3201,90.0,42.0,55.0
1784083179.797246,570.133,1980,3201,90.0,42.0,55.0
1784083179.807247,570.133,1980,3201,90.0,42.0,55.0
1784083179.817248,570.133,1980,3201,90.0,42.0,55.0
1784083179.827248,570.133,1980,3201,90.0,42.0,55.0
1784083179.837248,570.196,1980,3201,91.0,43.0,55.0
1784083179.847248,570.196,1980,3201,91.0,43.0,55.0
1784083179.857335,570.196,1980,3201,91.0,43.0,55.0
1784083179.867248,570.196,1980,3201,91.0,43.0,55.0
1784083179.877249,570.196,1980,3201,91.0,43.0,55.0
1784083179.887249,570.196,1980,3201,91.0,43.0,55.0
1784083179.897251,570.196,1980,3201,91.0,43.0,55.0
1784083179.907249,570.196,1980,3201,91.0,43.0,55.0
1784083179.917249,570.196,1980,3201,91.0,43.0,55.0
1784083179.927248,570.196,1980,3201,91.0,43.0,55.0
1784083179.937268,568.332,1980,3201,91.0,43.0,55.0
1784083179.947250,568.332,1980,3201,91.0,43.0,55.0
1784083179.957249,568.332,1980,3201,91.0,43.0,55.0
1784083179.967251,568.332,1980,3201,91.0,43.0,55.0
1784083179.977249,568.332,1980,3201,91.0,43.0,55.0
1784083179.987248,568.332,1980,3201,91.0,43.0,55.0
1784083179.997247,568.332,1980,3201,91.0,43.0,55.0
1784083180.007704,568.332,1980,3201,91.0,43.0,55.0
1784083180.017250,568.332,1980,3201,91.0,43.0,55.0
1784083180.028042,568.332,1980,3201,91.0,43.0,55.0
1784083180.037897,562.261,1980,3201,90.0,42.0,54.0
1784083180.047256,562.261,1980,3201,90.0,42.0,54.0
1784083180.057250,562.261,1980,3201,90.0,42.0,54.0
1784083180.067252,562.261,1980,3201,90.0,42.0,54.0
1784083180.077248,562.261,1980,3201,90.0,42.0,54.0
1784083180.087250,562.261,1980,3201,90.0,42.0,54.0
1784083180.097250,562.261,1980,3201,90.0,42.0,54.0
1784083180.107250,562.261,1980,3201,90.0,42.0,54.0
1784083180.117248,562.261,1980,3201,90.0,42.0,54.0
1784083180.127249,562.261,1980,3201,90.0,42.0,54.0
1784083180.137250,532.622,1980,3201,90.0,42.0,52.0
1784083180.147249,532.622,1980,3201,90.0,42.0,52.0
1784083180.157250,532.622,1980,3201,90.0,42.0,52.0
1784083180.167250,532.622,1980,3201,90.0,42.0,52.0
1784083180.177251,532.622,1980,3201,90.0,42.0,52.0
1784083180.187252,532.622,1980,3201,90.0,42.0,52.0
1784083180.197251,532.622,1980,3201,90.0,42.0,52.0
1784083180.207252,532.622,1980,3201,90.0,42.0,52.0
1784083180.217252,532.622,1980,3201,90.0,42.0,52.0
1784083180.227252,532.622,1980,3201,90.0,42.0,52.0
1784083180.237248,534.383,1980,3201,69.0,30.0,54.0
1784083180.247252,534.383,1980,3201,69.0,30.0,54.0
1784083180.257253,534.383,1980,3201,69.0,30.0,54.0
1784083180.267239,534.383,1980,3201,69.0,30.0,54.0
1784083180.277248,534.383,1980,3201,69.0,30.0,54.0
1784083180.287238,534.383,1980,3201,69.0,30.0,54.0
1784083180.297238,534.383,1980,3201,69.0,30.0,54.0
1784083180.307237,534.383,1980,3201,69.0,30.0,54.0
1784083180.317236,534.383,1980,3201,69.0,30.0,54.0
1784083180.327475,534.383,1980,3201,69.0,30.0,54.0
1784083180.337459,534.007,1980,3201,69.0,30.0,55.0
1784083180.347595,534.007,1980,3201,69.0,30.0,55.0
1784083180.357235,534.007,1980,3201,69.0,30.0,55.0
1784083180.367238,534.007,1980,3201,69.0,30.0,55.0
1784083180.377252,534.007,1980,3201,69.0,30.0,55.0
1784083180.387252,534.007,1980,3201,69.0,30.0,55.0
1784083180.397252,534.007,1980,3201,69.0,30.0,55.0
1784083180.407254,534.007,1980,3201,69.0,30.0,55.0
1784083180.417269,534.007,1980,3201,69.0,30.0,55.0
1784083180.427253,534.007,1980,3201,69.0,30.0,55.0
1784083180.437252,531.626,1980,3201,89.0,42.0,55.0
1784083180.447251,531.626,1980,3201,89.0,42.0,55.0
1784083180.457250,531.626,1980,3201,89.0,42.0,55.0
1784083180.467250,531.626,1980,3201,89.0,42.0,55.0
1784083180.477251,531.626,1980,3201,89.0,42.0,55.0
1784083180.487251,531.626,1980,3201,89.0,42.0,55.0
1784083180.497253,531.626,1980,3201,89.0,42.0,55.0
1784083180.507252,531.626,1980,3201,89.0,42.0,55.0
1784083180.517246,531.626,1980,3201,89.0,42.0,55.0
1784083180.527245,531.626,1980,3201,89.0,42.0,55.0
1784083180.537246,531.168,1980,3201,89.0,42.0,55.0
1784083180.547247,531.168,1980,3201,89.0,42.0,55.0
1784083180.557246,531.168,1980,3201,89.0,42.0,55.0
1784083180.567246,531.168,1980,3201,89.0,42.0,55.0
1784083180.577247,531.168,1980,3201,89.0,42.0,55.0
1784083180.587327,531.168,1980,3201,89.0,42.0,55.0
1784083180.597249,531.168,1980,3201,89.0,42.0,55.0
1784083180.607285,531.168,1980,3201,89.0,42.0,55.0
1784083180.617247,531.168,1980,3201,89.0,42.0,55.0
1784083180.627248,531.168,1980,3201,89.0,42.0,55.0
1784083180.637249,530.919,1980,3201,90.0,42.0,55.0
1784083180.647248,530.919,1980,3201,90.0,42.0,55.0
1784083180.657249,530.919,1980,3201,90.0,42.0,55.0
1784083180.667249,530.919,1980,3201,90.0,42.0,55.0
1784083180.677248,530.919,1980,3201,90.0,42.0,55.0
1784083180.687248,530.919,1980,3201,90.0,42.0,55.0
1784083180.697249,530.919,1980,3201,90.0,42.0,55.0
1784083180.707286,530.919,1980,3201,90.0,42.0,55.0
1784083180.717280,530.919,1980,3201,90.0,42.0,55.0
1784083180.727248,530.919,1980,3201,90.0,42.0,55.0
1784083180.737289,531.398,1980,3201,90.0,42.0,55.0
1784083180.747249,531.398,1980,3201,90.0,42.0,55.0
1784083180.757248,531.398,1980,3201,90.0,42.0,55.0
1784083180.767244,531.398,1980,3201,90.0,42.0,55.0
1784083180.777242,531.398,1980,3201,90.0,42.0,55.0
1784083180.787242,531.398,1980,3201,90.0,42.0,55.0
1784083180.797245,531.398,1980,3201,90.0,42.0,55.0
1784083180.807242,531.398,1980,3201,90.0,42.0,55.0
1784083180.817243,531.398,1980,3201,90.0,42.0,55.0
1784083180.827244,531.398,1980,3201,90.0,42.0,55.0
1784083180.837243,530.692,1980,3201,90.0,42.0,55.0
1784083180.847243,530.692,1980,3201,90.0,42.0,55.0
1784083180.857244,530.692,1980,3201,90.0,42.0,55.0
1784083180.867243,530.692,1980,3201,90.0,42.0,55.0
1784083180.877243,530.692,1980,3201,90.0,42.0,55.0
1784083180.887243,530.692,1980,3201,90.0,42.0,55.0
1784083180.897243,530.692,1980,3201,90.0,42.0,55.0
1784083180.907242,530.692,1980,3201,90.0,42.0,55.0
1784083180.917241,530.692,1980,3201,90.0,42.0,55.0
1784083180.927241,530.692,1980,3201,90.0,42.0,55.0
1784083180.937328,530.063,1980,3201,90.0,42.0,55.0
1784083180.947249,530.063,1980,3201,90.0,42.0,55.0
1784083180.957250,530.063,1980,3201,90.0,42.0,55.0
1784083180.967252,530.063,1980,3201,90.0,42.0,55.0
1784083180.977276,530.063,1980,3201,90.0,42.0,55.0
1784083180.987245,530.063,1980,3201,90.0,42.0,55.0
1784083180.997427,530.063,1980,3201,90.0,42.0,55.0
1784083181.007239,530.063,1980,3201,90.0,42.0,55.0
1784083181.017477,530.063,1980,3201,90.0,42.0,55.0
1784083181.027645,530.063,1980,3201,90.0,42.0,55.0
1784083181.037236,534.225,1980,3201,90.0,42.0,55.0
1784083181.047236,534.225,1980,3201,90.0,42.0,55.0
1784083181.057240,534.225,1980,3201,90.0,42.0,55.0
1784083181.067244,534.225,1980,3201,90.0,42.0,55.0
1784083181.077243,534.225,1980,3201,90.0,42.0,55.0
1784083181.087244,534.225,1980,3201,90.0,42.0,55.0
1784083181.097245,534.225,1980,3201,90.0,42.0,55.0
1784083181.107244,534.225,1980,3201,90.0,42.0,55.0
1784083181.117245,534.225,1980,3201,90.0,42.0,55.0
1784083181.127243,534.225,1980,3201,90.0,42.0,55.0
1784083181.137243,563.920,1980,3201,90.0,42.0,55.0
1784083181.147239,563.920,1980,3201,90.0,42.0,55.0
1784083181.157243,563.920,1980,3201,90.0,42.0,55.0
1784083181.167243,563.920,1980,3201,90.0,42.0,55.0
1784083181.177243,563.920,1980,3201,90.0,42.0,55.0
1784083181.187252,563.920,1980,3201,90.0,42.0,55.0
1784083181.197249,563.920,1980,3201,90.0,42.0,55.0
1784083181.207270,563.920,1980,3201,90.0,42.0,55.0
1784083181.217249,563.920,1980,3201,90.0,42.0,55.0
1784083181.227249,563.920,1980,3201,90.0,42.0,55.0
1784083181.237247,566.763,1980,3201,90.0,42.0,55.0
1784083181.247241,566.763,1980,3201,90.0,42.0,55.0
1784083181.257248,566.763,1980,3201,90.0,42.0,55.0
1784083181.267248,566.763,1980,3201,90.0,42.0,55.0
1784083181.277248,566.763,1980,3201,90.0,42.0,55.0
1784083181.287248,566.763,1980,3201,90.0,42.0,55.0
1784083181.297246,566.763,1980,3201,90.0,42.0,55.0
1784083181.307248,566.763,1980,3201,90.0,42.0,55.0
1784083181.317242,566.763,1980,3201,90.0,42.0,55.0
1784083181.327245,566.763,1980,3201,90.0,42.0,55.0
1784083181.337247,568.413,1980,3201,90.0,42.0,55.0
1784083181.347241,568.413,1980,3201,90.0,42.0,55.0
1784083181.357246,568.413,1980,3201,90.0,42.0,55.0
1784083181.367247,568.413,1980,3201,90.0,42.0,55.0
1784083181.377248,568.413,1980,3201,90.0,42.0,55.0
1784083181.387247,568.413,1980,3201,90.0,42.0,55.0
1784083181.397246,568.413,1980,3201,90.0,42.0,55.0
1784083181.407247,568.413,1980,3201,90.0,42.0,55.0
1784083181.417247,568.413,1980,3201,90.0,42.0,55.0
1784083181.427533,568.413,1980,3201,90.0,42.0,55.0
1784083181.437264,562.727,1980,3201,90.0,43.0,55.0
1784083181.447245,562.727,1980,3201,90.0,43.0,55.0
1784083181.457246,562.727,1980,3201,90.0,43.0,55.0
1784083181.467247,562.727,1980,3201,90.0,43.0,55.0
1784083181.477247,562.727,1980,3201,90.0,43.0,55.0
1784083181.487242,562.727,1980,3201,90.0,43.0,55.0
1784083181.497248,562.727,1980,3201,90.0,43.0,55.0
1784083181.507247,562.727,1980,3201,90.0,43.0,55.0
1784083181.517257,562.727,1980,3201,90.0,43.0,55.0
1784083181.527248,562.727,1980,3201,90.0,43.0,55.0
1784083181.537247,529.987,1980,3201,90.0,43.0,49.0
1784083181.547248,529.987,1980,3201,90.0,43.0,49.0
1784083181.557249,529.987,1980,3201,90.0,43.0,49.0
1784083181.567248,529.987,1980,3201,90.0,43.0,49.0
1784083181.577249,529.987,1980,3201,90.0,43.0,49.0
1784083181.587249,529.987,1980,3201,90.0,43.0,49.0
1784083181.597248,529.987,1980,3201,90.0,43.0,49.0
1784083181.607248,529.987,1980,3201,90.0,43.0,49.0
1784083181.617248,529.987,1980,3201,90.0,43.0,49.0
1784083181.627247,529.987,1980,3201,90.0,43.0,49.0
1784083181.637246,529.253,1980,3201,67.0,30.0,54.0
1784083181.647247,529.253,1980,3201,67.0,30.0,54.0
1784083181.657247,529.253,1980,3201,67.0,30.0,54.0
1784083181.667248,529.253,1980,3201,67.0,30.0,54.0
1784083181.677385,529.253,1980,3201,67.0,30.0,54.0
1784083181.687245,529.253,1980,3201,67.0,30.0,54.0
1784083181.697245,529.253,1980,3201,67.0,30.0,54.0
1784083181.707246,529.253,1980,3201,67.0,30.0,54.0
1784083181.717246,529.253,1980,3201,67.0,30.0,54.0
1784083181.727246,529.253,1980,3201,67.0,30.0,54.0
1784083181.737247,528.296,1980,3201,67.0,30.0,54.0
1784083181.747247,528.296,1980,3201,67.0,30.0,54.0
1784083181.757246,528.296,1980,3201,67.0,30.0,54.0
1784083181.767245,528.296,1980,3201,67.0,30.0,54.0
1784083181.777246,528.296,1980,3201,67.0,30.0,54.0
1784083181.787246,528.296,1980,3201,67.0,30.0,54.0
1784083181.797246,528.296,1980,3201,67.0,30.0,54.0
1784083181.807247,528.296,1980,3201,67.0,30.0,54.0
1784083181.817250,528.296,1980,3201,67.0,30.0,54.0
1784083181.827246,528.296,1980,3201,67.0,30.0,54.0
1784083181.837258,528.968,1980,3201,91.0,43.0,55.0
1784083181.847247,528.968,1980,3201,91.0,43.0,55.0
1784083181.857245,528.968,1980,3201,91.0,43.0,55.0
1784083181.867247,528.968,1980,3201,91.0,43.0,55.0
1784083181.877246,528.968,1980,3201,91.0,43.0,55.0
1784083181.887247,528.968,1980,3201,91.0,43.0,55.0
1784083181.897247,528.968,1980,3201,91.0,43.0,55.0
1784083181.907247,528.968,1980,3201,91.0,43.0,55.0
1784083181.917248,528.968,1980,3201,91.0,43.0,55.0
1784083181.927298,528.968,1980,3201,91.0,43.0,55.0
1784083181.937248,529.891,1980,3201,91.0,43.0,55.0
1784083181.947247,529.891,1980,3201,91.0,43.0,55.0
1784083181.957250,529.891,1980,3201,91.0,43.0,55.0
1784083181.967249,529.891,1980,3201,91.0,43.0,55.0
1784083181.977250,529.891,1980,3201,91.0,43.0,55.0
1784083181.987250,529.891,1980,3201,91.0,43.0,55.0
1784083181.997251,529.891,1980,3201,91.0,43.0,55.0
1784083182.007281,529.891,1980,3201,91.0,43.0,55.0
1784083182.017249,529.891,1980,3201,91.0,43.0,55.0
1784083182.027248,529.891,1980,3201,91.0,43.0,55.0
1784083182.037283,530.189,1980,3201,90.0,42.0,55.0
1784083182.047326,530.189,1980,3201,90.0,42.0,55.0
1784083182.057485,530.189,1980,3201,90.0,42.0,55.0
1784083182.067877,530.189,1980,3201,90.0,42.0,55.0
1784083182.077328,530.189,1980,3201,90.0,42.0,55.0
1784083182.087243,530.189,1980,3201,90.0,42.0,55.0
1784083182.097241,530.189,1980,3201,90.0,42.0,55.0
1784083182.107240,530.189,1980,3201,90.0,42.0,55.0
1784083182.117239,530.189,1980,3201,90.0,42.0,55.0
1784083182.127248,530.189,1980,3201,90.0,42.0,55.0
1784083182.137354,528.337,1980,3201,90.0,42.0,55.0
1784083182.147247,528.337,1980,3201,90.0,42.0,55.0
1784083182.157248,528.337,1980,3201,90.0,42.0,55.0
1784083182.167256,528.337,1980,3201,90.0,42.0,55.0
1784083182.177249,528.337,1980,3201,90.0,42.0,55.0
1784083182.187248,528.337,1980,3201,90.0,42.0,55.0
1784083182.197248,528.337,1980,3201,90.0,42.0,55.0
1784083182.207248,528.337,1980,3201,90.0,42.0,55.0
1784083182.217248,528.337,1980,3201,90.0,42.0,55.0
1784083182.227292,528.337,1980,3201,90.0,42.0,55.0
1784083182.237248,528.372,1980,3201,90.0,42.0,55.0
1784083182.247250,528.372,1980,3201,90.0,42.0,55.0
1784083182.257275,528.372,1980,3201,90.0,42.0,55.0
1784083182.267249,528.372,1980,3201,90.0,42.0,55.0
1784083182.277249,528.372,1980,3201,90.0,42.0,55.0
1784083182.287249,528.372,1980,3201,90.0,42.0,55.0
1784083182.297271,528.372,1980,3201,90.0,42.0,55.0
1784083182.307249,528.372,1980,3201,90.0,42.0,55.0
1784083182.317249,528.372,1980,3201,90.0,42.0,55.0
1784083182.327253,528.372,1980,3201,90.0,42.0,55.0
1784083182.337250,529.143,1980,3201,90.0,42.0,55.0
1784083182.347281,529.143,1980,3201,90.0,42.0,55.0
1784083182.357243,529.143,1980,3201,90.0,42.0,55.0
1784083182.367290,529.143,1980,3201,90.0,42.0,55.0
1784083182.377250,529.143,1980,3201,90.0,42.0,55.0
1784083182.387250,529.143,1980,3201,90.0,42.0,55.0
1784083182.397282,529.143,1980,3201,90.0,42.0,55.0
1784083182.407248,529.143,1980,3201,90.0,42.0,55.0
1784083182.417300,529.143,1980,3201,90.0,42.0,55.0
1784083182.427263,529.143,1980,3201,90.0,42.0,55.0
1784083182.437248,535.717,1980,3201,90.0,42.0,55.0
1784083182.447241,535.717,1980,3201,90.0,42.0,55.0
1784083182.457240,535.717,1980,3201,90.0,42.0,55.0
1784083182.467240,535.717,1980,3201,90.0,42.0,55.0
1784083182.477241,535.717,1980,3201,90.0,42.0,55.0
1784083182.487242,535.717,1980,3201,90.0,42.0,55.0
1784083182.497241,535.717,1980,3201,90.0,42.0,55.0
1784083182.507242,535.717,1980,3201,90.0,42.0,55.0
1784083182.517242,535.717,1980,3201,90.0,42.0,55.0
1784083182.527241,535.717,1980,3201,90.0,42.0,55.0
1784083182.537242,567.474,1980,3201,90.0,42.0,55.0
1784083182.547242,567.474,1980,3201,90.0,42.0,55.0
1784083182.557240,567.474,1980,3201,90.0,42.0,55.0
1784083182.567241,567.474,1980,3201,90.0,42.0,55.0
1784083182.577241,567.474,1980,3201,90.0,42.0,55.0
1784083182.587242,567.474,1980,3201,90.0,42.0,55.0
1784083182.597241,567.474,1980,3201,90.0,42.0,55.0
1784083182.607241,567.474,1980,3201,90.0,42.0,55.0
1784083182.617241,567.474,1980,3201,90.0,42.0,55.0
1784083182.627337,567.474,1980,3201,90.0,42.0,55.0
1784083182.637241,567.270,1980,3201,90.0,42.0,55.0
1784083182.647241,567.270,1980,3201,90.0,42.0,55.0
1784083182.657317,567.270,1980,3201,90.0,42.0,55.0
1784083182.667246,567.270,1980,3201,90.0,42.0,55.0
1784083182.677245,567.270,1980,3201,90.0,42.0,55.0
1784083182.687246,567.270,1980,3201,90.0,42.0,55.0
1784083182.697264,567.270,1980,3201,90.0,42.0,55.0
1784083182.707247,567.270,1980,3201,90.0,42.0,55.0
1784083182.717244,567.270,1980,3201,90.0,42.0,55.0
1784083182.727246,567.270,1980,3201,90.0,42.0,55.0
1784083182.737247,565.590,1980,3201,90.0,42.0,55.0
1784083182.747242,565.590,1980,3201,90.0,42.0,55.0
1784083182.757240,565.590,1980,3201,90.0,42.0,55.0
1784083182.767246,565.590,1980,3201,90.0,42.0,55.0
1784083182.777247,565.590,1980,3201,90.0,42.0,55.0
1784083182.787248,565.590,1980,3201,90.0,42.0,55.0
1784083182.797246,565.590,1980,3201,90.0,42.0,55.0
1784083182.807349,565.590,1980,3201,90.0,42.0,55.0
1784083182.817246,565.590,1980,3201,90.0,42.0,55.0
1784083182.827473,565.590,1980,3201,90.0,42.0,55.0
1784083182.837247,559.220,1980,3201,90.0,43.0,55.0
1784083182.847248,559.220,1980,3201,90.0,43.0,55.0
1784083182.857242,559.220,1980,3201,90.0,43.0,55.0
1784083182.867246,559.220,1980,3201,90.0,43.0,55.0
1784083182.877248,559.220,1980,3201,90.0,43.0,55.0
1784083182.887246,559.220,1980,3201,90.0,43.0,55.0
1784083182.897247,559.220,1980,3201,90.0,43.0,55.0
1784083182.907251,559.220,1980,3201,90.0,43.0,55.0
1784083182.917249,559.220,1980,3201,90.0,43.0,55.0
1784083182.927250,559.220,1980,3201,90.0,43.0,55.0
1784083182.937248,532.947,1980,3201,90.0,43.0,53.0
1784083182.947249,532.947,1980,3201,90.0,43.0,53.0
1784083182.957244,532.947,1980,3201,90.0,43.0,53.0
1784083182.967250,532.947,1980,3201,90.0,43.0,53.0
1784083182.977249,532.947,1980,3201,90.0,43.0,53.0
1784083182.987249,532.947,1980,3201,90.0,43.0,53.0
1784083182.997250,532.947,1980,3201,90.0,43.0,53.0
1784083183.007249,532.947,1980,3201,90.0,43.0,53.0
1784083183.017250,532.947,1980,3201,90.0,43.0,53.0
1784083183.027249,532.947,1980,3201,90.0,43.0,53.0
1784083183.037250,532.961,1980,3201,77.0,34.0,54.0
1784083183.047251,532.961,1980,3201,77.0,34.0,54.0
1784083183.057244,532.961,1980,3201,77.0,34.0,54.0
1784083183.067250,532.961,1980,3201,77.0,34.0,54.0
1784083183.077250,532.961,1980,3201,77.0,34.0,54.0
1784083183.087250,532.961,1980,3201,77.0,34.0,54.0
1784083183.097486,532.961,1980,3201,77.0,34.0,54.0
1784083183.107533,532.961,1980,3201,77.0,34.0,54.0
1784083183.117323,532.961,1980,3201,77.0,34.0,54.0
1784083183.127244,532.961,1980,3201,77.0,34.0,54.0
1784083183.137242,533.806,1980,3201,77.0,34.0,55.0
1784083183.147253,533.806,1980,3201,77.0,34.0,55.0
1784083183.157244,533.806,1980,3201,77.0,34.0,55.0
1784083183.167251,533.806,1980,3201,77.0,34.0,55.0
1784083183.177254,533.806,1980,3201,77.0,34.0,55.0
1784083183.187249,533.806,1980,3201,77.0,34.0,55.0
1784083183.197254,533.806,1980,3201,77.0,34.0,55.0
1784083183.207251,533.806,1980,3201,77.0,34.0,55.0
1784083183.217251,533.806,1980,3201,77.0,34.0,55.0
1784083183.227249,533.806,1980,3201,77.0,34.0,55.0
1784083183.237249,533.223,1980,3201,89.0,42.0,55.0
1784083183.247250,533.223,1980,3201,89.0,42.0,55.0
1784083183.257243,533.223,1980,3201,89.0,42.0,55.0
1784083183.267253,533.223,1980,3201,89.0,42.0,55.0
1784083183.277251,533.223,1980,3201,89.0,42.0,55.0
1784083183.287251,533.223,1980,3201,89.0,42.0,55.0
1784083183.297256,533.223,1980,3201,89.0,42.0,55.0
1784083183.307252,533.223,1980,3201,89.0,42.0,55.0
1784083183.317252,533.223,1980,3201,89.0,42.0,55.0
1784083183.327253,533.223,1980,3201,89.0,42.0,55.0
1784083183.337254,533.023,1980,3201,89.0,42.0,55.0
1784083183.347258,533.023,1980,3201,89.0,42.0,55.0
1784083183.357244,533.023,1980,3201,89.0,42.0,55.0
1784083183.367253,533.023,1980,3201,89.0,42.0,55.0
1784083183.377253,533.023,1980,3201,89.0,42.0,55.0
1784083183.387253,533.023,1980,3201,89.0,42.0,55.0
1784083183.397253,533.023,1980,3201,89.0,42.0,55.0
1784083183.407253,533.023,1980,3201,89.0,42.0,55.0
1784083183.417253,533.023,1980,3201,89.0,42.0,55.0
1784083183.427253,533.023,1980,3201,89.0,42.0,55.0
1784083183.437252,533.298,1980,3201,89.0,42.0,55.0
1784083183.447253,533.298,1980,3201,89.0,42.0,55.0
1784083183.457245,533.298,1980,3201,89.0,42.0,55.0
1784083183.467253,533.298,1980,3201,89.0,42.0,55.0
1784083183.477252,533.298,1980,3201,89.0,42.0,55.0
1784083183.487252,533.298,1980,3201,89.0,42.0,55.0
1784083183.497253,533.298,1980,3201,89.0,42.0,55.0
1784083183.507253,533.298,1980,3201,89.0,42.0,55.0
1784083183.517252,533.298,1980,3201,89.0,42.0,55.0
1784083183.527251,533.298,1980,3201,89.0,42.0,55.0
1784083183.537253,531.488,1980,3201,89.0,42.0,55.0
1784083183.547247,531.488,1980,3201,89.0,42.0,55.0
1784083183.557446,531.488,1980,3201,89.0,42.0,55.0
1784083183.567244,531.488,1980,3201,89.0,42.0,55.0
1784083183.577242,531.488,1980,3201,89.0,42.0,55.0
1784083183.587244,531.488,1980,3201,89.0,42.0,55.0
1784083183.597250,531.488,1980,3201,89.0,42.0,55.0
1784083183.607255,531.488,1980,3201,89.0,42.0,55.0
1784083183.617321,531.488,1980,3201,89.0,42.0,55.0
1784083183.627247,531.488,1980,3201,89.0,42.0,55.0
1784083183.637245,530.723,1980,3201,88.0,42.0,55.0
1784083183.647246,530.723,1980,3201,88.0,42.0,55.0
1784083183.657241,530.723,1980,3201,88.0,42.0,55.0
1784083183.667247,530.723,1980,3201,88.0,42.0,55.0
1784083183.677248,530.723,1980,3201,88.0,42.0,55.0
1784083183.687247,530.723,1980,3201,88.0,42.0,55.0
1784083183.697257,530.723,1980,3201,88.0,42.0,55.0
1784083183.707251,530.723,1980,3201,88.0,42.0,55.0
1784083183.717265,530.723,1980,3201,88.0,42.0,55.0
1784083183.727247,530.723,1980,3201,88.0,42.0,55.0
1784083183.737247,533.495,1980,3201,88.0,42.0,55.0
1784083183.747247,533.495,1980,3201,88.0,42.0,55.0
1784083183.757216,533.495,1980,3201,88.0,42.0,55.0
1784083183.767248,533.495,1980,3201,88.0,42.0,55.0
1784083183.777247,533.495,1980,3201,88.0,42.0,55.0
1784083183.787247,533.495,1980,3201,88.0,42.0,55.0
1784083183.797248,533.495,1980,3201,88.0,42.0,55.0
1784083183.807247,533.495,1980,3201,88.0,42.0,55.0
1784083183.817247,533.495,1980,3201,88.0,42.0,55.0
1784083183.827251,533.495,1980,3201,88.0,42.0,55.0
1784083183.837247,536.874,1980,3201,90.0,42.0,55.0
1784083183.847245,536.874,1980,3201,90.0,42.0,55.0
1784083183.857242,536.874,1980,3201,90.0,42.0,55.0
1784083183.867301,536.874,1980,3201,90.0,42.0,55.0
1784083183.877248,536.874,1980,3201,90.0,42.0,55.0
1784083183.887258,536.874,1980,3201,90.0,42.0,55.0
1784083183.897248,536.874,1980,3201,90.0,42.0,55.0
1784083183.907246,536.874,1980,3201,90.0,42.0,55.0
1784083183.917249,536.874,1980,3201,90.0,42.0,55.0
1784083183.927254,536.874,1980,3201,90.0,42.0,55.0
1784083183.937249,567.081,1980,3201,90.0,42.0,55.0
1784083183.947249,567.081,1980,3201,90.0,42.0,55.0
1784083183.957296,567.081,1980,3201,90.0,42.0,55.0
1784083183.967242,567.081,1980,3201,90.0,42.0,55.0
1784083183.977242,567.081,1980,3201,90.0,42.0,55.0
1784083183.987244,567.081,1980,3201,90.0,42.0,55.0
1784083183.997241,567.081,1980,3201,90.0,42.0,55.0
1784083184.007241,567.081,1980,3201,90.0,42.0,55.0
1784083184.017241,567.081,1980,3201,90.0,42.0,55.0
1784083184.027241,567.081,1980,3201,90.0,42.0,55.0
1784083184.037242,569.558,1980,3201,90.0,42.0,55.0
1784083184.047242,569.558,1980,3201,90.0,42.0,55.0
1784083184.057242,569.558,1980,3201,90.0,42.0,55.0
1784083184.067241,569.558,1980,3201,90.0,42.0,55.0
1784083184.077241,569.558,1980,3201,90.0,42.0,55.0
1784083184.087242,569.558,1980,3201,90.0,42.0,55.0
1784083184.097242,569.558,1980,3201,90.0,42.0,55.0
1784083184.107242,569.558,1980,3201,90.0,42.0,55.0
1784083184.117242,569.558,1980,3201,90.0,42.0,55.0
1784083184.127242,569.558,1980,3201,90.0,42.0,55.0
1784083184.137393,571.796,1980,3201,90.0,42.0,55.0
1784083184.147242,571.796,1980,3201,90.0,42.0,55.0
1784083184.157241,571.796,1980,3201,90.0,42.0,55.0
1784083184.167243,571.796,1980,3201,90.0,42.0,55.0
1784083184.177243,571.796,1980,3201,90.0,42.0,55.0
1784083184.187243,571.796,1980,3201,90.0,42.0,55.0
1784083184.197315,571.796,1980,3201,90.0,42.0,55.0
1784083184.207249,571.796,1980,3201,90.0,42.0,55.0
1784083184.217405,571.796,1980,3201,90.0,42.0,55.0
1784083184.227248,571.796,1980,3201,90.0,42.0,55.0
1784083184.237250,563.299,1980,3201,90.0,43.0,53.0
1784083184.247250,563.299,1980,3201,90.0,43.0,53.0
1784083184.257251,563.299,1980,3201,90.0,43.0,53.0
1784083184.267251,563.299,1980,3201,90.0,43.0,53.0
1784083184.277249,563.299,1980,3201,90.0,43.0,53.0
1784083184.287248,563.299,1980,3201,90.0,43.0,53.0
1784083184.297249,563.299,1980,3201,90.0,43.0,53.0
1784083184.307249,563.299,1980,3201,90.0,43.0,53.0
1784083184.317246,563.299,1980,3201,90.0,43.0,53.0
1784083184.327250,563.299,1980,3201,90.0,43.0,53.0
1784083184.337253,531.553,1980,3201,90.0,43.0,52.0
1784083184.347247,531.553,1980,3201,90.0,43.0,52.0
1784083184.357248,531.553,1980,3201,90.0,43.0,52.0
1784083184.367248,531.553,1980,3201,90.0,43.0,52.0
1784083184.377248,531.553,1980,3201,90.0,43.0,52.0
1784083184.387248,531.553,1980,3201,90.0,43.0,52.0
1784083184.397245,531.553,1980,3201,90.0,43.0,52.0
1784083184.407269,531.553,1980,3201,90.0,43.0,52.0
1784083184.417245,531.553,1980,3201,90.0,43.0,52.0
1784083184.427248,531.553,1980,3201,90.0,43.0,52.0
1784083184.437247,530.730,1980,3201,70.0,31.0,54.0
1784083184.447247,530.730,1980,3201,70.0,31.0,54.0
1784083184.457246,530.730,1980,3201,70.0,31.0,54.0
1784083184.467247,530.730,1980,3201,70.0,31.0,54.0
1784083184.477250,530.730,1980,3201,70.0,31.0,54.0
1784083184.487247,530.730,1980,3201,70.0,31.0,54.0
1784083184.497247,530.730,1980,3201,70.0,31.0,54.0
1784083184.507246,530.730,1980,3201,70.0,31.0,54.0
1784083184.517247,530.730,1980,3201,70.0,31.0,54.0
1784083184.527246,530.730,1980,3201,70.0,31.0,54.0
1784083184.537247,532.171,1980,3201,70.0,31.0,55.0
1784083184.547248,532.171,1980,3201,70.0,31.0,55.0
1784083184.557248,532.171,1980,3201,70.0,31.0,55.0
1784083184.567248,532.171,1980,3201,70.0,31.0,55.0
1784083184.577249,532.171,1980,3201,70.0,31.0,55.0
1784083184.587249,532.171,1980,3201,70.0,31.0,55.0
1784083184.597248,532.171,1980,3201,70.0,31.0,55.0
1784083184.607249,532.171,1980,3201,70.0,31.0,55.0
1784083184.617249,532.171,1980,3201,70.0,31.0,55.0
1784083184.627248,532.171,1980,3201,70.0,31.0,55.0
1784083184.637249,532.984,1980,3201,90.0,42.0,55.0
1784083184.647244,532.984,1980,3201,90.0,42.0,55.0
1784083184.657252,532.984,1980,3201,90.0,42.0,55.0
1784083184.667250,532.984,1980,3201,90.0,42.0,55.0
1784083184.677285,532.984,1980,3201,90.0,42.0,55.0
1784083184.687251,532.984,1980,3201,90.0,42.0,55.0
1784083184.697253,532.984,1980,3201,90.0,42.0,55.0
1784083184.707251,532.984,1980,3201,90.0,42.0,55.0
1784083184.717432,532.984,1980,3201,90.0,42.0,55.0
1784083184.727456,532.984,1980,3201,90.0,42.0,55.0
1784083184.737360,530.436,1980,3201,90.0,42.0,55.0
1784083184.747245,530.436,1980,3201,90.0,42.0,55.0
1784083184.757242,530.436,1980,3201,90.0,42.0,55.0
1784083184.767242,530.436,1980,3201,90.0,42.0,55.0
1784083184.777245,530.436,1980,3201,90.0,42.0,55.0
1784083184.787286,530.436,1980,3201,90.0,42.0,55.0
1784083184.797253,530.436,1980,3201,90.0,42.0,55.0
1784083184.807246,530.436,1980,3201,90.0,42.0,55.0
1784083184.817259,530.436,1980,3201,90.0,42.0,55.0
1784083184.827247,530.436,1980,3201,90.0,42.0,55.0
1784083184.837246,527.578,1980,3201,90.0,42.0,55.0
1784083184.847247,527.578,1980,3201,90.0,42.0,55.0
1784083184.857247,527.578,1980,3201,90.0,42.0,55.0
1784083184.867247,527.578,1980,3201,90.0,42.0,55.0
1784083184.877248,527.578,1980,3201,90.0,42.0,55.0
1784083184.887248,527.578,1980,3201,90.0,42.0,55.0
1784083184.897249,527.578,1980,3201,90.0,42.0,55.0
1784083184.907249,527.578,1980,3201,90.0,42.0,55.0
1784083184.917250,527.578,1980,3201,90.0,42.0,55.0
1784083184.927248,527.578,1980,3201,90.0,42.0,55.0
1784083184.937249,526.988,1980,3201,90.0,42.0,55.0
1784083184.947250,526.988,1980,3201,90.0,42.0,55.0
1784083184.957251,526.988,1980,3201,90.0,42.0,55.0
1784083184.967250,526.988,1980,3201,90.0,42.0,55.0
1784083184.977250,526.988,1980,3201,90.0,42.0,55.0
1784083184.987250,526.988,1980,3201,90.0,42.0,55.0
1784083184.997288,526.988,1980,3201,90.0,42.0,55.0
1784083185.007251,526.988,1980,3201,90.0,42.0,55.0
1784083185.017251,526.988,1980,3201,90.0,42.0,55.0
1784083185.027252,526.988,1980,3201,90.0,42.0,55.0
1784083185.037253,528.969,1980,3201,90.0,42.0,55.0
1784083185.047254,528.969,1980,3201,90.0,42.0,55.0
1784083185.057252,528.969,1980,3201,90.0,42.0,55.0
1784083185.067252,528.969,1980,3201,90.0,42.0,55.0
1784083185.077252,528.969,1980,3201,90.0,42.0,55.0
1784083185.087253,528.969,1980,3201,90.0,42.0,55.0
1784083185.097254,528.969,1980,3201,90.0,42.0,55.0
1784083185.107252,528.969,1980,3201,90.0,42.0,55.0
1784083185.117250,528.969,1980,3201,90.0,42.0,55.0
1784083185.127250,528.969,1980,3201,90.0,42.0,55.0
1784083185.137252,526.238,1980,3201,90.0,42.0,55.0
1784083185.147253,526.238,1980,3201,90.0,42.0,55.0
1784083185.157255,526.238,1980,3201,90.0,42.0,55.0
1784083185.167252,526.238,1980,3201,90.0,42.0,55.0
1784083185.177253,526.238,1980,3201,90.0,42.0,55.0
1784083185.187252,526.238,1980,3201,90.0,42.0,55.0
1784083185.197354,526.238,1980,3201,90.0,42.0,55.0
1784083185.207253,526.238,1980,3201,90.0,42.0,55.0
1784083185.217253,526.238,1980,3201,90.0,42.0,55.0
1784083185.227253,526.238,1980,3201,90.0,42.0,55.0
1784083185.237253,534.140,1980,3201,90.0,42.0,55.0
1784083185.247247,534.140,1980,3201,90.0,42.0,55.0
1784083185.257242,534.140,1980,3201,90.0,42.0,55.0
1784083185.267253,534.140,1980,3201,90.0,42.0,55.0
1784083185.277256,534.140,1980,3201,90.0,42.0,55.0
1784083185.287695,534.140,1980,3201,90.0,42.0,55.0
1784083185.297238,534.140,1980,3201,90.0,42.0,55.0
1784083185.307243,534.140,1980,3201,90.0,42.0,55.0
1784083185.317281,534.140,1980,3201,90.0,42.0,55.0
1784083185.327253,534.140,1980,3201,90.0,42.0,55.0
1784083185.337253,563.604,1980,3201,90.0,42.0,56.0
1784083185.347254,563.604,1980,3201,90.0,42.0,56.0
1784083185.357253,563.604,1980,3201,90.0,42.0,56.0
1784083185.367246,563.604,1980,3201,90.0,42.0,56.0
1784083185.377245,563.604,1980,3201,90.0,42.0,56.0
1784083185.387246,563.604,1980,3201,90.0,42.0,56.0
1784083185.397246,563.604,1980,3201,90.0,42.0,56.0
1784083185.407246,563.604,1980,3201,90.0,42.0,56.0
1784083185.417246,563.604,1980,3201,90.0,42.0,56.0
1784083185.427246,563.604,1980,3201,90.0,42.0,56.0
1784083185.437246,563.806,1980,3201,87.0,41.0,56.0
1784083185.447245,563.806,1980,3201,87.0,41.0,55.0
1784083185.457246,563.806,1980,3201,87.0,41.0,55.0
1784083185.467246,563.806,1980,3201,87.0,41.0,55.0
1784083185.477245,563.806,1980,3201,87.0,41.0,55.0
1784083185.487246,563.806,1980,3201,87.0,41.0,55.0
1784083185.497246,563.806,1980,3201,87.0,41.0,55.0
1784083185.507246,563.806,1980,3201,87.0,41.0,55.0
1784083185.517245,563.806,1980,3201,87.0,41.0,55.0
1784083185.527245,563.806,1980,3201,87.0,41.0,55.0
1784083185.537253,561.961,1980,3201,87.0,41.0,55.0
1784083185.547262,561.961,1980,3201,87.0,41.0,55.0
1784083185.557661,561.961,1980,3201,87.0,41.0,55.0
1784083185.567242,561.961,1980,3201,87.0,41.0,55.0
1784083185.577252,561.961,1980,3201,87.0,41.0,55.0
1784083185.587252,561.961,1980,3201,87.0,41.0,55.0
1784083185.597253,561.961,1980,3201,87.0,41.0,55.0
1784083185.607253,561.961,1980,3201,87.0,41.0,55.0
1784083185.617246,561.961,1980,3201,87.0,41.0,55.0
1784083185.627705,561.961,1980,3201,87.0,41.0,55.0
1784083185.637572,557.760,1980,3201,88.0,41.0,54.0
1784083185.647247,557.760,1980,3201,88.0,41.0,54.0
1784083185.657247,557.760,1980,3201,88.0,41.0,54.0
1784083185.667246,557.760,1980,3201,88.0,41.0,54.0
1784083185.677246,557.760,1980,3201,88.0,41.0,54.0
1784083185.687246,557.760,1980,3201,88.0,41.0,54.0
1784083185.697246,557.760,1980,3201,88.0,41.0,54.0
1784083185.707246,557.760,1980,3201,88.0,41.0,54.0
1784083185.717246,557.760,1980,3201,88.0,41.0,54.0
1784083185.727246,557.760,1980,3201,88.0,41.0,54.0
1784083185.737246,530.251,1980,3201,88.0,41.0,54.0
1784083185.747247,530.251,1980,3201,88.0,41.0,53.0
1784083185.757246,530.251,1980,3201,88.0,41.0,53.0
1784083185.767246,530.251,1980,3201,88.0,41.0,53.0
1784083185.777246,530.251,1980,3201,88.0,41.0,53.0
1784083185.787245,530.251,1980,3201,88.0,41.0,53.0
1784083185.797333,530.251,1980,3201,88.0,41.0,53.0
1784083185.807246,530.251,1980,3201,88.0,41.0,53.0
1784083185.817255,530.251,1980,3201,88.0,41.0,53.0
1784083185.827253,530.251,1980,3201,88.0,41.0,53.0
1784083185.837253,530.879,1980,3201,88.0,41.0,53.0
1784083185.847253,530.879,1980,3201,70.0,31.0,54.0
1784083185.857252,530.879,1980,3201,70.0,31.0,54.0
1784083185.867252,530.879,1980,3201,70.0,31.0,54.0
1784083185.877253,530.879,1980,3201,70.0,31.0,54.0
1784083185.887254,530.879,1980,3201,70.0,31.0,54.0
1784083185.897253,530.879,1980,3201,70.0,31.0,54.0
1784083185.907251,530.879,1980,3201,70.0,31.0,54.0
1784083185.917626,530.879,1980,3201,70.0,31.0,54.0
1784083185.927701,530.879,1980,3201,70.0,31.0,54.0
1784083185.937253,530.879,1980,3201,70.0,31.0,54.0
1784083185.947305,528.591,1980,3201,70.0,31.0,55.0
1784083185.957262,528.591,1980,3201,70.0,31.0,55.0
1784083185.967246,528.591,1980,3201,70.0,31.0,55.0
1784083185.977245,528.591,1980,3201,70.0,31.0,55.0
1784083185.987246,528.591,1980,3201,70.0,31.0,55.0
1784083185.997246,528.591,1980,3201,70.0,31.0,55.0
1784083186.007247,528.591,1980,3201,70.0,31.0,55.0
1784083186.017248,528.591,1980,3201,70.0,31.0,55.0
1784083186.027248,528.591,1980,3201,70.0,31.0,55.0
1784083186.037248,528.591,1980,3201,70.0,31.0,55.0
1784083186.047251,528.193,1980,3201,88.0,41.0,55.0
1784083186.057247,528.193,1980,3201,88.0,41.0,55.0
1784083186.067249,528.193,1980,3201,88.0,41.0,55.0
1784083186.077247,528.193,1980,3201,88.0,41.0,55.0
1784083186.087248,528.193,1980,3201,88.0,41.0,55.0
1784083186.097292,528.193,1980,3201,88.0,41.0,55.0
1784083186.107248,528.193,1980,3201,88.0,41.0,55.0
1784083186.117250,528.193,1980,3201,88.0,41.0,55.0
1784083186.127248,528.193,1980,3201,88.0,41.0,55.0
1784083186.137248,528.193,1980,3201,88.0,41.0,55.0
1784083186.147249,528.121,1980,3201,88.0,41.0,55.0
1784083186.157248,528.121,1980,3201,88.0,41.0,55.0
1784083186.167251,528.121,1980,3201,88.0,41.0,55.0
1784083186.177248,528.121,1980,3201,88.0,41.0,55.0
1784083186.187249,528.121,1980,3201,88.0,41.0,55.0
1784083186.197249,528.121,1980,3201,88.0,41.0,55.0
1784083186.207249,528.121,1980,3201,88.0,41.0,55.0
1784083186.217252,528.121,1980,3201,88.0,41.0,55.0
1784083186.227249,528.121,1980,3201,88.0,41.0,55.0
1784083186.237250,528.121,1980,3201,88.0,41.0,55.0
1784083186.247249,529.529,1980,3201,90.0,42.0,55.0
1784083186.257249,529.529,1980,3201,90.0,42.0,55.0
1784083186.267249,529.529,1980,3201,90.0,42.0,55.0
1784083186.277247,529.529,1980,3201,90.0,42.0,55.0
1784083186.287249,529.529,1980,3201,90.0,42.0,55.0
1784083186.297247,529.529,1980,3201,90.0,42.0,55.0
1784083186.307268,529.529,1980,3201,90.0,42.0,55.0
1784083186.317248,529.529,1980,3201,90.0,42.0,55.0
1784083186.327248,529.529,1980,3201,90.0,42.0,55.0
1784083186.337250,529.529,1980,3201,90.0,42.0,55.0
1784083186.347248,529.720,1980,3201,90.0,42.0,55.0
1784083186.357248,529.720,1980,3201,90.0,42.0,55.0
1784083186.367609,529.720,1980,3201,90.0,42.0,55.0
1784083186.377860,529.720,1980,3201,90.0,42.0,55.0
1784083186.387242,529.720,1980,3201,90.0,42.0,55.0
1784083186.397249,529.720,1980,3201,90.0,42.0,55.0
1784083186.407251,529.720,1980,3201,90.0,42.0,55.0
1784083186.417249,529.720,1980,3201,90.0,42.0,55.0
1784083186.427250,529.720,1980,3201,90.0,42.0,55.0
1784083186.437249,529.720,1980,3201,90.0,42.0,55.0
1784083186.447250,527.916,1980,3201,89.0,42.0,56.0
1784083186.457251,527.916,1980,3201,89.0,42.0,56.0
1784083186.467250,527.916,1980,3201,89.0,42.0,56.0
1784083186.477250,527.916,1980,3201,89.0,42.0,56.0
1784083186.487249,527.916,1980,3201,89.0,42.0,56.0
1784083186.497250,527.916,1980,3201,89.0,42.0,56.0
1784083186.507252,527.916,1980,3201,89.0,42.0,56.0
1784083186.517250,527.916,1980,3201,89.0,42.0,56.0
1784083186.527251,527.916,1980,3201,89.0,42.0,56.0
1784083186.537249,527.916,1980,3199,89.0,42.0,56.0
1784083186.547250,530.407,1980,3201,89.0,42.0,55.0
1784083186.557250,530.407,1980,3201,89.0,42.0,55.0
1784083186.567249,530.407,1980,3201,89.0,42.0,55.0
1784083186.577251,530.407,1980,3201,89.0,42.0,55.0
1784083186.587244,530.407,1980,3201,89.0,42.0,55.0
1784083186.597245,530.407,1980,3201,89.0,42.0,55.0
1784083186.607245,530.407,1980,3201,89.0,42.0,55.0
1784083186.617245,530.407,1980,3201,89.0,42.0,55.0
1784083186.627246,530.407,1980,3201,89.0,42.0,55.0
1784083186.637245,530.407,1980,3201,89.0,42.0,55.0
1784083186.647254,535.139,1980,3201,89.0,42.0,55.0
1784083186.657246,535.139,1980,3201,89.0,42.0,55.0
1784083186.667246,535.139,1980,3201,89.0,42.0,55.0
1784083186.677246,535.139,1980,3201,89.0,42.0,55.0
1784083186.687245,535.139,1980,3201,89.0,42.0,55.0
1784083186.697245,535.139,1980,3201,89.0,42.0,55.0
1784083186.707245,535.139,1980,3201,89.0,42.0,55.0
1784083186.717245,535.139,1980,3201,89.0,42.0,55.0
1784083186.727479,535.139,1980,3201,89.0,42.0,55.0
1784083186.737244,535.139,1980,3201,89.0,42.0,55.0
1784083186.747208,561.017,1980,3201,89.0,42.0,55.0
1784083186.757241,561.017,1980,3201,89.0,42.0,55.0
1784083186.767242,561.017,1980,3201,89.0,42.0,55.0
1784083186.777242,561.017,1980,3201,89.0,42.0,55.0
1784083186.787242,561.017,1980,3201,89.0,42.0,55.0
1784083186.797242,561.017,1980,3201,89.0,42.0,55.0
1784083186.807242,561.017,1980,3201,89.0,42.0,55.0
1784083186.817242,561.017,1980,3201,89.0,42.0,55.0
1784083186.827242,561.017,1980,3201,89.0,42.0,55.0
1784083186.837242,561.017,1980,3201,89.0,42.0,55.0
1784083186.847242,562.342,1980,3201,89.0,42.0,56.0
1784083186.857242,562.342,1980,3201,89.0,42.0,56.0
1784083186.867242,562.342,1980,3201,89.0,42.0,56.0
1784083186.877242,562.342,1980,3201,89.0,42.0,56.0
1784083186.887241,562.342,1980,3201,89.0,42.0,56.0
1784083186.897242,562.342,1980,3201,89.0,42.0,56.0
1784083186.907243,562.342,1980,3201,89.0,42.0,56.0
1784083186.917249,562.342,1980,3201,89.0,42.0,56.0
1784083186.927248,562.342,1980,3201,89.0,42.0,56.0
1784083186.937247,562.342,1980,3201,89.0,42.0,56.0
1784083186.947247,565.482,1980,3201,89.0,42.0,55.0
1784083186.957248,565.482,1980,3201,89.0,42.0,55.0
1784083186.967249,565.482,1980,3201,89.0,42.0,55.0
1784083186.977248,565.482,1980,3201,89.0,42.0,55.0
1784083186.987243,565.482,1980,3201,89.0,42.0,55.0
1784083186.997252,565.482,1980,3201,89.0,42.0,55.0
1784083187.007248,565.482,1980,3201,89.0,42.0,55.0
1784083187.017251,565.482,1980,3201,89.0,42.0,55.0
1784083187.027250,565.482,1980,3201,89.0,42.0,55.0
1784083187.037620,562.449,1980,3201,89.0,42.0,55.0
1784083187.047242,562.449,1980,3201,89.0,42.0,55.0
1784083187.057244,562.449,1980,3201,89.0,42.0,55.0
1784083187.067244,562.449,1980,3201,89.0,42.0,55.0
1784083187.077243,562.449,1980,3201,89.0,42.0,55.0
1784083187.087243,562.449,1980,3201,89.0,42.0,55.0
1784083187.097242,562.449,1980,3201,89.0,42.0,55.0
1784083187.107243,562.449,1980,3201,89.0,42.0,55.0
1784083187.117242,562.449,1980,3201,89.0,42.0,55.0
1784083187.127241,562.449,1980,3201,89.0,42.0,55.0
1784083187.137241,562.449,1980,3201,89.0,42.0,55.0
1784083187.147241,525.304,1980,3201,89.0,42.0,49.0
1784083187.157241,525.304,1980,3201,89.0,42.0,49.0
1784083187.167242,525.304,1980,3201,89.0,42.0,49.0
1784083187.177241,525.304,1980,3201,89.0,42.0,49.0
1784083187.187241,525.304,1980,3201,89.0,42.0,49.0
1784083187.197242,525.304,1980,3201,89.0,42.0,49.0
1784083187.207242,525.304,1980,3201,89.0,42.0,49.0
1784083187.217242,525.304,1980,3201,89.0,42.0,49.0
1784083187.227241,525.304,1980,3201,89.0,42.0,49.0
1784083187.237242,525.304,1980,3201,89.0,42.0,49.0
1784083187.247249,524.563,1980,3201,58.0,26.0,54.0
1784083187.257241,524.563,1980,3201,58.0,26.0,54.0
1784083187.267248,524.563,1980,3201,58.0,26.0,54.0
1784083187.277297,524.563,1980,3201,58.0,26.0,54.0
1784083187.287242,524.563,1980,3201,58.0,26.0,54.0
1784083187.297246,524.563,1980,3201,58.0,26.0,54.0
1784083187.307248,524.563,1980,3201,58.0,26.0,54.0
1784083187.317248,524.563,1980,3201,58.0,26.0,54.0
1784083187.327249,524.563,1980,3201,58.0,26.0,54.0
1784083187.337248,524.563,1980,3201,58.0,26.0,54.0
1784083187.347248,525.827,1980,3201,58.0,26.0,55.0
1784083187.357250,525.827,1980,3201,58.0,26.0,55.0
1784083187.367248,525.827,1980,3201,58.0,26.0,55.0
1784083187.377248,525.827,1980,3201,58.0,26.0,55.0
1784083187.387250,525.827,1980,3201,58.0,26.0,55.0
1784083187.397249,525.827,1980,3201,58.0,26.0,55.0
1784083187.407249,525.827,1980,3201,58.0,26.0,55.0
1784083187.417249,525.827,1980,3201,58.0,26.0,55.0
1784083187.427249,525.827,1980,3201,58.0,26.0,55.0
1784083187.437250,525.827,1980,3201,58.0,26.0,55.0
1784083187.447513,526.515,1980,3201,90.0,42.0,55.0
1784083187.457241,526.515,1980,3201,90.0,42.0,55.0
1784083187.467242,526.515,1980,3201,90.0,42.0,55.0
1784083187.477252,526.515,1980,3201,90.0,42.0,55.0
1784083187.487274,526.515,1980,3201,90.0,42.0,55.0
1784083187.497250,526.515,1980,3201,90.0,42.0,55.0
1784083187.507248,526.515,1980,3201,90.0,42.0,55.0
1784083187.517248,526.515,1980,3201,90.0,42.0,55.0
1784083187.527250,526.515,1980,3201,90.0,42.0,55.0
1784083187.537249,526.515,1980,3201,90.0,42.0,55.0
1784083187.547249,524.252,1980,3201,90.0,42.0,55.0
1784083187.557254,524.252,1980,3201,90.0,42.0,55.0
1784083187.567251,524.252,1980,3201,90.0,42.0,55.0
1784083187.577253,524.252,1980,3201,90.0,42.0,55.0
1784083187.587251,524.252,1980,3201,90.0,42.0,55.0
1784083187.597252,524.252,1980,3201,90.0,42.0,55.0
1784083187.607251,524.252,1980,3201,90.0,42.0,55.0
1784083187.617260,524.252,1980,3201,90.0,42.0,55.0
1784083187.627251,524.252,1980,3201,90.0,42.0,55.0
1784083187.637252,524.252,1980,3201,90.0,42.0,55.0
1784083187.647253,525.794,1980,3201,88.0,41.0,55.0
1784083187.657252,525.794,1980,3201,88.0,41.0,55.0
1784083187.667251,525.794,1980,3201,88.0,41.0,55.0
1784083187.677252,525.794,1980,3201,88.0,41.0,55.0
1784083187.687252,525.794,1980,3201,88.0,41.0,55.0
1784083187.697251,525.794,1980,3201,88.0,41.0,55.0
1784083187.707258,525.794,1980,3201,88.0,41.0,55.0
1784083187.717251,525.794,1980,3201,88.0,41.0,55.0
1784083187.727308,525.794,1980,3201,88.0,41.0,55.0
1784083187.737253,525.794,1980,3201,88.0,41.0,55.0
1784083187.747255,524.838,1980,3201,88.0,41.0,55.0
1784083187.757253,524.838,1980,3201,88.0,41.0,55.0
1784083187.767446,524.838,1980,3201,88.0,41.0,55.0
1784083187.777860,524.838,1980,3201,88.0,41.0,55.0
1784083187.787246,524.838,1980,3201,88.0,41.0,55.0
1784083187.797256,524.838,1980,3201,88.0,41.0,55.0
1784083187.807252,524.838,1980,3201,88.0,41.0,55.0
1784083187.817251,524.838,1980,3201,88.0,41.0,55.0
1784083187.827252,524.838,1980,3201,88.0,41.0,55.0
1784083187.837251,524.838,1980,3201,88.0,41.0,55.0
1784083187.847250,524.640,1980,3201,88.0,41.0,55.0
1784083187.857250,524.640,1980,3201,88.0,41.0,55.0
1784083187.867250,524.640,1980,3201,88.0,41.0,55.0
1784083187.877249,524.640,1980,3201,88.0,41.0,55.0
1784083187.887251,524.640,1980,3201,88.0,41.0,55.0
1784083187.897252,524.640,1980,3201,88.0,41.0,55.0
1784083187.907252,524.640,1980,3201,88.0,41.0,55.0
1784083187.917246,524.640,1980,3201,88.0,41.0,55.0
1784083187.927245,524.640,1980,3201,88.0,41.0,55.0
1784083187.937247,524.640,1980,3201,88.0,41.0,55.0
1784083187.947246,523.650,1980,3201,88.0,41.0,55.0
1784083187.957246,523.650,1980,3201,88.0,41.0,55.0
1784083187.967247,523.650,1980,3201,88.0,41.0,55.0
1784083187.977247,523.650,1980,3201,88.0,41.0,55.0
1784083187.987247,523.650,1980,3201,88.0,41.0,55.0
1784083187.997246,523.650,1980,3201,88.0,41.0,55.0
1784083188.007246,523.650,1980,3201,88.0,41.0,55.0
1784083188.017247,523.650,1980,3201,88.0,41.0,55.0
1784083188.027246,523.650,1980,3201,88.0,41.0,55.0
1784083188.037249,523.650,1980,3201,88.0,41.0,55.0
1784083188.047247,525.947,1980,3201,90.0,42.0,55.0
1784083188.057248,525.947,1980,3201,90.0,42.0,55.0
1784083188.067247,525.947,1980,3201,90.0,42.0,55.0
1784083188.077248,525.947,1980,3201,90.0,42.0,55.0
1784083188.087248,525.947,1980,3201,90.0,42.0,55.0
1784083188.097249,525.947,1980,3201,90.0,42.0,55.0
1784083188.107248,525.947,1980,3201,90.0,42.0,55.0
1784083188.117295,525.947,1980,3201,90.0,42.0,55.0
1784083188.127248,525.947,1980,3201,90.0,42.0,55.0
1784083188.137249,525.947,1980,3201,90.0,42.0,55.0
1784083188.147429,561.924,1980,3201,90.0,42.0,56.0
1784083188.157711,561.924,1980,3201,90.0,42.0,56.0
1784083188.167244,561.924,1980,3201,90.0,42.0,56.0
1784083188.177248,561.924,1980,3201,90.0,42.0,56.0
1784083188.187253,561.924,1980,3201,90.0,42.0,56.0
1784083188.197249,561.924,1980,3201,90.0,42.0,56.0
1784083188.207249,561.924,1980,3201,90.0,42.0,56.0
1784083188.217248,561.924,1980,3201,90.0,42.0,56.0
1784083188.227251,561.924,1980,3201,90.0,42.0,56.0
1784083188.237248,561.924,1980,3201,90.0,42.0,56.0
1784083188.247278,560.940,1980,3201,89.0,42.0,55.0
1784083188.257243,560.940,1980,3201,89.0,42.0,55.0
1784083188.267247,560.940,1980,3201,89.0,42.0,55.0
1784083188.277249,560.940,1980,3201,89.0,42.0,55.0
1784083188.287246,560.940,1980,3201,89.0,42.0,55.0
1784083188.297246,560.940,1980,3201,89.0,42.0,55.0
1784083188.307241,560.940,1980,3201,89.0,42.0,55.0
1784083188.317243,560.940,1980,3201,89.0,42.0,55.0
1784083188.327263,560.940,1980,3201,89.0,42.0,55.0
1784083188.337247,560.940,1980,3201,89.0,42.0,55.0
1784083188.347269,562.181,1980,3201,89.0,42.0,55.0
1784083188.357248,562.181,1980,3201,89.0,42.0,55.0
1784083188.367248,562.181,1980,3201,89.0,42.0,55.0
1784083188.377249,562.181,1980,3201,89.0,42.0,55.0
1784083188.387248,562.181,1980,3201,89.0,42.0,55.0
1784083188.397249,562.181,1980,3201,89.0,42.0,55.0
1784083188.407248,562.181,1980,3201,89.0,42.0,55.0
1784083188.417250,562.181,1980,3201,89.0,42.0,55.0
1784083188.427249,562.181,1980,3201,89.0,42.0,55.0
1784083188.437240,562.181,1980,3201,89.0,42.0,55.0
1784083188.447248,562.510,1980,3201,89.0,42.0,55.0
1784083188.457253,562.510,1980,3201,89.0,42.0,55.0
1784083188.467264,562.510,1980,3201,89.0,42.0,55.0
1784083188.477250,562.510,1980,3201,89.0,42.0,55.0
1784083188.487248,562.510,1980,3201,89.0,42.0,55.0
1784083188.497252,562.510,1980,3201,89.0,42.0,55.0
1784083188.507297,562.510,1980,3201,89.0,42.0,55.0
1784083188.517249,562.510,1980,3201,89.0,42.0,55.0
1784083188.527264,562.510,1980,3201,89.0,42.0,55.0
1784083188.537249,562.510,1980,3201,89.0,42.0,55.0
1784083188.547249,532.196,1980,3201,89.0,42.0,50.0
1784083188.557249,532.196,1980,3201,89.0,42.0,50.0
1784083188.567249,532.196,1980,3201,89.0,42.0,50.0
1784083188.577250,532.196,1980,3201,89.0,42.0,50.0
1784083188.587250,532.196,1980,3201,89.0,42.0,50.0
1784083188.597249,532.196,1980,3201,89.0,42.0,50.0
1784083188.607249,532.196,1980,3201,89.0,42.0,50.0
1784083188.617249,532.196,1980,3201,89.0,42.0,50.0
1784083188.627248,532.196,1980,3201,89.0,42.0,50.0
1784083188.637248,532.196,1980,3201,89.0,42.0,50.0
1784083188.647242,527.791,1980,3201,54.0,24.0,54.0
1784083188.657480,527.791,1980,3201,54.0,24.0,54.0
1784083188.667648,527.791,1980,3201,54.0,24.0,54.0
1784083188.677241,527.791,1980,3201,54.0,24.0,54.0
1784083188.687288,527.791,1980,3201,54.0,24.0,54.0
1784083188.697293,527.791,1980,3201,54.0,24.0,54.0
1784083188.707248,527.791,1980,3201,54.0,24.0,54.0
1784083188.717248,527.791,1980,3201,54.0,24.0,54.0
1784083188.727248,527.791,1980,3201,54.0,24.0,54.0
1784083188.737301,527.791,1980,3201,54.0,24.0,54.0
1784083188.747249,529.624,1980,3201,54.0,24.0,55.0
1784083188.757248,529.624,1980,3201,54.0,24.0,55.0
1784083188.767249,529.624,1980,3201,54.0,24.0,55.0
1784083188.777288,529.624,1980,3201,54.0,24.0,55.0
1784083188.787251,529.624,1980,3201,54.0,24.0,55.0
1784083188.797276,529.624,1980,3201,54.0,24.0,55.0
1784083188.807249,529.624,1980,3201,54.0,24.0,55.0
1784083188.817249,529.624,1980,3201,54.0,24.0,55.0
1784083188.827249,529.624,1980,3201,54.0,24.0,55.0
1784083188.837249,529.624,1980,3201,54.0,24.0,55.0
1784083188.847266,532.326,1980,3201,88.0,42.0,55.0
1784083188.857250,532.326,1980,3201,88.0,42.0,55.0
1784083188.867250,532.326,1980,3201,88.0,42.0,55.0
1784083188.877250,532.326,1980,3201,88.0,42.0,55.0
1784083188.887249,532.326,1980,3201,88.0,42.0,55.0
1784083188.897280,532.326,1980,3201,88.0,42.0,55.0
1784083188.907253,532.326,1980,3201,88.0,42.0,55.0
1784083188.917251,532.326,1980,3201,88.0,42.0,55.0
1784083188.927251,532.326,1980,3201,88.0,42.0,55.0
1784083188.937252,532.326,1980,3201,88.0,42.0,55.0
1784083188.947253,531.043,1980,3201,88.0,42.0,55.0
1784083188.957254,531.043,1980,3201,88.0,42.0,55.0
1784083188.967254,531.043,1980,3201,88.0,42.0,55.0
1784083188.977254,531.043,1980,3201,88.0,42.0,55.0
1784083188.987339,531.043,1980,3201,88.0,42.0,55.0
1784083188.997253,531.043,1980,3201,88.0,42.0,55.0
1784083189.007252,531.043,1980,3201,88.0,42.0,55.0
1784083189.017441,531.043,1980,3201,88.0,42.0,55.0
1784083189.027242,531.043,1980,3201,88.0,42.0,55.0
1784083189.037246,531.043,1980,3201,88.0,42.0,55.0
1784083189.047252,527.256,1980,3201,89.0,42.0,55.0
1784083189.057252,527.256,1980,3201,89.0,42.0,55.0
1784083189.067253,527.256,1980,3201,89.0,42.0,55.0
1784083189.077252,527.256,1980,3201,89.0,42.0,55.0
1784083189.087251,527.256,1980,3201,89.0,42.0,55.0
1784083189.097251,527.256,1980,3201,89.0,42.0,55.0
1784083189.107251,527.256,1980,3201,89.0,42.0,55.0
1784083189.117253,527.256,1980,3201,89.0,42.0,55.0
1784083189.127255,527.256,1980,3201,89.0,42.0,55.0
1784083189.137252,527.256,1980,3201,89.0,42.0,55.0
1784083189.147253,529.771,1980,3201,89.0,42.0,55.0
1784083189.157252,529.771,1980,3201,89.0,42.0,55.0
1784083189.167252,529.771,1980,3201,89.0,42.0,55.0
1784083189.177253,529.771,1980,3201,89.0,42.0,55.0
1784083189.187301,529.771,1980,3201,89.0,42.0,55.0
1784083189.197254,529.771,1980,3201,89.0,42.0,55.0
1784083189.207253,529.771,1980,3201,89.0,42.0,55.0
1784083189.217253,529.771,1980,3201,89.0,42.0,55.0
1784083189.227252,529.771,1980,3201,89.0,42.0,55.0
1784083189.237253,529.771,1980,3201,89.0,42.0,55.0
1784083189.247255,531.396,1980,3201,88.0,42.0,55.0
1784083189.257244,531.396,1980,3201,88.0,42.0,55.0
1784083189.267254,531.396,1980,3201,88.0,42.0,55.0
1784083189.277252,531.396,1980,3201,88.0,42.0,55.0
1784083189.287253,531.396,1980,3201,88.0,42.0,55.0
1784083189.297255,531.396,1980,3201,88.0,42.0,55.0
1784083189.307254,531.396,1980,3201,88.0,42.0,55.0
1784083189.317254,531.396,1980,3201,88.0,42.0,55.0
1784083189.327451,531.396,1980,3201,88.0,42.0,55.0
1784083189.337553,531.396,1980,3201,88.0,42.0,55.0
1784083189.347249,528.410,1980,3201,88.0,42.0,56.0
1784083189.357302,528.410,1980,3201,88.0,42.0,56.0
1784083189.367254,528.410,1980,3201,88.0,42.0,56.0
1784083189.377253,528.410,1980,3201,88.0,42.0,56.0
1784083189.387253,528.410,1980,3201,88.0,42.0,56.0
1784083189.397252,528.410,1980,3201,88.0,42.0,56.0
1784083189.407261,528.410,1980,3201,88.0,42.0,56.0
1784083189.417254,528.410,1980,3201,88.0,42.0,56.0
1784083189.427250,528.410,1980,3201,88.0,42.0,56.0
1784083189.437251,528.410,1980,3201,88.0,42.0,56.0
1784083189.447252,527.499,1980,3201,88.0,41.0,55.0
1784083189.457251,527.499,1980,3201,88.0,41.0,55.0
1784083189.467251,527.499,1980,3201,88.0,41.0,55.0
1784083189.477250,527.499,1980,3201,88.0,41.0,55.0
1784083189.487251,527.499,1980,3201,88.0,41.0,55.0
1784083189.497244,527.499,1980,3201,88.0,41.0,55.0
1784083189.507245,527.499,1980,3201,88.0,41.0,55.0
1784083189.517246,527.499,1980,3201,88.0,41.0,55.0
1784083189.527246,527.499,1980,3201,88.0,41.0,55.0
1784083189.537246,527.499,1980,3201,88.0,41.0,55.0
1784083189.547245,559.764,1980,3201,88.0,41.0,55.0
1784083189.557246,559.764,1980,3201,88.0,41.0,55.0
1784083189.567245,559.764,1980,3201,88.0,41.0,55.0
1784083189.577246,559.764,1980,3201,88.0,41.0,55.0
1784083189.587241,559.764,1980,3201,88.0,41.0,55.0
1784083189.597245,559.764,1980,3201,88.0,41.0,55.0
1784083189.607246,559.764,1980,3201,88.0,41.0,55.0
1784083189.617246,559.764,1980,3201,88.0,41.0,55.0
1784083189.627629,559.764,1980,3201,88.0,41.0,55.0
1784083189.637239,559.764,1980,3201,88.0,41.0,55.0
1784083189.647246,558.893,1980,3201,88.0,41.0,56.0
1784083189.657358,558.893,1980,3201,88.0,41.0,56.0
1784083189.667243,558.893,1980,3201,88.0,41.0,56.0
1784083189.677243,558.893,1980,3201,88.0,41.0,56.0
1784083189.687259,558.893,1980,3201,88.0,41.0,56.0
1784083189.697246,558.893,1980,3201,88.0,41.0,56.0
1784083189.707254,558.893,1980,3201,88.0,41.0,56.0
1784083189.717292,558.893,1980,3201,88.0,41.0,56.0
1784083189.727252,558.893,1980,3201,88.0,41.0,56.0
1784083189.737253,558.893,1980,3201,88.0,41.0,56.0
1784083189.747304,559.798,1980,3201,88.0,41.0,55.0
1784083189.757253,559.798,1980,3201,88.0,41.0,55.0
1784083189.767252,559.798,1980,3201,88.0,41.0,55.0
1784083189.777255,559.798,1980,3201,88.0,41.0,55.0
1784083189.787253,559.798,1980,3201,88.0,41.0,55.0
1784083189.797245,559.798,1980,3201,88.0,41.0,55.0
1784083189.807252,559.798,1980,3201,88.0,41.0,55.0
1784083189.817252,559.798,1980,3201,88.0,41.0,55.0
1784083189.827252,559.798,1980,3201,88.0,41.0,55.0
1784083189.837250,559.798,1980,3201,88.0,41.0,55.0
1784083189.847252,558.860,1980,3201,88.0,42.0,55.0
1784083189.857251,558.860,1980,3201,88.0,42.0,55.0
1784083189.867692,558.860,1980,3201,88.0,42.0,55.0
1784083189.877250,558.860,1980,3201,88.0,42.0,55.0
1784083189.887249,558.860,1980,3201,88.0,42.0,55.0
1784083189.897244,558.860,1980,3201,88.0,42.0,55.0
1784083189.907246,558.860,1980,3201,88.0,42.0,55.0
1784083189.917247,558.860,1980,3201,88.0,42.0,55.0
1784083189.927246,558.860,1980,3201,88.0,42.0,55.0
1784083189.937247,558.860,1980,3201,88.0,42.0,55.0
1784083189.947247,529.433,1980,3201,88.0,42.0,50.0
1784083189.957246,529.433,1980,3201,88.0,42.0,50.0
1784083189.967246,529.433,1980,3201,88.0,42.0,50.0
1784083189.977245,529.433,1980,3201,88.0,42.0,50.0
1784083189.987246,529.433,1980,3201,88.0,42.0,50.0
1784083189.997245,529.433,1980,3201,88.0,42.0,50.0
1784083190.007243,529.433,1980,3201,88.0,42.0,50.0
1784083190.017242,529.433,1980,3201,88.0,42.0,50.0
1784083190.027242,529.433,1980,3201,88.0,42.0,50.0
1784083190.037243,529.433,1980,3201,88.0,42.0,50.0
1784083190.047242,522.728,1980,3201,29.0,13.0,54.0
1784083190.057243,522.728,1980,3201,29.0,13.0,54.0
1784083190.067242,522.728,1980,3201,29.0,13.0,54.0
1784083190.077328,522.728,1980,3201,29.0,13.0,54.0
1784083190.087254,522.728,1980,3201,29.0,13.0,54.0
1784083190.097253,522.728,1980,3201,29.0,13.0,54.0
1784083190.107253,522.728,1980,3201,29.0,13.0,54.0
1784083190.117253,522.728,1980,3201,29.0,13.0,54.0
1784083190.127441,522.728,1980,3201,29.0,13.0,54.0
1784083190.137699,522.728,1980,3201,29.0,13.0,54.0
1784083190.147244,520.222,1980,3201,29.0,13.0,55.0
1784083190.157253,520.222,1980,3201,29.0,13.0,55.0
1784083190.167252,520.222,1980,3201,29.0,13.0,55.0
1784083190.177258,520.222,1980,3201,29.0,13.0,55.0
1784083190.187253,520.222,1980,3201,29.0,13.0,55.0
1784083190.197252,520.222,1980,3201,29.0,13.0,55.0
1784083190.207252,520.222,1980,3201,29.0,13.0,55.0
1784083190.217252,520.222,1980,3201,29.0,13.0,55.0
1784083190.227252,520.222,1980,3201,29.0,13.0,55.0
1784083190.237261,520.222,1980,3201,29.0,13.0,55.0
1784083190.247252,519.285,1980,3201,88.0,41.0,55.0
1784083190.257244,519.285,1980,3201,88.0,41.0,55.0
1784083190.267335,519.285,1980,3201,88.0,41.0,55.0
1784083190.277246,519.285,1980,3201,88.0,41.0,55.0
1784083190.287247,519.285,1980,3201,88.0,41.0,55.0
1784083190.297246,519.285,1980,3201,88.0,41.0,55.0
1784083190.307247,519.285,1980,3201,88.0,41.0,55.0
1784083190.317252,519.285,1980,3201,88.0,41.0,55.0
1784083190.327267,519.285,1980,3201,88.0,41.0,55.0
1784083190.337248,519.285,1980,3201,88.0,41.0,55.0
1784083190.347248,522.011,1980,3201,88.0,41.0,55.0
1784083190.357249,522.011,1980,3201,88.0,41.0,55.0
1784083190.367248,522.011,1980,3201,88.0,41.0,55.0
1784083190.377249,522.011,1980,3201,88.0,41.0,55.0
1784083190.387250,522.011,1980,3201,88.0,41.0,55.0
1784083190.397249,522.011,1980,3201,88.0,41.0,55.0
1784083190.407249,522.011,1980,3201,88.0,41.0,55.0
1784083190.417249,522.011,1980,3201,88.0,41.0,55.0
1784083190.427249,522.011,1980,3201,88.0,41.0,55.0
1784083190.437248,522.011,1980,3201,88.0,41.0,55.0
1784083190.447249,523.427,1980,3201,90.0,42.0,55.0
1784083190.457251,523.427,1980,3201,90.0,42.0,55.0
1784083190.467249,523.427,1980,3201,90.0,42.0,55.0
1784083190.477250,523.427,1980,3201,90.0,42.0,55.0
1784083190.487250,523.427,1980,3201,90.0,42.0,55.0
1784083190.497249,523.427,1980,3201,90.0,42.0,55.0
1784083190.507721,523.427,1980,3201,90.0,42.0,55.0
1784083190.517256,523.427,1980,3201,90.0,42.0,55.0
1784083190.527249,523.427,1980,3201,90.0,42.0,55.0
1784083190.537249,523.427,1980,3201,90.0,42.0,55.0
1784083190.547249,520.825,1980,3201,90.0,42.0,56.0
1784083190.557250,520.825,1980,3201,90.0,42.0,56.0
1784083190.567249,520.825,1980,3201,90.0,42.0,56.0
1784083190.577249,520.825,1980,3201,90.0,42.0,56.0
1784083190.587250,520.825,1980,3201,90.0,42.0,56.0
1784083190.597250,520.825,1980,3201,90.0,42.0,56.0
1784083190.607252,520.825,1980,3201,90.0,42.0,56.0
1784083190.617248,520.825,1980,3201,90.0,42.0,56.0
1784083190.627247,520.825,1980,3201,90.0,42.0,56.0
1784083190.637248,520.825,1980,3201,90.0,42.0,56.0
1784083190.647249,522.491,1980,3201,89.0,42.0,55.0
1784083190.657248,522.491,1980,3201,89.0,42.0,55.0
1784083190.667287,522.491,1980,3201,89.0,42.0,55.0
1784083190.677246,522.491,1980,3201,89.0,42.0,55.0
1784083190.687245,522.491,1980,3201,89.0,42.0,55.0
1784083190.697248,522.491,1980,3201,89.0,42.0,55.0
1784083190.707246,522.491,1980,3201,89.0,42.0,55.0
1784083190.717247,522.491,1980,3201,89.0,42.0,55.0
1784083190.727247,522.491,1980,3201,89.0,42.0,55.0
1784083190.737247,522.491,1980,3201,89.0,42.0,55.0
1784083190.747247,523.146,1980,3201,89.0,42.0,56.0
1784083190.757247,523.146,1980,3201,89.0,42.0,56.0
1784083190.767247,523.146,1980,3201,89.0,42.0,56.0
1784083190.777247,523.146,1980,3201,89.0,42.0,56.0
1784083190.787247,523.146,1980,3201,89.0,42.0,56.0
1784083190.797250,523.146,1980,3201,89.0,42.0,56.0
1784083190.807248,523.146,1980,3201,89.0,42.0,56.0
1784083190.817248,523.146,1980,3201,89.0,42.0,56.0
1784083190.827248,523.146,1980,3201,89.0,42.0,56.0
1784083190.837248,523.146,1980,3201,89.0,42.0,56.0
1784083190.847248,523.473,1980,3201,90.0,43.0,56.0
1784083190.857276,523.473,1980,3201,90.0,43.0,56.0
1784083190.867248,523.473,1980,3201,90.0,43.0,56.0
1784083190.877248,523.473,1980,3201,90.0,43.0,56.0
1784083190.887248,523.473,1980,3201,90.0,43.0,56.0
1784083190.897249,523.473,1980,3201,90.0,43.0,56.0
1784083190.907249,523.473,1980,3201,90.0,43.0,56.0
1784083190.917252,523.473,1980,3201,90.0,43.0,56.0
1784083190.927245,523.473,1980,3201,90.0,43.0,56.0
1784083190.937245,523.473,1980,3201,90.0,43.0,56.0
1784083190.947244,544.142,1980,3201,90.0,43.0,56.0
1784083190.957244,544.142,1980,3201,90.0,43.0,56.0
1784083190.967245,544.142,1980,3201,90.0,43.0,56.0
1784083190.977245,544.142,1980,3201,90.0,43.0,56.0
1784083190.987247,544.142,1980,3201,90.0,43.0,56.0
1784083190.997241,544.142,1980,3201,90.0,43.0,56.0
1784083191.007241,544.142,1980,3201,90.0,43.0,56.0
1784083191.017241,544.142,1980,3201,90.0,43.0,56.0
1784083191.027241,544.142,1980,3201,90.0,43.0,56.0
1784083191.037241,544.142,1980,3201,90.0,43.0,56.0
1784083191.047240,560.709,1980,3201,88.0,42.0,55.0
1784083191.057240,560.709,1980,3201,88.0,42.0,55.0
1784083191.067302,560.709,1980,3201,88.0,42.0,55.0
1784083191.077246,560.709,1980,3201,88.0,42.0,55.0
1784083191.087245,560.709,1980,3201,88.0,42.0,55.0
1784083191.097241,560.709,1980,3201,88.0,42.0,55.0
1784083191.107241,560.709,1980,3201,88.0,42.0,55.0
1784083191.117241,560.709,1980,3201,88.0,42.0,55.0
1784083191.127242,560.709,1980,3201,88.0,42.0,55.0
1784083191.137248,560.709,1980,3201,88.0,42.0,55.0
1784083191.147248,561.651,1980,3201,88.0,42.0,56.0
1784083191.157247,561.651,1980,3201,88.0,42.0,56.0
1784083191.167247,561.651,1980,3201,88.0,42.0,56.0
1784083191.177246,561.651,1980,3201,88.0,42.0,56.0
1784083191.187246,561.651,1980,3201,88.0,42.0,56.0
1784083191.197241,561.651,1980,3201,88.0,42.0,56.0
1784083191.207244,561.651,1980,3201,88.0,42.0,56.0
1784083191.217238,561.651,1980,3201,88.0,42.0,56.0
1784083191.227250,561.651,1980,3201,88.0,42.0,56.0
1784083191.237238,561.651,1980,3201,88.0,42.0,56.0
1784083191.247236,563.158,1980,3201,90.0,42.0,56.0
1784083191.257236,563.158,1980,3201,90.0,42.0,56.0
1784083191.267749,563.158,1980,3201,90.0,42.0,56.0
1784083191.277249,563.158,1980,3201,90.0,42.0,56.0
1784083191.287584,563.158,1980,3201,90.0,42.0,56.0
1784083191.297214,563.158,1980,3201,90.0,42.0,56.0
1784083191.307247,563.158,1980,3201,90.0,42.0,56.0
1784083191.317249,563.158,1980,3201,90.0,42.0,56.0
1784083191.327249,563.158,1980,3201,90.0,42.0,56.0
1784083191.337236,563.158,1980,3201,90.0,42.0,56.0
1784083191.347247,541.608,1980,3201,90.0,42.0,51.0
1784083191.357250,541.608,1980,3201,90.0,42.0,51.0
1784083191.367281,541.608,1980,3201,90.0,42.0,51.0
1784083191.377237,541.608,1980,3201,90.0,42.0,51.0
1784083191.387235,541.608,1980,3201,90.0,42.0,51.0
1784083191.397234,541.608,1980,3201,90.0,42.0,51.0
1784083191.407235,541.608,1980,3201,90.0,42.0,51.0
1784083191.417233,541.608,1980,3201,90.0,42.0,51.0
1784083191.427235,541.608,1980,3201,90.0,42.0,51.0
1784083191.437233,541.608,1980,3201,90.0,42.0,51.0
1784083191.447422,529.435,1980,3201,28.0,13.0,54.0
1784083191.457296,529.435,1980,3201,28.0,13.0,54.0
1784083191.467246,529.435,1980,3201,28.0,13.0,54.0
1784083191.477250,529.435,1980,3201,28.0,13.0,54.0
1784083191.487254,529.435,1980,3201,28.0,13.0,54.0
1784083191.497259,529.435,1980,3201,28.0,13.0,54.0
1784083191.507263,529.435,1980,3201,28.0,13.0,54.0
1784083191.517247,529.435,1980,3201,28.0,13.0,54.0
1784083191.527251,529.435,1980,3201,28.0,13.0,54.0
1784083191.537247,529.435,1980,3201,28.0,13.0,54.0
1784083191.547251,531.019,1980,3201,28.0,13.0,55.0
1784083191.557248,531.019,1980,3201,28.0,13.0,55.0
1784083191.567249,531.019,1980,3201,28.0,13.0,55.0
1784083191.577248,531.019,1980,3201,28.0,13.0,55.0
1784083191.587248,531.019,1980,3201,28.0,13.0,55.0
1784083191.597248,531.019,1980,3201,28.0,13.0,55.0
1784083191.607248,531.019,1980,3201,28.0,13.0,55.0
1784083191.617249,531.019,1980,3201,28.0,13.0,55.0
1784083191.627248,531.019,1980,3201,28.0,13.0,55.0
1784083191.637249,531.019,1980,3201,28.0,13.0,55.0
1784083191.647249,532.755,1980,3201,89.0,42.0,55.0
1784083191.657248,532.755,1980,3201,89.0,42.0,55.0
1784083191.667250,532.755,1980,3201,89.0,42.0,55.0
1784083191.677247,532.755,1980,3201,89.0,42.0,55.0
1784083191.687248,532.755,1980,3201,89.0,42.0,55.0
1784083191.697248,532.755,1980,3201,89.0,42.0,55.0
1784083191.707249,532.755,1980,3201,89.0,42.0,55.0
1784083191.717251,532.755,1980,3201,89.0,42.0,55.0
1784083191.727248,532.755,1980,3201,89.0,42.0,55.0
1784083191.737249,532.755,1980,3201,89.0,42.0,55.0
1784083191.747248,531.114,1980,3201,89.0,42.0,55.0
1784083191.757248,531.114,1980,3201,89.0,42.0,55.0
1784083191.767249,531.114,1980,3201,89.0,42.0,55.0
1784083191.777247,531.114,1980,3201,89.0,42.0,55.0
1784083191.787248,531.114,1980,3201,89.0,42.0,55.0
1784083191.797247,531.114,1980,3201,89.0,42.0,55.0
1784083191.807248,531.114,1980,3201,89.0,42.0,55.0
1784083191.817248,531.114,1980,3201,89.0,42.0,55.0
1784083191.827248,531.114,1980,3201,89.0,42.0,55.0
1784083191.837247,531.114,1980,3201,89.0,42.0,55.0
1784083191.847245,530.262,1980,3201,90.0,42.0,56.0
1784083191.857246,530.262,1980,3201,90.0,42.0,56.0
1784083191.867246,530.262,1980,3201,90.0,42.0,56.0
1784083191.877316,530.262,1980,3201,90.0,42.0,56.0
1784083191.887239,530.262,1980,3201,90.0,42.0,56.0
1784083191.897285,530.262,1980,3201,90.0,42.0,56.0
1784083191.907241,530.262,1980,3201,90.0,42.0,56.0
1784083191.917240,530.262,1980,3201,90.0,42.0,56.0
1784083191.927242,530.262,1980,3201,90.0,42.0,56.0
1784083191.937243,530.262,1980,3201,90.0,42.0,56.0
1784083191.947247,529.803,1980,3201,90.0,42.0,56.0
1784083191.957250,529.803,1980,3201,90.0,42.0,56.0
1784083191.967249,529.803,1980,3201,90.0,42.0,56.0
1784083191.977250,529.803,1980,3201,90.0,42.0,56.0
1784083191.987249,529.803,1980,3201,90.0,42.0,56.0
1784083191.997251,529.803,1980,3201,90.0,42.0,56.0
1784083192.007251,529.803,1980,3201,90.0,42.0,56.0
1784083192.017251,529.803,1980,3201,90.0,42.0,56.0
1784083192.027282,529.803,1980,3201,90.0,42.0,56.0
1784083192.037251,529.803,1980,3201,90.0,42.0,56.0
1784083192.047251,530.572,1980,3201,89.0,42.0,56.0
1784083192.057252,530.572,1980,3201,89.0,42.0,56.0
1784083192.067252,530.572,1980,3201,89.0,42.0,56.0
1784083192.077252,530.572,1980,3201,89.0,42.0,56.0
1784083192.087252,530.572,1980,3201,89.0,42.0,56.0
1784083192.097281,530.572,1980,3201,89.0,42.0,56.0
1784083192.107251,530.572,1980,3201,89.0,42.0,56.0
1784083192.117251,530.572,1980,3201,89.0,42.0,56.0
1784083192.127252,530.572,1980,3201,89.0,42.0,56.0
1784083192.137251,530.572,1980,3201,89.0,42.0,56.0
1784083192.147251,530.589,1980,3201,89.0,42.0,55.0
1784083192.157252,530.589,1980,3201,89.0,42.0,55.0
1784083192.167252,530.589,1980,3201,89.0,42.0,55.0
1784083192.177249,530.589,1980,3201,89.0,42.0,55.0
1784083192.187249,530.589,1980,3201,89.0,42.0,55.0
1784083192.197252,530.589,1980,3201,89.0,42.0,55.0
1784083192.207251,530.589,1980,3201,89.0,42.0,55.0
1784083192.217251,530.589,1980,3201,89.0,42.0,55.0
1784083192.227249,530.589,1980,3201,89.0,42.0,55.0
1784083192.237284,530.589,1980,3201,89.0,42.0,55.0
1784083192.247247,529.213,1980,3201,89.0,42.0,56.0
1784083192.257527,529.213,1980,3201,89.0,42.0,56.0
1784083192.267239,529.213,1980,3201,89.0,42.0,56.0
1784083192.277547,529.213,1980,3201,89.0,42.0,56.0
1784083192.287237,529.213,1980,3201,89.0,42.0,56.0
1784083192.297243,529.213,1980,3201,89.0,42.0,56.0
1784083192.307243,529.213,1980,3201,89.0,42.0,56.0
1784083192.317245,529.213,1980,3201,89.0,42.0,56.0
1784083192.327248,529.213,1980,3201,89.0,42.0,56.0
1784083192.337250,529.213,1980,3201,89.0,42.0,56.0
1784083192.347273,549.161,1980,3201,89.0,42.0,56.0
1784083192.357250,549.161,1980,3201,89.0,42.0,56.0
1784083192.367251,549.161,1980,3201,89.0,42.0,56.0
1784083192.377250,549.161,1980,3201,89.0,42.0,56.0
1784083192.387249,549.161,1980,3201,89.0,42.0,56.0
1784083192.397254,549.161,1980,3201,89.0,42.0,56.0
1784083192.407252,549.161,1980,3201,89.0,42.0,56.0
1784083192.417252,549.161,1980,3201,89.0,42.0,56.0
1784083192.427252,549.161,1980,3201,89.0,42.0,56.0
1784083192.437253,549.161,1980,3201,89.0,42.0,56.0
1784083192.447253,562.185,1980,3201,89.0,42.0,56.0
1784083192.457253,562.185,1980,3201,89.0,42.0,56.0
1784083192.467253,562.185,1980,3201,89.0,42.0,56.0
1784083192.477252,562.185,1980,3201,89.0,42.0,56.0
1784083192.487253,562.185,1980,3201,89.0,42.0,56.0
1784083192.497257,562.185,1980,3201,89.0,42.0,56.0
1784083192.507261,562.185,1980,3201,89.0,42.0,56.0
1784083192.517253,562.185,1980,3201,89.0,42.0,56.0
1784083192.527251,562.185,1980,3201,89.0,42.0,56.0
1784083192.537253,562.185,1980,3201,89.0,42.0,56.0
1784083192.547319,562.242,1980,3201,89.0,42.0,56.0
1784083192.557243,562.242,1980,3201,89.0,42.0,56.0
1784083192.567255,562.242,1980,3201,89.0,42.0,56.0
1784083192.577251,562.242,1980,3201,89.0,42.0,56.0
1784083192.587252,562.242,1980,3201,89.0,42.0,56.0
1784083192.597433,562.242,1980,3201,89.0,42.0,56.0
1784083192.607241,562.242,1980,3201,89.0,42.0,56.0
1784083192.617241,562.242,1980,3201,89.0,42.0,56.0
1784083192.627241,562.242,1980,3201,89.0,42.0,56.0
1784083192.637242,562.242,1980,3201,89.0,42.0,56.0
1784083192.647240,559.653,1980,3201,87.0,41.0,56.0
1784083192.657242,559.653,1980,3201,87.0,41.0,56.0
1784083192.667242,559.653,1980,3201,87.0,41.0,56.0
1784083192.677243,559.653,1980,3201,87.0,41.0,56.0
1784083192.687239,559.653,1980,3201,87.0,41.0,56.0
1784083192.697238,559.653,1980,3201,87.0,41.0,56.0
1784083192.707241,559.653,1980,3201,87.0,41.0,56.0
1784083192.717242,559.653,1980,3201,87.0,41.0,56.0
1784083192.727242,559.653,1980,3201,87.0,41.0,56.0
1784083192.737243,559.653,1980,3201,87.0,41.0,56.0
1784083192.747243,541.417,1980,3201,87.0,41.0,51.0
1784083192.757243,541.417,1980,3201,87.0,41.0,51.0
1784083192.767242,541.417,1980,3201,87.0,41.0,51.0
1784083192.777243,541.417,1980,3201,87.0,41.0,51.0
1784083192.787243,541.417,1980,3201,87.0,41.0,51.0
1784083192.797242,541.417,1980,3201,87.0,41.0,51.0
1784083192.807249,541.417,1980,3201,87.0,41.0,51.0
1784083192.817247,541.417,1980,3201,87.0,41.0,51.0
1784083192.827269,541.417,1980,3201,87.0,41.0,51.0
1784083192.837247,541.417,1980,3201,87.0,41.0,51.0
1784083192.847247,499.777,1980,3201,1.0,1.0,48.0
1784083192.857261,499.777,1980,3201,1.0,1.0,48.0
1784083192.867247,499.777,1980,3201,1.0,1.0,48.0
1784083192.877248,499.777,1980,3201,1.0,1.0,48.0
1784083192.887247,499.777,1980,3201,1.0,1.0,48.0
1784083192.897300,499.777,1980,3201,1.0,1.0,48.0
1784083192.907253,499.777,1980,3201,1.0,1.0,48.0
1784083192.917248,499.777,1980,3201,1.0,1.0,48.0
1784083192.927249,499.777,1980,3201,1.0,1.0,48.0
1784083192.937250,499.777,1980,3201,1.0,1.0,48.0
1784083192.947249,483.039,1980,3201,1.0,1.0,52.0
1784083192.957247,483.039,1980,3201,1.0,1.0,52.0
1784083192.967248,483.039,1980,3201,1.0,1.0,52.0
1784083192.977343,483.039,1980,3201,1.0,1.0,52.0
1784083192.987277,483.039,1980,3201,1.0,1.0,52.0
1784083192.997248,483.039,1980,3201,1.0,1.0,52.0
1784083193.007247,483.039,1980,3201,1.0,1.0,52.0
1784083193.017246,483.039,1980,3201,1.0,1.0,52.0
1784083193.027245,483.039,1980,3201,1.0,1.0,52.0
1784083193.037245,483.039,1980,3201,1.0,1.0,52.0
1784083193.047246,481.939,1980,3201,89.0,40.0,54.0
1784083193.057246,481.939,1980,3201,89.0,40.0,54.0
1784083193.067246,481.939,1980,3201,89.0,40.0,54.0
1784083193.077247,481.939,1980,3201,89.0,40.0,54.0
1784083193.087246,481.939,1980,3201,89.0,40.0,54.0
1784083193.097246,481.939,1980,3201,89.0,40.0,54.0
1784083193.107245,481.939,1980,3201,89.0,40.0,54.0
1784083193.117248,481.939,1980,3201,89.0,40.0,54.0
1784083193.127251,481.939,1980,3201,89.0,40.0,54.0
1784083193.137246,481.939,1980,3201,89.0,40.0,54.0
1784083193.147247,482.610,1980,3201,89.0,40.0,55.0
1784083193.157247,482.610,1980,3201,89.0,40.0,55.0
1784083193.167249,482.610,1980,3201,89.0,40.0,55.0
1784083193.177247,482.610,1980,3201,89.0,40.0,55.0
1784083193.187247,482.610,1980,3201,89.0,40.0,55.0
1784083193.197248,482.610,1980,3201,89.0,40.0,55.0
1784083193.207247,482.610,1980,3201,89.0,40.0,55.0
1784083193.217249,482.610,1980,3201,89.0,40.0,55.0
1784083193.227247,482.610,1980,3201,89.0,40.0,55.0
1784083193.237248,482.610,1980,3201,89.0,40.0,55.0
1784083193.247248,483.218,1980,3201,90.0,42.0,55.0
1784083193.257248,483.218,1980,3201,90.0,42.0,55.0
1784083193.267248,483.218,1980,3201,90.0,42.0,55.0
1784083193.277247,483.218,1980,3201,90.0,42.0,55.0
1784083193.287452,483.218,1980,3201,90.0,42.0,55.0
1784083193.297526,483.218,1980,3201,90.0,42.0,55.0
1784083193.307240,483.218,1980,3201,90.0,42.0,55.0
1784083193.317243,483.218,1980,3201,90.0,42.0,55.0
1784083193.327249,483.218,1980,3201,90.0,42.0,55.0
1784083193.337249,483.218,1980,3201,90.0,42.0,55.0
1784083193.347247,484.115,1980,3201,90.0,42.0,55.0
1784083193.357247,484.115,1980,3201,90.0,42.0,55.0
1784083193.367246,484.115,1980,3201,90.0,42.0,55.0
1784083193.377246,484.115,1980,3201,90.0,42.0,55.0
1784083193.387245,484.115,1980,3201,90.0,42.0,55.0
1784083193.397245,484.115,1980,3201,90.0,42.0,55.0
1784083193.407246,484.115,1980,3201,90.0,42.0,55.0
1784083193.417245,484.115,1980,3201,90.0,42.0,55.0
1784083193.427246,484.115,1980,3201,90.0,42.0,55.0
1784083193.437247,484.115,1980,3201,90.0,42.0,55.0
1784083193.447248,484.410,1980,3201,89.0,42.0,55.0
1784083193.457249,484.410,1980,3201,89.0,42.0,55.0
1784083193.467253,484.410,1980,3201,89.0,42.0,55.0
1784083193.477248,484.410,1980,3201,89.0,42.0,55.0
1784083193.487252,484.410,1980,3201,89.0,42.0,55.0
1784083193.497248,484.410,1980,3201,89.0,42.0,55.0
1784083193.507247,484.410,1980,3201,89.0,42.0,55.0
1784083193.517248,484.410,1980,3201,89.0,42.0,55.0
1784083193.527248,484.410,1980,3201,89.0,42.0,55.0
1784083193.537247,484.410,1980,3201,89.0,42.0,55.0
1784083193.547248,484.198,1980,3201,89.0,42.0,55.0
1784083193.557250,484.198,1980,3201,89.0,42.0,55.0
1784083193.567249,484.198,1980,3201,89.0,42.0,55.0
1784083193.577249,484.198,1980,3201,89.0,42.0,55.0
1784083193.587248,484.198,1980,3201,89.0,42.0,55.0
1784083193.597248,484.198,1980,3201,89.0,42.0,55.0
1784083193.607249,484.198,1980,3201,89.0,42.0,55.0
1784083193.617248,484.198,1980,3201,89.0,42.0,55.0
1784083193.627249,484.198,1980,3201,89.0,42.0,55.0
1784083193.637248,484.198,1980,3201,89.0,42.0,55.0
1784083193.647248,485.914,1980,3201,90.0,42.0,55.0
1784083193.657273,485.914,1980,3201,90.0,42.0,55.0
1784083193.667257,485.914,1980,3201,90.0,42.0,55.0
1784083193.677250,485.914,1980,3201,90.0,42.0,55.0
1784083193.687256,485.914,1980,3201,90.0,42.0,55.0
1784083193.697246,485.914,1980,3201,90.0,42.0,55.0
1784083193.707699,485.914,1980,3201,90.0,42.0,55.0
1784083193.717247,485.914,1980,3201,90.0,42.0,55.0
1784083193.727252,485.914,1980,3201,90.0,42.0,55.0
1784083193.737249,485.914,1980,3201,90.0,42.0,55.0
1784083193.747249,494.249,1980,3201,90.0,42.0,55.0
1784083193.757248,494.249,1980,3201,90.0,42.0,55.0
1784083193.767245,494.249,1980,3201,90.0,42.0,55.0
1784083193.777251,494.249,1980,3201,90.0,42.0,55.0
1784083193.787245,494.249,1980,3201,90.0,42.0,55.0
1784083193.797244,494.249,1980,3201,90.0,42.0,55.0
1784083193.807241,494.249,1980,3201,90.0,42.0,55.0
1784083193.817241,494.249,1980,3201,90.0,42.0,55.0
1784083193.827242,494.249,1980,3201,90.0,42.0,55.0
1784083193.837241,494.249,1980,3201,90.0,42.0,55.0
1784083193.847242,546.069,1980,3201,88.0,42.0,56.0
1784083193.857242,546.069,1980,3201,88.0,42.0,56.0
1784083193.867243,546.069,1980,3201,88.0,42.0,56.0
1784083193.877243,546.069,1980,3201,88.0,42.0,56.0
1784083193.887243,546.069,1980,3201,88.0,42.0,56.0
1784083193.897242,546.069,1980,3201,88.0,42.0,56.0
1784083193.907243,546.069,1980,3201,88.0,42.0,56.0
1784083193.917244,546.069,1980,3201,88.0,42.0,56.0
1784083193.927244,546.069,1980,3201,88.0,42.0,56.0
1784083193.937243,546.069,1980,3201,88.0,42.0,56.0
1784083193.947243,564.786,1980,3201,88.0,42.0,56.0
1784083193.957243,564.786,1980,3201,88.0,42.0,56.0
1784083193.967244,564.786,1980,3201,88.0,42.0,56.0
1784083193.977351,564.786,1980,3201,88.0,42.0,56.0
1784083193.987247,564.786,1980,3201,88.0,42.0,56.0
1784083193.997246,564.786,1980,3201,88.0,42.0,56.0
1784083194.007248,564.786,1980,3201,88.0,42.0,56.0
1784083194.017253,564.786,1980,3201,88.0,42.0,56.0
1784083194.027253,564.786,1980,3201,88.0,42.0,56.0
1784083194.037255,564.786,1980,3201,88.0,42.0,56.0
1784083194.047255,561.568,1980,3201,90.0,42.0,56.0
1784083194.057285,561.568,1980,3201,90.0,42.0,56.0
1784083194.067453,561.568,1980,3201,90.0,42.0,56.0
1784083194.077302,561.568,1980,3201,90.0,42.0,56.0
1784083194.087246,561.568,1980,3201,90.0,42.0,56.0
1784083194.097248,561.568,1980,3201,90.0,42.0,56.0
1784083194.107245,561.568,1980,3201,90.0,42.0,56.0
1784083194.117245,561.568,1980,3201,90.0,42.0,56.0
1784083194.127244,561.568,1980,3201,90.0,42.0,56.0
1784083194.137245,561.568,1980,3201,90.0,42.0,56.0
1784083194.147244,560.160,1980,3201,90.0,42.0,56.0
1784083194.157246,560.160,1980,3201,90.0,42.0,56.0
1784083194.167246,560.160,1980,3201,90.0,42.0,56.0
1784083194.177241,560.160,1980,3201,90.0,42.0,56.0
1784083194.187237,560.160,1980,3201,90.0,42.0,56.0
1784083194.197237,560.160,1980,3201,90.0,42.0,56.0
1784083194.207238,560.160,1980,3201,90.0,42.0,56.0
1784083194.217369,560.160,1980,3201,90.0,42.0,56.0
1784083194.227242,560.160,1980,3201,90.0,42.0,56.0
1784083194.237241,560.160,1980,3201,90.0,42.0,56.0
1784083194.247335,550.754,1980,3201,88.0,41.0,53.0
1784083194.257246,550.754,1980,3201,88.0,41.0,53.0
1784083194.267246,550.754,1980,3201,88.0,41.0,53.0
1784083194.277247,550.754,1980,3201,88.0,41.0,53.0
1784083194.287251,550.754,1980,3201,88.0,41.0,53.0
1784083194.297241,550.754,1980,3201,88.0,41.0,53.0
1784083194.307250,550.754,1980,3201,88.0,41.0,53.0
1784083194.317247,550.754,1980,3201,88.0,41.0,53.0
1784083194.327248,550.754,1980,3201,88.0,41.0,53.0
1784083194.337248,550.754,1980,3201,88.0,41.0,53.0
1784083194.347248,531.284,1980,3201,88.0,41.0,54.0
1784083194.357248,531.284,1980,3201,88.0,41.0,54.0
1784083194.367248,531.284,1980,3201,88.0,41.0,54.0
1784083194.377248,531.284,1980,3201,88.0,41.0,54.0
1784083194.387249,531.284,1980,3201,88.0,41.0,54.0
1784083194.397243,531.284,1980,3201,88.0,41.0,54.0
1784083194.407250,531.284,1980,3201,88.0,41.0,54.0
1784083194.417249,531.284,1980,3201,88.0,41.0,54.0
1784083194.427251,531.284,1980,3201,88.0,41.0,54.0
1784083194.437248,531.284,1980,3201,88.0,41.0,54.0
1784083194.447250,529.838,1980,3201,89.0,40.0,55.0
1784083194.457250,529.838,1980,3201,89.0,40.0,55.0
1784083194.467251,529.838,1980,3201,89.0,40.0,55.0
1784083194.477250,529.838,1980,3201,89.0,40.0,55.0
1784083194.487251,529.838,1980,3201,89.0,40.0,55.0
1784083194.497244,529.838,1980,3201,89.0,40.0,55.0
1784083194.507250,529.838,1980,3201,89.0,40.0,55.0
1784083194.517250,529.838,1980,3201,89.0,40.0,55.0
1784083194.527249,529.838,1980,3201,89.0,40.0,55.0
1784083194.537266,529.838,1980,3201,89.0,40.0,55.0
1784083194.547251,529.796,1980,3201,89.0,40.0,55.0
1784083194.557249,529.796,1980,3201,89.0,40.0,55.0
1784083194.567249,529.796,1980,3201,89.0,40.0,55.0
1784083194.577245,529.796,1980,3201,89.0,40.0,55.0
1784083194.587245,529.796,1980,3201,89.0,40.0,55.0
1784083194.597240,529.796,1980,3201,89.0,40.0,55.0
1784083194.607246,529.796,1980,3201,89.0,40.0,55.0
1784083194.617247,529.796,1980,3201,89.0,40.0,55.0
1784083194.627424,529.796,1980,3201,89.0,40.0,55.0
1784083194.637356,529.796,1980,3201,89.0,40.0,55.0
1784083194.647669,528.230,1980,3201,89.0,42.0,56.0
1784083194.657243,528.230,1980,3201,89.0,42.0,56.0
1784083194.667240,528.230,1980,3201,89.0,42.0,56.0
1784083194.677245,528.230,1980,3201,89.0,42.0,56.0
1784083194.687246,528.230,1980,3201,89.0,42.0,56.0
1784083194.697241,528.230,1980,3201,89.0,42.0,56.0
1784083194.707246,528.230,1980,3201,89.0,42.0,56.0
1784083194.717248,528.230,1980,3201,89.0,42.0,56.0
1784083194.727246,528.230,1980,3201,89.0,42.0,56.0
1784083194.737246,528.230,1980,3201,89.0,42.0,56.0
1784083194.747246,529.169,1980,3201,89.0,42.0,56.0
1784083194.757246,529.169,1980,3201,89.0,42.0,56.0
1784083194.767249,529.169,1980,3201,89.0,42.0,56.0
1784083194.777294,529.169,1980,3201,89.0,42.0,56.0
1784083194.787288,529.169,1980,3201,89.0,42.0,56.0
1784083194.797241,529.169,1980,3201,89.0,42.0,56.0
1784083194.807246,529.169,1980,3201,89.0,42.0,56.0
1784083194.817246,529.169,1980,3201,89.0,42.0,56.0
1784083194.827294,529.169,1980,3201,89.0,42.0,56.0
1784083194.837247,529.169,1980,3201,89.0,42.0,56.0
1784083194.847246,530.877,1980,3201,89.0,42.0,56.0
1784083194.857246,530.877,1980,3201,89.0,42.0,56.0
1784083194.867247,530.877,1980,3201,89.0,42.0,56.0
1784083194.877246,530.877,1980,3201,89.0,42.0,56.0
1784083194.887250,530.877,1980,3201,89.0,42.0,56.0
1784083194.897242,530.877,1980,3201,89.0,42.0,56.0
1784083194.907247,530.877,1980,3201,89.0,42.0,56.0
1784083194.917247,530.877,1980,3201,89.0,42.0,56.0
1784083194.927246,530.877,1980,3201,89.0,42.0,56.0
1784083194.937247,530.877,1980,3201,89.0,42.0,56.0
1784083194.947246,530.834,1980,3201,89.0,42.0,56.0
1784083194.957247,530.834,1980,3201,89.0,42.0,56.0
1784083194.967245,530.834,1980,3201,89.0,42.0,56.0
1784083194.977296,530.834,1980,3201,89.0,42.0,56.0
1784083194.987246,530.834,1980,3201,89.0,42.0,56.0
1784083194.997327,530.834,1980,3201,89.0,42.0,56.0
1784083195.007246,530.834,1980,3201,89.0,42.0,56.0
1784083195.017248,530.834,1980,3201,89.0,42.0,56.0
1784083195.027247,530.834,1980,3201,89.0,42.0,56.0
1784083195.037248,530.834,1980,3201,89.0,42.0,56.0
1784083195.047248,533.466,1980,3201,90.0,42.0,56.0
1784083195.057248,533.466,1980,3201,90.0,42.0,56.0
1784083195.067248,533.466,1980,3201,90.0,42.0,56.0
1784083195.077247,533.466,1980,3201,90.0,42.0,56.0
1784083195.087275,533.466,1980,3201,90.0,42.0,56.0
1784083195.097249,533.466,1980,3201,90.0,42.0,56.0
1784083195.107248,533.466,1980,3201,90.0,42.0,56.0
1784083195.117248,533.466,1980,3201,90.0,42.0,56.0
1784083195.127247,533.466,1980,3201,90.0,42.0,56.0
1784083195.137248,533.466,1980,3201,90.0,42.0,56.0
1784083195.147248,534.647,1980,3201,90.0,42.0,56.0
1784083195.157415,534.647,1980,3201,90.0,42.0,56.0
1784083195.167246,534.647,1980,3201,90.0,42.0,56.0
1784083195.177782,534.647,1980,3201,90.0,42.0,56.0
1784083195.187243,534.647,1980,3201,90.0,42.0,56.0
1784083195.197244,534.647,1980,3201,90.0,42.0,56.0
1784083195.207242,534.647,1980,3201,90.0,42.0,56.0
1784083195.217243,534.647,1980,3201,90.0,42.0,56.0
1784083195.227243,534.647,1980,3201,90.0,42.0,56.0
1784083195.237244,534.647,1980,3201,90.0,42.0,56.0
1784083195.247244,542.145,1980,3201,89.0,42.0,56.0
1784083195.257243,542.145,1980,3201,89.0,42.0,56.0
1784083195.267243,542.145,1980,3201,89.0,42.0,56.0
1784083195.277244,542.145,1980,3201,89.0,42.0,56.0
1784083195.287244,542.145,1980,3201,89.0,42.0,56.0
1784083195.297243,542.145,1980,3201,89.0,42.0,56.0
1784083195.307243,542.145,1980,3201,89.0,42.0,56.0
1784083195.317241,542.145,1980,3201,89.0,42.0,56.0
1784083195.327242,542.145,1980,3201,89.0,42.0,56.0
1784083195.337241,542.145,1980,3201,89.0,42.0,56.0
1784083195.347241,564.165,1980,3201,89.0,42.0,56.0
1784083195.357240,564.165,1980,3201,89.0,42.0,56.0
1784083195.367316,564.165,1980,3201,89.0,42.0,56.0
1784083195.377242,564.165,1980,3201,89.0,42.0,56.0
1784083195.387242,564.165,1980,3201,89.0,42.0,56.0
1784083195.397397,564.165,1980,3201,89.0,42.0,56.0
1784083195.407242,564.165,1980,3201,89.0,42.0,56.0
1784083195.417243,564.165,1980,3201,89.0,42.0,56.0
1784083195.427243,564.165,1980,3201,89.0,42.0,56.0
1784083195.437250,564.165,1980,3201,89.0,42.0,56.0
1784083195.447248,564.642,1980,3201,89.0,42.0,56.0
1784083195.457242,564.642,1980,3201,89.0,42.0,56.0
1784083195.467248,564.642,1980,3201,89.0,42.0,56.0
1784083195.477248,564.642,1980,3201,89.0,42.0,56.0
1784083195.487246,564.642,1980,3201,89.0,42.0,56.0
1784083195.497248,564.642,1980,3201,89.0,42.0,56.0
1784083195.507350,564.642,1980,3201,89.0,42.0,56.0
1784083195.517249,564.642,1980,3201,89.0,42.0,56.0
1784083195.527249,564.642,1980,3201,89.0,42.0,56.0
1784083195.537252,564.642,1980,3201,89.0,42.0,56.0
1784083195.547249,564.437,1980,3201,89.0,42.0,56.0
1784083195.557242,564.437,1980,3201,89.0,42.0,56.0
1784083195.567250,564.437,1980,3201,89.0,42.0,56.0
1784083195.577249,564.437,1980,3201,89.0,42.0,56.0
1784083195.587251,564.437,1980,3201,89.0,42.0,56.0
1784083195.597245,564.437,1980,3201,89.0,42.0,56.0
1784083195.609309,564.437,1980,3201,89.0,42.0,56.0
1784083195.617244,564.437,1980,3201,89.0,42.0,56.0
1784083195.627246,564.437,1980,3201,89.0,42.0,56.0
1784083195.637244,564.437,1980,3201,89.0,42.0,56.0
1784083195.647246,551.994,1980,3201,89.0,42.0,53.0
1784083195.657243,551.994,1980,3201,89.0,42.0,53.0
1784083195.667245,551.994,1980,3201,89.0,42.0,53.0
1784083195.677242,551.994,1980,3201,89.0,42.0,53.0
1784083195.687242,551.994,1980,3201,89.0,42.0,53.0
1784083195.697241,551.994,1980,3201,89.0,42.0,53.0
1784083195.707240,551.994,1980,3201,89.0,42.0,53.0
1784083195.717240,551.994,1980,3201,89.0,42.0,53.0
1784083195.727241,551.994,1980,3201,89.0,42.0,53.0
1784083195.737241,551.994,1980,3201,89.0,42.0,53.0
1784083195.747240,529.043,1980,3201,89.0,42.0,53.0
1784083195.757299,529.043,1980,3201,89.0,42.0,53.0
1784083195.767245,529.043,1980,3201,89.0,42.0,53.0
1784083195.777245,529.043,1980,3201,89.0,42.0,53.0
1784083195.787250,529.043,1980,3201,89.0,42.0,53.0
1784083195.797247,529.043,1980,3201,89.0,42.0,53.0
1784083195.807248,529.043,1980,3201,89.0,42.0,53.0
1784083195.817247,529.043,1980,3201,89.0,42.0,53.0
1784083195.827246,529.043,1980,3201,89.0,42.0,53.0
1784083195.837246,529.043,1980,3201,89.0,42.0,53.0
1784083195.847247,527.883,1980,3201,80.0,35.0,55.0
1784083195.857246,527.883,1980,3201,80.0,35.0,55.0
1784083195.867253,527.883,1980,3201,80.0,35.0,55.0
1784083195.877248,527.883,1980,3201,80.0,35.0,55.0
1784083195.887247,527.883,1980,3201,80.0,35.0,55.0
1784083195.897247,527.883,1980,3201,80.0,35.0,55.0
1784083195.907248,527.883,1980,3201,80.0,35.0,55.0
1784083195.917247,527.883,1980,3201,80.0,35.0,55.0
1784083195.927249,527.883,1980,3201,80.0,35.0,55.0
1784083195.937247,527.883,1980,3201,80.0,35.0,55.0
1784083195.947248,527.126,1980,3201,80.0,35.0,55.0
1784083195.957250,527.126,1980,3201,80.0,35.0,55.0
1784083195.967249,527.126,1980,3201,80.0,35.0,55.0
1784083195.977251,527.126,1980,3201,80.0,35.0,55.0
1784083195.987248,527.126,1980,3201,80.0,35.0,55.0
1784083195.997249,527.126,1980,3201,80.0,35.0,55.0
1784083196.007283,527.126,1980,3201,80.0,35.0,55.0
1784083196.017249,527.126,1980,3201,80.0,35.0,55.0
1784083196.027292,527.126,1980,3201,80.0,35.0,55.0
1784083196.037250,527.126,1980,3201,80.0,35.0,55.0
1784083196.047483,524.996,1980,3201,89.0,42.0,56.0
1784083196.057876,524.996,1980,3201,89.0,42.0,56.0
1784083196.067245,524.996,1980,3201,89.0,42.0,56.0
1784083196.077253,524.996,1980,3201,89.0,42.0,56.0
1784083196.087250,524.996,1980,3201,89.0,42.0,56.0
1784083196.097248,524.996,1980,3201,89.0,42.0,56.0
1784083196.107248,524.996,1980,3201,89.0,42.0,56.0
1784083196.117248,524.996,1980,3201,89.0,42.0,56.0
1784083196.127247,524.996,1980,3201,89.0,42.0,56.0
1784083196.137247,524.996,1980,3201,89.0,42.0,56.0
1784083196.147248,526.480,1980,3201,89.0,42.0,56.0
1784083196.157244,526.480,1980,3201,89.0,42.0,56.0
1784083196.167246,526.480,1980,3201,89.0,42.0,56.0
1784083196.177245,526.480,1980,3201,89.0,42.0,56.0
1784083196.187246,526.480,1980,3201,89.0,42.0,56.0
1784083196.197250,526.480,1980,3201,89.0,42.0,56.0
1784083196.207247,526.480,1980,3201,89.0,42.0,56.0
1784083196.217246,526.480,1980,3201,89.0,42.0,56.0
1784083196.227246,526.480,1980,3201,89.0,42.0,56.0
1784083196.237247,526.480,1980,3201,89.0,42.0,56.0
1784083196.247247,528.365,1980,3201,89.0,42.0,55.0
1784083196.257265,528.365,1980,3201,89.0,42.0,55.0
1784083196.267249,528.365,1980,3201,89.0,42.0,55.0
1784083196.277247,528.365,1980,3201,89.0,42.0,55.0
1784083196.287248,528.365,1980,3201,89.0,42.0,55.0
1784083196.297247,528.365,1980,3201,89.0,42.0,55.0
1784083196.307297,528.365,1980,3201,89.0,42.0,55.0
1784083196.317249,528.365,1980,3201,89.0,42.0,55.0
1784083196.327248,528.365,1980,3201,89.0,42.0,55.0
1784083196.337249,528.365,1980,3201,89.0,42.0,55.0
1784083196.347247,527.832,1980,3201,89.0,42.0,56.0
1784083196.357248,527.832,1980,3201,89.0,42.0,56.0
1784083196.367242,527.832,1980,3201,89.0,42.0,56.0
1784083196.377248,527.832,1980,3201,89.0,42.0,56.0
1784083196.387245,527.832,1980,3201,89.0,42.0,56.0
1784083196.397248,527.832,1980,3201,89.0,42.0,56.0
1784083196.407249,527.832,1980,3201,89.0,42.0,56.0
1784083196.417252,527.832,1980,3201,89.0,42.0,56.0
1784083196.427248,527.832,1980,3201,89.0,42.0,56.0
1784083196.437281,527.832,1980,3201,89.0,42.0,56.0
1784083196.447249,526.298,1980,3201,89.0,42.0,56.0
1784083196.457248,526.298,1980,3201,89.0,42.0,56.0
1784083196.467434,526.298,1980,3201,89.0,42.0,56.0
1784083196.477701,526.298,1980,3201,89.0,42.0,56.0
1784083196.487247,526.298,1980,3201,89.0,42.0,56.0
1784083196.497244,526.298,1980,3201,89.0,42.0,56.0
1784083196.507248,526.298,1980,3201,89.0,42.0,56.0
1784083196.517249,526.298,1980,3201,89.0,42.0,56.0
1784083196.527247,526.298,1980,3201,89.0,42.0,56.0
1784083196.537246,526.298,1980,3201,89.0,42.0,56.0
1784083196.547247,524.928,1980,3201,89.0,42.0,56.0
1784083196.557249,524.928,1980,3201,89.0,42.0,56.0
1784083196.567241,524.928,1980,3201,89.0,42.0,56.0
1784083196.577249,524.928,1980,3201,89.0,42.0,56.0
1784083196.587293,524.928,1980,3201,89.0,42.0,56.0
1784083196.597249,524.928,1980,3201,89.0,42.0,56.0
1784083196.607248,524.928,1980,3201,89.0,42.0,56.0
1784083196.617249,524.928,1980,3201,89.0,42.0,56.0
1784083196.627300,524.928,1980,3201,89.0,42.0,56.0
1784083196.637273,524.928,1980,3201,89.0,42.0,56.0
1784083196.647248,539.457,1980,3201,89.0,42.0,56.0
1784083196.657243,539.457,1980,3201,89.0,42.0,56.0
1784083196.667243,539.457,1980,3201,89.0,42.0,56.0
1784083196.677244,539.457,1980,3201,89.0,42.0,56.0
1784083196.687243,539.457,1980,3201,89.0,42.0,56.0
1784083196.697245,539.457,1980,3201,89.0,42.0,56.0
1784083196.707244,539.457,1980,3201,89.0,42.0,56.0
1784083196.717244,539.457,1980,3201,89.0,42.0,56.0
1784083196.727243,539.457,1980,3201,89.0,42.0,56.0
1784083196.737244,539.457,1980,3201,89.0,42.0,56.0
1784083196.747244,563.827,1980,3201,89.0,42.0,56.0
1784083196.757244,563.827,1980,3201,89.0,42.0,56.0
1784083196.767244,563.827,1980,3201,89.0,42.0,56.0
1784083196.777244,563.827,1980,3201,89.0,42.0,56.0
1784083196.787245,563.827,1980,3201,89.0,42.0,56.0
1784083196.797244,563.827,1980,3201,89.0,42.0,56.0
1784083196.807244,563.827,1980,3201,89.0,42.0,56.0
1784083196.817251,563.827,1980,3201,89.0,42.0,56.0
1784083196.827252,563.827,1980,3201,89.0,42.0,56.0
1784083196.837440,563.827,1980,3201,89.0,42.0,56.0
1784083196.847241,561.889,1980,3201,89.0,42.0,56.0
1784083196.857255,561.889,1980,3201,89.0,42.0,56.0
1784083196.867249,561.889,1980,3201,89.0,42.0,56.0
1784083196.877249,561.889,1980,3201,89.0,42.0,56.0
1784083196.887248,561.889,1980,3201,89.0,42.0,56.0
1784083196.897251,561.889,1980,3201,89.0,42.0,56.0
1784083196.907250,561.889,1980,3201,89.0,42.0,56.0
1784083196.917249,561.889,1980,3201,89.0,42.0,56.0
1784083196.927249,561.889,1980,3201,89.0,42.0,56.0
1784083196.937245,561.889,1980,3201,89.0,42.0,56.0
1784083196.947245,562.149,1980,3201,89.0,42.0,56.0
1784083196.957245,562.149,1980,3201,89.0,42.0,56.0
1784083196.967247,562.149,1980,3201,89.0,42.0,56.0
1784083196.977262,562.149,1980,3201,89.0,42.0,56.0
1784083196.987241,562.149,1980,3201,89.0,42.0,56.0
1784083196.997241,562.149,1980,3201,89.0,42.0,56.0
1784083197.007242,562.149,1980,3201,89.0,42.0,56.0
1784083197.017242,562.149,1980,3201,89.0,42.0,56.0
1784083197.027565,562.149,1980,3201,89.0,42.0,56.0
1784083197.037242,562.149,1980,3201,89.0,42.0,56.0
1784083197.047244,556.043,1980,3201,89.0,42.0,55.0
1784083197.057242,556.043,1980,3201,89.0,42.0,55.0
1784083197.067239,556.043,1980,3201,89.0,42.0,55.0
1784083197.077243,556.043,1980,3201,89.0,42.0,55.0
1784083197.087243,556.043,1980,3201,89.0,42.0,55.0
1784083197.097243,556.043,1980,3201,89.0,42.0,55.0
1784083197.107243,556.043,1980,3201,89.0,42.0,55.0
1784083197.117244,556.043,1980,3201,89.0,42.0,55.0
1784083197.127243,556.043,1980,3201,89.0,42.0,55.0
1784083197.137244,556.043,1980,3201,89.0,42.0,55.0
1784083197.147243,533.184,1980,3201,89.0,42.0,54.0
1784083197.157239,533.184,1980,3201,89.0,42.0,54.0
1784083197.167306,533.184,1980,3201,89.0,42.0,54.0
1784083197.177249,533.184,1980,3201,89.0,42.0,54.0
1784083197.187248,533.184,1980,3201,89.0,42.0,54.0
1784083197.197249,533.184,1980,3201,89.0,42.0,54.0
1784083197.207249,533.184,1980,3201,89.0,42.0,54.0
1784083197.217250,533.184,1980,3201,89.0,42.0,54.0
1784083197.227249,533.184,1980,3201,89.0,42.0,54.0
1784083197.237250,533.184,1980,3201,89.0,42.0,54.0
1784083197.247250,531.905,1980,3201,79.0,35.0,55.0
1784083197.257250,531.905,1980,3201,79.0,35.0,55.0
1784083197.267249,531.905,1980,3201,79.0,35.0,55.0
1784083197.277248,531.905,1980,3201,79.0,35.0,55.0
1784083197.287251,531.905,1980,3201,79.0,35.0,55.0
1784083197.297249,531.905,1980,3201,79.0,35.0,55.0
1784083197.307250,531.905,1980,3201,79.0,35.0,55.0
1784083197.317285,531.905,1980,3201,79.0,35.0,55.0
1784083197.327246,531.905,1980,3201,79.0,35.0,55.0
1784083197.337245,531.905,1980,3201,79.0,35.0,55.0
1784083197.347246,529.996,1980,3201,79.0,35.0,55.0
1784083197.357246,529.996,1980,3201,79.0,35.0,55.0
1784083197.367236,529.996,1980,3201,79.0,35.0,55.0
1784083197.377248,529.996,1980,3201,79.0,35.0,55.0
1784083197.387414,529.996,1980,3201,79.0,35.0,55.0
1784083197.397716,529.996,1980,3201,79.0,35.0,55.0
1784083197.407240,529.996,1980,3201,79.0,35.0,55.0
1784083197.417241,529.996,1980,3201,79.0,35.0,55.0
1784083197.427248,529.996,1980,3201,79.0,35.0,55.0
1784083197.437248,529.996,1980,3201,79.0,35.0,55.0
1784083197.447247,530.075,1980,3201,89.0,42.0,56.0
1784083197.457249,530.075,1980,3201,89.0,42.0,56.0
1784083197.467242,530.075,1980,3201,89.0,42.0,56.0
1784083197.477248,530.075,1980,3201,89.0,42.0,56.0
1784083197.487249,530.075,1980,3201,89.0,42.0,56.0
1784083197.497289,530.075,1980,3201,89.0,42.0,56.0
1784083197.507253,530.075,1980,3201,89.0,42.0,56.0
1784083197.517249,530.075,1980,3201,89.0,42.0,56.0
1784083197.527249,530.075,1980,3201,89.0,42.0,56.0
1784083197.537249,530.075,1980,3201,89.0,42.0,56.0
1784083197.547249,533.007,1980,3201,89.0,42.0,55.0
1784083197.557249,533.007,1980,3201,89.0,42.0,55.0
1784083197.567242,533.007,1980,3201,89.0,42.0,55.0
1784083197.577248,533.007,1980,3201,89.0,42.0,55.0
1784083197.587248,533.007,1980,3201,89.0,42.0,55.0
1784083197.597250,533.007,1980,3201,89.0,42.0,55.0
1784083197.607249,533.007,1980,3201,89.0,42.0,55.0
1784083197.617249,533.007,1980,3201,89.0,42.0,55.0
1784083197.627293,533.007,1980,3201,89.0,42.0,55.0
1784083197.637254,533.007,1980,3201,89.0,42.0,55.0
1784083197.647250,533.146,1980,3201,89.0,42.0,56.0
1784083197.657247,533.146,1980,3201,89.0,42.0,56.0
1784083197.667239,533.146,1980,3201,89.0,42.0,56.0
1784083197.677248,533.146,1980,3201,89.0,42.0,56.0
1784083197.687248,533.146,1980,3201,89.0,42.0,56.0
1784083197.697249,533.146,1980,3201,89.0,42.0,56.0
1784083197.707247,533.146,1980,3201,89.0,42.0,56.0
1784083197.717248,533.146,1980,3201,89.0,42.0,56.0
1784083197.727248,533.146,1980,3201,89.0,42.0,56.0
1784083197.737248,533.146,1980,3201,89.0,42.0,56.0
1784083197.747249,531.571,1980,3201,89.0,42.0,56.0
1784083197.757249,531.571,1980,3201,89.0,42.0,56.0
1784083197.767239,531.571,1980,3201,89.0,42.0,56.0
1784083197.777248,531.571,1980,3201,89.0,42.0,56.0
1784083197.787250,531.571,1980,3201,89.0,42.0,56.0
1784083197.797630,531.571,1980,3201,89.0,42.0,56.0
1784083197.807243,531.571,1980,3201,89.0,42.0,56.0
1784083197.817251,531.571,1980,3201,89.0,42.0,56.0
1784083197.827250,531.571,1980,3201,89.0,42.0,56.0
1784083197.837250,531.571,1980,3201,89.0,42.0,56.0
1784083197.847250,532.121,1980,3201,88.0,42.0,56.0
1784083197.857250,532.121,1980,3201,88.0,42.0,56.0
1784083197.867243,532.121,1980,3201,88.0,42.0,56.0
1784083197.877250,532.121,1980,3201,88.0,42.0,56.0
1784083197.887252,532.121,1980,3201,88.0,42.0,56.0
1784083197.897253,532.121,1980,3201,88.0,42.0,56.0
1784083197.907253,532.121,1980,3201,88.0,42.0,56.0
1784083197.917253,532.121,1980,3201,88.0,42.0,56.0
1784083197.927254,532.121,1980,3201,88.0,42.0,56.0
1784083197.937253,532.121,1980,3201,88.0,42.0,56.0
1784083197.947253,533.059,1980,3201,88.0,42.0,56.0
1784083197.957253,533.059,1980,3201,88.0,42.0,56.0
1784083197.967245,533.059,1980,3201,88.0,42.0,56.0
1784083197.977253,533.059,1980,3201,88.0,42.0,56.0
1784083197.987255,533.059,1980,3201,88.0,42.0,56.0
1784083197.997253,533.059,1980,3201,88.0,42.0,56.0
1784083198.007252,533.059,1980,3201,88.0,42.0,56.0
1784083198.017253,533.059,1980,3201,88.0,42.0,56.0
1784083198.027246,533.059,1980,3201,88.0,42.0,56.0
1784083198.037245,533.059,1980,3201,88.0,42.0,56.0
1784083198.047246,538.430,1980,3201,88.0,42.0,56.0
1784083198.057237,538.430,1980,3201,88.0,42.0,56.0
1784083198.067242,538.430,1980,3201,88.0,42.0,56.0
1784083198.077237,538.430,1980,3201,88.0,42.0,56.0
1784083198.087418,538.430,1980,3201,88.0,42.0,56.0
1784083198.097883,538.430,1980,3201,88.0,42.0,56.0
1784083198.107245,538.430,1980,3201,88.0,42.0,56.0
1784083198.117245,538.430,1980,3201,88.0,42.0,56.0
1784083198.127245,538.430,1980,3201,88.0,42.0,56.0
1784083198.137246,538.430,1980,3201,88.0,42.0,56.0
1784083198.147246,560.816,1980,3201,88.0,42.0,56.0
1784083198.157245,560.816,1980,3201,88.0,42.0,56.0
1784083198.167246,560.816,1980,3201,88.0,42.0,56.0
1784083198.177336,560.816,1980,3201,88.0,42.0,56.0
1784083198.187242,560.816,1980,3201,88.0,42.0,56.0
1784083198.197243,560.816,1980,3201,88.0,42.0,56.0
1784083198.207244,560.816,1980,3201,88.0,42.0,56.0
1784083198.217299,560.816,1980,3201,88.0,42.0,56.0
1784083198.227253,560.816,1980,3201,88.0,42.0,56.0
1784083198.237254,560.816,1980,3201,88.0,42.0,56.0
1784083198.247252,562.338,1980,3201,88.0,41.0,55.0
1784083198.257253,562.338,1980,3201,88.0,41.0,55.0
1784083198.267253,562.338,1980,3201,88.0,41.0,55.0
1784083198.277252,562.338,1980,3201,88.0,41.0,55.0
1784083198.287253,562.338,1980,3201,88.0,41.0,55.0
1784083198.297253,562.338,1980,3201,88.0,41.0,55.0
1784083198.307252,562.338,1980,3201,88.0,41.0,55.0
1784083198.317261,562.338,1980,3201,88.0,41.0,55.0
1784083198.327253,562.338,1980,3201,88.0,41.0,55.0
1784083198.337253,562.338,1980,3201,88.0,41.0,55.0
1784083198.347254,562.705,1980,3201,88.0,41.0,56.0
1784083198.357253,562.705,1980,3201,88.0,41.0,56.0
1784083198.367243,562.705,1980,3201,88.0,41.0,56.0
1784083198.377418,562.705,1980,3201,88.0,41.0,56.0
1784083198.387544,562.705,1980,3201,88.0,41.0,56.0
1784083198.397244,562.705,1980,3201,88.0,41.0,56.0
1784083198.407247,562.705,1980,3201,88.0,41.0,56.0
1784083198.417247,562.705,1980,3201,88.0,41.0,56.0
1784083198.428245,562.705,1980,3201,88.0,41.0,56.0
1784083198.437504,562.705,1980,3201,88.0,41.0,56.0
1784083198.447245,558.036,1980,3201,88.0,42.0,55.0
1784083198.457244,558.036,1980,3201,88.0,42.0,55.0
1784083198.467244,558.036,1980,3201,88.0,42.0,55.0
1784083198.477245,558.036,1980,3201,88.0,42.0,55.0
1784083198.487244,558.036,1980,3201,88.0,42.0,55.0
1784083198.497242,558.036,1980,3201,88.0,42.0,55.0
1784083198.507241,558.036,1980,3201,88.0,42.0,55.0
1784083198.517241,558.036,1980,3201,88.0,42.0,55.0
1784083198.527395,558.036,1980,3201,88.0,42.0,55.0
1784083198.537238,558.036,1980,3201,88.0,42.0,55.0
1784083198.547239,526.119,1980,3201,88.0,42.0,49.0
1784083198.557325,526.119,1980,3201,88.0,42.0,49.0
1784083198.567249,526.119,1980,3201,88.0,42.0,49.0
1784083198.577264,526.119,1980,3201,88.0,42.0,49.0
1784083198.587288,526.119,1980,3201,88.0,42.0,49.0
1784083198.597248,526.119,1980,3201,88.0,42.0,49.0
1784083198.607287,526.119,1980,3201,88.0,42.0,49.0
1784083198.617247,526.119,1980,3201,88.0,42.0,49.0
1784083198.627247,526.119,1980,3201,88.0,42.0,49.0
1784083198.637248,526.119,1980,3201,88.0,42.0,49.0
1784083198.647247,524.526,1980,3201,66.0,30.0,55.0
1784083198.657248,524.526,1980,3201,66.0,30.0,55.0
1784083198.667247,524.526,1980,3201,66.0,30.0,55.0
1784083198.677248,524.526,1980,3201,66.0,30.0,55.0
1784083198.687249,524.526,1980,3201,66.0,30.0,55.0
1784083198.697247,524.526,1980,3201,66.0,30.0,55.0
1784083198.707248,524.526,1980,3201,66.0,30.0,55.0
1784083198.717244,524.526,1980,3201,66.0,30.0,55.0
1784083198.727246,524.526,1980,3201,66.0,30.0,55.0
1784083198.737247,524.526,1980,3201,66.0,30.0,55.0
1784083198.747247,524.884,1980,3201,66.0,30.0,55.0
1784083198.757247,524.884,1980,3201,66.0,30.0,55.0
1784083198.767247,524.884,1980,3201,66.0,30.0,55.0
1784083198.777248,524.884,1980,3201,66.0,30.0,55.0
1784083198.787250,524.884,1980,3201,66.0,30.0,55.0
1784083198.797247,524.884,1980,3201,66.0,30.0,55.0
1784083198.807708,524.884,1980,3201,66.0,30.0,55.0
1784083198.817552,524.884,1980,3201,66.0,30.0,55.0
1784083198.827246,524.884,1980,3201,66.0,30.0,55.0
1784083198.837246,524.884,1980,3201,66.0,30.0,55.0
1784083198.847246,523.923,1980,3201,89.0,42.0,56.0
1784083198.857259,523.923,1980,3201,89.0,42.0,56.0
1784083198.867246,523.923,1980,3201,89.0,42.0,56.0
1784083198.877297,523.923,1980,3201,89.0,42.0,56.0
1784083198.887245,523.923,1980,3201,89.0,42.0,56.0
1784083198.897347,523.923,1980,3201,89.0,42.0,56.0
1784083198.907247,523.923,1980,3201,89.0,42.0,56.0
1784083198.917247,523.923,1980,3201,89.0,42.0,56.0
1784083198.927248,523.923,1980,3201,89.0,42.0,56.0
1784083198.937247,523.923,1980,3201,89.0,42.0,56.0
1784083198.947248,524.908,1980,3201,89.0,42.0,56.0
1784083198.957252,524.908,1980,3201,89.0,42.0,56.0
1784083198.967249,524.908,1980,3201,89.0,42.0,56.0
1784083198.977249,524.908,1980,3201,89.0,42.0,56.0
1784083198.987249,524.908,1980,3201,89.0,42.0,56.0
1784083198.997248,524.908,1980,3201,89.0,42.0,56.0
1784083199.007251,524.908,1980,3201,89.0,42.0,56.0
1784083199.017251,524.908,1980,3201,89.0,42.0,56.0
1784083199.027252,524.908,1980,3201,89.0,42.0,56.0
1784083199.037251,524.908,1980,3201,89.0,42.0,56.0
1784083199.047251,526.362,1980,3201,89.0,42.0,55.0
1784083199.057252,526.362,1980,3201,89.0,42.0,55.0
1784083199.067280,526.362,1980,3201,89.0,42.0,55.0
1784083199.077252,526.362,1980,3201,89.0,42.0,55.0
1784083199.087251,526.362,1980,3201,89.0,42.0,55.0
1784083199.097273,526.362,1980,3201,89.0,42.0,55.0
1784083199.107252,526.362,1980,3201,89.0,42.0,55.0
1784083199.117253,526.362,1980,3201,89.0,42.0,55.0
1784083199.127253,526.362,1980,3201,89.0,42.0,55.0
1784083199.137254,526.362,1980,3201,89.0,42.0,55.0
1784083199.147256,526.264,1980,3201,89.0,42.0,56.0
1784083199.157441,526.264,1980,3201,89.0,42.0,56.0
1784083199.167244,526.264,1980,3201,89.0,42.0,56.0
1784083199.177248,526.264,1980,3201,89.0,42.0,56.0
1784083199.187253,526.264,1980,3201,89.0,42.0,56.0
1784083199.197254,526.264,1980,3201,89.0,42.0,56.0
1784083199.207253,526.264,1980,3201,89.0,42.0,56.0
1784083199.217252,526.264,1980,3201,89.0,42.0,56.0
1784083199.227251,526.264,1980,3201,89.0,42.0,56.0
1784083199.237252,526.264,1980,3201,89.0,42.0,56.0
1784083199.247252,523.090,1980,3201,88.0,41.0,56.0
1784083199.257291,523.090,1980,3201,88.0,41.0,56.0
1784083199.267253,523.090,1980,3201,88.0,41.0,56.0
1784083199.277246,523.090,1980,3201,88.0,41.0,56.0
1784083199.287246,523.090,1980,3201,88.0,41.0,56.0
1784083199.297250,523.090,1980,3201,88.0,41.0,56.0
1784083199.307246,523.090,1980,3201,88.0,41.0,56.0
1784083199.317248,523.090,1980,3201,88.0,41.0,56.0
1784083199.327247,523.090,1980,3201,88.0,41.0,56.0
1784083199.337247,523.090,1980,3201,88.0,41.0,56.0
1784083199.347246,524.318,1980,3201,88.0,41.0,56.0
1784083199.357246,524.318,1980,3201,88.0,41.0,56.0
1784083199.367247,524.318,1980,3201,88.0,41.0,56.0
1784083199.377247,524.318,1980,3201,88.0,41.0,56.0
1784083199.387247,524.318,1980,3201,88.0,41.0,56.0
1784083199.397246,524.318,1980,3201,88.0,41.0,56.0
1784083199.407246,524.318,1980,3201,88.0,41.0,56.0
1784083199.417246,524.318,1980,3201,88.0,41.0,56.0
1784083199.427247,524.318,1980,3201,88.0,41.0,56.0
1784083199.437247,524.318,1980,3201,88.0,41.0,56.0
1784083199.447239,529.938,1980,3201,89.0,42.0,56.0
1784083199.457241,529.938,1980,3201,89.0,42.0,56.0
1784083199.467242,529.938,1980,3201,89.0,42.0,56.0
1784083199.477242,529.938,1980,3201,89.0,42.0,56.0
1784083199.487242,529.938,1980,3201,89.0,42.0,56.0
1784083199.497242,529.938,1980,3201,89.0,42.0,56.0
1784083199.507241,529.938,1980,3201,89.0,42.0,56.0
1784083199.517242,529.938,1980,3201,89.0,42.0,56.0
1784083199.527242,529.938,1980,3201,89.0,42.0,56.0
1784083199.537242,529.938,1980,3201,89.0,42.0,56.0
1784083199.547606,560.480,1980,3201,89.0,42.0,56.0
1784083199.557830,560.480,1980,3201,89.0,42.0,56.0
1784083199.567236,560.480,1980,3201,89.0,42.0,56.0
1784083199.577243,560.480,1980,3201,89.0,42.0,56.0
1784083199.587323,560.480,1980,3201,89.0,42.0,56.0
1784083199.597264,560.480,1980,3201,89.0,42.0,56.0
1784083199.607245,560.480,1980,3201,89.0,42.0,56.0
1784083199.617246,560.480,1980,3201,89.0,42.0,56.0
1784083199.627246,560.480,1980,3201,89.0,42.0,56.0
1784083199.637245,560.480,1980,3201,89.0,42.0,56.0
1784083199.647245,560.182,1980,3201,89.0,42.0,56.0
1784083199.657245,560.182,1980,3201,89.0,42.0,56.0
1784083199.667246,560.182,1980,3201,89.0,42.0,56.0
1784083199.677246,560.182,1980,3201,89.0,42.0,56.0
1784083199.687246,560.182,1980,3201,89.0,42.0,56.0
1784083199.697246,560.182,1980,3201,89.0,42.0,56.0
1784083199.707248,560.182,1980,3201,89.0,42.0,56.0
1784083199.717254,560.182,1980,3201,89.0,42.0,56.0
1784083199.727248,560.182,1980,3201,89.0,42.0,56.0
1784083199.737248,560.182,1980,3201,89.0,42.0,56.0
1784083199.747247,561.698,1980,3201,89.0,42.0,56.0
1784083199.757247,561.698,1980,3201,89.0,42.0,56.0
1784083199.767255,561.698,1980,3201,89.0,42.0,56.0
1784083199.777249,561.698,1980,3201,89.0,42.0,56.0
1784083199.787247,561.698,1980,3201,89.0,42.0,56.0
1784083199.797248,561.698,1980,3201,89.0,42.0,56.0
1784083199.807247,561.698,1980,3201,89.0,42.0,56.0
1784083199.817247,561.698,1980,3201,89.0,42.0,56.0
1784083199.827251,561.698,1980,3201,89.0,42.0,56.0
1784083199.837249,561.698,1980,3201,89.0,42.0,56.0
1784083199.847978,561.363,1980,3201,89.0,42.0,56.0
1784083199.857246,561.363,1980,3201,89.0,42.0,56.0
1784083199.867243,561.363,1980,3201,89.0,42.0,56.0
1784083199.877243,561.363,1980,3201,89.0,42.0,56.0
1784083199.887243,561.363,1980,3201,89.0,42.0,56.0
1784083199.897243,561.363,1980,3201,89.0,42.0,56.0
1784083199.907243,561.363,1980,3201,89.0,42.0,56.0
1784083199.917243,561.363,1980,3201,89.0,42.0,56.0
1784083199.927244,561.363,1980,3201,89.0,42.0,56.0
1784083199.937244,561.363,1980,3201,89.0,42.0,56.0
1784083199.947244,531.193,1980,3201,89.0,42.0,50.0
1784083199.957244,531.193,1980,3201,89.0,42.0,50.0
1784083199.967244,531.193,1980,3201,89.0,42.0,50.0
1784083199.977244,531.193,1980,3201,89.0,42.0,50.0
1784083199.987243,531.193,1980,3201,89.0,42.0,50.0
1784083199.997243,531.193,1980,3201,89.0,42.0,50.0
1784083200.007244,531.193,1980,3201,89.0,42.0,50.0
1784083200.017303,531.193,1980,3201,89.0,42.0,50.0
1784083200.027250,531.193,1980,3201,89.0,42.0,50.0
1784083200.037251,531.193,1980,3201,89.0,42.0,50.0
1784083200.047246,529.545,1980,3201,64.0,29.0,55.0
1784083200.057245,529.545,1980,3201,64.0,29.0,55.0
1784083200.067245,529.545,1980,3201,64.0,29.0,55.0
1784083200.077247,529.545,1980,3201,64.0,29.0,55.0
1784083200.087247,529.545,1980,3201,64.0,29.0,55.0
1784083200.097247,529.545,1980,3201,64.0,29.0,55.0
1784083200.107249,529.545,1980,3201,64.0,29.0,55.0
1784083200.117425,529.545,1980,3201,64.0,29.0,55.0
1784083200.127247,529.545,1980,3201,64.0,29.0,55.0
1784083200.137280,529.545,1980,3201,64.0,29.0,55.0
1784083200.147247,529.619,1980,3201,64.0,29.0,55.0
1784083200.157248,529.619,1980,3201,64.0,29.0,55.0
1784083200.167247,529.619,1980,3201,64.0,29.0,55.0
1784083200.177247,529.619,1980,3201,64.0,29.0,55.0
1784083200.187247,529.619,1980,3201,64.0,29.0,55.0
1784083200.197247,529.619,1980,3201,64.0,29.0,55.0
1784083200.207249,529.619,1980,3201,64.0,29.0,55.0
1784083200.217247,529.619,1980,3201,64.0,29.0,55.0
1784083200.227247,529.619,1980,3201,64.0,29.0,55.0
1784083200.237246,529.619,1980,3201,64.0,29.0,55.0
1784083200.247246,532.278,1980,3201,89.0,42.0,56.0
1784083200.257246,532.278,1980,3201,89.0,42.0,56.0
1784083200.267295,532.278,1980,3201,89.0,42.0,56.0
1784083200.277246,532.278,1980,3201,89.0,42.0,56.0
1784083200.287247,532.278,1980,3201,89.0,42.0,56.0
1784083200.297247,532.278,1980,3201,89.0,42.0,56.0
1784083200.307247,532.278,1980,3201,89.0,42.0,56.0
1784083200.317247,532.278,1980,3201,89.0,42.0,56.0
1784083200.327248,532.278,1980,3201,89.0,42.0,56.0
1784083200.337246,532.278,1980,3201,89.0,42.0,56.0
1784083200.347247,531.459,1980,3201,89.0,42.0,55.0
1784083200.357248,531.459,1980,3201,89.0,42.0,55.0
1784083200.367247,531.459,1980,3201,89.0,42.0,55.0
1784083200.377249,531.459,1980,3201,89.0,42.0,55.0
1784083200.387246,531.459,1980,3201,89.0,42.0,55.0
1784083200.397247,531.459,1980,3201,89.0,42.0,55.0
1784083200.407246,531.459,1980,3201,89.0,42.0,55.0
1784083200.417246,531.459,1980,3201,89.0,42.0,55.0
1784083200.427246,531.459,1980,3201,89.0,42.0,55.0
1784083200.437246,531.459,1980,3201,89.0,42.0,55.0
1784083200.447247,532.542,1980,3201,89.0,42.0,56.0
1784083200.457247,532.542,1980,3201,89.0,42.0,56.0
1784083200.467246,532.542,1980,3201,89.0,42.0,56.0
1784083200.477248,532.542,1980,3201,89.0,42.0,56.0
1784083200.487247,532.542,1980,3201,89.0,42.0,56.0
1784083200.497248,532.542,1980,3201,89.0,42.0,56.0
1784083200.507247,532.542,1980,3201,89.0,42.0,56.0
1784083200.517247,532.542,1980,3201,89.0,42.0,56.0
1784083200.527248,532.542,1980,3201,89.0,42.0,56.0
1784083200.537248,532.542,1980,3201,89.0,42.0,56.0
1784083200.547248,532.923,1980,3201,89.0,42.0,56.0
1784083200.557248,532.923,1980,3201,89.0,42.0,56.0
1784083200.567248,532.923,1980,3201,89.0,42.0,56.0
1784083200.577248,532.923,1980,3201,89.0,42.0,56.0
1784083200.587766,532.923,1980,3201,89.0,42.0,56.0
1784083200.597247,532.923,1980,3201,89.0,42.0,56.0
1784083200.607275,532.923,1980,3201,89.0,42.0,56.0
1784083200.617248,532.923,1980,3201,89.0,42.0,56.0
1784083200.627253,532.923,1980,3201,89.0,42.0,56.0
1784083200.637248,532.923,1980,3201,89.0,42.0,56.0
1784083200.647248,532.107,1980,3201,89.0,42.0,56.0
1784083200.657248,532.107,1980,3201,89.0,42.0,56.0
1784083200.667248,532.107,1980,3201,89.0,42.0,56.0
1784083200.677247,532.107,1980,3201,89.0,42.0,56.0
1784083200.687298,532.107,1980,3201,89.0,42.0,56.0
1784083200.697248,532.107,1980,3201,89.0,42.0,56.0
1784083200.707247,532.107,1980,3201,89.0,42.0,56.0
1784083200.717281,532.107,1980,3201,89.0,42.0,56.0
1784083200.727248,532.107,1980,3201,89.0,42.0,56.0
1784083200.737248,532.107,1980,3201,89.0,42.0,56.0
1784083200.747248,532.580,1980,3201,89.0,42.0,56.0
1784083200.757256,532.580,1980,3201,89.0,42.0,56.0
1784083200.767246,532.580,1980,3201,89.0,42.0,56.0
1784083200.777246,532.580,1980,3201,89.0,42.0,56.0
1784083200.787299,532.580,1980,3201,89.0,42.0,56.0
1784083200.797246,532.580,1980,3201,89.0,42.0,56.0
1784083200.807247,532.580,1980,3201,89.0,42.0,56.0
1784083200.817245,532.580,1980,3201,89.0,42.0,56.0
1784083200.827245,532.580,1980,3201,89.0,42.0,56.0
1784083200.837246,532.580,1980,3201,89.0,42.0,56.0
1784083200.847246,533.572,1980,3201,89.0,42.0,56.0
1784083200.857247,533.572,1980,3201,89.0,42.0,56.0
1784083200.867247,533.572,1980,3201,89.0,42.0,56.0
1784083200.877247,533.572,1980,3201,89.0,42.0,56.0
1784083200.887242,533.572,1980,3201,89.0,42.0,56.0
1784083200.897242,533.572,1980,3201,89.0,42.0,56.0
1784083200.907243,533.572,1980,3201,89.0,42.0,56.0
1784083200.917244,533.572,1980,3201,89.0,42.0,56.0
1784083200.927243,533.572,1980,3201,89.0,42.0,56.0
1784083200.937244,533.572,1980,3201,89.0,42.0,56.0
1784083200.947245,563.088,1980,3201,89.0,42.0,56.0
1784083200.957246,563.088,1980,3201,89.0,42.0,56.0
1784083200.967246,563.088,1980,3201,89.0,42.0,56.0
1784083200.977243,563.088,1980,3201,89.0,42.0,56.0
1784083200.987243,563.088,1980,3201,89.0,42.0,56.0
1784083200.997243,563.088,1980,3201,89.0,42.0,56.0
1784083201.007242,563.088,1980,3201,89.0,42.0,56.0
1784083201.017482,563.088,1980,3201,89.0,42.0,56.0
1784083201.027242,563.088,1980,3201,89.0,42.0,56.0
1784083201.037243,563.088,1980,3201,89.0,42.0,56.0
1784083201.047328,563.556,1980,3201,88.0,42.0,56.0
1784083201.057253,563.556,1980,3201,88.0,42.0,56.0
1784083201.067257,563.556,1980,3201,88.0,42.0,56.0
1784083201.077252,563.556,1980,3201,88.0,42.0,56.0
1784083201.087254,563.556,1980,3201,88.0,42.0,56.0
1784083201.097251,563.556,1980,3201,88.0,42.0,56.0
1784083201.107253,563.556,1980,3201,88.0,42.0,56.0
1784083201.117252,563.556,1980,3201,88.0,42.0,56.0
1784083201.127252,563.556,1980,3201,88.0,42.0,56.0
1784083201.137256,563.556,1980,3201,88.0,42.0,56.0
1784083201.147252,565.076,1980,3201,88.0,42.0,56.0
1784083201.157251,565.076,1980,3201,88.0,42.0,56.0
1784083201.167250,565.076,1980,3201,88.0,42.0,56.0
1784083201.177252,565.076,1980,3201,88.0,42.0,56.0
1784083201.187253,565.076,1980,3201,88.0,42.0,56.0
1784083201.197253,565.076,1980,3201,88.0,42.0,56.0
1784083201.207253,565.076,1980,3201,88.0,42.0,56.0
1784083201.217246,565.076,1980,3201,88.0,42.0,56.0
1784083201.227246,565.076,1980,3201,88.0,42.0,56.0
1784083201.237647,565.076,1980,3201,88.0,42.0,56.0
