t_wall,power_w,sm_mhz,mem_mhz,gpu_util,mem_util,temp_c
1784039903.557487,150.044,1980,3201,0.0,0.0,35.0
1784039903.569726,150.044,1980,3201,0.0,0.0,35.0
1784039903.579804,150.022,1980,3201,0.0,0.0,35.0
1784039903.589803,150.022,1980,3201,0.0,0.0,35.0
1784039903.599800,150.022,1980,3201,0.0,0.0,35.0
1784039903.609803,150.022,1980,3201,0.0,0.0,35.0
1784039903.619799,150.022,1980,3201,0.0,0.0,35.0
1784039903.629803,150.022,1980,3201,0.0,0.0,35.0
1784039903.639795,150.022,1980,3201,0.0,0.0,35.0
1784039903.649802,150.022,1980,3201,0.0,0.0,35.0
1784039903.659798,150.022,1980,3201,0.0,0.0,35.0
1784039903.669804,150.022,1980,3201,0.0,0.0,35.0
1784039903.679803,173.672,1980,3201,12.0,5.0,37.0
1784039903.689804,173.672,1980,3201,12.0,5.0,37.0
1784039903.699803,173.672,1980,3201,12.0,5.0,37.0
1784039903.709802,173.672,1980,3201,12.0,5.0,37.0
1784039903.719805,173.672,1980,3201,12.0,5.0,37.0
1784039903.729818,173.672,1980,3201,12.0,5.0,37.0
1784039903.739804,173.672,1980,3201,12.0,5.0,37.0
1784039903.749800,173.672,1980,3201,12.0,5.0,37.0
1784039903.759804,173.672,1980,3201,12.0,5.0,37.0
1784039903.769803,173.672,1980,3201,12.0,5.0,37.0
1784039903.779802,200.230,1980,3201,12.0,5.0,38.0
1784039903.789802,200.230,1980,3201,12.0,5.0,38.0
1784039903.800050,200.230,1980,3201,12.0,5.0,38.0
1784039903.809804,200.230,1980,3201,12.0,5.0,38.0
1784039903.819798,200.230,1980,3201,12.0,5.0,38.0
1784039903.829804,200.230,1980,3201,12.0,5.0,38.0
1784039903.839800,200.230,1980,3201,12.0,5.0,38.0
1784039903.849802,200.230,1980,3201,12.0,5.0,38.0
1784039903.859802,200.230,1980,3201,12.0,5.0,38.0
1784039903.869802,200.230,1980,3201,12.0,5.0,38.0
1784039903.879802,225.855,1980,3201,83.0,59.0,38.0
1784039903.889818,225.855,1980,3201,83.0,59.0,38.0
1784039903.899798,225.855,1980,3201,83.0,59.0,38.0
1784039903.909796,225.855,1980,3201,83.0,59.0,38.0
1784039903.919798,225.855,1980,3201,83.0,59.0,38.0
1784039903.929798,225.855,1980,3201,83.0,59.0,38.0
1784039903.939863,225.855,1980,3201,83.0,59.0,38.0
1784039903.949797,225.855,1980,3201,83.0,59.0,38.0
1784039903.959795,225.855,1980,3201,83.0,59.0,38.0
1784039903.969798,225.855,1980,3201,83.0,59.0,38.0
1784039903.979798,246.842,1980,3201,83.0,59.0,38.0
1784039903.989806,246.842,1980,3201,83.0,59.0,38.0
1784039903.999798,246.842,1980,3201,83.0,59.0,38.0
1784039904.009797,246.842,1980,3201,83.0,59.0,38.0
1784039904.019798,246.842,1980,3201,83.0,59.0,38.0
1784039904.029798,246.842,1980,3201,83.0,59.0,38.0
1784039904.039819,246.842,1980,3201,83.0,59.0,38.0
1784039904.049797,246.842,1980,3201,83.0,59.0,38.0
1784039904.059793,246.842,1980,3201,83.0,59.0,38.0
1784039904.069797,246.842,1980,3201,83.0,59.0,38.0
1784039904.079799,243.638,1980,3201,85.0,61.0,39.0
1784039904.089795,243.638,1980,3201,85.0,61.0,39.0
1784039904.099798,243.638,1980,3201,85.0,61.0,39.0
1784039904.109794,243.638,1980,3201,85.0,61.0,39.0
1784039904.119799,243.638,1980,3201,85.0,61.0,39.0
1784039904.129799,243.638,1980,3201,85.0,61.0,39.0
1784039904.139794,243.638,1980,3201,85.0,61.0,39.0
1784039904.149799,243.638,1980,3201,85.0,61.0,39.0
1784039904.159794,243.638,1980,3201,85.0,61.0,39.0
1784039904.169791,243.638,1980,3201,85.0,61.0,39.0
1784039904.179798,273.102,1980,3201,85.0,61.0,39.0
1784039904.189795,273.102,1980,3201,85.0,61.0,39.0
1784039904.199798,273.102,1980,3201,85.0,61.0,39.0
1784039904.209797,273.102,1980,3201,85.0,61.0,39.0
1784039904.219790,273.102,1980,3201,85.0,61.0,39.0
1784039904.229798,273.102,1980,3201,85.0,61.0,39.0
1784039904.239796,273.102,1980,3201,85.0,61.0,39.0
1784039904.249798,273.102,1980,3201,85.0,61.0,39.0
1784039904.259795,273.102,1980,3201,85.0,61.0,39.0
1784039904.269791,273.102,1980,3201,85.0,61.0,39.0
1784039904.279798,299.920,1980,3201,86.0,62.0,39.0
1784039904.289795,299.920,1980,3201,86.0,62.0,39.0
1784039904.299798,299.920,1980,3201,86.0,62.0,39.0
1784039904.309795,299.920,1980,3201,86.0,62.0,39.0
1784039904.320176,299.920,1980,3201,86.0,62.0,39.0
1784039904.329801,299.920,1980,3201,86.0,62.0,39.0
1784039904.340194,299.920,1980,3201,86.0,62.0,39.0
1784039904.349800,299.920,1980,3201,86.0,62.0,39.0
1784039904.359795,299.920,1980,3201,86.0,62.0,39.0
1784039904.369800,299.920,1980,3201,86.0,62.0,39.0
1784039904.379798,326.573,1980,3201,86.0,62.0,39.0
1784039904.389802,326.573,1980,3201,86.0,62.0,39.0
1784039904.399800,326.573,1980,3201,86.0,62.0,39.0
1784039904.409801,326.573,1980,3201,86.0,62.0,39.0
1784039904.419800,326.573,1980,3201,86.0,62.0,39.0
1784039904.429867,326.573,1980,3201,86.0,62.0,39.0
1784039904.439797,326.573,1980,3201,86.0,62.0,39.0
1784039904.449805,326.573,1980,3201,86.0,62.0,39.0
1784039904.459803,326.573,1980,3201,86.0,62.0,39.0
1784039904.469803,326.573,1980,3201,86.0,62.0,39.0
1784039904.479912,350.528,1980,3201,83.0,60.0,39.0
1784039904.489804,350.528,1980,3201,83.0,60.0,39.0
1784039904.499799,350.528,1980,3201,83.0,60.0,39.0
1784039904.509804,350.528,1980,3201,83.0,60.0,39.0
1784039904.519804,350.528,1980,3201,83.0,60.0,39.0
1784039904.529803,350.528,1980,3201,83.0,60.0,39.0
1784039904.539802,350.528,1980,3201,83.0,60.0,39.0
1784039904.550009,350.528,1980,3201,83.0,60.0,39.0
1784039904.559903,350.528,1980,3201,83.0,60.0,39.0
1784039904.569798,350.528,1980,3201,83.0,60.0,39.0
1784039904.579805,377.183,1980,3201,83.0,60.0,39.0
1784039904.589805,377.183,1980,3201,83.0,60.0,39.0
1784039904.599809,377.183,1980,3201,83.0,60.0,39.0
1784039904.609804,377.183,1980,3201,83.0,60.0,39.0
1784039904.619798,377.183,1980,3201,83.0,60.0,39.0
1784039904.629805,377.183,1980,3201,83.0,60.0,39.0
1784039904.639807,377.183,1980,3201,83.0,60.0,39.0
1784039904.649808,377.183,1980,3201,83.0,60.0,39.0
1784039904.659806,377.183,1980,3201,83.0,60.0,39.0
1784039904.669871,377.183,1980,3201,83.0,60.0,39.0
1784039904.679806,379.898,1980,3201,84.0,60.0,39.0
1784039904.689799,379.898,1980,3201,84.0,60.0,39.0
1784039904.699873,379.898,1980,3201,84.0,60.0,39.0
1784039904.709807,379.898,1980,3201,84.0,60.0,39.0
1784039904.719800,379.898,1980,3201,84.0,60.0,39.0
1784039904.729800,379.898,1980,3201,84.0,60.0,39.0
1784039904.740199,379.898,1980,3201,84.0,60.0,39.0
1784039904.749800,379.898,1980,3201,84.0,60.0,39.0
1784039904.759796,379.898,1980,3201,84.0,60.0,39.0
1784039904.769800,379.898,1980,3201,84.0,60.0,39.0
1784039904.779800,379.832,1980,3201,84.0,60.0,39.0
1784039904.790220,379.832,1980,3201,84.0,60.0,39.0
1784039904.799799,379.832,1980,3201,84.0,60.0,39.0
1784039904.809795,379.832,1980,3201,84.0,60.0,39.0
1784039904.819800,379.832,1980,3201,84.0,60.0,39.0
1784039904.829800,379.832,1980,3201,84.0,60.0,39.0
1784039904.839795,379.832,1980,3201,84.0,60.0,39.0
1784039904.849799,379.832,1980,3201,84.0,60.0,39.0
1784039904.859795,379.832,1980,3201,84.0,60.0,39.0
1784039904.869800,379.832,1980,3201,84.0,60.0,39.0
1784039904.879800,380.638,1980,3201,85.0,61.0,39.0
1784039904.889795,380.638,1980,3201,85.0,61.0,39.0
1784039904.899799,380.638,1980,3201,85.0,61.0,39.0
1784039904.909823,380.638,1980,3201,85.0,61.0,39.0
1784039904.919800,380.638,1980,3201,85.0,61.0,39.0
1784039904.929800,380.638,1980,3201,85.0,61.0,39.0
1784039904.939796,380.638,1980,3201,85.0,61.0,39.0
1784039904.949800,380.638,1980,3201,85.0,61.0,39.0
1784039904.959801,380.638,1980,3201,85.0,61.0,39.0
1784039904.969800,380.638,1980,3201,85.0,61.0,39.0
1784039904.979800,381.088,1980,3201,85.0,61.0,40.0
1784039904.989795,381.088,1980,3201,85.0,61.0,40.0
1784039904.999800,381.088,1980,3201,85.0,61.0,40.0
1784039905.009800,381.088,1980,3201,85.0,61.0,40.0
1784039905.019801,381.088,1980,3201,85.0,61.0,40.0
1784039905.029803,381.088,1980,3201,85.0,61.0,40.0
1784039905.039796,381.088,1980,3201,85.0,61.0,40.0
1784039905.049801,381.088,1980,3201,85.0,61.0,40.0
1784039905.059802,381.088,1980,3201,85.0,61.0,40.0
1784039905.069803,381.088,1980,3201,85.0,61.0,40.0
1784039905.079887,381.260,1980,3201,85.0,61.0,40.0
1784039905.089797,381.260,1980,3201,85.0,61.0,40.0
1784039905.099844,381.260,1980,3201,85.0,61.0,40.0
1784039905.109859,381.260,1980,3201,85.0,61.0,40.0
1784039905.119883,381.260,1980,3201,85.0,61.0,40.0
1784039905.129856,381.260,1980,3201,85.0,61.0,40.0
1784039905.139982,381.260,1980,3201,85.0,61.0,40.0
1784039905.149864,381.260,1980,3201,85.0,61.0,40.0
1784039905.159796,381.260,1980,3201,85.0,61.0,40.0
1784039905.169801,381.260,1980,3201,85.0,61.0,40.0
1784039905.179801,380.444,1980,3201,85.0,61.0,40.0
1784039905.189971,380.444,1980,3201,85.0,61.0,40.0
1784039905.199796,380.444,1980,3201,85.0,61.0,40.0
1784039905.209793,380.444,1980,3201,85.0,61.0,40.0
1784039905.219798,380.444,1980,3201,85.0,61.0,40.0
1784039905.229882,380.444,1980,3201,85.0,61.0,40.0
1784039905.239798,380.444,1980,3201,85.0,61.0,40.0
1784039905.249804,380.444,1980,3201,85.0,61.0,40.0
1784039905.259797,380.444,1980,3201,85.0,61.0,40.0
1784039905.269804,380.444,1980,3201,85.0,61.0,40.0
1784039905.279804,382.905,1980,3201,86.0,61.0,40.0
1784039905.290126,382.905,1980,3201,86.0,61.0,40.0
1784039905.299804,382.905,1980,3201,86.0,61.0,40.0
1784039905.309798,382.905,1980,3201,86.0,61.0,40.0
1784039905.319806,382.905,1980,3201,86.0,61.0,40.0
1784039905.329804,382.905,1980,3201,86.0,61.0,40.0
1784039905.339805,382.905,1980,3201,86.0,61.0,40.0
1784039905.349805,382.905,1980,3201,86.0,61.0,40.0
1784039905.359804,382.905,1980,3201,86.0,61.0,40.0
1784039905.369807,382.905,1980,3201,86.0,61.0,40.0
1784039905.379803,382.603,1980,3201,86.0,61.0,40.0
1784039905.389803,382.603,1980,3201,86.0,61.0,40.0
1784039905.400104,382.603,1980,3201,86.0,61.0,40.0
1784039905.409805,382.603,1980,3201,86.0,61.0,40.0
1784039905.419870,382.603,1980,3201,86.0,61.0,40.0
1784039905.429805,382.603,1980,3201,86.0,61.0,40.0
1784039905.439807,382.603,1980,3201,86.0,61.0,40.0
1784039905.449805,382.603,1980,3201,86.0,61.0,40.0
1784039905.459810,382.603,1980,3201,86.0,61.0,40.0
1784039905.469809,382.603,1980,3201,86.0,61.0,40.0
1784039905.479806,385.681,1980,3201,82.0,59.0,40.0
1784039905.489800,385.681,1980,3201,82.0,59.0,40.0
1784039905.499805,385.681,1980,3201,82.0,59.0,40.0
1784039905.509792,385.681,1980,3201,82.0,59.0,40.0
1784039905.519861,385.681,1980,3201,82.0,59.0,40.0
1784039905.529802,385.681,1980,3201,82.0,59.0,40.0
1784039905.539794,385.681,1980,3201,82.0,59.0,40.0
1784039905.549811,385.681,1980,3201,82.0,59.0,40.0
1784039905.559793,385.681,1980,3201,82.0,59.0,40.0
1784039905.569880,385.681,1980,3201,82.0,59.0,40.0
1784039905.579801,384.955,1980,3201,82.0,59.0,40.0
1784039905.589808,384.955,1980,3201,82.0,59.0,40.0
1784039905.599812,384.955,1980,3201,82.0,59.0,40.0
1784039905.609793,384.955,1980,3201,82.0,59.0,40.0
1784039905.619803,384.955,1980,3201,82.0,59.0,40.0
1784039905.629793,384.955,1980,3201,82.0,59.0,40.0
1784039905.639804,384.955,1980,3201,82.0,59.0,40.0
1784039905.649794,384.955,1980,3201,82.0,59.0,40.0
1784039905.659799,384.955,1980,3201,82.0,59.0,40.0
1784039905.669859,384.955,1980,3201,82.0,59.0,40.0
1784039905.679862,385.231,1980,3201,85.0,61.0,40.0
1784039905.689806,385.231,1980,3201,85.0,61.0,40.0
1784039905.699806,385.231,1980,3201,85.0,61.0,40.0
1784039905.709806,385.231,1980,3201,85.0,61.0,40.0
1784039905.719805,385.231,1980,3201,85.0,61.0,40.0
1784039905.729806,385.231,1980,3201,85.0,61.0,40.0
1784039905.739807,385.231,1980,3201,85.0,61.0,40.0
1784039905.749805,385.231,1980,3201,85.0,61.0,40.0
1784039905.759987,385.231,1980,3201,85.0,61.0,40.0
1784039905.769922,385.231,1980,3201,85.0,61.0,40.0
1784039905.779805,384.017,1980,3201,85.0,61.0,40.0
1784039905.789805,384.017,1980,3201,85.0,61.0,40.0
1784039905.799805,384.017,1980,3201,85.0,61.0,40.0
1784039905.809806,384.017,1980,3201,85.0,61.0,40.0
1784039905.819805,384.017,1980,3201,85.0,61.0,40.0
1784039905.830037,384.017,1980,3201,85.0,61.0,40.0
1784039905.839806,384.017,1980,3201,85.0,61.0,40.0
1784039905.849905,384.017,1980,3201,85.0,61.0,40.0
1784039905.859806,384.017,1980,3201,85.0,61.0,40.0
1784039905.869806,384.017,1980,3201,85.0,61.0,40.0
1784039905.879806,384.078,1980,3201,83.0,60.0,40.0
1784039905.889805,384.078,1980,3201,83.0,60.0,40.0
1784039905.900026,384.078,1980,3201,83.0,60.0,40.0
1784039905.909801,384.078,1980,3201,83.0,60.0,40.0
1784039905.919800,384.078,1980,3201,83.0,60.0,40.0
1784039905.929802,384.078,1980,3201,83.0,60.0,40.0
1784039905.939802,384.078,1980,3201,83.0,60.0,40.0
1784039905.949800,384.078,1980,3201,83.0,60.0,40.0
1784039905.959804,384.078,1980,3201,83.0,60.0,40.0
1784039905.969797,384.078,1980,3201,83.0,60.0,40.0
1784039905.979813,383.245,1980,3201,83.0,60.0,40.0
1784039905.989802,383.245,1980,3201,83.0,60.0,40.0
1784039905.999801,383.245,1980,3201,83.0,60.0,40.0
1784039906.009801,383.245,1980,3201,83.0,60.0,40.0
1784039906.020155,383.245,1980,3201,83.0,60.0,40.0
1784039906.029802,383.245,1980,3201,83.0,60.0,40.0
1784039906.039800,383.245,1980,3201,83.0,60.0,40.0
1784039906.049800,383.245,1980,3201,83.0,60.0,40.0
1784039906.059800,383.245,1980,3201,83.0,60.0,40.0
1784039906.070022,383.245,1980,3201,83.0,60.0,40.0
1784039906.079800,383.463,1980,3201,84.0,60.0,40.0
1784039906.089805,383.463,1980,3201,84.0,60.0,40.0
1784039906.099801,383.463,1980,3201,84.0,60.0,40.0
1784039906.109801,383.463,1980,3201,84.0,60.0,40.0
1784039906.119831,383.463,1980,3201,84.0,60.0,40.0
1784039906.129799,383.463,1980,3201,84.0,60.0,40.0
1784039906.139801,383.463,1980,3201,84.0,60.0,40.0
1784039906.149801,383.463,1980,3201,84.0,60.0,40.0
1784039906.159806,383.463,1980,3201,84.0,60.0,40.0
1784039906.169891,383.463,1980,3201,84.0,60.0,40.0
1784039906.179799,384.727,1980,3201,84.0,60.0,40.0
1784039906.189893,384.727,1980,3201,84.0,60.0,40.0
1784039906.199800,384.727,1980,3201,84.0,60.0,40.0
1784039906.209791,384.727,1980,3201,84.0,60.0,40.0
1784039906.219793,384.727,1980,3201,84.0,60.0,40.0
1784039906.229800,384.727,1980,3201,84.0,60.0,40.0
1784039906.240049,384.727,1980,3201,84.0,60.0,40.0
1784039906.249799,384.727,1980,3201,84.0,60.0,40.0
1784039906.259794,384.727,1980,3201,84.0,60.0,40.0
1784039906.269836,384.727,1980,3201,84.0,60.0,40.0
1784039906.279801,383.562,1980,3201,85.0,61.0,40.0
1784039906.289800,383.562,1980,3201,85.0,61.0,40.0
1784039906.299800,383.562,1980,3201,85.0,61.0,40.0
1784039906.309799,383.562,1980,3201,85.0,61.0,40.0
1784039906.319800,383.562,1980,3201,85.0,61.0,40.0
1784039906.329793,383.562,1980,3201,85.0,61.0,40.0
1784039906.339801,383.562,1980,3201,85.0,61.0,40.0
1784039906.349800,383.562,1980,3201,85.0,61.0,40.0
1784039906.359803,383.562,1980,3201,85.0,61.0,40.0
1784039906.369800,383.562,1980,3201,85.0,61.0,40.0
1784039906.379801,381.244,1980,3201,85.0,61.0,40.0
1784039906.389801,381.244,1980,3201,85.0,61.0,40.0
1784039906.399860,381.244,1980,3201,85.0,61.0,40.0
1784039906.409844,381.244,1980,3201,85.0,61.0,40.0
1784039906.419910,381.244,1980,3201,85.0,61.0,40.0
1784039906.429805,381.244,1980,3201,85.0,61.0,40.0
1784039906.439803,381.244,1980,3201,85.0,61.0,40.0
1784039906.449802,381.244,1980,3201,85.0,61.0,40.0
1784039906.459802,381.244,1980,3201,85.0,61.0,40.0
1784039906.469801,381.244,1980,3201,85.0,61.0,40.0
1784039906.479885,381.701,1980,3201,85.0,61.0,40.0
1784039906.489803,381.701,1980,3201,85.0,61.0,40.0
1784039906.499803,381.701,1980,3201,85.0,61.0,40.0
1784039906.509802,381.701,1980,3201,85.0,61.0,40.0
1784039906.519811,381.701,1980,3201,85.0,61.0,40.0
1784039906.529797,381.701,1980,3201,85.0,61.0,40.0
1784039906.539798,381.701,1980,3201,85.0,61.0,40.0
1784039906.549793,381.701,1980,3201,85.0,61.0,40.0
1784039906.559798,381.701,1980,3201,85.0,61.0,40.0
1784039906.569798,381.701,1980,3201,85.0,61.0,40.0
1784039906.579798,382.483,1980,3201,85.0,61.0,40.0
1784039906.589798,382.483,1980,3201,85.0,61.0,40.0
1784039906.599798,382.483,1980,3201,85.0,61.0,40.0
1784039906.609799,382.483,1980,3201,85.0,61.0,40.0
1784039906.619820,382.483,1980,3201,85.0,61.0,40.0
1784039906.629796,382.483,1980,3201,85.0,61.0,40.0
1784039906.639867,382.483,1980,3201,85.0,61.0,40.0
1784039906.649802,382.483,1980,3201,85.0,61.0,40.0
1784039906.659797,382.483,1980,3201,85.0,61.0,40.0
1784039906.669795,382.483,1980,3201,85.0,61.0,40.0
1784039906.679815,382.704,1980,3201,84.0,60.0,40.0
1784039906.689797,382.704,1980,3201,84.0,60.0,40.0
1784039906.699800,382.704,1980,3201,84.0,60.0,40.0
1784039906.709797,382.704,1980,3201,84.0,60.0,40.0
1784039906.719799,382.704,1980,3201,84.0,60.0,40.0
1784039906.729797,382.704,1980,3201,84.0,60.0,40.0
1784039906.739796,382.704,1980,3201,84.0,60.0,40.0
1784039906.749799,382.704,1980,3201,84.0,60.0,40.0
1784039906.759800,382.704,1980,3201,84.0,60.0,40.0
1784039906.769800,382.704,1980,3201,84.0,60.0,40.0
1784039906.779801,384.317,1980,3201,84.0,60.0,40.0
1784039906.789797,384.317,1980,3201,84.0,60.0,40.0
1784039906.799801,384.317,1980,3201,84.0,60.0,40.0
1784039906.809796,384.317,1980,3201,84.0,60.0,40.0
1784039906.819802,384.317,1980,3201,84.0,60.0,40.0
1784039906.829803,384.317,1980,3201,84.0,60.0,40.0
1784039906.840218,384.317,1980,3201,84.0,60.0,40.0
1784039906.849805,384.317,1980,3201,84.0,60.0,40.0
1784039906.859800,384.317,1980,3201,84.0,60.0,40.0
1784039906.869801,384.317,1980,3201,84.0,60.0,40.0
1784039906.879801,384.534,1980,3201,85.0,61.0,40.0
1784039906.889802,384.534,1980,3201,85.0,61.0,40.0
1784039906.899827,384.534,1980,3201,85.0,61.0,40.0
1784039906.909791,384.534,1980,3201,85.0,61.0,40.0
1784039906.919800,384.534,1980,3201,85.0,61.0,40.0
1784039906.929801,384.534,1980,3201,85.0,61.0,40.0
1784039906.939953,384.534,1980,3201,85.0,61.0,40.0
1784039906.949801,384.534,1980,3201,85.0,61.0,40.0
1784039906.959801,384.534,1980,3201,85.0,61.0,40.0
1784039906.969805,384.534,1980,3201,85.0,61.0,40.0
1784039906.979802,385.414,1980,3201,85.0,61.0,41.0
1784039906.989873,385.414,1980,3201,85.0,61.0,41.0
1784039906.999840,385.414,1980,3201,85.0,61.0,41.0
1784039907.009800,385.414,1980,3201,85.0,61.0,41.0
1784039907.019855,385.414,1980,3201,85.0,61.0,41.0
1784039907.029800,385.414,1980,3201,85.0,61.0,41.0
1784039907.039838,385.414,1980,3201,85.0,61.0,41.0
1784039907.049880,385.414,1980,3201,85.0,61.0,41.0
1784039907.059801,385.414,1980,3201,85.0,61.0,41.0
1784039907.069800,385.414,1980,3201,85.0,61.0,41.0
1784039907.079801,385.657,1980,3201,82.0,58.0,40.0
1784039907.089793,385.657,1980,3201,82.0,58.0,40.0
1784039907.099800,385.657,1980,3201,82.0,58.0,40.0
1784039907.109802,385.657,1980,3201,82.0,58.0,40.0
1784039907.119801,385.657,1980,3201,82.0,58.0,40.0
1784039907.129801,385.657,1980,3201,82.0,58.0,40.0
1784039907.139925,385.657,1980,3201,82.0,58.0,40.0
1784039907.149801,385.657,1980,3201,82.0,58.0,40.0
1784039907.159800,385.657,1980,3201,82.0,58.0,40.0
1784039907.169800,385.657,1980,3201,82.0,58.0,40.0
1784039907.179801,383.762,1980,3201,82.0,58.0,40.0
1784039907.189982,383.762,1980,3201,82.0,58.0,40.0
1784039907.199800,383.762,1980,3201,82.0,58.0,40.0
1784039907.209801,383.762,1980,3201,82.0,58.0,40.0
1784039907.219801,383.762,1980,3201,82.0,58.0,40.0
1784039907.229803,383.762,1980,3201,82.0,58.0,40.0
1784039907.239828,383.762,1980,3201,82.0,58.0,40.0
1784039907.249802,383.762,1980,3201,82.0,58.0,40.0
1784039907.259801,383.762,1980,3201,82.0,58.0,40.0
1784039907.269802,383.762,1980,3201,82.0,58.0,40.0
1784039907.279802,385.287,1980,3201,85.0,61.0,40.0
1784039907.289829,385.287,1980,3201,85.0,61.0,40.0
1784039907.299804,385.287,1980,3201,85.0,61.0,40.0
1784039907.309803,385.287,1980,3201,85.0,61.0,40.0
1784039907.319804,385.287,1980,3201,85.0,61.0,40.0
1784039907.329806,385.287,1980,3201,85.0,61.0,40.0
1784039907.339804,385.287,1980,3201,85.0,61.0,40.0
1784039907.349804,385.287,1980,3201,85.0,61.0,40.0
1784039907.360045,385.287,1980,3201,85.0,61.0,40.0
1784039907.369803,385.287,1980,3201,85.0,61.0,40.0
1784039907.379803,384.000,1980,3201,85.0,61.0,40.0
1784039907.389803,384.000,1980,3201,85.0,61.0,40.0
1784039907.399806,384.000,1980,3201,85.0,61.0,40.0
1784039907.409804,384.000,1980,3201,85.0,61.0,40.0
1784039907.419806,384.000,1980,3201,85.0,61.0,40.0
1784039907.430196,384.000,1980,3201,85.0,61.0,40.0
1784039907.439804,384.000,1980,3201,85.0,61.0,40.0
1784039907.449808,384.000,1980,3201,85.0,61.0,40.0
1784039907.459873,384.000,1980,3201,85.0,61.0,40.0
1784039907.469806,384.000,1980,3201,85.0,61.0,40.0
1784039907.479831,383.451,1980,3201,84.0,60.0,40.0
1784039907.489807,383.451,1980,3201,84.0,60.0,40.0
1784039907.499806,383.451,1980,3201,84.0,60.0,40.0
1784039907.509807,383.451,1980,3201,84.0,60.0,40.0
1784039907.519891,383.451,1980,3201,84.0,60.0,40.0
1784039907.529805,383.451,1980,3201,84.0,60.0,40.0
1784039907.539806,383.451,1980,3201,84.0,60.0,40.0
1784039907.549806,383.451,1980,3201,84.0,60.0,40.0
1784039907.559806,383.451,1980,3201,84.0,60.0,40.0
1784039907.569802,383.451,1980,3201,84.0,60.0,40.0
1784039907.579802,382.301,1980,3201,84.0,60.0,40.0
1784039907.589795,382.301,1980,3201,84.0,60.0,40.0
1784039907.599800,382.301,1980,3201,84.0,60.0,40.0
1784039907.609800,382.301,1980,3201,84.0,60.0,40.0
1784039907.619800,382.301,1980,3201,84.0,60.0,40.0
1784039907.629800,382.301,1980,3201,84.0,60.0,40.0
1784039907.639793,382.301,1980,3201,84.0,60.0,40.0
1784039907.649799,382.301,1980,3201,84.0,60.0,40.0
1784039907.659800,382.301,1980,3201,84.0,60.0,40.0
1784039907.669803,382.301,1980,3201,84.0,60.0,40.0
1784039907.679799,383.434,1980,3201,84.0,60.0,40.0
1784039907.689799,383.434,1980,3201,84.0,60.0,40.0
1784039907.699800,383.434,1980,3201,84.0,60.0,40.0
1784039907.709800,383.434,1980,3201,84.0,60.0,40.0
1784039907.719800,383.434,1980,3201,84.0,60.0,40.0
1784039907.729838,383.434,1980,3201,84.0,60.0,40.0
1784039907.739799,383.434,1980,3201,84.0,60.0,40.0
1784039907.749800,383.434,1980,3201,84.0,60.0,40.0
1784039907.759800,383.434,1980,3201,84.0,60.0,40.0
1784039907.769865,383.434,1980,3201,84.0,60.0,40.0
1784039907.779800,384.027,1980,3201,84.0,60.0,42.0
1784039907.789800,384.027,1980,3201,84.0,60.0,42.0
1784039907.799800,384.027,1980,3201,84.0,60.0,42.0
1784039907.809800,384.027,1980,3201,84.0,60.0,42.0
1784039907.819793,384.027,1980,3201,84.0,60.0,42.0
1784039907.829799,384.027,1980,3201,84.0,60.0,42.0
1784039907.839803,384.027,1980,3201,84.0,60.0,42.0
1784039907.849829,384.027,1980,3201,84.0,60.0,42.0
1784039907.859802,384.027,1980,3201,84.0,60.0,42.0
1784039907.869792,384.027,1980,3201,84.0,60.0,42.0
1784039907.879795,384.490,1980,3201,83.0,58.0,41.0
1784039907.889793,384.490,1980,3201,83.0,58.0,41.0
1784039907.899796,384.490,1980,3201,83.0,58.0,41.0
1784039907.909800,384.490,1980,3201,83.0,58.0,41.0
1784039907.919802,384.490,1980,3201,83.0,58.0,41.0
1784039907.929800,384.490,1980,3201,83.0,58.0,41.0
1784039907.939793,384.490,1980,3201,83.0,58.0,41.0
1784039907.949797,384.490,1980,3201,83.0,58.0,41.0
1784039907.959798,384.490,1980,3201,83.0,58.0,41.0
1784039907.969793,384.490,1980,3201,83.0,58.0,41.0
1784039907.979798,384.215,1980,3201,83.0,58.0,41.0
1784039907.989797,384.215,1980,3201,83.0,58.0,41.0
1784039907.999796,384.215,1980,3201,83.0,58.0,41.0
1784039908.009796,384.215,1980,3201,83.0,58.0,41.0
1784039908.019792,384.215,1980,3201,83.0,58.0,41.0
1784039908.029794,384.215,1980,3201,83.0,58.0,41.0
1784039908.039795,384.215,1980,3201,83.0,58.0,41.0
1784039908.049795,384.215,1980,3201,83.0,58.0,41.0
1784039908.059797,384.215,1980,3201,83.0,58.0,41.0
1784039908.069792,384.215,1980,3201,83.0,58.0,41.0
1784039908.079873,384.671,1980,3201,85.0,61.0,41.0
1784039908.089802,384.671,1980,3201,85.0,61.0,41.0
1784039908.099801,384.671,1980,3201,85.0,61.0,41.0
1784039908.109797,384.671,1980,3201,85.0,61.0,41.0
1784039908.119806,384.671,1980,3201,85.0,61.0,41.0
1784039908.129797,384.671,1980,3201,85.0,61.0,41.0
1784039908.139802,384.671,1980,3201,85.0,61.0,41.0
1784039908.149803,384.671,1980,3201,85.0,61.0,41.0
1784039908.160009,384.671,1980,3201,85.0,61.0,41.0
1784039908.169797,384.671,1980,3201,85.0,61.0,41.0
1784039908.179794,384.429,1980,3201,85.0,61.0,41.0
1784039908.189805,384.429,1980,3201,85.0,61.0,41.0
1784039908.199796,384.429,1980,3201,85.0,61.0,41.0
1784039908.209800,384.429,1980,3201,85.0,61.0,41.0
1784039908.219800,384.429,1980,3201,85.0,61.0,41.0
1784039908.229797,384.429,1980,3201,85.0,61.0,41.0
1784039908.239800,384.429,1980,3201,85.0,61.0,41.0
1784039908.249800,384.429,1980,3201,85.0,61.0,41.0
1784039908.259800,384.429,1980,3201,85.0,61.0,41.0
1784039908.269799,384.429,1980,3201,85.0,61.0,41.0
1784039908.279796,384.091,1980,3201,85.0,61.0,41.0
1784039908.289800,384.091,1980,3201,85.0,61.0,41.0
1784039908.299796,384.091,1980,3201,85.0,61.0,41.0
1784039908.309799,384.091,1980,3201,85.0,61.0,41.0
1784039908.319801,384.091,1980,3201,85.0,61.0,41.0
1784039908.330046,384.091,1980,3201,85.0,61.0,41.0
1784039908.339801,384.091,1980,3201,85.0,61.0,41.0
1784039908.349797,384.091,1980,3201,85.0,61.0,41.0
1784039908.359800,384.091,1980,3201,85.0,61.0,41.0
1784039908.369801,384.091,1980,3201,85.0,61.0,41.0
1784039908.379800,385.177,1980,3201,85.0,61.0,41.0
1784039908.389799,385.177,1980,3201,85.0,61.0,41.0
1784039908.399903,385.177,1980,3201,85.0,61.0,41.0
1784039908.409799,385.177,1980,3201,85.0,61.0,41.0
1784039908.419795,385.177,1980,3201,85.0,61.0,41.0
1784039908.429799,385.177,1980,3201,85.0,61.0,41.0
1784039908.439798,385.177,1980,3201,85.0,61.0,41.0
1784039908.449946,385.177,1980,3201,85.0,61.0,41.0
1784039908.459800,385.177,1980,3201,85.0,61.0,41.0
1784039908.469795,385.177,1980,3201,85.0,61.0,41.0
1784039908.479827,385.906,1980,3201,84.0,60.0,41.0
1784039908.489801,385.906,1980,3201,84.0,60.0,41.0
1784039908.500018,385.906,1980,3201,84.0,60.0,41.0
1784039908.509799,385.906,1980,3201,84.0,60.0,41.0
1784039908.519796,385.906,1980,3201,84.0,60.0,41.0
1784039908.529799,385.906,1980,3201,84.0,60.0,41.0
1784039908.539932,385.906,1980,3201,84.0,60.0,41.0
1784039908.549857,385.906,1980,3201,84.0,60.0,41.0
1784039908.559800,385.906,1980,3201,84.0,60.0,41.0
1784039908.569947,385.906,1980,3201,84.0,60.0,41.0
1784039908.579814,387.607,1980,3201,84.0,60.0,41.0
1784039908.589790,387.607,1980,3201,84.0,60.0,41.0
1784039908.599790,387.607,1980,3201,84.0,60.0,41.0
1784039908.609800,387.607,1980,3201,84.0,60.0,41.0
1784039908.619792,387.607,1980,3201,84.0,60.0,41.0
1784039908.629791,387.607,1980,3201,84.0,60.0,41.0
1784039908.639799,387.607,1980,3201,84.0,60.0,41.0
1784039908.649792,387.607,1980,3201,84.0,60.0,41.0
1784039908.659801,387.607,1980,3201,84.0,60.0,41.0
1784039908.669791,387.607,1980,3201,84.0,60.0,41.0
1784039908.679790,387.289,1980,3201,83.0,58.0,41.0
1784039908.689799,387.289,1980,3201,83.0,58.0,41.0
1784039908.699790,387.289,1980,3201,83.0,58.0,41.0
1784039908.709800,387.289,1980,3201,83.0,58.0,41.0
1784039908.719792,387.289,1980,3201,83.0,58.0,41.0
1784039908.729893,387.289,1980,3201,83.0,58.0,41.0
1784039908.739802,387.289,1980,3201,83.0,58.0,41.0
1784039908.749863,387.289,1980,3201,83.0,58.0,41.0
1784039908.759802,387.289,1980,3201,83.0,58.0,41.0
1784039908.769802,387.289,1980,3201,83.0,58.0,41.0
1784039908.779803,386.574,1980,3201,83.0,58.0,41.0
1784039908.789803,386.574,1980,3201,83.0,58.0,41.0
1784039908.799795,386.574,1980,3201,83.0,58.0,41.0
1784039908.809802,386.574,1980,3201,83.0,58.0,41.0
1784039908.819801,386.574,1980,3201,83.0,58.0,41.0
1784039908.829800,386.574,1980,3201,83.0,58.0,41.0
1784039908.839801,386.574,1980,3201,83.0,58.0,41.0
1784039908.849801,386.574,1980,3201,83.0,58.0,41.0
1784039908.859807,386.574,1980,3201,83.0,58.0,41.0
1784039908.869802,386.574,1980,3201,83.0,58.0,41.0
1784039908.879845,385.646,1980,3201,84.0,60.0,41.0
1784039908.889830,385.646,1980,3201,84.0,60.0,41.0
1784039908.899796,385.646,1980,3201,84.0,60.0,41.0
1784039908.909801,385.646,1980,3201,84.0,60.0,41.0
1784039908.919793,385.646,1980,3201,84.0,60.0,41.0
1784039908.929801,385.646,1980,3201,84.0,60.0,41.0
1784039908.939802,385.646,1980,3201,84.0,60.0,41.0
1784039908.949804,385.646,1980,3201,84.0,60.0,41.0
1784039908.959801,385.646,1980,3201,84.0,60.0,41.0
1784039908.969794,385.646,1980,3201,84.0,60.0,41.0
1784039908.979800,385.108,1980,3201,84.0,60.0,41.0
1784039908.989801,385.108,1980,3201,84.0,60.0,41.0
1784039908.999795,385.108,1980,3201,84.0,60.0,41.0
1784039909.009802,385.108,1980,3201,84.0,60.0,41.0
1784039909.019900,385.108,1980,3201,84.0,60.0,41.0
1784039909.029801,385.108,1980,3201,84.0,60.0,41.0
1784039909.039801,385.108,1980,3201,84.0,60.0,41.0
1784039909.049856,385.108,1980,3201,84.0,60.0,41.0
1784039909.059820,385.108,1980,3201,84.0,60.0,41.0
1784039909.069802,385.108,1980,3201,84.0,60.0,41.0
1784039909.079829,384.475,1980,3201,85.0,61.0,41.0
1784039909.089795,384.475,1980,3201,85.0,61.0,41.0
1784039909.099795,384.475,1980,3201,85.0,61.0,41.0
1784039909.109802,384.475,1980,3201,85.0,61.0,41.0
1784039909.119810,384.475,1980,3201,85.0,61.0,41.0
1784039909.129803,384.475,1980,3201,85.0,61.0,41.0
1784039909.139904,384.475,1980,3201,85.0,61.0,41.0
1784039909.149801,384.475,1980,3201,85.0,61.0,41.0
1784039909.159914,384.475,1980,3201,85.0,61.0,41.0
1784039909.169802,384.475,1980,3201,85.0,61.0,41.0
1784039909.180131,383.681,1980,3201,85.0,61.0,41.0
1784039909.189854,383.681,1980,3201,85.0,61.0,41.0
1784039909.199792,383.681,1980,3201,85.0,61.0,41.0
1784039909.209802,383.681,1980,3201,85.0,61.0,41.0
1784039909.219801,383.681,1980,3201,85.0,61.0,41.0
1784039909.229801,383.681,1980,3201,85.0,61.0,41.0
1784039909.239803,383.681,1980,3201,85.0,61.0,41.0
1784039909.249813,383.681,1980,3201,85.0,61.0,41.0
1784039909.259797,383.681,1980,3201,85.0,61.0,41.0
1784039909.269794,383.681,1980,3201,85.0,61.0,41.0
1784039909.279802,384.442,1980,3201,82.0,59.0,41.0
1784039909.289803,384.442,1980,3201,82.0,59.0,41.0
1784039909.299846,384.442,1980,3201,82.0,59.0,41.0
1784039909.309798,384.442,1980,3201,82.0,59.0,41.0
1784039909.319792,384.442,1980,3201,82.0,59.0,41.0
1784039909.329800,384.442,1980,3201,82.0,59.0,41.0
1784039909.339792,384.442,1980,3201,82.0,59.0,41.0
1784039909.349802,384.442,1980,3201,82.0,59.0,41.0
1784039909.360395,384.442,1980,3201,82.0,59.0,41.0
1784039909.369795,384.442,1980,3201,82.0,59.0,41.0
1784039909.379800,382.558,1980,3201,82.0,59.0,41.0
1784039909.389805,382.558,1980,3201,82.0,59.0,41.0
1784039909.399793,382.558,1980,3201,82.0,59.0,41.0
1784039909.409896,382.558,1980,3201,82.0,59.0,41.0
1784039909.419859,382.558,1980,3201,82.0,59.0,41.0
1784039909.429793,382.558,1980,3201,82.0,59.0,41.0
1784039909.439804,382.558,1980,3201,82.0,59.0,41.0
1784039909.449803,382.558,1980,3201,82.0,59.0,41.0
1784039909.459806,382.558,1980,3201,82.0,59.0,41.0
1784039909.469802,382.558,1980,3201,82.0,59.0,41.0
1784039909.479806,383.603,1980,3201,80.0,56.0,41.0
1784039909.489793,383.603,1980,3201,80.0,56.0,41.0
1784039909.500024,383.603,1980,3201,80.0,56.0,41.0
1784039909.509799,383.603,1980,3201,80.0,56.0,41.0
1784039909.519793,383.603,1980,3201,80.0,56.0,41.0
1784039909.529798,383.603,1980,3201,80.0,56.0,41.0
1784039909.539912,383.603,1980,3201,80.0,56.0,41.0
1784039909.549806,383.603,1980,3201,80.0,56.0,41.0
1784039909.559792,383.603,1980,3201,80.0,56.0,41.0
1784039909.569792,383.603,1980,3201,80.0,56.0,41.0
1784039909.579909,383.267,1980,3201,80.0,56.0,41.0
1784039909.589795,383.267,1980,3201,80.0,56.0,41.0
1784039909.599800,383.267,1980,3201,80.0,56.0,41.0
1784039909.609801,383.267,1980,3201,80.0,56.0,41.0
1784039909.619793,383.267,1980,3201,80.0,56.0,41.0
1784039909.629796,383.267,1980,3201,80.0,56.0,41.0
1784039909.639792,383.267,1980,3201,80.0,56.0,41.0
1784039909.649801,383.267,1980,3201,80.0,56.0,41.0
1784039909.659792,383.267,1980,3201,80.0,56.0,41.0
1784039909.669792,383.267,1980,3201,80.0,56.0,41.0
1784039909.679845,382.093,1980,3201,84.0,60.0,41.0
1784039909.689794,382.093,1980,3201,84.0,60.0,41.0
1784039909.699802,382.093,1980,3201,84.0,60.0,41.0
1784039909.709792,382.093,1980,3201,84.0,60.0,41.0
1784039909.719791,382.093,1980,3201,84.0,60.0,41.0
1784039909.729801,382.093,1980,3201,84.0,60.0,41.0
1784039909.739792,382.093,1980,3201,84.0,60.0,41.0
1784039909.749800,382.093,1980,3201,84.0,60.0,41.0
1784039909.759792,382.093,1980,3201,84.0,60.0,41.0
1784039909.769987,382.093,1980,3201,84.0,60.0,41.0
1784039909.779797,382.372,1980,3201,84.0,60.0,41.0
1784039909.789791,382.372,1980,3201,84.0,60.0,41.0
1784039909.799901,382.372,1980,3201,84.0,60.0,41.0
1784039909.809781,382.372,1980,3201,84.0,60.0,41.0
1784039909.819791,382.372,1980,3201,84.0,60.0,41.0
1784039909.829799,382.372,1980,3201,84.0,60.0,41.0
1784039909.839792,382.372,1980,3201,84.0,60.0,41.0
1784039909.849798,382.372,1980,3201,84.0,60.0,41.0
1784039909.859800,382.372,1980,3201,84.0,60.0,41.0
1784039909.869992,382.372,1980,3201,84.0,60.0,41.0
1784039909.879800,382.781,1980,3201,85.0,61.0,41.0
1784039909.889791,382.781,1980,3201,85.0,61.0,41.0
1784039909.899799,382.781,1980,3201,85.0,61.0,41.0
1784039909.909792,382.781,1980,3201,85.0,61.0,41.0
1784039909.919792,382.781,1980,3201,85.0,61.0,41.0
1784039909.929799,382.781,1980,3201,85.0,61.0,41.0
1784039909.939792,382.781,1980,3201,85.0,61.0,41.0
1784039909.949799,382.781,1980,3201,85.0,61.0,41.0
1784039909.959791,382.781,1980,3201,85.0,61.0,41.0
1784039909.969793,382.781,1980,3201,85.0,61.0,41.0
1784039909.979800,383.347,1980,3201,85.0,61.0,41.0
1784039909.989793,383.347,1980,3201,85.0,61.0,41.0
1784039909.999799,383.347,1980,3201,85.0,61.0,41.0
1784039910.009791,383.347,1980,3201,85.0,61.0,41.0
1784039910.019790,383.347,1980,3201,85.0,61.0,41.0
1784039910.029820,383.347,1980,3201,85.0,61.0,41.0
1784039910.039792,383.347,1980,3201,85.0,61.0,41.0
1784039910.049800,383.347,1980,3201,85.0,61.0,41.0
1784039910.059792,383.347,1980,3201,85.0,61.0,41.0
1784039910.069913,383.347,1980,3201,85.0,61.0,41.0
1784039910.079802,384.126,1980,3201,85.0,61.0,41.0
1784039910.089796,384.126,1980,3201,85.0,61.0,41.0
1784039910.099801,384.126,1980,3201,85.0,61.0,41.0
1784039910.109800,384.126,1980,3201,85.0,61.0,41.0
1784039910.119802,384.126,1980,3201,85.0,61.0,41.0
1784039910.129801,384.126,1980,3201,85.0,61.0,41.0
1784039910.139796,384.126,1980,3201,85.0,61.0,41.0
1784039910.149826,384.126,1980,3201,85.0,61.0,41.0
1784039910.159801,384.126,1980,3201,85.0,61.0,41.0
1784039910.169801,384.126,1980,3201,85.0,61.0,41.0
1784039910.180045,385.467,1980,3201,85.0,61.0,41.0
1784039910.189803,385.467,1980,3201,85.0,61.0,41.0
1784039910.199800,385.467,1980,3201,85.0,61.0,41.0
1784039910.209800,385.467,1980,3201,85.0,61.0,41.0
1784039910.219805,385.467,1980,3201,85.0,61.0,41.0
1784039910.229801,385.467,1980,3201,85.0,61.0,41.0
1784039910.240160,385.467,1980,3201,85.0,61.0,41.0
1784039910.249802,385.467,1980,3201,85.0,61.0,41.0
1784039910.259792,385.467,1980,3201,85.0,61.0,41.0
1784039910.269801,385.467,1980,3201,85.0,61.0,41.0
1784039910.279801,385.608,1980,3201,82.0,58.0,41.0
1784039910.290044,385.608,1980,3201,82.0,58.0,41.0
1784039910.299854,385.608,1980,3201,82.0,58.0,41.0
1784039910.309792,385.608,1980,3201,82.0,58.0,41.0
1784039910.319802,385.608,1980,3201,82.0,58.0,41.0
1784039910.329793,385.608,1980,3201,82.0,58.0,41.0
1784039910.339937,385.608,1980,3201,82.0,58.0,41.0
1784039910.349802,385.608,1980,3201,82.0,58.0,41.0
1784039910.359973,385.608,1980,3201,82.0,58.0,41.0
1784039910.369807,385.608,1980,3201,82.0,58.0,41.0
1784039910.379801,385.364,1980,3201,82.0,58.0,41.0
1784039910.389801,385.364,1980,3201,82.0,58.0,41.0
1784039910.399800,385.364,1980,3201,82.0,58.0,41.0
1784039910.409798,385.364,1980,3201,82.0,58.0,41.0
1784039910.419802,385.364,1980,3201,82.0,58.0,41.0
1784039910.429801,385.364,1980,3201,82.0,58.0,41.0
1784039910.439802,385.364,1980,3201,82.0,58.0,41.0
1784039910.449802,385.364,1980,3201,82.0,58.0,41.0
1784039910.459796,385.364,1980,3201,82.0,58.0,41.0
1784039910.469802,385.364,1980,3201,82.0,58.0,41.0
1784039910.479803,385.576,1980,3201,85.0,61.0,41.0
1784039910.489801,385.576,1980,3201,85.0,61.0,41.0
1784039910.499801,385.576,1980,3201,85.0,61.0,41.0
1784039910.510202,385.576,1980,3201,85.0,61.0,41.0
1784039910.519871,385.576,1980,3201,85.0,61.0,41.0
1784039910.529796,385.576,1980,3201,85.0,61.0,41.0
1784039910.539808,385.576,1980,3201,85.0,61.0,41.0
1784039910.549873,385.576,1980,3201,85.0,61.0,41.0
1784039910.559803,385.576,1980,3201,85.0,61.0,41.0
1784039910.569804,385.576,1980,3201,85.0,61.0,41.0
1784039910.579800,385.601,1980,3201,85.0,61.0,41.0
1784039910.589806,385.601,1980,3201,85.0,61.0,41.0
1784039910.599798,385.601,1980,3201,85.0,61.0,41.0
1784039910.609806,385.601,1980,3201,85.0,61.0,41.0
1784039910.619796,385.601,1980,3201,85.0,61.0,41.0
1784039910.629805,385.601,1980,3201,85.0,61.0,41.0
1784039910.639807,385.601,1980,3201,85.0,61.0,41.0
1784039910.650172,385.601,1980,3201,85.0,61.0,41.0
1784039910.659803,385.601,1980,3201,85.0,61.0,41.0
1784039910.669792,385.601,1980,3201,85.0,61.0,41.0
1784039910.679801,384.839,1980,3201,84.0,60.0,41.0
1784039910.689800,384.839,1980,3201,84.0,60.0,41.0
1784039910.699896,384.839,1980,3201,84.0,60.0,41.0
1784039910.709803,384.839,1980,3201,84.0,60.0,41.0
1784039910.720159,384.839,1980,3201,84.0,60.0,41.0
1784039910.729803,384.839,1980,3201,84.0,60.0,41.0
1784039910.739798,384.839,1980,3201,84.0,60.0,41.0
1784039910.749804,384.839,1980,3201,84.0,60.0,41.0
1784039910.759804,384.839,1980,3201,84.0,60.0,41.0
1784039910.769804,384.839,1980,3201,84.0,60.0,41.0
1784039910.779805,383.894,1980,3201,84.0,60.0,41.0
1784039910.789975,383.894,1980,3201,84.0,60.0,41.0
1784039910.799804,383.894,1980,3201,84.0,60.0,41.0
1784039910.809797,383.894,1980,3201,84.0,60.0,41.0
1784039910.819908,383.894,1980,3201,84.0,60.0,41.0
1784039910.829805,383.894,1980,3201,84.0,60.0,41.0
1784039910.839804,383.894,1980,3201,84.0,60.0,41.0
1784039910.849807,383.894,1980,3201,84.0,60.0,41.0
1784039910.859799,383.894,1980,3201,84.0,60.0,41.0
1784039910.869806,383.894,1980,3201,84.0,60.0,41.0
1784039910.879798,383.965,1980,3201,84.0,60.0,41.0
1784039910.889805,383.965,1980,3201,84.0,60.0,41.0
1784039910.899806,383.965,1980,3201,84.0,60.0,41.0
1784039910.909806,383.965,1980,3201,84.0,60.0,41.0
1784039910.919838,383.965,1980,3201,84.0,60.0,41.0
1784039910.929797,383.965,1980,3201,84.0,60.0,41.0
1784039910.939807,383.965,1980,3201,84.0,60.0,41.0
1784039910.949799,383.965,1980,3201,84.0,60.0,41.0
1784039910.959805,383.965,1980,3201,84.0,60.0,41.0
1784039910.969798,383.965,1980,3201,84.0,60.0,41.0
1784039910.979805,383.880,1980,3201,84.0,60.0,41.0
1784039910.989808,383.880,1980,3201,84.0,60.0,41.0
1784039910.999806,383.880,1980,3201,84.0,60.0,41.0
1784039911.009806,383.880,1980,3201,84.0,60.0,41.0
1784039911.019799,383.880,1980,3201,84.0,60.0,41.0
1784039911.029805,383.880,1980,3201,84.0,60.0,41.0
1784039911.039808,383.880,1980,3201,84.0,60.0,41.0
1784039911.049806,383.880,1980,3201,84.0,60.0,41.0
1784039911.059815,383.880,1980,3201,84.0,60.0,41.0
1784039911.069810,383.880,1980,3201,84.0,60.0,41.0
1784039911.079800,384.035,1980,3201,84.0,60.0,41.0
1784039911.089795,384.035,1980,3201,82.0,59.0,42.0
1784039911.099800,384.035,1980,3201,82.0,59.0,42.0
1784039911.109793,384.035,1980,3201,82.0,59.0,42.0
1784039911.119797,384.035,1980,3201,82.0,59.0,42.0
1784039911.129793,384.035,1980,3201,82.0,59.0,42.0
1784039911.139797,384.035,1980,3201,82.0,59.0,42.0
1784039911.149793,384.035,1980,3201,82.0,59.0,42.0
1784039911.160184,384.035,1980,3201,82.0,59.0,42.0
1784039911.169793,384.035,1980,3201,82.0,59.0,42.0
1784039911.179791,383.638,1980,3201,82.0,59.0,42.0
1784039911.189798,383.638,1980,3201,82.0,59.0,41.0
1784039911.199793,383.638,1980,3201,82.0,59.0,41.0
1784039911.209797,383.638,1980,3201,82.0,59.0,41.0
1784039911.219792,383.638,1980,3201,82.0,59.0,41.0
1784039911.229797,383.638,1980,3201,82.0,59.0,41.0
1784039911.239798,383.638,1980,3201,82.0,59.0,41.0
1784039911.249798,383.638,1980,3201,82.0,59.0,41.0
1784039911.259798,383.638,1980,3201,82.0,59.0,41.0
1784039911.269796,383.638,1980,3201,82.0,59.0,41.0
1784039911.279792,383.156,1980,3201,82.0,59.0,41.0
1784039911.289931,383.156,1980,3201,84.0,60.0,41.0
1784039911.299793,383.156,1980,3201,84.0,60.0,41.0
1784039911.309799,383.156,1980,3201,84.0,60.0,41.0
1784039911.319792,383.156,1980,3201,84.0,60.0,41.0
1784039911.329914,383.156,1980,3201,84.0,60.0,41.0
1784039911.339800,383.156,1980,3201,84.0,60.0,41.0
1784039911.349801,383.156,1980,3201,84.0,60.0,41.0
1784039911.359800,383.156,1980,3201,84.0,60.0,41.0
1784039911.369808,383.156,1980,3201,84.0,60.0,41.0
1784039911.379799,383.862,1980,3201,84.0,60.0,41.0
1784039911.389868,383.862,1980,3201,84.0,60.0,41.0
1784039911.399799,383.862,1980,3201,84.0,60.0,41.0
1784039911.409799,383.862,1980,3201,84.0,60.0,41.0
1784039911.419799,383.862,1980,3201,84.0,60.0,41.0
1784039911.429799,383.862,1980,3201,84.0,60.0,41.0
1784039911.439800,383.862,1980,3201,84.0,60.0,41.0
1784039911.449893,383.862,1980,3201,84.0,60.0,41.0
1784039911.459856,383.862,1980,3201,84.0,60.0,41.0
1784039911.469800,383.862,1980,3201,84.0,60.0,41.0
1784039911.479796,383.805,1980,3201,84.0,60.0,41.0
1784039911.489800,383.805,1980,3201,85.0,61.0,41.0
1784039911.499800,383.805,1980,3201,85.0,61.0,41.0
1784039911.509816,383.805,1980,3201,85.0,61.0,41.0
1784039911.519801,383.805,1980,3201,85.0,61.0,41.0
1784039911.529824,383.805,1980,3201,85.0,61.0,41.0
1784039911.539799,383.805,1980,3201,85.0,61.0,41.0
1784039911.549799,383.805,1980,3201,85.0,61.0,41.0
1784039911.559801,383.805,1980,3201,85.0,61.0,41.0
1784039911.569802,383.805,1980,3201,85.0,61.0,41.0
1784039911.579799,384.404,1980,3201,85.0,61.0,41.0
1784039911.589802,384.404,1980,3201,85.0,61.0,41.0
1784039911.599802,384.404,1980,3201,85.0,61.0,41.0
1784039911.609882,384.404,1980,3201,85.0,61.0,41.0
1784039911.619804,384.404,1980,3201,85.0,61.0,41.0
1784039911.629802,384.404,1980,3201,85.0,61.0,41.0
1784039911.639873,384.404,1980,3201,85.0,61.0,41.0
1784039911.649801,384.404,1980,3201,85.0,61.0,41.0
1784039911.659800,384.404,1980,3201,85.0,61.0,41.0
1784039911.669799,384.404,1980,3201,85.0,61.0,41.0
1784039911.679800,384.404,1980,3201,85.0,61.0,41.0
1784039911.689801,384.896,1980,3201,85.0,61.0,41.0
1784039911.699799,384.896,1980,3201,85.0,61.0,41.0
1784039911.709798,384.896,1980,3201,85.0,61.0,41.0
1784039911.719799,384.896,1980,3201,85.0,61.0,41.0
1784039911.729800,384.896,1980,3201,85.0,61.0,41.0
1784039911.739802,384.896,1980,3201,85.0,61.0,41.0
1784039911.749799,384.896,1980,3201,85.0,61.0,41.0
1784039911.759799,384.896,1980,3201,85.0,61.0,41.0
1784039911.769800,384.896,1980,3201,85.0,61.0,41.0
1784039911.779799,384.896,1980,3201,85.0,61.0,41.0
1784039911.789803,386.239,1980,3201,85.0,61.0,41.0
1784039911.799799,386.239,1980,3201,85.0,61.0,41.0
1784039911.809800,386.239,1980,3201,85.0,61.0,41.0
1784039911.819828,386.239,1980,3201,85.0,61.0,41.0
1784039911.829803,386.239,1980,3201,85.0,61.0,41.0
1784039911.839805,386.239,1980,3201,85.0,61.0,41.0
1784039911.849802,386.239,1980,3201,85.0,61.0,41.0
1784039911.859802,386.239,1980,3201,85.0,61.0,41.0
1784039911.869802,386.239,1980,3201,85.0,61.0,41.0
1784039911.879802,386.239,1980,3201,85.0,61.0,41.0
1784039911.889802,385.894,1980,3201,85.0,61.0,43.0
1784039911.899801,385.894,1980,3201,85.0,61.0,43.0
1784039911.909803,385.894,1980,3201,85.0,61.0,43.0
1784039911.919802,385.894,1980,3201,85.0,61.0,43.0
1784039911.929803,385.894,1980,3201,85.0,61.0,43.0
1784039911.939803,385.894,1980,3201,85.0,61.0,43.0
1784039911.949802,385.894,1980,3201,85.0,61.0,43.0
1784039911.959804,385.894,1980,3201,85.0,61.0,43.0
1784039911.969881,385.894,1980,3201,85.0,61.0,43.0
1784039911.979803,385.894,1980,3201,85.0,61.0,43.0
1784039911.989803,386.768,1980,3201,85.0,61.0,41.0
1784039912.000056,386.768,1980,3201,85.0,61.0,41.0
1784039912.009799,386.768,1980,3201,85.0,61.0,41.0
1784039912.019802,386.768,1980,3201,85.0,61.0,41.0
1784039912.029804,386.768,1980,3201,85.0,61.0,41.0
1784039912.172291,385.828,1980,3201,84.0,60.0,41.0
1784039912.172346,385.828,1980,3201,84.0,60.0,41.0
1784039912.182424,386.183,1980,3201,84.0,60.0,41.0
1784039912.192421,386.183,1980,3201,84.0,60.0,41.0
1784039912.202412,386.183,1980,3201,84.0,60.0,41.0
1784039912.212422,386.183,1980,3201,84.0,60.0,41.0
1784039912.222422,386.183,1980,3201,84.0,60.0,41.0
1784039912.232421,386.183,1980,3201,84.0,60.0,41.0
1784039912.242450,386.183,1980,3201,84.0,60.0,41.0
1784039912.252420,386.183,1980,3201,84.0,60.0,41.0
1784039912.262468,386.183,1980,3201,84.0,60.0,41.0
1784039912.272421,386.183,1980,3201,84.0,60.0,41.0
1784039912.282420,386.575,1980,3201,85.0,61.0,41.0
1784039912.292421,386.575,1980,3201,85.0,61.0,41.0
1784039912.302413,386.575,1980,3201,85.0,61.0,41.0
1784039912.312423,386.575,1980,3201,85.0,61.0,41.0
1784039912.322422,386.575,1980,3201,85.0,61.0,41.0
1784039912.332422,386.575,1980,3201,85.0,61.0,41.0
1784039912.342421,386.575,1980,3201,85.0,61.0,41.0
1784039912.352425,386.575,1980,3201,85.0,61.0,41.0
1784039912.362429,386.575,1980,3201,85.0,61.0,41.0
1784039912.372422,386.575,1980,3201,85.0,61.0,41.0
1784039912.382421,386.506,1980,3201,85.0,61.0,41.0
1784039912.392422,386.506,1980,3201,85.0,61.0,41.0
1784039912.402413,386.506,1980,3201,85.0,61.0,41.0
1784039912.412424,386.506,1980,3201,85.0,61.0,41.0
1784039912.422423,386.506,1980,3201,85.0,61.0,41.0
1784039912.432425,386.506,1980,3201,85.0,61.0,41.0
1784039912.442466,386.506,1980,3201,85.0,61.0,41.0
1784039912.452425,386.506,1980,3201,85.0,61.0,41.0
1784039912.462425,386.506,1980,3201,85.0,61.0,41.0
1784039912.472449,386.506,1980,3201,85.0,61.0,41.0
1784039912.482424,386.020,1980,3201,85.0,61.0,41.0
1784039912.492427,386.020,1980,3201,85.0,61.0,41.0
1784039912.502416,386.020,1980,3201,85.0,61.0,41.0
1784039912.512424,386.020,1980,3201,85.0,61.0,41.0
1784039912.522425,386.020,1980,3201,85.0,61.0,41.0
1784039912.532418,386.020,1980,3201,85.0,61.0,41.0
1784039912.542419,386.020,1980,3201,85.0,61.0,41.0
1784039912.552664,386.020,1980,3201,85.0,61.0,41.0
1784039912.562420,386.020,1980,3201,85.0,61.0,41.0
1784039912.572421,386.020,1980,3201,85.0,61.0,41.0
1784039912.582420,385.030,1980,3201,85.0,61.0,41.0
1784039912.592420,385.030,1980,3201,85.0,61.0,41.0
1784039912.602416,385.030,1980,3201,85.0,61.0,41.0
1784039912.612421,385.030,1980,3201,85.0,61.0,41.0
1784039912.622819,385.030,1980,3201,85.0,61.0,41.0
1784039912.632421,385.030,1980,3201,85.0,61.0,41.0
1784039912.642421,385.030,1980,3201,85.0,61.0,41.0
1784039912.652421,385.030,1980,3201,85.0,61.0,41.0
1784039912.662421,385.030,1980,3201,85.0,61.0,41.0
1784039912.672421,385.030,1980,3201,85.0,61.0,41.0
1784039912.682480,386.129,1980,3201,85.0,61.0,41.0
1784039912.692650,386.129,1980,3201,85.0,61.0,41.0
1784039912.702420,386.129,1980,3201,85.0,61.0,41.0
1784039912.712416,386.129,1980,3201,85.0,61.0,41.0
1784039912.722426,386.129,1980,3201,85.0,61.0,41.0
1784039912.732415,386.129,1980,3201,85.0,61.0,41.0
1784039912.742426,386.129,1980,3201,85.0,61.0,41.0
1784039912.752425,386.129,1980,3201,85.0,61.0,41.0
1784039912.762543,386.129,1980,3201,85.0,61.0,41.0
1784039912.772428,386.129,1980,3201,85.0,61.0,41.0
1784039912.782463,385.502,1980,3201,85.0,61.0,42.0
1784039912.792428,385.502,1980,3201,85.0,61.0,42.0
1784039912.802419,385.502,1980,3201,85.0,61.0,42.0
1784039912.812432,385.502,1980,3201,85.0,61.0,42.0
1784039912.822429,385.502,1980,3201,85.0,61.0,42.0
1784039912.832429,385.502,1980,3201,85.0,61.0,42.0
1784039912.842427,385.502,1980,3201,85.0,61.0,42.0
1784039912.852498,385.502,1980,3201,85.0,61.0,42.0
1784039912.862426,385.502,1980,3201,85.0,61.0,42.0
1784039912.872427,385.502,1980,3201,85.0,61.0,42.0
1784039912.882427,384.429,1980,3201,83.0,59.0,41.0
1784039912.892427,384.429,1980,3201,83.0,59.0,41.0
1784039912.902417,384.429,1980,3201,83.0,59.0,41.0
1784039912.912463,384.429,1980,3201,83.0,59.0,41.0
1784039912.922421,384.429,1980,3201,83.0,59.0,41.0
1784039912.932426,384.429,1980,3201,83.0,59.0,41.0
1784039912.942427,384.429,1980,3201,83.0,59.0,41.0
1784039912.952428,384.429,1980,3201,83.0,59.0,41.0
1784039912.962420,384.429,1980,3201,83.0,59.0,41.0
1784039912.972421,384.429,1980,3201,83.0,59.0,41.0
1784039912.982421,383.632,1980,3201,83.0,59.0,41.0
1784039912.992421,383.632,1980,3201,83.0,59.0,41.0
1784039913.002417,383.632,1980,3201,83.0,59.0,41.0
1784039913.012418,383.632,1980,3201,83.0,59.0,41.0
1784039913.022420,383.632,1980,3201,83.0,59.0,41.0
1784039913.032421,383.632,1980,3201,83.0,59.0,41.0
1784039913.042420,383.632,1980,3201,83.0,59.0,41.0
1784039913.052420,383.632,1980,3201,83.0,59.0,41.0
1784039913.062421,383.632,1980,3201,83.0,59.0,41.0
1784039913.072420,383.632,1980,3201,83.0,59.0,41.0
1784039913.082421,383.210,1980,3201,83.0,59.0,41.0
1784039913.092421,383.210,1980,3201,83.0,59.0,41.0
1784039913.102417,383.210,1980,3201,83.0,59.0,41.0
1784039913.112421,383.210,1980,3201,83.0,59.0,41.0
1784039913.122420,383.210,1980,3201,83.0,59.0,41.0
1784039913.132421,383.210,1980,3201,83.0,59.0,41.0
1784039913.142421,383.210,1980,3201,83.0,59.0,41.0
1784039913.152420,383.210,1980,3201,83.0,59.0,41.0
1784039913.162519,383.210,1980,3201,83.0,59.0,41.0
1784039913.172454,383.210,1980,3201,83.0,59.0,41.0
1784039913.182455,382.264,1980,3201,83.0,59.0,41.0
1784039913.192429,382.264,1980,3201,83.0,59.0,41.0
1784039913.202390,382.264,1980,3201,83.0,59.0,41.0
1784039913.212430,382.264,1980,3201,83.0,59.0,41.0
1784039913.222428,382.264,1980,3201,83.0,59.0,41.0
1784039913.232429,382.264,1980,3201,83.0,59.0,41.0
1784039913.242429,382.264,1980,3201,83.0,59.0,41.0
1784039913.252428,382.264,1980,3201,83.0,59.0,41.0
1784039913.262656,382.264,1980,3201,83.0,59.0,41.0
1784039913.272423,382.264,1980,3201,83.0,59.0,41.0
1784039913.282423,382.068,1980,3201,84.0,60.0,41.0
1784039913.292426,382.068,1980,3201,84.0,60.0,41.0
1784039913.302429,382.068,1980,3201,84.0,60.0,41.0
1784039913.312604,382.068,1980,3201,84.0,60.0,41.0
1784039913.322423,382.068,1980,3201,84.0,60.0,41.0
1784039913.332423,382.068,1980,3201,84.0,60.0,41.0
1784039913.342422,382.068,1980,3201,84.0,60.0,41.0
1784039913.352462,382.068,1980,3201,84.0,60.0,41.0
1784039913.362616,382.068,1980,3201,84.0,60.0,41.0
1784039913.372427,382.068,1980,3201,84.0,60.0,41.0
1784039913.382422,382.373,1980,3201,84.0,60.0,42.0
1784039913.392422,382.373,1980,3201,84.0,60.0,42.0
1784039913.402423,382.373,1980,3201,84.0,60.0,42.0
1784039913.412606,382.373,1980,3201,84.0,60.0,42.0
1784039913.422423,382.373,1980,3201,84.0,60.0,42.0
1784039913.432425,382.373,1980,3201,84.0,60.0,42.0
1784039913.442445,382.373,1980,3201,84.0,60.0,42.0
1784039913.452422,382.373,1980,3201,84.0,60.0,42.0
1784039913.462455,382.373,1980,3201,84.0,60.0,42.0
1784039913.472422,382.373,1980,3201,84.0,60.0,42.0
1784039913.482432,381.988,1980,3201,85.0,61.0,42.0
1784039913.492449,381.988,1980,3201,85.0,61.0,42.0
1784039913.502423,381.988,1980,3201,85.0,61.0,42.0
1784039913.512423,381.988,1980,3201,85.0,61.0,42.0
1784039913.522422,381.988,1980,3201,85.0,61.0,42.0
1784039913.532432,381.988,1980,3201,85.0,61.0,42.0
1784039913.542804,381.988,1980,3201,85.0,61.0,42.0
1784039913.552472,381.988,1980,3201,85.0,61.0,42.0
1784039913.562421,381.988,1980,3201,85.0,61.0,42.0
1784039913.572423,381.988,1980,3201,85.0,61.0,42.0
1784039913.582423,384.370,1980,3201,85.0,61.0,42.0
1784039913.592417,384.370,1980,3201,85.0,61.0,42.0
1784039913.602423,384.370,1980,3201,85.0,61.0,42.0
1784039913.612423,384.370,1980,3201,85.0,61.0,42.0
1784039913.622424,384.370,1980,3201,85.0,61.0,42.0
1784039913.632423,384.370,1980,3201,85.0,61.0,42.0
1784039913.642419,384.370,1980,3201,85.0,61.0,42.0
1784039913.652422,384.370,1980,3201,85.0,61.0,42.0
1784039913.662421,384.370,1980,3201,85.0,61.0,42.0
1784039913.672422,384.370,1980,3201,85.0,61.0,42.0
1784039913.682422,384.309,1980,3201,85.0,61.0,42.0
1784039913.692786,384.309,1980,3201,85.0,61.0,42.0
1784039913.702422,384.309,1980,3201,85.0,61.0,42.0
1784039913.712423,384.309,1980,3201,85.0,61.0,42.0
1784039913.722423,384.309,1980,3201,85.0,61.0,42.0
1784039913.732422,384.309,1980,3201,85.0,61.0,42.0
1784039913.742423,384.309,1980,3201,85.0,61.0,42.0
1784039913.752425,384.309,1980,3201,85.0,61.0,42.0
1784039913.762424,384.309,1980,3201,85.0,61.0,42.0
1784039913.772424,384.309,1980,3201,85.0,61.0,42.0
1784039913.782423,384.421,1980,3201,85.0,61.0,42.0
1784039913.792424,384.421,1980,3201,85.0,61.0,42.0
1784039913.802423,384.421,1980,3201,85.0,61.0,42.0
1784039913.812763,384.421,1980,3201,85.0,61.0,42.0
1784039913.822425,384.421,1980,3201,85.0,61.0,42.0
1784039913.832424,384.421,1980,3201,85.0,61.0,42.0
1784039913.842425,384.421,1980,3201,85.0,61.0,42.0
1784039913.852424,384.421,1980,3201,85.0,61.0,42.0
1784039913.862425,384.421,1980,3201,85.0,61.0,42.0
1784039913.872426,384.421,1980,3201,85.0,61.0,42.0
1784039913.882781,385.232,1980,3201,84.0,60.0,42.0
1784039913.892426,385.232,1980,3201,84.0,60.0,42.0
1784039913.902421,385.232,1980,3201,84.0,60.0,42.0
1784039913.912425,385.232,1980,3201,84.0,60.0,42.0
1784039913.922428,385.232,1980,3201,84.0,60.0,42.0
1784039913.932426,385.232,1980,3201,84.0,60.0,42.0
1784039913.942426,385.232,1980,3201,84.0,60.0,42.0
1784039913.952749,385.232,1980,3201,84.0,60.0,42.0
1784039913.962418,385.232,1980,3201,84.0,60.0,42.0
1784039913.972413,385.232,1980,3201,84.0,60.0,42.0
1784039913.982418,385.151,1980,3201,84.0,60.0,42.0
1784039913.992419,385.151,1980,3201,84.0,60.0,42.0
1784039914.002419,385.151,1980,3201,84.0,60.0,42.0
1784039914.012418,385.151,1980,3201,84.0,60.0,42.0
1784039914.022413,385.151,1980,3201,84.0,60.0,42.0
1784039914.032416,385.151,1980,3201,84.0,60.0,42.0
1784039914.042417,385.151,1980,3201,84.0,60.0,42.0
1784039914.052417,385.151,1980,3201,84.0,60.0,42.0
1784039914.062418,385.151,1980,3201,84.0,60.0,42.0
1784039914.072412,385.151,1980,3201,84.0,60.0,42.0
1784039914.082418,385.610,1980,3201,84.0,61.0,42.0
1784039914.092417,385.610,1980,3201,84.0,61.0,42.0
1784039914.102418,385.610,1980,3201,84.0,61.0,42.0
1784039914.112419,385.610,1980,3201,84.0,61.0,42.0
1784039914.122456,385.610,1980,3201,84.0,61.0,42.0
1784039914.132424,385.610,1980,3201,84.0,61.0,42.0
1784039914.142423,385.610,1980,3201,84.0,61.0,42.0
1784039914.152423,385.610,1980,3201,84.0,61.0,42.0
1784039914.162425,385.610,1980,3201,84.0,61.0,42.0
1784039914.172430,385.610,1980,3201,84.0,61.0,42.0
1784039914.182425,386.394,1980,3201,84.0,61.0,42.0
1784039914.192425,386.394,1980,3201,84.0,61.0,42.0
1784039914.202425,386.394,1980,3201,84.0,61.0,42.0
1784039914.212426,386.394,1980,3201,84.0,61.0,42.0
1784039914.222424,386.394,1980,3201,84.0,61.0,42.0
1784039914.232424,386.394,1980,3201,84.0,61.0,42.0
1784039914.242537,386.394,1980,3201,84.0,61.0,42.0
1784039914.252424,386.394,1980,3201,84.0,61.0,42.0
1784039914.262425,386.394,1980,3201,84.0,61.0,42.0
1784039914.272473,386.394,1980,3201,84.0,61.0,42.0
1784039914.282420,386.456,1980,3201,85.0,61.0,42.0
1784039914.292425,386.456,1980,3201,85.0,61.0,42.0
1784039914.302426,386.456,1980,3201,85.0,61.0,42.0
1784039914.312417,386.456,1980,3201,85.0,61.0,42.0
1784039914.322426,386.456,1980,3201,85.0,61.0,42.0
1784039914.332428,386.456,1980,3201,85.0,61.0,42.0
1784039914.342425,386.456,1980,3201,85.0,61.0,42.0
1784039914.352424,386.456,1980,3201,85.0,61.0,42.0
1784039914.362424,386.456,1980,3201,85.0,61.0,42.0
1784039914.372423,386.456,1980,3201,85.0,61.0,42.0
1784039914.382426,386.722,1980,3201,85.0,61.0,42.0
1784039914.392431,386.722,1980,3201,85.0,61.0,42.0
1784039914.402420,386.722,1980,3201,85.0,61.0,42.0
1784039914.412423,386.722,1980,3201,85.0,61.0,42.0
1784039914.422425,386.722,1980,3201,85.0,61.0,42.0
1784039914.432594,386.722,1980,3201,85.0,61.0,42.0
1784039914.442420,386.722,1980,3201,85.0,61.0,42.0
1784039914.452412,386.722,1980,3201,85.0,61.0,42.0
1784039914.462419,386.722,1980,3201,85.0,61.0,42.0
1784039914.472420,386.722,1980,3201,85.0,61.0,42.0
1784039914.482420,386.881,1980,3201,84.0,60.0,42.0
1784039914.492420,386.881,1980,3201,84.0,60.0,42.0
1784039914.502481,386.881,1980,3201,84.0,60.0,42.0
1784039914.512419,386.881,1980,3201,84.0,60.0,42.0
1784039914.522413,386.881,1980,3201,84.0,60.0,42.0
1784039914.532420,386.881,1980,3201,84.0,60.0,42.0
1784039914.542420,386.881,1980,3201,84.0,60.0,42.0
1784039914.552420,386.881,1980,3201,84.0,60.0,42.0
1784039914.562420,386.881,1980,3201,84.0,60.0,42.0
1784039914.572629,386.881,1980,3201,84.0,60.0,42.0
1784039914.582419,385.865,1980,3201,84.0,60.0,42.0
1784039914.592469,385.865,1980,3201,84.0,60.0,42.0
1784039914.602432,385.865,1980,3201,84.0,60.0,42.0
1784039914.612422,385.865,1980,3201,84.0,60.0,42.0
1784039914.622427,385.865,1980,3201,84.0,60.0,42.0
1784039914.632437,385.865,1980,3201,84.0,60.0,42.0
1784039914.642428,385.865,1980,3201,84.0,60.0,42.0
1784039914.652428,385.865,1980,3201,84.0,60.0,42.0
1784039914.662988,385.865,1980,3201,84.0,60.0,42.0
1784039914.672426,385.865,1980,3201,84.0,60.0,42.0
1784039914.682428,385.654,1980,3201,84.0,60.0,42.0
1784039914.692436,385.654,1980,3201,84.0,60.0,42.0
1784039914.702421,385.654,1980,3201,84.0,60.0,42.0
1784039914.712466,385.654,1980,3201,84.0,60.0,42.0
1784039914.722427,385.654,1980,3201,84.0,60.0,42.0
1784039914.732427,385.654,1980,3201,84.0,60.0,42.0
1784039914.742429,385.654,1980,3201,84.0,60.0,42.0
1784039914.752494,385.654,1980,3201,84.0,60.0,42.0
1784039914.762426,385.654,1980,3201,84.0,60.0,42.0
1784039914.772427,385.654,1980,3201,84.0,60.0,42.0
1784039914.782427,385.227,1980,3201,84.0,60.0,42.0
1784039914.792428,385.227,1980,3201,84.0,60.0,42.0
1784039914.802428,385.227,1980,3201,84.0,60.0,42.0
1784039914.812428,385.227,1980,3201,84.0,60.0,42.0
1784039914.822424,385.227,1980,3201,84.0,60.0,42.0
1784039914.832435,385.227,1980,3201,84.0,60.0,42.0
1784039914.842448,385.227,1980,3201,84.0,60.0,42.0
1784039914.852427,385.227,1980,3201,84.0,60.0,42.0
1784039914.862427,385.227,1980,3201,84.0,60.0,42.0
1784039914.872427,385.227,1980,3201,84.0,60.0,42.0
1784039914.882427,385.688,1980,3201,84.0,60.0,42.0
1784039914.892427,385.688,1980,3201,84.0,60.0,42.0
1784039914.902427,385.688,1980,3201,84.0,60.0,42.0
1784039914.912427,385.688,1980,3201,84.0,60.0,42.0
1784039914.922421,385.688,1980,3201,84.0,60.0,42.0
1784039914.932423,385.688,1980,3201,84.0,60.0,42.0
1784039914.942424,385.688,1980,3201,84.0,60.0,42.0
1784039914.952422,385.688,1980,3201,84.0,60.0,42.0
1784039914.962421,385.688,1980,3201,84.0,60.0,42.0
1784039914.972458,385.688,1980,3201,84.0,60.0,42.0
1784039914.982417,385.448,1980,3201,84.0,60.0,42.0
1784039914.992422,385.448,1980,3201,84.0,60.0,42.0
1784039915.002421,385.448,1980,3201,84.0,60.0,42.0
1784039915.012421,385.448,1980,3201,84.0,60.0,42.0
1784039915.022420,385.448,1980,3201,84.0,60.0,42.0
1784039915.032419,385.448,1980,3201,84.0,60.0,42.0
1784039915.042421,385.448,1980,3201,84.0,60.0,42.0
1784039915.052421,385.448,1980,3201,84.0,60.0,42.0
1784039915.062465,385.448,1980,3201,84.0,60.0,42.0
1784039915.072421,385.448,1980,3201,84.0,60.0,42.0
1784039915.082417,385.963,1980,3201,85.0,61.0,42.0
1784039915.092421,385.963,1980,3201,85.0,61.0,42.0
1784039915.102413,385.963,1980,3201,85.0,61.0,42.0
1784039915.112421,385.963,1980,3201,85.0,61.0,42.0
1784039915.122421,385.963,1980,3201,85.0,61.0,42.0
1784039915.132415,385.963,1980,3201,85.0,61.0,42.0
1784039915.142421,385.963,1980,3201,85.0,61.0,42.0
1784039915.152422,385.963,1980,3201,85.0,61.0,42.0
1784039915.162422,385.963,1980,3201,85.0,61.0,42.0
1784039915.172440,385.963,1980,3201,85.0,61.0,42.0
1784039915.182421,388.420,1980,3201,85.0,61.0,43.0
1784039915.192421,388.420,1980,3201,85.0,61.0,43.0
1784039915.202422,388.420,1980,3201,85.0,61.0,43.0
1784039915.212447,388.420,1980,3201,85.0,61.0,43.0
1784039915.222431,388.420,1980,3201,85.0,61.0,43.0
1784039915.232421,388.420,1980,3201,85.0,61.0,43.0
1784039915.242421,388.420,1980,3201,85.0,61.0,43.0
1784039915.252424,388.420,1980,3201,85.0,61.0,43.0
1784039915.262420,388.420,1980,3201,85.0,61.0,43.0
1784039915.272422,388.420,1980,3201,85.0,61.0,43.0
1784039915.282422,388.485,1980,3201,83.0,59.0,42.0
1784039915.292423,388.485,1980,3201,83.0,59.0,42.0
1784039915.302424,388.485,1980,3201,83.0,59.0,42.0
1784039915.312421,388.485,1980,3201,83.0,59.0,42.0
1784039915.322423,388.485,1980,3201,83.0,59.0,42.0
1784039915.332424,388.485,1980,3201,83.0,59.0,42.0
1784039915.342434,388.485,1980,3201,83.0,59.0,42.0
1784039915.352427,388.485,1980,3201,83.0,59.0,42.0
1784039915.362451,388.485,1980,3201,83.0,59.0,42.0
1784039915.372423,388.485,1980,3201,83.0,59.0,42.0
1784039915.382421,387.341,1980,3201,83.0,59.0,42.0
1784039915.392421,387.341,1980,3201,83.0,59.0,42.0
1784039915.402417,387.341,1980,3201,83.0,59.0,42.0
1784039915.412416,387.341,1980,3201,83.0,59.0,42.0
1784039915.422418,387.341,1980,3201,83.0,59.0,42.0
1784039915.432411,387.341,1980,3201,83.0,59.0,42.0
1784039915.442417,387.341,1980,3201,83.0,59.0,42.0
1784039915.452418,387.341,1980,3201,83.0,59.0,42.0
1784039915.462417,387.341,1980,3201,83.0,59.0,42.0
1784039915.472417,387.341,1980,3201,83.0,59.0,42.0
1784039915.482412,386.873,1980,3201,85.0,61.0,42.0
1784039915.492417,386.873,1980,3201,85.0,61.0,42.0
1784039915.502417,386.873,1980,3201,85.0,61.0,42.0
1784039915.512418,386.873,1980,3201,85.0,61.0,42.0
1784039915.522418,386.873,1980,3201,85.0,61.0,42.0
1784039915.532645,386.873,1980,3201,85.0,61.0,42.0
1784039915.542418,386.873,1980,3201,85.0,61.0,42.0
1784039915.552418,386.873,1980,3201,85.0,61.0,42.0
1784039915.562528,386.873,1980,3201,85.0,61.0,42.0
1784039915.572423,386.873,1980,3201,85.0,61.0,42.0
1784039915.582782,387.037,1980,3201,85.0,61.0,42.0
1784039915.592425,387.037,1980,3201,85.0,61.0,42.0
1784039915.602419,387.037,1980,3201,85.0,61.0,42.0
1784039915.612427,387.037,1980,3201,85.0,61.0,42.0
1784039915.622426,387.037,1980,3201,85.0,61.0,42.0
1784039915.632427,387.037,1980,3201,85.0,61.0,42.0
1784039915.642427,387.037,1980,3201,85.0,61.0,42.0
1784039915.652599,387.037,1980,3201,85.0,61.0,42.0
1784039915.662427,387.037,1980,3201,85.0,61.0,42.0
1784039915.672420,387.037,1980,3201,85.0,61.0,42.0
1784039915.682427,386.190,1980,3201,85.0,61.0,42.0
1784039915.692428,386.190,1980,3201,85.0,61.0,42.0
1784039915.702449,386.190,1980,3201,85.0,61.0,42.0
1784039915.712427,386.190,1980,3201,85.0,61.0,42.0
1784039915.722783,386.190,1980,3201,85.0,61.0,42.0
1784039915.732428,386.190,1980,3201,85.0,61.0,42.0
1784039915.742421,386.190,1980,3201,85.0,61.0,42.0
1784039915.752429,386.190,1980,3201,85.0,61.0,42.0
1784039915.762423,386.190,1980,3201,85.0,61.0,42.0
1784039915.772424,386.190,1980,3201,85.0,61.0,42.0
1784039915.782422,386.777,1980,3201,85.0,61.0,42.0
1784039915.792417,386.777,1980,3201,85.0,61.0,42.0
1784039915.802422,386.777,1980,3201,85.0,61.0,42.0
1784039915.812421,386.777,1980,3201,85.0,61.0,42.0
1784039915.822422,386.777,1980,3201,85.0,61.0,42.0
1784039915.832422,386.777,1980,3201,85.0,61.0,42.0
1784039915.842416,386.777,1980,3201,85.0,61.0,42.0
1784039915.852421,386.777,1980,3201,85.0,61.0,42.0
1784039915.862421,386.777,1980,3201,85.0,61.0,42.0
1784039915.872987,386.777,1980,3201,85.0,61.0,42.0
1784039915.882416,386.233,1980,3201,84.0,61.0,42.0
1784039915.892413,386.233,1980,3201,84.0,61.0,42.0
1784039915.902416,386.233,1980,3201,84.0,61.0,42.0
1784039915.912409,386.233,1980,3201,84.0,61.0,42.0
1784039915.922416,386.233,1980,3201,84.0,61.0,42.0
1784039915.932416,386.233,1980,3201,84.0,61.0,42.0
1784039915.942417,386.233,1980,3201,84.0,61.0,42.0
1784039915.952416,386.233,1980,3201,84.0,61.0,42.0
1784039915.962411,386.233,1980,3201,84.0,61.0,42.0
1784039915.972416,386.233,1980,3201,84.0,61.0,42.0
1784039915.982417,388.668,1980,3201,84.0,61.0,42.0
1784039915.992417,388.668,1980,3201,84.0,61.0,42.0
1784039916.002417,388.668,1980,3201,84.0,61.0,42.0
1784039916.012412,388.668,1980,3201,84.0,61.0,42.0
1784039916.022416,388.668,1980,3201,84.0,61.0,42.0
1784039916.032417,388.668,1980,3201,84.0,61.0,42.0
1784039916.042414,388.668,1980,3201,84.0,61.0,42.0
1784039916.052480,388.668,1980,3201,84.0,61.0,42.0
1784039916.062419,388.668,1980,3201,84.0,61.0,42.0
1784039916.072421,388.668,1980,3201,84.0,61.0,42.0
1784039916.082421,388.940,1980,3201,84.0,61.0,42.0
1784039916.092823,388.940,1980,3201,80.0,57.0,42.0
1784039916.102425,388.940,1980,3201,80.0,57.0,42.0
1784039916.112422,388.940,1980,3201,80.0,57.0,42.0
1784039916.122423,388.940,1980,3201,80.0,57.0,42.0
1784039916.132423,388.940,1980,3201,80.0,57.0,42.0
1784039916.142417,388.940,1980,3201,80.0,57.0,42.0
1784039916.152423,388.940,1980,3201,80.0,57.0,42.0
1784039916.162421,388.940,1980,3201,80.0,57.0,42.0
1784039916.172421,388.940,1980,3201,80.0,57.0,42.0
1784039916.182421,386.612,1980,3201,80.0,57.0,42.0
1784039916.192661,386.612,1980,3201,80.0,57.0,42.0
1784039916.202421,386.612,1980,3201,80.0,57.0,42.0
1784039916.212421,386.612,1980,3201,80.0,57.0,42.0
1784039916.222421,386.612,1980,3201,80.0,57.0,42.0
1784039916.232421,386.612,1980,3201,80.0,57.0,42.0
1784039916.242614,386.612,1980,3201,80.0,57.0,42.0
1784039916.252421,386.612,1980,3201,80.0,57.0,42.0
1784039916.262422,386.612,1980,3201,80.0,57.0,42.0
1784039916.272421,386.612,1980,3201,80.0,57.0,42.0
1784039916.282422,386.972,1980,3201,80.0,57.0,42.0
1784039916.292571,386.972,1980,3201,85.0,61.0,42.0
1784039916.302423,386.972,1980,3201,85.0,61.0,42.0
1784039916.312422,386.972,1980,3201,85.0,61.0,42.0
1784039916.322422,386.972,1980,3201,85.0,61.0,42.0
1784039916.332422,386.972,1980,3201,85.0,61.0,42.0
1784039916.342418,386.972,1980,3201,85.0,61.0,42.0
1784039916.352422,386.972,1980,3201,85.0,61.0,42.0
1784039916.362422,386.972,1980,3201,85.0,61.0,42.0
1784039916.372422,386.972,1980,3201,85.0,61.0,42.0
1784039916.382422,387.303,1980,3201,85.0,61.0,42.0
1784039916.392424,387.303,1980,3201,85.0,61.0,42.0
1784039916.402423,387.303,1980,3201,85.0,61.0,42.0
1784039916.412424,387.303,1980,3201,85.0,61.0,42.0
1784039916.422423,387.303,1980,3201,85.0,61.0,42.0
1784039916.432424,387.303,1980,3201,85.0,61.0,42.0
1784039916.442425,387.303,1980,3201,85.0,61.0,42.0
1784039916.452425,387.303,1980,3201,85.0,61.0,42.0
1784039916.462483,387.303,1980,3201,85.0,61.0,42.0
1784039916.472425,387.303,1980,3201,85.0,61.0,42.0
1784039916.482426,387.858,1980,3201,85.0,61.0,42.0
1784039916.492427,387.858,1980,3201,85.0,61.0,42.0
1784039916.502429,387.858,1980,3201,85.0,61.0,42.0
1784039916.512420,387.858,1980,3201,85.0,61.0,42.0
1784039916.522425,387.858,1980,3201,85.0,61.0,42.0
1784039916.532418,387.858,1980,3201,85.0,61.0,42.0
1784039916.542425,387.858,1980,3201,85.0,61.0,42.0
1784039916.552424,387.858,1980,3201,85.0,61.0,42.0
1784039916.562427,387.858,1980,3201,85.0,61.0,42.0
1784039916.572423,387.858,1980,3201,85.0,61.0,42.0
1784039916.582688,387.932,1980,3201,85.0,61.0,42.0
1784039916.592440,387.932,1980,3201,85.0,61.0,42.0
1784039916.602423,387.932,1980,3201,85.0,61.0,42.0
1784039916.612417,387.932,1980,3201,85.0,61.0,42.0
1784039916.622425,387.932,1980,3201,85.0,61.0,42.0
1784039916.632424,387.932,1980,3201,85.0,61.0,42.0
1784039916.642426,387.932,1980,3201,85.0,61.0,42.0
1784039916.652566,387.932,1980,3201,85.0,61.0,42.0
1784039916.662426,387.932,1980,3201,85.0,61.0,42.0
1784039916.672426,387.932,1980,3201,85.0,61.0,42.0
1784039916.682428,387.932,1980,3201,85.0,61.0,42.0
1784039916.692427,388.188,1980,3201,84.0,61.0,42.0
1784039916.702427,388.188,1980,3201,84.0,61.0,42.0
1784039916.712412,388.188,1980,3201,84.0,61.0,42.0
1784039916.722626,388.188,1980,3201,84.0,61.0,42.0
1784039916.732425,388.188,1980,3201,84.0,61.0,42.0
1784039916.742546,388.188,1980,3201,84.0,61.0,42.0
1784039916.752427,388.188,1980,3201,84.0,61.0,42.0
1784039916.762428,388.188,1980,3201,84.0,61.0,42.0
1784039916.772425,388.188,1980,3201,84.0,61.0,42.0
1784039916.782441,388.188,1980,3201,84.0,61.0,42.0
1784039916.792417,389.521,1980,3201,84.0,61.0,42.0
1784039916.802420,389.521,1980,3201,84.0,61.0,42.0
1784039916.812418,389.521,1980,3201,84.0,61.0,42.0
1784039916.822427,389.521,1980,3201,84.0,61.0,42.0
1784039916.832428,389.521,1980,3201,84.0,61.0,42.0
1784039916.842427,389.521,1980,3201,84.0,61.0,42.0
1784039916.852422,389.521,1980,3201,84.0,61.0,42.0
1784039916.862413,389.521,1980,3201,84.0,61.0,42.0
1784039916.872422,389.521,1980,3201,84.0,61.0,42.0
1784039916.882414,389.521,1980,3201,84.0,61.0,42.0
1784039916.892424,389.912,1980,3201,81.0,57.0,42.0
1784039916.902415,389.912,1980,3201,81.0,57.0,42.0
1784039916.912421,389.912,1980,3201,81.0,57.0,42.0
1784039916.922421,389.912,1980,3201,81.0,57.0,42.0
1784039916.932421,389.912,1980,3201,81.0,57.0,42.0
1784039916.942421,389.912,1980,3201,81.0,57.0,42.0
1784039916.952412,389.912,1980,3201,81.0,57.0,42.0
1784039916.962417,389.912,1980,3201,81.0,57.0,42.0
1784039916.972418,389.912,1980,3201,81.0,57.0,42.0
1784039916.982476,389.912,1980,3201,81.0,57.0,42.0
1784039916.992425,388.792,1980,3201,81.0,57.0,42.0
1784039917.002419,388.792,1980,3201,81.0,57.0,42.0
1784039917.012446,388.792,1980,3201,81.0,57.0,42.0
1784039917.022419,388.792,1980,3201,81.0,57.0,42.0
1784039917.032425,388.792,1980,3201,81.0,57.0,42.0
1784039917.042423,388.792,1980,3201,81.0,57.0,42.0
1784039917.052594,388.792,1980,3201,81.0,57.0,42.0
1784039917.062424,388.792,1980,3201,81.0,57.0,42.0
1784039917.072421,388.792,1980,3201,81.0,57.0,42.0
1784039917.082423,388.792,1980,3201,81.0,57.0,42.0
1784039917.092424,388.433,1980,3201,84.0,60.0,42.0
1784039917.102420,388.433,1980,3201,84.0,60.0,42.0
1784039917.112438,388.433,1980,3201,84.0,60.0,42.0
1784039917.122418,388.433,1980,3201,84.0,60.0,42.0
1784039917.132445,388.433,1980,3201,84.0,60.0,42.0
1784039917.142423,388.433,1980,3201,84.0,60.0,42.0
1784039917.152420,388.433,1980,3201,84.0,60.0,42.0
1784039917.162422,388.433,1980,3201,84.0,60.0,42.0
1784039917.172421,388.433,1980,3201,84.0,60.0,42.0
1784039917.182421,388.433,1980,3201,84.0,60.0,42.0
1784039917.192422,388.395,1980,3201,84.0,60.0,42.0
1784039917.202421,388.395,1980,3201,84.0,60.0,42.0
1784039917.212424,388.395,1980,3201,84.0,60.0,42.0
1784039917.222422,388.395,1980,3201,84.0,60.0,42.0
1784039917.232490,388.395,1980,3201,84.0,60.0,42.0
1784039917.242442,388.395,1980,3201,84.0,60.0,42.0
1784039917.252418,388.395,1980,3201,84.0,60.0,42.0
1784039917.262422,388.395,1980,3201,84.0,60.0,42.0
1784039917.272422,388.395,1980,3201,84.0,60.0,42.0
1784039917.282467,388.395,1980,3201,84.0,60.0,42.0
1784039917.292443,387.865,1980,3201,85.0,61.0,42.0
1784039917.302418,387.865,1980,3201,85.0,61.0,42.0
1784039917.312423,387.865,1980,3201,85.0,61.0,42.0
1784039917.322424,387.865,1980,3201,85.0,61.0,42.0
1784039917.332422,387.865,1980,3201,85.0,61.0,42.0
1784039917.342422,387.865,1980,3201,85.0,61.0,42.0
1784039917.352417,387.865,1980,3201,85.0,61.0,42.0
1784039917.362422,387.865,1980,3201,85.0,61.0,42.0
1784039917.372422,387.865,1980,3201,85.0,61.0,42.0
1784039917.382423,387.865,1980,3199,85.0,61.0,42.0
1784039917.392444,388.260,1980,3201,85.0,61.0,42.0
1784039917.402421,388.260,1980,3201,85.0,61.0,42.0
1784039917.412421,388.260,1980,3201,85.0,61.0,42.0
1784039917.422425,388.260,1980,3201,85.0,61.0,42.0
1784039917.432440,388.260,1980,3201,85.0,61.0,42.0
1784039917.442424,388.260,1980,3201,85.0,61.0,42.0
1784039917.452417,388.260,1980,3201,85.0,61.0,42.0
1784039917.462419,388.260,1980,3201,85.0,61.0,42.0
1784039917.472418,388.260,1980,3201,85.0,61.0,42.0
1784039917.482419,388.260,1980,3201,85.0,61.0,42.0
1784039917.492422,387.341,1980,3201,85.0,61.0,42.0
1784039917.502429,387.341,1980,3201,85.0,61.0,42.0
1784039917.512425,387.341,1980,3201,85.0,61.0,42.0
1784039917.522429,387.341,1980,3201,85.0,61.0,42.0
1784039917.532434,387.341,1980,3201,85.0,61.0,42.0
1784039917.542427,387.341,1980,3201,85.0,61.0,42.0
1784039917.552425,387.341,1980,3201,85.0,61.0,42.0
1784039917.562420,387.341,1980,3201,85.0,61.0,42.0
1784039917.572428,387.341,1980,3201,85.0,61.0,42.0
1784039917.582428,387.341,1980,3201,85.0,61.0,42.0
1784039917.592431,386.700,1980,3201,85.0,61.0,42.0
1784039917.602428,386.700,1980,3201,85.0,61.0,42.0
1784039917.612428,386.700,1980,3201,85.0,61.0,42.0
1784039917.622427,386.700,1980,3201,85.0,61.0,42.0
1784039917.632427,386.700,1980,3201,85.0,61.0,42.0
1784039917.642429,386.700,1980,3201,85.0,61.0,42.0
1784039917.652426,386.700,1980,3201,85.0,61.0,42.0
1784039917.662426,386.700,1980,3201,85.0,61.0,42.0
1784039917.672471,386.700,1980,3201,85.0,61.0,42.0
1784039917.682424,386.700,1980,3201,85.0,61.0,42.0
1784039917.692641,387.912,1980,3201,82.0,58.0,42.0
1784039917.702432,387.912,1980,3201,82.0,58.0,42.0
1784039917.712428,387.912,1980,3201,82.0,58.0,42.0
1784039917.722425,387.912,1980,3201,82.0,58.0,42.0
1784039917.732424,387.912,1980,3201,82.0,58.0,42.0
1784039917.742876,387.912,1980,3201,82.0,58.0,42.0
1784039917.752422,387.912,1980,3201,82.0,58.0,42.0
1784039917.762421,387.912,1980,3201,82.0,58.0,42.0
1784039917.772422,387.912,1980,3201,82.0,58.0,42.0
1784039917.782424,387.912,1980,3201,82.0,58.0,42.0
1784039917.792449,386.574,1980,3201,82.0,58.0,42.0
1784039917.802423,386.574,1980,3201,82.0,58.0,42.0
1784039917.812428,386.574,1980,3201,82.0,58.0,42.0
1784039917.822423,386.574,1980,3201,82.0,58.0,42.0
1784039917.832425,386.574,1980,3201,82.0,58.0,42.0
1784039917.842425,386.574,1980,3201,82.0,58.0,42.0
1784039917.852426,386.574,1980,3201,82.0,58.0,42.0
1784039917.862427,386.574,1980,3201,82.0,58.0,42.0
1784039917.872426,386.574,1980,3201,82.0,58.0,42.0
1784039917.882448,386.574,1980,3201,82.0,58.0,42.0
1784039917.892426,386.212,1980,3201,85.0,61.0,42.0
1784039917.902426,386.212,1980,3201,85.0,61.0,42.0
1784039917.912615,386.212,1980,3201,85.0,61.0,42.0
1784039917.922426,386.212,1980,3201,85.0,61.0,42.0
1784039917.932426,386.212,1980,3201,85.0,61.0,42.0
1784039917.942426,386.212,1980,3201,85.0,61.0,42.0
1784039917.952426,386.212,1980,3201,85.0,61.0,42.0
1784039917.962425,386.212,1980,3201,85.0,61.0,42.0
1784039917.972425,386.212,1980,3201,85.0,61.0,42.0
1784039917.982430,386.212,1980,3201,85.0,61.0,42.0
1784039917.992425,385.817,1980,3201,85.0,61.0,42.0
1784039918.002415,385.817,1980,3201,85.0,61.0,42.0
1784039918.012426,385.817,1980,3201,85.0,61.0,42.0
1784039918.022417,385.817,1980,3201,85.0,61.0,42.0
1784039918.032519,385.817,1980,3201,85.0,61.0,42.0
1784039918.042429,385.817,1980,3201,85.0,61.0,42.0
1784039918.052420,385.817,1980,3201,85.0,61.0,42.0
1784039918.062424,385.817,1980,3201,85.0,61.0,42.0
1784039918.072424,385.817,1980,3201,85.0,61.0,42.0
1784039918.082425,385.817,1980,3201,85.0,61.0,42.0
1784039918.092426,384.624,1980,3201,84.0,60.0,42.0
1784039918.102425,384.624,1980,3201,84.0,60.0,42.0
1784039918.112425,384.624,1980,3201,84.0,60.0,42.0
1784039918.122444,384.624,1980,3201,84.0,60.0,42.0
1784039918.132424,384.624,1980,3201,84.0,60.0,42.0
1784039918.142424,384.624,1980,3201,84.0,60.0,42.0
1784039918.152426,384.624,1980,3201,84.0,60.0,42.0
1784039918.162426,384.624,1980,3201,84.0,60.0,42.0
1784039918.172579,384.624,1980,3201,84.0,60.0,42.0
1784039918.182419,384.624,1980,3201,84.0,60.0,42.0
1784039918.192415,384.524,1980,3201,84.0,60.0,42.0
1784039918.202420,384.524,1980,3201,84.0,60.0,42.0
1784039918.212415,384.524,1980,3201,84.0,60.0,42.0
1784039918.222419,384.524,1980,3201,84.0,60.0,42.0
1784039918.232421,384.524,1980,3201,84.0,60.0,42.0
1784039918.242463,384.524,1980,3201,84.0,60.0,42.0
1784039918.252420,384.524,1980,3201,84.0,60.0,42.0
1784039918.262413,384.524,1980,3201,84.0,60.0,42.0
1784039918.272418,384.524,1980,3201,84.0,60.0,42.0
1784039918.282421,384.524,1980,3201,84.0,60.0,42.0
1784039918.292420,384.732,1980,3201,84.0,60.0,42.0
1784039918.302421,384.732,1980,3201,84.0,60.0,42.0
1784039918.312420,384.732,1980,3201,84.0,60.0,42.0
1784039918.322421,384.732,1980,3201,84.0,60.0,42.0
1784039918.332493,384.732,1980,3201,84.0,60.0,42.0
1784039918.342419,384.732,1980,3201,84.0,60.0,42.0
1784039918.352420,384.732,1980,3201,84.0,60.0,42.0
1784039918.362508,384.732,1980,3201,84.0,60.0,42.0
1784039918.372416,384.732,1980,3201,84.0,60.0,42.0
1784039918.382427,384.732,1980,3201,84.0,60.0,42.0
1784039918.392421,383.680,1980,3201,84.0,60.0,42.0
1784039918.402417,383.680,1980,3201,84.0,60.0,42.0
1784039918.412427,383.680,1980,3201,84.0,60.0,42.0
1784039918.422416,383.680,1980,3201,84.0,60.0,42.0
1784039918.432427,383.680,1980,3201,84.0,60.0,42.0
1784039918.442416,383.680,1980,3201,84.0,60.0,42.0
1784039918.452523,383.680,1980,3201,84.0,60.0,42.0
1784039918.462428,383.680,1980,3201,84.0,60.0,42.0
1784039918.472418,383.680,1980,3201,84.0,60.0,42.0
1784039918.482425,383.680,1980,3201,84.0,60.0,42.0
1784039918.492427,384.103,1980,3201,80.0,57.0,43.0
1784039918.502426,384.103,1980,3201,80.0,57.0,43.0
1784039918.512427,384.103,1980,3201,80.0,57.0,43.0
1784039918.522461,384.103,1980,3201,80.0,57.0,43.0
1784039918.532427,384.103,1980,3201,80.0,57.0,43.0
1784039918.542468,384.103,1980,3201,80.0,57.0,43.0
1784039918.552426,384.103,1980,3201,80.0,57.0,43.0
1784039918.562427,384.103,1980,3201,80.0,57.0,43.0
1784039918.572431,384.103,1980,3201,80.0,57.0,43.0
1784039918.582428,384.103,1980,3201,80.0,57.0,43.0
1784039918.592429,384.098,1980,3201,80.0,57.0,42.0
1784039918.602428,384.098,1980,3201,80.0,57.0,42.0
1784039918.612477,384.098,1980,3201,80.0,57.0,42.0
1784039918.622427,384.098,1980,3201,80.0,57.0,42.0
1784039918.632422,384.098,1980,3201,80.0,57.0,42.0
1784039918.642422,384.098,1980,3201,80.0,57.0,42.0
1784039918.652430,384.098,1980,3201,80.0,57.0,42.0
1784039918.662578,384.098,1980,3201,80.0,57.0,42.0
1784039918.672420,384.098,1980,3201,80.0,57.0,42.0
1784039918.682421,384.098,1980,3201,80.0,57.0,42.0
1784039918.692421,383.123,1980,3201,83.0,59.0,42.0
1784039918.702421,383.123,1980,3201,83.0,59.0,42.0
1784039918.712418,383.123,1980,3201,83.0,59.0,42.0
1784039918.722420,383.123,1980,3201,83.0,59.0,42.0
1784039918.732425,383.123,1980,3201,83.0,59.0,42.0
1784039918.742422,383.123,1980,3201,83.0,59.0,42.0
1784039918.752421,383.123,1980,3201,83.0,59.0,42.0
1784039918.762410,383.123,1980,3201,83.0,59.0,42.0
1784039918.772416,383.123,1980,3201,83.0,59.0,42.0
1784039918.782417,383.123,1980,3201,83.0,59.0,42.0
1784039918.792417,383.245,1980,3201,83.0,59.0,42.0
1784039918.802416,383.245,1980,3201,83.0,59.0,42.0
1784039918.812414,383.245,1980,3201,83.0,59.0,42.0
1784039918.822416,383.245,1980,3201,83.0,59.0,42.0
1784039918.832417,383.245,1980,3201,83.0,59.0,42.0
1784039918.842417,383.245,1980,3201,83.0,59.0,42.0
1784039918.852417,383.245,1980,3201,83.0,59.0,42.0
1784039918.862412,383.245,1980,3201,83.0,59.0,42.0
1784039918.872417,383.245,1980,3201,83.0,59.0,42.0
1784039918.882417,383.245,1980,3201,83.0,59.0,42.0
1784039918.892609,383.196,1980,3201,86.0,61.0,42.0
1784039918.902416,383.196,1980,3201,86.0,61.0,42.0
1784039918.912417,383.196,1980,3201,86.0,61.0,42.0
1784039918.922417,383.196,1980,3201,86.0,61.0,42.0
1784039918.932518,383.196,1980,3201,86.0,61.0,42.0
1784039918.942697,383.196,1980,3201,86.0,61.0,42.0
1784039918.952419,383.196,1980,3201,86.0,61.0,42.0
1784039918.962414,383.196,1980,3201,86.0,61.0,42.0
1784039918.972425,383.196,1980,3201,86.0,61.0,42.0
1784039918.982421,383.196,1980,3201,86.0,61.0,42.0
1784039918.992414,384.116,1980,3201,86.0,61.0,42.0
1784039919.002422,384.116,1980,3201,86.0,61.0,42.0
1784039919.012414,384.116,1980,3201,86.0,61.0,42.0
1784039919.022422,384.116,1980,3201,86.0,61.0,42.0
1784039919.032413,384.116,1980,3201,86.0,61.0,42.0
1784039919.042522,384.116,1980,3201,86.0,61.0,42.0
1784039919.052425,384.116,1980,3201,86.0,61.0,42.0
1784039919.062424,384.116,1980,3201,86.0,61.0,42.0
1784039919.072425,384.116,1980,3201,86.0,61.0,42.0
1784039919.082423,384.116,1980,3201,86.0,61.0,42.0
1784039919.092422,384.702,1980,3201,85.0,61.0,42.0
1784039919.102445,384.702,1980,3201,85.0,61.0,42.0
1784039919.112419,384.702,1980,3201,85.0,61.0,42.0
1784039919.122422,384.702,1980,3201,85.0,61.0,42.0
1784039919.132421,384.702,1980,3201,85.0,61.0,42.0
1784039919.142421,384.702,1980,3201,85.0,61.0,42.0
1784039919.152421,384.702,1980,3201,85.0,61.0,42.0
1784039919.162422,384.702,1980,3201,85.0,61.0,42.0
1784039919.172434,384.702,1980,3201,85.0,61.0,42.0
1784039919.182422,384.702,1980,3201,85.0,61.0,42.0
1784039919.192453,384.995,1980,3201,85.0,61.0,42.0
1784039919.202511,384.995,1980,3201,85.0,61.0,42.0
1784039919.212423,384.995,1980,3201,85.0,61.0,42.0
1784039919.222425,384.995,1980,3201,85.0,61.0,42.0
1784039919.232422,384.995,1980,3201,85.0,61.0,42.0
1784039919.242423,384.995,1980,3201,85.0,61.0,42.0
1784039919.252422,384.995,1980,3201,85.0,61.0,42.0
1784039919.262423,384.995,1980,3201,85.0,61.0,42.0
1784039919.272425,384.995,1980,3201,85.0,61.0,42.0
1784039919.282423,384.995,1980,3201,85.0,61.0,42.0
1784039919.292485,385.194,1980,3201,83.0,60.0,43.0
1784039919.302422,385.194,1980,3201,83.0,60.0,43.0
1784039919.312419,385.194,1980,3201,83.0,60.0,43.0
1784039919.322421,385.194,1980,3201,83.0,60.0,43.0
1784039919.332421,385.194,1980,3201,83.0,60.0,43.0
1784039919.342424,385.194,1980,3201,83.0,60.0,43.0
1784039919.352422,385.194,1980,3201,83.0,60.0,43.0
1784039919.362416,385.194,1980,3201,83.0,60.0,43.0
1784039919.372422,385.194,1980,3201,83.0,60.0,43.0
1784039919.382423,385.194,1980,3201,83.0,60.0,43.0
1784039919.392423,386.314,1980,3201,83.0,60.0,42.0
1784039919.402424,386.314,1980,3201,83.0,60.0,42.0
1784039919.412424,386.314,1980,3201,83.0,60.0,42.0
1784039919.422424,386.314,1980,3201,83.0,60.0,42.0
1784039919.432425,386.314,1980,3201,83.0,60.0,42.0
1784039919.442425,386.314,1980,3201,83.0,60.0,42.0
1784039919.452418,386.314,1980,3201,83.0,60.0,42.0
1784039919.462426,386.314,1980,3201,83.0,60.0,42.0
1784039919.472431,386.314,1980,3201,83.0,60.0,42.0
1784039919.482422,386.314,1980,3201,83.0,60.0,42.0
1784039919.492422,384.356,1980,3201,83.0,59.0,42.0
1784039919.502495,384.356,1980,3201,83.0,59.0,42.0
1784039919.512421,384.356,1980,3201,83.0,59.0,42.0
1784039919.522421,384.356,1980,3201,83.0,59.0,42.0
1784039919.532421,384.356,1980,3201,83.0,59.0,42.0
1784039919.542421,384.356,1980,3201,83.0,59.0,42.0
1784039919.552462,384.356,1980,3201,83.0,59.0,42.0
1784039919.562420,384.356,1980,3201,83.0,59.0,42.0
1784039919.572421,384.356,1980,3201,83.0,59.0,42.0
1784039919.582422,384.356,1980,3201,83.0,59.0,42.0
1784039919.592420,385.488,1980,3201,83.0,59.0,42.0
1784039919.602420,385.488,1980,3201,83.0,59.0,42.0
1784039919.612417,385.488,1980,3201,83.0,59.0,42.0
1784039919.622422,385.488,1980,3201,83.0,59.0,42.0
1784039919.632423,385.488,1980,3201,83.0,59.0,42.0
1784039919.642420,385.488,1980,3201,83.0,59.0,42.0
1784039919.652415,385.488,1980,3201,83.0,59.0,42.0
1784039919.662416,385.488,1980,3201,83.0,59.0,42.0
1784039919.672418,385.488,1980,3201,83.0,59.0,42.0
1784039919.682416,385.488,1980,3201,83.0,59.0,42.0
1784039919.692416,386.186,1980,3201,85.0,61.0,42.0
1784039919.702410,386.186,1980,3201,85.0,61.0,42.0
1784039919.712416,386.186,1980,3201,85.0,61.0,42.0
1784039919.722417,386.186,1980,3201,85.0,61.0,42.0
1784039919.732417,386.186,1980,3201,85.0,61.0,42.0
1784039919.742416,386.186,1980,3201,85.0,61.0,42.0
1784039919.752410,386.186,1980,3201,85.0,61.0,42.0
1784039919.762416,386.186,1980,3201,85.0,61.0,42.0
1784039919.772417,386.186,1980,3201,85.0,61.0,42.0
1784039919.782619,386.186,1980,3201,85.0,61.0,42.0
1784039919.792416,385.950,1980,3201,85.0,61.0,42.0
1784039919.802416,385.950,1980,3201,85.0,61.0,42.0
1784039919.812417,385.950,1980,3201,85.0,61.0,42.0
1784039919.822417,385.950,1980,3201,85.0,61.0,42.0
1784039919.832413,385.950,1980,3201,85.0,61.0,42.0
1784039919.842515,385.950,1980,3201,85.0,61.0,42.0
1784039919.852419,385.950,1980,3201,85.0,61.0,42.0
1784039919.862425,385.950,1980,3201,85.0,61.0,42.0
1784039919.872422,385.950,1980,3201,85.0,61.0,42.0
1784039919.882442,385.950,1980,3201,85.0,61.0,42.0
1784039919.892423,386.202,1980,3201,85.0,61.0,42.0
1784039919.902417,386.202,1980,3201,85.0,61.0,42.0
1784039919.912421,386.202,1980,3201,85.0,61.0,42.0
1784039919.922437,386.202,1980,3201,85.0,61.0,42.0
1784039919.932422,386.202,1980,3201,85.0,61.0,42.0
1784039919.942420,386.202,1980,3201,85.0,61.0,42.0
1784039919.952422,386.202,1980,3201,85.0,61.0,42.0
1784039919.962424,386.202,1980,3201,85.0,61.0,42.0
1784039919.972422,386.202,1980,3201,85.0,61.0,42.0
1784039919.982422,386.202,1980,3201,85.0,61.0,42.0
1784039919.992422,386.306,1980,3201,85.0,61.0,42.0
1784039920.002424,386.306,1980,3201,85.0,61.0,42.0
1784039920.012423,386.306,1980,3201,85.0,61.0,42.0
1784039920.022450,386.306,1980,3201,85.0,61.0,42.0
1784039920.032702,386.306,1980,3201,85.0,61.0,42.0
1784039920.042422,386.306,1980,3201,85.0,61.0,42.0
1784039920.052422,386.306,1980,3201,85.0,61.0,42.0
1784039920.062436,386.306,1980,3201,85.0,61.0,42.0
1784039920.072460,386.306,1980,3201,85.0,61.0,42.0
1784039920.082423,386.306,1980,3201,85.0,61.0,42.0
1784039920.092422,389.832,1980,3201,85.0,61.0,44.0
1784039920.102422,389.832,1980,3201,85.0,61.0,44.0
1784039920.112422,389.832,1980,3201,85.0,61.0,44.0
1784039920.122422,389.832,1980,3201,85.0,61.0,44.0
1784039920.132418,389.832,1980,3201,85.0,61.0,44.0
1784039920.142423,389.832,1980,3201,85.0,61.0,44.0
1784039920.152423,389.832,1980,3201,85.0,61.0,44.0
1784039920.162421,389.832,1980,3201,85.0,61.0,44.0
1784039920.172462,389.832,1980,3201,85.0,61.0,44.0
1784039920.182422,389.832,1980,3201,85.0,61.0,44.0
1784039920.192422,390.054,1980,3201,85.0,61.0,43.0
1784039920.202422,390.054,1980,3201,85.0,61.0,43.0
1784039920.212438,390.054,1980,3201,85.0,61.0,43.0
1784039920.222422,390.054,1980,3201,85.0,61.0,43.0
1784039920.232659,390.054,1980,3201,85.0,61.0,43.0
1784039920.242423,390.054,1980,3201,85.0,61.0,43.0
1784039920.252424,390.054,1980,3201,85.0,61.0,43.0
1784039920.262420,390.054,1980,3201,85.0,61.0,43.0
1784039920.272422,390.054,1980,3201,85.0,61.0,43.0
1784039920.282417,390.054,1980,3201,85.0,61.0,43.0
1784039920.292423,389.850,1980,3201,85.0,61.0,43.0
1784039920.302425,389.850,1980,3201,85.0,61.0,43.0
1784039920.312423,389.850,1980,3201,85.0,61.0,43.0
1784039920.322421,389.850,1980,3201,85.0,61.0,43.0
1784039920.332416,389.850,1980,3201,85.0,61.0,43.0
1784039920.342421,389.850,1980,3201,85.0,61.0,43.0
1784039920.352421,389.850,1980,3201,85.0,61.0,43.0
1784039920.362422,389.850,1980,3201,85.0,61.0,43.0
1784039920.372420,389.850,1980,3201,85.0,61.0,43.0
1784039920.382422,389.850,1980,3201,85.0,61.0,43.0
1784039920.392420,389.481,1980,3201,85.0,61.0,42.0
1784039920.402421,389.481,1980,3201,85.0,61.0,42.0
1784039920.412421,389.481,1980,3201,85.0,61.0,42.0
1784039920.422420,389.481,1980,3201,85.0,61.0,42.0
1784039920.432420,389.481,1980,3201,85.0,61.0,42.0
1784039920.442418,389.481,1980,3201,85.0,61.0,42.0
1784039920.452423,389.481,1980,3201,85.0,61.0,42.0
1784039920.462422,389.481,1980,3201,85.0,61.0,42.0
1784039920.472422,389.481,1980,3201,85.0,61.0,42.0
1784039920.482423,389.481,1980,3201,85.0,61.0,42.0
1784039920.492531,391.049,1980,3201,82.0,59.0,42.0
1784039920.502423,391.049,1980,3201,82.0,59.0,42.0
1784039920.512419,391.049,1980,3201,82.0,59.0,42.0
1784039920.522423,391.049,1980,3201,82.0,59.0,42.0
1784039920.532421,391.049,1980,3201,82.0,59.0,42.0
1784039920.542424,391.049,1980,3201,82.0,59.0,42.0
1784039920.552423,391.049,1980,3201,82.0,59.0,42.0
1784039920.562421,391.049,1980,3201,82.0,59.0,42.0
1784039920.572424,391.049,1980,3201,82.0,59.0,42.0
1784039920.582421,391.049,1980,3201,82.0,59.0,42.0
1784039920.592424,391.142,1980,3201,82.0,59.0,42.0
1784039920.602424,391.142,1980,3201,82.0,59.0,42.0
1784039920.612424,391.142,1980,3201,82.0,59.0,42.0
1784039920.622425,391.142,1980,3201,82.0,59.0,42.0
1784039920.632600,391.142,1980,3201,82.0,59.0,42.0
1784039920.642427,391.142,1980,3201,82.0,59.0,42.0
1784039920.652421,391.142,1980,3201,82.0,59.0,42.0
1784039920.662426,391.142,1980,3201,82.0,59.0,42.0
1784039920.672421,391.142,1980,3201,82.0,59.0,42.0
1784039920.682420,391.142,1980,3201,82.0,59.0,42.0
1784039920.692420,390.377,1980,3201,84.0,60.0,42.0
1784039920.702418,390.377,1980,3201,84.0,60.0,42.0
1784039920.712421,390.377,1980,3201,84.0,60.0,42.0
1784039920.722416,390.377,1980,3201,84.0,60.0,42.0
1784039920.732420,390.377,1980,3201,84.0,60.0,42.0
1784039920.742420,390.377,1980,3201,84.0,60.0,42.0
1784039920.752418,390.377,1980,3201,84.0,60.0,42.0
1784039920.762421,390.377,1980,3201,84.0,60.0,42.0
1784039920.772422,390.377,1980,3201,84.0,60.0,42.0
1784039920.782420,390.377,1980,3201,84.0,60.0,42.0
1784039920.792422,390.425,1980,3201,84.0,60.0,42.0
1784039920.802418,390.425,1980,3201,84.0,60.0,42.0
1784039920.812420,390.425,1980,3201,84.0,60.0,42.0
1784039920.822418,390.425,1980,3201,84.0,60.0,42.0
1784039920.832419,390.425,1980,3201,84.0,60.0,42.0
1784039920.842556,390.425,1980,3201,84.0,60.0,42.0
1784039920.852418,390.425,1980,3201,84.0,60.0,42.0
1784039920.862420,390.425,1980,3201,84.0,60.0,42.0
1784039920.872419,390.425,1980,3201,84.0,60.0,42.0
1784039920.882413,390.425,1980,3201,84.0,60.0,42.0
1784039920.892422,392.735,1980,3201,85.0,61.0,43.0
1784039920.902418,392.735,1980,3201,85.0,61.0,43.0
1784039920.912421,392.735,1980,3201,85.0,61.0,43.0
1784039920.922420,392.735,1980,3201,85.0,61.0,43.0
1784039920.932413,392.735,1980,3201,85.0,61.0,43.0
1784039920.942420,392.735,1980,3201,85.0,61.0,43.0
1784039920.952417,392.735,1980,3201,85.0,61.0,43.0
1784039920.962421,392.735,1980,3201,85.0,61.0,43.0
1784039920.972420,392.735,1980,3201,85.0,61.0,43.0
1784039920.982648,392.735,1980,3201,85.0,61.0,43.0
1784039920.992421,392.398,1980,3201,85.0,61.0,43.0
1784039921.002417,392.398,1980,3201,85.0,61.0,43.0
1784039921.012419,392.398,1980,3201,85.0,61.0,43.0
1784039921.022419,392.398,1980,3201,85.0,61.0,43.0
1784039921.032548,392.398,1980,3201,85.0,61.0,43.0
1784039921.042425,392.398,1980,3201,85.0,61.0,43.0
1784039921.052417,392.398,1980,3201,85.0,61.0,43.0
1784039921.062420,392.398,1980,3201,85.0,61.0,43.0
1784039921.072420,392.398,1980,3201,85.0,61.0,43.0
1784039921.082658,392.398,1980,3201,85.0,61.0,43.0
1784039921.092420,389.740,1980,3201,85.0,61.0,43.0
1784039921.102417,389.740,1980,3201,85.0,61.0,43.0
1784039921.112421,389.740,1980,3201,85.0,61.0,43.0
1784039921.122420,389.740,1980,3201,85.0,61.0,43.0
1784039921.132420,389.740,1980,3201,85.0,61.0,43.0
1784039921.142421,389.740,1980,3201,85.0,61.0,43.0
1784039921.152417,389.740,1980,3201,85.0,61.0,43.0
1784039921.162422,389.740,1980,3201,85.0,61.0,43.0
1784039921.172420,389.740,1980,3201,85.0,61.0,43.0
1784039921.182420,389.740,1980,3201,85.0,61.0,43.0
1784039921.192420,388.638,1980,3201,85.0,61.0,43.0
1784039921.202418,388.638,1980,3201,85.0,61.0,43.0
1784039921.212420,388.638,1980,3201,85.0,61.0,43.0
1784039921.222420,388.638,1980,3201,85.0,61.0,43.0
1784039921.232421,388.638,1980,3201,85.0,61.0,43.0
1784039921.242420,388.638,1980,3201,85.0,61.0,43.0
1784039921.252419,388.638,1980,3201,85.0,61.0,43.0
1784039921.262422,388.638,1980,3201,85.0,61.0,43.0
1784039921.272421,388.638,1980,3201,85.0,61.0,43.0
1784039921.282420,388.638,1980,3201,85.0,61.0,43.0
1784039921.292421,388.610,1980,3201,85.0,61.0,43.0
1784039921.302556,388.610,1980,3201,85.0,61.0,43.0
1784039921.312423,388.610,1980,3201,85.0,61.0,43.0
1784039921.322417,388.610,1980,3201,85.0,61.0,43.0
1784039921.332421,388.610,1980,3201,85.0,61.0,43.0
1784039921.342422,388.610,1980,3201,85.0,61.0,43.0
1784039921.352413,388.610,1980,3201,85.0,61.0,43.0
1784039921.362421,388.610,1980,3201,85.0,61.0,43.0
1784039921.372417,388.610,1980,3201,85.0,61.0,43.0
1784039921.382420,388.610,1980,3201,85.0,61.0,43.0
1784039921.392421,389.336,1980,3201,85.0,61.0,43.0
1784039921.402413,389.336,1980,3201,85.0,61.0,43.0
1784039921.412421,389.336,1980,3201,85.0,61.0,43.0
1784039921.422416,389.336,1980,3201,85.0,61.0,43.0
1784039921.432421,389.336,1980,3201,85.0,61.0,43.0
1784039921.442421,389.336,1980,3201,85.0,61.0,43.0
1784039921.452568,389.336,1980,3201,85.0,61.0,43.0
1784039921.462423,389.336,1980,3201,85.0,61.0,43.0
1784039921.472425,389.336,1980,3201,85.0,61.0,43.0
1784039921.482424,389.336,1980,3201,85.0,61.0,43.0
1784039921.492423,388.939,1980,3201,86.0,61.0,43.0
1784039921.502428,388.939,1980,3201,86.0,61.0,43.0
1784039921.512423,388.939,1980,3201,86.0,61.0,43.0
1784039921.522529,388.939,1980,3201,86.0,61.0,43.0
1784039921.532481,388.939,1980,3201,86.0,61.0,43.0
1784039921.542424,388.939,1980,3201,86.0,61.0,43.0
1784039921.552424,388.939,1980,3201,86.0,61.0,43.0
1784039921.562424,388.939,1980,3201,86.0,61.0,43.0
1784039921.572458,388.939,1980,3201,86.0,61.0,43.0
1784039921.582424,388.939,1980,3201,86.0,61.0,43.0
1784039921.592424,388.916,1980,3201,86.0,61.0,43.0
1784039921.602423,388.916,1980,3201,86.0,61.0,43.0
1784039921.612424,388.916,1980,3201,86.0,61.0,43.0
1784039921.622425,388.916,1980,3201,86.0,61.0,43.0
1784039921.632433,388.916,1980,3201,86.0,61.0,43.0
1784039921.643161,388.916,1980,3201,86.0,61.0,43.0
1784039921.652425,388.916,1980,3201,86.0,61.0,43.0
1784039921.662427,388.916,1980,3201,86.0,61.0,43.0
1784039921.672428,388.916,1980,3201,86.0,61.0,43.0
1784039921.682428,388.916,1980,3201,86.0,61.0,43.0
1784039921.692461,391.726,1980,3201,84.0,61.0,43.0
1784039921.702428,391.726,1980,3201,84.0,61.0,43.0
1784039921.712428,391.726,1980,3201,84.0,61.0,43.0
1784039921.722429,391.726,1980,3201,84.0,61.0,43.0
1784039921.732428,391.726,1980,3201,84.0,61.0,43.0
1784039921.742421,391.726,1980,3201,84.0,61.0,43.0
1784039921.752420,391.726,1980,3201,84.0,61.0,43.0
1784039921.762413,391.726,1980,3201,84.0,61.0,43.0
1784039921.772419,391.726,1980,3201,84.0,61.0,43.0
1784039921.782413,391.726,1980,3201,84.0,61.0,43.0
1784039921.792419,392.066,1980,3201,84.0,61.0,43.0
1784039921.802420,392.066,1980,3201,84.0,61.0,43.0
1784039921.812419,392.066,1980,3201,84.0,61.0,43.0
1784039921.822419,392.066,1980,3201,84.0,61.0,43.0
1784039921.832608,392.066,1980,3201,84.0,61.0,43.0
1784039921.842419,392.066,1980,3201,84.0,61.0,43.0
1784039921.852420,392.066,1980,3201,84.0,61.0,43.0
1784039921.862419,392.066,1980,3201,84.0,61.0,43.0
1784039921.872420,392.066,1980,3201,84.0,61.0,43.0
1784039921.882405,392.066,1980,3201,84.0,61.0,43.0
1784039921.892425,390.732,1980,3201,83.0,60.0,43.0
1784039921.902429,390.732,1980,3201,83.0,60.0,43.0
1784039921.912425,390.732,1980,3201,83.0,60.0,43.0
1784039921.922421,390.732,1980,3201,83.0,60.0,43.0
1784039921.932425,390.732,1980,3201,83.0,60.0,43.0
1784039921.942426,390.732,1980,3201,83.0,60.0,43.0
1784039921.952424,390.732,1980,3201,83.0,60.0,43.0
1784039921.962426,390.732,1980,3201,83.0,60.0,43.0
1784039921.972425,390.732,1980,3201,83.0,60.0,43.0
1784039921.982427,390.732,1980,3201,83.0,60.0,43.0
1784039921.992437,389.843,1980,3201,83.0,60.0,43.0
1784039922.002427,389.843,1980,3201,83.0,60.0,43.0
1784039922.012422,389.843,1980,3201,83.0,60.0,43.0
1784039922.022426,389.843,1980,3201,83.0,60.0,43.0
1784039922.032424,389.843,1980,3201,83.0,60.0,43.0
1784039922.042426,389.843,1980,3201,83.0,60.0,43.0
1784039922.052424,389.843,1980,3201,83.0,60.0,43.0
1784039922.062579,389.843,1980,3201,83.0,60.0,43.0
1784039922.072424,389.843,1980,3201,83.0,60.0,43.0
1784039922.082423,389.843,1980,3201,83.0,60.0,43.0
1784039922.092427,389.707,1980,3201,83.0,60.0,43.0
1784039922.102422,389.707,1980,3201,83.0,60.0,43.0
1784039922.112426,389.707,1980,3201,83.0,60.0,43.0
1784039922.122422,389.707,1980,3201,83.0,60.0,43.0
1784039922.132426,389.707,1980,3201,83.0,60.0,43.0
1784039922.142425,389.707,1980,3201,83.0,60.0,43.0
1784039922.152707,389.707,1980,3201,83.0,60.0,43.0
1784039922.162426,389.707,1980,3201,83.0,60.0,43.0
1784039922.172421,389.707,1980,3201,83.0,60.0,43.0
1784039922.182428,389.707,1980,3201,83.0,60.0,43.0
1784039922.192421,389.259,1980,3201,83.0,60.0,43.0
1784039922.202426,389.259,1980,3201,83.0,60.0,43.0
1784039922.212425,389.259,1980,3201,83.0,60.0,43.0
1784039922.222426,389.259,1980,3201,83.0,60.0,43.0
1784039922.232425,389.259,1980,3201,83.0,60.0,43.0
1784039922.242648,389.259,1980,3201,83.0,60.0,43.0
1784039922.252426,389.259,1980,3201,83.0,60.0,43.0
1784039922.262423,389.259,1980,3201,83.0,60.0,43.0
1784039922.272426,389.259,1980,3201,83.0,60.0,43.0
1784039922.282422,389.259,1980,3201,83.0,60.0,43.0
1784039922.292426,389.121,1980,3201,83.0,60.0,43.0
1784039922.302426,389.121,1980,3201,83.0,60.0,43.0
1784039922.312425,389.121,1980,3201,83.0,60.0,43.0
1784039922.322421,389.121,1980,3201,83.0,60.0,43.0
1784039922.332492,389.121,1980,3201,83.0,60.0,43.0
1784039922.342420,389.121,1980,3201,83.0,60.0,43.0
1784039922.352418,389.121,1980,3201,83.0,60.0,43.0
1784039922.362419,389.121,1980,3201,83.0,60.0,43.0
1784039922.372421,389.121,1980,3201,83.0,60.0,43.0
1784039922.382418,389.121,1980,3201,83.0,60.0,43.0
1784039922.392421,388.742,1980,3201,83.0,60.0,43.0
1784039922.402421,388.742,1980,3201,83.0,60.0,43.0
1784039922.412420,388.742,1980,3201,83.0,60.0,43.0
1784039922.422419,388.742,1980,3201,83.0,60.0,43.0
1784039922.432498,388.742,1980,3201,83.0,60.0,43.0
1784039922.442420,388.742,1980,3201,83.0,60.0,43.0
1784039922.452419,388.742,1980,3201,83.0,60.0,43.0
1784039922.462420,388.742,1980,3201,83.0,60.0,43.0
1784039922.472418,388.742,1980,3201,83.0,60.0,43.0
1784039922.482417,388.742,1980,3201,83.0,60.0,43.0
1784039922.492419,388.991,1980,3201,85.0,61.0,43.0
1784039922.502421,388.991,1980,3201,85.0,61.0,43.0
1784039922.512576,388.991,1980,3201,85.0,61.0,43.0
1784039922.522420,388.991,1980,3201,85.0,61.0,43.0
1784039922.532416,388.991,1980,3201,85.0,61.0,43.0
1784039922.542419,388.991,1980,3201,85.0,61.0,43.0
1784039922.552420,388.991,1980,3201,85.0,61.0,43.0
1784039922.562492,388.991,1980,3201,85.0,61.0,43.0
1784039922.572421,388.991,1980,3201,85.0,61.0,43.0
1784039922.582417,388.991,1980,3201,85.0,61.0,43.0
1784039922.592420,390.495,1980,3201,85.0,61.0,43.0
1784039922.602421,390.495,1980,3201,85.0,61.0,43.0
1784039922.612495,390.495,1980,3201,85.0,61.0,43.0
1784039922.622422,390.495,1980,3201,85.0,61.0,43.0
1784039922.632418,390.495,1980,3201,85.0,61.0,43.0
1784039922.642420,390.495,1980,3201,85.0,61.0,43.0
1784039922.652422,390.495,1980,3201,85.0,61.0,43.0
1784039922.662522,390.495,1980,3201,85.0,61.0,43.0
1784039922.672421,390.495,1980,3201,85.0,61.0,43.0
1784039922.682418,390.495,1980,3201,85.0,61.0,43.0
1784039922.692422,390.368,1980,3201,85.0,61.0,43.0
1784039922.702422,390.368,1980,3201,85.0,61.0,43.0
1784039922.712423,390.368,1980,3201,85.0,61.0,43.0
1784039922.722424,390.368,1980,3201,85.0,61.0,43.0
1784039922.732419,390.368,1980,3201,85.0,61.0,43.0
1784039922.742420,390.368,1980,3201,85.0,61.0,43.0
1784039922.752420,390.368,1980,3201,85.0,61.0,43.0
1784039922.762418,390.368,1980,3201,85.0,61.0,43.0
1784039922.772420,390.368,1980,3201,85.0,61.0,43.0
1784039922.782420,390.368,1980,3201,85.0,61.0,43.0
1784039922.792422,388.015,1980,3201,85.0,61.0,43.0
1784039922.802422,388.015,1980,3201,85.0,61.0,43.0
1784039922.812420,388.015,1980,3201,85.0,61.0,43.0
1784039922.822421,388.015,1980,3201,85.0,61.0,43.0
1784039922.832421,388.015,1980,3201,85.0,61.0,43.0
1784039922.842422,388.015,1980,3201,85.0,61.0,43.0
1784039922.852422,388.015,1980,3201,85.0,61.0,43.0
1784039922.862422,388.015,1980,3201,85.0,61.0,43.0
1784039922.872421,388.015,1980,3201,85.0,61.0,43.0
1784039922.882423,388.015,1980,3201,85.0,61.0,43.0
1784039922.892423,387.760,1980,3201,85.0,61.0,43.0
1784039922.902421,387.760,1980,3201,85.0,61.0,43.0
1784039922.912421,387.760,1980,3201,85.0,61.0,43.0
1784039922.922421,387.760,1980,3201,85.0,61.0,43.0
1784039922.932443,387.760,1980,3201,85.0,61.0,43.0
1784039922.942422,387.760,1980,3201,85.0,61.0,43.0
1784039922.952420,387.760,1980,3201,85.0,61.0,43.0
1784039922.962421,387.760,1980,3201,85.0,61.0,43.0
1784039922.972422,387.760,1980,3201,85.0,61.0,43.0
1784039922.982419,387.760,1980,3201,85.0,61.0,43.0
1784039922.992421,388.065,1980,3201,85.0,61.0,43.0
1784039923.002421,388.065,1980,3201,85.0,61.0,43.0
1784039923.012421,388.065,1980,3201,85.0,61.0,43.0
1784039923.022422,388.065,1980,3201,85.0,61.0,43.0
1784039923.032420,388.065,1980,3201,85.0,61.0,43.0
1784039923.042423,388.065,1980,3201,85.0,61.0,43.0
1784039923.052421,388.065,1980,3201,85.0,61.0,43.0
1784039923.062422,388.065,1980,3201,85.0,61.0,43.0
1784039923.072422,388.065,1980,3201,85.0,61.0,43.0
1784039923.082420,388.065,1980,3201,85.0,61.0,43.0
1784039923.092421,388.471,1980,3201,85.0,61.0,43.0
1784039923.102422,388.471,1980,3201,85.0,61.0,43.0
1784039923.112423,388.471,1980,3201,85.0,61.0,43.0
1784039923.122422,388.471,1980,3201,85.0,61.0,43.0
1784039923.132423,388.471,1980,3201,85.0,61.0,43.0
1784039923.142422,388.471,1980,3201,85.0,61.0,43.0
1784039923.152420,388.471,1980,3201,85.0,61.0,43.0
1784039923.162422,388.471,1980,3201,85.0,61.0,43.0
1784039923.172420,388.471,1980,3201,85.0,61.0,43.0
1784039923.182420,388.471,1980,3201,85.0,61.0,43.0
1784039923.192420,388.385,1980,3201,85.0,61.0,43.0
1784039923.202463,388.385,1980,3201,85.0,61.0,43.0
1784039923.212421,388.385,1980,3201,85.0,61.0,43.0
1784039923.222420,388.385,1980,3201,85.0,61.0,43.0
1784039923.232419,388.385,1980,3201,85.0,61.0,43.0
1784039923.242420,388.385,1980,3201,85.0,61.0,43.0
1784039923.252423,388.385,1980,3201,85.0,61.0,43.0
1784039923.262422,388.385,1980,3201,85.0,61.0,43.0
1784039923.272421,388.385,1980,3201,85.0,61.0,43.0
1784039923.282421,388.385,1980,3201,85.0,61.0,43.0
1784039923.292491,389.207,1980,3201,85.0,61.0,43.0
1784039923.302424,389.207,1980,3201,85.0,61.0,43.0
1784039923.312421,389.207,1980,3201,85.0,61.0,43.0
1784039923.322419,389.207,1980,3201,85.0,61.0,43.0
1784039923.332417,389.207,1980,3201,85.0,61.0,43.0
1784039923.342421,389.207,1980,3201,85.0,61.0,43.0
1784039923.352420,389.207,1980,3201,85.0,61.0,43.0
1784039923.362421,389.207,1980,3201,85.0,61.0,43.0
1784039923.372421,389.207,1980,3201,85.0,61.0,43.0
1784039923.382528,389.207,1980,3201,85.0,61.0,43.0
1784039923.392427,393.163,1980,3201,85.0,61.0,43.0
1784039923.402420,393.163,1980,3201,85.0,61.0,43.0
1784039923.412436,393.163,1980,3201,85.0,61.0,43.0
1784039923.422420,393.163,1980,3201,85.0,61.0,43.0
1784039923.432418,393.163,1980,3201,85.0,61.0,43.0
1784039923.442420,393.163,1980,3201,85.0,61.0,43.0
1784039923.452421,393.163,1980,3201,85.0,61.0,43.0
1784039923.462422,393.163,1980,3201,85.0,61.0,43.0
1784039923.472422,393.163,1980,3201,85.0,61.0,43.0
1784039923.482419,393.163,1980,3201,85.0,61.0,43.0
1784039923.492425,393.665,1980,3201,85.0,61.0,43.0
1784039923.502423,393.665,1980,3201,85.0,61.0,43.0
1784039923.512423,393.665,1980,3201,85.0,61.0,43.0
1784039923.522423,393.665,1980,3201,85.0,61.0,43.0
1784039923.532422,393.665,1980,3201,85.0,61.0,43.0
1784039923.542422,393.665,1980,3201,85.0,61.0,43.0
1784039923.552423,393.665,1980,3201,85.0,61.0,43.0
1784039923.562423,393.665,1980,3201,85.0,61.0,43.0
1784039923.572422,393.665,1980,3201,85.0,61.0,43.0
1784039923.582421,393.665,1980,3201,85.0,61.0,43.0
1784039923.592420,392.241,1980,3201,85.0,61.0,43.0
1784039923.602421,392.241,1980,3201,85.0,61.0,43.0
1784039923.612422,392.241,1980,3201,85.0,61.0,43.0
1784039923.622420,392.241,1980,3201,85.0,61.0,43.0
1784039923.632421,392.241,1980,3201,85.0,61.0,43.0
1784039923.642420,392.241,1980,3201,85.0,61.0,43.0
1784039923.652473,392.241,1980,3201,85.0,61.0,43.0
1784039923.662421,392.241,1980,3201,85.0,61.0,43.0
1784039923.672422,392.241,1980,3201,85.0,61.0,43.0
1784039923.682421,392.241,1980,3201,85.0,61.0,43.0
1784039923.692422,392.422,1980,3201,85.0,61.0,43.0
1784039923.702493,392.422,1980,3201,85.0,61.0,43.0
1784039923.712420,392.422,1980,3201,85.0,61.0,43.0
1784039923.722419,392.422,1980,3201,85.0,61.0,43.0
1784039923.732421,392.422,1980,3201,85.0,61.0,43.0
1784039923.742420,392.422,1980,3201,85.0,61.0,43.0
1784039923.752419,392.422,1980,3201,85.0,61.0,43.0
1784039923.762422,392.422,1980,3201,85.0,61.0,43.0
1784039923.772421,392.422,1980,3201,85.0,61.0,43.0
1784039923.782421,392.422,1980,3201,85.0,61.0,43.0
1784039923.792421,392.317,1980,3201,85.0,61.0,43.0
1784039923.802417,392.317,1980,3201,85.0,61.0,43.0
1784039923.812422,392.317,1980,3201,85.0,61.0,43.0
1784039923.822421,392.317,1980,3201,85.0,61.0,43.0
1784039923.832422,392.317,1980,3201,85.0,61.0,43.0
1784039923.842421,392.317,1980,3201,85.0,61.0,43.0
1784039923.852421,392.317,1980,3201,85.0,61.0,43.0
1784039923.862422,392.317,1980,3201,85.0,61.0,43.0
1784039923.872422,392.317,1980,3201,85.0,61.0,43.0
1784039923.882420,392.317,1980,3201,85.0,61.0,43.0
1784039923.892421,392.203,1980,3201,85.0,61.0,43.0
1784039923.902420,392.203,1980,3201,85.0,61.0,43.0
1784039923.912421,392.203,1980,3201,85.0,61.0,43.0
1784039923.922503,392.203,1980,3201,85.0,61.0,43.0
1784039923.932421,392.203,1980,3201,85.0,61.0,43.0
1784039923.942420,392.203,1980,3201,85.0,61.0,43.0
1784039923.952420,392.203,1980,3201,85.0,61.0,43.0
1784039923.962420,392.203,1980,3201,85.0,61.0,43.0
1784039923.972420,392.203,1980,3201,85.0,61.0,43.0
1784039923.982420,392.203,1980,3201,85.0,61.0,43.0
1784039923.992422,393.019,1980,3201,85.0,61.0,43.0
1784039924.002420,393.019,1980,3201,85.0,61.0,43.0
1784039924.012420,393.019,1980,3201,85.0,61.0,43.0
1784039924.022423,393.019,1980,3201,85.0,61.0,43.0
1784039924.032420,393.019,1980,3201,85.0,61.0,43.0
1784039924.042421,393.019,1980,3201,85.0,61.0,43.0
1784039924.052421,393.019,1980,3201,85.0,61.0,43.0
1784039924.062420,393.019,1980,3201,85.0,61.0,43.0
1784039924.072422,393.019,1980,3201,85.0,61.0,43.0
1784039924.082423,393.019,1980,3201,85.0,61.0,43.0
1784039924.092422,392.718,1980,3201,86.0,62.0,43.0
1784039924.102422,392.718,1980,3201,86.0,62.0,43.0
1784039924.112422,392.718,1980,3201,86.0,62.0,43.0
1784039924.122424,392.718,1980,3201,86.0,62.0,43.0
1784039924.132424,392.718,1980,3201,86.0,62.0,43.0
1784039924.142422,392.718,1980,3201,86.0,62.0,43.0
1784039924.152422,392.718,1980,3201,86.0,62.0,43.0
1784039924.162424,392.718,1980,3201,86.0,62.0,43.0
1784039924.172439,392.718,1980,3201,86.0,62.0,43.0
1784039924.182424,392.718,1980,3201,86.0,62.0,43.0
1784039924.192423,393.238,1980,3201,86.0,62.0,44.0
1784039924.202423,393.238,1980,3201,86.0,62.0,44.0
1784039924.212424,393.238,1980,3201,86.0,62.0,44.0
1784039924.222421,393.238,1980,3201,86.0,62.0,44.0
1784039924.232422,393.238,1980,3201,86.0,62.0,44.0
1784039924.242487,393.238,1980,3201,86.0,62.0,44.0
1784039924.252423,393.238,1980,3201,86.0,62.0,44.0
1784039924.262423,393.238,1980,3201,86.0,62.0,44.0
1784039924.272421,393.238,1980,3201,86.0,62.0,44.0
1784039924.282423,393.238,1980,3201,86.0,62.0,44.0
1784039924.292476,393.022,1980,3201,82.0,58.0,43.0
1784039924.302422,393.022,1980,3201,82.0,58.0,43.0
1784039924.312420,393.022,1980,3201,82.0,58.0,43.0
1784039924.322423,393.022,1980,3201,82.0,58.0,43.0
1784039924.332422,393.022,1980,3201,82.0,58.0,43.0
1784039924.342416,393.022,1980,3201,82.0,58.0,43.0
1784039924.352419,393.022,1980,3201,82.0,58.0,43.0
1784039924.362417,393.022,1980,3201,82.0,58.0,43.0
1784039924.372421,393.022,1980,3201,82.0,58.0,43.0
1784039924.382420,393.022,1980,3201,82.0,58.0,43.0
1784039924.392421,389.455,1980,3201,82.0,58.0,43.0
1784039924.402421,389.455,1980,3201,82.0,58.0,43.0
1784039924.412571,389.455,1980,3201,82.0,58.0,43.0
1784039924.422422,389.455,1980,3201,82.0,58.0,43.0
1784039924.432423,389.455,1980,3201,82.0,58.0,43.0
1784039924.442423,389.455,1980,3201,82.0,58.0,43.0
1784039924.452422,389.455,1980,3201,82.0,58.0,43.0
1784039924.462755,389.455,1980,3201,82.0,58.0,43.0
1784039924.472422,389.455,1980,3201,82.0,58.0,43.0
1784039924.482423,389.455,1980,3201,82.0,58.0,43.0
1784039924.492422,388.817,1980,3201,84.0,60.0,43.0
1784039924.502422,388.817,1980,3201,84.0,60.0,43.0
1784039924.512451,388.817,1980,3201,84.0,60.0,43.0
1784039924.522421,388.817,1980,3201,84.0,60.0,43.0
1784039924.532423,388.817,1980,3201,84.0,60.0,43.0
1784039924.542422,388.817,1980,3201,84.0,60.0,43.0
1784039924.552427,388.817,1980,3201,84.0,60.0,43.0
1784039924.562416,388.817,1980,3201,84.0,60.0,43.0
1784039924.572422,388.817,1980,3201,84.0,60.0,43.0
1784039924.582422,388.817,1980,3201,84.0,60.0,43.0
1784039924.592422,388.743,1980,3201,84.0,60.0,43.0
1784039924.602421,388.743,1980,3201,84.0,60.0,43.0
1784039924.612422,388.743,1980,3201,84.0,60.0,43.0
1784039924.622457,388.743,1980,3201,84.0,60.0,43.0
1784039924.632512,388.743,1980,3201,84.0,60.0,43.0
1784039924.642466,388.743,1980,3201,84.0,60.0,43.0
1784039924.652421,388.743,1980,3201,84.0,60.0,43.0
1784039924.662422,388.743,1980,3201,84.0,60.0,43.0
1784039924.672421,388.743,1980,3201,84.0,60.0,43.0
1784039924.682418,388.743,1980,3201,84.0,60.0,43.0
1784039924.692421,388.059,1980,3201,85.0,61.0,43.0
1784039924.702439,388.059,1980,3201,85.0,61.0,43.0
1784039924.712421,388.059,1980,3201,85.0,61.0,43.0
1784039924.722421,388.059,1980,3201,85.0,61.0,43.0
1784039924.732634,388.059,1980,3201,85.0,61.0,43.0
1784039924.742417,388.059,1980,3201,85.0,61.0,43.0
1784039924.752417,388.059,1980,3201,85.0,61.0,43.0
1784039924.762416,388.059,1980,3201,85.0,61.0,43.0
1784039924.772417,388.059,1980,3201,85.0,61.0,43.0
1784039924.782625,388.059,1980,3201,85.0,61.0,43.0
1784039924.792418,388.329,1980,3201,85.0,61.0,43.0
1784039924.802412,388.329,1980,3201,85.0,61.0,43.0
1784039924.812417,388.329,1980,3201,85.0,61.0,43.0
1784039924.822418,388.329,1980,3201,85.0,61.0,43.0
1784039924.832413,388.329,1980,3201,85.0,61.0,43.0
1784039924.842417,388.329,1980,3201,85.0,61.0,43.0
1784039924.852419,388.329,1980,3201,85.0,61.0,43.0
1784039924.862417,388.329,1980,3201,85.0,61.0,43.0
1784039924.872417,388.329,1980,3201,85.0,61.0,43.0
1784039924.882419,388.329,1980,3201,85.0,61.0,43.0
1784039924.892418,388.069,1980,3201,85.0,61.0,43.0
1784039924.902415,388.069,1980,3201,85.0,61.0,43.0
1784039924.912417,388.069,1980,3201,85.0,61.0,43.0
1784039924.922536,388.069,1980,3201,85.0,61.0,43.0
1784039924.932420,388.069,1980,3201,85.0,61.0,43.0
1784039924.942423,388.069,1980,3201,85.0,61.0,43.0
1784039924.952419,388.069,1980,3201,85.0,61.0,43.0
1784039924.962423,388.069,1980,3201,85.0,61.0,43.0
1784039924.972420,388.069,1980,3201,85.0,61.0,43.0
1784039924.982420,388.069,1980,3201,85.0,61.0,43.0
1784039924.992421,389.210,1980,3201,85.0,61.0,44.0
1784039925.002418,389.210,1980,3201,85.0,61.0,44.0
1784039925.012420,389.210,1980,3201,85.0,61.0,44.0
1784039925.022416,389.210,1980,3201,85.0,61.0,44.0
1784039925.032420,389.210,1980,3201,85.0,61.0,44.0
1784039925.042420,389.210,1980,3201,85.0,61.0,44.0
1784039925.052438,389.210,1980,3201,85.0,61.0,44.0
1784039925.062420,389.210,1980,3201,85.0,61.0,44.0
1784039925.072417,389.210,1980,3201,85.0,61.0,44.0
1784039925.082421,389.210,1980,3201,85.0,61.0,44.0
1784039925.092420,389.686,1980,3201,82.0,58.0,43.0
1784039925.102536,389.686,1980,3201,82.0,58.0,43.0
1784039925.112421,389.686,1980,3201,82.0,58.0,43.0
1784039925.122418,389.686,1980,3201,82.0,58.0,43.0
1784039925.132421,389.686,1980,3201,82.0,58.0,43.0
1784039925.142421,389.686,1980,3201,82.0,58.0,43.0
1784039925.152618,389.686,1980,3201,82.0,58.0,43.0
1784039925.162420,389.686,1980,3201,82.0,58.0,43.0
1784039925.172416,389.686,1980,3201,82.0,58.0,43.0
1784039925.182421,389.686,1980,3201,82.0,58.0,43.0
1784039925.192421,388.937,1980,3201,82.0,58.0,43.0
1784039925.202415,388.937,1980,3201,82.0,58.0,43.0
1784039925.212422,388.937,1980,3201,82.0,58.0,43.0
1784039925.222419,388.937,1980,3201,82.0,58.0,43.0
1784039925.232421,388.937,1980,3201,82.0,58.0,43.0
1784039925.242420,388.937,1980,3201,82.0,58.0,43.0
1784039925.252421,388.937,1980,3201,82.0,58.0,43.0
1784039925.262423,388.937,1980,3201,82.0,58.0,43.0
1784039925.272419,388.937,1980,3201,82.0,58.0,43.0
1784039925.282422,388.937,1980,3201,82.0,58.0,43.0
1784039925.292422,389.431,1980,3201,85.0,61.0,43.0
1784039925.302420,389.431,1980,3201,85.0,61.0,43.0
1784039925.312422,389.431,1980,3201,85.0,61.0,43.0
1784039925.322454,389.431,1980,3201,85.0,61.0,43.0
1784039925.332421,389.431,1980,3201,85.0,61.0,43.0
1784039925.342417,389.431,1980,3201,85.0,61.0,43.0
1784039925.352422,389.431,1980,3201,85.0,61.0,43.0
1784039925.362422,389.431,1980,3201,85.0,61.0,43.0
1784039925.372418,389.431,1980,3201,85.0,61.0,43.0
1784039925.382422,389.431,1980,3201,85.0,61.0,43.0
1784039925.392419,388.945,1980,3201,85.0,61.0,43.0
1784039925.402424,388.945,1980,3201,85.0,61.0,43.0
1784039925.412423,388.945,1980,3201,85.0,61.0,43.0
1784039925.422424,388.945,1980,3201,85.0,61.0,43.0
1784039925.432423,388.945,1980,3201,85.0,61.0,43.0
1784039925.442420,388.945,1980,3201,85.0,61.0,43.0
1784039925.452423,388.945,1980,3201,85.0,61.0,43.0
1784039925.462420,388.945,1980,3201,85.0,61.0,43.0
1784039925.472423,388.945,1980,3201,85.0,61.0,43.0
1784039925.482422,388.945,1980,3201,85.0,61.0,43.0
1784039925.492422,389.697,1980,3201,85.0,61.0,43.0
1784039925.502423,389.697,1980,3201,85.0,61.0,43.0
1784039925.512561,389.697,1980,3201,85.0,61.0,43.0
1784039925.522422,389.697,1980,3201,85.0,61.0,43.0
1784039925.532421,389.697,1980,3201,85.0,61.0,43.0
1784039925.542423,389.697,1980,3201,85.0,61.0,43.0
1784039925.552424,389.697,1980,3201,85.0,61.0,43.0
1784039925.562423,389.697,1980,3201,85.0,61.0,43.0
1784039925.572424,389.697,1980,3201,85.0,61.0,43.0
1784039925.582416,389.697,1980,3201,85.0,61.0,43.0
1784039925.592425,389.283,1980,3201,85.0,61.0,43.0
1784039925.602422,389.283,1980,3201,85.0,61.0,43.0
1784039925.612426,389.283,1980,3201,85.0,61.0,43.0
1784039925.622419,389.283,1980,3201,85.0,61.0,43.0
1784039925.632425,389.283,1980,3201,85.0,61.0,43.0
1784039925.642425,389.283,1980,3201,85.0,61.0,43.0
1784039925.652424,389.283,1980,3201,85.0,61.0,43.0
1784039925.662425,389.283,1980,3201,85.0,61.0,43.0
1784039925.672416,389.283,1980,3201,85.0,61.0,43.0
1784039925.682425,389.283,1980,3201,85.0,61.0,43.0
1784039925.692423,388.757,1980,3201,83.0,60.0,43.0
1784039925.702425,388.757,1980,3201,83.0,60.0,43.0
1784039925.712420,388.757,1980,3201,83.0,60.0,43.0
1784039925.722426,388.757,1980,3201,83.0,60.0,43.0
1784039925.732425,388.757,1980,3201,83.0,60.0,43.0
1784039925.742426,388.757,1980,3201,83.0,60.0,43.0
1784039925.752425,388.757,1980,3201,83.0,60.0,43.0
1784039925.762426,388.757,1980,3201,83.0,60.0,43.0
1784039925.772425,388.757,1980,3201,83.0,60.0,43.0
1784039925.782425,388.757,1980,3201,83.0,60.0,43.0
1784039925.792424,389.056,1980,3201,83.0,60.0,43.0
1784039925.802432,389.056,1980,3201,83.0,60.0,43.0
1784039925.812427,389.056,1980,3201,83.0,60.0,43.0
1784039925.822423,389.056,1980,3201,83.0,60.0,43.0
1784039925.832427,389.056,1980,3201,83.0,60.0,43.0
1784039925.842426,389.056,1980,3201,83.0,60.0,43.0
1784039925.852426,389.056,1980,3201,83.0,60.0,43.0
1784039925.862426,389.056,1980,3201,83.0,60.0,43.0
1784039925.872425,389.056,1980,3201,83.0,60.0,43.0
1784039925.882425,389.056,1980,3201,83.0,60.0,43.0
1784039925.892416,388.799,1980,3201,78.0,55.0,43.0
1784039925.902426,388.799,1980,3201,78.0,55.0,43.0
1784039925.912420,388.799,1980,3201,78.0,55.0,43.0
1784039925.922426,388.799,1980,3201,78.0,55.0,43.0
1784039925.932425,388.799,1980,3201,78.0,55.0,43.0
1784039925.942424,388.799,1980,3201,78.0,55.0,43.0
1784039925.952424,388.799,1980,3201,78.0,55.0,43.0
1784039925.962421,388.799,1980,3201,78.0,55.0,43.0
1784039925.972425,388.799,1980,3201,78.0,55.0,43.0
1784039925.982425,388.799,1980,3201,78.0,55.0,43.0
1784039925.992425,387.320,1980,3201,78.0,55.0,43.0
1784039926.002424,387.320,1980,3201,78.0,55.0,43.0
1784039926.012425,387.320,1980,3201,78.0,55.0,43.0
1784039926.022425,387.320,1980,3201,78.0,55.0,43.0
1784039926.032423,387.320,1980,3201,78.0,55.0,43.0
1784039926.042424,387.320,1980,3201,78.0,55.0,43.0
1784039926.052636,387.320,1980,3201,78.0,55.0,43.0
1784039926.062421,387.320,1980,3201,78.0,55.0,43.0
1784039926.072419,387.320,1980,3201,78.0,55.0,43.0
1784039926.082421,387.320,1980,3201,78.0,55.0,43.0
1784039926.092420,385.601,1980,3201,83.0,59.0,43.0
1784039926.102417,385.601,1980,3201,83.0,59.0,43.0
1784039926.112420,385.601,1980,3201,83.0,59.0,43.0
1784039926.122420,385.601,1980,3201,83.0,59.0,43.0
1784039926.132420,385.601,1980,3201,83.0,59.0,43.0
1784039926.142420,385.601,1980,3201,83.0,59.0,43.0
1784039926.152566,385.601,1980,3201,83.0,59.0,43.0
1784039926.162421,385.601,1980,3201,83.0,59.0,43.0
1784039926.172418,385.601,1980,3201,83.0,59.0,43.0
1784039926.182421,385.601,1980,3201,83.0,59.0,43.0
1784039926.192420,386.428,1980,3201,83.0,59.0,43.0
1784039926.202421,386.428,1980,3201,83.0,59.0,43.0
1784039926.212420,386.428,1980,3201,83.0,59.0,43.0
1784039926.222420,386.428,1980,3201,83.0,59.0,43.0
1784039926.232420,386.428,1980,3201,83.0,59.0,43.0
1784039926.242420,386.428,1980,3201,83.0,59.0,43.0
1784039926.252417,386.428,1980,3201,83.0,59.0,43.0
1784039926.262420,386.428,1980,3201,83.0,59.0,43.0
1784039926.272421,386.428,1980,3201,83.0,59.0,43.0
1784039926.282419,386.428,1980,3201,83.0,59.0,43.0
1784039926.292420,386.046,1980,3201,85.0,61.0,43.0
1784039926.302418,386.046,1980,3201,85.0,61.0,43.0
1784039926.312420,386.046,1980,3201,85.0,61.0,43.0
1784039926.322421,386.046,1980,3201,85.0,61.0,43.0
1784039926.332420,386.046,1980,3201,85.0,61.0,43.0
1784039926.342421,386.046,1980,3201,85.0,61.0,43.0
1784039926.352555,386.046,1980,3201,85.0,61.0,43.0
1784039926.362421,386.046,1980,3201,85.0,61.0,43.0
1784039926.372421,386.046,1980,3201,85.0,61.0,43.0
1784039926.382420,386.046,1980,3201,85.0,61.0,43.0
1784039926.392421,386.290,1980,3201,85.0,61.0,43.0
1784039926.402417,386.290,1980,3201,85.0,61.0,43.0
1784039926.412421,386.290,1980,3201,85.0,61.0,43.0
1784039926.422422,386.290,1980,3201,85.0,61.0,43.0
1784039926.432422,386.290,1980,3201,85.0,61.0,43.0
1784039926.442422,386.290,1980,3201,85.0,61.0,43.0
1784039926.452420,386.290,1980,3201,85.0,61.0,43.0
1784039926.462421,386.290,1980,3201,85.0,61.0,43.0
1784039926.472422,386.290,1980,3201,85.0,61.0,43.0
1784039926.482420,386.290,1980,3201,85.0,61.0,43.0
1784039926.492421,385.684,1980,3201,86.0,61.0,43.0
1784039926.502420,385.684,1980,3201,86.0,61.0,43.0
1784039926.512421,385.684,1980,3201,86.0,61.0,43.0
1784039926.522420,385.684,1980,3201,86.0,61.0,43.0
1784039926.532420,385.684,1980,3201,86.0,61.0,43.0
1784039926.542423,385.684,1980,3201,86.0,61.0,43.0
1784039926.552422,385.684,1980,3201,86.0,61.0,43.0
1784039926.562421,385.684,1980,3201,86.0,61.0,43.0
1784039926.572418,385.684,1980,3201,86.0,61.0,43.0
1784039926.582422,385.684,1980,3201,86.0,61.0,43.0
1784039926.592421,385.423,1980,3201,86.0,61.0,43.0
1784039926.602623,385.423,1980,3201,86.0,61.0,43.0
1784039926.612424,385.423,1980,3201,86.0,61.0,43.0
1784039926.622423,385.423,1980,3201,86.0,61.0,43.0
1784039926.632425,385.423,1980,3201,86.0,61.0,43.0
1784039926.642425,385.423,1980,3201,86.0,61.0,43.0
1784039926.652419,385.423,1980,3201,86.0,61.0,43.0
1784039926.662422,385.423,1980,3201,86.0,61.0,43.0
1784039926.672423,385.423,1980,3201,86.0,61.0,43.0
1784039926.682423,385.423,1980,3201,86.0,61.0,43.0
1784039926.692423,388.085,1980,3201,82.0,58.0,43.0
1784039926.702422,388.085,1980,3201,82.0,58.0,43.0
1784039926.712423,388.085,1980,3201,82.0,58.0,43.0
1784039926.722424,388.085,1980,3201,82.0,58.0,43.0
1784039926.732422,388.085,1980,3201,82.0,58.0,43.0
1784039926.742423,388.085,1980,3201,82.0,58.0,43.0
1784039926.752423,388.085,1980,3201,82.0,58.0,43.0
1784039926.762423,388.085,1980,3201,82.0,58.0,43.0
1784039926.772657,388.085,1980,3201,82.0,58.0,43.0
1784039926.782424,388.085,1980,3201,82.0,58.0,43.0
1784039926.792424,387.593,1980,3201,82.0,58.0,43.0
1784039926.802425,387.593,1980,3201,82.0,58.0,43.0
1784039926.812425,387.593,1980,3201,82.0,58.0,43.0
1784039926.822423,387.593,1980,3201,82.0,58.0,43.0
1784039926.832424,387.593,1980,3201,82.0,58.0,43.0
1784039926.842466,387.593,1980,3201,82.0,58.0,43.0
1784039926.852424,387.593,1980,3201,82.0,58.0,43.0
1784039926.862424,387.593,1980,3201,82.0,58.0,43.0
1784039926.872423,387.593,1980,3201,82.0,58.0,43.0
1784039926.882423,387.593,1980,3201,82.0,58.0,43.0
1784039926.892420,386.623,1980,3201,84.0,60.0,43.0
1784039926.902420,386.623,1980,3201,84.0,60.0,43.0
1784039926.912422,386.623,1980,3201,84.0,60.0,43.0
1784039926.922421,386.623,1980,3201,84.0,60.0,43.0
1784039926.932419,386.623,1980,3201,84.0,60.0,43.0
1784039926.942419,386.623,1980,3201,84.0,60.0,43.0
1784039926.952420,386.623,1980,3201,84.0,60.0,43.0
1784039926.962421,386.623,1980,3201,84.0,60.0,43.0
1784039926.972421,386.623,1980,3201,84.0,60.0,43.0
1784039926.982420,386.623,1980,3201,84.0,60.0,43.0
1784039926.992420,386.176,1980,3201,84.0,60.0,43.0
1784039927.002421,386.176,1980,3201,84.0,60.0,43.0
1784039927.012423,386.176,1980,3201,84.0,60.0,43.0
1784039927.022420,386.176,1980,3201,84.0,60.0,43.0
1784039927.032420,386.176,1980,3201,84.0,60.0,43.0
1784039927.042420,386.176,1980,3201,84.0,60.0,43.0
1784039927.052419,386.176,1980,3201,84.0,60.0,43.0
1784039927.062420,386.176,1980,3201,84.0,60.0,43.0
1784039927.072421,386.176,1980,3201,84.0,60.0,43.0
1784039927.082420,386.176,1980,3201,84.0,60.0,43.0
1784039927.092420,387.058,1980,3201,85.0,61.0,43.0
1784039927.102420,387.058,1980,3201,85.0,61.0,43.0
1784039927.112422,387.058,1980,3201,85.0,61.0,43.0
1784039927.122419,387.058,1980,3201,85.0,61.0,43.0
1784039927.132420,387.058,1980,3201,85.0,61.0,43.0
1784039927.142421,387.058,1980,3201,85.0,61.0,43.0
1784039927.152420,387.058,1980,3201,85.0,61.0,43.0
1784039927.162420,387.058,1980,3201,85.0,61.0,43.0
1784039927.172421,387.058,1980,3201,85.0,61.0,43.0
1784039927.182420,387.058,1980,3201,85.0,61.0,43.0
1784039927.192421,387.528,1980,3201,85.0,61.0,43.0
1784039927.202421,387.528,1980,3201,85.0,61.0,43.0
1784039927.212423,387.528,1980,3201,85.0,61.0,43.0
1784039927.222422,387.528,1980,3201,85.0,61.0,43.0
1784039927.232419,387.528,1980,3201,85.0,61.0,43.0
1784039927.242421,387.528,1980,3201,85.0,61.0,43.0
1784039927.252428,387.528,1980,3201,85.0,61.0,43.0
1784039927.262530,387.528,1980,3201,85.0,61.0,43.0
1784039927.272422,387.528,1980,3201,85.0,61.0,43.0
1784039927.282423,387.528,1980,3201,85.0,61.0,43.0
1784039927.292422,387.264,1980,3201,85.0,61.0,43.0
1784039927.302422,387.264,1980,3201,85.0,61.0,43.0
1784039927.312421,387.264,1980,3201,85.0,61.0,43.0
1784039927.322424,387.264,1980,3201,85.0,61.0,43.0
1784039927.332421,387.264,1980,3201,85.0,61.0,43.0
1784039927.342421,387.264,1980,3201,85.0,61.0,43.0
1784039927.352421,387.264,1980,3201,85.0,61.0,43.0
1784039927.362421,387.264,1980,3201,85.0,61.0,43.0
1784039927.372421,387.264,1980,3201,85.0,61.0,43.0
1784039927.382577,387.264,1980,3201,85.0,61.0,43.0
1784039927.392420,386.901,1980,3201,85.0,61.0,43.0
1784039927.402422,386.901,1980,3201,85.0,61.0,43.0
1784039927.412422,386.901,1980,3201,85.0,61.0,43.0
1784039927.422424,386.901,1980,3201,85.0,61.0,43.0
1784039927.432424,386.901,1980,3201,85.0,61.0,43.0
1784039927.442423,386.901,1980,3201,85.0,61.0,43.0
1784039927.452477,386.901,1980,3201,85.0,61.0,43.0
1784039927.462424,386.901,1980,3201,85.0,61.0,43.0
1784039927.472423,386.901,1980,3201,85.0,61.0,43.0
1784039927.482424,386.901,1980,3201,85.0,61.0,43.0
1784039927.492425,386.651,1980,3201,81.0,57.0,43.0
1784039927.502423,386.651,1980,3201,81.0,57.0,43.0
1784039927.512422,386.651,1980,3201,81.0,57.0,43.0
1784039927.522423,386.651,1980,3201,81.0,57.0,43.0
1784039927.532424,386.651,1980,3201,81.0,57.0,43.0
1784039927.542426,386.651,1980,3201,81.0,57.0,43.0
1784039927.552423,386.651,1980,3201,81.0,57.0,43.0
1784039927.562425,386.651,1980,3201,81.0,57.0,43.0
1784039927.572421,386.651,1980,3201,81.0,57.0,43.0
1784039927.582426,386.651,1980,3201,81.0,57.0,43.0
1784039927.592426,385.969,1980,3201,81.0,57.0,43.0
1784039927.602426,385.969,1980,3201,81.0,57.0,43.0
1784039927.612420,385.969,1980,3201,81.0,57.0,43.0
1784039927.622426,385.969,1980,3201,81.0,57.0,43.0
1784039927.632425,385.969,1980,3201,81.0,57.0,43.0
1784039927.642424,385.969,1980,3201,81.0,57.0,43.0
1784039927.652425,385.969,1980,3201,81.0,57.0,43.0
1784039927.662426,385.969,1980,3201,81.0,57.0,43.0
1784039927.672425,385.969,1980,3201,81.0,57.0,43.0
1784039927.682423,385.969,1980,3201,81.0,57.0,43.0
1784039927.692423,384.017,1980,3201,84.0,60.0,43.0
1784039927.702421,384.017,1980,3201,84.0,60.0,43.0
1784039927.712419,384.017,1980,3201,84.0,60.0,43.0
1784039927.722424,384.017,1980,3201,84.0,60.0,43.0
1784039927.732422,384.017,1980,3201,84.0,60.0,43.0
1784039927.742424,384.017,1980,3201,84.0,60.0,43.0
1784039927.752424,384.017,1980,3201,84.0,60.0,43.0
1784039927.762424,384.017,1980,3201,84.0,60.0,43.0
1784039927.772424,384.017,1980,3201,84.0,60.0,43.0
1784039927.782420,384.017,1980,3201,84.0,60.0,43.0
1784039927.792424,383.784,1980,3201,84.0,60.0,43.0
1784039927.802426,383.784,1980,3201,84.0,60.0,43.0
1784039927.812424,383.784,1980,3201,84.0,60.0,43.0
1784039927.822424,383.784,1980,3201,84.0,60.0,43.0
1784039927.832425,383.784,1980,3201,84.0,60.0,43.0
1784039927.842424,383.784,1980,3201,84.0,60.0,43.0
1784039927.852423,383.784,1980,3201,84.0,60.0,43.0
1784039927.862424,383.784,1980,3201,84.0,60.0,43.0
1784039927.872426,383.784,1980,3201,84.0,60.0,43.0
1784039927.882425,383.784,1980,3201,84.0,60.0,43.0
1784039927.892424,383.826,1980,3201,83.0,60.0,43.0
1784039927.902424,383.826,1980,3201,83.0,60.0,43.0
1784039927.912425,383.826,1980,3201,83.0,60.0,43.0
1784039927.922424,383.826,1980,3201,83.0,60.0,43.0
1784039927.932423,383.826,1980,3201,83.0,60.0,43.0
1784039927.942715,383.826,1980,3201,83.0,60.0,43.0
1784039927.952425,383.826,1980,3201,83.0,60.0,43.0
1784039927.962425,383.826,1980,3201,83.0,60.0,43.0
1784039927.972425,383.826,1980,3201,83.0,60.0,43.0
1784039927.982425,383.826,1980,3201,83.0,60.0,43.0
1784039927.992425,384.398,1980,3201,83.0,60.0,43.0
1784039928.002425,384.398,1980,3201,83.0,60.0,43.0
1784039928.012423,384.398,1980,3201,83.0,60.0,43.0
1784039928.022424,384.398,1980,3201,83.0,60.0,43.0
1784039928.032424,384.398,1980,3201,83.0,60.0,43.0
1784039928.042425,384.398,1980,3201,83.0,60.0,43.0
1784039928.052423,384.398,1980,3201,83.0,60.0,43.0
1784039928.062425,384.398,1980,3201,83.0,60.0,43.0
1784039928.072425,384.398,1980,3201,83.0,60.0,43.0
1784039928.082424,384.398,1980,3201,83.0,60.0,43.0
1784039928.092419,383.704,1980,3201,83.0,60.0,43.0
1784039928.102419,383.704,1980,3201,83.0,60.0,43.0
1784039928.112420,383.704,1980,3201,83.0,60.0,43.0
1784039928.122419,383.704,1980,3201,83.0,60.0,43.0
1784039928.132420,383.704,1980,3201,83.0,60.0,43.0
1784039928.142419,383.704,1980,3201,83.0,60.0,43.0
1784039928.152419,383.704,1980,3201,83.0,60.0,43.0
1784039928.162421,383.704,1980,3201,83.0,60.0,43.0
1784039928.172419,383.704,1980,3201,83.0,60.0,43.0
1784039928.182420,383.704,1980,3201,83.0,60.0,43.0
1784039928.192421,383.306,1980,3201,83.0,60.0,43.0
1784039928.202421,383.306,1980,3201,83.0,60.0,43.0
1784039928.212418,383.306,1980,3201,83.0,60.0,43.0
1784039928.222422,383.306,1980,3201,83.0,60.0,43.0
1784039928.232589,383.306,1980,3201,83.0,60.0,43.0
1784039928.242420,383.306,1980,3201,83.0,60.0,43.0
1784039928.252419,383.306,1980,3201,83.0,60.0,43.0
1784039928.262419,383.306,1980,3201,83.0,60.0,43.0
1784039928.272420,383.306,1980,3201,83.0,60.0,43.0
1784039928.282496,383.306,1980,3201,83.0,60.0,43.0
1784039928.292420,386.606,1980,3201,85.0,61.0,44.0
1784039928.302420,386.606,1980,3201,85.0,61.0,44.0
1784039928.312419,386.606,1980,3201,85.0,61.0,44.0
1784039928.322422,386.606,1980,3201,85.0,61.0,44.0
1784039928.332421,386.606,1980,3201,85.0,61.0,44.0
1784039928.342420,386.606,1980,3201,85.0,61.0,44.0
1784039928.352419,386.606,1980,3201,85.0,61.0,44.0
1784039928.362426,386.606,1980,3201,85.0,61.0,44.0
1784039928.372420,386.606,1980,3201,85.0,61.0,44.0
1784039928.382419,386.606,1980,3201,85.0,61.0,44.0
1784039928.392420,387.088,1980,3201,85.0,61.0,43.0
1784039928.402420,387.088,1980,3201,85.0,61.0,43.0
1784039928.412420,387.088,1980,3201,85.0,61.0,43.0
1784039928.422420,387.088,1980,3201,85.0,61.0,43.0
1784039928.432418,387.088,1980,3201,85.0,61.0,43.0
1784039928.442420,387.088,1980,3201,85.0,61.0,43.0
1784039928.452420,387.088,1980,3201,85.0,61.0,43.0
1784039928.462419,387.088,1980,3201,85.0,61.0,43.0
1784039928.472420,387.088,1980,3201,85.0,61.0,43.0
1784039928.482421,387.088,1980,3201,85.0,61.0,43.0
1784039928.492419,387.669,1980,3201,85.0,61.0,43.0
1784039928.502420,387.669,1980,3201,85.0,61.0,43.0
1784039928.512415,387.669,1980,3201,85.0,61.0,43.0
1784039928.522421,387.669,1980,3201,85.0,61.0,43.0
1784039928.532420,387.669,1980,3201,85.0,61.0,43.0
1784039928.542420,387.669,1980,3201,85.0,61.0,43.0
1784039928.552419,387.669,1980,3201,85.0,61.0,43.0
1784039928.562420,387.669,1980,3201,85.0,61.0,43.0
1784039928.572421,387.669,1980,3201,85.0,61.0,43.0
1784039928.582421,387.669,1980,3201,85.0,61.0,43.0
1784039928.592421,388.549,1980,3201,85.0,61.0,43.0
1784039928.602420,388.549,1980,3201,85.0,61.0,43.0
1784039928.612420,388.549,1980,3201,85.0,61.0,43.0
1784039928.622422,388.549,1980,3201,85.0,61.0,43.0
1784039928.632423,388.549,1980,3201,85.0,61.0,43.0
1784039928.642423,388.549,1980,3201,85.0,61.0,43.0
1784039928.652420,388.549,1980,3201,85.0,61.0,43.0
1784039928.662422,388.549,1980,3201,85.0,61.0,43.0
1784039928.672422,388.549,1980,3201,85.0,61.0,43.0
1784039928.682614,388.549,1980,3201,85.0,61.0,43.0
1784039928.692422,388.187,1980,3201,85.0,61.0,43.0
1784039928.702420,388.187,1980,3201,85.0,61.0,43.0
1784039928.712421,388.187,1980,3201,85.0,61.0,43.0
1784039928.722422,388.187,1980,3201,85.0,61.0,43.0
1784039928.732420,388.187,1980,3201,85.0,61.0,43.0
1784039928.742421,388.187,1980,3201,85.0,61.0,43.0
1784039928.752480,388.187,1980,3201,85.0,61.0,43.0
1784039928.762422,388.187,1980,3201,85.0,61.0,43.0
1784039928.772420,388.187,1980,3201,85.0,61.0,43.0
1784039928.782420,388.187,1980,3201,85.0,61.0,43.0
1784039928.792420,389.593,1980,3201,85.0,61.0,43.0
1784039928.802421,389.593,1980,3201,85.0,61.0,43.0
1784039928.812420,389.593,1980,3201,85.0,61.0,43.0
1784039928.822420,389.593,1980,3201,85.0,61.0,43.0
1784039928.832419,389.593,1980,3201,85.0,61.0,43.0
1784039928.842419,389.593,1980,3201,85.0,61.0,43.0
1784039928.852419,389.593,1980,3201,85.0,61.0,43.0
1784039928.862420,389.593,1980,3201,85.0,61.0,43.0
1784039928.872421,389.593,1980,3201,85.0,61.0,43.0
1784039928.882420,389.593,1980,3201,85.0,61.0,43.0
1784039928.892420,390.673,1980,3201,85.0,61.0,43.0
1784039928.902420,390.673,1980,3201,85.0,61.0,43.0
1784039928.912421,390.673,1980,3201,85.0,61.0,43.0
1784039928.922420,390.673,1980,3201,85.0,61.0,43.0
1784039928.932420,390.673,1980,3201,85.0,61.0,43.0
1784039928.942421,390.673,1980,3201,85.0,61.0,43.0
1784039928.952420,390.673,1980,3201,85.0,61.0,43.0
1784039928.962422,390.673,1980,3201,85.0,61.0,43.0
1784039928.972422,390.673,1980,3201,85.0,61.0,43.0
1784039928.982423,390.673,1980,3201,85.0,61.0,43.0
1784039928.992421,391.417,1980,3201,85.0,61.0,43.0
1784039929.002422,391.417,1980,3201,85.0,61.0,43.0
1784039929.012423,391.417,1980,3201,85.0,61.0,43.0
1784039929.022414,391.417,1980,3201,85.0,61.0,43.0
1784039929.032424,391.417,1980,3201,85.0,61.0,43.0
1784039929.042421,391.417,1980,3201,85.0,61.0,43.0
1784039929.052421,391.417,1980,3201,85.0,61.0,43.0
1784039929.062421,391.417,1980,3201,85.0,61.0,43.0
1784039929.072421,391.417,1980,3201,85.0,61.0,43.0
1784039929.082421,391.417,1980,3201,85.0,61.0,43.0
1784039929.092421,393.778,1980,3201,85.0,61.0,44.0
1784039929.102422,393.778,1980,3201,85.0,61.0,44.0
1784039929.112421,393.778,1980,3201,85.0,61.0,44.0
1784039929.122422,393.778,1980,3201,85.0,61.0,44.0
1784039929.132421,393.778,1980,3201,85.0,61.0,44.0
1784039929.142421,393.778,1980,3201,85.0,61.0,44.0
1784039929.152421,393.778,1980,3201,85.0,61.0,44.0
1784039929.162423,393.778,1980,3201,85.0,61.0,44.0
1784039929.172423,393.778,1980,3201,85.0,61.0,44.0
1784039929.182420,393.778,1980,3201,85.0,61.0,44.0
1784039929.192422,394.445,1980,3201,85.0,61.0,43.0
1784039929.202647,394.445,1980,3201,85.0,61.0,43.0
1784039929.212422,394.445,1980,3201,85.0,61.0,43.0
1784039929.222421,394.445,1980,3201,85.0,61.0,43.0
1784039929.232421,394.445,1980,3201,85.0,61.0,43.0
1784039929.242423,394.445,1980,3201,85.0,61.0,43.0
1784039929.252420,394.445,1980,3201,85.0,61.0,43.0
1784039929.262421,394.445,1980,3201,85.0,61.0,43.0
1784039929.272422,394.445,1980,3201,85.0,61.0,43.0
1784039929.282422,394.445,1980,3201,85.0,61.0,43.0
1784039929.292421,390.861,1980,3201,85.0,61.0,43.0
1784039929.302422,390.861,1980,3201,85.0,61.0,43.0
1784039929.312421,390.861,1980,3201,85.0,61.0,43.0
1784039929.322420,390.861,1980,3201,85.0,61.0,43.0
1784039929.332422,390.861,1980,3201,85.0,61.0,43.0
1784039929.342422,390.861,1980,3201,85.0,61.0,43.0
1784039929.352422,390.861,1980,3201,85.0,61.0,43.0
1784039929.362422,390.861,1980,3201,85.0,61.0,43.0
1784039929.372473,390.861,1980,3201,85.0,61.0,43.0
1784039929.382425,390.861,1980,3201,85.0,61.0,43.0
1784039929.392423,390.585,1980,3201,85.0,61.0,43.0
1784039929.402423,390.585,1980,3201,85.0,61.0,43.0
1784039929.412422,390.585,1980,3201,85.0,61.0,43.0
1784039929.422417,390.585,1980,3201,85.0,61.0,43.0
1784039929.432422,390.585,1980,3201,85.0,61.0,43.0
1784039929.442425,390.585,1980,3201,85.0,61.0,43.0
1784039929.452423,390.585,1980,3201,85.0,61.0,43.0
1784039929.462422,390.585,1980,3201,85.0,61.0,43.0
1784039929.472423,390.585,1980,3201,85.0,61.0,43.0
1784039929.482423,390.585,1980,3201,85.0,61.0,43.0
1784039929.492419,389.378,1980,3201,85.0,61.0,43.0
1784039929.502423,389.378,1980,3201,85.0,61.0,43.0
1784039929.512424,389.378,1980,3201,85.0,61.0,43.0
1784039929.522423,389.378,1980,3201,85.0,61.0,43.0
1784039929.532422,389.378,1980,3201,85.0,61.0,43.0
1784039929.542422,389.378,1980,3201,85.0,61.0,43.0
1784039929.552424,389.378,1980,3201,85.0,61.0,43.0
1784039929.562649,389.378,1980,3201,85.0,61.0,43.0
1784039929.572424,389.378,1980,3201,85.0,61.0,43.0
1784039929.582425,389.378,1980,3201,85.0,61.0,43.0
1784039929.592424,389.061,1980,3201,85.0,61.0,43.0
1784039929.602422,389.061,1980,3201,85.0,61.0,43.0
1784039929.612424,389.061,1980,3201,85.0,61.0,43.0
1784039929.622423,389.061,1980,3201,85.0,61.0,43.0
1784039929.632636,389.061,1980,3201,85.0,61.0,43.0
1784039929.642425,389.061,1980,3201,85.0,61.0,43.0
1784039929.652423,389.061,1980,3201,85.0,61.0,43.0
1784039929.662424,389.061,1980,3201,85.0,61.0,43.0
1784039929.672425,389.061,1980,3201,85.0,61.0,43.0
1784039929.682423,389.061,1980,3201,85.0,61.0,43.0
1784039929.692422,389.667,1980,3201,84.0,60.0,43.0
1784039929.702577,389.667,1980,3201,84.0,60.0,43.0
1784039929.712425,389.667,1980,3201,84.0,60.0,43.0
1784039929.722422,389.667,1980,3201,84.0,60.0,43.0
1784039929.732423,389.667,1980,3201,84.0,60.0,43.0
1784039929.742422,389.667,1980,3201,84.0,60.0,43.0
1784039929.752420,389.667,1980,3201,84.0,60.0,43.0
1784039929.762420,389.667,1980,3201,84.0,60.0,43.0
1784039929.772419,389.667,1980,3201,84.0,60.0,43.0
1784039929.782422,389.667,1980,3201,84.0,60.0,43.0
1784039929.792421,388.859,1980,3201,84.0,60.0,43.0
1784039929.802419,388.859,1980,3201,84.0,60.0,43.0
1784039929.812420,388.859,1980,3201,84.0,60.0,43.0
1784039929.822420,388.859,1980,3201,84.0,60.0,43.0
1784039929.832419,388.859,1980,3201,84.0,60.0,43.0
1784039929.842491,388.859,1980,3201,84.0,60.0,43.0
1784039929.852423,388.859,1980,3201,84.0,60.0,43.0
1784039929.862421,388.859,1980,3201,84.0,60.0,43.0
1784039929.872420,388.859,1980,3201,84.0,60.0,43.0
1784039929.882421,388.859,1980,3201,84.0,60.0,43.0
1784039929.892420,388.763,1980,3201,85.0,61.0,43.0
1784039929.902628,388.763,1980,3201,85.0,61.0,43.0
1784039929.912420,388.763,1980,3201,85.0,61.0,43.0
1784039929.922420,388.763,1980,3201,85.0,61.0,43.0
1784039929.932420,388.763,1980,3201,85.0,61.0,43.0
1784039929.942420,388.763,1980,3201,85.0,61.0,43.0
1784039929.952421,388.763,1980,3201,85.0,61.0,43.0
1784039929.962422,388.763,1980,3201,85.0,61.0,43.0
1784039929.972420,388.763,1980,3201,85.0,61.0,43.0
1784039929.982420,388.763,1980,3201,85.0,61.0,43.0
1784039929.992419,388.047,1980,3201,85.0,61.0,43.0
1784039930.002421,388.047,1980,3201,85.0,61.0,43.0
1784039930.012422,388.047,1980,3201,85.0,61.0,43.0
1784039930.022420,388.047,1980,3201,85.0,61.0,43.0
1784039930.032419,388.047,1980,3201,85.0,61.0,43.0
1784039930.042419,388.047,1980,3201,85.0,61.0,43.0
1784039930.052420,388.047,1980,3201,85.0,61.0,43.0
1784039930.062421,388.047,1980,3201,85.0,61.0,43.0
1784039930.072420,388.047,1980,3201,85.0,61.0,43.0
1784039930.082421,388.047,1980,3201,85.0,61.0,43.0
1784039930.092420,386.456,1980,3201,85.0,61.0,43.0
1784039930.102422,386.456,1980,3201,85.0,61.0,43.0
1784039930.112420,386.456,1980,3201,85.0,61.0,43.0
1784039930.122418,386.456,1980,3201,85.0,61.0,43.0
1784039930.132414,386.456,1980,3201,85.0,61.0,43.0
1784039930.142420,386.456,1980,3201,85.0,61.0,43.0
1784039930.152417,386.456,1980,3201,85.0,61.0,43.0
1784039930.162421,386.456,1980,3201,85.0,61.0,43.0
1784039930.172417,386.456,1980,3201,85.0,61.0,43.0
1784039930.182414,386.456,1980,3201,85.0,61.0,43.0
1784039930.192419,385.944,1980,3201,85.0,61.0,43.0
1784039930.202417,385.944,1980,3201,85.0,61.0,43.0
1784039930.212420,385.944,1980,3201,85.0,61.0,43.0
1784039930.222417,385.944,1980,3201,85.0,61.0,43.0
1784039930.232412,385.944,1980,3201,85.0,61.0,43.0
1784039930.242420,385.944,1980,3201,85.0,61.0,43.0
1784039930.252422,385.944,1980,3201,85.0,61.0,43.0
1784039930.262422,385.944,1980,3201,85.0,61.0,43.0
1784039930.272418,385.944,1980,3201,85.0,61.0,43.0
1784039930.282415,385.944,1980,3201,85.0,61.0,43.0
1784039930.292424,386.687,1980,3201,85.0,61.0,43.0
1784039930.302419,386.687,1980,3201,85.0,61.0,43.0
1784039930.312423,386.687,1980,3201,85.0,61.0,43.0
1784039930.322418,386.687,1980,3201,85.0,61.0,43.0
1784039930.332422,386.687,1980,3201,85.0,61.0,43.0
1784039930.342418,386.687,1980,3201,85.0,61.0,43.0
1784039930.352420,386.687,1980,3201,85.0,61.0,43.0
1784039930.362422,386.687,1980,3201,85.0,61.0,43.0
1784039930.372419,386.687,1980,3201,85.0,61.0,43.0
1784039930.382421,386.687,1980,3201,85.0,61.0,43.0
1784039930.392419,386.704,1980,3201,85.0,61.0,43.0
1784039930.402441,386.704,1980,3201,85.0,61.0,43.0
1784039930.412422,386.704,1980,3201,85.0,61.0,43.0
1784039930.422419,386.704,1980,3201,85.0,61.0,43.0
1784039930.432422,386.704,1980,3201,85.0,61.0,43.0
1784039930.442418,386.704,1980,3201,85.0,61.0,43.0
1784039930.452415,386.704,1980,3201,85.0,61.0,43.0
1784039930.462424,386.704,1980,3201,85.0,61.0,43.0
1784039930.472418,386.704,1980,3201,85.0,61.0,43.0
1784039930.482423,386.704,1980,3201,85.0,61.0,43.0
1784039930.492419,387.767,1980,3201,85.0,61.0,43.0
1784039930.502424,387.767,1980,3201,85.0,61.0,43.0
1784039930.512424,387.767,1980,3201,85.0,61.0,43.0
1784039930.522590,387.767,1980,3201,85.0,61.0,43.0
1784039930.532425,387.767,1980,3201,85.0,61.0,43.0
1784039930.542424,387.767,1980,3201,85.0,61.0,43.0
1784039930.552426,387.767,1980,3201,85.0,61.0,43.0
1784039930.562426,387.767,1980,3201,85.0,61.0,43.0
1784039930.572424,387.767,1980,3201,85.0,61.0,43.0
1784039930.582422,387.767,1980,3201,85.0,61.0,43.0
1784039930.592421,388.257,1980,3201,85.0,61.0,43.0
1784039930.602421,388.257,1980,3201,85.0,61.0,43.0
1784039930.612421,388.257,1980,3201,85.0,61.0,43.0
1784039930.622421,388.257,1980,3201,85.0,61.0,43.0
1784039930.632421,388.257,1980,3201,85.0,61.0,43.0
1784039930.642421,388.257,1980,3201,85.0,61.0,43.0
1784039930.652419,388.257,1980,3201,85.0,61.0,43.0
1784039930.662419,388.257,1980,3201,85.0,61.0,43.0
1784039930.672417,388.257,1980,3201,85.0,61.0,43.0
1784039930.682421,388.257,1980,3201,85.0,61.0,43.0
1784039930.692420,390.121,1980,3201,84.0,60.0,43.0
1784039930.702420,390.121,1980,3201,84.0,60.0,43.0
1784039930.712421,390.121,1980,3201,84.0,60.0,43.0
1784039930.722419,390.121,1980,3201,84.0,60.0,43.0
1784039930.732419,390.121,1980,3201,84.0,60.0,43.0
1784039930.742420,390.121,1980,3201,84.0,60.0,43.0
1784039930.752420,390.121,1980,3201,84.0,60.0,43.0
1784039930.762420,390.121,1980,3201,84.0,60.0,43.0
1784039930.772420,390.121,1980,3201,84.0,60.0,43.0
1784039930.782421,390.121,1980,3201,84.0,60.0,43.0
1784039930.792421,391.380,1980,3201,84.0,60.0,44.0
1784039930.802422,391.380,1980,3201,84.0,60.0,44.0
1784039930.812421,391.380,1980,3201,84.0,60.0,44.0
1784039930.822419,391.380,1980,3201,84.0,60.0,44.0
1784039930.832419,391.380,1980,3201,84.0,60.0,44.0
1784039930.842421,391.380,1980,3201,84.0,60.0,44.0
1784039930.852420,391.380,1980,3201,84.0,60.0,44.0
1784039930.862421,391.380,1980,3201,84.0,60.0,44.0
1784039930.872419,391.380,1980,3201,84.0,60.0,44.0
1784039930.882420,391.380,1980,3201,84.0,60.0,44.0
1784039930.892421,391.341,1980,3201,85.0,61.0,43.0
1784039930.902421,391.341,1980,3201,85.0,61.0,43.0
1784039930.912422,391.341,1980,3201,85.0,61.0,43.0
1784039930.922420,391.341,1980,3201,85.0,61.0,43.0
1784039930.932422,391.341,1980,3201,85.0,61.0,43.0
1784039930.942423,391.341,1980,3201,85.0,61.0,43.0
1784039930.952422,391.341,1980,3201,85.0,61.0,43.0
1784039930.962423,391.341,1980,3201,85.0,61.0,43.0
1784039930.972423,391.341,1980,3201,85.0,61.0,43.0
1784039930.982422,391.341,1980,3201,85.0,61.0,43.0
1784039930.992515,391.406,1980,3201,85.0,61.0,43.0
1784039931.002422,391.406,1980,3201,85.0,61.0,43.0
1784039931.012421,391.406,1980,3201,85.0,61.0,43.0
1784039931.022422,391.406,1980,3201,85.0,61.0,43.0
1784039931.032421,391.406,1980,3201,85.0,61.0,43.0
1784039931.042419,391.406,1980,3201,85.0,61.0,43.0
1784039931.052421,391.406,1980,3201,85.0,61.0,43.0
1784039931.062421,391.406,1980,3201,85.0,61.0,43.0
1784039931.072422,391.406,1980,3201,85.0,61.0,43.0
1784039931.082421,391.406,1980,3201,85.0,61.0,43.0
1784039931.092422,391.137,1980,3201,84.0,60.0,43.0
1784039931.102421,391.137,1980,3201,84.0,60.0,43.0
1784039931.112424,391.137,1980,3201,84.0,60.0,43.0
1784039931.122424,391.137,1980,3201,84.0,60.0,43.0
1784039931.132422,391.137,1980,3201,84.0,60.0,43.0
1784039931.142422,391.137,1980,3201,84.0,60.0,43.0
1784039931.152423,391.137,1980,3201,84.0,60.0,43.0
1784039931.162418,391.137,1980,3201,84.0,60.0,43.0
1784039931.172424,391.137,1980,3201,84.0,60.0,43.0
1784039931.182425,391.137,1980,3201,84.0,60.0,43.0
1784039931.192424,391.467,1980,3201,84.0,60.0,43.0
1784039931.202424,391.467,1980,3201,84.0,60.0,43.0
1784039931.212426,391.467,1980,3201,84.0,60.0,43.0
1784039931.222425,391.467,1980,3201,84.0,60.0,43.0
1784039931.232423,391.467,1980,3201,84.0,60.0,43.0
1784039931.242423,391.467,1980,3201,84.0,60.0,43.0
1784039931.252424,391.467,1980,3201,84.0,60.0,43.0
1784039931.262424,391.467,1980,3201,84.0,60.0,43.0
1784039931.272424,391.467,1980,3201,84.0,60.0,43.0
1784039931.282425,391.467,1980,3201,84.0,60.0,43.0
1784039931.292425,391.171,1980,3201,84.0,60.0,43.0
1784039931.302423,391.171,1980,3201,84.0,60.0,43.0
1784039931.312424,391.171,1980,3201,84.0,60.0,43.0
1784039931.322426,391.171,1980,3201,84.0,60.0,43.0
1784039931.332425,391.171,1980,3201,84.0,60.0,43.0
1784039931.342423,391.171,1980,3201,84.0,60.0,43.0
1784039931.352423,391.171,1980,3201,84.0,60.0,43.0
1784039931.362422,391.171,1980,3201,84.0,60.0,43.0
1784039931.372422,391.171,1980,3201,84.0,60.0,43.0
1784039931.382422,391.171,1980,3201,84.0,60.0,43.0
1784039931.392423,391.703,1980,3201,84.0,60.0,43.0
1784039931.402423,391.703,1980,3201,84.0,60.0,43.0
1784039931.412422,391.703,1980,3201,84.0,60.0,43.0
1784039931.422422,391.703,1980,3201,84.0,60.0,43.0
1784039931.432422,391.703,1980,3201,84.0,60.0,43.0
1784039931.442424,391.703,1980,3201,84.0,60.0,43.0
1784039931.452423,391.703,1980,3201,84.0,60.0,43.0
1784039931.462421,391.703,1980,3201,84.0,60.0,43.0
1784039931.472424,391.703,1980,3201,84.0,60.0,43.0
1784039931.482416,391.703,1980,3201,84.0,60.0,43.0
1784039931.492537,391.857,1980,3201,85.0,61.0,43.0
1784039931.502427,391.857,1980,3201,85.0,61.0,43.0
1784039931.512424,391.857,1980,3201,85.0,61.0,43.0
1784039931.522427,391.857,1980,3201,85.0,61.0,43.0
1784039931.532423,391.857,1980,3201,85.0,61.0,43.0
1784039931.542427,391.857,1980,3201,85.0,61.0,43.0
1784039931.552422,391.857,1980,3201,85.0,61.0,43.0
1784039931.562552,391.857,1980,3201,85.0,61.0,43.0
1784039931.572427,391.857,1980,3201,85.0,61.0,43.0
1784039931.582422,391.857,1980,3201,85.0,61.0,43.0
1784039931.592426,392.474,1980,3201,85.0,61.0,44.0
1784039931.602422,392.474,1980,3201,85.0,61.0,44.0
1784039931.612425,392.474,1980,3201,85.0,61.0,44.0
1784039931.622422,392.474,1980,3201,85.0,61.0,44.0
1784039931.632415,392.474,1980,3201,85.0,61.0,44.0
1784039931.642420,392.474,1980,3201,85.0,61.0,44.0
1784039931.652422,392.474,1980,3201,85.0,61.0,44.0
1784039931.662425,392.474,1980,3201,85.0,61.0,44.0
1784039931.672422,392.474,1980,3201,85.0,61.0,44.0
1784039931.682426,392.474,1980,3201,85.0,61.0,44.0
1784039931.692423,390.053,1980,3201,83.0,59.0,43.0
1784039931.702424,390.053,1980,3201,83.0,59.0,43.0
1784039931.712421,390.053,1980,3201,83.0,59.0,43.0
1784039931.722456,390.053,1980,3201,83.0,59.0,43.0
1784039931.732426,390.053,1980,3201,83.0,59.0,43.0
1784039931.742422,390.053,1980,3201,83.0,59.0,43.0
1784039931.752425,390.053,1980,3201,83.0,59.0,43.0
1784039931.762422,390.053,1980,3201,83.0,59.0,43.0
1784039931.772423,390.053,1980,3201,83.0,59.0,43.0
1784039931.782417,390.053,1980,3201,83.0,59.0,43.0
1784039931.792418,388.633,1980,3201,83.0,59.0,43.0
1784039931.802419,388.633,1980,3201,83.0,59.0,43.0
1784039931.812418,388.633,1980,3201,83.0,59.0,43.0
1784039931.822420,388.633,1980,3201,83.0,59.0,43.0
1784039931.832418,388.633,1980,3201,83.0,59.0,43.0
1784039931.842418,388.633,1980,3201,83.0,59.0,43.0
1784039931.852420,388.633,1980,3201,83.0,59.0,43.0
1784039931.862417,388.633,1980,3201,83.0,59.0,43.0
1784039931.872414,388.633,1980,3201,83.0,59.0,43.0
1784039931.882421,388.633,1980,3201,83.0,59.0,43.0
1784039931.892420,388.165,1980,3201,84.0,60.0,43.0
1784039931.902421,388.165,1980,3201,84.0,60.0,43.0
1784039931.912419,388.165,1980,3201,84.0,60.0,43.0
1784039931.922420,388.165,1980,3201,84.0,60.0,43.0
1784039931.932417,388.165,1980,3201,84.0,60.0,43.0
1784039931.942413,388.165,1980,3201,84.0,60.0,43.0
1784039931.952420,388.165,1980,3201,84.0,60.0,43.0
1784039931.962421,388.165,1980,3201,84.0,60.0,43.0
1784039931.972421,388.165,1980,3201,84.0,60.0,43.0
1784039931.982420,388.165,1980,3201,84.0,60.0,43.0
1784039931.992419,388.021,1980,3201,84.0,60.0,43.0
1784039932.002421,388.021,1980,3201,84.0,60.0,43.0
1784039932.012420,388.021,1980,3201,84.0,60.0,43.0
1784039932.022420,388.021,1980,3201,84.0,60.0,43.0
1784039932.032419,388.021,1980,3201,84.0,60.0,43.0
1784039932.042416,388.021,1980,3201,84.0,60.0,43.0
1784039932.052420,388.021,1980,3201,84.0,60.0,43.0
1784039932.062422,388.021,1980,3201,84.0,60.0,43.0
1784039932.072420,388.021,1980,3201,84.0,60.0,43.0
1784039932.082420,388.021,1980,3201,84.0,60.0,43.0
1784039932.092417,388.674,1980,3201,85.0,61.0,43.0
1784039932.102420,388.674,1980,3201,85.0,61.0,43.0
1784039932.112421,388.674,1980,3201,85.0,61.0,43.0
1784039932.122420,388.674,1980,3201,85.0,61.0,43.0
1784039932.132420,388.674,1980,3201,85.0,61.0,43.0
1784039932.142412,388.674,1980,3201,85.0,61.0,43.0
1784039932.152420,388.674,1980,3201,85.0,61.0,43.0
1784039932.162417,388.674,1980,3201,85.0,61.0,43.0
1784039932.172420,388.674,1980,3201,85.0,61.0,43.0
1784039932.182418,388.674,1980,3201,85.0,61.0,43.0
1784039932.192590,387.938,1980,3201,85.0,61.0,43.0
1784039932.202421,387.938,1980,3201,85.0,61.0,43.0
1784039932.212417,387.938,1980,3201,85.0,61.0,43.0
1784039932.222420,387.938,1980,3201,85.0,61.0,43.0
1784039932.232419,387.938,1980,3201,85.0,61.0,43.0
1784039932.242413,387.938,1980,3201,85.0,61.0,43.0
1784039932.252421,387.938,1980,3201,85.0,61.0,43.0
1784039932.262420,387.938,1980,3201,85.0,61.0,43.0
1784039932.272423,387.938,1980,3201,85.0,61.0,43.0
1784039932.282419,387.938,1980,3201,85.0,61.0,43.0
1784039932.292422,388.202,1980,3201,85.0,61.0,43.0
1784039932.302413,388.202,1980,3201,85.0,61.0,43.0
1784039932.312420,388.202,1980,3201,85.0,61.0,43.0
1784039932.322425,388.202,1980,3201,85.0,61.0,43.0
1784039932.332420,388.202,1980,3201,85.0,61.0,43.0
1784039932.342423,388.202,1980,3201,85.0,61.0,43.0
1784039932.352421,388.202,1980,3201,85.0,61.0,43.0
1784039932.362423,388.202,1980,3201,85.0,61.0,43.0
1784039932.372425,388.202,1980,3201,85.0,61.0,43.0
1784039932.382421,388.202,1980,3201,85.0,61.0,43.0
1784039932.392426,389.161,1980,3201,85.0,61.0,44.0
1784039932.402422,389.161,1980,3201,85.0,61.0,44.0
1784039932.412425,389.161,1980,3201,85.0,61.0,44.0
1784039932.422422,389.161,1980,3201,85.0,61.0,44.0
1784039932.432524,389.161,1980,3201,85.0,61.0,44.0
1784039932.442426,389.161,1980,3201,85.0,61.0,44.0
1784039932.452421,389.161,1980,3201,85.0,61.0,44.0
1784039932.462427,389.161,1980,3201,85.0,61.0,44.0
1784039932.472422,389.161,1980,3201,85.0,61.0,44.0
1784039932.482425,389.161,1980,3201,85.0,61.0,44.0
1784039932.492422,388.965,1980,3201,84.0,59.0,43.0
1784039932.502417,388.965,1980,3201,84.0,59.0,43.0
1784039932.512427,388.965,1980,3201,84.0,59.0,43.0
1784039932.522422,388.965,1980,3201,84.0,59.0,43.0
1784039932.532425,388.965,1980,3201,84.0,59.0,43.0
1784039932.542423,388.965,1980,3201,84.0,59.0,43.0
1784039932.552425,388.965,1980,3201,84.0,59.0,43.0
1784039932.562422,388.965,1980,3201,84.0,59.0,43.0
1784039932.572414,388.965,1980,3201,84.0,59.0,43.0
1784039932.582425,388.965,1980,3201,84.0,59.0,43.0
1784039932.592423,386.667,1980,3201,84.0,59.0,43.0
1784039932.602424,386.667,1980,3201,84.0,59.0,43.0
1784039932.612422,386.667,1980,3201,84.0,59.0,43.0
1784039932.622422,386.667,1980,3201,84.0,59.0,43.0
1784039932.632422,386.667,1980,3201,84.0,59.0,43.0
1784039932.642650,386.667,1980,3201,84.0,59.0,43.0
1784039932.652423,386.667,1980,3201,84.0,59.0,43.0
1784039932.662416,386.667,1980,3201,84.0,59.0,43.0
1784039932.672423,386.667,1980,3201,84.0,59.0,43.0
1784039932.682423,386.667,1980,3201,84.0,59.0,43.0
1784039932.692422,386.596,1980,3201,84.0,60.0,43.0
1784039932.702423,386.596,1980,3201,84.0,60.0,43.0
1784039932.712591,386.596,1980,3201,84.0,60.0,43.0
1784039932.722424,386.596,1980,3201,84.0,60.0,43.0
1784039932.732421,386.596,1980,3201,84.0,60.0,43.0
1784039932.742424,386.596,1980,3201,84.0,60.0,43.0
1784039932.752423,386.596,1980,3201,84.0,60.0,43.0
1784039932.762424,386.596,1980,3201,84.0,60.0,43.0
1784039932.772425,386.596,1980,3201,84.0,60.0,43.0
1784039932.782421,386.596,1980,3201,84.0,60.0,43.0
1784039932.792426,387.307,1980,3201,84.0,60.0,43.0
1784039932.802426,387.307,1980,3201,84.0,60.0,43.0
1784039932.812425,387.307,1980,3201,84.0,60.0,43.0
1784039932.822425,387.307,1980,3201,84.0,60.0,43.0
1784039932.832426,387.307,1980,3201,84.0,60.0,43.0
1784039932.842424,387.307,1980,3201,84.0,60.0,43.0
1784039932.852424,387.307,1980,3201,84.0,60.0,43.0
1784039932.862425,387.307,1980,3201,84.0,60.0,43.0
1784039932.872458,387.307,1980,3201,84.0,60.0,43.0
1784039932.882424,387.307,1980,3201,84.0,60.0,43.0
1784039932.892424,386.102,1980,3201,83.0,59.0,43.0
1784039932.902425,386.102,1980,3201,83.0,59.0,43.0
1784039932.912421,386.102,1980,3201,83.0,59.0,43.0
1784039932.922422,386.102,1980,3201,83.0,59.0,43.0
1784039932.932423,386.102,1980,3201,83.0,59.0,43.0
1784039932.942623,386.102,1980,3201,83.0,59.0,43.0
1784039932.952426,386.102,1980,3201,83.0,59.0,43.0
1784039932.962423,386.102,1980,3201,83.0,59.0,43.0
1784039932.972424,386.102,1980,3201,83.0,59.0,43.0
1784039932.982424,386.102,1980,3201,83.0,59.0,43.0
1784039932.992423,387.054,1980,3201,83.0,59.0,43.0
1784039933.002425,387.054,1980,3201,83.0,59.0,43.0
1784039933.012517,387.054,1980,3201,83.0,59.0,43.0
1784039933.022424,387.054,1980,3201,83.0,59.0,43.0
1784039933.032423,387.054,1980,3201,83.0,59.0,43.0
1784039933.042425,387.054,1980,3201,83.0,59.0,43.0
1784039933.052426,387.054,1980,3201,83.0,59.0,43.0
1784039933.062426,387.054,1980,3201,83.0,59.0,43.0
1784039933.072426,387.054,1980,3201,83.0,59.0,43.0
1784039933.082420,387.054,1980,3201,83.0,59.0,43.0
1784039933.092426,386.326,1980,3201,84.0,60.0,43.0
1784039933.102426,386.326,1980,3201,84.0,60.0,43.0
1784039933.112427,386.326,1980,3201,84.0,60.0,43.0
1784039933.122502,386.326,1980,3201,84.0,60.0,43.0
1784039933.132427,386.326,1980,3201,84.0,60.0,43.0
1784039933.142428,386.326,1980,3201,84.0,60.0,43.0
1784039933.152421,386.326,1980,3201,84.0,60.0,43.0
1784039933.162426,386.326,1980,3201,84.0,60.0,43.0
1784039933.172427,386.326,1980,3201,84.0,60.0,43.0
1784039933.182425,386.326,1980,3201,84.0,60.0,43.0
1784039933.192426,386.924,1980,3201,84.0,60.0,44.0
1784039933.202426,386.924,1980,3201,84.0,60.0,44.0
1784039933.212426,386.924,1980,3201,84.0,60.0,44.0
1784039933.222424,386.924,1980,3201,84.0,60.0,44.0
1784039933.232426,386.924,1980,3201,84.0,60.0,44.0
1784039933.242503,386.924,1980,3201,84.0,60.0,44.0
1784039933.252426,386.924,1980,3201,84.0,60.0,44.0
1784039933.262427,386.924,1980,3201,84.0,60.0,44.0
1784039933.272427,386.924,1980,3201,84.0,60.0,44.0
1784039933.282425,386.924,1980,3201,84.0,60.0,44.0
1784039933.292425,386.661,1980,3201,81.0,57.0,44.0
1784039933.302428,386.661,1980,3201,81.0,57.0,44.0
1784039933.312589,386.661,1980,3201,81.0,57.0,44.0
1784039933.322429,386.661,1980,3201,81.0,57.0,44.0
1784039933.332427,386.661,1980,3201,81.0,57.0,44.0
1784039933.342426,386.661,1980,3201,81.0,57.0,44.0
1784039933.352426,386.661,1980,3201,81.0,57.0,44.0
1784039933.362426,386.661,1980,3201,81.0,57.0,44.0
1784039933.372426,386.661,1980,3201,81.0,57.0,44.0
1784039933.382421,386.661,1980,3201,81.0,57.0,44.0
1784039933.392426,384.550,1980,3201,81.0,57.0,43.0
1784039933.402427,384.550,1980,3201,81.0,57.0,43.0
1784039933.412426,384.550,1980,3201,81.0,57.0,43.0
1784039933.422426,384.550,1980,3201,81.0,57.0,43.0
1784039933.432426,384.550,1980,3201,81.0,57.0,43.0
1784039933.442423,384.550,1980,3201,81.0,57.0,43.0
1784039933.452419,384.550,1980,3201,81.0,57.0,43.0
1784039933.462420,384.550,1980,3201,81.0,57.0,43.0
1784039933.472421,384.550,1980,3201,81.0,57.0,43.0
1784039933.482420,384.550,1980,3201,81.0,57.0,43.0
1784039933.492420,385.301,1980,3201,83.0,59.0,43.0
1784039933.502420,385.301,1980,3201,83.0,59.0,43.0
1784039933.512421,385.301,1980,3201,83.0,59.0,43.0
1784039933.522423,385.301,1980,3201,83.0,59.0,43.0
1784039933.532420,385.301,1980,3201,83.0,59.0,43.0
1784039933.542420,385.301,1980,3201,83.0,59.0,43.0
1784039933.552419,385.301,1980,3201,83.0,59.0,43.0
1784039933.562420,385.301,1980,3201,83.0,59.0,43.0
1784039933.572420,385.301,1980,3201,83.0,59.0,43.0
1784039933.582421,385.301,1980,3201,83.0,59.0,43.0
1784039933.592421,386.584,1980,3201,83.0,59.0,43.0
1784039933.602417,386.584,1980,3201,83.0,59.0,43.0
1784039933.612421,386.584,1980,3201,83.0,59.0,43.0
1784039933.622420,386.584,1980,3201,83.0,59.0,43.0
1784039933.632421,386.584,1980,3201,83.0,59.0,43.0
1784039933.642421,386.584,1980,3201,83.0,59.0,43.0
1784039933.652417,386.584,1980,3201,83.0,59.0,43.0
1784039933.662421,386.584,1980,3201,83.0,59.0,43.0
1784039933.672420,386.584,1980,3201,83.0,59.0,43.0
1784039933.682420,386.584,1980,3201,83.0,59.0,43.0
1784039933.692422,387.321,1980,3201,85.0,61.0,43.0
1784039933.702561,387.321,1980,3201,85.0,61.0,43.0
1784039933.712421,387.321,1980,3201,85.0,61.0,43.0
1784039933.722419,387.321,1980,3201,85.0,61.0,43.0
1784039933.732420,387.321,1980,3201,85.0,61.0,43.0
1784039933.742421,387.321,1980,3201,85.0,61.0,43.0
1784039933.752468,387.321,1980,3201,85.0,61.0,43.0
1784039933.762420,387.321,1980,3201,85.0,61.0,43.0
1784039933.772420,387.321,1980,3201,85.0,61.0,43.0
1784039933.782421,387.321,1980,3201,85.0,61.0,43.0
1784039933.792420,387.477,1980,3201,85.0,61.0,43.0
1784039933.802418,387.477,1980,3201,85.0,61.0,43.0
1784039933.812423,387.477,1980,3201,85.0,61.0,43.0
1784039933.822422,387.477,1980,3201,85.0,61.0,43.0
1784039933.832421,387.477,1980,3201,85.0,61.0,43.0
1784039933.842421,387.477,1980,3201,85.0,61.0,43.0
1784039933.852420,387.477,1980,3201,85.0,61.0,43.0
1784039933.862419,387.477,1980,3201,85.0,61.0,43.0
1784039933.872420,387.477,1980,3201,85.0,61.0,43.0
1784039933.882421,387.477,1980,3201,85.0,61.0,43.0
1784039933.892420,388.700,1980,3201,85.0,61.0,43.0
1784039933.902419,388.700,1980,3201,85.0,61.0,43.0
1784039933.912421,388.700,1980,3201,85.0,61.0,43.0
1784039933.922420,388.700,1980,3201,85.0,61.0,43.0
1784039933.932421,388.700,1980,3201,85.0,61.0,43.0
1784039933.942418,388.700,1980,3201,85.0,61.0,43.0
1784039933.952426,388.700,1980,3201,85.0,61.0,43.0
1784039933.962423,388.700,1980,3201,85.0,61.0,43.0
1784039933.972418,388.700,1980,3201,85.0,61.0,43.0
1784039933.982422,388.700,1980,3201,85.0,61.0,43.0
1784039933.992422,388.915,1980,3201,85.0,61.0,43.0
1784039934.002447,388.915,1980,3201,85.0,61.0,43.0
1784039934.012424,388.915,1980,3201,85.0,61.0,43.0
1784039934.022418,388.915,1980,3201,85.0,61.0,43.0
1784039934.032423,388.915,1980,3201,85.0,61.0,43.0
1784039934.042422,388.915,1980,3201,85.0,61.0,43.0
1784039934.052424,388.915,1980,3201,85.0,61.0,43.0
1784039934.062423,388.915,1980,3201,85.0,61.0,43.0
1784039934.072423,388.915,1980,3201,85.0,61.0,43.0
1784039934.082422,388.915,1980,3201,85.0,61.0,43.0
1784039934.092422,389.290,1980,3201,82.0,58.0,44.0
1784039934.102424,389.290,1980,3201,82.0,58.0,44.0
1784039934.112422,389.290,1980,3201,82.0,58.0,44.0
1784039934.122423,389.290,1980,3201,82.0,58.0,44.0
1784039934.132423,389.290,1980,3201,82.0,58.0,44.0
1784039934.142423,389.290,1980,3201,82.0,58.0,44.0
1784039934.152423,389.290,1980,3201,82.0,58.0,44.0
1784039934.162424,389.290,1980,3201,82.0,58.0,44.0
1784039934.172425,389.290,1980,3201,82.0,58.0,44.0
1784039934.182470,389.290,1980,3201,82.0,58.0,44.0
1784039934.192418,388.024,1980,3201,82.0,58.0,44.0
1784039934.202424,388.024,1980,3201,82.0,58.0,44.0
1784039934.212416,388.024,1980,3201,82.0,58.0,44.0
1784039934.222417,388.024,1980,3201,82.0,58.0,44.0
1784039934.232419,388.024,1980,3201,82.0,58.0,44.0
1784039934.242419,388.024,1980,3201,82.0,58.0,44.0
1784039934.252419,388.024,1980,3201,82.0,58.0,44.0
1784039934.262605,388.024,1980,3201,82.0,58.0,44.0
1784039934.272417,388.024,1980,3201,82.0,58.0,44.0
1784039934.282418,388.024,1980,3201,82.0,58.0,44.0
1784039934.292418,388.251,1980,3201,84.0,60.0,43.0
1784039934.302417,388.251,1980,3201,84.0,60.0,43.0
1784039934.312625,388.251,1980,3201,84.0,60.0,43.0
1784039934.322416,388.251,1980,3201,84.0,60.0,43.0
1784039934.332417,388.251,1980,3201,84.0,60.0,43.0
1784039934.342416,388.251,1980,3201,84.0,60.0,43.0
1784039934.352416,388.251,1980,3201,84.0,60.0,43.0
1784039934.362445,388.251,1980,3201,84.0,60.0,43.0
1784039934.372420,388.251,1980,3201,84.0,60.0,43.0
1784039934.382418,388.251,1980,3201,84.0,60.0,43.0
1784039934.392422,389.062,1980,3201,84.0,60.0,43.0
1784039934.402519,389.062,1980,3201,84.0,60.0,43.0
1784039934.412422,389.062,1980,3201,84.0,60.0,43.0
1784039934.422417,389.062,1980,3201,84.0,60.0,43.0
1784039934.432420,389.062,1980,3201,84.0,60.0,43.0
1784039934.442419,389.062,1980,3201,84.0,60.0,43.0
1784039934.452419,389.062,1980,3201,84.0,60.0,43.0
1784039934.462419,389.062,1980,3201,84.0,60.0,43.0
1784039934.472418,389.062,1980,3201,84.0,60.0,43.0
1784039934.482420,389.062,1980,3201,84.0,60.0,43.0
1784039934.492420,389.948,1980,3201,83.0,59.0,43.0
1784039934.502420,389.948,1980,3201,83.0,59.0,43.0
1784039934.512421,389.948,1980,3201,83.0,59.0,43.0
1784039934.522415,389.948,1980,3201,83.0,59.0,43.0
1784039934.532420,389.948,1980,3201,83.0,59.0,43.0
1784039934.542418,389.948,1980,3201,83.0,59.0,43.0
1784039934.552421,389.948,1980,3201,83.0,59.0,43.0
1784039934.562420,389.948,1980,3201,83.0,59.0,43.0
1784039934.572448,389.948,1980,3201,83.0,59.0,43.0
1784039934.582423,389.948,1980,3201,83.0,59.0,43.0
1784039934.592419,390.047,1980,3201,83.0,59.0,43.0
1784039934.602422,390.047,1980,3201,83.0,59.0,43.0
1784039934.612421,390.047,1980,3201,83.0,59.0,43.0
1784039934.622414,390.047,1980,3201,83.0,59.0,43.0
1784039934.632423,390.047,1980,3201,83.0,59.0,43.0
1784039934.642418,390.047,1980,3201,83.0,59.0,43.0
1784039934.652421,390.047,1980,3201,83.0,59.0,43.0
1784039934.662422,390.047,1980,3201,83.0,59.0,43.0
1784039934.672422,390.047,1980,3201,83.0,59.0,43.0
1784039934.682421,390.047,1980,3201,83.0,59.0,43.0
1784039934.692471,389.810,1980,3201,85.0,61.0,44.0
1784039934.702422,389.810,1980,3201,85.0,61.0,44.0
1784039934.712416,389.810,1980,3201,85.0,61.0,44.0
1784039934.722420,389.810,1980,3201,85.0,61.0,44.0
1784039934.732421,389.810,1980,3201,85.0,61.0,44.0
1784039934.742420,389.810,1980,3201,85.0,61.0,44.0
1784039934.752421,389.810,1980,3201,85.0,61.0,44.0
1784039934.762544,389.810,1980,3201,85.0,61.0,44.0
1784039934.772418,389.810,1980,3201,85.0,61.0,44.0
1784039934.782423,389.810,1980,3201,85.0,61.0,44.0
1784039934.792450,391.082,1980,3201,85.0,61.0,43.0
1784039934.802422,391.082,1980,3201,85.0,61.0,43.0
1784039934.812421,391.082,1980,3201,85.0,61.0,43.0
1784039934.822421,391.082,1980,3201,85.0,61.0,43.0
1784039934.832422,391.082,1980,3201,85.0,61.0,43.0
1784039934.842422,391.082,1980,3201,85.0,61.0,43.0
1784039934.852421,391.082,1980,3201,85.0,61.0,43.0
1784039934.862420,391.082,1980,3201,85.0,61.0,43.0
1784039934.872422,391.082,1980,3201,85.0,61.0,43.0
1784039934.882422,391.082,1980,3201,85.0,61.0,43.0
1784039934.892423,390.780,1980,3201,82.0,58.0,44.0
1784039934.902423,390.780,1980,3201,82.0,58.0,44.0
1784039934.912421,390.780,1980,3201,82.0,58.0,44.0
1784039934.922422,390.780,1980,3201,82.0,58.0,44.0
1784039934.932421,390.780,1980,3201,82.0,58.0,44.0
1784039934.942424,390.780,1980,3201,82.0,58.0,44.0
1784039934.952425,390.780,1980,3201,82.0,58.0,44.0
1784039934.962423,390.780,1980,3201,82.0,58.0,44.0
1784039934.972423,390.780,1980,3201,82.0,58.0,44.0
1784039934.982554,390.780,1980,3201,82.0,58.0,44.0
1784039934.992424,390.207,1980,3201,82.0,58.0,44.0
1784039935.002422,390.207,1980,3201,82.0,58.0,44.0
1784039935.012423,390.207,1980,3201,82.0,58.0,44.0
1784039935.022424,390.207,1980,3201,82.0,58.0,44.0
1784039935.032421,390.207,1980,3201,82.0,58.0,44.0
1784039935.042422,390.207,1980,3201,82.0,58.0,44.0
1784039935.052490,390.207,1980,3201,82.0,58.0,44.0
1784039935.062419,390.207,1980,3201,82.0,58.0,44.0
1784039935.072420,390.207,1980,3201,82.0,58.0,44.0
1784039935.082422,390.207,1980,3201,82.0,58.0,44.0
1784039935.092420,390.534,1980,3201,83.0,59.0,44.0
1784039935.102423,390.534,1980,3201,83.0,59.0,44.0
1784039935.112417,390.534,1980,3201,83.0,59.0,44.0
1784039935.122429,390.534,1980,3201,83.0,59.0,44.0
1784039935.132417,390.534,1980,3201,83.0,59.0,44.0
1784039935.142419,390.534,1980,3201,83.0,59.0,44.0
1784039935.152419,390.534,1980,3201,83.0,59.0,44.0
1784039935.162418,390.534,1980,3201,83.0,59.0,44.0
1784039935.172419,390.534,1980,3201,83.0,59.0,44.0
1784039935.182419,390.534,1980,3201,83.0,59.0,44.0
1784039935.192481,390.761,1980,3201,83.0,59.0,43.0
1784039935.202418,390.761,1980,3201,83.0,59.0,43.0
1784039935.212420,390.761,1980,3201,83.0,59.0,43.0
1784039935.222419,390.761,1980,3201,83.0,59.0,43.0
1784039935.232419,390.761,1980,3201,83.0,59.0,43.0
1784039935.242417,390.761,1980,3201,83.0,59.0,43.0
1784039935.252418,390.761,1980,3201,83.0,59.0,43.0
1784039935.262417,390.761,1980,3201,83.0,59.0,43.0
1784039935.272418,390.761,1980,3201,83.0,59.0,43.0
1784039935.282419,390.761,1980,3201,83.0,59.0,43.0
1784039935.292418,391.099,1980,3201,84.0,60.0,43.0
1784039935.302419,391.099,1980,3201,84.0,60.0,43.0
1784039935.312416,391.099,1980,3201,84.0,60.0,43.0
1784039935.322417,391.099,1980,3201,84.0,60.0,43.0
1784039935.332415,391.099,1980,3201,84.0,60.0,43.0
1784039935.342501,391.099,1980,3201,84.0,60.0,43.0
1784039935.352422,391.099,1980,3201,84.0,60.0,43.0
1784039935.362429,391.099,1980,3201,84.0,60.0,43.0
1784039935.372443,391.099,1980,3201,84.0,60.0,43.0
1784039935.382427,391.099,1980,3201,84.0,60.0,43.0
1784039935.392427,389.721,1980,3201,84.0,60.0,43.0
1784039935.402428,389.721,1980,3201,84.0,60.0,43.0
1784039935.412428,389.721,1980,3201,84.0,60.0,43.0
1784039935.422428,389.721,1980,3201,84.0,60.0,43.0
1784039935.432428,389.721,1980,3201,84.0,60.0,43.0
1784039935.442688,389.721,1980,3201,84.0,60.0,43.0
1784039935.452467,389.721,1980,3201,84.0,60.0,43.0
1784039935.462422,389.721,1980,3201,84.0,60.0,43.0
1784039935.472422,389.721,1980,3201,84.0,60.0,43.0
1784039935.482424,389.721,1980,3201,84.0,60.0,43.0
1784039935.492422,389.041,1980,3201,83.0,60.0,43.0
1784039935.502443,389.041,1980,3201,83.0,60.0,43.0
1784039935.512418,389.041,1980,3201,83.0,60.0,43.0
1784039935.522422,389.041,1980,3201,83.0,60.0,43.0
1784039935.532424,389.041,1980,3201,83.0,60.0,43.0
1784039935.542418,389.041,1980,3201,83.0,60.0,43.0
1784039935.552422,389.041,1980,3201,83.0,60.0,43.0
1784039935.562419,389.041,1980,3201,83.0,60.0,43.0
1784039935.572422,389.041,1980,3201,83.0,60.0,43.0
1784039935.582423,389.041,1980,3201,83.0,60.0,43.0
1784039935.592419,389.078,1980,3201,83.0,60.0,43.0
1784039935.602424,389.078,1980,3201,83.0,60.0,43.0
1784039935.612428,389.078,1980,3201,83.0,60.0,43.0
1784039935.622418,389.078,1980,3201,83.0,60.0,43.0
1784039935.632414,389.078,1980,3201,83.0,60.0,43.0
1784039935.642418,389.078,1980,3201,83.0,60.0,43.0
1784039935.652411,389.078,1980,3201,83.0,60.0,43.0
1784039935.662417,389.078,1980,3201,83.0,60.0,43.0
1784039935.672417,389.078,1980,3201,83.0,60.0,43.0
1784039935.682413,389.078,1980,3201,83.0,60.0,43.0
1784039935.692417,391.855,1980,3201,80.0,57.0,44.0
1784039935.702417,391.855,1980,3201,80.0,57.0,44.0
1784039935.712419,391.855,1980,3201,80.0,57.0,44.0
1784039935.722418,391.855,1980,3201,80.0,57.0,44.0
1784039935.732414,391.855,1980,3201,80.0,57.0,44.0
1784039935.742417,391.855,1980,3201,80.0,57.0,44.0
1784039935.752418,391.855,1980,3201,80.0,57.0,44.0
1784039935.762416,391.855,1980,3201,80.0,57.0,44.0
1784039935.772418,391.855,1980,3201,80.0,57.0,44.0
1784039935.782651,391.855,1980,3201,80.0,57.0,44.0
1784039935.792380,390.175,1980,3201,80.0,57.0,44.0
1784039935.802422,390.175,1980,3201,80.0,57.0,44.0
1784039935.812421,390.175,1980,3201,80.0,57.0,44.0
1784039935.822421,390.175,1980,3201,80.0,57.0,44.0
1784039935.832413,390.175,1980,3201,80.0,57.0,44.0
1784039935.842421,390.175,1980,3201,80.0,57.0,44.0
1784039935.852421,390.175,1980,3201,80.0,57.0,44.0
1784039935.862421,390.175,1980,3201,80.0,57.0,44.0
1784039935.872421,390.175,1980,3201,80.0,57.0,44.0
1784039935.882504,390.175,1980,3201,80.0,57.0,44.0
1784039935.892422,390.153,1980,3201,85.0,61.0,44.0
1784039935.902418,390.153,1980,3201,85.0,61.0,44.0
1784039935.912421,390.153,1980,3201,85.0,61.0,44.0
1784039935.922419,390.153,1980,3201,85.0,61.0,44.0
1784039935.932413,390.153,1980,3201,85.0,61.0,44.0
1784039935.942421,390.153,1980,3201,85.0,61.0,44.0
1784039935.952420,390.153,1980,3201,85.0,61.0,44.0
1784039935.962423,390.153,1980,3201,85.0,61.0,44.0
1784039935.972423,390.153,1980,3201,85.0,61.0,44.0
1784039935.982421,390.153,1980,3201,85.0,61.0,44.0
1784039935.992422,390.032,1980,3201,85.0,61.0,44.0
1784039936.002421,390.032,1980,3201,85.0,61.0,44.0
1784039936.012424,390.032,1980,3201,85.0,61.0,44.0
1784039936.022417,390.032,1980,3201,85.0,61.0,44.0
1784039936.032422,390.032,1980,3201,85.0,61.0,44.0
1784039936.042422,390.032,1980,3201,85.0,61.0,44.0
1784039936.052421,390.032,1980,3201,85.0,61.0,44.0
1784039936.062422,390.032,1980,3201,85.0,61.0,44.0
1784039936.072420,390.032,1980,3201,85.0,61.0,44.0
1784039936.082423,390.032,1980,3201,85.0,61.0,44.0
1784039936.092422,389.228,1980,3201,84.0,60.0,44.0
1784039936.102422,389.228,1980,3201,84.0,60.0,44.0
1784039936.112423,389.228,1980,3201,84.0,60.0,44.0
1784039936.122421,389.228,1980,3201,84.0,60.0,44.0
1784039936.132424,389.228,1980,3201,84.0,60.0,44.0
1784039936.142418,389.228,1980,3201,84.0,60.0,44.0
1784039936.152423,389.228,1980,3201,84.0,60.0,44.0
1784039936.162423,389.228,1980,3201,84.0,60.0,44.0
1784039936.172424,389.228,1980,3201,84.0,60.0,44.0
1784039936.182425,389.228,1980,3201,84.0,60.0,44.0
1784039936.192415,388.689,1980,3201,84.0,60.0,44.0
1784039936.202424,388.689,1980,3201,84.0,60.0,44.0
1784039936.212422,388.689,1980,3201,84.0,60.0,44.0
1784039936.222422,388.689,1980,3201,84.0,60.0,44.0
1784039936.232420,388.689,1980,3201,84.0,60.0,44.0
1784039936.242420,388.689,1980,3201,84.0,60.0,44.0
1784039936.252422,388.689,1980,3201,84.0,60.0,44.0
1784039936.262516,388.689,1980,3201,84.0,60.0,44.0
1784039936.272421,388.689,1980,3201,84.0,60.0,44.0
1784039936.282418,388.689,1980,3201,84.0,60.0,44.0
1784039936.292421,388.662,1980,3201,83.0,60.0,43.0
1784039936.302423,388.662,1980,3201,83.0,60.0,43.0
1784039936.312421,388.662,1980,3201,83.0,60.0,43.0
1784039936.322422,388.662,1980,3201,83.0,60.0,43.0
1784039936.332421,388.662,1980,3201,83.0,60.0,43.0
1784039936.342423,388.662,1980,3201,83.0,60.0,43.0
1784039936.352422,388.662,1980,3201,83.0,60.0,43.0
1784039936.362421,388.662,1980,3201,83.0,60.0,43.0
1784039936.372421,388.662,1980,3201,83.0,60.0,43.0
1784039936.382614,388.662,1980,3201,83.0,60.0,43.0
1784039936.392421,390.090,1980,3201,83.0,60.0,44.0
1784039936.402416,390.090,1980,3201,83.0,60.0,44.0
1784039936.412417,390.090,1980,3201,83.0,60.0,44.0
1784039936.422422,390.090,1980,3201,83.0,60.0,44.0
1784039936.432563,390.090,1980,3201,83.0,60.0,44.0
1784039936.442422,390.090,1980,3201,83.0,60.0,44.0
1784039936.452420,390.090,1980,3201,83.0,60.0,44.0
1784039936.462423,390.090,1980,3201,83.0,60.0,44.0
1784039936.472425,390.090,1980,3201,83.0,60.0,44.0
1784039936.482422,390.090,1980,3201,83.0,60.0,44.0
1784039936.492421,392.204,1980,3201,84.0,60.0,44.0
1784039936.502421,392.204,1980,3201,84.0,60.0,44.0
1784039936.512420,392.204,1980,3201,84.0,60.0,44.0
1784039936.522420,392.204,1980,3201,84.0,60.0,44.0
1784039936.532422,392.204,1980,3201,84.0,60.0,44.0
1784039936.542422,392.204,1980,3201,84.0,60.0,44.0
1784039936.552419,392.204,1980,3201,84.0,60.0,44.0
1784039936.562422,392.204,1980,3201,84.0,60.0,44.0
1784039936.572421,392.204,1980,3201,84.0,60.0,44.0
1784039936.582421,392.204,1980,3201,84.0,60.0,44.0
1784039936.592422,391.280,1980,3201,84.0,60.0,44.0
1784039936.602422,391.280,1980,3201,84.0,60.0,44.0
1784039936.612420,391.280,1980,3201,84.0,60.0,44.0
1784039936.622591,391.280,1980,3201,84.0,60.0,44.0
1784039936.632420,391.280,1980,3201,84.0,60.0,44.0
1784039936.642416,391.280,1980,3201,84.0,60.0,44.0
1784039936.652418,391.280,1980,3201,84.0,60.0,44.0
1784039936.662419,391.280,1980,3201,84.0,60.0,44.0
1784039936.672420,391.280,1980,3201,84.0,60.0,44.0
1784039936.682420,391.280,1980,3201,84.0,60.0,44.0
1784039936.692416,388.336,1980,3201,84.0,60.0,44.0
1784039936.702419,388.336,1980,3201,84.0,60.0,44.0
1784039936.712416,388.336,1980,3201,84.0,60.0,44.0
1784039936.722419,388.336,1980,3201,84.0,60.0,44.0
1784039936.732420,388.336,1980,3201,84.0,60.0,44.0
1784039936.742419,388.336,1980,3201,84.0,60.0,44.0
1784039936.752419,388.336,1980,3201,84.0,60.0,44.0
1784039936.762494,388.336,1980,3201,84.0,60.0,44.0
1784039936.772420,388.336,1980,3201,84.0,60.0,44.0
1784039936.782416,388.336,1980,3201,84.0,60.0,44.0
1784039936.792420,388.424,1980,3201,84.0,60.0,44.0
1784039936.802380,388.424,1980,3201,84.0,60.0,44.0
1784039936.812425,388.424,1980,3201,84.0,60.0,44.0
1784039936.822425,388.424,1980,3201,84.0,60.0,44.0
1784039936.832437,388.424,1980,3201,84.0,60.0,44.0
1784039936.842430,388.424,1980,3201,84.0,60.0,44.0
1784039936.852422,388.424,1980,3201,84.0,60.0,44.0
1784039936.862429,388.424,1980,3201,84.0,60.0,44.0
1784039936.872429,388.424,1980,3201,84.0,60.0,44.0
1784039936.882429,388.424,1980,3201,84.0,60.0,44.0
1784039936.892434,388.002,1980,3201,83.0,60.0,44.0
1784039936.902429,388.002,1980,3201,83.0,60.0,44.0
1784039936.912442,388.002,1980,3201,83.0,60.0,44.0
1784039936.922792,388.002,1980,3201,83.0,60.0,44.0
1784039936.932429,388.002,1980,3201,83.0,60.0,44.0
1784039936.942421,388.002,1980,3201,83.0,60.0,44.0
1784039936.952429,388.002,1980,3201,83.0,60.0,44.0
1784039936.962428,388.002,1980,3201,83.0,60.0,44.0
1784039936.972428,388.002,1980,3201,83.0,60.0,44.0
1784039936.982428,388.002,1980,3201,83.0,60.0,44.0
1784039936.992420,387.652,1980,3201,83.0,60.0,44.0
1784039937.002430,387.652,1980,3201,83.0,60.0,44.0
1784039937.012422,387.652,1980,3201,83.0,60.0,44.0
1784039937.022429,387.652,1980,3201,83.0,60.0,44.0
1784039937.032428,387.652,1980,3201,83.0,60.0,44.0
1784039937.042428,387.652,1980,3201,83.0,60.0,44.0
1784039937.052429,387.652,1980,3201,83.0,60.0,44.0
1784039937.062429,387.652,1980,3201,83.0,60.0,44.0
1784039937.072428,387.652,1980,3201,83.0,60.0,44.0
1784039937.082604,387.652,1980,3201,83.0,60.0,44.0
1784039937.092429,387.534,1980,3201,83.0,60.0,44.0
1784039937.102422,387.534,1980,3201,83.0,60.0,44.0
1784039937.112429,387.534,1980,3201,83.0,60.0,44.0
1784039937.122429,387.534,1980,3201,83.0,60.0,44.0
1784039937.132429,387.534,1980,3201,83.0,60.0,44.0
1784039937.142447,387.534,1980,3201,83.0,60.0,44.0
1784039937.152429,387.534,1980,3201,83.0,60.0,44.0
1784039937.162422,387.534,1980,3201,83.0,60.0,44.0
1784039937.172426,387.534,1980,3201,83.0,60.0,44.0
1784039937.182423,387.534,1980,3201,83.0,60.0,44.0
1784039937.192422,387.534,1980,3201,83.0,60.0,44.0
1784039937.202426,387.534,1980,3201,83.0,60.0,44.0
1784039937.212422,387.534,1980,3201,83.0,60.0,44.0
1784039937.222421,387.534,1980,3201,83.0,60.0,44.0
1784039937.232468,387.534,1980,3201,83.0,60.0,44.0
1784039937.242421,387.534,1980,3201,83.0,60.0,44.0
1784039937.252702,387.534,1980,3201,83.0,60.0,44.0
1784039937.262420,387.534,1980,3201,83.0,60.0,44.0
1784039937.272422,387.534,1980,3201,83.0,60.0,44.0
1784039937.282422,387.534,1980,3201,83.0,60.0,44.0
1784039937.292423,389.596,1980,3201,84.0,61.0,44.0
1784039937.302422,389.596,1980,3201,84.0,61.0,44.0
1784039937.312421,389.596,1980,3201,84.0,61.0,44.0
1784039937.322422,389.596,1980,3201,84.0,61.0,44.0
1784039937.332422,389.596,1980,3201,84.0,61.0,44.0
1784039937.342422,389.596,1980,3201,84.0,61.0,44.0
1784039937.352620,389.596,1980,3201,84.0,61.0,44.0
1784039937.362421,389.596,1980,3201,84.0,61.0,44.0
1784039937.372466,389.596,1980,3201,84.0,61.0,44.0
1784039937.382440,389.596,1980,3201,84.0,61.0,44.0
1784039937.392422,390.246,1980,3201,84.0,61.0,44.0
1784039937.402621,390.246,1980,3201,84.0,61.0,44.0
1784039937.412422,390.246,1980,3201,84.0,61.0,44.0
1784039937.422421,390.246,1980,3201,84.0,61.0,44.0
1784039937.432421,390.246,1980,3201,84.0,61.0,44.0
1784039937.442422,390.246,1980,3201,84.0,61.0,44.0
1784039937.452421,390.246,1980,3201,84.0,61.0,44.0
1784039937.462423,390.246,1980,3201,84.0,61.0,44.0
1784039937.472422,390.246,1980,3201,84.0,61.0,44.0
1784039937.482421,390.246,1980,3201,84.0,61.0,44.0
1784039937.492422,388.306,1980,3201,85.0,61.0,44.0
1784039937.502603,388.306,1980,3201,85.0,61.0,44.0
1784039937.512418,388.306,1980,3201,85.0,61.0,44.0
1784039937.522418,388.306,1980,3201,85.0,61.0,44.0
1784039937.532418,388.306,1980,3201,85.0,61.0,44.0
1784039937.542418,388.306,1980,3201,85.0,61.0,44.0
1784039937.552778,388.306,1980,3201,85.0,61.0,44.0
1784039937.562419,388.306,1980,3201,85.0,61.0,44.0
1784039937.572420,388.306,1980,3201,85.0,61.0,44.0
1784039937.582419,388.306,1980,3201,85.0,61.0,44.0
1784039937.592419,388.865,1980,3201,85.0,61.0,44.0
1784039937.602416,388.865,1980,3201,85.0,61.0,44.0
1784039937.612419,388.865,1980,3201,85.0,61.0,44.0
1784039937.622418,388.865,1980,3201,85.0,61.0,44.0
1784039937.632415,388.865,1980,3201,85.0,61.0,44.0
1784039937.642418,388.865,1980,3201,85.0,61.0,44.0
1784039937.652417,388.865,1980,3201,85.0,61.0,44.0
1784039937.662416,388.865,1980,3201,85.0,61.0,44.0
1784039937.672415,388.865,1980,3201,85.0,61.0,44.0
1784039937.682415,388.865,1980,3201,85.0,61.0,44.0
1784039937.692415,389.241,1980,3201,85.0,61.0,44.0
1784039937.702414,389.241,1980,3201,85.0,61.0,44.0
1784039937.712415,389.241,1980,3201,85.0,61.0,44.0
1784039937.722541,389.241,1980,3201,85.0,61.0,44.0
1784039937.732425,389.241,1980,3201,85.0,61.0,44.0
1784039937.742424,389.241,1980,3201,85.0,61.0,44.0
1784039937.752424,389.241,1980,3201,85.0,61.0,44.0
1784039937.762424,389.241,1980,3201,85.0,61.0,44.0
1784039937.772602,389.241,1980,3201,85.0,61.0,44.0
1784039937.782425,389.241,1980,3201,85.0,61.0,44.0
1784039937.792421,389.037,1980,3201,85.0,61.0,44.0
1784039937.802423,389.037,1980,3201,85.0,61.0,44.0
1784039937.812428,389.037,1980,3201,85.0,61.0,44.0
1784039937.822421,389.037,1980,3201,85.0,61.0,44.0
1784039937.832422,389.037,1980,3201,85.0,61.0,44.0
1784039937.842423,389.037,1980,3201,85.0,61.0,44.0
1784039937.852424,389.037,1980,3201,85.0,61.0,44.0
1784039937.862424,389.037,1980,3201,85.0,61.0,44.0
1784039937.872424,389.037,1980,3201,85.0,61.0,44.0
1784039937.882424,389.037,1980,3201,85.0,61.0,44.0
1784039937.892473,389.932,1980,3201,84.0,60.0,44.0
1784039937.902424,389.932,1980,3201,84.0,60.0,44.0
1784039937.912430,389.932,1980,3201,84.0,60.0,44.0
1784039937.922427,389.932,1980,3201,84.0,60.0,44.0
1784039937.932426,389.932,1980,3201,84.0,60.0,44.0
1784039937.942425,389.932,1980,3201,84.0,60.0,44.0
1784039937.952428,389.932,1980,3201,84.0,60.0,44.0
1784039937.962422,389.932,1980,3201,84.0,60.0,44.0
1784039937.972426,389.932,1980,3201,84.0,60.0,44.0
1784039937.982427,389.932,1980,3201,84.0,60.0,44.0
1784039937.992422,390.612,1980,3201,84.0,60.0,44.0
1784039938.002421,390.612,1980,3201,84.0,60.0,44.0
1784039938.012421,390.612,1980,3201,84.0,60.0,44.0
1784039938.022421,390.612,1980,3201,84.0,60.0,44.0
1784039938.032415,390.612,1980,3201,84.0,60.0,44.0
1784039938.042420,390.612,1980,3201,84.0,60.0,44.0
1784039938.052418,390.612,1980,3201,84.0,60.0,44.0
1784039938.062439,390.612,1980,3201,84.0,60.0,44.0
1784039938.072421,390.612,1980,3201,84.0,60.0,44.0
1784039938.082421,390.612,1980,3201,84.0,60.0,44.0
1784039938.092421,394.671,1980,3201,84.0,60.0,44.0
1784039938.102467,394.671,1980,3201,83.0,60.0,44.0
1784039938.112414,394.671,1980,3201,83.0,60.0,44.0
1784039938.122423,394.671,1980,3201,83.0,60.0,44.0
1784039938.132427,394.671,1980,3201,83.0,60.0,44.0
1784039938.142420,394.671,1980,3201,83.0,60.0,44.0
1784039938.152421,394.671,1980,3201,83.0,60.0,44.0
1784039938.162416,394.671,1980,3201,83.0,60.0,44.0
1784039938.172420,394.671,1980,3201,83.0,60.0,44.0
1784039938.182421,394.671,1980,3201,83.0,60.0,44.0
1784039938.192416,395.533,1980,3201,83.0,60.0,44.0
1784039938.202416,395.533,1980,3201,83.0,60.0,44.0
1784039938.212767,395.533,1980,3201,83.0,60.0,44.0
1784039938.222422,395.533,1980,3201,83.0,60.0,44.0
1784039938.232415,395.533,1980,3201,83.0,60.0,44.0
1784039938.242421,395.533,1980,3201,83.0,60.0,44.0
1784039938.252418,395.533,1980,3201,83.0,60.0,44.0
1784039938.262615,395.533,1980,3201,83.0,60.0,44.0
1784039938.272418,395.533,1980,3201,83.0,60.0,44.0
1784039938.282414,395.533,1980,3201,83.0,60.0,44.0
1784039938.292416,395.533,1980,3201,83.0,60.0,44.0
1784039938.302414,393.346,1980,3201,85.0,61.0,44.0
1784039938.312585,393.346,1980,3201,85.0,61.0,44.0
1784039938.322417,393.346,1980,3201,85.0,61.0,44.0
1784039938.332415,393.346,1980,3201,85.0,61.0,44.0
1784039938.342417,393.346,1980,3201,85.0,61.0,44.0
1784039938.352418,393.346,1980,3201,85.0,61.0,44.0
1784039938.362415,393.346,1980,3201,85.0,61.0,44.0
1784039938.372418,393.346,1980,3201,85.0,61.0,44.0
1784039938.382415,393.346,1980,3201,85.0,61.0,44.0
1784039938.392417,393.346,1980,3201,85.0,61.0,44.0
1784039938.402418,392.721,1980,3201,85.0,61.0,44.0
1784039938.412416,392.721,1980,3201,85.0,61.0,44.0
1784039938.422417,392.721,1980,3201,85.0,61.0,44.0
1784039938.432414,392.721,1980,3201,85.0,61.0,44.0
1784039938.442417,392.721,1980,3201,85.0,61.0,44.0
1784039938.452417,392.721,1980,3201,85.0,61.0,44.0
1784039938.462418,392.721,1980,3201,85.0,61.0,44.0
1784039938.472418,392.721,1980,3201,85.0,61.0,44.0
1784039938.482579,392.721,1980,3201,85.0,61.0,44.0
1784039938.492423,392.721,1980,3201,85.0,61.0,44.0
1784039938.502425,392.782,1980,3201,84.0,61.0,44.0
1784039938.512425,392.782,1980,3201,84.0,61.0,44.0
1784039938.522424,392.782,1980,3201,84.0,61.0,44.0
1784039938.532836,392.782,1980,3201,84.0,61.0,44.0
1784039938.542425,392.782,1980,3201,84.0,61.0,44.0
1784039938.552419,392.782,1980,3201,84.0,61.0,44.0
1784039938.562425,392.782,1980,3201,84.0,61.0,44.0
1784039938.572427,392.782,1980,3201,84.0,61.0,44.0
1784039938.582427,392.782,1980,3201,84.0,61.0,44.0
1784039938.592427,392.782,1980,3201,84.0,61.0,44.0
1784039938.602785,392.684,1980,3201,84.0,61.0,44.0
1784039938.612427,392.684,1980,3201,84.0,61.0,44.0
1784039938.622420,392.684,1980,3201,84.0,61.0,44.0
1784039938.632428,392.684,1980,3201,84.0,61.0,44.0
1784039938.642429,392.684,1980,3201,84.0,61.0,44.0
1784039938.652428,392.684,1980,3201,84.0,61.0,44.0
1784039938.662428,392.684,1980,3201,84.0,61.0,44.0
1784039938.672439,392.684,1980,3201,84.0,61.0,44.0
1784039938.682428,392.684,1980,3201,84.0,61.0,44.0
1784039938.692443,392.684,1980,3201,84.0,61.0,44.0
1784039938.702428,391.383,1980,3201,84.0,60.0,44.0
1784039938.712423,391.383,1980,3201,84.0,60.0,44.0
1784039938.722429,391.383,1980,3201,84.0,60.0,44.0
1784039938.732431,391.383,1980,3201,84.0,60.0,44.0
1784039938.742428,391.383,1980,3201,84.0,60.0,44.0
1784039938.752429,391.383,1980,3201,84.0,60.0,44.0
1784039938.762422,391.383,1980,3201,84.0,60.0,44.0
1784039938.772430,391.383,1980,3201,84.0,60.0,44.0
1784039938.782420,391.383,1980,3201,84.0,60.0,44.0
1784039938.792427,391.383,1980,3201,84.0,60.0,44.0
1784039938.802427,391.160,1980,3201,84.0,60.0,44.0
1784039938.812427,391.160,1980,3201,84.0,60.0,44.0
1784039938.822429,391.160,1980,3201,84.0,60.0,44.0
1784039938.832417,391.160,1980,3201,84.0,60.0,44.0
1784039938.842428,391.160,1980,3201,84.0,60.0,44.0
1784039938.852420,391.160,1980,3201,84.0,60.0,44.0
1784039938.862428,391.160,1980,3201,84.0,60.0,44.0
1784039938.872480,391.160,1980,3201,84.0,60.0,44.0
1784039938.882427,391.160,1980,3201,84.0,60.0,44.0
1784039938.892427,391.160,1980,3201,84.0,60.0,44.0
1784039938.902466,393.011,1980,3201,83.0,60.0,44.0
1784039938.912426,393.011,1980,3201,83.0,60.0,44.0
1784039938.922427,393.011,1980,3201,83.0,60.0,44.0
1784039938.932428,393.011,1980,3201,83.0,60.0,44.0
1784039938.942428,393.011,1980,3201,83.0,60.0,44.0
1784039938.952427,393.011,1980,3201,83.0,60.0,44.0
1784039938.962428,393.011,1980,3201,83.0,60.0,44.0
1784039938.972421,393.011,1980,3201,83.0,60.0,44.0
1784039938.982426,393.011,1980,3201,83.0,60.0,44.0
1784039938.992662,393.011,1980,3201,83.0,60.0,44.0
1784039939.002428,393.106,1980,3201,83.0,60.0,44.0
1784039939.012427,393.106,1980,3201,83.0,60.0,44.0
1784039939.022427,393.106,1980,3201,83.0,60.0,44.0
1784039939.032427,393.106,1980,3201,83.0,60.0,44.0
1784039939.042429,393.106,1980,3201,83.0,60.0,44.0
1784039939.052427,393.106,1980,3201,83.0,60.0,44.0
1784039939.062646,393.106,1980,3201,83.0,60.0,44.0
1784039939.072428,393.106,1980,3201,83.0,60.0,44.0
1784039939.082421,393.106,1980,3201,83.0,60.0,44.0
1784039939.092426,393.106,1980,3201,83.0,60.0,44.0
1784039939.102427,389.927,1980,3201,84.0,60.0,44.0
1784039939.112469,389.927,1980,3201,84.0,60.0,44.0
1784039939.122427,389.927,1980,3201,84.0,60.0,44.0
1784039939.132478,389.927,1980,3201,84.0,60.0,44.0
1784039939.142431,389.927,1980,3201,84.0,60.0,44.0
1784039939.152822,389.927,1980,3201,84.0,60.0,44.0
1784039939.162429,389.927,1980,3201,84.0,60.0,44.0
1784039939.172427,389.927,1980,3201,84.0,60.0,44.0
1784039939.182423,389.927,1980,3201,84.0,60.0,44.0
1784039939.192422,389.927,1980,3201,84.0,60.0,44.0
1784039939.202424,387.919,1980,3201,84.0,60.0,44.0
1784039939.212437,387.919,1980,3201,84.0,60.0,44.0
1784039939.222424,387.919,1980,3201,84.0,60.0,44.0
1784039939.232445,387.919,1980,3201,84.0,60.0,44.0
1784039939.242449,387.919,1980,3201,84.0,60.0,44.0
1784039939.252423,387.919,1980,3201,84.0,60.0,44.0
1784039939.262423,387.919,1980,3201,84.0,60.0,44.0
1784039939.272423,387.919,1980,3201,84.0,60.0,44.0
1784039939.282424,387.919,1980,3201,84.0,60.0,44.0
1784039939.292422,387.919,1980,3201,84.0,60.0,44.0
1784039939.302424,387.887,1980,3201,84.0,60.0,44.0
1784039939.312422,387.887,1980,3201,84.0,60.0,44.0
1784039939.322603,387.887,1980,3201,84.0,60.0,44.0
1784039939.332445,387.887,1980,3201,84.0,60.0,44.0
1784039939.342422,387.887,1980,3201,84.0,60.0,44.0
1784039939.352424,387.887,1980,3201,84.0,60.0,44.0
1784039939.362424,387.887,1980,3201,84.0,60.0,44.0
1784039939.372430,387.887,1980,3201,84.0,60.0,44.0
1784039939.382422,387.887,1980,3201,84.0,60.0,44.0
1784039939.392423,387.887,1980,3201,84.0,60.0,44.0
1784039939.402433,388.277,1980,3201,84.0,60.0,44.0
1784039939.412423,388.277,1980,3201,84.0,60.0,44.0
1784039939.422820,388.277,1980,3201,84.0,60.0,44.0
1784039939.432423,388.277,1980,3201,84.0,60.0,44.0
1784039939.442424,388.277,1980,3201,84.0,60.0,44.0
1784039939.452425,388.277,1980,3201,84.0,60.0,44.0
1784039939.462422,388.277,1980,3201,84.0,60.0,44.0
1784039939.472840,388.277,1980,3201,84.0,60.0,44.0
1784039939.482422,388.277,1980,3201,84.0,60.0,44.0
1784039939.492422,388.277,1980,3201,84.0,60.0,44.0
1784039939.502425,388.695,1980,3201,86.0,62.0,44.0
1784039939.512422,388.695,1980,3201,86.0,62.0,44.0
1784039939.522419,388.695,1980,3201,86.0,62.0,44.0
1784039939.532424,388.695,1980,3201,86.0,62.0,44.0
1784039939.542423,388.695,1980,3201,86.0,62.0,44.0
1784039939.552423,388.695,1980,3201,86.0,62.0,44.0
1784039939.562423,388.695,1980,3201,86.0,62.0,44.0
1784039939.572420,388.695,1980,3201,86.0,62.0,44.0
1784039939.582421,388.695,1980,3201,86.0,62.0,44.0
1784039939.592421,388.695,1980,3201,86.0,62.0,44.0
1784039939.602446,388.081,1980,3201,86.0,62.0,44.0
1784039939.612421,388.081,1980,3201,86.0,62.0,44.0
1784039939.622422,388.081,1980,3201,86.0,62.0,44.0
1784039939.632411,388.081,1980,3201,86.0,62.0,44.0
1784039939.642443,388.081,1980,3201,86.0,62.0,44.0
1784039939.652422,388.081,1980,3201,86.0,62.0,44.0
1784039939.662441,388.081,1980,3201,86.0,62.0,44.0
1784039939.672422,388.081,1980,3201,86.0,62.0,44.0
1784039939.682429,388.081,1980,3201,86.0,62.0,44.0
1784039939.692415,388.081,1980,3201,86.0,62.0,44.0
1784039939.702416,388.561,1980,3201,85.0,61.0,44.0
1784039939.712418,388.561,1980,3201,85.0,61.0,44.0
1784039939.722420,388.561,1980,3201,85.0,61.0,44.0
1784039939.732421,388.561,1980,3201,85.0,61.0,44.0
1784039939.742415,388.561,1980,3201,85.0,61.0,44.0
1784039939.752417,388.561,1980,3201,85.0,61.0,44.0
1784039939.762415,388.561,1980,3201,85.0,61.0,44.0
1784039939.772415,388.561,1980,3201,85.0,61.0,44.0
1784039939.782417,388.561,1980,3201,85.0,61.0,44.0
1784039939.792415,388.561,1980,3201,85.0,61.0,44.0
1784039939.802418,391.629,1980,3201,85.0,61.0,44.0
1784039939.812418,391.629,1980,3201,85.0,61.0,44.0
1784039939.822417,391.629,1980,3201,85.0,61.0,44.0
1784039939.832419,391.629,1980,3201,85.0,61.0,44.0
1784039939.842415,391.629,1980,3201,85.0,61.0,44.0
1784039939.852417,391.629,1980,3201,85.0,61.0,44.0
1784039939.862419,391.629,1980,3201,85.0,61.0,44.0
1784039939.872418,391.629,1980,3201,85.0,61.0,44.0
1784039939.882419,391.629,1980,3201,85.0,61.0,44.0
1784039939.892538,391.629,1980,3201,85.0,61.0,44.0
1784039939.902417,392.021,1980,3201,86.0,60.0,44.0
1784039939.912414,392.021,1980,3201,86.0,60.0,44.0
1784039939.922417,392.021,1980,3201,86.0,60.0,44.0
1784039939.932417,392.021,1980,3201,86.0,60.0,44.0
1784039939.942734,392.021,1980,3201,86.0,60.0,44.0
1784039939.952422,392.021,1980,3201,86.0,60.0,44.0
1784039939.962421,392.021,1980,3201,86.0,60.0,44.0
1784039939.972422,392.021,1980,3201,86.0,60.0,44.0
1784039939.982422,392.021,1980,3201,86.0,60.0,44.0
1784039939.992643,392.021,1980,3201,86.0,60.0,44.0
1784039940.002454,389.848,1980,3201,86.0,60.0,44.0
1784039940.012424,389.848,1980,3201,86.0,60.0,44.0
1784039940.022417,389.848,1980,3201,86.0,60.0,44.0
1784039940.032436,389.848,1980,3201,86.0,60.0,44.0
1784039940.042423,389.848,1980,3201,86.0,60.0,44.0
1784039940.052424,389.848,1980,3201,86.0,60.0,44.0
1784039940.062423,389.848,1980,3201,86.0,60.0,44.0
1784039940.072423,389.848,1980,3201,86.0,60.0,44.0
1784039940.082423,389.848,1980,3201,86.0,60.0,44.0
1784039940.092423,389.848,1980,3201,86.0,60.0,44.0
1784039940.102427,390.145,1980,3201,85.0,61.0,44.0
1784039940.112427,390.145,1980,3201,85.0,61.0,44.0
1784039940.122417,390.145,1980,3201,85.0,61.0,44.0
1784039940.132428,390.145,1980,3201,85.0,61.0,44.0
1784039940.142452,390.145,1980,3201,85.0,61.0,44.0
1784039940.152423,390.145,1980,3201,85.0,61.0,44.0
1784039940.162461,390.145,1980,3201,85.0,61.0,44.0
1784039940.172424,390.145,1980,3201,85.0,61.0,44.0
1784039940.182424,390.145,1980,3201,85.0,61.0,44.0
1784039940.192423,390.145,1980,3201,85.0,61.0,44.0
1784039940.202424,390.809,1980,3201,85.0,61.0,44.0
1784039940.212443,390.809,1980,3201,85.0,61.0,44.0
1784039940.222419,390.809,1980,3201,85.0,61.0,44.0
1784039940.232424,390.809,1980,3201,85.0,61.0,44.0
1784039940.242424,390.809,1980,3201,85.0,61.0,44.0
1784039940.252424,390.809,1980,3201,85.0,61.0,44.0
1784039940.262426,390.809,1980,3201,85.0,61.0,44.0
1784039940.272425,390.809,1980,3201,85.0,61.0,44.0
1784039940.282424,390.809,1980,3201,85.0,61.0,44.0
1784039940.292424,390.809,1980,3201,85.0,61.0,44.0
1784039940.302424,391.189,1980,3201,84.0,61.0,44.0
1784039940.312424,391.189,1980,3201,84.0,61.0,44.0
1784039940.322424,391.189,1980,3201,84.0,61.0,44.0
1784039940.332603,391.189,1980,3201,84.0,61.0,44.0
1784039940.342426,391.189,1980,3201,84.0,61.0,44.0
1784039940.352426,391.189,1980,3201,84.0,61.0,44.0
1784039940.362425,391.189,1980,3201,84.0,61.0,44.0
1784039940.372420,391.189,1980,3201,84.0,61.0,44.0
1784039940.382421,391.189,1980,3201,84.0,61.0,44.0
1784039940.392421,391.189,1980,3201,84.0,61.0,44.0
1784039940.402422,391.307,1980,3201,84.0,61.0,44.0
1784039940.412422,391.307,1980,3201,84.0,61.0,44.0
1784039940.422422,391.307,1980,3201,84.0,61.0,44.0
1784039940.432422,391.307,1980,3201,84.0,61.0,44.0
1784039940.442418,391.307,1980,3201,84.0,61.0,44.0
1784039940.452418,391.307,1980,3201,84.0,61.0,44.0
1784039940.462418,391.307,1980,3201,84.0,61.0,44.0
1784039940.472418,391.307,1980,3201,84.0,61.0,44.0
1784039940.482418,391.307,1980,3201,84.0,61.0,44.0
1784039940.492418,391.307,1980,3201,84.0,61.0,44.0
1784039940.502418,390.648,1980,3201,84.0,60.0,44.0
1784039940.513547,390.648,1980,3201,84.0,60.0,44.0
1784039940.522533,390.648,1980,3201,84.0,60.0,44.0
1784039940.532427,390.648,1980,3201,84.0,60.0,44.0
1784039940.542429,390.648,1980,3201,84.0,60.0,44.0
1784039940.552427,390.648,1980,3201,84.0,60.0,44.0
1784039940.562661,390.648,1980,3201,84.0,60.0,44.0
1784039940.572428,390.648,1980,3201,84.0,60.0,44.0
1784039940.582428,390.648,1980,3201,84.0,60.0,44.0
1784039940.592430,390.648,1980,3201,84.0,60.0,44.0
1784039940.602427,393.116,1980,3201,84.0,60.0,45.0
1784039940.612469,393.116,1980,3201,84.0,60.0,45.0
1784039940.622417,393.116,1980,3201,84.0,60.0,45.0
1784039940.632426,393.116,1980,3201,84.0,60.0,45.0
1784039940.642427,393.116,1980,3201,84.0,60.0,45.0
1784039940.652427,393.116,1980,3201,84.0,60.0,45.0
1784039940.662429,393.116,1980,3201,84.0,60.0,45.0
1784039940.672820,393.116,1980,3201,84.0,60.0,45.0
1784039940.682428,393.116,1980,3201,84.0,60.0,45.0
1784039940.692428,393.116,1980,3201,84.0,60.0,45.0
1784039940.702466,391.508,1980,3201,80.0,56.0,44.0
1784039940.712428,391.508,1980,3201,80.0,56.0,44.0
1784039940.722417,391.508,1980,3201,80.0,56.0,44.0
1784039940.732426,391.508,1980,3201,80.0,56.0,44.0
1784039940.742424,391.508,1980,3201,80.0,56.0,44.0
1784039940.752445,391.508,1980,3201,80.0,56.0,44.0
1784039940.762439,391.508,1980,3201,80.0,56.0,44.0
1784039940.772428,391.508,1980,3201,80.0,56.0,44.0
1784039940.782439,391.508,1980,3201,80.0,56.0,44.0
1784039940.792443,391.508,1980,3201,80.0,56.0,44.0
1784039940.802427,388.655,1980,3201,80.0,56.0,44.0
1784039940.812428,388.655,1980,3201,80.0,56.0,44.0
1784039940.822417,388.655,1980,3201,80.0,56.0,44.0
1784039940.832421,388.655,1980,3201,80.0,56.0,44.0
1784039940.842443,388.655,1980,3201,80.0,56.0,44.0
1784039940.852478,388.655,1980,3201,80.0,56.0,44.0
1784039940.862422,388.655,1980,3201,80.0,56.0,44.0
1784039940.872423,388.655,1980,3201,80.0,56.0,44.0
1784039940.882423,388.655,1980,3201,80.0,56.0,44.0
1784039940.892422,388.655,1980,3201,80.0,56.0,44.0
1784039940.902676,388.058,1980,3201,83.0,59.0,44.0
1784039940.912447,388.058,1980,3201,83.0,59.0,44.0
1784039940.922416,388.058,1980,3201,83.0,59.0,44.0
1784039940.932425,388.058,1980,3201,83.0,59.0,44.0
1784039940.942421,388.058,1980,3201,83.0,59.0,44.0
1784039940.952606,388.058,1980,3201,83.0,59.0,44.0
1784039940.962420,388.058,1980,3201,83.0,59.0,44.0
1784039940.972421,388.058,1980,3201,83.0,59.0,44.0
1784039940.982445,388.058,1980,3201,83.0,59.0,44.0
1784039940.992421,388.058,1980,3201,83.0,59.0,44.0
1784039941.002420,387.580,1980,3201,83.0,59.0,44.0
1784039941.012421,387.580,1980,3201,83.0,59.0,44.0
1784039941.022413,387.580,1980,3201,83.0,59.0,44.0
1784039941.032426,387.580,1980,3201,83.0,59.0,44.0
1784039941.042421,387.580,1980,3201,83.0,59.0,44.0
1784039941.052416,387.580,1980,3201,83.0,59.0,44.0
1784039941.062420,387.580,1980,3201,83.0,59.0,44.0
1784039941.072421,387.580,1980,3201,83.0,59.0,44.0
1784039941.082421,387.580,1980,3201,83.0,59.0,44.0
1784039941.092421,387.580,1980,3201,83.0,59.0,44.0
1784039941.102421,387.426,1980,3201,85.0,61.0,44.0
1784039941.112421,387.426,1980,3201,85.0,61.0,44.0
1784039941.122410,387.426,1980,3201,85.0,61.0,44.0
1784039941.132417,387.426,1980,3201,85.0,61.0,44.0
1784039941.142421,387.426,1980,3201,85.0,61.0,44.0
1784039941.152425,387.426,1980,3201,85.0,61.0,44.0
1784039941.162416,387.426,1980,3201,85.0,61.0,44.0
1784039941.172412,387.426,1980,3201,85.0,61.0,44.0
1784039941.182416,387.426,1980,3201,85.0,61.0,44.0
1784039941.192423,387.426,1980,3201,85.0,61.0,44.0
1784039941.202424,386.053,1980,3201,85.0,61.0,44.0
1784039941.212423,386.053,1980,3201,85.0,61.0,44.0
1784039941.222419,386.053,1980,3201,85.0,61.0,44.0
1784039941.232422,386.053,1980,3201,85.0,61.0,44.0
1784039941.242424,386.053,1980,3201,85.0,61.0,44.0
1784039941.252632,386.053,1980,3201,85.0,61.0,44.0
1784039941.262423,386.053,1980,3201,85.0,61.0,44.0
1784039941.272423,386.053,1980,3201,85.0,61.0,44.0
1784039941.282422,386.053,1980,3201,85.0,61.0,44.0
1784039941.292423,386.053,1980,3201,85.0,61.0,44.0
1784039941.302624,386.222,1980,3201,84.0,60.0,44.0
1784039941.312422,386.222,1980,3201,84.0,60.0,44.0
1784039941.322414,386.222,1980,3201,84.0,60.0,44.0
1784039941.332420,386.222,1980,3201,84.0,60.0,44.0
1784039941.342695,386.222,1980,3201,84.0,60.0,44.0
1784039941.352418,386.222,1980,3201,84.0,60.0,44.0
1784039941.362443,386.222,1980,3201,84.0,60.0,44.0
1784039941.372414,386.222,1980,3201,84.0,60.0,44.0
1784039941.382413,386.222,1980,3201,84.0,60.0,44.0
1784039941.392417,386.222,1980,3201,84.0,60.0,44.0
1784039941.402414,387.524,1980,3201,84.0,60.0,44.0
1784039941.412417,387.524,1980,3201,84.0,60.0,44.0
1784039941.422416,387.524,1980,3201,84.0,60.0,44.0
1784039941.432417,387.524,1980,3201,84.0,60.0,44.0
1784039941.442418,387.524,1980,3201,84.0,60.0,44.0
1784039941.452411,387.524,1980,3201,84.0,60.0,44.0
1784039941.462418,387.524,1980,3201,84.0,60.0,44.0
1784039941.472418,387.524,1980,3201,84.0,60.0,44.0
1784039941.482418,387.524,1980,3201,84.0,60.0,44.0
1784039941.492418,387.524,1980,3201,84.0,60.0,44.0
1784039941.502435,387.952,1980,3201,82.0,58.0,44.0
1784039941.512417,387.952,1980,3201,82.0,58.0,44.0
1784039941.522416,387.952,1980,3201,82.0,58.0,44.0
1784039941.532418,387.952,1980,3201,82.0,58.0,44.0
1784039941.542418,387.952,1980,3201,82.0,58.0,44.0
1784039941.552415,387.952,1980,3201,82.0,58.0,44.0
1784039941.562417,387.952,1980,3201,82.0,58.0,44.0
1784039941.572418,387.952,1980,3201,82.0,58.0,44.0
1784039941.582418,387.952,1980,3201,82.0,58.0,44.0
1784039941.592420,387.952,1980,3201,82.0,58.0,44.0
1784039941.602420,385.657,1980,3201,82.0,58.0,44.0
1784039941.612524,385.657,1980,3201,82.0,58.0,44.0
1784039941.622439,385.657,1980,3201,82.0,58.0,44.0
1784039941.632431,385.657,1980,3201,82.0,58.0,44.0
1784039941.642429,385.657,1980,3201,82.0,58.0,44.0
1784039941.652427,385.657,1980,3201,82.0,58.0,44.0
1784039941.662430,385.657,1980,3201,82.0,58.0,44.0
1784039941.672430,385.657,1980,3201,82.0,58.0,44.0
1784039941.682422,385.657,1980,3201,82.0,58.0,44.0
1784039941.692431,385.657,1980,3201,82.0,58.0,44.0
1784039941.702426,386.850,1980,3201,85.0,61.0,44.0
1784039941.712421,386.850,1980,3201,85.0,61.0,44.0
1784039941.722423,386.850,1980,3201,85.0,61.0,44.0
1784039941.732422,386.850,1980,3201,85.0,61.0,44.0
1784039941.742788,386.850,1980,3201,85.0,61.0,44.0
1784039941.752421,386.850,1980,3201,85.0,61.0,44.0
1784039941.762421,386.850,1980,3201,85.0,61.0,44.0
1784039941.772424,386.850,1980,3201,85.0,61.0,44.0
1784039941.782421,386.850,1980,3201,85.0,61.0,44.0
1784039941.792418,386.850,1980,3201,85.0,61.0,44.0
1784039941.802417,387.066,1980,3201,85.0,61.0,44.0
1784039941.812417,387.066,1980,3201,85.0,61.0,44.0
1784039941.822414,387.066,1980,3201,85.0,61.0,44.0
1784039941.832413,387.066,1980,3201,85.0,61.0,44.0
1784039941.842415,387.066,1980,3201,85.0,61.0,44.0
1784039941.852413,387.066,1980,3201,85.0,61.0,44.0
1784039941.862414,387.066,1980,3201,85.0,61.0,44.0
1784039941.872413,387.066,1980,3201,85.0,61.0,44.0
1784039941.882414,387.066,1980,3201,85.0,61.0,44.0
1784039941.892414,387.066,1980,3201,85.0,61.0,44.0
1784039941.902414,387.930,1980,3201,85.0,61.0,44.0
1784039941.912414,387.930,1980,3201,85.0,61.0,44.0
1784039941.922413,387.930,1980,3201,85.0,61.0,44.0
1784039941.932413,387.930,1980,3201,85.0,61.0,44.0
1784039941.942417,387.930,1980,3201,85.0,61.0,44.0
1784039941.952417,387.930,1980,3201,85.0,61.0,44.0
1784039941.962501,387.930,1980,3201,85.0,61.0,44.0
1784039941.972421,387.930,1980,3201,85.0,61.0,44.0
1784039941.982421,387.930,1980,3201,85.0,61.0,44.0
1784039941.992740,387.930,1980,3201,85.0,61.0,44.0
1784039942.002422,388.155,1980,3201,85.0,61.0,44.0
1784039942.012422,388.155,1980,3201,85.0,61.0,44.0
1784039942.022416,388.155,1980,3201,85.0,61.0,44.0
1784039942.032423,388.155,1980,3201,85.0,61.0,44.0
1784039942.042425,388.155,1980,3201,85.0,61.0,44.0
1784039942.052423,388.155,1980,3201,85.0,61.0,44.0
1784039942.062423,388.155,1980,3201,85.0,61.0,44.0
1784039942.072423,388.155,1980,3201,85.0,61.0,44.0
1784039942.082423,388.155,1980,3201,85.0,61.0,44.0
1784039942.092422,388.155,1980,3201,85.0,61.0,44.0
1784039942.102429,388.339,1980,3201,85.0,61.0,44.0
1784039942.112416,388.339,1980,3201,85.0,61.0,44.0
1784039942.122416,388.339,1980,3201,85.0,61.0,44.0
1784039942.132421,388.339,1980,3201,85.0,61.0,44.0
1784039942.142421,388.339,1980,3201,85.0,61.0,44.0
1784039942.152422,388.339,1980,3201,85.0,61.0,44.0
1784039942.162424,388.339,1980,3201,85.0,61.0,44.0
1784039942.172423,388.339,1980,3201,85.0,61.0,44.0
1784039942.182424,388.339,1980,3201,85.0,61.0,44.0
1784039942.192423,388.339,1980,3201,85.0,61.0,44.0
1784039942.202424,391.568,1980,3201,85.0,61.0,44.0
1784039942.212425,391.568,1980,3201,85.0,61.0,44.0
1784039942.222418,391.568,1980,3201,85.0,61.0,44.0
1784039942.232426,391.568,1980,3201,85.0,61.0,44.0
1784039942.242431,391.568,1980,3201,85.0,61.0,44.0
1784039942.252426,391.568,1980,3201,85.0,61.0,44.0
1784039942.262575,391.568,1980,3201,85.0,61.0,44.0
1784039942.272427,391.568,1980,3201,85.0,61.0,44.0
1784039942.282428,391.568,1980,3201,85.0,61.0,44.0
1784039942.292427,391.568,1980,3201,85.0,61.0,44.0
1784039942.302427,391.597,1980,3201,82.0,58.0,44.0
1784039942.312427,391.597,1980,3201,82.0,58.0,44.0
1784039942.322420,391.597,1980,3201,82.0,58.0,44.0
1784039942.332678,391.597,1980,3201,82.0,58.0,44.0
1784039942.342426,391.597,1980,3201,82.0,58.0,44.0
1784039942.352421,391.597,1980,3201,82.0,58.0,44.0
1784039942.362427,391.597,1980,3201,82.0,58.0,44.0
1784039942.372427,391.597,1980,3201,82.0,58.0,44.0
1784039942.382427,391.597,1980,3201,82.0,58.0,44.0
1784039942.392427,391.597,1980,3201,82.0,58.0,44.0
1784039942.402423,390.077,1980,3201,82.0,58.0,44.0
1784039942.412427,390.077,1980,3201,82.0,58.0,44.0
1784039942.422420,390.077,1980,3201,82.0,58.0,44.0
1784039942.432440,390.077,1980,3201,82.0,58.0,44.0
1784039942.442426,390.077,1980,3201,82.0,58.0,44.0
1784039942.452427,390.077,1980,3201,82.0,58.0,44.0
1784039942.462426,390.077,1980,3201,82.0,58.0,44.0
1784039942.472424,390.077,1980,3201,82.0,58.0,44.0
1784039942.482425,390.077,1980,3201,82.0,58.0,44.0
1784039942.492425,390.077,1980,3201,82.0,58.0,44.0
1784039942.502429,389.580,1980,3201,83.0,60.0,44.0
1784039942.512433,389.580,1980,3201,83.0,60.0,44.0
1784039942.522420,389.580,1980,3201,83.0,60.0,44.0
1784039942.532426,389.580,1980,3201,83.0,60.0,44.0
1784039942.542418,389.580,1980,3201,83.0,60.0,44.0
1784039942.552425,389.580,1980,3201,83.0,60.0,44.0
1784039942.562427,389.580,1980,3201,83.0,60.0,44.0
1784039942.572428,389.580,1980,3201,83.0,60.0,44.0
1784039942.582428,389.580,1980,3201,83.0,60.0,44.0
1784039942.592436,389.580,1980,3201,83.0,60.0,44.0
1784039942.602427,388.723,1980,3201,83.0,60.0,44.0
1784039942.612486,388.723,1980,3201,83.0,60.0,44.0
1784039942.622417,388.723,1980,3201,83.0,60.0,44.0
1784039942.632419,388.723,1980,3201,83.0,60.0,44.0
1784039942.642429,388.723,1980,3201,83.0,60.0,44.0
1784039942.652420,388.723,1980,3201,83.0,60.0,44.0
1784039942.662426,388.723,1980,3201,83.0,60.0,44.0
1784039942.672427,388.723,1980,3201,83.0,60.0,44.0
1784039942.682427,388.723,1980,3201,83.0,60.0,44.0
1784039942.692427,388.723,1980,3201,83.0,60.0,44.0
1784039942.702422,388.432,1980,3201,83.0,60.0,44.0
1784039942.712428,388.432,1980,3201,83.0,60.0,44.0
1784039942.722423,388.432,1980,3201,83.0,60.0,44.0
1784039942.732426,388.432,1980,3201,83.0,60.0,44.0
1784039942.742428,388.432,1980,3201,83.0,60.0,44.0
1784039942.752429,388.432,1980,3201,83.0,60.0,44.0
1784039942.762427,388.432,1980,3201,83.0,60.0,44.0
1784039942.772428,388.432,1980,3201,83.0,60.0,44.0
1784039942.782427,388.432,1980,3201,83.0,60.0,44.0
1784039942.792678,388.432,1980,3201,83.0,60.0,44.0
1784039942.802426,388.214,1980,3201,83.0,60.0,44.0
1784039942.812420,388.214,1980,3201,83.0,60.0,44.0
1784039942.822420,388.214,1980,3201,83.0,60.0,44.0
1784039942.832421,388.214,1980,3201,83.0,60.0,44.0
1784039942.842420,388.214,1980,3201,83.0,60.0,44.0
1784039942.852417,388.214,1980,3201,83.0,60.0,44.0
1784039942.862414,388.214,1980,3201,83.0,60.0,44.0
1784039942.872417,388.214,1980,3201,83.0,60.0,44.0
1784039942.882415,388.214,1980,3201,83.0,60.0,44.0
1784039942.892417,388.214,1980,3201,83.0,60.0,44.0
1784039942.902419,388.099,1980,3201,83.0,60.0,44.0
1784039942.912419,388.099,1980,3201,83.0,60.0,44.0
1784039942.922418,388.099,1980,3201,83.0,60.0,44.0
1784039942.932415,388.099,1980,3201,83.0,60.0,44.0
1784039942.942418,388.099,1980,3201,83.0,60.0,44.0
1784039942.952418,388.099,1980,3201,83.0,60.0,44.0
1784039942.962413,388.099,1980,3201,83.0,60.0,44.0
1784039942.972418,388.099,1980,3201,83.0,60.0,44.0
1784039942.983278,388.099,1980,3201,83.0,60.0,44.0
1784039942.992419,388.099,1980,3201,83.0,60.0,44.0
1784039943.002419,387.401,1980,3201,83.0,60.0,44.0
1784039943.012417,387.401,1980,3201,83.0,60.0,44.0
1784039943.022416,387.401,1980,3201,83.0,60.0,44.0
1784039943.032417,387.401,1980,3201,83.0,60.0,44.0
1784039943.042419,387.401,1980,3201,83.0,60.0,44.0
1784039943.052418,387.401,1980,3201,83.0,60.0,44.0
1784039943.062418,387.401,1980,3201,83.0,60.0,44.0
1784039943.072417,387.401,1980,3201,83.0,60.0,44.0
1784039943.082417,387.401,1980,3201,83.0,60.0,44.0
1784039943.092512,387.401,1980,3201,83.0,60.0,44.0
1784039943.102425,389.060,1980,3201,83.0,59.0,44.0
1784039943.112427,389.060,1980,3201,83.0,59.0,44.0
1784039943.122423,389.060,1980,3201,83.0,59.0,44.0
1784039943.132417,389.060,1980,3201,83.0,59.0,44.0
1784039943.142463,389.060,1980,3201,83.0,59.0,44.0
1784039943.152422,389.060,1980,3201,83.0,59.0,44.0
1784039943.162421,389.060,1980,3201,83.0,59.0,44.0
1784039943.172422,389.060,1980,3201,83.0,59.0,44.0
1784039943.182423,389.060,1980,3201,83.0,59.0,44.0
1784039943.192417,389.060,1980,3201,83.0,59.0,44.0
1784039943.202425,388.192,1980,3201,83.0,59.0,44.0
1784039943.212423,388.192,1980,3201,83.0,59.0,44.0
1784039943.222423,388.192,1980,3201,83.0,59.0,44.0
1784039943.232417,388.192,1980,3201,83.0,59.0,44.0
1784039943.242604,388.192,1980,3201,83.0,59.0,44.0
1784039943.252419,388.192,1980,3201,83.0,59.0,44.0
1784039943.262420,388.192,1980,3201,83.0,59.0,44.0
1784039943.272420,388.192,1980,3201,83.0,59.0,44.0
1784039943.282418,388.192,1980,3201,83.0,59.0,44.0
1784039943.292415,388.192,1980,3201,83.0,59.0,44.0
1784039943.302419,387.894,1980,3201,85.0,61.0,44.0
1784039943.312418,387.894,1980,3201,85.0,61.0,44.0
1784039943.322418,387.894,1980,3201,85.0,61.0,44.0
1784039943.332417,387.894,1980,3201,85.0,61.0,44.0
1784039943.342415,387.894,1980,3201,85.0,61.0,44.0
1784039943.352417,387.894,1980,3201,85.0,61.0,44.0
1784039943.362419,387.894,1980,3201,85.0,61.0,44.0
1784039943.372418,387.894,1980,3201,85.0,61.0,44.0
1784039943.382417,387.894,1980,3201,85.0,61.0,44.0
1784039943.392417,387.894,1980,3201,85.0,61.0,44.0
1784039943.402417,388.466,1980,3201,85.0,61.0,44.0
1784039943.412418,388.466,1980,3201,85.0,61.0,44.0
1784039943.422505,388.466,1980,3201,85.0,61.0,44.0
1784039943.432424,388.466,1980,3201,85.0,61.0,44.0
1784039943.442832,388.466,1980,3201,85.0,61.0,44.0
1784039943.452423,388.466,1980,3201,85.0,61.0,44.0
1784039943.462424,388.466,1980,3201,85.0,61.0,44.0
1784039943.472424,388.466,1980,3201,85.0,61.0,44.0
1784039943.482425,388.466,1980,3201,85.0,61.0,44.0
1784039943.492425,388.466,1980,3201,85.0,61.0,44.0
1784039943.502425,388.187,1980,3201,85.0,61.0,44.0
1784039943.512431,388.187,1980,3201,85.0,61.0,44.0
1784039943.522460,388.187,1980,3201,85.0,61.0,44.0
1784039943.532425,388.187,1980,3201,85.0,61.0,44.0
1784039943.542427,388.187,1980,3201,85.0,61.0,44.0
1784039943.552425,388.187,1980,3201,85.0,61.0,44.0
1784039943.562419,388.187,1980,3201,85.0,61.0,44.0
1784039943.572425,388.187,1980,3201,85.0,61.0,44.0
1784039943.582426,388.187,1980,3201,85.0,61.0,44.0
1784039943.592428,388.187,1980,3201,85.0,61.0,44.0
1784039943.602422,389.024,1980,3201,85.0,61.0,44.0
1784039943.612448,389.024,1980,3201,85.0,61.0,44.0
1784039943.622426,389.024,1980,3201,85.0,61.0,44.0
1784039943.632425,389.024,1980,3201,85.0,61.0,44.0
1784039943.642426,389.024,1980,3201,85.0,61.0,44.0
1784039943.652432,389.024,1980,3201,85.0,61.0,44.0
1784039943.662424,389.024,1980,3201,85.0,61.0,44.0
1784039943.672422,389.024,1980,3201,85.0,61.0,44.0
1784039943.682422,389.024,1980,3201,85.0,61.0,44.0
1784039943.692421,389.024,1980,3201,85.0,61.0,44.0
1784039943.702655,389.095,1980,3201,83.0,60.0,44.0
1784039943.712421,389.095,1980,3201,83.0,60.0,44.0
1784039943.722422,389.095,1980,3201,83.0,60.0,44.0
1784039943.732453,389.095,1980,3201,83.0,60.0,44.0
1784039943.742423,389.095,1980,3201,83.0,60.0,44.0
1784039943.752420,389.095,1980,3201,83.0,60.0,44.0
1784039943.762422,389.095,1980,3201,83.0,60.0,44.0
1784039943.772423,389.095,1980,3201,83.0,60.0,44.0
1784039943.782423,389.095,1980,3201,83.0,60.0,44.0
1784039943.792423,389.095,1980,3201,83.0,60.0,44.0
1784039943.802423,389.105,1980,3201,83.0,60.0,44.0
1784039943.812423,389.105,1980,3201,83.0,60.0,44.0
1784039943.822425,389.105,1980,3201,83.0,60.0,44.0
1784039943.832424,389.105,1980,3201,83.0,60.0,44.0
1784039943.842424,389.105,1980,3201,83.0,60.0,44.0
1784039943.852423,389.105,1980,3201,83.0,60.0,44.0
1784039943.862424,389.105,1980,3201,83.0,60.0,44.0
1784039943.872452,389.105,1980,3201,83.0,60.0,44.0
1784039943.882423,389.105,1980,3201,83.0,60.0,44.0
1784039943.892423,389.105,1980,3201,83.0,60.0,44.0
1784039943.902424,390.661,1980,3201,83.0,60.0,44.0
1784039943.912423,390.661,1980,3201,83.0,60.0,44.0
1784039943.922607,390.661,1980,3201,83.0,60.0,44.0
1784039943.932426,390.661,1980,3201,83.0,60.0,44.0
1784039943.942423,390.661,1980,3201,83.0,60.0,44.0
1784039943.952424,390.661,1980,3201,83.0,60.0,44.0
1784039943.962424,390.661,1980,3201,83.0,60.0,44.0
1784039943.972419,390.661,1980,3201,83.0,60.0,44.0
1784039943.982423,390.661,1980,3201,83.0,60.0,44.0
1784039943.992432,390.661,1980,3201,83.0,60.0,44.0
1784039944.002423,390.102,1980,3201,83.0,60.0,44.0
1784039944.012423,390.102,1980,3201,83.0,60.0,44.0
1784039944.022423,390.102,1980,3201,83.0,60.0,44.0
1784039944.032423,390.102,1980,3201,83.0,60.0,44.0
1784039944.042463,390.102,1980,3201,83.0,60.0,44.0
1784039944.052423,390.102,1980,3201,83.0,60.0,44.0
1784039944.062450,390.102,1980,3201,83.0,60.0,44.0
1784039944.072424,390.102,1980,3201,83.0,60.0,44.0
1784039944.082422,390.102,1980,3201,83.0,60.0,44.0
1784039944.092881,390.102,1980,3201,83.0,60.0,44.0
1784039944.102422,389.270,1980,3201,84.0,60.0,44.0
1784039944.112424,389.270,1980,3201,84.0,60.0,44.0
1784039944.122425,389.270,1980,3201,84.0,60.0,44.0
1784039944.132426,389.270,1980,3201,84.0,60.0,44.0
1784039944.142426,389.270,1980,3201,84.0,60.0,44.0
1784039944.152429,389.270,1980,3201,84.0,60.0,44.0
1784039944.162557,389.270,1980,3201,84.0,60.0,44.0
1784039944.172458,389.270,1980,3201,84.0,60.0,44.0
1784039944.182426,389.270,1980,3201,84.0,60.0,44.0
1784039944.192426,389.270,1980,3201,84.0,60.0,44.0
1784039944.202427,389.528,1980,3201,84.0,60.0,44.0
1784039944.212427,389.528,1980,3201,84.0,60.0,44.0
1784039944.222427,389.528,1980,3201,84.0,60.0,44.0
1784039944.232427,389.528,1980,3201,84.0,60.0,44.0
1784039944.242427,389.528,1980,3201,84.0,60.0,44.0
1784039944.252422,389.528,1980,3201,84.0,60.0,44.0
1784039944.262436,389.528,1980,3201,84.0,60.0,44.0
1784039944.272422,389.528,1980,3201,84.0,60.0,44.0
1784039944.282427,389.528,1980,3201,84.0,60.0,44.0
1784039944.292428,389.528,1980,3201,84.0,60.0,44.0
1784039944.302428,388.575,1980,3201,83.0,60.0,44.0
1784039944.312428,388.575,1980,3201,83.0,60.0,44.0
1784039944.322422,388.575,1980,3201,83.0,60.0,44.0
1784039944.332435,388.575,1980,3201,83.0,60.0,44.0
1784039944.342612,388.575,1980,3201,83.0,60.0,44.0
1784039944.352429,388.575,1980,3201,83.0,60.0,44.0
1784039944.362427,388.575,1980,3201,83.0,60.0,44.0
1784039944.372427,388.575,1980,3201,83.0,60.0,44.0
1784039944.382427,388.575,1980,3201,83.0,60.0,44.0
1784039944.392427,388.575,1980,3201,83.0,60.0,44.0
1784039944.402427,387.839,1980,3201,83.0,60.0,44.0
1784039944.412421,387.839,1980,3201,83.0,60.0,44.0
1784039944.422418,387.839,1980,3201,83.0,60.0,44.0
1784039944.432599,387.839,1980,3201,83.0,60.0,44.0
1784039944.442430,387.839,1980,3201,83.0,60.0,44.0
1784039944.452426,387.839,1980,3201,83.0,60.0,44.0
1784039944.462426,387.839,1980,3201,83.0,60.0,44.0
1784039944.472421,387.839,1980,3201,83.0,60.0,44.0
1784039944.482419,387.839,1980,3201,83.0,60.0,44.0
1784039944.492420,387.839,1980,3201,83.0,60.0,44.0
1784039944.502416,387.374,1980,3201,83.0,60.0,44.0
1784039944.512421,387.374,1980,3201,83.0,60.0,44.0
1784039944.522417,387.374,1980,3201,83.0,60.0,44.0
1784039944.532418,387.374,1980,3201,83.0,60.0,44.0
1784039944.542421,387.374,1980,3201,83.0,60.0,44.0
1784039944.552420,387.374,1980,3201,83.0,60.0,44.0
1784039944.562421,387.374,1980,3201,83.0,60.0,44.0
1784039944.572421,387.374,1980,3201,83.0,60.0,44.0
1784039944.582417,387.374,1980,3201,83.0,60.0,44.0
1784039944.592686,387.374,1980,3201,83.0,60.0,44.0
1784039944.602418,387.030,1980,3201,83.0,60.0,44.0
1784039944.612417,387.030,1980,3201,83.0,60.0,44.0
1784039944.622417,387.030,1980,3201,83.0,60.0,44.0
1784039944.632416,387.030,1980,3201,83.0,60.0,44.0
1784039944.642417,387.030,1980,3201,83.0,60.0,44.0
1784039944.652416,387.030,1980,3201,83.0,60.0,44.0
1784039944.662498,387.030,1980,3201,83.0,60.0,44.0
1784039944.672417,387.030,1980,3201,83.0,60.0,44.0
1784039944.682420,387.030,1980,3201,83.0,60.0,44.0
1784039944.692418,387.030,1980,3201,83.0,60.0,44.0
1784039944.702417,388.637,1980,3201,84.0,60.0,44.0
1784039944.712419,388.637,1980,3201,84.0,60.0,44.0
1784039944.722418,388.637,1980,3201,84.0,60.0,44.0
1784039944.732397,388.637,1980,3201,84.0,60.0,44.0
1784039944.742417,388.637,1980,3201,84.0,60.0,44.0
1784039944.752417,388.637,1980,3201,84.0,60.0,44.0
1784039944.762414,388.637,1980,3201,84.0,60.0,44.0
1784039944.772413,388.637,1980,3201,84.0,60.0,44.0
1784039944.782413,388.637,1980,3201,84.0,60.0,44.0
1784039944.792413,388.637,1980,3201,84.0,60.0,44.0
1784039944.802413,388.762,1980,3201,84.0,60.0,44.0
1784039944.812413,388.762,1980,3201,84.0,60.0,44.0
1784039944.822414,388.762,1980,3201,84.0,60.0,44.0
1784039944.832414,388.762,1980,3201,84.0,60.0,44.0
1784039944.842414,388.762,1980,3201,84.0,60.0,44.0
1784039944.852515,388.762,1980,3201,84.0,60.0,44.0
1784039944.862420,388.762,1980,3201,84.0,60.0,44.0
1784039944.872414,388.762,1980,3201,84.0,60.0,44.0
1784039944.882419,388.762,1980,3201,84.0,60.0,44.0
1784039944.892421,388.762,1980,3201,84.0,60.0,44.0
1784039944.902421,387.234,1980,3201,85.0,61.0,44.0
1784039944.912421,387.234,1980,3201,85.0,61.0,44.0
1784039944.922420,387.234,1980,3201,85.0,61.0,44.0
1784039944.932421,387.234,1980,3201,85.0,61.0,44.0
1784039944.942424,387.234,1980,3201,85.0,61.0,44.0
1784039944.952422,387.234,1980,3201,85.0,61.0,44.0
1784039944.962423,387.234,1980,3201,85.0,61.0,44.0
1784039944.972417,387.234,1980,3201,85.0,61.0,44.0
1784039944.982421,387.234,1980,3201,85.0,61.0,44.0
1784039944.992426,387.234,1980,3201,85.0,61.0,44.0
1784039945.002424,387.732,1980,3201,85.0,61.0,44.0
1784039945.012422,387.732,1980,3201,85.0,61.0,44.0
1784039945.022418,387.732,1980,3201,85.0,61.0,44.0
1784039945.032422,387.732,1980,3201,85.0,61.0,44.0
1784039945.042421,387.732,1980,3201,85.0,61.0,44.0
1784039945.052421,387.732,1980,3201,85.0,61.0,44.0
1784039945.062421,387.732,1980,3201,85.0,61.0,44.0
1784039945.072421,387.732,1980,3201,85.0,61.0,44.0
1784039945.082421,387.732,1980,3201,85.0,61.0,44.0
1784039945.092421,387.732,1980,3201,85.0,61.0,44.0
1784039945.102422,387.192,1980,3201,85.0,61.0,44.0
1784039945.112422,387.192,1980,3201,85.0,61.0,44.0
1784039945.122447,387.192,1980,3201,85.0,61.0,44.0
1784039945.132422,387.192,1980,3201,85.0,61.0,44.0
1784039945.142915,387.192,1980,3201,85.0,61.0,44.0
1784039945.152421,387.192,1980,3201,85.0,61.0,44.0
1784039945.162443,387.192,1980,3201,85.0,61.0,44.0
1784039945.172423,387.192,1980,3201,85.0,61.0,44.0
1784039945.182423,387.192,1980,3201,85.0,61.0,44.0
1784039945.192449,387.192,1980,3201,85.0,61.0,44.0
1784039945.202424,386.579,1980,3201,85.0,61.0,44.0
1784039945.212422,386.579,1980,3201,85.0,61.0,44.0
1784039945.222423,386.579,1980,3201,85.0,61.0,44.0
1784039945.232422,386.579,1980,3201,85.0,61.0,44.0
1784039945.242418,386.579,1980,3201,85.0,61.0,44.0
1784039945.252421,386.579,1980,3201,85.0,61.0,44.0
1784039945.262422,386.579,1980,3201,85.0,61.0,44.0
1784039945.272422,386.579,1980,3201,85.0,61.0,44.0
1784039945.282422,386.579,1980,3201,85.0,61.0,44.0
1784039945.292422,386.579,1980,3201,85.0,61.0,44.0
1784039945.302423,387.606,1980,3201,85.0,61.0,44.0
1784039945.312426,387.606,1980,3201,85.0,61.0,44.0
1784039945.322430,387.606,1980,3201,85.0,61.0,44.0
1784039945.332424,387.606,1980,3201,85.0,61.0,44.0
1784039945.342430,387.606,1980,3201,85.0,61.0,44.0
1784039945.352424,387.606,1980,3201,85.0,61.0,44.0
1784039945.362416,387.606,1980,3201,85.0,61.0,44.0
1784039945.372424,387.606,1980,3201,85.0,61.0,44.0
1784039945.382424,387.606,1980,3201,85.0,61.0,44.0
1784039945.392424,387.606,1980,3201,85.0,61.0,44.0
1784039945.402425,387.139,1980,3201,85.0,61.0,44.0
1784039945.412418,387.139,1980,3201,85.0,61.0,44.0
1784039945.422421,387.139,1980,3201,85.0,61.0,44.0
1784039945.432424,387.139,1980,3201,85.0,61.0,44.0
1784039945.442420,387.139,1980,3201,85.0,61.0,44.0
1784039945.452420,387.139,1980,3201,85.0,61.0,44.0
1784039945.462598,387.139,1980,3201,85.0,61.0,44.0
1784039945.472421,387.139,1980,3201,85.0,61.0,44.0
1784039945.482421,387.139,1980,3201,85.0,61.0,44.0
1784039945.492449,387.139,1980,3201,85.0,61.0,44.0
1784039945.502420,388.848,1980,3201,84.0,60.0,44.0
1784039945.512632,388.848,1980,3201,84.0,60.0,44.0
1784039945.522421,388.848,1980,3201,84.0,60.0,44.0
1784039945.532421,388.848,1980,3201,84.0,60.0,44.0
1784039945.542420,388.848,1980,3201,84.0,60.0,44.0
1784039945.552423,388.848,1980,3201,84.0,60.0,44.0
1784039945.562414,388.848,1980,3201,84.0,60.0,44.0
1784039945.572421,388.848,1980,3201,84.0,60.0,44.0
1784039945.582421,388.848,1980,3201,84.0,60.0,44.0
1784039945.592471,388.848,1980,3201,84.0,60.0,44.0
1784039945.602421,389.100,1980,3201,84.0,60.0,44.0
1784039945.612490,389.100,1980,3201,84.0,60.0,44.0
1784039945.622420,389.100,1980,3201,84.0,60.0,44.0
1784039945.632420,389.100,1980,3201,84.0,60.0,44.0
1784039945.642421,389.100,1980,3201,84.0,60.0,44.0
1784039945.652421,389.100,1980,3201,84.0,60.0,44.0
1784039945.662415,389.100,1980,3201,84.0,60.0,44.0
1784039945.672419,389.100,1980,3201,84.0,60.0,44.0
1784039945.682420,389.100,1980,3201,84.0,60.0,44.0
1784039945.692421,389.100,1980,3201,84.0,60.0,44.0
1784039945.702421,388.168,1980,3201,85.0,61.0,44.0
1784039945.712420,388.168,1980,3201,85.0,61.0,44.0
1784039945.722421,388.168,1980,3201,85.0,61.0,44.0
1784039945.732423,388.168,1980,3201,85.0,61.0,44.0
1784039945.742424,388.168,1980,3201,85.0,61.0,44.0
1784039945.752422,388.168,1980,3201,85.0,61.0,44.0
1784039945.762422,388.168,1980,3201,85.0,61.0,44.0
1784039945.772422,388.168,1980,3201,85.0,61.0,44.0
1784039945.782623,388.168,1980,3201,85.0,61.0,44.0
1784039945.792424,388.168,1980,3201,85.0,61.0,44.0
1784039945.802423,388.101,1980,3201,85.0,61.0,44.0
1784039945.812423,388.101,1980,3201,85.0,61.0,44.0
1784039945.822424,388.101,1980,3201,85.0,61.0,44.0
1784039945.832433,388.101,1980,3201,85.0,61.0,44.0
1784039945.842421,388.101,1980,3201,85.0,61.0,44.0
1784039945.852428,388.101,1980,3201,85.0,61.0,44.0
1784039945.862422,388.101,1980,3201,85.0,61.0,44.0
1784039945.872427,388.101,1980,3201,85.0,61.0,44.0
1784039945.882415,388.101,1980,3201,85.0,61.0,44.0
1784039945.892422,388.101,1980,3201,85.0,61.0,44.0
1784039945.902470,388.074,1980,3201,84.0,60.0,44.0
1784039945.912422,388.074,1980,3201,84.0,60.0,44.0
1784039945.922423,388.074,1980,3201,84.0,60.0,44.0
1784039945.932423,388.074,1980,3201,84.0,60.0,44.0
1784039945.942423,388.074,1980,3201,84.0,60.0,44.0
1784039945.952423,388.074,1980,3201,84.0,60.0,44.0
1784039945.962423,388.074,1980,3201,84.0,60.0,44.0
1784039945.972422,388.074,1980,3201,84.0,60.0,44.0
1784039945.982423,388.074,1980,3201,84.0,60.0,44.0
1784039945.992423,388.074,1980,3201,84.0,60.0,44.0
1784039946.002471,388.392,1980,3201,84.0,60.0,44.0
1784039946.012422,388.392,1980,3201,84.0,60.0,44.0
1784039946.022422,388.392,1980,3201,84.0,60.0,44.0
1784039946.032418,388.392,1980,3201,84.0,60.0,44.0
1784039946.042417,388.392,1980,3201,84.0,60.0,44.0
1784039946.052414,388.392,1980,3201,84.0,60.0,44.0
1784039946.062416,388.392,1980,3201,84.0,60.0,44.0
1784039946.072414,388.392,1980,3201,84.0,60.0,44.0
1784039946.082417,388.392,1980,3201,84.0,60.0,44.0
1784039946.092418,388.392,1980,3201,84.0,60.0,44.0
1784039946.102417,389.174,1980,3201,85.0,61.0,44.0
1784039946.112418,389.174,1980,3201,85.0,61.0,44.0
1784039946.122417,389.174,1980,3201,85.0,61.0,44.0
1784039946.132418,389.174,1980,3201,85.0,61.0,44.0
1784039946.142419,389.174,1980,3201,85.0,61.0,44.0
1784039946.152419,389.174,1980,3201,85.0,61.0,44.0
1784039946.162418,389.174,1980,3201,85.0,61.0,44.0
1784039946.172412,389.174,1980,3201,85.0,61.0,44.0
1784039946.182418,389.174,1980,3201,85.0,61.0,44.0
1784039946.192418,389.174,1980,3201,85.0,61.0,44.0
1784039946.202497,388.663,1980,3201,85.0,61.0,44.0
1784039946.212416,388.663,1980,3201,85.0,61.0,44.0
1784039946.222415,388.663,1980,3201,85.0,61.0,44.0
1784039946.232415,388.663,1980,3201,85.0,61.0,44.0
1784039946.242415,388.663,1980,3201,85.0,61.0,44.0
1784039946.252415,388.663,1980,3201,85.0,61.0,44.0
1784039946.262405,388.663,1980,3201,85.0,61.0,44.0
1784039946.272466,388.663,1980,3201,85.0,61.0,44.0
1784039946.282427,388.663,1980,3201,85.0,61.0,44.0
1784039946.292423,388.663,1980,3201,85.0,61.0,44.0
1784039946.302423,390.838,1980,3201,85.0,61.0,44.0
1784039946.312423,390.838,1980,3201,85.0,61.0,44.0
1784039946.322557,390.838,1980,3201,85.0,61.0,44.0
1784039946.332422,390.838,1980,3201,85.0,61.0,44.0
1784039946.342423,390.838,1980,3201,85.0,61.0,44.0
1784039946.352423,390.838,1980,3201,85.0,61.0,44.0
1784039946.362422,390.838,1980,3201,85.0,61.0,44.0
1784039946.372418,390.838,1980,3201,85.0,61.0,44.0
1784039946.382422,390.838,1980,3201,85.0,61.0,44.0
1784039946.392423,390.838,1980,3201,85.0,61.0,44.0
1784039946.402422,391.887,1980,3201,85.0,61.0,44.0
1784039946.412421,391.887,1980,3201,85.0,61.0,44.0
1784039946.422435,391.887,1980,3201,85.0,61.0,44.0
1784039946.432424,391.887,1980,3201,85.0,61.0,44.0
1784039946.442423,391.887,1980,3201,85.0,61.0,44.0
1784039946.452428,391.887,1980,3201,85.0,61.0,44.0
1784039946.462423,391.887,1980,3201,85.0,61.0,44.0
1784039946.472425,391.887,1980,3201,85.0,61.0,44.0
1784039946.482424,391.887,1980,3201,85.0,61.0,44.0
1784039946.492658,391.887,1980,3201,85.0,61.0,44.0
1784039946.502424,390.666,1980,3201,85.0,61.0,44.0
1784039946.512424,390.666,1980,3201,85.0,61.0,44.0
1784039946.522458,390.666,1980,3201,85.0,61.0,44.0
1784039946.532431,390.666,1980,3201,85.0,61.0,44.0
1784039946.542421,390.666,1980,3201,85.0,61.0,44.0
1784039946.552424,390.666,1980,3201,85.0,61.0,44.0
1784039946.562425,390.666,1980,3201,85.0,61.0,44.0
1784039946.572425,390.666,1980,3201,85.0,61.0,44.0
1784039946.582425,390.666,1980,3201,85.0,61.0,44.0
1784039946.592427,390.666,1980,3201,85.0,61.0,44.0
1784039946.602424,391.039,1980,3201,85.0,61.0,44.0
1784039946.612655,391.039,1980,3201,85.0,61.0,44.0
1784039946.622423,391.039,1980,3201,85.0,61.0,44.0
1784039946.632424,391.039,1980,3201,85.0,61.0,44.0
1784039946.642425,391.039,1980,3201,85.0,61.0,44.0
1784039946.652423,391.039,1980,3201,85.0,61.0,44.0
1784039946.662678,391.039,1980,3201,85.0,61.0,44.0
1784039946.672423,391.039,1980,3201,85.0,61.0,44.0
1784039946.682421,391.039,1980,3201,85.0,61.0,44.0
1784039946.692467,391.039,1980,3201,85.0,61.0,44.0
1784039946.702422,391.399,1980,3201,84.0,60.0,44.0
1784039946.712842,391.399,1980,3201,84.0,60.0,44.0
1784039946.722424,391.399,1980,3201,84.0,60.0,44.0
1784039946.732423,391.399,1980,3201,84.0,60.0,44.0
1784039946.742423,391.399,1980,3201,84.0,60.0,44.0
1784039946.752422,391.399,1980,3201,84.0,60.0,44.0
1784039946.762648,391.399,1980,3201,84.0,60.0,44.0
1784039946.772425,391.399,1980,3201,84.0,60.0,44.0
1784039946.782423,391.399,1980,3201,84.0,60.0,44.0
1784039946.792422,391.399,1980,3201,84.0,60.0,44.0
1784039946.802421,392.099,1980,3201,84.0,60.0,44.0
1784039946.812462,392.099,1980,3201,84.0,60.0,44.0
1784039946.822423,392.099,1980,3201,84.0,60.0,44.0
1784039946.832423,392.099,1980,3201,84.0,60.0,44.0
1784039946.842422,392.099,1980,3201,84.0,60.0,44.0
1784039946.852422,392.099,1980,3201,84.0,60.0,44.0
1784039946.862417,392.099,1980,3201,84.0,60.0,44.0
1784039946.872419,392.099,1980,3201,84.0,60.0,44.0
1784039946.882517,392.099,1980,3201,84.0,60.0,44.0
1784039946.892512,392.099,1980,3201,84.0,60.0,44.0
1784039946.902453,392.437,1980,3201,85.0,61.0,44.0
1784039946.912518,392.437,1980,3201,85.0,61.0,44.0
1784039946.922431,392.437,1980,3201,85.0,61.0,44.0
1784039946.932424,392.437,1980,3201,85.0,61.0,44.0
1784039946.942421,392.437,1980,3201,85.0,61.0,44.0
1784039946.952422,392.437,1980,3201,85.0,61.0,44.0
1784039946.962421,392.437,1980,3201,85.0,61.0,44.0
1784039946.972423,392.437,1980,3201,85.0,61.0,44.0
1784039946.982445,392.437,1980,3201,85.0,61.0,44.0
1784039946.992423,392.437,1980,3201,85.0,61.0,44.0
1784039947.002423,391.843,1980,3201,85.0,61.0,44.0
1784039947.012421,391.843,1980,3201,85.0,61.0,44.0
1784039947.022421,391.843,1980,3201,85.0,61.0,44.0
1784039947.032422,391.843,1980,3201,85.0,61.0,44.0
1784039947.042422,391.843,1980,3201,85.0,61.0,44.0
1784039947.052434,391.843,1980,3201,85.0,61.0,44.0
1784039947.062423,391.843,1980,3201,85.0,61.0,44.0
1784039947.072455,391.843,1980,3201,85.0,61.0,44.0
1784039947.082449,391.843,1980,3201,85.0,61.0,44.0
1784039947.092453,391.843,1980,3201,85.0,61.0,44.0
1784039947.102425,393.696,1980,3201,85.0,61.0,44.0
1784039947.112426,393.696,1980,3201,85.0,61.0,44.0
1784039947.122457,393.696,1980,3201,85.0,61.0,44.0
1784039947.132422,393.696,1980,3201,85.0,61.0,44.0
1784039947.142426,393.696,1980,3201,85.0,61.0,44.0
1784039947.152420,393.696,1980,3201,85.0,61.0,44.0
1784039947.162426,393.696,1980,3201,85.0,61.0,44.0
1784039947.172428,393.696,1980,3201,85.0,61.0,44.0
1784039947.182427,393.696,1980,3201,85.0,61.0,44.0
1784039947.192428,393.696,1980,3201,85.0,61.0,44.0
1784039947.202427,393.853,1980,3201,85.0,61.0,44.0
1784039947.212427,393.853,1980,3201,85.0,61.0,44.0
1784039947.222598,393.853,1980,3201,85.0,61.0,44.0
1784039947.232525,393.853,1980,3201,85.0,61.0,44.0
1784039947.242468,393.853,1980,3201,85.0,61.0,44.0
1784039947.252428,393.853,1980,3201,85.0,61.0,44.0
1784039947.262466,393.853,1980,3201,85.0,61.0,44.0
1784039947.272430,393.853,1980,3201,85.0,61.0,44.0
1784039947.282428,393.853,1980,3201,85.0,61.0,44.0
1784039947.292425,393.853,1980,3201,85.0,61.0,44.0
1784039947.302427,391.317,1980,3201,84.0,60.0,44.0
1784039947.312423,391.317,1980,3201,84.0,60.0,44.0
1784039947.322441,391.317,1980,3201,84.0,60.0,44.0
1784039947.332427,391.317,1980,3201,84.0,60.0,44.0
1784039947.342427,391.317,1980,3201,84.0,60.0,44.0
1784039947.352427,391.317,1980,3201,84.0,60.0,44.0
1784039947.362427,391.317,1980,3201,84.0,60.0,44.0
1784039947.372451,391.317,1980,3201,84.0,60.0,44.0
1784039947.382421,391.317,1980,3201,84.0,60.0,44.0
1784039947.392429,391.317,1980,3201,84.0,60.0,44.0
1784039947.402420,390.658,1980,3201,84.0,60.0,44.0
1784039947.412423,390.658,1980,3201,84.0,60.0,44.0
1784039947.422461,390.658,1980,3201,84.0,60.0,44.0
1784039947.432425,390.658,1980,3201,84.0,60.0,44.0
1784039947.442424,390.658,1980,3201,84.0,60.0,44.0
1784039947.452416,390.658,1980,3201,84.0,60.0,44.0
1784039947.462421,390.658,1980,3201,84.0,60.0,44.0
1784039947.472424,390.658,1980,3201,84.0,60.0,44.0
1784039947.482424,390.658,1980,3201,84.0,60.0,44.0
1784039947.492425,390.658,1980,3201,84.0,60.0,44.0
1784039947.502427,390.407,1980,3201,83.0,59.0,44.0
1784039947.512428,390.407,1980,3201,83.0,59.0,44.0
1784039947.522684,390.407,1980,3201,83.0,59.0,44.0
1784039947.532420,390.407,1980,3201,83.0,59.0,44.0
1784039947.542418,390.407,1980,3201,83.0,59.0,44.0
1784039947.552420,390.407,1980,3201,83.0,59.0,44.0
1784039947.562420,390.407,1980,3201,83.0,59.0,44.0
1784039947.572421,390.407,1980,3201,83.0,59.0,44.0
1784039947.582417,390.407,1980,3201,83.0,59.0,44.0
1784039947.592417,390.407,1980,3201,83.0,59.0,44.0
1784039947.602420,389.592,1980,3201,83.0,59.0,44.0
1784039947.612438,389.592,1980,3201,83.0,59.0,44.0
1784039947.622421,389.592,1980,3201,83.0,59.0,44.0
1784039947.632420,389.592,1980,3201,83.0,59.0,44.0
1784039947.642421,389.592,1980,3201,83.0,59.0,44.0
1784039947.652420,389.592,1980,3201,83.0,59.0,44.0
1784039947.662420,389.592,1980,3201,83.0,59.0,44.0
1784039947.672429,389.592,1980,3201,83.0,59.0,44.0
1784039947.682423,389.592,1980,3201,83.0,59.0,44.0
1784039947.692426,389.592,1980,3201,83.0,59.0,44.0
1784039947.702483,388.447,1980,3201,83.0,59.0,44.0
1784039947.712427,388.447,1980,3201,83.0,59.0,44.0
1784039947.722422,388.447,1980,3201,83.0,59.0,44.0
1784039947.732424,388.447,1980,3201,83.0,59.0,44.0
1784039947.742424,388.447,1980,3201,83.0,59.0,44.0
1784039947.752424,388.447,1980,3201,83.0,59.0,44.0
1784039947.762424,388.447,1980,3201,83.0,59.0,44.0
1784039947.772434,388.447,1980,3201,83.0,59.0,44.0
1784039947.782425,388.447,1980,3201,83.0,59.0,44.0
1784039947.792424,388.447,1980,3201,83.0,59.0,44.0
1784039947.802426,387.582,1980,3201,83.0,59.0,44.0
1784039947.812425,387.582,1980,3201,83.0,59.0,44.0
1784039947.822436,387.582,1980,3201,83.0,59.0,44.0
1784039947.832427,387.582,1980,3201,83.0,59.0,44.0
1784039947.842518,387.582,1980,3201,83.0,59.0,44.0
1784039947.852426,387.582,1980,3201,83.0,59.0,44.0
1784039947.862426,387.582,1980,3201,83.0,59.0,44.0
1784039947.872427,387.582,1980,3201,83.0,59.0,44.0
1784039947.882428,387.582,1980,3201,83.0,59.0,44.0
1784039947.892477,387.582,1980,3201,83.0,59.0,44.0
1784039947.902524,387.415,1980,3201,85.0,61.0,44.0
1784039947.912434,387.415,1980,3201,85.0,61.0,44.0
1784039947.922427,387.415,1980,3201,85.0,61.0,44.0
1784039947.932426,387.415,1980,3201,85.0,61.0,44.0
1784039947.942428,387.415,1980,3201,85.0,61.0,44.0
1784039947.952427,387.415,1980,3201,85.0,61.0,44.0
1784039947.962425,387.415,1980,3201,85.0,61.0,44.0
1784039947.972480,387.415,1980,3201,85.0,61.0,44.0
1784039947.982427,387.415,1980,3201,85.0,61.0,44.0
1784039947.992427,387.415,1980,3201,85.0,61.0,44.0
1784039948.002427,388.369,1980,3201,85.0,61.0,44.0
1784039948.012427,388.369,1980,3201,85.0,61.0,44.0
1784039948.022429,388.369,1980,3201,85.0,61.0,44.0
1784039948.032427,388.369,1980,3201,85.0,61.0,44.0
1784039948.042438,388.369,1980,3201,85.0,61.0,44.0
1784039948.052423,388.369,1980,3201,85.0,61.0,44.0
1784039948.062426,388.369,1980,3201,85.0,61.0,44.0
1784039948.072426,388.369,1980,3201,85.0,61.0,44.0
1784039948.082444,388.369,1980,3201,85.0,61.0,44.0
1784039948.092426,388.369,1980,3201,85.0,61.0,44.0
1784039948.102427,385.758,1980,3201,82.0,58.0,44.0
1784039948.112427,385.758,1980,3201,82.0,58.0,44.0
1784039948.122426,385.758,1980,3201,82.0,58.0,44.0
1784039948.132428,385.758,1980,3201,82.0,58.0,44.0
1784039948.142827,385.758,1980,3201,82.0,58.0,44.0
1784039948.152454,385.758,1980,3201,82.0,58.0,44.0
1784039948.162427,385.758,1980,3201,82.0,58.0,44.0
1784039948.172472,385.758,1980,3201,82.0,58.0,44.0
1784039948.182436,385.758,1980,3201,82.0,58.0,44.0
1784039948.192428,385.758,1980,3201,82.0,58.0,44.0
1784039948.202427,384.998,1980,3201,82.0,58.0,44.0
1784039948.212421,384.998,1980,3201,82.0,58.0,44.0
1784039948.222426,384.998,1980,3201,82.0,58.0,44.0
1784039948.232629,384.998,1980,3201,82.0,58.0,44.0
1784039948.242427,384.998,1980,3201,82.0,58.0,44.0
1784039948.252426,384.998,1980,3201,82.0,58.0,44.0
1784039948.262427,384.998,1980,3201,82.0,58.0,44.0
1784039948.272453,384.998,1980,3201,82.0,58.0,44.0
1784039948.282427,384.998,1980,3201,82.0,58.0,44.0
1784039948.292426,384.998,1980,3201,82.0,58.0,44.0
1784039948.302633,384.932,1980,3201,83.0,59.0,44.0
1784039948.312422,384.932,1980,3201,83.0,59.0,44.0
1784039948.322423,384.932,1980,3201,83.0,59.0,44.0
1784039948.332422,384.932,1980,3201,83.0,59.0,44.0
1784039948.342421,384.932,1980,3201,83.0,59.0,44.0
1784039948.352476,384.932,1980,3201,83.0,59.0,44.0
1784039948.362421,384.932,1980,3201,83.0,59.0,44.0
1784039948.372420,384.932,1980,3201,83.0,59.0,44.0
1784039948.382421,384.932,1980,3201,83.0,59.0,44.0
1784039948.392421,384.932,1980,3201,83.0,59.0,44.0
1784039948.402420,385.093,1980,3201,83.0,59.0,44.0
1784039948.412420,385.093,1980,3201,83.0,59.0,44.0
1784039948.422421,385.093,1980,3201,83.0,59.0,44.0
1784039948.432423,385.093,1980,3201,83.0,59.0,44.0
1784039948.442420,385.093,1980,3201,83.0,59.0,44.0
1784039948.452625,385.093,1980,3201,83.0,59.0,44.0
1784039948.462422,385.093,1980,3201,83.0,59.0,44.0
1784039948.472421,385.093,1980,3201,83.0,59.0,44.0
1784039948.482421,385.093,1980,3201,83.0,59.0,44.0
1784039948.492421,385.093,1980,3201,83.0,59.0,44.0
1784039948.502442,385.531,1980,3201,85.0,61.0,44.0
1784039948.512421,385.531,1980,3201,85.0,61.0,44.0
1784039948.522430,385.531,1980,3201,85.0,61.0,44.0
1784039948.532421,385.531,1980,3201,85.0,61.0,44.0
1784039948.542439,385.531,1980,3201,85.0,61.0,44.0
1784039948.552420,385.531,1980,3201,85.0,61.0,44.0
1784039948.562420,385.531,1980,3201,85.0,61.0,44.0
1784039948.572422,385.531,1980,3201,85.0,61.0,44.0
1784039948.582421,385.531,1980,3201,85.0,61.0,44.0
1784039948.592421,385.531,1980,3201,85.0,61.0,44.0
1784039948.602421,387.030,1980,3201,85.0,61.0,44.0
1784039948.612421,387.030,1980,3201,85.0,61.0,44.0
1784039948.622422,387.030,1980,3201,85.0,61.0,44.0
1784039948.632421,387.030,1980,3201,85.0,61.0,44.0
1784039948.642461,387.030,1980,3201,85.0,61.0,44.0
1784039948.652421,387.030,1980,3201,85.0,61.0,44.0
1784039948.662421,387.030,1980,3201,85.0,61.0,44.0
1784039948.672422,387.030,1980,3201,85.0,61.0,44.0
1784039948.682423,387.030,1980,3201,85.0,61.0,44.0
1784039948.692423,387.030,1980,3201,85.0,61.0,44.0
1784039948.702670,387.503,1980,3201,85.0,61.0,44.0
1784039948.712421,387.503,1980,3201,85.0,61.0,44.0
1784039948.722429,387.503,1980,3201,85.0,61.0,44.0
1784039948.732423,387.503,1980,3201,85.0,61.0,44.0
1784039948.742422,387.503,1980,3201,85.0,61.0,44.0
1784039948.752419,387.503,1980,3201,85.0,61.0,44.0
1784039948.762417,387.503,1980,3201,85.0,61.0,44.0
1784039948.772422,387.503,1980,3201,85.0,61.0,44.0
1784039948.782421,387.503,1980,3201,85.0,61.0,44.0
1784039948.792422,387.503,1980,3201,85.0,61.0,44.0
1784039948.802419,389.344,1980,3201,85.0,61.0,45.0
1784039948.812420,389.344,1980,3201,85.0,61.0,45.0
1784039948.822425,389.344,1980,3201,85.0,61.0,45.0
1784039948.832421,389.344,1980,3201,85.0,61.0,45.0
1784039948.842422,389.344,1980,3201,85.0,61.0,45.0
1784039948.852444,389.344,1980,3201,85.0,61.0,45.0
1784039948.862417,389.344,1980,3201,85.0,61.0,45.0
1784039948.872423,389.344,1980,3201,85.0,61.0,45.0
1784039948.882422,389.344,1980,3201,85.0,61.0,45.0
1784039948.892422,389.344,1980,3201,85.0,61.0,45.0
1784039948.902429,388.858,1980,3201,82.0,58.0,44.0
1784039948.912423,388.858,1980,3201,82.0,58.0,44.0
1784039948.922458,388.858,1980,3201,82.0,58.0,44.0
1784039948.932423,388.858,1980,3201,82.0,58.0,44.0
1784039948.942424,388.858,1980,3201,82.0,58.0,44.0
1784039948.952423,388.858,1980,3201,82.0,58.0,44.0
1784039948.962416,388.858,1980,3201,82.0,58.0,44.0
1784039948.972422,388.858,1980,3201,82.0,58.0,44.0
1784039948.982423,388.858,1980,3201,82.0,58.0,44.0
1784039948.992422,388.858,1980,3201,82.0,58.0,44.0
1784039949.002423,388.165,1980,3201,82.0,58.0,44.0
1784039949.012422,388.165,1980,3201,82.0,58.0,44.0
1784039949.022601,388.165,1980,3201,82.0,58.0,44.0
1784039949.032423,388.165,1980,3201,82.0,58.0,44.0
1784039949.042423,388.165,1980,3201,82.0,58.0,44.0
1784039949.052423,388.165,1980,3201,82.0,58.0,44.0
1784039949.062416,388.165,1980,3201,82.0,58.0,44.0
1784039949.072419,388.165,1980,3201,82.0,58.0,44.0
1784039949.082423,388.165,1980,3201,82.0,58.0,44.0
1784039949.092423,388.165,1980,3201,82.0,58.0,44.0
1784039949.102424,389.045,1980,3201,85.0,61.0,44.0
1784039949.112424,389.045,1980,3201,85.0,61.0,44.0
1784039949.122423,389.045,1980,3201,85.0,61.0,44.0
1784039949.132418,389.045,1980,3201,85.0,61.0,44.0
1784039949.142775,389.045,1980,3201,85.0,61.0,44.0
1784039949.152419,389.045,1980,3201,85.0,61.0,44.0
1784039949.162410,389.045,1980,3201,85.0,61.0,44.0
1784039949.172416,389.045,1980,3201,85.0,61.0,44.0
1784039949.182417,389.045,1980,3201,85.0,61.0,44.0
1784039949.192416,389.045,1980,3201,85.0,61.0,44.0
1784039949.202416,389.773,1980,3201,85.0,61.0,44.0
1784039949.212414,389.773,1980,3201,85.0,61.0,44.0
1784039949.222415,389.773,1980,3201,85.0,61.0,44.0
1784039949.232416,389.773,1980,3201,85.0,61.0,44.0
1784039949.242415,389.773,1980,3201,85.0,61.0,44.0
1784039949.252417,389.773,1980,3201,85.0,61.0,44.0
1784039949.262414,389.773,1980,3201,85.0,61.0,44.0
1784039949.272416,389.773,1980,3201,85.0,61.0,44.0
1784039949.282416,389.773,1980,3201,85.0,61.0,44.0
1784039949.292493,389.773,1980,3201,85.0,61.0,44.0
1784039949.302423,390.750,1980,3201,84.0,60.0,44.0
1784039949.312422,390.750,1980,3201,84.0,60.0,44.0
1784039949.322423,390.750,1980,3201,84.0,60.0,44.0
1784039949.332422,390.750,1980,3201,84.0,60.0,44.0
1784039949.342422,390.750,1980,3201,84.0,60.0,44.0
1784039949.352436,390.750,1980,3201,84.0,60.0,44.0
1784039949.362423,390.750,1980,3201,84.0,60.0,44.0
1784039949.372422,390.750,1980,3201,84.0,60.0,44.0
1784039949.382421,390.750,1980,3201,84.0,60.0,44.0
1784039949.392422,390.750,1980,3201,84.0,60.0,44.0
1784039949.402421,391.326,1980,3201,84.0,60.0,44.0
1784039949.412592,391.326,1980,3201,84.0,60.0,44.0
1784039949.422418,391.326,1980,3201,84.0,60.0,44.0
1784039949.432418,391.326,1980,3201,84.0,60.0,44.0
1784039949.442417,391.326,1980,3201,84.0,60.0,44.0
1784039949.452418,391.326,1980,3201,84.0,60.0,44.0
1784039949.462417,391.326,1980,3201,84.0,60.0,44.0
1784039949.472417,391.326,1980,3201,84.0,60.0,44.0
1784039949.482417,391.326,1980,3201,84.0,60.0,44.0
1784039949.492418,391.326,1980,3201,84.0,60.0,44.0
1784039949.502418,391.419,1980,3201,85.0,61.0,44.0
1784039949.512418,391.419,1980,3201,85.0,61.0,44.0
1784039949.522418,391.419,1980,3201,85.0,61.0,44.0
1784039949.532419,391.419,1980,3201,85.0,61.0,44.0
